patient_id	gene_id	gene_name	tcga_driver_tier	primary_candidate_route	mutation	absolute_copy_number	relative_cnv	amplification	homozygous_deletion	mutation_evidence_unit	cnv_expression_evidence_unit	distinct_event_unit_count_recomputed	source_evidence_unit_count	independence_group
TCGA-IC-A6RF	ENSG00000167548.16	KMT2D	strong_patient_level_candidate	mutation_recurrence_hotspot_or_multihit_lof	0	4	0	0	0	TRUE	FALSE	1	1	TCGA_ESCC_DR45_five_layer_core_94
TCGA-IG-A3I8	ENSG00000167548.16	KMT2D	strong_patient_level_candidate	mutation_recurrence_hotspot_or_multihit_lof	0	3	-0.362570079384708	0	0	TRUE	FALSE	1	1	TCGA_ESCC_DR45_five_layer_core_94
TCGA-IG-A3QL	ENSG00000167548.16	KMT2D	strong_patient_level_candidate	mutation_recurrence_hotspot_or_multihit_lof	0	2	-0.485426827170242	0	0	TRUE	FALSE	1	1	TCGA_ESCC_DR45_five_layer_core_94
TCGA-IG-A3Y9	ENSG00000167548.16	KMT2D	strong_patient_level_candidate	mutation_recurrence_hotspot_or_multihit_lof	0	4	0.362570079384708	0	0	TRUE	FALSE	1	1	TCGA_ESCC_DR45_five_layer_core_94
TCGA-IG-A3YA	ENSG00000167548.16	KMT2D	strong_patient_level_candidate	mutation_recurrence_hotspot_or_multihit_lof	0	3	0	0	0	TRUE	FALSE	1	1	TCGA_ESCC_DR45_five_layer_core_94
TCGA-IG-A3YB	ENSG00000167548.16	KMT2D	strong_patient_level_candidate	mutation_recurrence_hotspot_or_multihit_lof	0	2	-0.485426827170242	0	0	TRUE	FALSE	1	1	TCGA_ESCC_DR45_five_layer_core_94
TCGA-IG-A3YC	ENSG00000167548.16	KMT2D	strong_patient_level_candidate	mutation_recurrence_hotspot_or_multihit_lof	0	2	-0.485426827170242	0	0	TRUE	FALSE	1	1	TCGA_ESCC_DR45_five_layer_core_94
TCGA-IG-A4P3	ENSG00000167548.16	KMT2D	strong_patient_level_candidate	mutation_recurrence_hotspot_or_multihit_lof	0	4	0	0	0	TRUE	FALSE	1	1	TCGA_ESCC_DR45_five_layer_core_94
TCGA-IG-A4QT	ENSG00000167548.16	KMT2D	strong_patient_level_candidate	mutation_recurrence_hotspot_or_multihit_lof	0	2	0	0	0	TRUE	FALSE	1	1	TCGA_ESCC_DR45_five_layer_core_94
TCGA-IG-A50L	ENSG00000167548.16	KMT2D	strong_patient_level_candidate	mutation_recurrence_hotspot_or_multihit_lof	0	3	0	0	0	TRUE	FALSE	1	1	TCGA_ESCC_DR45_five_layer_core_94
TCGA-IG-A51D	ENSG00000167548.16	KMT2D	strong_patient_level_candidate	mutation_recurrence_hotspot_or_multihit_lof	0	3	0	0	0	TRUE	FALSE	1	1	TCGA_ESCC_DR45_five_layer_core_94
TCGA-IG-A5B8	ENSG00000167548.16	KMT2D	strong_patient_level_candidate	mutation_recurrence_hotspot_or_multihit_lof	0	1	-0.736965594166206	0	0	TRUE	FALSE	1	1	TCGA_ESCC_DR45_five_layer_core_94
TCGA-IG-A5S3	ENSG00000167548.16	KMT2D	strong_patient_level_candidate	mutation_recurrence_hotspot_or_multihit_lof	0	5	0	0	0	TRUE	FALSE	1	1	TCGA_ESCC_DR45_five_layer_core_94
TCGA-IG-A625	ENSG00000167548.16	KMT2D	strong_patient_level_candidate	mutation_recurrence_hotspot_or_multihit_lof	0	4	0	0	0	TRUE	FALSE	1	1	TCGA_ESCC_DR45_five_layer_core_94
TCGA-IG-A6QS	ENSG00000167548.16	KMT2D	strong_patient_level_candidate	mutation_recurrence_hotspot_or_multihit_lof	0	2	0	0	0	TRUE	FALSE	1	1	TCGA_ESCC_DR45_five_layer_core_94
TCGA-IG-A8O2	ENSG00000167548.16	KMT2D	strong_patient_level_candidate	mutation_recurrence_hotspot_or_multihit_lof	0	4	0.362570079384708	0	0	TRUE	FALSE	1	1	TCGA_ESCC_DR45_five_layer_core_94
TCGA-IG-A97H	ENSG00000167548.16	KMT2D	strong_patient_level_candidate	mutation_recurrence_hotspot_or_multihit_lof	0	1	-0.736965594166206	0	0	TRUE	FALSE	1	1	TCGA_ESCC_DR45_five_layer_core_94
TCGA-IG-A97I	ENSG00000167548.16	KMT2D	strong_patient_level_candidate	mutation_recurrence_hotspot_or_multihit_lof	0	2	0	0	0	TRUE	FALSE	1	1	TCGA_ESCC_DR45_five_layer_core_94
TCGA-JY-A6FA	ENSG00000167548.16	KMT2D	strong_patient_level_candidate	mutation_recurrence_hotspot_or_multihit_lof	0	2	0	0	0	TRUE	FALSE	1	1	TCGA_ESCC_DR45_five_layer_core_94
TCGA-JY-A6FD	ENSG00000167548.16	KMT2D	strong_patient_level_candidate	mutation_recurrence_hotspot_or_multihit_lof	1	2	0	0	0	TRUE	FALSE	1	1	TCGA_ESCC_DR45_five_layer_core_94
TCGA-JY-A6FE	ENSG00000167548.16	KMT2D	strong_patient_level_candidate	mutation_recurrence_hotspot_or_multihit_lof	0	2	0	0	0	TRUE	FALSE	1	1	TCGA_ESCC_DR45_five_layer_core_94
TCGA-JY-A6FG	ENSG00000167548.16	KMT2D	strong_patient_level_candidate	mutation_recurrence_hotspot_or_multihit_lof	0	2	0	0	0	TRUE	FALSE	1	1	TCGA_ESCC_DR45_five_layer_core_94
TCGA-JY-A93F	ENSG00000167548.16	KMT2D	strong_patient_level_candidate	mutation_recurrence_hotspot_or_multihit_lof	1	2	0	0	0	TRUE	FALSE	1	1	TCGA_ESCC_DR45_five_layer_core_94
TCGA-KH-A6WC	ENSG00000167548.16	KMT2D	strong_patient_level_candidate	mutation_recurrence_hotspot_or_multihit_lof	1	2	0	0	0	TRUE	FALSE	1	1	TCGA_ESCC_DR45_five_layer_core_94
TCGA-L5-A43H	ENSG00000167548.16	KMT2D	strong_patient_level_candidate	mutation_recurrence_hotspot_or_multihit_lof	0	3	0	0	0	TRUE	FALSE	1	1	TCGA_ESCC_DR45_five_layer_core_94
TCGA-L5-A43J	ENSG00000167548.16	KMT2D	strong_patient_level_candidate	mutation_recurrence_hotspot_or_multihit_lof	1	3	0	0	0	TRUE	FALSE	1	1	TCGA_ESCC_DR45_five_layer_core_94
TCGA-L5-A4OM	ENSG00000167548.16	KMT2D	strong_patient_level_candidate	mutation_recurrence_hotspot_or_multihit_lof	0	4	0.362570079384708	0	0	TRUE	FALSE	1	1	TCGA_ESCC_DR45_five_layer_core_94
TCGA-L5-A88S	ENSG00000167548.16	KMT2D	strong_patient_level_candidate	mutation_recurrence_hotspot_or_multihit_lof	0	1	-0.736965594166206	0	0	TRUE	FALSE	1	1	TCGA_ESCC_DR45_five_layer_core_94
TCGA-L5-A88W	ENSG00000167548.16	KMT2D	strong_patient_level_candidate	mutation_recurrence_hotspot_or_multihit_lof	1	2	0	0	0	TRUE	FALSE	1	1	TCGA_ESCC_DR45_five_layer_core_94
TCGA-L5-A88Z	ENSG00000167548.16	KMT2D	strong_patient_level_candidate	mutation_recurrence_hotspot_or_multihit_lof	0	2	0	0	0	TRUE	FALSE	1	1	TCGA_ESCC_DR45_five_layer_core_94
TCGA-L5-A8NK	ENSG00000167548.16	KMT2D	strong_patient_level_candidate	mutation_recurrence_hotspot_or_multihit_lof	0	3	0	0	0	TRUE	FALSE	1	1	TCGA_ESCC_DR45_five_layer_core_94
TCGA-L5-A8NQ	ENSG00000167548.16	KMT2D	strong_patient_level_candidate	mutation_recurrence_hotspot_or_multihit_lof	0	2	0.736965594166206	0	0	TRUE	FALSE	1	1	TCGA_ESCC_DR45_five_layer_core_94
TCGA-L7-A56G	ENSG00000167548.16	KMT2D	strong_patient_level_candidate	mutation_recurrence_hotspot_or_multihit_lof	0	3	0	0	0	TRUE	FALSE	1	1	TCGA_ESCC_DR45_five_layer_core_94
TCGA-LN-A49K	ENSG00000167548.16	KMT2D	strong_patient_level_candidate	mutation_recurrence_hotspot_or_multihit_lof	0	3	0	0	0	TRUE	FALSE	1	1	TCGA_ESCC_DR45_five_layer_core_94
TCGA-LN-A49L	ENSG00000167548.16	KMT2D	strong_patient_level_candidate	mutation_recurrence_hotspot_or_multihit_lof	0	3	0.426881373801257	0	0	TRUE	FALSE	1	1	TCGA_ESCC_DR45_five_layer_core_94
TCGA-LN-A49M	ENSG00000167548.16	KMT2D	strong_patient_level_candidate	mutation_recurrence_hotspot_or_multihit_lof	0	2	0	0	0	TRUE	FALSE	1	1	TCGA_ESCC_DR45_five_layer_core_94
TCGA-LN-A49N	ENSG00000167548.16	KMT2D	strong_patient_level_candidate	mutation_recurrence_hotspot_or_multihit_lof	0	2	0	0	0	TRUE	FALSE	1	1	TCGA_ESCC_DR45_five_layer_core_94
TCGA-LN-A49O	ENSG00000167548.16	KMT2D	strong_patient_level_candidate	mutation_recurrence_hotspot_or_multihit_lof	0	3	0	0	0	TRUE	FALSE	1	1	TCGA_ESCC_DR45_five_layer_core_94
TCGA-LN-A49P	ENSG00000167548.16	KMT2D	strong_patient_level_candidate	mutation_recurrence_hotspot_or_multihit_lof	0	2	0	0	0	TRUE	FALSE	1	1	TCGA_ESCC_DR45_five_layer_core_94
TCGA-LN-A49R	ENSG00000167548.16	KMT2D	strong_patient_level_candidate	mutation_recurrence_hotspot_or_multihit_lof	1	3	0	0	0	TRUE	FALSE	1	1	TCGA_ESCC_DR45_five_layer_core_94
TCGA-LN-A49S	ENSG00000167548.16	KMT2D	strong_patient_level_candidate	mutation_recurrence_hotspot_or_multihit_lof	1	3	0.485426827170242	0	0	TRUE	FALSE	1	1	TCGA_ESCC_DR45_five_layer_core_94
TCGA-LN-A49U	ENSG00000167548.16	KMT2D	strong_patient_level_candidate	mutation_recurrence_hotspot_or_multihit_lof	1	2	0	0	0	TRUE	FALSE	1	1	TCGA_ESCC_DR45_five_layer_core_94
TCGA-LN-A49W	ENSG00000167548.16	KMT2D	strong_patient_level_candidate	mutation_recurrence_hotspot_or_multihit_lof	0	3	0	0	0	TRUE	FALSE	1	1	TCGA_ESCC_DR45_five_layer_core_94
TCGA-LN-A49X	ENSG00000167548.16	KMT2D	strong_patient_level_candidate	mutation_recurrence_hotspot_or_multihit_lof	0	2	0	0	0	TRUE	FALSE	1	1	TCGA_ESCC_DR45_five_layer_core_94
TCGA-LN-A49Y	ENSG00000167548.16	KMT2D	strong_patient_level_candidate	mutation_recurrence_hotspot_or_multihit_lof	0	2	0	0	0	TRUE	FALSE	1	1	TCGA_ESCC_DR45_five_layer_core_94
TCGA-LN-A4A1	ENSG00000167548.16	KMT2D	strong_patient_level_candidate	mutation_recurrence_hotspot_or_multihit_lof	1	3	0	0	0	TRUE	FALSE	1	1	TCGA_ESCC_DR45_five_layer_core_94
TCGA-LN-A4A2	ENSG00000167548.16	KMT2D	strong_patient_level_candidate	mutation_recurrence_hotspot_or_multihit_lof	0	3	0	0	0	TRUE	FALSE	1	1	TCGA_ESCC_DR45_five_layer_core_94
TCGA-LN-A4A3	ENSG00000167548.16	KMT2D	strong_patient_level_candidate	mutation_recurrence_hotspot_or_multihit_lof	0	1	0	0	0	TRUE	FALSE	1	1	TCGA_ESCC_DR45_five_layer_core_94
TCGA-LN-A4A4	ENSG00000167548.16	KMT2D	strong_patient_level_candidate	mutation_recurrence_hotspot_or_multihit_lof	0	7	1.58496250072116	1	0	TRUE	FALSE	1	1	TCGA_ESCC_DR45_five_layer_core_94
TCGA-LN-A4A5	ENSG00000167548.16	KMT2D	strong_patient_level_candidate	mutation_recurrence_hotspot_or_multihit_lof	0	2	0	0	0	TRUE	FALSE	1	1	TCGA_ESCC_DR45_five_layer_core_94
TCGA-LN-A4A6	ENSG00000167548.16	KMT2D	strong_patient_level_candidate	mutation_recurrence_hotspot_or_multihit_lof	0	4	0.362570079384708	0	0	TRUE	FALSE	1	1	TCGA_ESCC_DR45_five_layer_core_94
TCGA-LN-A4A8	ENSG00000167548.16	KMT2D	strong_patient_level_candidate	mutation_recurrence_hotspot_or_multihit_lof	0	3	0.485426827170242	0	0	TRUE	FALSE	1	1	TCGA_ESCC_DR45_five_layer_core_94
TCGA-LN-A4A9	ENSG00000167548.16	KMT2D	strong_patient_level_candidate	mutation_recurrence_hotspot_or_multihit_lof	0	2	0	0	0	TRUE	FALSE	1	1	TCGA_ESCC_DR45_five_layer_core_94
TCGA-LN-A4MQ	ENSG00000167548.16	KMT2D	strong_patient_level_candidate	mutation_recurrence_hotspot_or_multihit_lof	0	3	0	0	0	TRUE	FALSE	1	1	TCGA_ESCC_DR45_five_layer_core_94
TCGA-LN-A4MR	ENSG00000167548.16	KMT2D	strong_patient_level_candidate	mutation_recurrence_hotspot_or_multihit_lof	0	2	-0.485426827170242	0	0	TRUE	FALSE	1	1	TCGA_ESCC_DR45_five_layer_core_94
TCGA-LN-A5U5	ENSG00000167548.16	KMT2D	strong_patient_level_candidate	mutation_recurrence_hotspot_or_multihit_lof	1	3	0.485426827170242	0	0	TRUE	FALSE	1	1	TCGA_ESCC_DR45_five_layer_core_94
TCGA-LN-A5U6	ENSG00000167548.16	KMT2D	strong_patient_level_candidate	mutation_recurrence_hotspot_or_multihit_lof	0	2	-0.485426827170242	0	0	TRUE	FALSE	1	1	TCGA_ESCC_DR45_five_layer_core_94
TCGA-LN-A5U7	ENSG00000167548.16	KMT2D	strong_patient_level_candidate	mutation_recurrence_hotspot_or_multihit_lof	0	3	0	0	0	TRUE	FALSE	1	1	TCGA_ESCC_DR45_five_layer_core_94
TCGA-LN-A7HV	ENSG00000167548.16	KMT2D	strong_patient_level_candidate	mutation_recurrence_hotspot_or_multihit_lof	0	2	0	0	0	TRUE	FALSE	1	1	TCGA_ESCC_DR45_five_layer_core_94
TCGA-LN-A7HW	ENSG00000167548.16	KMT2D	strong_patient_level_candidate	mutation_recurrence_hotspot_or_multihit_lof	0	2	-0.485426827170242	0	0	TRUE	FALSE	1	1	TCGA_ESCC_DR45_five_layer_core_94
TCGA-LN-A7HX	ENSG00000167548.16	KMT2D	strong_patient_level_candidate	mutation_recurrence_hotspot_or_multihit_lof	0	4	0	0	0	TRUE	FALSE	1	1	TCGA_ESCC_DR45_five_layer_core_94
TCGA-LN-A7HY	ENSG00000167548.16	KMT2D	strong_patient_level_candidate	mutation_recurrence_hotspot_or_multihit_lof	0	3	0	0	0	TRUE	FALSE	1	1	TCGA_ESCC_DR45_five_layer_core_94
TCGA-LN-A7HZ	ENSG00000167548.16	KMT2D	strong_patient_level_candidate	mutation_recurrence_hotspot_or_multihit_lof	1	3	0	0	0	TRUE	FALSE	1	1	TCGA_ESCC_DR45_five_layer_core_94
TCGA-LN-A8HZ	ENSG00000167548.16	KMT2D	strong_patient_level_candidate	mutation_recurrence_hotspot_or_multihit_lof	1	5	0.289506617194985	0	0	TRUE	FALSE	1	1	TCGA_ESCC_DR45_five_layer_core_94
TCGA-LN-A8I0	ENSG00000167548.16	KMT2D	strong_patient_level_candidate	mutation_recurrence_hotspot_or_multihit_lof	0	2	0	0	0	TRUE	FALSE	1	1	TCGA_ESCC_DR45_five_layer_core_94
TCGA-LN-A8I1	ENSG00000167548.16	KMT2D	strong_patient_level_candidate	mutation_recurrence_hotspot_or_multihit_lof	1	4	0.362570079384708	0	0	TRUE	FALSE	1	1	TCGA_ESCC_DR45_five_layer_core_94
TCGA-LN-A9FO	ENSG00000167548.16	KMT2D	strong_patient_level_candidate	mutation_recurrence_hotspot_or_multihit_lof	0	4	0.362570079384708	0	0	TRUE	FALSE	1	1	TCGA_ESCC_DR45_five_layer_core_94
TCGA-LN-A9FP	ENSG00000167548.16	KMT2D	strong_patient_level_candidate	mutation_recurrence_hotspot_or_multihit_lof	0	2	0	0	0	TRUE	FALSE	1	1	TCGA_ESCC_DR45_five_layer_core_94
TCGA-LN-A9FQ	ENSG00000167548.16	KMT2D	strong_patient_level_candidate	mutation_recurrence_hotspot_or_multihit_lof	0	2	-0.485426827170242	0	0	TRUE	FALSE	1	1	TCGA_ESCC_DR45_five_layer_core_94
TCGA-LN-A9FR	ENSG00000167548.16	KMT2D	strong_patient_level_candidate	mutation_recurrence_hotspot_or_multihit_lof	0	3	0	0	0	TRUE	FALSE	1	1	TCGA_ESCC_DR45_five_layer_core_94
TCGA-Q9-A6FU	ENSG00000167548.16	KMT2D	strong_patient_level_candidate	mutation_recurrence_hotspot_or_multihit_lof	0	2	0	0	0	TRUE	FALSE	1	1	TCGA_ESCC_DR45_five_layer_core_94
TCGA-S8-A6BW	ENSG00000167548.16	KMT2D	strong_patient_level_candidate	mutation_recurrence_hotspot_or_multihit_lof	0	3	0	0	0	TRUE	FALSE	1	1	TCGA_ESCC_DR45_five_layer_core_94
TCGA-V5-A7RC	ENSG00000167548.16	KMT2D	strong_patient_level_candidate	mutation_recurrence_hotspot_or_multihit_lof	0	3	-0.362570079384708	0	0	TRUE	FALSE	1	1	TCGA_ESCC_DR45_five_layer_core_94
TCGA-V5-AASV	ENSG00000167548.16	KMT2D	strong_patient_level_candidate	mutation_recurrence_hotspot_or_multihit_lof	1	2	0	0	0	TRUE	FALSE	1	1	TCGA_ESCC_DR45_five_layer_core_94
TCGA-VR-A8EO	ENSG00000167548.16	KMT2D	strong_patient_level_candidate	mutation_recurrence_hotspot_or_multihit_lof	0	4	0	0	0	TRUE	FALSE	1	1	TCGA_ESCC_DR45_five_layer_core_94
TCGA-VR-A8EP	ENSG00000167548.16	KMT2D	strong_patient_level_candidate	mutation_recurrence_hotspot_or_multihit_lof	0	2	0	0	0	TRUE	FALSE	1	1	TCGA_ESCC_DR45_five_layer_core_94
TCGA-VR-A8ER	ENSG00000167548.16	KMT2D	strong_patient_level_candidate	mutation_recurrence_hotspot_or_multihit_lof	0	2	0	0	0	TRUE	FALSE	1	1	TCGA_ESCC_DR45_five_layer_core_94
TCGA-VR-A8ET	ENSG00000167548.16	KMT2D	strong_patient_level_candidate	mutation_recurrence_hotspot_or_multihit_lof	0	2	0	0	0	TRUE	FALSE	1	1	TCGA_ESCC_DR45_five_layer_core_94
TCGA-VR-A8EU	ENSG00000167548.16	KMT2D	strong_patient_level_candidate	mutation_recurrence_hotspot_or_multihit_lof	1	3	0	0	0	TRUE	FALSE	1	1	TCGA_ESCC_DR45_five_layer_core_94
TCGA-VR-A8EW	ENSG00000167548.16	KMT2D	strong_patient_level_candidate	mutation_recurrence_hotspot_or_multihit_lof	0	3	0	0	0	TRUE	FALSE	1	1	TCGA_ESCC_DR45_five_layer_core_94
TCGA-VR-A8EX	ENSG00000167548.16	KMT2D	strong_patient_level_candidate	mutation_recurrence_hotspot_or_multihit_lof	0	4	0.0692668696584539	0	0	TRUE	FALSE	1	1	TCGA_ESCC_DR45_five_layer_core_94
TCGA-VR-A8EY	ENSG00000167548.16	KMT2D	strong_patient_level_candidate	mutation_recurrence_hotspot_or_multihit_lof	0	2	0	0	0	TRUE	FALSE	1	1	TCGA_ESCC_DR45_five_layer_core_94
TCGA-VR-A8EZ	ENSG00000167548.16	KMT2D	strong_patient_level_candidate	mutation_recurrence_hotspot_or_multihit_lof	0	4	0.362570079384708	0	0	TRUE	FALSE	1	1	TCGA_ESCC_DR45_five_layer_core_94
TCGA-VR-A8Q7	ENSG00000167548.16	KMT2D	strong_patient_level_candidate	mutation_recurrence_hotspot_or_multihit_lof	0	4	0	0	0	TRUE	FALSE	1	1	TCGA_ESCC_DR45_five_layer_core_94
TCGA-VR-AA4G	ENSG00000167548.16	KMT2D	strong_patient_level_candidate	mutation_recurrence_hotspot_or_multihit_lof	0	2	0	0	0	TRUE	FALSE	1	1	TCGA_ESCC_DR45_five_layer_core_94
TCGA-VR-AA7B	ENSG00000167548.16	KMT2D	strong_patient_level_candidate	mutation_recurrence_hotspot_or_multihit_lof	0	3	0	0	0	TRUE	FALSE	1	1	TCGA_ESCC_DR45_five_layer_core_94
TCGA-VR-AA7D	ENSG00000167548.16	KMT2D	strong_patient_level_candidate	mutation_recurrence_hotspot_or_multihit_lof	0	2	0	0	0	TRUE	FALSE	1	1	TCGA_ESCC_DR45_five_layer_core_94
TCGA-VR-AA7I	ENSG00000167548.16	KMT2D	strong_patient_level_candidate	mutation_recurrence_hotspot_or_multihit_lof	0	3	0	0	0	TRUE	FALSE	1	1	TCGA_ESCC_DR45_five_layer_core_94
TCGA-XP-A8T6	ENSG00000167548.16	KMT2D	strong_patient_level_candidate	mutation_recurrence_hotspot_or_multihit_lof	0	3	0	0	0	TRUE	FALSE	1	1	TCGA_ESCC_DR45_five_layer_core_94
TCGA-XP-A8T8	ENSG00000167548.16	KMT2D	strong_patient_level_candidate	mutation_recurrence_hotspot_or_multihit_lof	0	2	-0.485426827170242	0	0	TRUE	FALSE	1	1	TCGA_ESCC_DR45_five_layer_core_94
TCGA-Z6-A8JD	ENSG00000167548.16	KMT2D	strong_patient_level_candidate	mutation_recurrence_hotspot_or_multihit_lof	0	2	0	0	0	TRUE	FALSE	1	1	TCGA_ESCC_DR45_five_layer_core_94
TCGA-Z6-A8JE	ENSG00000167548.16	KMT2D	strong_patient_level_candidate	mutation_recurrence_hotspot_or_multihit_lof	0	3	0.485426827170242	0	0	TRUE	FALSE	1	1	TCGA_ESCC_DR45_five_layer_core_94
TCGA-Z6-A9VB	ENSG00000167548.16	KMT2D	strong_patient_level_candidate	mutation_recurrence_hotspot_or_multihit_lof	0	1	-0.736965594166206	0	0	TRUE	FALSE	1	1	TCGA_ESCC_DR45_five_layer_core_94
TCGA-Z6-AAPN	ENSG00000167548.16	KMT2D	strong_patient_level_candidate	mutation_recurrence_hotspot_or_multihit_lof	1	3	0	0	0	TRUE	FALSE	1	1	TCGA_ESCC_DR45_five_layer_core_94
TCGA-IC-A6RF	ENSG00000148400.12	NOTCH1	strong_patient_level_candidate	mutation_recurrence_hotspot_or_multihit_lof	0	4	0	0	0	TRUE	FALSE	1	1	TCGA_ESCC_DR45_five_layer_core_94
TCGA-IG-A3I8	ENSG00000148400.12	NOTCH1	strong_patient_level_candidate	mutation_recurrence_hotspot_or_multihit_lof	0	4	0	0	0	TRUE	FALSE	1	1	TCGA_ESCC_DR45_five_layer_core_94
TCGA-IG-A3QL	ENSG00000148400.12	NOTCH1	strong_patient_level_candidate	mutation_recurrence_hotspot_or_multihit_lof	0	3	0	0	0	TRUE	FALSE	1	1	TCGA_ESCC_DR45_five_layer_core_94
TCGA-IG-A3Y9	ENSG00000148400.12	NOTCH1	strong_patient_level_candidate	mutation_recurrence_hotspot_or_multihit_lof	1	1	-1.22239242133645	0	0	TRUE	FALSE	1	1	TCGA_ESCC_DR45_five_layer_core_94
TCGA-IG-A3YA	ENSG00000148400.12	NOTCH1	strong_patient_level_candidate	mutation_recurrence_hotspot_or_multihit_lof	0	2	-0.485426827170242	0	0	TRUE	FALSE	1	1	TCGA_ESCC_DR45_five_layer_core_94
TCGA-IG-A3YB	ENSG00000148400.12	NOTCH1	strong_patient_level_candidate	mutation_recurrence_hotspot_or_multihit_lof	0	3	0	0	0	TRUE	FALSE	1	1	TCGA_ESCC_DR45_five_layer_core_94
TCGA-IG-A3YC	ENSG00000148400.12	NOTCH1	strong_patient_level_candidate	mutation_recurrence_hotspot_or_multihit_lof	0	2	-0.485426827170242	0	0	TRUE	FALSE	1	1	TCGA_ESCC_DR45_five_layer_core_94
TCGA-IG-A4P3	ENSG00000148400.12	NOTCH1	strong_patient_level_candidate	mutation_recurrence_hotspot_or_multihit_lof	0	3	-0.362570079384708	0	0	TRUE	FALSE	1	1	TCGA_ESCC_DR45_five_layer_core_94
TCGA-IG-A4QT	ENSG00000148400.12	NOTCH1	strong_patient_level_candidate	mutation_recurrence_hotspot_or_multihit_lof	0	2	0	0	0	TRUE	FALSE	1	1	TCGA_ESCC_DR45_five_layer_core_94
TCGA-IG-A50L	ENSG00000148400.12	NOTCH1	strong_patient_level_candidate	mutation_recurrence_hotspot_or_multihit_lof	1	5	0.652076696579693	0	0	TRUE	FALSE	1	1	TCGA_ESCC_DR45_five_layer_core_94
TCGA-IG-A51D	ENSG00000148400.12	NOTCH1	strong_patient_level_candidate	mutation_recurrence_hotspot_or_multihit_lof	0	3	0	0	0	TRUE	FALSE	1	1	TCGA_ESCC_DR45_five_layer_core_94
TCGA-IG-A5B8	ENSG00000148400.12	NOTCH1	strong_patient_level_candidate	mutation_recurrence_hotspot_or_multihit_lof	0	1	-0.736965594166206	0	0	TRUE	FALSE	1	1	TCGA_ESCC_DR45_five_layer_core_94
TCGA-IG-A5S3	ENSG00000148400.12	NOTCH1	strong_patient_level_candidate	mutation_recurrence_hotspot_or_multihit_lof	1	4	-0.289506617194985	0	0	TRUE	FALSE	1	1	TCGA_ESCC_DR45_five_layer_core_94
TCGA-IG-A625	ENSG00000148400.12	NOTCH1	strong_patient_level_candidate	mutation_recurrence_hotspot_or_multihit_lof	0	6	0.53051471669878	0	0	TRUE	FALSE	1	1	TCGA_ESCC_DR45_five_layer_core_94
TCGA-IG-A6QS	ENSG00000148400.12	NOTCH1	strong_patient_level_candidate	mutation_recurrence_hotspot_or_multihit_lof	0	4	0.84799690655495	1	0	TRUE	FALSE	1	1	TCGA_ESCC_DR45_five_layer_core_94
TCGA-IG-A8O2	ENSG00000148400.12	NOTCH1	strong_patient_level_candidate	mutation_recurrence_hotspot_or_multihit_lof	0	2	-0.485426827170242	0	0	TRUE	FALSE	1	1	TCGA_ESCC_DR45_five_layer_core_94
TCGA-IG-A97H	ENSG00000148400.12	NOTCH1	strong_patient_level_candidate	mutation_recurrence_hotspot_or_multihit_lof	0	2	0	0	0	TRUE	FALSE	1	1	TCGA_ESCC_DR45_five_layer_core_94
TCGA-IG-A97I	ENSG00000148400.12	NOTCH1	strong_patient_level_candidate	mutation_recurrence_hotspot_or_multihit_lof	0	2	0	0	0	TRUE	FALSE	1	1	TCGA_ESCC_DR45_five_layer_core_94
TCGA-JY-A6FA	ENSG00000148400.12	NOTCH1	strong_patient_level_candidate	mutation_recurrence_hotspot_or_multihit_lof	0	2	0	0	0	TRUE	FALSE	1	1	TCGA_ESCC_DR45_five_layer_core_94
TCGA-JY-A6FD	ENSG00000148400.12	NOTCH1	strong_patient_level_candidate	mutation_recurrence_hotspot_or_multihit_lof	0	2	0	0	0	TRUE	FALSE	1	1	TCGA_ESCC_DR45_five_layer_core_94
TCGA-JY-A6FE	ENSG00000148400.12	NOTCH1	strong_patient_level_candidate	mutation_recurrence_hotspot_or_multihit_lof	0	4	0.84799690655495	1	0	TRUE	FALSE	1	1	TCGA_ESCC_DR45_five_layer_core_94
TCGA-JY-A6FG	ENSG00000148400.12	NOTCH1	strong_patient_level_candidate	mutation_recurrence_hotspot_or_multihit_lof	0	2	0	0	0	TRUE	FALSE	1	1	TCGA_ESCC_DR45_five_layer_core_94
TCGA-JY-A93F	ENSG00000148400.12	NOTCH1	strong_patient_level_candidate	mutation_recurrence_hotspot_or_multihit_lof	0	2	0	0	0	TRUE	FALSE	1	1	TCGA_ESCC_DR45_five_layer_core_94
TCGA-KH-A6WC	ENSG00000148400.12	NOTCH1	strong_patient_level_candidate	mutation_recurrence_hotspot_or_multihit_lof	1	2	0	0	0	TRUE	FALSE	1	1	TCGA_ESCC_DR45_five_layer_core_94
TCGA-L5-A43H	ENSG00000148400.12	NOTCH1	strong_patient_level_candidate	mutation_recurrence_hotspot_or_multihit_lof	0	4	0.362570079384708	0	0	TRUE	FALSE	1	1	TCGA_ESCC_DR45_five_layer_core_94
TCGA-L5-A43J	ENSG00000148400.12	NOTCH1	strong_patient_level_candidate	mutation_recurrence_hotspot_or_multihit_lof	1	4	0.362570079384708	0	0	TRUE	FALSE	1	1	TCGA_ESCC_DR45_five_layer_core_94
TCGA-L5-A4OM	ENSG00000148400.12	NOTCH1	strong_patient_level_candidate	mutation_recurrence_hotspot_or_multihit_lof	0	2	-0.485426827170242	0	0	TRUE	FALSE	1	1	TCGA_ESCC_DR45_five_layer_core_94
TCGA-L5-A88S	ENSG00000148400.12	NOTCH1	strong_patient_level_candidate	mutation_recurrence_hotspot_or_multihit_lof	0	1	-0.736965594166206	0	0	TRUE	FALSE	1	1	TCGA_ESCC_DR45_five_layer_core_94
TCGA-L5-A88W	ENSG00000148400.12	NOTCH1	strong_patient_level_candidate	mutation_recurrence_hotspot_or_multihit_lof	0	2	0	0	0	TRUE	FALSE	1	1	TCGA_ESCC_DR45_five_layer_core_94
TCGA-L5-A88Z	ENSG00000148400.12	NOTCH1	strong_patient_level_candidate	mutation_recurrence_hotspot_or_multihit_lof	0	2	0	0	0	TRUE	FALSE	1	1	TCGA_ESCC_DR45_five_layer_core_94
TCGA-L5-A8NK	ENSG00000148400.12	NOTCH1	strong_patient_level_candidate	mutation_recurrence_hotspot_or_multihit_lof	0	3	0	0	0	TRUE	FALSE	1	1	TCGA_ESCC_DR45_five_layer_core_94
TCGA-L5-A8NQ	ENSG00000148400.12	NOTCH1	strong_patient_level_candidate	mutation_recurrence_hotspot_or_multihit_lof	0	1	0	0	0	TRUE	FALSE	1	1	TCGA_ESCC_DR45_five_layer_core_94
TCGA-L7-A56G	ENSG00000148400.12	NOTCH1	strong_patient_level_candidate	mutation_recurrence_hotspot_or_multihit_lof	1	2	-0.485426827170242	0	0	TRUE	FALSE	1	1	TCGA_ESCC_DR45_five_layer_core_94
TCGA-LN-A49K	ENSG00000148400.12	NOTCH1	strong_patient_level_candidate	mutation_recurrence_hotspot_or_multihit_lof	0	4	0.362570079384708	0	0	TRUE	FALSE	1	1	TCGA_ESCC_DR45_five_layer_core_94
TCGA-LN-A49L	ENSG00000148400.12	NOTCH1	strong_patient_level_candidate	mutation_recurrence_hotspot_or_multihit_lof	0	2	-0.0585454533689845	0	0	TRUE	FALSE	1	1	TCGA_ESCC_DR45_five_layer_core_94
TCGA-LN-A49M	ENSG00000148400.12	NOTCH1	strong_patient_level_candidate	mutation_recurrence_hotspot_or_multihit_lof	0	1	-0.736965594166206	0	0	TRUE	FALSE	1	1	TCGA_ESCC_DR45_five_layer_core_94
TCGA-LN-A49N	ENSG00000148400.12	NOTCH1	strong_patient_level_candidate	mutation_recurrence_hotspot_or_multihit_lof	1	3	0.485426827170242	0	0	TRUE	FALSE	1	1	TCGA_ESCC_DR45_five_layer_core_94
TCGA-LN-A49O	ENSG00000148400.12	NOTCH1	strong_patient_level_candidate	mutation_recurrence_hotspot_or_multihit_lof	0	7	1.09953567355091	1	0	TRUE	FALSE	1	1	TCGA_ESCC_DR45_five_layer_core_94
TCGA-LN-A49P	ENSG00000148400.12	NOTCH1	strong_patient_level_candidate	mutation_recurrence_hotspot_or_multihit_lof	0	3	0.485426827170242	0	0	TRUE	FALSE	1	1	TCGA_ESCC_DR45_five_layer_core_94
TCGA-LN-A49R	ENSG00000148400.12	NOTCH1	strong_patient_level_candidate	mutation_recurrence_hotspot_or_multihit_lof	0	4	0.362570079384708	0	0	TRUE	FALSE	1	1	TCGA_ESCC_DR45_five_layer_core_94
TCGA-LN-A49S	ENSG00000148400.12	NOTCH1	strong_patient_level_candidate	mutation_recurrence_hotspot_or_multihit_lof	0	1	-0.736965594166206	0	0	TRUE	FALSE	1	1	TCGA_ESCC_DR45_five_layer_core_94
TCGA-LN-A49U	ENSG00000148400.12	NOTCH1	strong_patient_level_candidate	mutation_recurrence_hotspot_or_multihit_lof	0	2	0	0	0	TRUE	FALSE	1	1	TCGA_ESCC_DR45_five_layer_core_94
TCGA-LN-A49W	ENSG00000148400.12	NOTCH1	strong_patient_level_candidate	mutation_recurrence_hotspot_or_multihit_lof	0	3	0	0	0	TRUE	FALSE	1	1	TCGA_ESCC_DR45_five_layer_core_94
TCGA-LN-A49X	ENSG00000148400.12	NOTCH1	strong_patient_level_candidate	mutation_recurrence_hotspot_or_multihit_lof	0	2	0	0	0	TRUE	FALSE	1	1	TCGA_ESCC_DR45_five_layer_core_94
TCGA-LN-A49Y	ENSG00000148400.12	NOTCH1	strong_patient_level_candidate	mutation_recurrence_hotspot_or_multihit_lof	0	1	-0.736965594166206	0	0	TRUE	FALSE	1	1	TCGA_ESCC_DR45_five_layer_core_94
TCGA-LN-A4A1	ENSG00000148400.12	NOTCH1	strong_patient_level_candidate	mutation_recurrence_hotspot_or_multihit_lof	1	2	-0.485426827170242	0	0	TRUE	FALSE	1	1	TCGA_ESCC_DR45_five_layer_core_94
TCGA-LN-A4A2	ENSG00000148400.12	NOTCH1	strong_patient_level_candidate	mutation_recurrence_hotspot_or_multihit_lof	0	3	0	0	0	TRUE	FALSE	1	1	TCGA_ESCC_DR45_five_layer_core_94
TCGA-LN-A4A3	ENSG00000148400.12	NOTCH1	strong_patient_level_candidate	mutation_recurrence_hotspot_or_multihit_lof	0	1	0	0	0	TRUE	FALSE	1	1	TCGA_ESCC_DR45_five_layer_core_94
TCGA-LN-A4A4	ENSG00000148400.12	NOTCH1	strong_patient_level_candidate	mutation_recurrence_hotspot_or_multihit_lof	0	3	0.485426827170242	0	0	TRUE	FALSE	1	1	TCGA_ESCC_DR45_five_layer_core_94
TCGA-LN-A4A5	ENSG00000148400.12	NOTCH1	strong_patient_level_candidate	mutation_recurrence_hotspot_or_multihit_lof	0	1	-0.736965594166206	0	0	TRUE	FALSE	1	1	TCGA_ESCC_DR45_five_layer_core_94
TCGA-LN-A4A6	ENSG00000148400.12	NOTCH1	strong_patient_level_candidate	mutation_recurrence_hotspot_or_multihit_lof	0	2	-0.485426827170242	0	0	TRUE	FALSE	1	1	TCGA_ESCC_DR45_five_layer_core_94
TCGA-LN-A4A8	ENSG00000148400.12	NOTCH1	strong_patient_level_candidate	mutation_recurrence_hotspot_or_multihit_lof	0	2	0	0	0	TRUE	FALSE	1	1	TCGA_ESCC_DR45_five_layer_core_94
TCGA-LN-A4A9	ENSG00000148400.12	NOTCH1	strong_patient_level_candidate	mutation_recurrence_hotspot_or_multihit_lof	0	3	0.485426827170242	0	0	TRUE	FALSE	1	1	TCGA_ESCC_DR45_five_layer_core_94
TCGA-LN-A4MQ	ENSG00000148400.12	NOTCH1	strong_patient_level_candidate	mutation_recurrence_hotspot_or_multihit_lof	0	3	0	0	0	TRUE	FALSE	1	1	TCGA_ESCC_DR45_five_layer_core_94
TCGA-LN-A4MR	ENSG00000148400.12	NOTCH1	strong_patient_level_candidate	mutation_recurrence_hotspot_or_multihit_lof	0	3	0	0	0	TRUE	FALSE	1	1	TCGA_ESCC_DR45_five_layer_core_94
TCGA-LN-A5U5	ENSG00000148400.12	NOTCH1	strong_patient_level_candidate	mutation_recurrence_hotspot_or_multihit_lof	0	3	0.485426827170242	0	0	TRUE	FALSE	1	1	TCGA_ESCC_DR45_five_layer_core_94
TCGA-LN-A5U6	ENSG00000148400.12	NOTCH1	strong_patient_level_candidate	mutation_recurrence_hotspot_or_multihit_lof	1	3	0	0	0	TRUE	FALSE	1	1	TCGA_ESCC_DR45_five_layer_core_94
TCGA-LN-A5U7	ENSG00000148400.12	NOTCH1	strong_patient_level_candidate	mutation_recurrence_hotspot_or_multihit_lof	0	3	0	0	0	TRUE	FALSE	1	1	TCGA_ESCC_DR45_five_layer_core_94
TCGA-LN-A7HV	ENSG00000148400.12	NOTCH1	strong_patient_level_candidate	mutation_recurrence_hotspot_or_multihit_lof	0	2	0	0	0	TRUE	FALSE	1	1	TCGA_ESCC_DR45_five_layer_core_94
TCGA-LN-A7HW	ENSG00000148400.12	NOTCH1	strong_patient_level_candidate	mutation_recurrence_hotspot_or_multihit_lof	0	4	0.362570079384708	0	0	TRUE	FALSE	1	1	TCGA_ESCC_DR45_five_layer_core_94
TCGA-LN-A7HX	ENSG00000148400.12	NOTCH1	strong_patient_level_candidate	mutation_recurrence_hotspot_or_multihit_lof	0	3	-0.362570079384708	0	0	TRUE	FALSE	1	1	TCGA_ESCC_DR45_five_layer_core_94
TCGA-LN-A7HY	ENSG00000148400.12	NOTCH1	strong_patient_level_candidate	mutation_recurrence_hotspot_or_multihit_lof	0	3	0	0	0	TRUE	FALSE	1	1	TCGA_ESCC_DR45_five_layer_core_94
TCGA-LN-A7HZ	ENSG00000148400.12	NOTCH1	strong_patient_level_candidate	mutation_recurrence_hotspot_or_multihit_lof	0	5	0.652076696579693	0	0	TRUE	FALSE	1	1	TCGA_ESCC_DR45_five_layer_core_94
TCGA-LN-A8HZ	ENSG00000148400.12	NOTCH1	strong_patient_level_candidate	mutation_recurrence_hotspot_or_multihit_lof	0	3	-0.362570079384708	0	0	TRUE	FALSE	1	1	TCGA_ESCC_DR45_five_layer_core_94
TCGA-LN-A8I0	ENSG00000148400.12	NOTCH1	strong_patient_level_candidate	mutation_recurrence_hotspot_or_multihit_lof	0	3	0.485426827170242	0	0	TRUE	FALSE	1	1	TCGA_ESCC_DR45_five_layer_core_94
TCGA-LN-A8I1	ENSG00000148400.12	NOTCH1	strong_patient_level_candidate	mutation_recurrence_hotspot_or_multihit_lof	0	2	-0.485426827170242	0	0	TRUE	FALSE	1	1	TCGA_ESCC_DR45_five_layer_core_94
TCGA-LN-A9FO	ENSG00000148400.12	NOTCH1	strong_patient_level_candidate	mutation_recurrence_hotspot_or_multihit_lof	0	2	-0.485426827170242	0	0	TRUE	FALSE	1	1	TCGA_ESCC_DR45_five_layer_core_94
TCGA-LN-A9FP	ENSG00000148400.12	NOTCH1	strong_patient_level_candidate	mutation_recurrence_hotspot_or_multihit_lof	0	2	0	0	0	TRUE	FALSE	1	1	TCGA_ESCC_DR45_five_layer_core_94
TCGA-LN-A9FQ	ENSG00000148400.12	NOTCH1	strong_patient_level_candidate	mutation_recurrence_hotspot_or_multihit_lof	0	3	0	0	0	TRUE	FALSE	1	1	TCGA_ESCC_DR45_five_layer_core_94
TCGA-LN-A9FR	ENSG00000148400.12	NOTCH1	strong_patient_level_candidate	mutation_recurrence_hotspot_or_multihit_lof	1	3	0	0	0	TRUE	FALSE	1	1	TCGA_ESCC_DR45_five_layer_core_94
TCGA-Q9-A6FU	ENSG00000148400.12	NOTCH1	strong_patient_level_candidate	mutation_recurrence_hotspot_or_multihit_lof	0	2	0	0	0	TRUE	FALSE	1	1	TCGA_ESCC_DR45_five_layer_core_94
TCGA-S8-A6BW	ENSG00000148400.12	NOTCH1	strong_patient_level_candidate	mutation_recurrence_hotspot_or_multihit_lof	0	4	0.362570079384708	0	0	TRUE	FALSE	1	1	TCGA_ESCC_DR45_five_layer_core_94
TCGA-V5-A7RC	ENSG00000148400.12	NOTCH1	strong_patient_level_candidate	mutation_recurrence_hotspot_or_multihit_lof	0	3	-0.362570079384708	0	0	TRUE	FALSE	1	1	TCGA_ESCC_DR45_five_layer_core_94
TCGA-V5-AASV	ENSG00000148400.12	NOTCH1	strong_patient_level_candidate	mutation_recurrence_hotspot_or_multihit_lof	1	2	0	0	0	TRUE	FALSE	1	1	TCGA_ESCC_DR45_five_layer_core_94
TCGA-VR-A8EO	ENSG00000148400.12	NOTCH1	strong_patient_level_candidate	mutation_recurrence_hotspot_or_multihit_lof	0	3	-0.362570079384708	0	0	TRUE	FALSE	1	1	TCGA_ESCC_DR45_five_layer_core_94
TCGA-VR-A8EP	ENSG00000148400.12	NOTCH1	strong_patient_level_candidate	mutation_recurrence_hotspot_or_multihit_lof	0	1	-0.736965594166206	0	0	TRUE	FALSE	1	1	TCGA_ESCC_DR45_five_layer_core_94
TCGA-VR-A8ER	ENSG00000148400.12	NOTCH1	strong_patient_level_candidate	mutation_recurrence_hotspot_or_multihit_lof	0	3	0.485426827170242	0	0	TRUE	FALSE	1	1	TCGA_ESCC_DR45_five_layer_core_94
TCGA-VR-A8ET	ENSG00000148400.12	NOTCH1	strong_patient_level_candidate	mutation_recurrence_hotspot_or_multihit_lof	0	2	0	0	0	TRUE	FALSE	1	1	TCGA_ESCC_DR45_five_layer_core_94
TCGA-VR-A8EU	ENSG00000148400.12	NOTCH1	strong_patient_level_candidate	mutation_recurrence_hotspot_or_multihit_lof	0	3	0	0	0	TRUE	FALSE	1	1	TCGA_ESCC_DR45_five_layer_core_94
TCGA-VR-A8EW	ENSG00000148400.12	NOTCH1	strong_patient_level_candidate	mutation_recurrence_hotspot_or_multihit_lof	0	3	0	0	0	TRUE	FALSE	1	1	TCGA_ESCC_DR45_five_layer_core_94
TCGA-VR-A8EX	ENSG00000148400.12	NOTCH1	strong_patient_level_candidate	mutation_recurrence_hotspot_or_multihit_lof	0	2	-0.778730036896496	0	0	TRUE	FALSE	1	1	TCGA_ESCC_DR45_five_layer_core_94
TCGA-VR-A8EY	ENSG00000148400.12	NOTCH1	strong_patient_level_candidate	mutation_recurrence_hotspot_or_multihit_lof	1	4	0.84799690655495	1	0	TRUE	FALSE	1	1	TCGA_ESCC_DR45_five_layer_core_94
TCGA-VR-A8EZ	ENSG00000148400.12	NOTCH1	strong_patient_level_candidate	mutation_recurrence_hotspot_or_multihit_lof	1	3	0	0	0	TRUE	FALSE	1	1	TCGA_ESCC_DR45_five_layer_core_94
TCGA-VR-A8Q7	ENSG00000148400.12	NOTCH1	strong_patient_level_candidate	mutation_recurrence_hotspot_or_multihit_lof	0	5	0.289506617194985	0	0	TRUE	FALSE	1	1	TCGA_ESCC_DR45_five_layer_core_94
TCGA-VR-AA4G	ENSG00000148400.12	NOTCH1	strong_patient_level_candidate	mutation_recurrence_hotspot_or_multihit_lof	0	2	0	0	0	TRUE	FALSE	1	1	TCGA_ESCC_DR45_five_layer_core_94
TCGA-VR-AA7B	ENSG00000148400.12	NOTCH1	strong_patient_level_candidate	mutation_recurrence_hotspot_or_multihit_lof	0	2	-0.485426827170242	0	0	TRUE	FALSE	1	1	TCGA_ESCC_DR45_five_layer_core_94
TCGA-VR-AA7D	ENSG00000148400.12	NOTCH1	strong_patient_level_candidate	mutation_recurrence_hotspot_or_multihit_lof	0	3	0.485426827170242	0	0	TRUE	FALSE	1	1	TCGA_ESCC_DR45_five_layer_core_94
TCGA-VR-AA7I	ENSG00000148400.12	NOTCH1	strong_patient_level_candidate	mutation_recurrence_hotspot_or_multihit_lof	0	2	-0.485426827170242	0	0	TRUE	FALSE	1	1	TCGA_ESCC_DR45_five_layer_core_94
TCGA-XP-A8T6	ENSG00000148400.12	NOTCH1	strong_patient_level_candidate	mutation_recurrence_hotspot_or_multihit_lof	0	2	-0.485426827170242	0	0	TRUE	FALSE	1	1	TCGA_ESCC_DR45_five_layer_core_94
TCGA-XP-A8T8	ENSG00000148400.12	NOTCH1	strong_patient_level_candidate	mutation_recurrence_hotspot_or_multihit_lof	0	3	0	0	0	TRUE	FALSE	1	1	TCGA_ESCC_DR45_five_layer_core_94
TCGA-Z6-A8JD	ENSG00000148400.12	NOTCH1	strong_patient_level_candidate	mutation_recurrence_hotspot_or_multihit_lof	0	1	-0.736965594166206	0	0	TRUE	FALSE	1	1	TCGA_ESCC_DR45_five_layer_core_94
TCGA-Z6-A8JE	ENSG00000148400.12	NOTCH1	strong_patient_level_candidate	mutation_recurrence_hotspot_or_multihit_lof	0	1	-0.736965594166206	0	0	TRUE	FALSE	1	1	TCGA_ESCC_DR45_five_layer_core_94
TCGA-Z6-A9VB	ENSG00000148400.12	NOTCH1	strong_patient_level_candidate	mutation_recurrence_hotspot_or_multihit_lof	0	3	0.485426827170242	0	0	TRUE	FALSE	1	1	TCGA_ESCC_DR45_five_layer_core_94
TCGA-Z6-AAPN	ENSG00000148400.12	NOTCH1	strong_patient_level_candidate	mutation_recurrence_hotspot_or_multihit_lof	0	4	0.362570079384708	0	0	TRUE	FALSE	1	1	TCGA_ESCC_DR45_five_layer_core_94
TCGA-IC-A6RF	ENSG00000141579.7	ZNF750	strong_patient_level_candidate	mutation_recurrence_hotspot_or_multihit_lof	0	6	0.53051471669878	0	0	TRUE	FALSE	1	1	TCGA_ESCC_DR45_five_layer_core_94
TCGA-IG-A3I8	ENSG00000141579.7	ZNF750	strong_patient_level_candidate	mutation_recurrence_hotspot_or_multihit_lof	0	4	0	0	0	TRUE	FALSE	1	1	TCGA_ESCC_DR45_five_layer_core_94
TCGA-IG-A3QL	ENSG00000141579.7	ZNF750	strong_patient_level_candidate	mutation_recurrence_hotspot_or_multihit_lof	0	4	0.362570079384708	0	0	TRUE	FALSE	1	1	TCGA_ESCC_DR45_five_layer_core_94
TCGA-IG-A3Y9	ENSG00000141579.7	ZNF750	strong_patient_level_candidate	mutation_recurrence_hotspot_or_multihit_lof	0	1	-1.22239242133645	0	0	TRUE	FALSE	1	1	TCGA_ESCC_DR45_five_layer_core_94
TCGA-IG-A3YA	ENSG00000141579.7	ZNF750	strong_patient_level_candidate	mutation_recurrence_hotspot_or_multihit_lof	0	3	0	0	0	TRUE	FALSE	1	1	TCGA_ESCC_DR45_five_layer_core_94
TCGA-IG-A3YB	ENSG00000141579.7	ZNF750	strong_patient_level_candidate	mutation_recurrence_hotspot_or_multihit_lof	0	3	0	0	0	TRUE	FALSE	1	1	TCGA_ESCC_DR45_five_layer_core_94
TCGA-IG-A3YC	ENSG00000141579.7	ZNF750	strong_patient_level_candidate	mutation_recurrence_hotspot_or_multihit_lof	0	3	0	0	0	TRUE	FALSE	1	1	TCGA_ESCC_DR45_five_layer_core_94
TCGA-IG-A4P3	ENSG00000141579.7	ZNF750	strong_patient_level_candidate	mutation_recurrence_hotspot_or_multihit_lof	0	2	-0.84799690655495	0	0	TRUE	FALSE	1	1	TCGA_ESCC_DR45_five_layer_core_94
TCGA-IG-A4QT	ENSG00000141579.7	ZNF750	strong_patient_level_candidate	mutation_recurrence_hotspot_or_multihit_lof	0	2	0	0	0	TRUE	FALSE	1	1	TCGA_ESCC_DR45_five_layer_core_94
TCGA-IG-A50L	ENSG00000141579.7	ZNF750	strong_patient_level_candidate	mutation_recurrence_hotspot_or_multihit_lof	0	3	0	0	0	TRUE	FALSE	1	1	TCGA_ESCC_DR45_five_layer_core_94
TCGA-IG-A51D	ENSG00000141579.7	ZNF750	strong_patient_level_candidate	mutation_recurrence_hotspot_or_multihit_lof	0	4	0.362570079384708	0	0	TRUE	FALSE	1	1	TCGA_ESCC_DR45_five_layer_core_94
TCGA-IG-A5B8	ENSG00000141579.7	ZNF750	strong_patient_level_candidate	mutation_recurrence_hotspot_or_multihit_lof	0	2	0	0	0	TRUE	FALSE	1	1	TCGA_ESCC_DR45_five_layer_core_94
TCGA-IG-A5S3	ENSG00000141579.7	ZNF750	strong_patient_level_candidate	mutation_recurrence_hotspot_or_multihit_lof	0	4	-0.289506617194985	0	0	TRUE	FALSE	1	1	TCGA_ESCC_DR45_five_layer_core_94
TCGA-IG-A625	ENSG00000141579.7	ZNF750	strong_patient_level_candidate	mutation_recurrence_hotspot_or_multihit_lof	0	5	0.289506617194985	0	0	TRUE	FALSE	1	1	TCGA_ESCC_DR45_five_layer_core_94
TCGA-IG-A6QS	ENSG00000141579.7	ZNF750	strong_patient_level_candidate	mutation_recurrence_hotspot_or_multihit_lof	0	2	0	0	0	TRUE	FALSE	1	1	TCGA_ESCC_DR45_five_layer_core_94
TCGA-IG-A8O2	ENSG00000141579.7	ZNF750	strong_patient_level_candidate	mutation_recurrence_hotspot_or_multihit_lof	1	3	0	0	0	TRUE	FALSE	1	1	TCGA_ESCC_DR45_five_layer_core_94
TCGA-IG-A97H	ENSG00000141579.7	ZNF750	strong_patient_level_candidate	mutation_recurrence_hotspot_or_multihit_lof	0	1	-0.736965594166206	0	0	TRUE	FALSE	1	1	TCGA_ESCC_DR45_five_layer_core_94
TCGA-IG-A97I	ENSG00000141579.7	ZNF750	strong_patient_level_candidate	mutation_recurrence_hotspot_or_multihit_lof	0	2	0	0	0	TRUE	FALSE	1	1	TCGA_ESCC_DR45_five_layer_core_94
TCGA-JY-A6FA	ENSG00000141579.7	ZNF750	strong_patient_level_candidate	mutation_recurrence_hotspot_or_multihit_lof	0	3	0.485426827170242	0	0	TRUE	FALSE	1	1	TCGA_ESCC_DR45_five_layer_core_94
TCGA-JY-A6FD	ENSG00000141579.7	ZNF750	strong_patient_level_candidate	mutation_recurrence_hotspot_or_multihit_lof	0	2	0	0	0	TRUE	FALSE	1	1	TCGA_ESCC_DR45_five_layer_core_94
TCGA-JY-A6FE	ENSG00000141579.7	ZNF750	strong_patient_level_candidate	mutation_recurrence_hotspot_or_multihit_lof	0	4	0.84799690655495	1	0	TRUE	FALSE	1	1	TCGA_ESCC_DR45_five_layer_core_94
TCGA-JY-A6FG	ENSG00000141579.7	ZNF750	strong_patient_level_candidate	mutation_recurrence_hotspot_or_multihit_lof	0	2	0	0	0	TRUE	FALSE	1	1	TCGA_ESCC_DR45_five_layer_core_94
TCGA-JY-A93F	ENSG00000141579.7	ZNF750	strong_patient_level_candidate	mutation_recurrence_hotspot_or_multihit_lof	0	2	0	0	0	TRUE	FALSE	1	1	TCGA_ESCC_DR45_five_layer_core_94
TCGA-KH-A6WC	ENSG00000141579.7	ZNF750	strong_patient_level_candidate	mutation_recurrence_hotspot_or_multihit_lof	0	2	0	0	0	TRUE	FALSE	1	1	TCGA_ESCC_DR45_five_layer_core_94
TCGA-L5-A43H	ENSG00000141579.7	ZNF750	strong_patient_level_candidate	mutation_recurrence_hotspot_or_multihit_lof	0	4	0.362570079384708	0	0	TRUE	FALSE	1	1	TCGA_ESCC_DR45_five_layer_core_94
TCGA-L5-A43J	ENSG00000141579.7	ZNF750	strong_patient_level_candidate	mutation_recurrence_hotspot_or_multihit_lof	0	3	0	0	0	TRUE	FALSE	1	1	TCGA_ESCC_DR45_five_layer_core_94
TCGA-L5-A4OM	ENSG00000141579.7	ZNF750	strong_patient_level_candidate	mutation_recurrence_hotspot_or_multihit_lof	0	3	0	0	0	TRUE	FALSE	1	1	TCGA_ESCC_DR45_five_layer_core_94
TCGA-L5-A88S	ENSG00000141579.7	ZNF750	strong_patient_level_candidate	mutation_recurrence_hotspot_or_multihit_lof	0	2	0	0	0	TRUE	FALSE	1	1	TCGA_ESCC_DR45_five_layer_core_94
TCGA-L5-A88W	ENSG00000141579.7	ZNF750	strong_patient_level_candidate	mutation_recurrence_hotspot_or_multihit_lof	0	2	0	0	0	TRUE	FALSE	1	1	TCGA_ESCC_DR45_five_layer_core_94
TCGA-L5-A88Z	ENSG00000141579.7	ZNF750	strong_patient_level_candidate	mutation_recurrence_hotspot_or_multihit_lof	0	2	0	0	0	TRUE	FALSE	1	1	TCGA_ESCC_DR45_five_layer_core_94
TCGA-L5-A8NK	ENSG00000141579.7	ZNF750	strong_patient_level_candidate	mutation_recurrence_hotspot_or_multihit_lof	0	3	0	0	0	TRUE	FALSE	1	1	TCGA_ESCC_DR45_five_layer_core_94
TCGA-L5-A8NQ	ENSG00000141579.7	ZNF750	strong_patient_level_candidate	mutation_recurrence_hotspot_or_multihit_lof	0	1	0	0	0	TRUE	FALSE	1	1	TCGA_ESCC_DR45_five_layer_core_94
TCGA-L7-A56G	ENSG00000141579.7	ZNF750	strong_patient_level_candidate	mutation_recurrence_hotspot_or_multihit_lof	0	4	0.362570079384708	0	0	TRUE	FALSE	1	1	TCGA_ESCC_DR45_five_layer_core_94
TCGA-LN-A49K	ENSG00000141579.7	ZNF750	strong_patient_level_candidate	mutation_recurrence_hotspot_or_multihit_lof	0	3	0	0	0	TRUE	FALSE	1	1	TCGA_ESCC_DR45_five_layer_core_94
TCGA-LN-A49L	ENSG00000141579.7	ZNF750	strong_patient_level_candidate	mutation_recurrence_hotspot_or_multihit_lof	0	3	0.426881373801257	0	0	TRUE	FALSE	1	1	TCGA_ESCC_DR45_five_layer_core_94
TCGA-LN-A49M	ENSG00000141579.7	ZNF750	strong_patient_level_candidate	mutation_recurrence_hotspot_or_multihit_lof	0	1	-0.736965594166206	0	0	TRUE	FALSE	1	1	TCGA_ESCC_DR45_five_layer_core_94
TCGA-LN-A49N	ENSG00000141579.7	ZNF750	strong_patient_level_candidate	mutation_recurrence_hotspot_or_multihit_lof	0	2	0	0	0	TRUE	FALSE	1	1	TCGA_ESCC_DR45_five_layer_core_94
TCGA-LN-A49O	ENSG00000141579.7	ZNF750	strong_patient_level_candidate	mutation_recurrence_hotspot_or_multihit_lof	1	3	0	0	0	TRUE	FALSE	1	1	TCGA_ESCC_DR45_five_layer_core_94
TCGA-LN-A49P	ENSG00000141579.7	ZNF750	strong_patient_level_candidate	mutation_recurrence_hotspot_or_multihit_lof	0	1	-0.736965594166206	0	0	TRUE	FALSE	1	1	TCGA_ESCC_DR45_five_layer_core_94
TCGA-LN-A49R	ENSG00000141579.7	ZNF750	strong_patient_level_candidate	mutation_recurrence_hotspot_or_multihit_lof	0	3	0	0	0	TRUE	FALSE	1	1	TCGA_ESCC_DR45_five_layer_core_94
TCGA-LN-A49S	ENSG00000141579.7	ZNF750	strong_patient_level_candidate	mutation_recurrence_hotspot_or_multihit_lof	1	2	0	0	0	TRUE	FALSE	1	1	TCGA_ESCC_DR45_five_layer_core_94
TCGA-LN-A49U	ENSG00000141579.7	ZNF750	strong_patient_level_candidate	mutation_recurrence_hotspot_or_multihit_lof	0	2	0	0	0	TRUE	FALSE	1	1	TCGA_ESCC_DR45_five_layer_core_94
TCGA-LN-A49W	ENSG00000141579.7	ZNF750	strong_patient_level_candidate	mutation_recurrence_hotspot_or_multihit_lof	0	3	0	0	0	TRUE	FALSE	1	1	TCGA_ESCC_DR45_five_layer_core_94
TCGA-LN-A49X	ENSG00000141579.7	ZNF750	strong_patient_level_candidate	mutation_recurrence_hotspot_or_multihit_lof	0	2	0	0	0	TRUE	FALSE	1	1	TCGA_ESCC_DR45_five_layer_core_94
TCGA-LN-A49Y	ENSG00000141579.7	ZNF750	strong_patient_level_candidate	mutation_recurrence_hotspot_or_multihit_lof	1	1	-0.736965594166206	0	0	TRUE	FALSE	1	1	TCGA_ESCC_DR45_five_layer_core_94
TCGA-LN-A4A1	ENSG00000141579.7	ZNF750	strong_patient_level_candidate	mutation_recurrence_hotspot_or_multihit_lof	0	3	0	0	0	TRUE	FALSE	1	1	TCGA_ESCC_DR45_five_layer_core_94
TCGA-LN-A4A2	ENSG00000141579.7	ZNF750	strong_patient_level_candidate	mutation_recurrence_hotspot_or_multihit_lof	0	3	0	0	0	TRUE	FALSE	1	1	TCGA_ESCC_DR45_five_layer_core_94
TCGA-LN-A4A3	ENSG00000141579.7	ZNF750	strong_patient_level_candidate	mutation_recurrence_hotspot_or_multihit_lof	0	2	0.736965594166206	0	0	TRUE	FALSE	1	1	TCGA_ESCC_DR45_five_layer_core_94
TCGA-LN-A4A4	ENSG00000141579.7	ZNF750	strong_patient_level_candidate	mutation_recurrence_hotspot_or_multihit_lof	0	3	0.485426827170242	0	0	TRUE	FALSE	1	1	TCGA_ESCC_DR45_five_layer_core_94
TCGA-LN-A4A5	ENSG00000141579.7	ZNF750	strong_patient_level_candidate	mutation_recurrence_hotspot_or_multihit_lof	0	1	-0.736965594166206	0	0	TRUE	FALSE	1	1	TCGA_ESCC_DR45_five_layer_core_94
TCGA-LN-A4A6	ENSG00000141579.7	ZNF750	strong_patient_level_candidate	mutation_recurrence_hotspot_or_multihit_lof	0	2	-0.485426827170242	0	0	TRUE	FALSE	1	1	TCGA_ESCC_DR45_five_layer_core_94
TCGA-LN-A4A8	ENSG00000141579.7	ZNF750	strong_patient_level_candidate	mutation_recurrence_hotspot_or_multihit_lof	0	2	0	0	0	TRUE	FALSE	1	1	TCGA_ESCC_DR45_five_layer_core_94
TCGA-LN-A4A9	ENSG00000141579.7	ZNF750	strong_patient_level_candidate	mutation_recurrence_hotspot_or_multihit_lof	1	3	0.485426827170242	0	0	TRUE	FALSE	1	1	TCGA_ESCC_DR45_five_layer_core_94
TCGA-LN-A4MQ	ENSG00000141579.7	ZNF750	strong_patient_level_candidate	mutation_recurrence_hotspot_or_multihit_lof	0	1	-1.22239242133645	0	0	TRUE	FALSE	1	1	TCGA_ESCC_DR45_five_layer_core_94
TCGA-LN-A4MR	ENSG00000141579.7	ZNF750	strong_patient_level_candidate	mutation_recurrence_hotspot_or_multihit_lof	0	3	0	0	0	TRUE	FALSE	1	1	TCGA_ESCC_DR45_five_layer_core_94
TCGA-LN-A5U5	ENSG00000141579.7	ZNF750	strong_patient_level_candidate	mutation_recurrence_hotspot_or_multihit_lof	0	2	0	0	0	TRUE	FALSE	1	1	TCGA_ESCC_DR45_five_layer_core_94
TCGA-LN-A5U6	ENSG00000141579.7	ZNF750	strong_patient_level_candidate	mutation_recurrence_hotspot_or_multihit_lof	0	2	-0.485426827170242	0	0	TRUE	FALSE	1	1	TCGA_ESCC_DR45_five_layer_core_94
TCGA-LN-A5U7	ENSG00000141579.7	ZNF750	strong_patient_level_candidate	mutation_recurrence_hotspot_or_multihit_lof	0	3	0	0	0	TRUE	FALSE	1	1	TCGA_ESCC_DR45_five_layer_core_94
TCGA-LN-A7HV	ENSG00000141579.7	ZNF750	strong_patient_level_candidate	mutation_recurrence_hotspot_or_multihit_lof	1	1	-0.736965594166206	0	0	TRUE	FALSE	1	1	TCGA_ESCC_DR45_five_layer_core_94
TCGA-LN-A7HW	ENSG00000141579.7	ZNF750	strong_patient_level_candidate	mutation_recurrence_hotspot_or_multihit_lof	0	2	-0.485426827170242	0	0	TRUE	FALSE	1	1	TCGA_ESCC_DR45_five_layer_core_94
TCGA-LN-A7HX	ENSG00000141579.7	ZNF750	strong_patient_level_candidate	mutation_recurrence_hotspot_or_multihit_lof	1	3	-0.362570079384708	0	0	TRUE	FALSE	1	1	TCGA_ESCC_DR45_five_layer_core_94
TCGA-LN-A7HY	ENSG00000141579.7	ZNF750	strong_patient_level_candidate	mutation_recurrence_hotspot_or_multihit_lof	0	2	-0.485426827170242	0	0	TRUE	FALSE	1	1	TCGA_ESCC_DR45_five_layer_core_94
TCGA-LN-A7HZ	ENSG00000141579.7	ZNF750	strong_patient_level_candidate	mutation_recurrence_hotspot_or_multihit_lof	0	3	0	0	0	TRUE	FALSE	1	1	TCGA_ESCC_DR45_five_layer_core_94
TCGA-LN-A8HZ	ENSG00000141579.7	ZNF750	strong_patient_level_candidate	mutation_recurrence_hotspot_or_multihit_lof	0	4	0	0	0	TRUE	FALSE	1	1	TCGA_ESCC_DR45_five_layer_core_94
TCGA-LN-A8I0	ENSG00000141579.7	ZNF750	strong_patient_level_candidate	mutation_recurrence_hotspot_or_multihit_lof	0	2	0	0	0	TRUE	FALSE	1	1	TCGA_ESCC_DR45_five_layer_core_94
TCGA-LN-A8I1	ENSG00000141579.7	ZNF750	strong_patient_level_candidate	mutation_recurrence_hotspot_or_multihit_lof	0	4	0.362570079384708	0	0	TRUE	FALSE	1	1	TCGA_ESCC_DR45_five_layer_core_94
TCGA-LN-A9FO	ENSG00000141579.7	ZNF750	strong_patient_level_candidate	mutation_recurrence_hotspot_or_multihit_lof	0	1	-1.22239242133645	0	0	TRUE	FALSE	1	1	TCGA_ESCC_DR45_five_layer_core_94
TCGA-LN-A9FP	ENSG00000141579.7	ZNF750	strong_patient_level_candidate	mutation_recurrence_hotspot_or_multihit_lof	1	2	0	0	0	TRUE	FALSE	1	1	TCGA_ESCC_DR45_five_layer_core_94
TCGA-LN-A9FQ	ENSG00000141579.7	ZNF750	strong_patient_level_candidate	mutation_recurrence_hotspot_or_multihit_lof	0	3	0	0	0	TRUE	FALSE	1	1	TCGA_ESCC_DR45_five_layer_core_94
TCGA-LN-A9FR	ENSG00000141579.7	ZNF750	strong_patient_level_candidate	mutation_recurrence_hotspot_or_multihit_lof	0	3	0	0	0	TRUE	FALSE	1	1	TCGA_ESCC_DR45_five_layer_core_94
TCGA-Q9-A6FU	ENSG00000141579.7	ZNF750	strong_patient_level_candidate	mutation_recurrence_hotspot_or_multihit_lof	0	1	-0.736965594166206	0	0	TRUE	FALSE	1	1	TCGA_ESCC_DR45_five_layer_core_94
TCGA-S8-A6BW	ENSG00000141579.7	ZNF750	strong_patient_level_candidate	mutation_recurrence_hotspot_or_multihit_lof	0	3	0	0	0	TRUE	FALSE	1	1	TCGA_ESCC_DR45_five_layer_core_94
TCGA-V5-A7RC	ENSG00000141579.7	ZNF750	strong_patient_level_candidate	mutation_recurrence_hotspot_or_multihit_lof	0	4	0	0	0	TRUE	FALSE	1	1	TCGA_ESCC_DR45_five_layer_core_94
TCGA-V5-AASV	ENSG00000141579.7	ZNF750	strong_patient_level_candidate	mutation_recurrence_hotspot_or_multihit_lof	0	1	-0.736965594166206	0	0	TRUE	FALSE	1	1	TCGA_ESCC_DR45_five_layer_core_94
TCGA-VR-A8EO	ENSG00000141579.7	ZNF750	strong_patient_level_candidate	mutation_recurrence_hotspot_or_multihit_lof	0	4	0	0	0	TRUE	FALSE	1	1	TCGA_ESCC_DR45_five_layer_core_94
TCGA-VR-A8EP	ENSG00000141579.7	ZNF750	strong_patient_level_candidate	mutation_recurrence_hotspot_or_multihit_lof	0	2	0	0	0	TRUE	FALSE	1	1	TCGA_ESCC_DR45_five_layer_core_94
TCGA-VR-A8ER	ENSG00000141579.7	ZNF750	strong_patient_level_candidate	mutation_recurrence_hotspot_or_multihit_lof	0	2	0	0	0	TRUE	FALSE	1	1	TCGA_ESCC_DR45_five_layer_core_94
TCGA-VR-A8ET	ENSG00000141579.7	ZNF750	strong_patient_level_candidate	mutation_recurrence_hotspot_or_multihit_lof	0	2	0	0	0	TRUE	FALSE	1	1	TCGA_ESCC_DR45_five_layer_core_94
TCGA-VR-A8EU	ENSG00000141579.7	ZNF750	strong_patient_level_candidate	mutation_recurrence_hotspot_or_multihit_lof	0	4	0.362570079384708	0	0	TRUE	FALSE	1	1	TCGA_ESCC_DR45_five_layer_core_94
TCGA-VR-A8EW	ENSG00000141579.7	ZNF750	strong_patient_level_candidate	mutation_recurrence_hotspot_or_multihit_lof	0	3	0	0	0	TRUE	FALSE	1	1	TCGA_ESCC_DR45_five_layer_core_94
TCGA-VR-A8EX	ENSG00000141579.7	ZNF750	strong_patient_level_candidate	mutation_recurrence_hotspot_or_multihit_lof	1	2	-0.778730036896496	0	0	TRUE	FALSE	1	1	TCGA_ESCC_DR45_five_layer_core_94
TCGA-VR-A8EY	ENSG00000141579.7	ZNF750	strong_patient_level_candidate	mutation_recurrence_hotspot_or_multihit_lof	0	3	0.485426827170242	0	0	TRUE	FALSE	1	1	TCGA_ESCC_DR45_five_layer_core_94
TCGA-VR-A8EZ	ENSG00000141579.7	ZNF750	strong_patient_level_candidate	mutation_recurrence_hotspot_or_multihit_lof	0	4	0.362570079384708	0	0	TRUE	FALSE	1	1	TCGA_ESCC_DR45_five_layer_core_94
TCGA-VR-A8Q7	ENSG00000141579.7	ZNF750	strong_patient_level_candidate	mutation_recurrence_hotspot_or_multihit_lof	0	3	-0.362570079384708	0	0	TRUE	FALSE	1	1	TCGA_ESCC_DR45_five_layer_core_94
TCGA-VR-AA4G	ENSG00000141579.7	ZNF750	strong_patient_level_candidate	mutation_recurrence_hotspot_or_multihit_lof	0	2	0	0	0	TRUE	FALSE	1	1	TCGA_ESCC_DR45_five_layer_core_94
TCGA-VR-AA7B	ENSG00000141579.7	ZNF750	strong_patient_level_candidate	mutation_recurrence_hotspot_or_multihit_lof	0	3	0	0	0	TRUE	FALSE	1	1	TCGA_ESCC_DR45_five_layer_core_94
TCGA-VR-AA7D	ENSG00000141579.7	ZNF750	strong_patient_level_candidate	mutation_recurrence_hotspot_or_multihit_lof	0	2	0	0	0	TRUE	FALSE	1	1	TCGA_ESCC_DR45_five_layer_core_94
TCGA-VR-AA7I	ENSG00000141579.7	ZNF750	strong_patient_level_candidate	mutation_recurrence_hotspot_or_multihit_lof	0	3	0	0	0	TRUE	FALSE	1	1	TCGA_ESCC_DR45_five_layer_core_94
TCGA-XP-A8T6	ENSG00000141579.7	ZNF750	strong_patient_level_candidate	mutation_recurrence_hotspot_or_multihit_lof	0	3	0	0	0	TRUE	FALSE	1	1	TCGA_ESCC_DR45_five_layer_core_94
TCGA-XP-A8T8	ENSG00000141579.7	ZNF750	strong_patient_level_candidate	mutation_recurrence_hotspot_or_multihit_lof	0	3	0	0	0	TRUE	FALSE	1	1	TCGA_ESCC_DR45_five_layer_core_94
TCGA-Z6-A8JD	ENSG00000141579.7	ZNF750	strong_patient_level_candidate	mutation_recurrence_hotspot_or_multihit_lof	1	2	0	0	0	TRUE	FALSE	1	1	TCGA_ESCC_DR45_five_layer_core_94
TCGA-Z6-A8JE	ENSG00000141579.7	ZNF750	strong_patient_level_candidate	mutation_recurrence_hotspot_or_multihit_lof	1	3	0.485426827170242	0	0	TRUE	FALSE	1	1	TCGA_ESCC_DR45_five_layer_core_94
TCGA-Z6-A9VB	ENSG00000141579.7	ZNF750	strong_patient_level_candidate	mutation_recurrence_hotspot_or_multihit_lof	0	2	0	0	0	TRUE	FALSE	1	1	TCGA_ESCC_DR45_five_layer_core_94
TCGA-Z6-AAPN	ENSG00000141579.7	ZNF750	strong_patient_level_candidate	mutation_recurrence_hotspot_or_multihit_lof	0	3	0	0	0	TRUE	FALSE	1	1	TCGA_ESCC_DR45_five_layer_core_94
TCGA-IC-A6RF	ENSG00000074181.9	NOTCH3	strong_patient_level_candidate	mutation_recurrence_hotspot_or_multihit_lof	0	4	0	0	0	TRUE	FALSE	1	1	TCGA_ESCC_DR45_five_layer_core_94
TCGA-IG-A3I8	ENSG00000074181.9	NOTCH3	strong_patient_level_candidate	mutation_recurrence_hotspot_or_multihit_lof	0	4	0	0	0	TRUE	FALSE	1	1	TCGA_ESCC_DR45_five_layer_core_94
TCGA-IG-A3QL	ENSG00000074181.9	NOTCH3	strong_patient_level_candidate	mutation_recurrence_hotspot_or_multihit_lof	0	4	0.362570079384708	0	0	TRUE	FALSE	1	1	TCGA_ESCC_DR45_five_layer_core_94
TCGA-IG-A3Y9	ENSG00000074181.9	NOTCH3	strong_patient_level_candidate	mutation_recurrence_hotspot_or_multihit_lof	0	3	0	0	0	TRUE	FALSE	1	1	TCGA_ESCC_DR45_five_layer_core_94
TCGA-IG-A3YA	ENSG00000074181.9	NOTCH3	strong_patient_level_candidate	mutation_recurrence_hotspot_or_multihit_lof	0	3	0	0	0	TRUE	FALSE	1	1	TCGA_ESCC_DR45_five_layer_core_94
TCGA-IG-A3YB	ENSG00000074181.9	NOTCH3	strong_patient_level_candidate	mutation_recurrence_hotspot_or_multihit_lof	0	2	-0.485426827170242	0	0	TRUE	FALSE	1	1	TCGA_ESCC_DR45_five_layer_core_94
TCGA-IG-A3YC	ENSG00000074181.9	NOTCH3	strong_patient_level_candidate	mutation_recurrence_hotspot_or_multihit_lof	0	2	-0.485426827170242	0	0	TRUE	FALSE	1	1	TCGA_ESCC_DR45_five_layer_core_94
TCGA-IG-A4P3	ENSG00000074181.9	NOTCH3	strong_patient_level_candidate	mutation_recurrence_hotspot_or_multihit_lof	0	4	0	0	0	TRUE	FALSE	1	1	TCGA_ESCC_DR45_five_layer_core_94
TCGA-IG-A4QT	ENSG00000074181.9	NOTCH3	strong_patient_level_candidate	mutation_recurrence_hotspot_or_multihit_lof	0	2	0	0	0	TRUE	FALSE	1	1	TCGA_ESCC_DR45_five_layer_core_94
TCGA-IG-A50L	ENSG00000074181.9	NOTCH3	strong_patient_level_candidate	mutation_recurrence_hotspot_or_multihit_lof	0	6	0.893084796083488	1	0	TRUE	FALSE	1	1	TCGA_ESCC_DR45_five_layer_core_94
TCGA-IG-A51D	ENSG00000074181.9	NOTCH3	strong_patient_level_candidate	mutation_recurrence_hotspot_or_multihit_lof	0	2	-0.485426827170242	0	0	TRUE	FALSE	1	1	TCGA_ESCC_DR45_five_layer_core_94
TCGA-IG-A5B8	ENSG00000074181.9	NOTCH3	strong_patient_level_candidate	mutation_recurrence_hotspot_or_multihit_lof	0	2	0	0	0	TRUE	FALSE	1	1	TCGA_ESCC_DR45_five_layer_core_94
TCGA-IG-A5S3	ENSG00000074181.9	NOTCH3	strong_patient_level_candidate	mutation_recurrence_hotspot_or_multihit_lof	0	2	-1.13750352374994	0	0	TRUE	FALSE	1	1	TCGA_ESCC_DR45_five_layer_core_94
TCGA-IG-A625	ENSG00000074181.9	NOTCH3	strong_patient_level_candidate	mutation_recurrence_hotspot_or_multihit_lof	0	4	0	0	0	TRUE	FALSE	1	1	TCGA_ESCC_DR45_five_layer_core_94
TCGA-IG-A6QS	ENSG00000074181.9	NOTCH3	strong_patient_level_candidate	mutation_recurrence_hotspot_or_multihit_lof	0	2	0	0	0	TRUE	FALSE	1	1	TCGA_ESCC_DR45_five_layer_core_94
TCGA-IG-A8O2	ENSG00000074181.9	NOTCH3	strong_patient_level_candidate	mutation_recurrence_hotspot_or_multihit_lof	1	4	0.362570079384708	0	0	TRUE	FALSE	1	1	TCGA_ESCC_DR45_five_layer_core_94
TCGA-IG-A97H	ENSG00000074181.9	NOTCH3	strong_patient_level_candidate	mutation_recurrence_hotspot_or_multihit_lof	0	1	-0.736965594166206	0	0	TRUE	FALSE	1	1	TCGA_ESCC_DR45_five_layer_core_94
TCGA-IG-A97I	ENSG00000074181.9	NOTCH3	strong_patient_level_candidate	mutation_recurrence_hotspot_or_multihit_lof	0	2	0	0	0	TRUE	FALSE	1	1	TCGA_ESCC_DR45_five_layer_core_94
TCGA-JY-A6FA	ENSG00000074181.9	NOTCH3	strong_patient_level_candidate	mutation_recurrence_hotspot_or_multihit_lof	1	2	0	0	0	TRUE	FALSE	1	1	TCGA_ESCC_DR45_five_layer_core_94
TCGA-JY-A6FD	ENSG00000074181.9	NOTCH3	strong_patient_level_candidate	mutation_recurrence_hotspot_or_multihit_lof	0	2	0	0	0	TRUE	FALSE	1	1	TCGA_ESCC_DR45_five_layer_core_94
TCGA-JY-A6FE	ENSG00000074181.9	NOTCH3	strong_patient_level_candidate	mutation_recurrence_hotspot_or_multihit_lof	0	2	0	0	0	TRUE	FALSE	1	1	TCGA_ESCC_DR45_five_layer_core_94
TCGA-JY-A6FG	ENSG00000074181.9	NOTCH3	strong_patient_level_candidate	mutation_recurrence_hotspot_or_multihit_lof	0	2	0	0	0	TRUE	FALSE	1	1	TCGA_ESCC_DR45_five_layer_core_94
TCGA-JY-A93F	ENSG00000074181.9	NOTCH3	strong_patient_level_candidate	mutation_recurrence_hotspot_or_multihit_lof	1	2	0	0	0	TRUE	FALSE	1	1	TCGA_ESCC_DR45_five_layer_core_94
TCGA-KH-A6WC	ENSG00000074181.9	NOTCH3	strong_patient_level_candidate	mutation_recurrence_hotspot_or_multihit_lof	0	2	0	0	0	TRUE	FALSE	1	1	TCGA_ESCC_DR45_five_layer_core_94
TCGA-L5-A43H	ENSG00000074181.9	NOTCH3	strong_patient_level_candidate	mutation_recurrence_hotspot_or_multihit_lof	1	3	0	0	0	TRUE	FALSE	1	1	TCGA_ESCC_DR45_five_layer_core_94
TCGA-L5-A43J	ENSG00000074181.9	NOTCH3	strong_patient_level_candidate	mutation_recurrence_hotspot_or_multihit_lof	0	4	0.362570079384708	0	0	TRUE	FALSE	1	1	TCGA_ESCC_DR45_five_layer_core_94
TCGA-L5-A4OM	ENSG00000074181.9	NOTCH3	strong_patient_level_candidate	mutation_recurrence_hotspot_or_multihit_lof	0	3	0	0	0	TRUE	FALSE	1	1	TCGA_ESCC_DR45_five_layer_core_94
TCGA-L5-A88S	ENSG00000074181.9	NOTCH3	strong_patient_level_candidate	mutation_recurrence_hotspot_or_multihit_lof	0	2	0	0	0	TRUE	FALSE	1	1	TCGA_ESCC_DR45_five_layer_core_94
TCGA-L5-A88W	ENSG00000074181.9	NOTCH3	strong_patient_level_candidate	mutation_recurrence_hotspot_or_multihit_lof	0	2	0	0	0	TRUE	FALSE	1	1	TCGA_ESCC_DR45_five_layer_core_94
TCGA-L5-A88Z	ENSG00000074181.9	NOTCH3	strong_patient_level_candidate	mutation_recurrence_hotspot_or_multihit_lof	0	2	0	0	0	TRUE	FALSE	1	1	TCGA_ESCC_DR45_five_layer_core_94
TCGA-L5-A8NK	ENSG00000074181.9	NOTCH3	strong_patient_level_candidate	mutation_recurrence_hotspot_or_multihit_lof	0	1	-1.22239242133645	0	0	TRUE	FALSE	1	1	TCGA_ESCC_DR45_five_layer_core_94
TCGA-L5-A8NQ	ENSG00000074181.9	NOTCH3	strong_patient_level_candidate	mutation_recurrence_hotspot_or_multihit_lof	0	1	0	0	0	TRUE	FALSE	1	1	TCGA_ESCC_DR45_five_layer_core_94
TCGA-L7-A56G	ENSG00000074181.9	NOTCH3	strong_patient_level_candidate	mutation_recurrence_hotspot_or_multihit_lof	1	2	-0.485426827170242	0	0	TRUE	FALSE	1	1	TCGA_ESCC_DR45_five_layer_core_94
TCGA-LN-A49K	ENSG00000074181.9	NOTCH3	strong_patient_level_candidate	mutation_recurrence_hotspot_or_multihit_lof	0	4	0.362570079384708	0	0	TRUE	FALSE	1	1	TCGA_ESCC_DR45_five_layer_core_94
TCGA-LN-A49L	ENSG00000074181.9	NOTCH3	strong_patient_level_candidate	mutation_recurrence_hotspot_or_multihit_lof	0	6	1.31996616988475	1	0	TRUE	FALSE	1	1	TCGA_ESCC_DR45_five_layer_core_94
TCGA-LN-A49M	ENSG00000074181.9	NOTCH3	strong_patient_level_candidate	mutation_recurrence_hotspot_or_multihit_lof	0	1	-0.736965594166206	0	0	TRUE	FALSE	1	1	TCGA_ESCC_DR45_five_layer_core_94
TCGA-LN-A49N	ENSG00000074181.9	NOTCH3	strong_patient_level_candidate	mutation_recurrence_hotspot_or_multihit_lof	0	2	0	0	0	TRUE	FALSE	1	1	TCGA_ESCC_DR45_five_layer_core_94
TCGA-LN-A49O	ENSG00000074181.9	NOTCH3	strong_patient_level_candidate	mutation_recurrence_hotspot_or_multihit_lof	0	3	0	0	0	TRUE	FALSE	1	1	TCGA_ESCC_DR45_five_layer_core_94
TCGA-LN-A49P	ENSG00000074181.9	NOTCH3	strong_patient_level_candidate	mutation_recurrence_hotspot_or_multihit_lof	0	2	0	0	0	TRUE	FALSE	1	1	TCGA_ESCC_DR45_five_layer_core_94
TCGA-LN-A49R	ENSG00000074181.9	NOTCH3	strong_patient_level_candidate	mutation_recurrence_hotspot_or_multihit_lof	0	3	0	0	0	TRUE	FALSE	1	1	TCGA_ESCC_DR45_five_layer_core_94
TCGA-LN-A49S	ENSG00000074181.9	NOTCH3	strong_patient_level_candidate	mutation_recurrence_hotspot_or_multihit_lof	0	4	0.84799690655495	1	0	TRUE	FALSE	1	1	TCGA_ESCC_DR45_five_layer_core_94
TCGA-LN-A49U	ENSG00000074181.9	NOTCH3	strong_patient_level_candidate	mutation_recurrence_hotspot_or_multihit_lof	0	2	0	0	0	TRUE	FALSE	1	1	TCGA_ESCC_DR45_five_layer_core_94
TCGA-LN-A49W	ENSG00000074181.9	NOTCH3	strong_patient_level_candidate	mutation_recurrence_hotspot_or_multihit_lof	0	3	0	0	0	TRUE	FALSE	1	1	TCGA_ESCC_DR45_five_layer_core_94
TCGA-LN-A49X	ENSG00000074181.9	NOTCH3	strong_patient_level_candidate	mutation_recurrence_hotspot_or_multihit_lof	1	2	0	0	0	TRUE	FALSE	1	1	TCGA_ESCC_DR45_five_layer_core_94
TCGA-LN-A49Y	ENSG00000074181.9	NOTCH3	strong_patient_level_candidate	mutation_recurrence_hotspot_or_multihit_lof	1	2	0	0	0	TRUE	FALSE	1	1	TCGA_ESCC_DR45_five_layer_core_94
TCGA-LN-A4A1	ENSG00000074181.9	NOTCH3	strong_patient_level_candidate	mutation_recurrence_hotspot_or_multihit_lof	0	2	-0.485426827170242	0	0	TRUE	FALSE	1	1	TCGA_ESCC_DR45_five_layer_core_94
TCGA-LN-A4A2	ENSG00000074181.9	NOTCH3	strong_patient_level_candidate	mutation_recurrence_hotspot_or_multihit_lof	0	2	-0.485426827170242	0	0	TRUE	FALSE	1	1	TCGA_ESCC_DR45_five_layer_core_94
TCGA-LN-A4A3	ENSG00000074181.9	NOTCH3	strong_patient_level_candidate	mutation_recurrence_hotspot_or_multihit_lof	0	1	0	0	0	TRUE	FALSE	1	1	TCGA_ESCC_DR45_five_layer_core_94
TCGA-LN-A4A4	ENSG00000074181.9	NOTCH3	strong_patient_level_candidate	mutation_recurrence_hotspot_or_multihit_lof	0	2	0	0	0	TRUE	FALSE	1	1	TCGA_ESCC_DR45_five_layer_core_94
TCGA-LN-A4A5	ENSG00000074181.9	NOTCH3	strong_patient_level_candidate	mutation_recurrence_hotspot_or_multihit_lof	0	1	-0.736965594166206	0	0	TRUE	FALSE	1	1	TCGA_ESCC_DR45_five_layer_core_94
TCGA-LN-A4A6	ENSG00000074181.9	NOTCH3	strong_patient_level_candidate	mutation_recurrence_hotspot_or_multihit_lof	0	3	0	0	0	TRUE	FALSE	1	1	TCGA_ESCC_DR45_five_layer_core_94
TCGA-LN-A4A8	ENSG00000074181.9	NOTCH3	strong_patient_level_candidate	mutation_recurrence_hotspot_or_multihit_lof	0	2	0	0	0	TRUE	FALSE	1	1	TCGA_ESCC_DR45_five_layer_core_94
TCGA-LN-A4A9	ENSG00000074181.9	NOTCH3	strong_patient_level_candidate	mutation_recurrence_hotspot_or_multihit_lof	0	2	0	0	0	TRUE	FALSE	1	1	TCGA_ESCC_DR45_five_layer_core_94
TCGA-LN-A4MQ	ENSG00000074181.9	NOTCH3	strong_patient_level_candidate	mutation_recurrence_hotspot_or_multihit_lof	0	3	0	0	0	TRUE	FALSE	1	1	TCGA_ESCC_DR45_five_layer_core_94
TCGA-LN-A4MR	ENSG00000074181.9	NOTCH3	strong_patient_level_candidate	mutation_recurrence_hotspot_or_multihit_lof	0	3	0	0	0	TRUE	FALSE	1	1	TCGA_ESCC_DR45_five_layer_core_94
TCGA-LN-A5U5	ENSG00000074181.9	NOTCH3	strong_patient_level_candidate	mutation_recurrence_hotspot_or_multihit_lof	0	3	0.485426827170242	0	0	TRUE	FALSE	1	1	TCGA_ESCC_DR45_five_layer_core_94
TCGA-LN-A5U6	ENSG00000074181.9	NOTCH3	strong_patient_level_candidate	mutation_recurrence_hotspot_or_multihit_lof	0	4	0.362570079384708	0	0	TRUE	FALSE	1	1	TCGA_ESCC_DR45_five_layer_core_94
TCGA-LN-A5U7	ENSG00000074181.9	NOTCH3	strong_patient_level_candidate	mutation_recurrence_hotspot_or_multihit_lof	0	4	0.362570079384708	0	0	TRUE	FALSE	1	1	TCGA_ESCC_DR45_five_layer_core_94
TCGA-LN-A7HV	ENSG00000074181.9	NOTCH3	strong_patient_level_candidate	mutation_recurrence_hotspot_or_multihit_lof	0	2	0	0	0	TRUE	FALSE	1	1	TCGA_ESCC_DR45_five_layer_core_94
TCGA-LN-A7HW	ENSG00000074181.9	NOTCH3	strong_patient_level_candidate	mutation_recurrence_hotspot_or_multihit_lof	0	4	0.362570079384708	0	0	TRUE	FALSE	1	1	TCGA_ESCC_DR45_five_layer_core_94
TCGA-LN-A7HX	ENSG00000074181.9	NOTCH3	strong_patient_level_candidate	mutation_recurrence_hotspot_or_multihit_lof	0	2	-0.84799690655495	0	0	TRUE	FALSE	1	1	TCGA_ESCC_DR45_five_layer_core_94
TCGA-LN-A7HY	ENSG00000074181.9	NOTCH3	strong_patient_level_candidate	mutation_recurrence_hotspot_or_multihit_lof	0	3	0	0	0	TRUE	FALSE	1	1	TCGA_ESCC_DR45_five_layer_core_94
TCGA-LN-A7HZ	ENSG00000074181.9	NOTCH3	strong_patient_level_candidate	mutation_recurrence_hotspot_or_multihit_lof	0	3	0	0	0	TRUE	FALSE	1	1	TCGA_ESCC_DR45_five_layer_core_94
TCGA-LN-A8HZ	ENSG00000074181.9	NOTCH3	strong_patient_level_candidate	mutation_recurrence_hotspot_or_multihit_lof	0	4	0	0	0	TRUE	FALSE	1	1	TCGA_ESCC_DR45_five_layer_core_94
TCGA-LN-A8I0	ENSG00000074181.9	NOTCH3	strong_patient_level_candidate	mutation_recurrence_hotspot_or_multihit_lof	0	2	0	0	0	TRUE	FALSE	1	1	TCGA_ESCC_DR45_five_layer_core_94
TCGA-LN-A8I1	ENSG00000074181.9	NOTCH3	strong_patient_level_candidate	mutation_recurrence_hotspot_or_multihit_lof	0	4	0.362570079384708	0	0	TRUE	FALSE	1	1	TCGA_ESCC_DR45_five_layer_core_94
TCGA-LN-A9FO	ENSG00000074181.9	NOTCH3	strong_patient_level_candidate	mutation_recurrence_hotspot_or_multihit_lof	0	4	0.362570079384708	0	0	TRUE	FALSE	1	1	TCGA_ESCC_DR45_five_layer_core_94
TCGA-LN-A9FP	ENSG00000074181.9	NOTCH3	strong_patient_level_candidate	mutation_recurrence_hotspot_or_multihit_lof	0	2	0	0	0	TRUE	FALSE	1	1	TCGA_ESCC_DR45_five_layer_core_94
TCGA-LN-A9FQ	ENSG00000074181.9	NOTCH3	strong_patient_level_candidate	mutation_recurrence_hotspot_or_multihit_lof	0	4	0.362570079384708	0	0	TRUE	FALSE	1	1	TCGA_ESCC_DR45_five_layer_core_94
TCGA-LN-A9FR	ENSG00000074181.9	NOTCH3	strong_patient_level_candidate	mutation_recurrence_hotspot_or_multihit_lof	0	3	0	0	0	TRUE	FALSE	1	1	TCGA_ESCC_DR45_five_layer_core_94
TCGA-Q9-A6FU	ENSG00000074181.9	NOTCH3	strong_patient_level_candidate	mutation_recurrence_hotspot_or_multihit_lof	0	2	0	0	0	TRUE	FALSE	1	1	TCGA_ESCC_DR45_five_layer_core_94
TCGA-S8-A6BW	ENSG00000074181.9	NOTCH3	strong_patient_level_candidate	mutation_recurrence_hotspot_or_multihit_lof	0	3	0	0	0	TRUE	FALSE	1	1	TCGA_ESCC_DR45_five_layer_core_94
TCGA-V5-A7RC	ENSG00000074181.9	NOTCH3	strong_patient_level_candidate	mutation_recurrence_hotspot_or_multihit_lof	1	3	-0.362570079384708	0	0	TRUE	FALSE	1	1	TCGA_ESCC_DR45_five_layer_core_94
TCGA-V5-AASV	ENSG00000074181.9	NOTCH3	strong_patient_level_candidate	mutation_recurrence_hotspot_or_multihit_lof	0	3	0.485426827170242	0	0	TRUE	FALSE	1	1	TCGA_ESCC_DR45_five_layer_core_94
TCGA-VR-A8EO	ENSG00000074181.9	NOTCH3	strong_patient_level_candidate	mutation_recurrence_hotspot_or_multihit_lof	0	3	-0.362570079384708	0	0	TRUE	FALSE	1	1	TCGA_ESCC_DR45_five_layer_core_94
TCGA-VR-A8EP	ENSG00000074181.9	NOTCH3	strong_patient_level_candidate	mutation_recurrence_hotspot_or_multihit_lof	0	3	0.485426827170242	0	0	TRUE	FALSE	1	1	TCGA_ESCC_DR45_five_layer_core_94
TCGA-VR-A8ER	ENSG00000074181.9	NOTCH3	strong_patient_level_candidate	mutation_recurrence_hotspot_or_multihit_lof	0	2	0	0	0	TRUE	FALSE	1	1	TCGA_ESCC_DR45_five_layer_core_94
TCGA-VR-A8ET	ENSG00000074181.9	NOTCH3	strong_patient_level_candidate	mutation_recurrence_hotspot_or_multihit_lof	0	2	0	0	0	TRUE	FALSE	1	1	TCGA_ESCC_DR45_five_layer_core_94
TCGA-VR-A8EU	ENSG00000074181.9	NOTCH3	strong_patient_level_candidate	mutation_recurrence_hotspot_or_multihit_lof	0	3	0	0	0	TRUE	FALSE	1	1	TCGA_ESCC_DR45_five_layer_core_94
TCGA-VR-A8EW	ENSG00000074181.9	NOTCH3	strong_patient_level_candidate	mutation_recurrence_hotspot_or_multihit_lof	0	3	0	0	0	TRUE	FALSE	1	1	TCGA_ESCC_DR45_five_layer_core_94
TCGA-VR-A8EX	ENSG00000074181.9	NOTCH3	strong_patient_level_candidate	mutation_recurrence_hotspot_or_multihit_lof	0	4	0.0692668696584539	0	0	TRUE	FALSE	1	1	TCGA_ESCC_DR45_five_layer_core_94
TCGA-VR-A8EY	ENSG00000074181.9	NOTCH3	strong_patient_level_candidate	mutation_recurrence_hotspot_or_multihit_lof	0	2	0	0	0	TRUE	FALSE	1	1	TCGA_ESCC_DR45_five_layer_core_94
TCGA-VR-A8EZ	ENSG00000074181.9	NOTCH3	strong_patient_level_candidate	mutation_recurrence_hotspot_or_multihit_lof	0	5	0.652076696579693	0	0	TRUE	FALSE	1	1	TCGA_ESCC_DR45_five_layer_core_94
TCGA-VR-A8Q7	ENSG00000074181.9	NOTCH3	strong_patient_level_candidate	mutation_recurrence_hotspot_or_multihit_lof	0	2	-0.84799690655495	0	0	TRUE	FALSE	1	1	TCGA_ESCC_DR45_five_layer_core_94
TCGA-VR-AA4G	ENSG00000074181.9	NOTCH3	strong_patient_level_candidate	mutation_recurrence_hotspot_or_multihit_lof	0	2	0	0	0	TRUE	FALSE	1	1	TCGA_ESCC_DR45_five_layer_core_94
TCGA-VR-AA7B	ENSG00000074181.9	NOTCH3	strong_patient_level_candidate	mutation_recurrence_hotspot_or_multihit_lof	0	3	0	0	0	TRUE	FALSE	1	1	TCGA_ESCC_DR45_five_layer_core_94
TCGA-VR-AA7D	ENSG00000074181.9	NOTCH3	strong_patient_level_candidate	mutation_recurrence_hotspot_or_multihit_lof	1	2	0	0	0	TRUE	FALSE	1	1	TCGA_ESCC_DR45_five_layer_core_94
TCGA-VR-AA7I	ENSG00000074181.9	NOTCH3	strong_patient_level_candidate	mutation_recurrence_hotspot_or_multihit_lof	0	3	0	0	0	TRUE	FALSE	1	1	TCGA_ESCC_DR45_five_layer_core_94
TCGA-XP-A8T6	ENSG00000074181.9	NOTCH3	strong_patient_level_candidate	mutation_recurrence_hotspot_or_multihit_lof	0	6	0.893084796083488	1	0	TRUE	FALSE	1	1	TCGA_ESCC_DR45_five_layer_core_94
TCGA-XP-A8T8	ENSG00000074181.9	NOTCH3	strong_patient_level_candidate	mutation_recurrence_hotspot_or_multihit_lof	0	4	0.362570079384708	0	0	TRUE	FALSE	1	1	TCGA_ESCC_DR45_five_layer_core_94
TCGA-Z6-A8JD	ENSG00000074181.9	NOTCH3	strong_patient_level_candidate	mutation_recurrence_hotspot_or_multihit_lof	1	2	0	0	0	TRUE	FALSE	1	1	TCGA_ESCC_DR45_five_layer_core_94
TCGA-Z6-A8JE	ENSG00000074181.9	NOTCH3	strong_patient_level_candidate	mutation_recurrence_hotspot_or_multihit_lof	0	3	0.485426827170242	0	0	TRUE	FALSE	1	1	TCGA_ESCC_DR45_five_layer_core_94
TCGA-Z6-A9VB	ENSG00000074181.9	NOTCH3	strong_patient_level_candidate	mutation_recurrence_hotspot_or_multihit_lof	0	2	0	0	0	TRUE	FALSE	1	1	TCGA_ESCC_DR45_five_layer_core_94
TCGA-Z6-AAPN	ENSG00000074181.9	NOTCH3	strong_patient_level_candidate	mutation_recurrence_hotspot_or_multihit_lof	0	2	-0.485426827170242	0	0	TRUE	FALSE	1	1	TCGA_ESCC_DR45_five_layer_core_94
TCGA-IC-A6RF	ENSG00000185920.16	PTCH1	strong_patient_level_candidate	mutation_recurrence_hotspot_or_multihit_lof	0	4	0	0	0	TRUE	FALSE	1	1	TCGA_ESCC_DR45_five_layer_core_94
TCGA-IG-A3I8	ENSG00000185920.16	PTCH1	strong_patient_level_candidate	mutation_recurrence_hotspot_or_multihit_lof	0	4	0	0	0	TRUE	FALSE	1	1	TCGA_ESCC_DR45_five_layer_core_94
TCGA-IG-A3QL	ENSG00000185920.16	PTCH1	strong_patient_level_candidate	mutation_recurrence_hotspot_or_multihit_lof	1	3	0	0	0	TRUE	FALSE	1	1	TCGA_ESCC_DR45_five_layer_core_94
TCGA-IG-A3Y9	ENSG00000185920.16	PTCH1	strong_patient_level_candidate	mutation_recurrence_hotspot_or_multihit_lof	0	2	-0.485426827170242	0	0	TRUE	FALSE	1	1	TCGA_ESCC_DR45_five_layer_core_94
TCGA-IG-A3YA	ENSG00000185920.16	PTCH1	strong_patient_level_candidate	mutation_recurrence_hotspot_or_multihit_lof	0	2	-0.485426827170242	0	0	TRUE	FALSE	1	1	TCGA_ESCC_DR45_five_layer_core_94
TCGA-IG-A3YB	ENSG00000185920.16	PTCH1	strong_patient_level_candidate	mutation_recurrence_hotspot_or_multihit_lof	0	3	0	0	0	TRUE	FALSE	1	1	TCGA_ESCC_DR45_five_layer_core_94
TCGA-IG-A3YC	ENSG00000185920.16	PTCH1	strong_patient_level_candidate	mutation_recurrence_hotspot_or_multihit_lof	0	3	0	0	0	TRUE	FALSE	1	1	TCGA_ESCC_DR45_five_layer_core_94
TCGA-IG-A4P3	ENSG00000185920.16	PTCH1	strong_patient_level_candidate	mutation_recurrence_hotspot_or_multihit_lof	0	3	-0.362570079384708	0	0	TRUE	FALSE	1	1	TCGA_ESCC_DR45_five_layer_core_94
TCGA-IG-A4QT	ENSG00000185920.16	PTCH1	strong_patient_level_candidate	mutation_recurrence_hotspot_or_multihit_lof	0	2	0	0	0	TRUE	FALSE	1	1	TCGA_ESCC_DR45_five_layer_core_94
TCGA-IG-A50L	ENSG00000185920.16	PTCH1	strong_patient_level_candidate	mutation_recurrence_hotspot_or_multihit_lof	0	5	0.652076696579693	0	0	TRUE	FALSE	1	1	TCGA_ESCC_DR45_five_layer_core_94
TCGA-IG-A51D	ENSG00000185920.16	PTCH1	strong_patient_level_candidate	mutation_recurrence_hotspot_or_multihit_lof	0	3	0	0	0	TRUE	FALSE	1	1	TCGA_ESCC_DR45_five_layer_core_94
TCGA-IG-A5B8	ENSG00000185920.16	PTCH1	strong_patient_level_candidate	mutation_recurrence_hotspot_or_multihit_lof	0	1	-0.736965594166206	0	0	TRUE	FALSE	1	1	TCGA_ESCC_DR45_five_layer_core_94
TCGA-IG-A5S3	ENSG00000185920.16	PTCH1	strong_patient_level_candidate	mutation_recurrence_hotspot_or_multihit_lof	0	4	-0.289506617194985	0	0	TRUE	FALSE	1	1	TCGA_ESCC_DR45_five_layer_core_94
TCGA-IG-A625	ENSG00000185920.16	PTCH1	strong_patient_level_candidate	mutation_recurrence_hotspot_or_multihit_lof	0	6	0.53051471669878	0	0	TRUE	FALSE	1	1	TCGA_ESCC_DR45_five_layer_core_94
TCGA-IG-A6QS	ENSG00000185920.16	PTCH1	strong_patient_level_candidate	mutation_recurrence_hotspot_or_multihit_lof	0	4	0.84799690655495	1	0	TRUE	FALSE	1	1	TCGA_ESCC_DR45_five_layer_core_94
TCGA-IG-A8O2	ENSG00000185920.16	PTCH1	strong_patient_level_candidate	mutation_recurrence_hotspot_or_multihit_lof	0	2	-0.485426827170242	0	0	TRUE	FALSE	1	1	TCGA_ESCC_DR45_five_layer_core_94
TCGA-IG-A97H	ENSG00000185920.16	PTCH1	strong_patient_level_candidate	mutation_recurrence_hotspot_or_multihit_lof	0	2	0	0	0	TRUE	FALSE	1	1	TCGA_ESCC_DR45_five_layer_core_94
TCGA-IG-A97I	ENSG00000185920.16	PTCH1	strong_patient_level_candidate	mutation_recurrence_hotspot_or_multihit_lof	0	2	0	0	0	TRUE	FALSE	1	1	TCGA_ESCC_DR45_five_layer_core_94
TCGA-JY-A6FA	ENSG00000185920.16	PTCH1	strong_patient_level_candidate	mutation_recurrence_hotspot_or_multihit_lof	0	2	0	0	0	TRUE	FALSE	1	1	TCGA_ESCC_DR45_five_layer_core_94
TCGA-JY-A6FD	ENSG00000185920.16	PTCH1	strong_patient_level_candidate	mutation_recurrence_hotspot_or_multihit_lof	0	2	0	0	0	TRUE	FALSE	1	1	TCGA_ESCC_DR45_five_layer_core_94
TCGA-JY-A6FE	ENSG00000185920.16	PTCH1	strong_patient_level_candidate	mutation_recurrence_hotspot_or_multihit_lof	0	4	0.84799690655495	1	0	TRUE	FALSE	1	1	TCGA_ESCC_DR45_five_layer_core_94
TCGA-JY-A6FG	ENSG00000185920.16	PTCH1	strong_patient_level_candidate	mutation_recurrence_hotspot_or_multihit_lof	0	2	0	0	0	TRUE	FALSE	1	1	TCGA_ESCC_DR45_five_layer_core_94
TCGA-JY-A93F	ENSG00000185920.16	PTCH1	strong_patient_level_candidate	mutation_recurrence_hotspot_or_multihit_lof	0	2	0	0	0	TRUE	FALSE	1	1	TCGA_ESCC_DR45_five_layer_core_94
TCGA-KH-A6WC	ENSG00000185920.16	PTCH1	strong_patient_level_candidate	mutation_recurrence_hotspot_or_multihit_lof	0	2	0	0	0	TRUE	FALSE	1	1	TCGA_ESCC_DR45_five_layer_core_94
TCGA-L5-A43H	ENSG00000185920.16	PTCH1	strong_patient_level_candidate	mutation_recurrence_hotspot_or_multihit_lof	0	4	0.362570079384708	0	0	TRUE	FALSE	1	1	TCGA_ESCC_DR45_five_layer_core_94
TCGA-L5-A43J	ENSG00000185920.16	PTCH1	strong_patient_level_candidate	mutation_recurrence_hotspot_or_multihit_lof	1	3	0	0	0	TRUE	FALSE	1	1	TCGA_ESCC_DR45_five_layer_core_94
TCGA-L5-A4OM	ENSG00000185920.16	PTCH1	strong_patient_level_candidate	mutation_recurrence_hotspot_or_multihit_lof	0	2	-0.485426827170242	0	0	TRUE	FALSE	1	1	TCGA_ESCC_DR45_five_layer_core_94
TCGA-L5-A88S	ENSG00000185920.16	PTCH1	strong_patient_level_candidate	mutation_recurrence_hotspot_or_multihit_lof	0	1	-0.736965594166206	0	0	TRUE	FALSE	1	1	TCGA_ESCC_DR45_five_layer_core_94
TCGA-L5-A88W	ENSG00000185920.16	PTCH1	strong_patient_level_candidate	mutation_recurrence_hotspot_or_multihit_lof	0	2	0	0	0	TRUE	FALSE	1	1	TCGA_ESCC_DR45_five_layer_core_94
TCGA-L5-A88Z	ENSG00000185920.16	PTCH1	strong_patient_level_candidate	mutation_recurrence_hotspot_or_multihit_lof	0	2	0	0	0	TRUE	FALSE	1	1	TCGA_ESCC_DR45_five_layer_core_94
TCGA-L5-A8NK	ENSG00000185920.16	PTCH1	strong_patient_level_candidate	mutation_recurrence_hotspot_or_multihit_lof	0	3	0	0	0	TRUE	FALSE	1	1	TCGA_ESCC_DR45_five_layer_core_94
TCGA-L5-A8NQ	ENSG00000185920.16	PTCH1	strong_patient_level_candidate	mutation_recurrence_hotspot_or_multihit_lof	0	1	0	0	0	TRUE	FALSE	1	1	TCGA_ESCC_DR45_five_layer_core_94
TCGA-L7-A56G	ENSG00000185920.16	PTCH1	strong_patient_level_candidate	mutation_recurrence_hotspot_or_multihit_lof	0	2	-0.485426827170242	0	0	TRUE	FALSE	1	1	TCGA_ESCC_DR45_five_layer_core_94
TCGA-LN-A49K	ENSG00000185920.16	PTCH1	strong_patient_level_candidate	mutation_recurrence_hotspot_or_multihit_lof	0	4	0.362570079384708	0	0	TRUE	FALSE	1	1	TCGA_ESCC_DR45_five_layer_core_94
TCGA-LN-A49L	ENSG00000185920.16	PTCH1	strong_patient_level_candidate	mutation_recurrence_hotspot_or_multihit_lof	0	3	0.426881373801257	0	0	TRUE	FALSE	1	1	TCGA_ESCC_DR45_five_layer_core_94
TCGA-LN-A49M	ENSG00000185920.16	PTCH1	strong_patient_level_candidate	mutation_recurrence_hotspot_or_multihit_lof	0	2	0	0	0	TRUE	FALSE	1	1	TCGA_ESCC_DR45_five_layer_core_94
TCGA-LN-A49N	ENSG00000185920.16	PTCH1	strong_patient_level_candidate	mutation_recurrence_hotspot_or_multihit_lof	0	3	0.485426827170242	0	0	TRUE	FALSE	1	1	TCGA_ESCC_DR45_five_layer_core_94
TCGA-LN-A49O	ENSG00000185920.16	PTCH1	strong_patient_level_candidate	mutation_recurrence_hotspot_or_multihit_lof	0	7	1.09953567355091	1	0	TRUE	FALSE	1	1	TCGA_ESCC_DR45_five_layer_core_94
TCGA-LN-A49P	ENSG00000185920.16	PTCH1	strong_patient_level_candidate	mutation_recurrence_hotspot_or_multihit_lof	0	3	0.485426827170242	0	0	TRUE	FALSE	1	1	TCGA_ESCC_DR45_five_layer_core_94
TCGA-LN-A49R	ENSG00000185920.16	PTCH1	strong_patient_level_candidate	mutation_recurrence_hotspot_or_multihit_lof	1	3	0	0	0	TRUE	FALSE	1	1	TCGA_ESCC_DR45_five_layer_core_94
TCGA-LN-A49S	ENSG00000185920.16	PTCH1	strong_patient_level_candidate	mutation_recurrence_hotspot_or_multihit_lof	0	2	0	0	0	TRUE	FALSE	1	1	TCGA_ESCC_DR45_five_layer_core_94
TCGA-LN-A49U	ENSG00000185920.16	PTCH1	strong_patient_level_candidate	mutation_recurrence_hotspot_or_multihit_lof	0	2	0	0	0	TRUE	FALSE	1	1	TCGA_ESCC_DR45_five_layer_core_94
TCGA-LN-A49W	ENSG00000185920.16	PTCH1	strong_patient_level_candidate	mutation_recurrence_hotspot_or_multihit_lof	0	3	0	0	0	TRUE	FALSE	1	1	TCGA_ESCC_DR45_five_layer_core_94
TCGA-LN-A49X	ENSG00000185920.16	PTCH1	strong_patient_level_candidate	mutation_recurrence_hotspot_or_multihit_lof	0	2	0	0	0	TRUE	FALSE	1	1	TCGA_ESCC_DR45_five_layer_core_94
TCGA-LN-A49Y	ENSG00000185920.16	PTCH1	strong_patient_level_candidate	mutation_recurrence_hotspot_or_multihit_lof	0	1	-0.736965594166206	0	0	TRUE	FALSE	1	1	TCGA_ESCC_DR45_five_layer_core_94
TCGA-LN-A4A1	ENSG00000185920.16	PTCH1	strong_patient_level_candidate	mutation_recurrence_hotspot_or_multihit_lof	0	2	-0.485426827170242	0	0	TRUE	FALSE	1	1	TCGA_ESCC_DR45_five_layer_core_94
TCGA-LN-A4A2	ENSG00000185920.16	PTCH1	strong_patient_level_candidate	mutation_recurrence_hotspot_or_multihit_lof	0	4	0.362570079384708	0	0	TRUE	FALSE	1	1	TCGA_ESCC_DR45_five_layer_core_94
TCGA-LN-A4A3	ENSG00000185920.16	PTCH1	strong_patient_level_candidate	mutation_recurrence_hotspot_or_multihit_lof	0	1	0	0	0	TRUE	FALSE	1	1	TCGA_ESCC_DR45_five_layer_core_94
TCGA-LN-A4A4	ENSG00000185920.16	PTCH1	strong_patient_level_candidate	mutation_recurrence_hotspot_or_multihit_lof	0	3	0.485426827170242	0	0	TRUE	FALSE	1	1	TCGA_ESCC_DR45_five_layer_core_94
TCGA-LN-A4A5	ENSG00000185920.16	PTCH1	strong_patient_level_candidate	mutation_recurrence_hotspot_or_multihit_lof	0	2	0	0	0	TRUE	FALSE	1	1	TCGA_ESCC_DR45_five_layer_core_94
TCGA-LN-A4A6	ENSG00000185920.16	PTCH1	strong_patient_level_candidate	mutation_recurrence_hotspot_or_multihit_lof	0	2	-0.485426827170242	0	0	TRUE	FALSE	1	1	TCGA_ESCC_DR45_five_layer_core_94
TCGA-LN-A4A8	ENSG00000185920.16	PTCH1	strong_patient_level_candidate	mutation_recurrence_hotspot_or_multihit_lof	0	2	0	0	0	TRUE	FALSE	1	1	TCGA_ESCC_DR45_five_layer_core_94
TCGA-LN-A4A9	ENSG00000185920.16	PTCH1	strong_patient_level_candidate	mutation_recurrence_hotspot_or_multihit_lof	0	3	0.485426827170242	0	0	TRUE	FALSE	1	1	TCGA_ESCC_DR45_five_layer_core_94
TCGA-LN-A4MQ	ENSG00000185920.16	PTCH1	strong_patient_level_candidate	mutation_recurrence_hotspot_or_multihit_lof	0	5	0.652076696579693	0	0	TRUE	FALSE	1	1	TCGA_ESCC_DR45_five_layer_core_94
TCGA-LN-A4MR	ENSG00000185920.16	PTCH1	strong_patient_level_candidate	mutation_recurrence_hotspot_or_multihit_lof	0	3	0	0	0	TRUE	FALSE	1	1	TCGA_ESCC_DR45_five_layer_core_94
TCGA-LN-A5U5	ENSG00000185920.16	PTCH1	strong_patient_level_candidate	mutation_recurrence_hotspot_or_multihit_lof	0	4	0.84799690655495	1	0	TRUE	FALSE	1	1	TCGA_ESCC_DR45_five_layer_core_94
TCGA-LN-A5U6	ENSG00000185920.16	PTCH1	strong_patient_level_candidate	mutation_recurrence_hotspot_or_multihit_lof	0	3	0	0	0	TRUE	FALSE	1	1	TCGA_ESCC_DR45_five_layer_core_94
TCGA-LN-A5U7	ENSG00000185920.16	PTCH1	strong_patient_level_candidate	mutation_recurrence_hotspot_or_multihit_lof	0	4	0.362570079384708	0	0	TRUE	FALSE	1	1	TCGA_ESCC_DR45_five_layer_core_94
TCGA-LN-A7HV	ENSG00000185920.16	PTCH1	strong_patient_level_candidate	mutation_recurrence_hotspot_or_multihit_lof	0	2	0	0	0	TRUE	FALSE	1	1	TCGA_ESCC_DR45_five_layer_core_94
TCGA-LN-A7HW	ENSG00000185920.16	PTCH1	strong_patient_level_candidate	mutation_recurrence_hotspot_or_multihit_lof	0	2	-0.485426827170242	0	0	TRUE	FALSE	1	1	TCGA_ESCC_DR45_five_layer_core_94
TCGA-LN-A7HX	ENSG00000185920.16	PTCH1	strong_patient_level_candidate	mutation_recurrence_hotspot_or_multihit_lof	0	3	-0.362570079384708	0	0	TRUE	FALSE	1	1	TCGA_ESCC_DR45_five_layer_core_94
TCGA-LN-A7HY	ENSG00000185920.16	PTCH1	strong_patient_level_candidate	mutation_recurrence_hotspot_or_multihit_lof	0	3	0	0	0	TRUE	FALSE	1	1	TCGA_ESCC_DR45_five_layer_core_94
TCGA-LN-A7HZ	ENSG00000185920.16	PTCH1	strong_patient_level_candidate	mutation_recurrence_hotspot_or_multihit_lof	0	4	0.362570079384708	0	0	TRUE	FALSE	1	1	TCGA_ESCC_DR45_five_layer_core_94
TCGA-LN-A8HZ	ENSG00000185920.16	PTCH1	strong_patient_level_candidate	mutation_recurrence_hotspot_or_multihit_lof	0	5	0.289506617194985	0	0	TRUE	FALSE	1	1	TCGA_ESCC_DR45_five_layer_core_94
TCGA-LN-A8I0	ENSG00000185920.16	PTCH1	strong_patient_level_candidate	mutation_recurrence_hotspot_or_multihit_lof	0	3	0.485426827170242	0	0	TRUE	FALSE	1	1	TCGA_ESCC_DR45_five_layer_core_94
TCGA-LN-A8I1	ENSG00000185920.16	PTCH1	strong_patient_level_candidate	mutation_recurrence_hotspot_or_multihit_lof	0	2	-0.485426827170242	0	0	TRUE	FALSE	1	1	TCGA_ESCC_DR45_five_layer_core_94
TCGA-LN-A9FO	ENSG00000185920.16	PTCH1	strong_patient_level_candidate	mutation_recurrence_hotspot_or_multihit_lof	0	2	-0.485426827170242	0	0	TRUE	FALSE	1	1	TCGA_ESCC_DR45_five_layer_core_94
TCGA-LN-A9FP	ENSG00000185920.16	PTCH1	strong_patient_level_candidate	mutation_recurrence_hotspot_or_multihit_lof	0	2	0	0	0	TRUE	FALSE	1	1	TCGA_ESCC_DR45_five_layer_core_94
TCGA-LN-A9FQ	ENSG00000185920.16	PTCH1	strong_patient_level_candidate	mutation_recurrence_hotspot_or_multihit_lof	0	4	0.362570079384708	0	0	TRUE	FALSE	1	1	TCGA_ESCC_DR45_five_layer_core_94
TCGA-LN-A9FR	ENSG00000185920.16	PTCH1	strong_patient_level_candidate	mutation_recurrence_hotspot_or_multihit_lof	0	4	0.362570079384708	0	0	TRUE	FALSE	1	1	TCGA_ESCC_DR45_five_layer_core_94
TCGA-Q9-A6FU	ENSG00000185920.16	PTCH1	strong_patient_level_candidate	mutation_recurrence_hotspot_or_multihit_lof	0	2	0	0	0	TRUE	FALSE	1	1	TCGA_ESCC_DR45_five_layer_core_94
TCGA-S8-A6BW	ENSG00000185920.16	PTCH1	strong_patient_level_candidate	mutation_recurrence_hotspot_or_multihit_lof	0	5	0.652076696579693	0	0	TRUE	FALSE	1	1	TCGA_ESCC_DR45_five_layer_core_94
TCGA-V5-A7RC	ENSG00000185920.16	PTCH1	strong_patient_level_candidate	mutation_recurrence_hotspot_or_multihit_lof	1	3	-0.362570079384708	0	0	TRUE	FALSE	1	1	TCGA_ESCC_DR45_five_layer_core_94
TCGA-V5-AASV	ENSG00000185920.16	PTCH1	strong_patient_level_candidate	mutation_recurrence_hotspot_or_multihit_lof	0	2	0	0	0	TRUE	FALSE	1	1	TCGA_ESCC_DR45_five_layer_core_94
TCGA-VR-A8EO	ENSG00000185920.16	PTCH1	strong_patient_level_candidate	mutation_recurrence_hotspot_or_multihit_lof	0	3	-0.362570079384708	0	0	TRUE	FALSE	1	1	TCGA_ESCC_DR45_five_layer_core_94
TCGA-VR-A8EP	ENSG00000185920.16	PTCH1	strong_patient_level_candidate	mutation_recurrence_hotspot_or_multihit_lof	0	1	-0.736965594166206	0	0	TRUE	FALSE	1	1	TCGA_ESCC_DR45_five_layer_core_94
TCGA-VR-A8ER	ENSG00000185920.16	PTCH1	strong_patient_level_candidate	mutation_recurrence_hotspot_or_multihit_lof	0	4	0.84799690655495	1	0	TRUE	FALSE	1	1	TCGA_ESCC_DR45_five_layer_core_94
TCGA-VR-A8ET	ENSG00000185920.16	PTCH1	strong_patient_level_candidate	mutation_recurrence_hotspot_or_multihit_lof	0	2	0	0	0	TRUE	FALSE	1	1	TCGA_ESCC_DR45_five_layer_core_94
TCGA-VR-A8EU	ENSG00000185920.16	PTCH1	strong_patient_level_candidate	mutation_recurrence_hotspot_or_multihit_lof	1	3	0	0	0	TRUE	FALSE	1	1	TCGA_ESCC_DR45_five_layer_core_94
TCGA-VR-A8EW	ENSG00000185920.16	PTCH1	strong_patient_level_candidate	mutation_recurrence_hotspot_or_multihit_lof	1	3	0	0	0	TRUE	FALSE	1	1	TCGA_ESCC_DR45_five_layer_core_94
TCGA-VR-A8EX	ENSG00000185920.16	PTCH1	strong_patient_level_candidate	mutation_recurrence_hotspot_or_multihit_lof	0	3	-0.293303209726254	0	0	TRUE	FALSE	1	1	TCGA_ESCC_DR45_five_layer_core_94
TCGA-VR-A8EY	ENSG00000185920.16	PTCH1	strong_patient_level_candidate	mutation_recurrence_hotspot_or_multihit_lof	0	2	0	0	0	TRUE	FALSE	1	1	TCGA_ESCC_DR45_five_layer_core_94
TCGA-VR-A8EZ	ENSG00000185920.16	PTCH1	strong_patient_level_candidate	mutation_recurrence_hotspot_or_multihit_lof	0	3	0	0	0	TRUE	FALSE	1	1	TCGA_ESCC_DR45_five_layer_core_94
TCGA-VR-A8Q7	ENSG00000185920.16	PTCH1	strong_patient_level_candidate	mutation_recurrence_hotspot_or_multihit_lof	0	3	-0.362570079384708	0	0	TRUE	FALSE	1	1	TCGA_ESCC_DR45_five_layer_core_94
TCGA-VR-AA4G	ENSG00000185920.16	PTCH1	strong_patient_level_candidate	mutation_recurrence_hotspot_or_multihit_lof	0	3	0.485426827170242	0	0	TRUE	FALSE	1	1	TCGA_ESCC_DR45_five_layer_core_94
TCGA-VR-AA7B	ENSG00000185920.16	PTCH1	strong_patient_level_candidate	mutation_recurrence_hotspot_or_multihit_lof	0	2	-0.485426827170242	0	0	TRUE	FALSE	1	1	TCGA_ESCC_DR45_five_layer_core_94
TCGA-VR-AA7D	ENSG00000185920.16	PTCH1	strong_patient_level_candidate	mutation_recurrence_hotspot_or_multihit_lof	0	4	0.84799690655495	1	0	TRUE	FALSE	1	1	TCGA_ESCC_DR45_five_layer_core_94
TCGA-VR-AA7I	ENSG00000185920.16	PTCH1	strong_patient_level_candidate	mutation_recurrence_hotspot_or_multihit_lof	0	3	0	0	0	TRUE	FALSE	1	1	TCGA_ESCC_DR45_five_layer_core_94
TCGA-XP-A8T6	ENSG00000185920.16	PTCH1	strong_patient_level_candidate	mutation_recurrence_hotspot_or_multihit_lof	0	3	0	0	0	TRUE	FALSE	1	1	TCGA_ESCC_DR45_five_layer_core_94
TCGA-XP-A8T8	ENSG00000185920.16	PTCH1	strong_patient_level_candidate	mutation_recurrence_hotspot_or_multihit_lof	1	3	0	0	0	TRUE	FALSE	1	1	TCGA_ESCC_DR45_five_layer_core_94
TCGA-Z6-A8JD	ENSG00000185920.16	PTCH1	strong_patient_level_candidate	mutation_recurrence_hotspot_or_multihit_lof	0	1	-0.736965594166206	0	0	TRUE	FALSE	1	1	TCGA_ESCC_DR45_five_layer_core_94
TCGA-Z6-A8JE	ENSG00000185920.16	PTCH1	strong_patient_level_candidate	mutation_recurrence_hotspot_or_multihit_lof	0	1	-0.736965594166206	0	0	TRUE	FALSE	1	1	TCGA_ESCC_DR45_five_layer_core_94
TCGA-Z6-A9VB	ENSG00000185920.16	PTCH1	strong_patient_level_candidate	mutation_recurrence_hotspot_or_multihit_lof	0	2	0	0	0	TRUE	FALSE	1	1	TCGA_ESCC_DR45_five_layer_core_94
TCGA-Z6-AAPN	ENSG00000185920.16	PTCH1	strong_patient_level_candidate	mutation_recurrence_hotspot_or_multihit_lof	0	4	0.362570079384708	0	0	TRUE	FALSE	1	1	TCGA_ESCC_DR45_five_layer_core_94
TCGA-IC-A6RF	ENSG00000100393.14	EP300	strong_patient_level_candidate	mutation_recurrence_hotspot_or_multihit_lof	0	4	0	0	0	TRUE	FALSE	1	1	TCGA_ESCC_DR45_five_layer_core_94
TCGA-IG-A3I8	ENSG00000100393.14	EP300	strong_patient_level_candidate	mutation_recurrence_hotspot_or_multihit_lof	0	3	-0.362570079384708	0	0	TRUE	FALSE	1	1	TCGA_ESCC_DR45_five_layer_core_94
TCGA-IG-A3QL	ENSG00000100393.14	EP300	strong_patient_level_candidate	mutation_recurrence_hotspot_or_multihit_lof	0	4	0.362570079384708	0	0	TRUE	FALSE	1	1	TCGA_ESCC_DR45_five_layer_core_94
TCGA-IG-A3Y9	ENSG00000100393.14	EP300	strong_patient_level_candidate	mutation_recurrence_hotspot_or_multihit_lof	0	5	0.652076696579693	0	0	TRUE	FALSE	1	1	TCGA_ESCC_DR45_five_layer_core_94
TCGA-IG-A3YA	ENSG00000100393.14	EP300	strong_patient_level_candidate	mutation_recurrence_hotspot_or_multihit_lof	0	4	0.362570079384708	0	0	TRUE	FALSE	1	1	TCGA_ESCC_DR45_five_layer_core_94
TCGA-IG-A3YB	ENSG00000100393.14	EP300	strong_patient_level_candidate	mutation_recurrence_hotspot_or_multihit_lof	0	2	-0.485426827170242	0	0	TRUE	FALSE	1	1	TCGA_ESCC_DR45_five_layer_core_94
TCGA-IG-A3YC	ENSG00000100393.14	EP300	strong_patient_level_candidate	mutation_recurrence_hotspot_or_multihit_lof	0	3	0	0	0	TRUE	FALSE	1	1	TCGA_ESCC_DR45_five_layer_core_94
TCGA-IG-A4P3	ENSG00000100393.14	EP300	strong_patient_level_candidate	mutation_recurrence_hotspot_or_multihit_lof	0	3	-0.362570079384708	0	0	TRUE	FALSE	1	1	TCGA_ESCC_DR45_five_layer_core_94
TCGA-IG-A4QT	ENSG00000100393.14	EP300	strong_patient_level_candidate	mutation_recurrence_hotspot_or_multihit_lof	0	2	0	0	0	TRUE	FALSE	1	1	TCGA_ESCC_DR45_five_layer_core_94
TCGA-IG-A50L	ENSG00000100393.14	EP300	strong_patient_level_candidate	mutation_recurrence_hotspot_or_multihit_lof	0	3	0	0	0	TRUE	FALSE	1	1	TCGA_ESCC_DR45_five_layer_core_94
TCGA-IG-A51D	ENSG00000100393.14	EP300	strong_patient_level_candidate	mutation_recurrence_hotspot_or_multihit_lof	1	3	0	0	0	TRUE	FALSE	1	1	TCGA_ESCC_DR45_five_layer_core_94
TCGA-IG-A5B8	ENSG00000100393.14	EP300	strong_patient_level_candidate	mutation_recurrence_hotspot_or_multihit_lof	1	1	-0.736965594166206	0	0	TRUE	FALSE	1	1	TCGA_ESCC_DR45_five_layer_core_94
TCGA-IG-A5S3	ENSG00000100393.14	EP300	strong_patient_level_candidate	mutation_recurrence_hotspot_or_multihit_lof	0	3	-0.652076696579693	0	0	TRUE	FALSE	1	1	TCGA_ESCC_DR45_five_layer_core_94
TCGA-IG-A625	ENSG00000100393.14	EP300	strong_patient_level_candidate	mutation_recurrence_hotspot_or_multihit_lof	0	4	0	0	0	TRUE	FALSE	1	1	TCGA_ESCC_DR45_five_layer_core_94
TCGA-IG-A6QS	ENSG00000100393.14	EP300	strong_patient_level_candidate	mutation_recurrence_hotspot_or_multihit_lof	0	2	0	0	0	TRUE	FALSE	1	1	TCGA_ESCC_DR45_five_layer_core_94
TCGA-IG-A8O2	ENSG00000100393.14	EP300	strong_patient_level_candidate	mutation_recurrence_hotspot_or_multihit_lof	0	2	-0.485426827170242	0	0	TRUE	FALSE	1	1	TCGA_ESCC_DR45_five_layer_core_94
TCGA-IG-A97H	ENSG00000100393.14	EP300	strong_patient_level_candidate	mutation_recurrence_hotspot_or_multihit_lof	0	2	0	0	0	TRUE	FALSE	1	1	TCGA_ESCC_DR45_five_layer_core_94
TCGA-IG-A97I	ENSG00000100393.14	EP300	strong_patient_level_candidate	mutation_recurrence_hotspot_or_multihit_lof	0	2	0	0	0	TRUE	FALSE	1	1	TCGA_ESCC_DR45_five_layer_core_94
TCGA-JY-A6FA	ENSG00000100393.14	EP300	strong_patient_level_candidate	mutation_recurrence_hotspot_or_multihit_lof	0	2	0	0	0	TRUE	FALSE	1	1	TCGA_ESCC_DR45_five_layer_core_94
TCGA-JY-A6FD	ENSG00000100393.14	EP300	strong_patient_level_candidate	mutation_recurrence_hotspot_or_multihit_lof	0	2	0	0	0	TRUE	FALSE	1	1	TCGA_ESCC_DR45_five_layer_core_94
TCGA-JY-A6FE	ENSG00000100393.14	EP300	strong_patient_level_candidate	mutation_recurrence_hotspot_or_multihit_lof	0	2	0	0	0	TRUE	FALSE	1	1	TCGA_ESCC_DR45_five_layer_core_94
TCGA-JY-A6FG	ENSG00000100393.14	EP300	strong_patient_level_candidate	mutation_recurrence_hotspot_or_multihit_lof	0	2	0	0	0	TRUE	FALSE	1	1	TCGA_ESCC_DR45_five_layer_core_94
TCGA-JY-A93F	ENSG00000100393.14	EP300	strong_patient_level_candidate	mutation_recurrence_hotspot_or_multihit_lof	0	2	0	0	0	TRUE	FALSE	1	1	TCGA_ESCC_DR45_five_layer_core_94
TCGA-KH-A6WC	ENSG00000100393.14	EP300	strong_patient_level_candidate	mutation_recurrence_hotspot_or_multihit_lof	0	2	0	0	0	TRUE	FALSE	1	1	TCGA_ESCC_DR45_five_layer_core_94
TCGA-L5-A43H	ENSG00000100393.14	EP300	strong_patient_level_candidate	mutation_recurrence_hotspot_or_multihit_lof	0	3	0	0	0	TRUE	FALSE	1	1	TCGA_ESCC_DR45_five_layer_core_94
TCGA-L5-A43J	ENSG00000100393.14	EP300	strong_patient_level_candidate	mutation_recurrence_hotspot_or_multihit_lof	0	4	0.362570079384708	0	0	TRUE	FALSE	1	1	TCGA_ESCC_DR45_five_layer_core_94
TCGA-L5-A4OM	ENSG00000100393.14	EP300	strong_patient_level_candidate	mutation_recurrence_hotspot_or_multihit_lof	0	4	0.362570079384708	0	0	TRUE	FALSE	1	1	TCGA_ESCC_DR45_five_layer_core_94
TCGA-L5-A88S	ENSG00000100393.14	EP300	strong_patient_level_candidate	mutation_recurrence_hotspot_or_multihit_lof	0	2	0	0	0	TRUE	FALSE	1	1	TCGA_ESCC_DR45_five_layer_core_94
TCGA-L5-A88W	ENSG00000100393.14	EP300	strong_patient_level_candidate	mutation_recurrence_hotspot_or_multihit_lof	0	2	0	0	0	TRUE	FALSE	1	1	TCGA_ESCC_DR45_five_layer_core_94
TCGA-L5-A88Z	ENSG00000100393.14	EP300	strong_patient_level_candidate	mutation_recurrence_hotspot_or_multihit_lof	0	2	0	0	0	TRUE	FALSE	1	1	TCGA_ESCC_DR45_five_layer_core_94
TCGA-L5-A8NK	ENSG00000100393.14	EP300	strong_patient_level_candidate	mutation_recurrence_hotspot_or_multihit_lof	0	2	-0.485426827170242	0	0	TRUE	FALSE	1	1	TCGA_ESCC_DR45_five_layer_core_94
TCGA-L5-A8NQ	ENSG00000100393.14	EP300	strong_patient_level_candidate	mutation_recurrence_hotspot_or_multihit_lof	0	2	0.736965594166206	0	0	TRUE	FALSE	1	1	TCGA_ESCC_DR45_five_layer_core_94
TCGA-L7-A56G	ENSG00000100393.14	EP300	strong_patient_level_candidate	mutation_recurrence_hotspot_or_multihit_lof	0	3	0	0	0	TRUE	FALSE	1	1	TCGA_ESCC_DR45_five_layer_core_94
TCGA-LN-A49K	ENSG00000100393.14	EP300	strong_patient_level_candidate	mutation_recurrence_hotspot_or_multihit_lof	0	2	-0.485426827170242	0	0	TRUE	FALSE	1	1	TCGA_ESCC_DR45_five_layer_core_94
TCGA-LN-A49L	ENSG00000100393.14	EP300	strong_patient_level_candidate	mutation_recurrence_hotspot_or_multihit_lof	0	2	-0.0585454533689845	0	0	TRUE	FALSE	1	1	TCGA_ESCC_DR45_five_layer_core_94
TCGA-LN-A49M	ENSG00000100393.14	EP300	strong_patient_level_candidate	mutation_recurrence_hotspot_or_multihit_lof	0	2	0	0	0	TRUE	FALSE	1	1	TCGA_ESCC_DR45_five_layer_core_94
TCGA-LN-A49N	ENSG00000100393.14	EP300	strong_patient_level_candidate	mutation_recurrence_hotspot_or_multihit_lof	0	2	0	0	0	TRUE	FALSE	1	1	TCGA_ESCC_DR45_five_layer_core_94
TCGA-LN-A49O	ENSG00000100393.14	EP300	strong_patient_level_candidate	mutation_recurrence_hotspot_or_multihit_lof	0	2	-0.485426827170242	0	0	TRUE	FALSE	1	1	TCGA_ESCC_DR45_five_layer_core_94
TCGA-LN-A49P	ENSG00000100393.14	EP300	strong_patient_level_candidate	mutation_recurrence_hotspot_or_multihit_lof	1	2	0	0	0	TRUE	FALSE	1	1	TCGA_ESCC_DR45_five_layer_core_94
TCGA-LN-A49R	ENSG00000100393.14	EP300	strong_patient_level_candidate	mutation_recurrence_hotspot_or_multihit_lof	0	3	0	0	0	TRUE	FALSE	1	1	TCGA_ESCC_DR45_five_layer_core_94
TCGA-LN-A49S	ENSG00000100393.14	EP300	strong_patient_level_candidate	mutation_recurrence_hotspot_or_multihit_lof	0	2	0	0	0	TRUE	FALSE	1	1	TCGA_ESCC_DR45_five_layer_core_94
TCGA-LN-A49U	ENSG00000100393.14	EP300	strong_patient_level_candidate	mutation_recurrence_hotspot_or_multihit_lof	0	2	0	0	0	TRUE	FALSE	1	1	TCGA_ESCC_DR45_five_layer_core_94
TCGA-LN-A49W	ENSG00000100393.14	EP300	strong_patient_level_candidate	mutation_recurrence_hotspot_or_multihit_lof	0	2	-0.485426827170242	0	0	TRUE	FALSE	1	1	TCGA_ESCC_DR45_five_layer_core_94
TCGA-LN-A49X	ENSG00000100393.14	EP300	strong_patient_level_candidate	mutation_recurrence_hotspot_or_multihit_lof	0	1	-0.736965594166206	0	0	TRUE	FALSE	1	1	TCGA_ESCC_DR45_five_layer_core_94
TCGA-LN-A49Y	ENSG00000100393.14	EP300	strong_patient_level_candidate	mutation_recurrence_hotspot_or_multihit_lof	0	2	0	0	0	TRUE	FALSE	1	1	TCGA_ESCC_DR45_five_layer_core_94
TCGA-LN-A4A1	ENSG00000100393.14	EP300	strong_patient_level_candidate	mutation_recurrence_hotspot_or_multihit_lof	0	3	0	0	0	TRUE	FALSE	1	1	TCGA_ESCC_DR45_five_layer_core_94
TCGA-LN-A4A2	ENSG00000100393.14	EP300	strong_patient_level_candidate	mutation_recurrence_hotspot_or_multihit_lof	0	4	0.362570079384708	0	0	TRUE	FALSE	1	1	TCGA_ESCC_DR45_five_layer_core_94
TCGA-LN-A4A3	ENSG00000100393.14	EP300	strong_patient_level_candidate	mutation_recurrence_hotspot_or_multihit_lof	0	1	0	0	0	TRUE	FALSE	1	1	TCGA_ESCC_DR45_five_layer_core_94
TCGA-LN-A4A4	ENSG00000100393.14	EP300	strong_patient_level_candidate	mutation_recurrence_hotspot_or_multihit_lof	0	3	0.485426827170242	0	0	TRUE	FALSE	1	1	TCGA_ESCC_DR45_five_layer_core_94
TCGA-LN-A4A5	ENSG00000100393.14	EP300	strong_patient_level_candidate	mutation_recurrence_hotspot_or_multihit_lof	0	2	0	0	0	TRUE	FALSE	1	1	TCGA_ESCC_DR45_five_layer_core_94
TCGA-LN-A4A6	ENSG00000100393.14	EP300	strong_patient_level_candidate	mutation_recurrence_hotspot_or_multihit_lof	0	4	0.362570079384708	0	0	TRUE	FALSE	1	1	TCGA_ESCC_DR45_five_layer_core_94
TCGA-LN-A4A8	ENSG00000100393.14	EP300	strong_patient_level_candidate	mutation_recurrence_hotspot_or_multihit_lof	0	2	0	0	0	TRUE	FALSE	1	1	TCGA_ESCC_DR45_five_layer_core_94
TCGA-LN-A4A9	ENSG00000100393.14	EP300	strong_patient_level_candidate	mutation_recurrence_hotspot_or_multihit_lof	0	2	0	0	0	TRUE	FALSE	1	1	TCGA_ESCC_DR45_five_layer_core_94
TCGA-LN-A4MQ	ENSG00000100393.14	EP300	strong_patient_level_candidate	mutation_recurrence_hotspot_or_multihit_lof	0	4	0.362570079384708	0	0	TRUE	FALSE	1	1	TCGA_ESCC_DR45_five_layer_core_94
TCGA-LN-A4MR	ENSG00000100393.14	EP300	strong_patient_level_candidate	mutation_recurrence_hotspot_or_multihit_lof	0	3	0	0	0	TRUE	FALSE	1	1	TCGA_ESCC_DR45_five_layer_core_94
TCGA-LN-A5U5	ENSG00000100393.14	EP300	strong_patient_level_candidate	mutation_recurrence_hotspot_or_multihit_lof	0	2	0	0	0	TRUE	FALSE	1	1	TCGA_ESCC_DR45_five_layer_core_94
TCGA-LN-A5U6	ENSG00000100393.14	EP300	strong_patient_level_candidate	mutation_recurrence_hotspot_or_multihit_lof	0	3	0	0	0	TRUE	FALSE	1	1	TCGA_ESCC_DR45_five_layer_core_94
TCGA-LN-A5U7	ENSG00000100393.14	EP300	strong_patient_level_candidate	mutation_recurrence_hotspot_or_multihit_lof	0	3	0	0	0	TRUE	FALSE	1	1	TCGA_ESCC_DR45_five_layer_core_94
TCGA-LN-A7HV	ENSG00000100393.14	EP300	strong_patient_level_candidate	mutation_recurrence_hotspot_or_multihit_lof	0	1	-0.736965594166206	0	0	TRUE	FALSE	1	1	TCGA_ESCC_DR45_five_layer_core_94
TCGA-LN-A7HW	ENSG00000100393.14	EP300	strong_patient_level_candidate	mutation_recurrence_hotspot_or_multihit_lof	0	4	0.362570079384708	0	0	TRUE	FALSE	1	1	TCGA_ESCC_DR45_five_layer_core_94
TCGA-LN-A7HX	ENSG00000100393.14	EP300	strong_patient_level_candidate	mutation_recurrence_hotspot_or_multihit_lof	0	5	0.289506617194985	0	0	TRUE	FALSE	1	1	TCGA_ESCC_DR45_five_layer_core_94
TCGA-LN-A7HY	ENSG00000100393.14	EP300	strong_patient_level_candidate	mutation_recurrence_hotspot_or_multihit_lof	1	3	0	0	0	TRUE	FALSE	1	1	TCGA_ESCC_DR45_five_layer_core_94
TCGA-LN-A7HZ	ENSG00000100393.14	EP300	strong_patient_level_candidate	mutation_recurrence_hotspot_or_multihit_lof	0	2	-0.485426827170242	0	0	TRUE	FALSE	1	1	TCGA_ESCC_DR45_five_layer_core_94
TCGA-LN-A8HZ	ENSG00000100393.14	EP300	strong_patient_level_candidate	mutation_recurrence_hotspot_or_multihit_lof	0	5	0.289506617194985	0	0	TRUE	FALSE	1	1	TCGA_ESCC_DR45_five_layer_core_94
TCGA-LN-A8I0	ENSG00000100393.14	EP300	strong_patient_level_candidate	mutation_recurrence_hotspot_or_multihit_lof	0	2	0	0	0	TRUE	FALSE	1	1	TCGA_ESCC_DR45_five_layer_core_94
TCGA-LN-A8I1	ENSG00000100393.14	EP300	strong_patient_level_candidate	mutation_recurrence_hotspot_or_multihit_lof	0	3	0	0	0	TRUE	FALSE	1	1	TCGA_ESCC_DR45_five_layer_core_94
TCGA-LN-A9FO	ENSG00000100393.14	EP300	strong_patient_level_candidate	mutation_recurrence_hotspot_or_multihit_lof	0	5	0.652076696579693	0	0	TRUE	FALSE	1	1	TCGA_ESCC_DR45_five_layer_core_94
TCGA-LN-A9FP	ENSG00000100393.14	EP300	strong_patient_level_candidate	mutation_recurrence_hotspot_or_multihit_lof	0	2	0	0	0	TRUE	FALSE	1	1	TCGA_ESCC_DR45_five_layer_core_94
TCGA-LN-A9FQ	ENSG00000100393.14	EP300	strong_patient_level_candidate	mutation_recurrence_hotspot_or_multihit_lof	0	4	0.362570079384708	0	0	TRUE	FALSE	1	1	TCGA_ESCC_DR45_five_layer_core_94
TCGA-LN-A9FR	ENSG00000100393.14	EP300	strong_patient_level_candidate	mutation_recurrence_hotspot_or_multihit_lof	0	3	0	0	0	TRUE	FALSE	1	1	TCGA_ESCC_DR45_five_layer_core_94
TCGA-Q9-A6FU	ENSG00000100393.14	EP300	strong_patient_level_candidate	mutation_recurrence_hotspot_or_multihit_lof	0	3	0.485426827170242	0	0	TRUE	FALSE	1	1	TCGA_ESCC_DR45_five_layer_core_94
TCGA-S8-A6BW	ENSG00000100393.14	EP300	strong_patient_level_candidate	mutation_recurrence_hotspot_or_multihit_lof	0	4	0.362570079384708	0	0	TRUE	FALSE	1	1	TCGA_ESCC_DR45_five_layer_core_94
TCGA-V5-A7RC	ENSG00000100393.14	EP300	strong_patient_level_candidate	mutation_recurrence_hotspot_or_multihit_lof	0	4	0	0	0	TRUE	FALSE	1	1	TCGA_ESCC_DR45_five_layer_core_94
TCGA-V5-AASV	ENSG00000100393.14	EP300	strong_patient_level_candidate	mutation_recurrence_hotspot_or_multihit_lof	0	2	0	0	0	TRUE	FALSE	1	1	TCGA_ESCC_DR45_five_layer_core_94
TCGA-VR-A8EO	ENSG00000100393.14	EP300	strong_patient_level_candidate	mutation_recurrence_hotspot_or_multihit_lof	0	3	-0.362570079384708	0	0	TRUE	FALSE	1	1	TCGA_ESCC_DR45_five_layer_core_94
TCGA-VR-A8EP	ENSG00000100393.14	EP300	strong_patient_level_candidate	mutation_recurrence_hotspot_or_multihit_lof	0	2	0	0	0	TRUE	FALSE	1	1	TCGA_ESCC_DR45_five_layer_core_94
TCGA-VR-A8ER	ENSG00000100393.14	EP300	strong_patient_level_candidate	mutation_recurrence_hotspot_or_multihit_lof	0	2	0	0	0	TRUE	FALSE	1	1	TCGA_ESCC_DR45_five_layer_core_94
TCGA-VR-A8ET	ENSG00000100393.14	EP300	strong_patient_level_candidate	mutation_recurrence_hotspot_or_multihit_lof	0	2	0	0	0	TRUE	FALSE	1	1	TCGA_ESCC_DR45_five_layer_core_94
TCGA-VR-A8EU	ENSG00000100393.14	EP300	strong_patient_level_candidate	mutation_recurrence_hotspot_or_multihit_lof	0	3	0	0	0	TRUE	FALSE	1	1	TCGA_ESCC_DR45_five_layer_core_94
TCGA-VR-A8EW	ENSG00000100393.14	EP300	strong_patient_level_candidate	mutation_recurrence_hotspot_or_multihit_lof	0	4	0.362570079384708	0	0	TRUE	FALSE	1	1	TCGA_ESCC_DR45_five_layer_core_94
TCGA-VR-A8EX	ENSG00000100393.14	EP300	strong_patient_level_candidate	mutation_recurrence_hotspot_or_multihit_lof	0	4	0.0692668696584539	0	0	TRUE	FALSE	1	1	TCGA_ESCC_DR45_five_layer_core_94
TCGA-VR-A8EY	ENSG00000100393.14	EP300	strong_patient_level_candidate	mutation_recurrence_hotspot_or_multihit_lof	0	2	0	0	0	TRUE	FALSE	1	1	TCGA_ESCC_DR45_five_layer_core_94
TCGA-VR-A8EZ	ENSG00000100393.14	EP300	strong_patient_level_candidate	mutation_recurrence_hotspot_or_multihit_lof	0	3	0	0	0	TRUE	FALSE	1	1	TCGA_ESCC_DR45_five_layer_core_94
TCGA-VR-A8Q7	ENSG00000100393.14	EP300	strong_patient_level_candidate	mutation_recurrence_hotspot_or_multihit_lof	0	4	0	0	0	TRUE	FALSE	1	1	TCGA_ESCC_DR45_five_layer_core_94
TCGA-VR-AA4G	ENSG00000100393.14	EP300	strong_patient_level_candidate	mutation_recurrence_hotspot_or_multihit_lof	0	2	0	0	0	TRUE	FALSE	1	1	TCGA_ESCC_DR45_five_layer_core_94
TCGA-VR-AA7B	ENSG00000100393.14	EP300	strong_patient_level_candidate	mutation_recurrence_hotspot_or_multihit_lof	0	5	0.652076696579693	0	0	TRUE	FALSE	1	1	TCGA_ESCC_DR45_five_layer_core_94
TCGA-VR-AA7D	ENSG00000100393.14	EP300	strong_patient_level_candidate	mutation_recurrence_hotspot_or_multihit_lof	0	2	0	0	0	TRUE	FALSE	1	1	TCGA_ESCC_DR45_five_layer_core_94
TCGA-VR-AA7I	ENSG00000100393.14	EP300	strong_patient_level_candidate	mutation_recurrence_hotspot_or_multihit_lof	0	3	0	0	0	TRUE	FALSE	1	1	TCGA_ESCC_DR45_five_layer_core_94
TCGA-XP-A8T6	ENSG00000100393.14	EP300	strong_patient_level_candidate	mutation_recurrence_hotspot_or_multihit_lof	0	3	0	0	0	TRUE	FALSE	1	1	TCGA_ESCC_DR45_five_layer_core_94
TCGA-XP-A8T8	ENSG00000100393.14	EP300	strong_patient_level_candidate	mutation_recurrence_hotspot_or_multihit_lof	0	3	0	0	0	TRUE	FALSE	1	1	TCGA_ESCC_DR45_five_layer_core_94
TCGA-Z6-A8JD	ENSG00000100393.14	EP300	strong_patient_level_candidate	mutation_recurrence_hotspot_or_multihit_lof	0	2	0	0	0	TRUE	FALSE	1	1	TCGA_ESCC_DR45_five_layer_core_94
TCGA-Z6-A8JE	ENSG00000100393.14	EP300	strong_patient_level_candidate	mutation_recurrence_hotspot_or_multihit_lof	0	2	0	0	0	TRUE	FALSE	1	1	TCGA_ESCC_DR45_five_layer_core_94
TCGA-Z6-A9VB	ENSG00000100393.14	EP300	strong_patient_level_candidate	mutation_recurrence_hotspot_or_multihit_lof	0	2	0	0	0	TRUE	FALSE	1	1	TCGA_ESCC_DR45_five_layer_core_94
TCGA-Z6-AAPN	ENSG00000100393.14	EP300	strong_patient_level_candidate	mutation_recurrence_hotspot_or_multihit_lof	0	2	-0.485426827170242	0	0	TRUE	FALSE	1	1	TCGA_ESCC_DR45_five_layer_core_94
TCGA-IC-A6RF	ENSG00000087460.27	GNAS	strong_patient_level_candidate	mutation_recurrence_hotspot_or_multihit_lof	0	4	0	0	0	TRUE	FALSE	1	0	TCGA_ESCC_DR45_five_layer_core_94
TCGA-IG-A3I8	ENSG00000087460.27	GNAS	strong_patient_level_candidate	mutation_recurrence_hotspot_or_multihit_lof	0	8	0.917537839808027	1	0	TRUE	FALSE	1	0	TCGA_ESCC_DR45_five_layer_core_94
TCGA-IG-A3QL	ENSG00000087460.27	GNAS	strong_patient_level_candidate	mutation_recurrence_hotspot_or_multihit_lof	0	3	0	0	0	TRUE	FALSE	1	0	TCGA_ESCC_DR45_five_layer_core_94
TCGA-IG-A3Y9	ENSG00000087460.27	GNAS	strong_patient_level_candidate	mutation_recurrence_hotspot_or_multihit_lof	0	4	0.362570079384708	0	0	TRUE	FALSE	1	0	TCGA_ESCC_DR45_five_layer_core_94
TCGA-IG-A3YA	ENSG00000087460.27	GNAS	strong_patient_level_candidate	mutation_recurrence_hotspot_or_multihit_lof	0	3	0	0	0	TRUE	FALSE	1	0	TCGA_ESCC_DR45_five_layer_core_94
TCGA-IG-A3YB	ENSG00000087460.27	GNAS	strong_patient_level_candidate	mutation_recurrence_hotspot_or_multihit_lof	0	4	0.362570079384708	0	0	TRUE	FALSE	1	0	TCGA_ESCC_DR45_five_layer_core_94
TCGA-IG-A3YC	ENSG00000087460.27	GNAS	strong_patient_level_candidate	mutation_recurrence_hotspot_or_multihit_lof	0	5	0.652076696579693	0	0	TRUE	FALSE	1	0	TCGA_ESCC_DR45_five_layer_core_94
TCGA-IG-A4P3	ENSG00000087460.27	GNAS	strong_patient_level_candidate	mutation_recurrence_hotspot_or_multihit_lof	0	4	0	0	0	TRUE	FALSE	1	0	TCGA_ESCC_DR45_five_layer_core_94
TCGA-IG-A4QT	ENSG00000087460.27	GNAS	strong_patient_level_candidate	mutation_recurrence_hotspot_or_multihit_lof	0	2	0	0	0	TRUE	FALSE	1	0	TCGA_ESCC_DR45_five_layer_core_94
TCGA-IG-A50L	ENSG00000087460.27	GNAS	strong_patient_level_candidate	mutation_recurrence_hotspot_or_multihit_lof	0	4	0.362570079384708	0	0	TRUE	FALSE	1	0	TCGA_ESCC_DR45_five_layer_core_94
TCGA-IG-A51D	ENSG00000087460.27	GNAS	strong_patient_level_candidate	mutation_recurrence_hotspot_or_multihit_lof	0	6	0.893084796083488	1	0	TRUE	FALSE	1	0	TCGA_ESCC_DR45_five_layer_core_94
TCGA-IG-A5B8	ENSG00000087460.27	GNAS	strong_patient_level_candidate	mutation_recurrence_hotspot_or_multihit_lof	0	1	-0.736965594166206	0	0	TRUE	FALSE	1	0	TCGA_ESCC_DR45_five_layer_core_94
TCGA-IG-A5S3	ENSG00000087460.27	GNAS	strong_patient_level_candidate	mutation_recurrence_hotspot_or_multihit_lof	0	10	0.932885804141463	1	0	TRUE	FALSE	1	0	TCGA_ESCC_DR45_five_layer_core_94
TCGA-IG-A625	ENSG00000087460.27	GNAS	strong_patient_level_candidate	mutation_recurrence_hotspot_or_multihit_lof	0	4	0	0	0	TRUE	FALSE	1	0	TCGA_ESCC_DR45_five_layer_core_94
TCGA-IG-A6QS	ENSG00000087460.27	GNAS	strong_patient_level_candidate	mutation_recurrence_hotspot_or_multihit_lof	0	2	0	0	0	TRUE	FALSE	1	0	TCGA_ESCC_DR45_five_layer_core_94
TCGA-IG-A8O2	ENSG00000087460.27	GNAS	strong_patient_level_candidate	mutation_recurrence_hotspot_or_multihit_lof	0	4	0.362570079384708	0	0	TRUE	FALSE	1	0	TCGA_ESCC_DR45_five_layer_core_94
TCGA-IG-A97H	ENSG00000087460.27	GNAS	strong_patient_level_candidate	mutation_recurrence_hotspot_or_multihit_lof	0	2	0	0	0	TRUE	FALSE	1	0	TCGA_ESCC_DR45_five_layer_core_94
TCGA-IG-A97I	ENSG00000087460.27	GNAS	strong_patient_level_candidate	mutation_recurrence_hotspot_or_multihit_lof	0	3	0.485426827170242	0	0	TRUE	FALSE	1	0	TCGA_ESCC_DR45_five_layer_core_94
TCGA-JY-A6FA	ENSG00000087460.27	GNAS	strong_patient_level_candidate	mutation_recurrence_hotspot_or_multihit_lof	0	3	0.485426827170242	0	0	TRUE	FALSE	1	0	TCGA_ESCC_DR45_five_layer_core_94
TCGA-JY-A6FD	ENSG00000087460.27	GNAS	strong_patient_level_candidate	mutation_recurrence_hotspot_or_multihit_lof	0	2	0	0	0	TRUE	FALSE	1	0	TCGA_ESCC_DR45_five_layer_core_94
TCGA-JY-A6FE	ENSG00000087460.27	GNAS	strong_patient_level_candidate	mutation_recurrence_hotspot_or_multihit_lof	0	5	1.13750352374994	1	0	TRUE	FALSE	1	0	TCGA_ESCC_DR45_five_layer_core_94
TCGA-JY-A6FG	ENSG00000087460.27	GNAS	strong_patient_level_candidate	mutation_recurrence_hotspot_or_multihit_lof	1	2	0	0	0	TRUE	FALSE	1	0	TCGA_ESCC_DR45_five_layer_core_94
TCGA-JY-A93F	ENSG00000087460.27	GNAS	strong_patient_level_candidate	mutation_recurrence_hotspot_or_multihit_lof	0	2	0	0	0	TRUE	FALSE	1	0	TCGA_ESCC_DR45_five_layer_core_94
TCGA-KH-A6WC	ENSG00000087460.27	GNAS	strong_patient_level_candidate	mutation_recurrence_hotspot_or_multihit_lof	0	2	0	0	0	TRUE	FALSE	1	0	TCGA_ESCC_DR45_five_layer_core_94
TCGA-L5-A43H	ENSG00000087460.27	GNAS	strong_patient_level_candidate	mutation_recurrence_hotspot_or_multihit_lof	0	4	0.362570079384708	0	0	TRUE	FALSE	1	0	TCGA_ESCC_DR45_five_layer_core_94
TCGA-L5-A43J	ENSG00000087460.27	GNAS	strong_patient_level_candidate	mutation_recurrence_hotspot_or_multihit_lof	0	5	0.652076696579693	0	0	TRUE	FALSE	1	0	TCGA_ESCC_DR45_five_layer_core_94
TCGA-L5-A4OM	ENSG00000087460.27	GNAS	strong_patient_level_candidate	mutation_recurrence_hotspot_or_multihit_lof	0	3	0	0	0	TRUE	FALSE	1	0	TCGA_ESCC_DR45_five_layer_core_94
TCGA-L5-A88S	ENSG00000087460.27	GNAS	strong_patient_level_candidate	mutation_recurrence_hotspot_or_multihit_lof	0	3	0.485426827170242	0	0	TRUE	FALSE	1	0	TCGA_ESCC_DR45_five_layer_core_94
TCGA-L5-A88W	ENSG00000087460.27	GNAS	strong_patient_level_candidate	mutation_recurrence_hotspot_or_multihit_lof	1	2	0	0	0	TRUE	FALSE	1	0	TCGA_ESCC_DR45_five_layer_core_94
TCGA-L5-A88Z	ENSG00000087460.27	GNAS	strong_patient_level_candidate	mutation_recurrence_hotspot_or_multihit_lof	0	2	0	0	0	TRUE	FALSE	1	0	TCGA_ESCC_DR45_five_layer_core_94
TCGA-L5-A8NK	ENSG00000087460.27	GNAS	strong_patient_level_candidate	mutation_recurrence_hotspot_or_multihit_lof	1	4	0.362570079384708	0	0	TRUE	FALSE	1	0	TCGA_ESCC_DR45_five_layer_core_94
TCGA-L5-A8NQ	ENSG00000087460.27	GNAS	strong_patient_level_candidate	mutation_recurrence_hotspot_or_multihit_lof	0	3	1.22239242133645	0	0	TRUE	FALSE	1	0	TCGA_ESCC_DR45_five_layer_core_94
TCGA-L7-A56G	ENSG00000087460.27	GNAS	strong_patient_level_candidate	mutation_recurrence_hotspot_or_multihit_lof	0	4	0.362570079384708	0	0	TRUE	FALSE	1	0	TCGA_ESCC_DR45_five_layer_core_94
TCGA-LN-A49K	ENSG00000087460.27	GNAS	strong_patient_level_candidate	mutation_recurrence_hotspot_or_multihit_lof	0	3	0	0	0	TRUE	FALSE	1	0	TCGA_ESCC_DR45_five_layer_core_94
TCGA-LN-A49L	ENSG00000087460.27	GNAS	strong_patient_level_candidate	mutation_recurrence_hotspot_or_multihit_lof	0	3	0.426881373801257	0	0	TRUE	FALSE	1	0	TCGA_ESCC_DR45_five_layer_core_94
TCGA-LN-A49M	ENSG00000087460.27	GNAS	strong_patient_level_candidate	mutation_recurrence_hotspot_or_multihit_lof	0	2	0	0	0	TRUE	FALSE	1	0	TCGA_ESCC_DR45_five_layer_core_94
TCGA-LN-A49N	ENSG00000087460.27	GNAS	strong_patient_level_candidate	mutation_recurrence_hotspot_or_multihit_lof	0	2	0	0	0	TRUE	FALSE	1	0	TCGA_ESCC_DR45_five_layer_core_94
TCGA-LN-A49O	ENSG00000087460.27	GNAS	strong_patient_level_candidate	mutation_recurrence_hotspot_or_multihit_lof	0	3	0	0	0	TRUE	FALSE	1	0	TCGA_ESCC_DR45_five_layer_core_94
TCGA-LN-A49P	ENSG00000087460.27	GNAS	strong_patient_level_candidate	mutation_recurrence_hotspot_or_multihit_lof	0	2	0	0	0	TRUE	FALSE	1	0	TCGA_ESCC_DR45_five_layer_core_94
TCGA-LN-A49R	ENSG00000087460.27	GNAS	strong_patient_level_candidate	mutation_recurrence_hotspot_or_multihit_lof	0	4	0.362570079384708	0	0	TRUE	FALSE	1	0	TCGA_ESCC_DR45_five_layer_core_94
TCGA-LN-A49S	ENSG00000087460.27	GNAS	strong_patient_level_candidate	mutation_recurrence_hotspot_or_multihit_lof	0	3	0.485426827170242	0	0	TRUE	FALSE	1	0	TCGA_ESCC_DR45_five_layer_core_94
TCGA-LN-A49U	ENSG00000087460.27	GNAS	strong_patient_level_candidate	mutation_recurrence_hotspot_or_multihit_lof	0	2	0	0	0	TRUE	FALSE	1	0	TCGA_ESCC_DR45_five_layer_core_94
TCGA-LN-A49W	ENSG00000087460.27	GNAS	strong_patient_level_candidate	mutation_recurrence_hotspot_or_multihit_lof	0	4	0.362570079384708	0	0	TRUE	FALSE	1	0	TCGA_ESCC_DR45_five_layer_core_94
TCGA-LN-A49X	ENSG00000087460.27	GNAS	strong_patient_level_candidate	mutation_recurrence_hotspot_or_multihit_lof	0	4	0.84799690655495	1	0	TRUE	FALSE	1	0	TCGA_ESCC_DR45_five_layer_core_94
TCGA-LN-A49Y	ENSG00000087460.27	GNAS	strong_patient_level_candidate	mutation_recurrence_hotspot_or_multihit_lof	0	2	0	0	0	TRUE	FALSE	1	0	TCGA_ESCC_DR45_five_layer_core_94
TCGA-LN-A4A1	ENSG00000087460.27	GNAS	strong_patient_level_candidate	mutation_recurrence_hotspot_or_multihit_lof	0	4	0.362570079384708	0	0	TRUE	FALSE	1	0	TCGA_ESCC_DR45_five_layer_core_94
TCGA-LN-A4A2	ENSG00000087460.27	GNAS	strong_patient_level_candidate	mutation_recurrence_hotspot_or_multihit_lof	0	4	0.362570079384708	0	0	TRUE	FALSE	1	0	TCGA_ESCC_DR45_five_layer_core_94
TCGA-LN-A4A3	ENSG00000087460.27	GNAS	strong_patient_level_candidate	mutation_recurrence_hotspot_or_multihit_lof	0	3	1.22239242133645	0	0	TRUE	FALSE	1	0	TCGA_ESCC_DR45_five_layer_core_94
TCGA-LN-A4A4	ENSG00000087460.27	GNAS	strong_patient_level_candidate	mutation_recurrence_hotspot_or_multihit_lof	0	2	0	0	0	TRUE	FALSE	1	0	TCGA_ESCC_DR45_five_layer_core_94
TCGA-LN-A4A5	ENSG00000087460.27	GNAS	strong_patient_level_candidate	mutation_recurrence_hotspot_or_multihit_lof	0	2	0	0	0	TRUE	FALSE	1	0	TCGA_ESCC_DR45_five_layer_core_94
TCGA-LN-A4A6	ENSG00000087460.27	GNAS	strong_patient_level_candidate	mutation_recurrence_hotspot_or_multihit_lof	0	4	0.362570079384708	0	0	TRUE	FALSE	1	0	TCGA_ESCC_DR45_five_layer_core_94
TCGA-LN-A4A8	ENSG00000087460.27	GNAS	strong_patient_level_candidate	mutation_recurrence_hotspot_or_multihit_lof	0	2	0	0	0	TRUE	FALSE	1	0	TCGA_ESCC_DR45_five_layer_core_94
TCGA-LN-A4A9	ENSG00000087460.27	GNAS	strong_patient_level_candidate	mutation_recurrence_hotspot_or_multihit_lof	0	2	0	0	0	TRUE	FALSE	1	0	TCGA_ESCC_DR45_five_layer_core_94
TCGA-LN-A4MQ	ENSG00000087460.27	GNAS	strong_patient_level_candidate	mutation_recurrence_hotspot_or_multihit_lof	0	3	0	0	0	TRUE	FALSE	1	0	TCGA_ESCC_DR45_five_layer_core_94
TCGA-LN-A4MR	ENSG00000087460.27	GNAS	strong_patient_level_candidate	mutation_recurrence_hotspot_or_multihit_lof	0	3	0	0	0	TRUE	FALSE	1	0	TCGA_ESCC_DR45_five_layer_core_94
TCGA-LN-A5U5	ENSG00000087460.27	GNAS	strong_patient_level_candidate	mutation_recurrence_hotspot_or_multihit_lof	0	2	0	0	0	TRUE	FALSE	1	0	TCGA_ESCC_DR45_five_layer_core_94
TCGA-LN-A5U6	ENSG00000087460.27	GNAS	strong_patient_level_candidate	mutation_recurrence_hotspot_or_multihit_lof	0	3	0	0	0	TRUE	FALSE	1	0	TCGA_ESCC_DR45_five_layer_core_94
TCGA-LN-A5U7	ENSG00000087460.27	GNAS	strong_patient_level_candidate	mutation_recurrence_hotspot_or_multihit_lof	0	4	0.362570079384708	0	0	TRUE	FALSE	1	0	TCGA_ESCC_DR45_five_layer_core_94
TCGA-LN-A7HV	ENSG00000087460.27	GNAS	strong_patient_level_candidate	mutation_recurrence_hotspot_or_multihit_lof	0	2	0	0	0	TRUE	FALSE	1	0	TCGA_ESCC_DR45_five_layer_core_94
TCGA-LN-A7HW	ENSG00000087460.27	GNAS	strong_patient_level_candidate	mutation_recurrence_hotspot_or_multihit_lof	0	6	0.893084796083488	1	0	TRUE	FALSE	1	0	TCGA_ESCC_DR45_five_layer_core_94
TCGA-LN-A7HX	ENSG00000087460.27	GNAS	strong_patient_level_candidate	mutation_recurrence_hotspot_or_multihit_lof	0	5	0.289506617194985	0	0	TRUE	FALSE	1	0	TCGA_ESCC_DR45_five_layer_core_94
TCGA-LN-A7HY	ENSG00000087460.27	GNAS	strong_patient_level_candidate	mutation_recurrence_hotspot_or_multihit_lof	0	5	0.652076696579693	0	0	TRUE	FALSE	1	0	TCGA_ESCC_DR45_five_layer_core_94
TCGA-LN-A7HZ	ENSG00000087460.27	GNAS	strong_patient_level_candidate	mutation_recurrence_hotspot_or_multihit_lof	0	3	0	0	0	TRUE	FALSE	1	0	TCGA_ESCC_DR45_five_layer_core_94
TCGA-LN-A8HZ	ENSG00000087460.27	GNAS	strong_patient_level_candidate	mutation_recurrence_hotspot_or_multihit_lof	0	5	0.289506617194985	0	0	TRUE	FALSE	1	0	TCGA_ESCC_DR45_five_layer_core_94
TCGA-LN-A8I0	ENSG00000087460.27	GNAS	strong_patient_level_candidate	mutation_recurrence_hotspot_or_multihit_lof	0	2	0	0	0	TRUE	FALSE	1	0	TCGA_ESCC_DR45_five_layer_core_94
TCGA-LN-A8I1	ENSG00000087460.27	GNAS	strong_patient_level_candidate	mutation_recurrence_hotspot_or_multihit_lof	0	5	0.652076696579693	0	0	TRUE	FALSE	1	0	TCGA_ESCC_DR45_five_layer_core_94
TCGA-LN-A9FO	ENSG00000087460.27	GNAS	strong_patient_level_candidate	mutation_recurrence_hotspot_or_multihit_lof	0	5	0.652076696579693	0	0	TRUE	FALSE	1	0	TCGA_ESCC_DR45_five_layer_core_94
TCGA-LN-A9FP	ENSG00000087460.27	GNAS	strong_patient_level_candidate	mutation_recurrence_hotspot_or_multihit_lof	0	2	0	0	0	TRUE	FALSE	1	0	TCGA_ESCC_DR45_five_layer_core_94
TCGA-LN-A9FQ	ENSG00000087460.27	GNAS	strong_patient_level_candidate	mutation_recurrence_hotspot_or_multihit_lof	0	4	0.362570079384708	0	0	TRUE	FALSE	1	0	TCGA_ESCC_DR45_five_layer_core_94
TCGA-LN-A9FR	ENSG00000087460.27	GNAS	strong_patient_level_candidate	mutation_recurrence_hotspot_or_multihit_lof	0	2	-0.485426827170242	0	0	TRUE	FALSE	1	0	TCGA_ESCC_DR45_five_layer_core_94
TCGA-Q9-A6FU	ENSG00000087460.27	GNAS	strong_patient_level_candidate	mutation_recurrence_hotspot_or_multihit_lof	0	2	0	0	0	TRUE	FALSE	1	0	TCGA_ESCC_DR45_five_layer_core_94
TCGA-S8-A6BW	ENSG00000087460.27	GNAS	strong_patient_level_candidate	mutation_recurrence_hotspot_or_multihit_lof	0	3	0	0	0	TRUE	FALSE	1	0	TCGA_ESCC_DR45_five_layer_core_94
TCGA-V5-A7RC	ENSG00000087460.27	GNAS	strong_patient_level_candidate	mutation_recurrence_hotspot_or_multihit_lof	0	4	0	0	0	TRUE	FALSE	1	0	TCGA_ESCC_DR45_five_layer_core_94
TCGA-V5-AASV	ENSG00000087460.27	GNAS	strong_patient_level_candidate	mutation_recurrence_hotspot_or_multihit_lof	0	2	0	0	0	TRUE	FALSE	1	0	TCGA_ESCC_DR45_five_layer_core_94
TCGA-VR-A8EO	ENSG00000087460.27	GNAS	strong_patient_level_candidate	mutation_recurrence_hotspot_or_multihit_lof	0	4	0	0	0	TRUE	FALSE	1	0	TCGA_ESCC_DR45_five_layer_core_94
TCGA-VR-A8EP	ENSG00000087460.27	GNAS	strong_patient_level_candidate	mutation_recurrence_hotspot_or_multihit_lof	0	3	0.485426827170242	0	0	TRUE	FALSE	1	0	TCGA_ESCC_DR45_five_layer_core_94
TCGA-VR-A8ER	ENSG00000087460.27	GNAS	strong_patient_level_candidate	mutation_recurrence_hotspot_or_multihit_lof	0	2	0	0	0	TRUE	FALSE	1	0	TCGA_ESCC_DR45_five_layer_core_94
TCGA-VR-A8ET	ENSG00000087460.27	GNAS	strong_patient_level_candidate	mutation_recurrence_hotspot_or_multihit_lof	0	2	0	0	0	TRUE	FALSE	1	0	TCGA_ESCC_DR45_five_layer_core_94
TCGA-VR-A8EU	ENSG00000087460.27	GNAS	strong_patient_level_candidate	mutation_recurrence_hotspot_or_multihit_lof	0	3	0	0	0	TRUE	FALSE	1	0	TCGA_ESCC_DR45_five_layer_core_94
TCGA-VR-A8EW	ENSG00000087460.27	GNAS	strong_patient_level_candidate	mutation_recurrence_hotspot_or_multihit_lof	0	4	0.362570079384708	0	0	TRUE	FALSE	1	0	TCGA_ESCC_DR45_five_layer_core_94
TCGA-VR-A8EX	ENSG00000087460.27	GNAS	strong_patient_level_candidate	mutation_recurrence_hotspot_or_multihit_lof	0	5	0.358773486853439	0	0	TRUE	FALSE	1	0	TCGA_ESCC_DR45_five_layer_core_94
TCGA-VR-A8EY	ENSG00000087460.27	GNAS	strong_patient_level_candidate	mutation_recurrence_hotspot_or_multihit_lof	0	2	0	0	0	TRUE	FALSE	1	0	TCGA_ESCC_DR45_five_layer_core_94
TCGA-VR-A8EZ	ENSG00000087460.27	GNAS	strong_patient_level_candidate	mutation_recurrence_hotspot_or_multihit_lof	0	3	0	0	0	TRUE	FALSE	1	0	TCGA_ESCC_DR45_five_layer_core_94
TCGA-VR-A8Q7	ENSG00000087460.27	GNAS	strong_patient_level_candidate	mutation_recurrence_hotspot_or_multihit_lof	0	5	0.289506617194985	0	0	TRUE	FALSE	1	0	TCGA_ESCC_DR45_five_layer_core_94
TCGA-VR-AA4G	ENSG00000087460.27	GNAS	strong_patient_level_candidate	mutation_recurrence_hotspot_or_multihit_lof	0	2	0	0	0	TRUE	FALSE	1	0	TCGA_ESCC_DR45_five_layer_core_94
TCGA-VR-AA7B	ENSG00000087460.27	GNAS	strong_patient_level_candidate	mutation_recurrence_hotspot_or_multihit_lof	0	4	0.362570079384708	0	0	TRUE	FALSE	1	0	TCGA_ESCC_DR45_five_layer_core_94
TCGA-VR-AA7D	ENSG00000087460.27	GNAS	strong_patient_level_candidate	mutation_recurrence_hotspot_or_multihit_lof	1	3	0.485426827170242	0	0	TRUE	FALSE	1	0	TCGA_ESCC_DR45_five_layer_core_94
TCGA-VR-AA7I	ENSG00000087460.27	GNAS	strong_patient_level_candidate	mutation_recurrence_hotspot_or_multihit_lof	0	3	0	0	0	TRUE	FALSE	1	0	TCGA_ESCC_DR45_five_layer_core_94
TCGA-XP-A8T6	ENSG00000087460.27	GNAS	strong_patient_level_candidate	mutation_recurrence_hotspot_or_multihit_lof	0	3	0	0	0	TRUE	FALSE	1	0	TCGA_ESCC_DR45_five_layer_core_94
TCGA-XP-A8T8	ENSG00000087460.27	GNAS	strong_patient_level_candidate	mutation_recurrence_hotspot_or_multihit_lof	0	3	0	0	0	TRUE	FALSE	1	0	TCGA_ESCC_DR45_five_layer_core_94
TCGA-Z6-A8JD	ENSG00000087460.27	GNAS	strong_patient_level_candidate	mutation_recurrence_hotspot_or_multihit_lof	0	2	0	0	0	TRUE	FALSE	1	0	TCGA_ESCC_DR45_five_layer_core_94
TCGA-Z6-A8JE	ENSG00000087460.27	GNAS	strong_patient_level_candidate	mutation_recurrence_hotspot_or_multihit_lof	0	3	0.485426827170242	0	0	TRUE	FALSE	1	0	TCGA_ESCC_DR45_five_layer_core_94
TCGA-Z6-A9VB	ENSG00000087460.27	GNAS	strong_patient_level_candidate	mutation_recurrence_hotspot_or_multihit_lof	0	2	0	0	0	TRUE	FALSE	1	0	TCGA_ESCC_DR45_five_layer_core_94
TCGA-Z6-AAPN	ENSG00000087460.27	GNAS	strong_patient_level_candidate	mutation_recurrence_hotspot_or_multihit_lof	0	4	0.362570079384708	0	0	TRUE	FALSE	1	0	TCGA_ESCC_DR45_five_layer_core_94
TCGA-IC-A6RF	ENSG00000109670.16	FBXW7	strong_patient_level_candidate	mutation_recurrence_hotspot_or_multihit_lof	0	4	0	0	0	TRUE	FALSE	1	0	TCGA_ESCC_DR45_five_layer_core_94
TCGA-IG-A3I8	ENSG00000109670.16	FBXW7	strong_patient_level_candidate	mutation_recurrence_hotspot_or_multihit_lof	0	3	-0.362570079384708	0	0	TRUE	FALSE	1	0	TCGA_ESCC_DR45_five_layer_core_94
TCGA-IG-A3QL	ENSG00000109670.16	FBXW7	strong_patient_level_candidate	mutation_recurrence_hotspot_or_multihit_lof	0	2	-0.485426827170242	0	0	TRUE	FALSE	1	0	TCGA_ESCC_DR45_five_layer_core_94
TCGA-IG-A3Y9	ENSG00000109670.16	FBXW7	strong_patient_level_candidate	mutation_recurrence_hotspot_or_multihit_lof	0	3	0	0	0	TRUE	FALSE	1	0	TCGA_ESCC_DR45_five_layer_core_94
TCGA-IG-A3YA	ENSG00000109670.16	FBXW7	strong_patient_level_candidate	mutation_recurrence_hotspot_or_multihit_lof	0	4	0.362570079384708	0	0	TRUE	FALSE	1	0	TCGA_ESCC_DR45_five_layer_core_94
TCGA-IG-A3YB	ENSG00000109670.16	FBXW7	strong_patient_level_candidate	mutation_recurrence_hotspot_or_multihit_lof	1	3	0	0	0	TRUE	FALSE	1	0	TCGA_ESCC_DR45_five_layer_core_94
TCGA-IG-A3YC	ENSG00000109670.16	FBXW7	strong_patient_level_candidate	mutation_recurrence_hotspot_or_multihit_lof	0	4	0.362570079384708	0	0	TRUE	FALSE	1	0	TCGA_ESCC_DR45_five_layer_core_94
TCGA-IG-A4P3	ENSG00000109670.16	FBXW7	strong_patient_level_candidate	mutation_recurrence_hotspot_or_multihit_lof	0	3	-0.362570079384708	0	0	TRUE	FALSE	1	0	TCGA_ESCC_DR45_five_layer_core_94
TCGA-IG-A4QT	ENSG00000109670.16	FBXW7	strong_patient_level_candidate	mutation_recurrence_hotspot_or_multihit_lof	0	2	0	0	0	TRUE	FALSE	1	0	TCGA_ESCC_DR45_five_layer_core_94
TCGA-IG-A50L	ENSG00000109670.16	FBXW7	strong_patient_level_candidate	mutation_recurrence_hotspot_or_multihit_lof	0	2	-0.485426827170242	0	0	TRUE	FALSE	1	0	TCGA_ESCC_DR45_five_layer_core_94
TCGA-IG-A51D	ENSG00000109670.16	FBXW7	strong_patient_level_candidate	mutation_recurrence_hotspot_or_multihit_lof	0	4	0.362570079384708	0	0	TRUE	FALSE	1	0	TCGA_ESCC_DR45_five_layer_core_94
TCGA-IG-A5B8	ENSG00000109670.16	FBXW7	strong_patient_level_candidate	mutation_recurrence_hotspot_or_multihit_lof	0	1	-0.736965594166206	0	0	TRUE	FALSE	1	0	TCGA_ESCC_DR45_five_layer_core_94
TCGA-IG-A5S3	ENSG00000109670.16	FBXW7	strong_patient_level_candidate	mutation_recurrence_hotspot_or_multihit_lof	0	7	0.447458976971221	0	0	TRUE	FALSE	1	0	TCGA_ESCC_DR45_five_layer_core_94
TCGA-IG-A625	ENSG00000109670.16	FBXW7	strong_patient_level_candidate	mutation_recurrence_hotspot_or_multihit_lof	0	2	-0.84799690655495	0	0	TRUE	FALSE	1	0	TCGA_ESCC_DR45_five_layer_core_94
TCGA-IG-A6QS	ENSG00000109670.16	FBXW7	strong_patient_level_candidate	mutation_recurrence_hotspot_or_multihit_lof	0	2	0	0	0	TRUE	FALSE	1	0	TCGA_ESCC_DR45_five_layer_core_94
TCGA-IG-A8O2	ENSG00000109670.16	FBXW7	strong_patient_level_candidate	mutation_recurrence_hotspot_or_multihit_lof	0	2	-0.485426827170242	0	0	TRUE	FALSE	1	0	TCGA_ESCC_DR45_five_layer_core_94
TCGA-IG-A97H	ENSG00000109670.16	FBXW7	strong_patient_level_candidate	mutation_recurrence_hotspot_or_multihit_lof	0	1	-0.736965594166206	0	0	TRUE	FALSE	1	0	TCGA_ESCC_DR45_five_layer_core_94
TCGA-IG-A97I	ENSG00000109670.16	FBXW7	strong_patient_level_candidate	mutation_recurrence_hotspot_or_multihit_lof	0	2	0	0	0	TRUE	FALSE	1	0	TCGA_ESCC_DR45_five_layer_core_94
TCGA-JY-A6FA	ENSG00000109670.16	FBXW7	strong_patient_level_candidate	mutation_recurrence_hotspot_or_multihit_lof	0	1	-0.736965594166206	0	0	TRUE	FALSE	1	0	TCGA_ESCC_DR45_five_layer_core_94
TCGA-JY-A6FD	ENSG00000109670.16	FBXW7	strong_patient_level_candidate	mutation_recurrence_hotspot_or_multihit_lof	0	2	0	0	0	TRUE	FALSE	1	0	TCGA_ESCC_DR45_five_layer_core_94
TCGA-JY-A6FE	ENSG00000109670.16	FBXW7	strong_patient_level_candidate	mutation_recurrence_hotspot_or_multihit_lof	0	2	0	0	0	TRUE	FALSE	1	0	TCGA_ESCC_DR45_five_layer_core_94
TCGA-JY-A6FG	ENSG00000109670.16	FBXW7	strong_patient_level_candidate	mutation_recurrence_hotspot_or_multihit_lof	0	2	0	0	0	TRUE	FALSE	1	0	TCGA_ESCC_DR45_five_layer_core_94
TCGA-JY-A93F	ENSG00000109670.16	FBXW7	strong_patient_level_candidate	mutation_recurrence_hotspot_or_multihit_lof	0	2	0	0	0	TRUE	FALSE	1	0	TCGA_ESCC_DR45_five_layer_core_94
TCGA-KH-A6WC	ENSG00000109670.16	FBXW7	strong_patient_level_candidate	mutation_recurrence_hotspot_or_multihit_lof	0	2	0	0	0	TRUE	FALSE	1	0	TCGA_ESCC_DR45_five_layer_core_94
TCGA-L5-A43H	ENSG00000109670.16	FBXW7	strong_patient_level_candidate	mutation_recurrence_hotspot_or_multihit_lof	0	4	0.362570079384708	0	0	TRUE	FALSE	1	0	TCGA_ESCC_DR45_five_layer_core_94
TCGA-L5-A43J	ENSG00000109670.16	FBXW7	strong_patient_level_candidate	mutation_recurrence_hotspot_or_multihit_lof	0	2	-0.485426827170242	0	0	TRUE	FALSE	1	0	TCGA_ESCC_DR45_five_layer_core_94
TCGA-L5-A4OM	ENSG00000109670.16	FBXW7	strong_patient_level_candidate	mutation_recurrence_hotspot_or_multihit_lof	0	3	0	0	0	TRUE	FALSE	1	0	TCGA_ESCC_DR45_five_layer_core_94
TCGA-L5-A88S	ENSG00000109670.16	FBXW7	strong_patient_level_candidate	mutation_recurrence_hotspot_or_multihit_lof	0	1	-0.736965594166206	0	0	TRUE	FALSE	1	0	TCGA_ESCC_DR45_five_layer_core_94
TCGA-L5-A88W	ENSG00000109670.16	FBXW7	strong_patient_level_candidate	mutation_recurrence_hotspot_or_multihit_lof	0	2	0	0	0	TRUE	FALSE	1	0	TCGA_ESCC_DR45_five_layer_core_94
TCGA-L5-A88Z	ENSG00000109670.16	FBXW7	strong_patient_level_candidate	mutation_recurrence_hotspot_or_multihit_lof	1	2	0	0	0	TRUE	FALSE	1	0	TCGA_ESCC_DR45_five_layer_core_94
TCGA-L5-A8NK	ENSG00000109670.16	FBXW7	strong_patient_level_candidate	mutation_recurrence_hotspot_or_multihit_lof	0	3	0	0	0	TRUE	FALSE	1	0	TCGA_ESCC_DR45_five_layer_core_94
TCGA-L5-A8NQ	ENSG00000109670.16	FBXW7	strong_patient_level_candidate	mutation_recurrence_hotspot_or_multihit_lof	0	1	0	0	0	TRUE	FALSE	1	0	TCGA_ESCC_DR45_five_layer_core_94
TCGA-L7-A56G	ENSG00000109670.16	FBXW7	strong_patient_level_candidate	mutation_recurrence_hotspot_or_multihit_lof	0	3	0	0	0	TRUE	FALSE	1	0	TCGA_ESCC_DR45_five_layer_core_94
TCGA-LN-A49K	ENSG00000109670.16	FBXW7	strong_patient_level_candidate	mutation_recurrence_hotspot_or_multihit_lof	0	0	-2.8073549220576	0	1	TRUE	FALSE	1	0	TCGA_ESCC_DR45_five_layer_core_94
TCGA-LN-A49L	ENSG00000109670.16	FBXW7	strong_patient_level_candidate	mutation_recurrence_hotspot_or_multihit_lof	0	2	-0.0585454533689845	0	0	TRUE	FALSE	1	0	TCGA_ESCC_DR45_five_layer_core_94
TCGA-LN-A49M	ENSG00000109670.16	FBXW7	strong_patient_level_candidate	mutation_recurrence_hotspot_or_multihit_lof	0	1	-0.736965594166206	0	0	TRUE	FALSE	1	0	TCGA_ESCC_DR45_five_layer_core_94
TCGA-LN-A49N	ENSG00000109670.16	FBXW7	strong_patient_level_candidate	mutation_recurrence_hotspot_or_multihit_lof	0	2	0	0	0	TRUE	FALSE	1	0	TCGA_ESCC_DR45_five_layer_core_94
TCGA-LN-A49O	ENSG00000109670.16	FBXW7	strong_patient_level_candidate	mutation_recurrence_hotspot_or_multihit_lof	0	4	0.362570079384708	0	0	TRUE	FALSE	1	0	TCGA_ESCC_DR45_five_layer_core_94
TCGA-LN-A49P	ENSG00000109670.16	FBXW7	strong_patient_level_candidate	mutation_recurrence_hotspot_or_multihit_lof	0	2	0	0	0	TRUE	FALSE	1	0	TCGA_ESCC_DR45_five_layer_core_94
TCGA-LN-A49R	ENSG00000109670.16	FBXW7	strong_patient_level_candidate	mutation_recurrence_hotspot_or_multihit_lof	0	2	-0.485426827170242	0	0	TRUE	FALSE	1	0	TCGA_ESCC_DR45_five_layer_core_94
TCGA-LN-A49S	ENSG00000109670.16	FBXW7	strong_patient_level_candidate	mutation_recurrence_hotspot_or_multihit_lof	0	2	0	0	0	TRUE	FALSE	1	0	TCGA_ESCC_DR45_five_layer_core_94
TCGA-LN-A49U	ENSG00000109670.16	FBXW7	strong_patient_level_candidate	mutation_recurrence_hotspot_or_multihit_lof	0	2	0	0	0	TRUE	FALSE	1	0	TCGA_ESCC_DR45_five_layer_core_94
TCGA-LN-A49W	ENSG00000109670.16	FBXW7	strong_patient_level_candidate	mutation_recurrence_hotspot_or_multihit_lof	0	2	-0.485426827170242	0	0	TRUE	FALSE	1	0	TCGA_ESCC_DR45_five_layer_core_94
TCGA-LN-A49X	ENSG00000109670.16	FBXW7	strong_patient_level_candidate	mutation_recurrence_hotspot_or_multihit_lof	0	2	0	0	0	TRUE	FALSE	1	0	TCGA_ESCC_DR45_five_layer_core_94
TCGA-LN-A49Y	ENSG00000109670.16	FBXW7	strong_patient_level_candidate	mutation_recurrence_hotspot_or_multihit_lof	0	2	0	0	0	TRUE	FALSE	1	0	TCGA_ESCC_DR45_five_layer_core_94
TCGA-LN-A4A1	ENSG00000109670.16	FBXW7	strong_patient_level_candidate	mutation_recurrence_hotspot_or_multihit_lof	0	2	-0.485426827170242	0	0	TRUE	FALSE	1	0	TCGA_ESCC_DR45_five_layer_core_94
TCGA-LN-A4A2	ENSG00000109670.16	FBXW7	strong_patient_level_candidate	mutation_recurrence_hotspot_or_multihit_lof	0	3	0	0	0	TRUE	FALSE	1	0	TCGA_ESCC_DR45_five_layer_core_94
TCGA-LN-A4A3	ENSG00000109670.16	FBXW7	strong_patient_level_candidate	mutation_recurrence_hotspot_or_multihit_lof	0	1	0	0	0	TRUE	FALSE	1	0	TCGA_ESCC_DR45_five_layer_core_94
TCGA-LN-A4A4	ENSG00000109670.16	FBXW7	strong_patient_level_candidate	mutation_recurrence_hotspot_or_multihit_lof	0	2	0	0	0	TRUE	FALSE	1	0	TCGA_ESCC_DR45_five_layer_core_94
TCGA-LN-A4A5	ENSG00000109670.16	FBXW7	strong_patient_level_candidate	mutation_recurrence_hotspot_or_multihit_lof	0	2	0	0	0	TRUE	FALSE	1	0	TCGA_ESCC_DR45_five_layer_core_94
TCGA-LN-A4A6	ENSG00000109670.16	FBXW7	strong_patient_level_candidate	mutation_recurrence_hotspot_or_multihit_lof	0	2	-0.485426827170242	0	0	TRUE	FALSE	1	0	TCGA_ESCC_DR45_five_layer_core_94
TCGA-LN-A4A8	ENSG00000109670.16	FBXW7	strong_patient_level_candidate	mutation_recurrence_hotspot_or_multihit_lof	0	2	0	0	0	TRUE	FALSE	1	0	TCGA_ESCC_DR45_five_layer_core_94
TCGA-LN-A4A9	ENSG00000109670.16	FBXW7	strong_patient_level_candidate	mutation_recurrence_hotspot_or_multihit_lof	0	3	0.485426827170242	0	0	TRUE	FALSE	1	0	TCGA_ESCC_DR45_five_layer_core_94
TCGA-LN-A4MQ	ENSG00000109670.16	FBXW7	strong_patient_level_candidate	mutation_recurrence_hotspot_or_multihit_lof	0	2	-0.485426827170242	0	0	TRUE	FALSE	1	0	TCGA_ESCC_DR45_five_layer_core_94
TCGA-LN-A4MR	ENSG00000109670.16	FBXW7	strong_patient_level_candidate	mutation_recurrence_hotspot_or_multihit_lof	0	4	0.362570079384708	0	0	TRUE	FALSE	1	0	TCGA_ESCC_DR45_five_layer_core_94
TCGA-LN-A5U5	ENSG00000109670.16	FBXW7	strong_patient_level_candidate	mutation_recurrence_hotspot_or_multihit_lof	0	1	-0.736965594166206	0	0	TRUE	FALSE	1	0	TCGA_ESCC_DR45_five_layer_core_94
TCGA-LN-A5U6	ENSG00000109670.16	FBXW7	strong_patient_level_candidate	mutation_recurrence_hotspot_or_multihit_lof	0	2	-0.485426827170242	0	0	TRUE	FALSE	1	0	TCGA_ESCC_DR45_five_layer_core_94
TCGA-LN-A5U7	ENSG00000109670.16	FBXW7	strong_patient_level_candidate	mutation_recurrence_hotspot_or_multihit_lof	0	3	0	0	0	TRUE	FALSE	1	0	TCGA_ESCC_DR45_five_layer_core_94
TCGA-LN-A7HV	ENSG00000109670.16	FBXW7	strong_patient_level_candidate	mutation_recurrence_hotspot_or_multihit_lof	0	1	-0.736965594166206	0	0	TRUE	FALSE	1	0	TCGA_ESCC_DR45_five_layer_core_94
TCGA-LN-A7HW	ENSG00000109670.16	FBXW7	strong_patient_level_candidate	mutation_recurrence_hotspot_or_multihit_lof	0	2	-0.485426827170242	0	0	TRUE	FALSE	1	0	TCGA_ESCC_DR45_five_layer_core_94
TCGA-LN-A7HX	ENSG00000109670.16	FBXW7	strong_patient_level_candidate	mutation_recurrence_hotspot_or_multihit_lof	0	3	-0.362570079384708	0	0	TRUE	FALSE	1	0	TCGA_ESCC_DR45_five_layer_core_94
TCGA-LN-A7HY	ENSG00000109670.16	FBXW7	strong_patient_level_candidate	mutation_recurrence_hotspot_or_multihit_lof	0	4	0.362570079384708	0	0	TRUE	FALSE	1	0	TCGA_ESCC_DR45_five_layer_core_94
TCGA-LN-A7HZ	ENSG00000109670.16	FBXW7	strong_patient_level_candidate	mutation_recurrence_hotspot_or_multihit_lof	0	2	-0.485426827170242	0	0	TRUE	FALSE	1	0	TCGA_ESCC_DR45_five_layer_core_94
TCGA-LN-A8HZ	ENSG00000109670.16	FBXW7	strong_patient_level_candidate	mutation_recurrence_hotspot_or_multihit_lof	0	3	-0.362570079384708	0	0	TRUE	FALSE	1	0	TCGA_ESCC_DR45_five_layer_core_94
TCGA-LN-A8I0	ENSG00000109670.16	FBXW7	strong_patient_level_candidate	mutation_recurrence_hotspot_or_multihit_lof	0	1	-0.736965594166206	0	0	TRUE	FALSE	1	0	TCGA_ESCC_DR45_five_layer_core_94
TCGA-LN-A8I1	ENSG00000109670.16	FBXW7	strong_patient_level_candidate	mutation_recurrence_hotspot_or_multihit_lof	0	3	0	0	0	TRUE	FALSE	1	0	TCGA_ESCC_DR45_five_layer_core_94
TCGA-LN-A9FO	ENSG00000109670.16	FBXW7	strong_patient_level_candidate	mutation_recurrence_hotspot_or_multihit_lof	0	7	1.09953567355091	1	0	TRUE	FALSE	1	0	TCGA_ESCC_DR45_five_layer_core_94
TCGA-LN-A9FP	ENSG00000109670.16	FBXW7	strong_patient_level_candidate	mutation_recurrence_hotspot_or_multihit_lof	0	2	0	0	0	TRUE	FALSE	1	0	TCGA_ESCC_DR45_five_layer_core_94
TCGA-LN-A9FQ	ENSG00000109670.16	FBXW7	strong_patient_level_candidate	mutation_recurrence_hotspot_or_multihit_lof	0	2	-0.485426827170242	0	0	TRUE	FALSE	1	0	TCGA_ESCC_DR45_five_layer_core_94
TCGA-LN-A9FR	ENSG00000109670.16	FBXW7	strong_patient_level_candidate	mutation_recurrence_hotspot_or_multihit_lof	0	2	-0.485426827170242	0	0	TRUE	FALSE	1	0	TCGA_ESCC_DR45_five_layer_core_94
TCGA-Q9-A6FU	ENSG00000109670.16	FBXW7	strong_patient_level_candidate	mutation_recurrence_hotspot_or_multihit_lof	0	1	-0.736965594166206	0	0	TRUE	FALSE	1	0	TCGA_ESCC_DR45_five_layer_core_94
TCGA-S8-A6BW	ENSG00000109670.16	FBXW7	strong_patient_level_candidate	mutation_recurrence_hotspot_or_multihit_lof	0	2	-0.485426827170242	0	0	TRUE	FALSE	1	0	TCGA_ESCC_DR45_five_layer_core_94
TCGA-V5-A7RC	ENSG00000109670.16	FBXW7	strong_patient_level_candidate	mutation_recurrence_hotspot_or_multihit_lof	0	5	0.289506617194985	0	0	TRUE	FALSE	1	0	TCGA_ESCC_DR45_five_layer_core_94
TCGA-V5-AASV	ENSG00000109670.16	FBXW7	strong_patient_level_candidate	mutation_recurrence_hotspot_or_multihit_lof	0	2	0	0	0	TRUE	FALSE	1	0	TCGA_ESCC_DR45_five_layer_core_94
TCGA-VR-A8EO	ENSG00000109670.16	FBXW7	strong_patient_level_candidate	mutation_recurrence_hotspot_or_multihit_lof	0	6	0.53051471669878	0	0	TRUE	FALSE	1	0	TCGA_ESCC_DR45_five_layer_core_94
TCGA-VR-A8EP	ENSG00000109670.16	FBXW7	strong_patient_level_candidate	mutation_recurrence_hotspot_or_multihit_lof	0	1	-0.736965594166206	0	0	TRUE	FALSE	1	0	TCGA_ESCC_DR45_five_layer_core_94
TCGA-VR-A8ER	ENSG00000109670.16	FBXW7	strong_patient_level_candidate	mutation_recurrence_hotspot_or_multihit_lof	0	2	0	0	0	TRUE	FALSE	1	0	TCGA_ESCC_DR45_five_layer_core_94
TCGA-VR-A8ET	ENSG00000109670.16	FBXW7	strong_patient_level_candidate	mutation_recurrence_hotspot_or_multihit_lof	0	1	-0.736965594166206	0	0	TRUE	FALSE	1	0	TCGA_ESCC_DR45_five_layer_core_94
TCGA-VR-A8EU	ENSG00000109670.16	FBXW7	strong_patient_level_candidate	mutation_recurrence_hotspot_or_multihit_lof	0	3	0	0	0	TRUE	FALSE	1	0	TCGA_ESCC_DR45_five_layer_core_94
TCGA-VR-A8EW	ENSG00000109670.16	FBXW7	strong_patient_level_candidate	mutation_recurrence_hotspot_or_multihit_lof	0	4	0.362570079384708	0	0	TRUE	FALSE	1	0	TCGA_ESCC_DR45_five_layer_core_94
TCGA-VR-A8EX	ENSG00000109670.16	FBXW7	strong_patient_level_candidate	mutation_recurrence_hotspot_or_multihit_lof	0	2	-0.778730036896496	0	0	TRUE	FALSE	1	0	TCGA_ESCC_DR45_five_layer_core_94
TCGA-VR-A8EY	ENSG00000109670.16	FBXW7	strong_patient_level_candidate	mutation_recurrence_hotspot_or_multihit_lof	0	2	0	0	0	TRUE	FALSE	1	0	TCGA_ESCC_DR45_five_layer_core_94
TCGA-VR-A8EZ	ENSG00000109670.16	FBXW7	strong_patient_level_candidate	mutation_recurrence_hotspot_or_multihit_lof	0	3	0	0	0	TRUE	FALSE	1	0	TCGA_ESCC_DR45_five_layer_core_94
TCGA-VR-A8Q7	ENSG00000109670.16	FBXW7	strong_patient_level_candidate	mutation_recurrence_hotspot_or_multihit_lof	0	2	-0.84799690655495	0	0	TRUE	FALSE	1	0	TCGA_ESCC_DR45_five_layer_core_94
TCGA-VR-AA4G	ENSG00000109670.16	FBXW7	strong_patient_level_candidate	mutation_recurrence_hotspot_or_multihit_lof	0	1	-0.736965594166206	0	0	TRUE	FALSE	1	0	TCGA_ESCC_DR45_five_layer_core_94
TCGA-VR-AA7B	ENSG00000109670.16	FBXW7	strong_patient_level_candidate	mutation_recurrence_hotspot_or_multihit_lof	0	2	-0.485426827170242	0	0	TRUE	FALSE	1	0	TCGA_ESCC_DR45_five_layer_core_94
TCGA-VR-AA7D	ENSG00000109670.16	FBXW7	strong_patient_level_candidate	mutation_recurrence_hotspot_or_multihit_lof	0	2	0	0	0	TRUE	FALSE	1	0	TCGA_ESCC_DR45_five_layer_core_94
TCGA-VR-AA7I	ENSG00000109670.16	FBXW7	strong_patient_level_candidate	mutation_recurrence_hotspot_or_multihit_lof	0	2	-0.485426827170242	0	0	TRUE	FALSE	1	0	TCGA_ESCC_DR45_five_layer_core_94
TCGA-XP-A8T6	ENSG00000109670.16	FBXW7	strong_patient_level_candidate	mutation_recurrence_hotspot_or_multihit_lof	0	3	0	0	0	TRUE	FALSE	1	0	TCGA_ESCC_DR45_five_layer_core_94
TCGA-XP-A8T8	ENSG00000109670.16	FBXW7	strong_patient_level_candidate	mutation_recurrence_hotspot_or_multihit_lof	0	3	0	0	0	TRUE	FALSE	1	0	TCGA_ESCC_DR45_five_layer_core_94
TCGA-Z6-A8JD	ENSG00000109670.16	FBXW7	strong_patient_level_candidate	mutation_recurrence_hotspot_or_multihit_lof	0	2	0	0	0	TRUE	FALSE	1	0	TCGA_ESCC_DR45_five_layer_core_94
TCGA-Z6-A8JE	ENSG00000109670.16	FBXW7	strong_patient_level_candidate	mutation_recurrence_hotspot_or_multihit_lof	0	2	0	0	0	TRUE	FALSE	1	0	TCGA_ESCC_DR45_five_layer_core_94
TCGA-Z6-A9VB	ENSG00000109670.16	FBXW7	strong_patient_level_candidate	mutation_recurrence_hotspot_or_multihit_lof	0	2	0	0	0	TRUE	FALSE	1	0	TCGA_ESCC_DR45_five_layer_core_94
TCGA-Z6-AAPN	ENSG00000109670.16	FBXW7	strong_patient_level_candidate	mutation_recurrence_hotspot_or_multihit_lof	0	2	-0.485426827170242	0	0	TRUE	FALSE	1	0	TCGA_ESCC_DR45_five_layer_core_94
TCGA-IC-A6RF	ENSG00000121879.6	PIK3CA	strong_patient_level_candidate	mutation_recurrence_hotspot_or_multihit_lof	0	6	0.53051471669878	0	0	TRUE	TRUE	2	2	TCGA_ESCC_DR45_five_layer_core_94
TCGA-IG-A3I8	ENSG00000121879.6	PIK3CA	strong_patient_level_candidate	mutation_recurrence_hotspot_or_multihit_lof	0	6	0.53051471669878	0	0	TRUE	TRUE	2	2	TCGA_ESCC_DR45_five_layer_core_94
TCGA-IG-A3QL	ENSG00000121879.6	PIK3CA	strong_patient_level_candidate	mutation_recurrence_hotspot_or_multihit_lof	1	5	0.652076696579693	0	0	TRUE	TRUE	2	2	TCGA_ESCC_DR45_five_layer_core_94
TCGA-IG-A3Y9	ENSG00000121879.6	PIK3CA	strong_patient_level_candidate	mutation_recurrence_hotspot_or_multihit_lof	0	4	0.362570079384708	0	0	TRUE	TRUE	2	2	TCGA_ESCC_DR45_five_layer_core_94
TCGA-IG-A3YA	ENSG00000121879.6	PIK3CA	strong_patient_level_candidate	mutation_recurrence_hotspot_or_multihit_lof	1	9	1.44057259138598	1	0	TRUE	TRUE	2	2	TCGA_ESCC_DR45_five_layer_core_94
TCGA-IG-A3YB	ENSG00000121879.6	PIK3CA	strong_patient_level_candidate	mutation_recurrence_hotspot_or_multihit_lof	0	4	0.362570079384708	0	0	TRUE	TRUE	2	2	TCGA_ESCC_DR45_five_layer_core_94
TCGA-IG-A3YC	ENSG00000121879.6	PIK3CA	strong_patient_level_candidate	mutation_recurrence_hotspot_or_multihit_lof	0	6	0.893084796083488	1	0	TRUE	TRUE	2	2	TCGA_ESCC_DR45_five_layer_core_94
TCGA-IG-A4P3	ENSG00000121879.6	PIK3CA	strong_patient_level_candidate	mutation_recurrence_hotspot_or_multihit_lof	1	11	1.3536369546147	1	0	TRUE	TRUE	2	2	TCGA_ESCC_DR45_five_layer_core_94
TCGA-IG-A4QT	ENSG00000121879.6	PIK3CA	strong_patient_level_candidate	mutation_recurrence_hotspot_or_multihit_lof	0	2	0	0	0	TRUE	TRUE	2	2	TCGA_ESCC_DR45_five_layer_core_94
TCGA-IG-A50L	ENSG00000121879.6	PIK3CA	strong_patient_level_candidate	mutation_recurrence_hotspot_or_multihit_lof	0	6	0.893084796083488	1	0	TRUE	TRUE	2	2	TCGA_ESCC_DR45_five_layer_core_94
TCGA-IG-A51D	ENSG00000121879.6	PIK3CA	strong_patient_level_candidate	mutation_recurrence_hotspot_or_multihit_lof	0	7	1.09953567355091	1	0	TRUE	TRUE	2	2	TCGA_ESCC_DR45_five_layer_core_94
TCGA-IG-A5B8	ENSG00000121879.6	PIK3CA	strong_patient_level_candidate	mutation_recurrence_hotspot_or_multihit_lof	0	3	0.485426827170242	0	0	TRUE	TRUE	2	2	TCGA_ESCC_DR45_five_layer_core_94
TCGA-IG-A5S3	ENSG00000121879.6	PIK3CA	strong_patient_level_candidate	mutation_recurrence_hotspot_or_multihit_lof	0	7	0.447458976971221	0	0	TRUE	TRUE	2	2	TCGA_ESCC_DR45_five_layer_core_94
TCGA-IG-A625	ENSG00000121879.6	PIK3CA	strong_patient_level_candidate	mutation_recurrence_hotspot_or_multihit_lof	0	9	1.07800251200127	1	0	TRUE	TRUE	2	2	TCGA_ESCC_DR45_five_layer_core_94
TCGA-IG-A6QS	ENSG00000121879.6	PIK3CA	strong_patient_level_candidate	mutation_recurrence_hotspot_or_multihit_lof	0	3	0.485426827170242	0	0	TRUE	TRUE	2	2	TCGA_ESCC_DR45_five_layer_core_94
TCGA-IG-A8O2	ENSG00000121879.6	PIK3CA	strong_patient_level_candidate	mutation_recurrence_hotspot_or_multihit_lof	0	6	0.893084796083488	1	0	TRUE	TRUE	2	2	TCGA_ESCC_DR45_five_layer_core_94
TCGA-IG-A97H	ENSG00000121879.6	PIK3CA	strong_patient_level_candidate	mutation_recurrence_hotspot_or_multihit_lof	0	3	0.485426827170242	0	0	TRUE	TRUE	2	2	TCGA_ESCC_DR45_five_layer_core_94
TCGA-IG-A97I	ENSG00000121879.6	PIK3CA	strong_patient_level_candidate	mutation_recurrence_hotspot_or_multihit_lof	0	5	1.13750352374994	1	0	TRUE	TRUE	2	2	TCGA_ESCC_DR45_five_layer_core_94
TCGA-JY-A6FA	ENSG00000121879.6	PIK3CA	strong_patient_level_candidate	mutation_recurrence_hotspot_or_multihit_lof	0	5	1.13750352374994	1	0	TRUE	TRUE	2	2	TCGA_ESCC_DR45_five_layer_core_94
TCGA-JY-A6FD	ENSG00000121879.6	PIK3CA	strong_patient_level_candidate	mutation_recurrence_hotspot_or_multihit_lof	0	2	0	0	0	TRUE	TRUE	2	2	TCGA_ESCC_DR45_five_layer_core_94
TCGA-JY-A6FE	ENSG00000121879.6	PIK3CA	strong_patient_level_candidate	mutation_recurrence_hotspot_or_multihit_lof	0	4	0.84799690655495	1	0	TRUE	TRUE	2	2	TCGA_ESCC_DR45_five_layer_core_94
TCGA-JY-A6FG	ENSG00000121879.6	PIK3CA	strong_patient_level_candidate	mutation_recurrence_hotspot_or_multihit_lof	1	2	0	0	0	TRUE	TRUE	2	2	TCGA_ESCC_DR45_five_layer_core_94
TCGA-JY-A93F	ENSG00000121879.6	PIK3CA	strong_patient_level_candidate	mutation_recurrence_hotspot_or_multihit_lof	0	2	0	0	0	TRUE	TRUE	2	2	TCGA_ESCC_DR45_five_layer_core_94
TCGA-KH-A6WC	ENSG00000121879.6	PIK3CA	strong_patient_level_candidate	mutation_recurrence_hotspot_or_multihit_lof	0	2	0	0	0	TRUE	TRUE	2	2	TCGA_ESCC_DR45_five_layer_core_94
TCGA-L5-A43H	ENSG00000121879.6	PIK3CA	strong_patient_level_candidate	mutation_recurrence_hotspot_or_multihit_lof	0	6	0.893084796083488	1	0	TRUE	TRUE	2	2	TCGA_ESCC_DR45_five_layer_core_94
TCGA-L5-A43J	ENSG00000121879.6	PIK3CA	strong_patient_level_candidate	mutation_recurrence_hotspot_or_multihit_lof	0	6	0.893084796083488	1	0	TRUE	TRUE	2	2	TCGA_ESCC_DR45_five_layer_core_94
TCGA-L5-A4OM	ENSG00000121879.6	PIK3CA	strong_patient_level_candidate	mutation_recurrence_hotspot_or_multihit_lof	0	7	1.09953567355091	1	0	TRUE	TRUE	2	2	TCGA_ESCC_DR45_five_layer_core_94
TCGA-L5-A88S	ENSG00000121879.6	PIK3CA	strong_patient_level_candidate	mutation_recurrence_hotspot_or_multihit_lof	0	2	0	0	0	TRUE	TRUE	2	2	TCGA_ESCC_DR45_five_layer_core_94
TCGA-L5-A88W	ENSG00000121879.6	PIK3CA	strong_patient_level_candidate	mutation_recurrence_hotspot_or_multihit_lof	1	2	0	0	0	TRUE	TRUE	2	2	TCGA_ESCC_DR45_five_layer_core_94
TCGA-L5-A88Z	ENSG00000121879.6	PIK3CA	strong_patient_level_candidate	mutation_recurrence_hotspot_or_multihit_lof	0	3	0.485426827170242	0	0	TRUE	TRUE	2	2	TCGA_ESCC_DR45_five_layer_core_94
TCGA-L5-A8NK	ENSG00000121879.6	PIK3CA	strong_patient_level_candidate	mutation_recurrence_hotspot_or_multihit_lof	0	3	0	0	0	TRUE	TRUE	2	2	TCGA_ESCC_DR45_five_layer_core_94
TCGA-L5-A8NQ	ENSG00000121879.6	PIK3CA	strong_patient_level_candidate	mutation_recurrence_hotspot_or_multihit_lof	0	2	0.736965594166206	0	0	TRUE	TRUE	2	2	TCGA_ESCC_DR45_five_layer_core_94
TCGA-L7-A56G	ENSG00000121879.6	PIK3CA	strong_patient_level_candidate	mutation_recurrence_hotspot_or_multihit_lof	0	6	0.893084796083488	1	0	TRUE	TRUE	2	2	TCGA_ESCC_DR45_five_layer_core_94
TCGA-LN-A49K	ENSG00000121879.6	PIK3CA	strong_patient_level_candidate	mutation_recurrence_hotspot_or_multihit_lof	0	7	1.09953567355091	1	0	TRUE	TRUE	2	2	TCGA_ESCC_DR45_five_layer_core_94
TCGA-LN-A49L	ENSG00000121879.6	PIK3CA	strong_patient_level_candidate	mutation_recurrence_hotspot_or_multihit_lof	0	3	0.426881373801257	0	0	TRUE	TRUE	2	2	TCGA_ESCC_DR45_five_layer_core_94
TCGA-LN-A49M	ENSG00000121879.6	PIK3CA	strong_patient_level_candidate	mutation_recurrence_hotspot_or_multihit_lof	1	3	0.485426827170242	0	0	TRUE	TRUE	2	2	TCGA_ESCC_DR45_five_layer_core_94
TCGA-LN-A49N	ENSG00000121879.6	PIK3CA	strong_patient_level_candidate	mutation_recurrence_hotspot_or_multihit_lof	0	4	0.84799690655495	1	0	TRUE	TRUE	2	2	TCGA_ESCC_DR45_five_layer_core_94
TCGA-LN-A49O	ENSG00000121879.6	PIK3CA	strong_patient_level_candidate	mutation_recurrence_hotspot_or_multihit_lof	0	4	0.362570079384708	0	0	TRUE	TRUE	2	2	TCGA_ESCC_DR45_five_layer_core_94
TCGA-LN-A49P	ENSG00000121879.6	PIK3CA	strong_patient_level_candidate	mutation_recurrence_hotspot_or_multihit_lof	0	3	0.485426827170242	0	0	TRUE	TRUE	2	2	TCGA_ESCC_DR45_five_layer_core_94
TCGA-LN-A49R	ENSG00000121879.6	PIK3CA	strong_patient_level_candidate	mutation_recurrence_hotspot_or_multihit_lof	0	5	0.652076696579693	0	0	TRUE	TRUE	2	2	TCGA_ESCC_DR45_five_layer_core_94
TCGA-LN-A49S	ENSG00000121879.6	PIK3CA	strong_patient_level_candidate	mutation_recurrence_hotspot_or_multihit_lof	0	4	0.84799690655495	1	0	TRUE	TRUE	2	2	TCGA_ESCC_DR45_five_layer_core_94
TCGA-LN-A49U	ENSG00000121879.6	PIK3CA	strong_patient_level_candidate	mutation_recurrence_hotspot_or_multihit_lof	0	2	0	0	0	TRUE	TRUE	2	2	TCGA_ESCC_DR45_five_layer_core_94
TCGA-LN-A49W	ENSG00000121879.6	PIK3CA	strong_patient_level_candidate	mutation_recurrence_hotspot_or_multihit_lof	0	5	0.652076696579693	0	0	TRUE	TRUE	2	2	TCGA_ESCC_DR45_five_layer_core_94
TCGA-LN-A49X	ENSG00000121879.6	PIK3CA	strong_patient_level_candidate	mutation_recurrence_hotspot_or_multihit_lof	0	2	0	0	0	TRUE	TRUE	2	2	TCGA_ESCC_DR45_five_layer_core_94
TCGA-LN-A49Y	ENSG00000121879.6	PIK3CA	strong_patient_level_candidate	mutation_recurrence_hotspot_or_multihit_lof	0	6	1.37851162325373	1	0	TRUE	TRUE	2	2	TCGA_ESCC_DR45_five_layer_core_94
TCGA-LN-A4A1	ENSG00000121879.6	PIK3CA	strong_patient_level_candidate	mutation_recurrence_hotspot_or_multihit_lof	0	5	0.652076696579693	0	0	TRUE	TRUE	2	2	TCGA_ESCC_DR45_five_layer_core_94
TCGA-LN-A4A2	ENSG00000121879.6	PIK3CA	strong_patient_level_candidate	mutation_recurrence_hotspot_or_multihit_lof	0	6	0.893084796083488	1	0	TRUE	TRUE	2	2	TCGA_ESCC_DR45_five_layer_core_94
TCGA-LN-A4A3	ENSG00000121879.6	PIK3CA	strong_patient_level_candidate	mutation_recurrence_hotspot_or_multihit_lof	0	3	1.22239242133645	0	0	TRUE	TRUE	2	2	TCGA_ESCC_DR45_five_layer_core_94
TCGA-LN-A4A4	ENSG00000121879.6	PIK3CA	strong_patient_level_candidate	mutation_recurrence_hotspot_or_multihit_lof	1	6	1.37851162325373	1	0	TRUE	TRUE	2	2	TCGA_ESCC_DR45_five_layer_core_94
TCGA-LN-A4A5	ENSG00000121879.6	PIK3CA	strong_patient_level_candidate	mutation_recurrence_hotspot_or_multihit_lof	0	4	0.84799690655495	1	0	TRUE	TRUE	2	2	TCGA_ESCC_DR45_five_layer_core_94
TCGA-LN-A4A6	ENSG00000121879.6	PIK3CA	strong_patient_level_candidate	mutation_recurrence_hotspot_or_multihit_lof	0	5	0.652076696579693	0	0	TRUE	TRUE	2	2	TCGA_ESCC_DR45_five_layer_core_94
TCGA-LN-A4A8	ENSG00000121879.6	PIK3CA	strong_patient_level_candidate	mutation_recurrence_hotspot_or_multihit_lof	0	3	0.485426827170242	0	0	TRUE	TRUE	2	2	TCGA_ESCC_DR45_five_layer_core_94
TCGA-LN-A4A9	ENSG00000121879.6	PIK3CA	strong_patient_level_candidate	mutation_recurrence_hotspot_or_multihit_lof	0	4	0.84799690655495	1	0	TRUE	TRUE	2	2	TCGA_ESCC_DR45_five_layer_core_94
TCGA-LN-A4MQ	ENSG00000121879.6	PIK3CA	strong_patient_level_candidate	mutation_recurrence_hotspot_or_multihit_lof	0	10	1.58496250072116	1	0	TRUE	TRUE	2	2	TCGA_ESCC_DR45_five_layer_core_94
TCGA-LN-A4MR	ENSG00000121879.6	PIK3CA	strong_patient_level_candidate	mutation_recurrence_hotspot_or_multihit_lof	0	6	0.893084796083488	1	0	TRUE	TRUE	2	2	TCGA_ESCC_DR45_five_layer_core_94
TCGA-LN-A5U5	ENSG00000121879.6	PIK3CA	strong_patient_level_candidate	mutation_recurrence_hotspot_or_multihit_lof	0	6	1.37851162325373	1	0	TRUE	TRUE	2	2	TCGA_ESCC_DR45_five_layer_core_94
TCGA-LN-A5U6	ENSG00000121879.6	PIK3CA	strong_patient_level_candidate	mutation_recurrence_hotspot_or_multihit_lof	0	9	1.44057259138598	1	0	TRUE	TRUE	2	2	TCGA_ESCC_DR45_five_layer_core_94
TCGA-LN-A5U7	ENSG00000121879.6	PIK3CA	strong_patient_level_candidate	mutation_recurrence_hotspot_or_multihit_lof	0	7	1.09953567355091	1	0	TRUE	TRUE	2	2	TCGA_ESCC_DR45_five_layer_core_94
TCGA-LN-A7HV	ENSG00000121879.6	PIK3CA	strong_patient_level_candidate	mutation_recurrence_hotspot_or_multihit_lof	0	3	0.485426827170242	0	0	TRUE	TRUE	2	2	TCGA_ESCC_DR45_five_layer_core_94
TCGA-LN-A7HW	ENSG00000121879.6	PIK3CA	strong_patient_level_candidate	mutation_recurrence_hotspot_or_multihit_lof	1	10	1.58496250072116	1	0	TRUE	TRUE	2	2	TCGA_ESCC_DR45_five_layer_core_94
TCGA-LN-A7HX	ENSG00000121879.6	PIK3CA	strong_patient_level_candidate	mutation_recurrence_hotspot_or_multihit_lof	0	8	0.917537839808027	1	0	TRUE	TRUE	2	2	TCGA_ESCC_DR45_five_layer_core_94
TCGA-LN-A7HY	ENSG00000121879.6	PIK3CA	strong_patient_level_candidate	mutation_recurrence_hotspot_or_multihit_lof	0	4	0.362570079384708	0	0	TRUE	TRUE	2	2	TCGA_ESCC_DR45_five_layer_core_94
TCGA-LN-A7HZ	ENSG00000121879.6	PIK3CA	strong_patient_level_candidate	mutation_recurrence_hotspot_or_multihit_lof	0	7	1.09953567355091	1	0	TRUE	TRUE	2	2	TCGA_ESCC_DR45_five_layer_core_94
TCGA-LN-A8HZ	ENSG00000121879.6	PIK3CA	strong_patient_level_candidate	mutation_recurrence_hotspot_or_multihit_lof	0	9	1.07800251200127	1	0	TRUE	TRUE	2	2	TCGA_ESCC_DR45_five_layer_core_94
TCGA-LN-A8I0	ENSG00000121879.6	PIK3CA	strong_patient_level_candidate	mutation_recurrence_hotspot_or_multihit_lof	0	3	0.485426827170242	0	0	TRUE	TRUE	2	2	TCGA_ESCC_DR45_five_layer_core_94
TCGA-LN-A8I1	ENSG00000121879.6	PIK3CA	strong_patient_level_candidate	mutation_recurrence_hotspot_or_multihit_lof	0	33	3.25873426840017	1	0	TRUE	TRUE	2	2	TCGA_ESCC_DR45_five_layer_core_94
TCGA-LN-A9FO	ENSG00000121879.6	PIK3CA	strong_patient_level_candidate	mutation_recurrence_hotspot_or_multihit_lof	0	4	0.362570079384708	0	0	TRUE	TRUE	2	2	TCGA_ESCC_DR45_five_layer_core_94
TCGA-LN-A9FP	ENSG00000121879.6	PIK3CA	strong_patient_level_candidate	mutation_recurrence_hotspot_or_multihit_lof	0	3	0.485426827170242	0	0	TRUE	TRUE	2	2	TCGA_ESCC_DR45_five_layer_core_94
TCGA-LN-A9FQ	ENSG00000121879.6	PIK3CA	strong_patient_level_candidate	mutation_recurrence_hotspot_or_multihit_lof	0	7	1.09953567355091	1	0	TRUE	TRUE	2	2	TCGA_ESCC_DR45_five_layer_core_94
TCGA-LN-A9FR	ENSG00000121879.6	PIK3CA	strong_patient_level_candidate	mutation_recurrence_hotspot_or_multihit_lof	0	4	0.362570079384708	0	0	TRUE	TRUE	2	2	TCGA_ESCC_DR45_five_layer_core_94
TCGA-Q9-A6FU	ENSG00000121879.6	PIK3CA	strong_patient_level_candidate	mutation_recurrence_hotspot_or_multihit_lof	0	5	1.13750352374994	1	0	TRUE	TRUE	2	2	TCGA_ESCC_DR45_five_layer_core_94
TCGA-S8-A6BW	ENSG00000121879.6	PIK3CA	strong_patient_level_candidate	mutation_recurrence_hotspot_or_multihit_lof	0	7	1.09953567355091	1	0	TRUE	TRUE	2	2	TCGA_ESCC_DR45_five_layer_core_94
TCGA-V5-A7RC	ENSG00000121879.6	PIK3CA	strong_patient_level_candidate	mutation_recurrence_hotspot_or_multihit_lof	0	15	1.78427130894456	1	0	TRUE	TRUE	2	2	TCGA_ESCC_DR45_five_layer_core_94
TCGA-V5-AASV	ENSG00000121879.6	PIK3CA	strong_patient_level_candidate	mutation_recurrence_hotspot_or_multihit_lof	1	2	0	0	0	TRUE	TRUE	2	2	TCGA_ESCC_DR45_five_layer_core_94
TCGA-VR-A8EO	ENSG00000121879.6	PIK3CA	strong_patient_level_candidate	mutation_recurrence_hotspot_or_multihit_lof	0	10	1.22239242133645	1	0	TRUE	TRUE	2	2	TCGA_ESCC_DR45_five_layer_core_94
TCGA-VR-A8EP	ENSG00000121879.6	PIK3CA	strong_patient_level_candidate	mutation_recurrence_hotspot_or_multihit_lof	0	2	0	0	0	TRUE	TRUE	2	2	TCGA_ESCC_DR45_five_layer_core_94
TCGA-VR-A8ER	ENSG00000121879.6	PIK3CA	strong_patient_level_candidate	mutation_recurrence_hotspot_or_multihit_lof	0	6	1.37851162325373	1	0	TRUE	TRUE	2	2	TCGA_ESCC_DR45_five_layer_core_94
TCGA-VR-A8ET	ENSG00000121879.6	PIK3CA	strong_patient_level_candidate	mutation_recurrence_hotspot_or_multihit_lof	0	2	0	0	0	TRUE	TRUE	2	2	TCGA_ESCC_DR45_five_layer_core_94
TCGA-VR-A8EU	ENSG00000121879.6	PIK3CA	strong_patient_level_candidate	mutation_recurrence_hotspot_or_multihit_lof	0	6	0.893084796083488	1	0	TRUE	TRUE	2	2	TCGA_ESCC_DR45_five_layer_core_94
TCGA-VR-A8EW	ENSG00000121879.6	PIK3CA	strong_patient_level_candidate	mutation_recurrence_hotspot_or_multihit_lof	1	8	1.28010791919274	1	0	TRUE	TRUE	2	2	TCGA_ESCC_DR45_five_layer_core_94
TCGA-VR-A8EX	ENSG00000121879.6	PIK3CA	strong_patient_level_candidate	mutation_recurrence_hotspot_or_multihit_lof	0	12	1.54319805799087	1	0	TRUE	TRUE	2	2	TCGA_ESCC_DR45_five_layer_core_94
TCGA-VR-A8EY	ENSG00000121879.6	PIK3CA	strong_patient_level_candidate	mutation_recurrence_hotspot_or_multihit_lof	0	4	0.84799690655495	1	0	TRUE	TRUE	2	2	TCGA_ESCC_DR45_five_layer_core_94
TCGA-VR-A8EZ	ENSG00000121879.6	PIK3CA	strong_patient_level_candidate	mutation_recurrence_hotspot_or_multihit_lof	0	8	1.28010791919274	1	0	TRUE	TRUE	2	2	TCGA_ESCC_DR45_five_layer_core_94
TCGA-VR-A8Q7	ENSG00000121879.6	PIK3CA	strong_patient_level_candidate	mutation_recurrence_hotspot_or_multihit_lof	0	5	0.289506617194985	0	0	TRUE	TRUE	2	2	TCGA_ESCC_DR45_five_layer_core_94
TCGA-VR-AA4G	ENSG00000121879.6	PIK3CA	strong_patient_level_candidate	mutation_recurrence_hotspot_or_multihit_lof	0	4	0.84799690655495	1	0	TRUE	TRUE	2	2	TCGA_ESCC_DR45_five_layer_core_94
TCGA-VR-AA7B	ENSG00000121879.6	PIK3CA	strong_patient_level_candidate	mutation_recurrence_hotspot_or_multihit_lof	0	7	1.09953567355091	1	0	TRUE	TRUE	2	2	TCGA_ESCC_DR45_five_layer_core_94
TCGA-VR-AA7D	ENSG00000121879.6	PIK3CA	strong_patient_level_candidate	mutation_recurrence_hotspot_or_multihit_lof	0	4	0.84799690655495	1	0	TRUE	TRUE	2	2	TCGA_ESCC_DR45_five_layer_core_94
TCGA-VR-AA7I	ENSG00000121879.6	PIK3CA	strong_patient_level_candidate	mutation_recurrence_hotspot_or_multihit_lof	0	6	0.893084796083488	1	0	TRUE	TRUE	2	2	TCGA_ESCC_DR45_five_layer_core_94
TCGA-XP-A8T6	ENSG00000121879.6	PIK3CA	strong_patient_level_candidate	mutation_recurrence_hotspot_or_multihit_lof	0	5	0.652076696579693	0	0	TRUE	TRUE	2	2	TCGA_ESCC_DR45_five_layer_core_94
TCGA-XP-A8T8	ENSG00000121879.6	PIK3CA	strong_patient_level_candidate	mutation_recurrence_hotspot_or_multihit_lof	0	7	1.09953567355091	1	0	TRUE	TRUE	2	2	TCGA_ESCC_DR45_five_layer_core_94
TCGA-Z6-A8JD	ENSG00000121879.6	PIK3CA	strong_patient_level_candidate	mutation_recurrence_hotspot_or_multihit_lof	0	2	0	0	0	TRUE	TRUE	2	2	TCGA_ESCC_DR45_five_layer_core_94
TCGA-Z6-A8JE	ENSG00000121879.6	PIK3CA	strong_patient_level_candidate	mutation_recurrence_hotspot_or_multihit_lof	0	2	0	0	0	TRUE	TRUE	2	2	TCGA_ESCC_DR45_five_layer_core_94
TCGA-Z6-A9VB	ENSG00000121879.6	PIK3CA	strong_patient_level_candidate	mutation_recurrence_hotspot_or_multihit_lof	0	8	1.76553474636298	1	0	TRUE	TRUE	2	2	TCGA_ESCC_DR45_five_layer_core_94
TCGA-Z6-AAPN	ENSG00000121879.6	PIK3CA	strong_patient_level_candidate	mutation_recurrence_hotspot_or_multihit_lof	1	3	0	0	0	TRUE	TRUE	2	2	TCGA_ESCC_DR45_five_layer_core_94
TCGA-IC-A6RF	ENSG00000116044.16	NFE2L2	strong_patient_level_candidate	mutation_recurrence_hotspot_or_multihit_lof	0	6	0.53051471669878	0	0	TRUE	FALSE	1	1	TCGA_ESCC_DR45_five_layer_core_94
TCGA-IG-A3I8	ENSG00000116044.16	NFE2L2	strong_patient_level_candidate	mutation_recurrence_hotspot_or_multihit_lof	0	4	0	0	0	TRUE	FALSE	1	1	TCGA_ESCC_DR45_five_layer_core_94
TCGA-IG-A3QL	ENSG00000116044.16	NFE2L2	strong_patient_level_candidate	mutation_recurrence_hotspot_or_multihit_lof	0	3	0	0	0	TRUE	FALSE	1	1	TCGA_ESCC_DR45_five_layer_core_94
TCGA-IG-A3Y9	ENSG00000116044.16	NFE2L2	strong_patient_level_candidate	mutation_recurrence_hotspot_or_multihit_lof	0	3	0	0	0	TRUE	FALSE	1	1	TCGA_ESCC_DR45_five_layer_core_94
TCGA-IG-A3YA	ENSG00000116044.16	NFE2L2	strong_patient_level_candidate	mutation_recurrence_hotspot_or_multihit_lof	0	4	0.362570079384708	0	0	TRUE	FALSE	1	1	TCGA_ESCC_DR45_five_layer_core_94
TCGA-IG-A3YB	ENSG00000116044.16	NFE2L2	strong_patient_level_candidate	mutation_recurrence_hotspot_or_multihit_lof	0	6	0.893084796083488	1	0	TRUE	FALSE	1	1	TCGA_ESCC_DR45_five_layer_core_94
TCGA-IG-A3YC	ENSG00000116044.16	NFE2L2	strong_patient_level_candidate	mutation_recurrence_hotspot_or_multihit_lof	0	3	0	0	0	TRUE	FALSE	1	1	TCGA_ESCC_DR45_five_layer_core_94
TCGA-IG-A4P3	ENSG00000116044.16	NFE2L2	strong_patient_level_candidate	mutation_recurrence_hotspot_or_multihit_lof	0	3	-0.362570079384708	0	0	TRUE	FALSE	1	1	TCGA_ESCC_DR45_five_layer_core_94
TCGA-IG-A4QT	ENSG00000116044.16	NFE2L2	strong_patient_level_candidate	mutation_recurrence_hotspot_or_multihit_lof	0	2	0	0	0	TRUE	FALSE	1	1	TCGA_ESCC_DR45_five_layer_core_94
TCGA-IG-A50L	ENSG00000116044.16	NFE2L2	strong_patient_level_candidate	mutation_recurrence_hotspot_or_multihit_lof	1	3	0	0	0	TRUE	FALSE	1	1	TCGA_ESCC_DR45_five_layer_core_94
TCGA-IG-A51D	ENSG00000116044.16	NFE2L2	strong_patient_level_candidate	mutation_recurrence_hotspot_or_multihit_lof	0	3	0	0	0	TRUE	FALSE	1	1	TCGA_ESCC_DR45_five_layer_core_94
TCGA-IG-A5B8	ENSG00000116044.16	NFE2L2	strong_patient_level_candidate	mutation_recurrence_hotspot_or_multihit_lof	0	1	-0.736965594166206	0	0	TRUE	FALSE	1	1	TCGA_ESCC_DR45_five_layer_core_94
TCGA-IG-A5S3	ENSG00000116044.16	NFE2L2	strong_patient_level_candidate	mutation_recurrence_hotspot_or_multihit_lof	0	6	0.241008099503795	0	0	TRUE	FALSE	1	1	TCGA_ESCC_DR45_five_layer_core_94
TCGA-IG-A625	ENSG00000116044.16	NFE2L2	strong_patient_level_candidate	mutation_recurrence_hotspot_or_multihit_lof	1	4	0	0	0	TRUE	FALSE	1	1	TCGA_ESCC_DR45_five_layer_core_94
TCGA-IG-A6QS	ENSG00000116044.16	NFE2L2	strong_patient_level_candidate	mutation_recurrence_hotspot_or_multihit_lof	0	2	0	0	0	TRUE	FALSE	1	1	TCGA_ESCC_DR45_five_layer_core_94
TCGA-IG-A8O2	ENSG00000116044.16	NFE2L2	strong_patient_level_candidate	mutation_recurrence_hotspot_or_multihit_lof	1	4	0.362570079384708	0	0	TRUE	FALSE	1	1	TCGA_ESCC_DR45_five_layer_core_94
TCGA-IG-A97H	ENSG00000116044.16	NFE2L2	strong_patient_level_candidate	mutation_recurrence_hotspot_or_multihit_lof	0	2	0	0	0	TRUE	FALSE	1	1	TCGA_ESCC_DR45_five_layer_core_94
TCGA-IG-A97I	ENSG00000116044.16	NFE2L2	strong_patient_level_candidate	mutation_recurrence_hotspot_or_multihit_lof	0	2	0	0	0	TRUE	FALSE	1	1	TCGA_ESCC_DR45_five_layer_core_94
TCGA-JY-A6FA	ENSG00000116044.16	NFE2L2	strong_patient_level_candidate	mutation_recurrence_hotspot_or_multihit_lof	0	2	0	0	0	TRUE	FALSE	1	1	TCGA_ESCC_DR45_five_layer_core_94
TCGA-JY-A6FD	ENSG00000116044.16	NFE2L2	strong_patient_level_candidate	mutation_recurrence_hotspot_or_multihit_lof	0	2	0	0	0	TRUE	FALSE	1	1	TCGA_ESCC_DR45_five_layer_core_94
TCGA-JY-A6FE	ENSG00000116044.16	NFE2L2	strong_patient_level_candidate	mutation_recurrence_hotspot_or_multihit_lof	0	4	0.84799690655495	1	0	TRUE	FALSE	1	1	TCGA_ESCC_DR45_five_layer_core_94
TCGA-JY-A6FG	ENSG00000116044.16	NFE2L2	strong_patient_level_candidate	mutation_recurrence_hotspot_or_multihit_lof	0	2	0	0	0	TRUE	FALSE	1	1	TCGA_ESCC_DR45_five_layer_core_94
TCGA-JY-A93F	ENSG00000116044.16	NFE2L2	strong_patient_level_candidate	mutation_recurrence_hotspot_or_multihit_lof	0	2	0	0	0	TRUE	FALSE	1	1	TCGA_ESCC_DR45_five_layer_core_94
TCGA-KH-A6WC	ENSG00000116044.16	NFE2L2	strong_patient_level_candidate	mutation_recurrence_hotspot_or_multihit_lof	0	2	0	0	0	TRUE	FALSE	1	1	TCGA_ESCC_DR45_five_layer_core_94
TCGA-L5-A43H	ENSG00000116044.16	NFE2L2	strong_patient_level_candidate	mutation_recurrence_hotspot_or_multihit_lof	0	3	0	0	0	TRUE	FALSE	1	1	TCGA_ESCC_DR45_five_layer_core_94
TCGA-L5-A43J	ENSG00000116044.16	NFE2L2	strong_patient_level_candidate	mutation_recurrence_hotspot_or_multihit_lof	0	4	0.362570079384708	0	0	TRUE	FALSE	1	1	TCGA_ESCC_DR45_five_layer_core_94
TCGA-L5-A4OM	ENSG00000116044.16	NFE2L2	strong_patient_level_candidate	mutation_recurrence_hotspot_or_multihit_lof	0	5	0.652076696579693	0	0	TRUE	FALSE	1	1	TCGA_ESCC_DR45_five_layer_core_94
TCGA-L5-A88S	ENSG00000116044.16	NFE2L2	strong_patient_level_candidate	mutation_recurrence_hotspot_or_multihit_lof	0	4	0.84799690655495	1	0	TRUE	FALSE	1	1	TCGA_ESCC_DR45_five_layer_core_94
TCGA-L5-A88W	ENSG00000116044.16	NFE2L2	strong_patient_level_candidate	mutation_recurrence_hotspot_or_multihit_lof	0	2	0	0	0	TRUE	FALSE	1	1	TCGA_ESCC_DR45_five_layer_core_94
TCGA-L5-A88Z	ENSG00000116044.16	NFE2L2	strong_patient_level_candidate	mutation_recurrence_hotspot_or_multihit_lof	1	2	0	0	0	TRUE	FALSE	1	1	TCGA_ESCC_DR45_five_layer_core_94
TCGA-L5-A8NK	ENSG00000116044.16	NFE2L2	strong_patient_level_candidate	mutation_recurrence_hotspot_or_multihit_lof	0	3	0	0	0	TRUE	FALSE	1	1	TCGA_ESCC_DR45_five_layer_core_94
TCGA-L5-A8NQ	ENSG00000116044.16	NFE2L2	strong_patient_level_candidate	mutation_recurrence_hotspot_or_multihit_lof	0	2	0.736965594166206	0	0	TRUE	FALSE	1	1	TCGA_ESCC_DR45_five_layer_core_94
TCGA-L7-A56G	ENSG00000116044.16	NFE2L2	strong_patient_level_candidate	mutation_recurrence_hotspot_or_multihit_lof	0	3	0	0	0	TRUE	FALSE	1	1	TCGA_ESCC_DR45_five_layer_core_94
TCGA-LN-A49K	ENSG00000116044.16	NFE2L2	strong_patient_level_candidate	mutation_recurrence_hotspot_or_multihit_lof	0	4	0.362570079384708	0	0	TRUE	FALSE	1	1	TCGA_ESCC_DR45_five_layer_core_94
TCGA-LN-A49L	ENSG00000116044.16	NFE2L2	strong_patient_level_candidate	mutation_recurrence_hotspot_or_multihit_lof	0	2	-0.0585454533689845	0	0	TRUE	FALSE	1	1	TCGA_ESCC_DR45_five_layer_core_94
TCGA-LN-A49M	ENSG00000116044.16	NFE2L2	strong_patient_level_candidate	mutation_recurrence_hotspot_or_multihit_lof	0	2	0	0	0	TRUE	FALSE	1	1	TCGA_ESCC_DR45_five_layer_core_94
TCGA-LN-A49N	ENSG00000116044.16	NFE2L2	strong_patient_level_candidate	mutation_recurrence_hotspot_or_multihit_lof	0	2	0	0	0	TRUE	FALSE	1	1	TCGA_ESCC_DR45_five_layer_core_94
TCGA-LN-A49O	ENSG00000116044.16	NFE2L2	strong_patient_level_candidate	mutation_recurrence_hotspot_or_multihit_lof	0	3	0	0	0	TRUE	FALSE	1	1	TCGA_ESCC_DR45_five_layer_core_94
TCGA-LN-A49P	ENSG00000116044.16	NFE2L2	strong_patient_level_candidate	mutation_recurrence_hotspot_or_multihit_lof	0	3	0.485426827170242	0	0	TRUE	FALSE	1	1	TCGA_ESCC_DR45_five_layer_core_94
TCGA-LN-A49R	ENSG00000116044.16	NFE2L2	strong_patient_level_candidate	mutation_recurrence_hotspot_or_multihit_lof	1	4	0.362570079384708	0	0	TRUE	FALSE	1	1	TCGA_ESCC_DR45_five_layer_core_94
TCGA-LN-A49S	ENSG00000116044.16	NFE2L2	strong_patient_level_candidate	mutation_recurrence_hotspot_or_multihit_lof	0	1	-0.736965594166206	0	0	TRUE	FALSE	1	1	TCGA_ESCC_DR45_five_layer_core_94
TCGA-LN-A49U	ENSG00000116044.16	NFE2L2	strong_patient_level_candidate	mutation_recurrence_hotspot_or_multihit_lof	0	3	0.485426827170242	0	0	TRUE	FALSE	1	1	TCGA_ESCC_DR45_five_layer_core_94
TCGA-LN-A49W	ENSG00000116044.16	NFE2L2	strong_patient_level_candidate	mutation_recurrence_hotspot_or_multihit_lof	0	4	0.362570079384708	0	0	TRUE	FALSE	1	1	TCGA_ESCC_DR45_five_layer_core_94
TCGA-LN-A49X	ENSG00000116044.16	NFE2L2	strong_patient_level_candidate	mutation_recurrence_hotspot_or_multihit_lof	0	2	0	0	0	TRUE	FALSE	1	1	TCGA_ESCC_DR45_five_layer_core_94
TCGA-LN-A49Y	ENSG00000116044.16	NFE2L2	strong_patient_level_candidate	mutation_recurrence_hotspot_or_multihit_lof	0	1	-0.736965594166206	0	0	TRUE	FALSE	1	1	TCGA_ESCC_DR45_five_layer_core_94
TCGA-LN-A4A1	ENSG00000116044.16	NFE2L2	strong_patient_level_candidate	mutation_recurrence_hotspot_or_multihit_lof	0	5	0.652076696579693	0	0	TRUE	FALSE	1	1	TCGA_ESCC_DR45_five_layer_core_94
TCGA-LN-A4A2	ENSG00000116044.16	NFE2L2	strong_patient_level_candidate	mutation_recurrence_hotspot_or_multihit_lof	0	4	0.362570079384708	0	0	TRUE	FALSE	1	1	TCGA_ESCC_DR45_five_layer_core_94
TCGA-LN-A4A3	ENSG00000116044.16	NFE2L2	strong_patient_level_candidate	mutation_recurrence_hotspot_or_multihit_lof	0	2	0.736965594166206	0	0	TRUE	FALSE	1	1	TCGA_ESCC_DR45_five_layer_core_94
TCGA-LN-A4A4	ENSG00000116044.16	NFE2L2	strong_patient_level_candidate	mutation_recurrence_hotspot_or_multihit_lof	0	2	0	0	0	TRUE	FALSE	1	1	TCGA_ESCC_DR45_five_layer_core_94
TCGA-LN-A4A5	ENSG00000116044.16	NFE2L2	strong_patient_level_candidate	mutation_recurrence_hotspot_or_multihit_lof	0	2	0	0	0	TRUE	FALSE	1	1	TCGA_ESCC_DR45_five_layer_core_94
TCGA-LN-A4A6	ENSG00000116044.16	NFE2L2	strong_patient_level_candidate	mutation_recurrence_hotspot_or_multihit_lof	0	4	0.362570079384708	0	0	TRUE	FALSE	1	1	TCGA_ESCC_DR45_five_layer_core_94
TCGA-LN-A4A8	ENSG00000116044.16	NFE2L2	strong_patient_level_candidate	mutation_recurrence_hotspot_or_multihit_lof	0	2	0	0	0	TRUE	FALSE	1	1	TCGA_ESCC_DR45_five_layer_core_94
TCGA-LN-A4A9	ENSG00000116044.16	NFE2L2	strong_patient_level_candidate	mutation_recurrence_hotspot_or_multihit_lof	0	2	0	0	0	TRUE	FALSE	1	1	TCGA_ESCC_DR45_five_layer_core_94
TCGA-LN-A4MQ	ENSG00000116044.16	NFE2L2	strong_patient_level_candidate	mutation_recurrence_hotspot_or_multihit_lof	1	3	0	0	0	TRUE	FALSE	1	1	TCGA_ESCC_DR45_five_layer_core_94
TCGA-LN-A4MR	ENSG00000116044.16	NFE2L2	strong_patient_level_candidate	mutation_recurrence_hotspot_or_multihit_lof	1	3	0	0	0	TRUE	FALSE	1	1	TCGA_ESCC_DR45_five_layer_core_94
TCGA-LN-A5U5	ENSG00000116044.16	NFE2L2	strong_patient_level_candidate	mutation_recurrence_hotspot_or_multihit_lof	1	2	0	0	0	TRUE	FALSE	1	1	TCGA_ESCC_DR45_five_layer_core_94
TCGA-LN-A5U6	ENSG00000116044.16	NFE2L2	strong_patient_level_candidate	mutation_recurrence_hotspot_or_multihit_lof	0	7	1.09953567355091	1	0	TRUE	FALSE	1	1	TCGA_ESCC_DR45_five_layer_core_94
TCGA-LN-A5U7	ENSG00000116044.16	NFE2L2	strong_patient_level_candidate	mutation_recurrence_hotspot_or_multihit_lof	1	7	1.09953567355091	1	0	TRUE	FALSE	1	1	TCGA_ESCC_DR45_five_layer_core_94
TCGA-LN-A7HV	ENSG00000116044.16	NFE2L2	strong_patient_level_candidate	mutation_recurrence_hotspot_or_multihit_lof	0	1	-0.736965594166206	0	0	TRUE	FALSE	1	1	TCGA_ESCC_DR45_five_layer_core_94
TCGA-LN-A7HW	ENSG00000116044.16	NFE2L2	strong_patient_level_candidate	mutation_recurrence_hotspot_or_multihit_lof	1	3	0	0	0	TRUE	FALSE	1	1	TCGA_ESCC_DR45_five_layer_core_94
TCGA-LN-A7HX	ENSG00000116044.16	NFE2L2	strong_patient_level_candidate	mutation_recurrence_hotspot_or_multihit_lof	0	3	-0.362570079384708	0	0	TRUE	FALSE	1	1	TCGA_ESCC_DR45_five_layer_core_94
TCGA-LN-A7HY	ENSG00000116044.16	NFE2L2	strong_patient_level_candidate	mutation_recurrence_hotspot_or_multihit_lof	0	3	0	0	0	TRUE	FALSE	1	1	TCGA_ESCC_DR45_five_layer_core_94
TCGA-LN-A7HZ	ENSG00000116044.16	NFE2L2	strong_patient_level_candidate	mutation_recurrence_hotspot_or_multihit_lof	1	3	0	0	0	TRUE	FALSE	1	1	TCGA_ESCC_DR45_five_layer_core_94
TCGA-LN-A8HZ	ENSG00000116044.16	NFE2L2	strong_patient_level_candidate	mutation_recurrence_hotspot_or_multihit_lof	1	4	0	0	0	TRUE	FALSE	1	1	TCGA_ESCC_DR45_five_layer_core_94
TCGA-LN-A8I0	ENSG00000116044.16	NFE2L2	strong_patient_level_candidate	mutation_recurrence_hotspot_or_multihit_lof	1	2	0	0	0	TRUE	FALSE	1	1	TCGA_ESCC_DR45_five_layer_core_94
TCGA-LN-A8I1	ENSG00000116044.16	NFE2L2	strong_patient_level_candidate	mutation_recurrence_hotspot_or_multihit_lof	1	3	0	0	0	TRUE	FALSE	1	1	TCGA_ESCC_DR45_five_layer_core_94
TCGA-LN-A9FO	ENSG00000116044.16	NFE2L2	strong_patient_level_candidate	mutation_recurrence_hotspot_or_multihit_lof	0	6	0.893084796083488	1	0	TRUE	FALSE	1	1	TCGA_ESCC_DR45_five_layer_core_94
TCGA-LN-A9FP	ENSG00000116044.16	NFE2L2	strong_patient_level_candidate	mutation_recurrence_hotspot_or_multihit_lof	0	2	0	0	0	TRUE	FALSE	1	1	TCGA_ESCC_DR45_five_layer_core_94
TCGA-LN-A9FQ	ENSG00000116044.16	NFE2L2	strong_patient_level_candidate	mutation_recurrence_hotspot_or_multihit_lof	1	4	0.362570079384708	0	0	TRUE	FALSE	1	1	TCGA_ESCC_DR45_five_layer_core_94
TCGA-LN-A9FR	ENSG00000116044.16	NFE2L2	strong_patient_level_candidate	mutation_recurrence_hotspot_or_multihit_lof	0	4	0.362570079384708	0	0	TRUE	FALSE	1	1	TCGA_ESCC_DR45_five_layer_core_94
TCGA-Q9-A6FU	ENSG00000116044.16	NFE2L2	strong_patient_level_candidate	mutation_recurrence_hotspot_or_multihit_lof	0	2	0	0	0	TRUE	FALSE	1	1	TCGA_ESCC_DR45_five_layer_core_94
TCGA-S8-A6BW	ENSG00000116044.16	NFE2L2	strong_patient_level_candidate	mutation_recurrence_hotspot_or_multihit_lof	0	6	0.893084796083488	1	0	TRUE	FALSE	1	1	TCGA_ESCC_DR45_five_layer_core_94
TCGA-V5-A7RC	ENSG00000116044.16	NFE2L2	strong_patient_level_candidate	mutation_recurrence_hotspot_or_multihit_lof	0	8	0.917537839808027	1	0	TRUE	FALSE	1	1	TCGA_ESCC_DR45_five_layer_core_94
TCGA-V5-AASV	ENSG00000116044.16	NFE2L2	strong_patient_level_candidate	mutation_recurrence_hotspot_or_multihit_lof	0	3	0.485426827170242	0	0	TRUE	FALSE	1	1	TCGA_ESCC_DR45_five_layer_core_94
TCGA-VR-A8EO	ENSG00000116044.16	NFE2L2	strong_patient_level_candidate	mutation_recurrence_hotspot_or_multihit_lof	0	5	0.289506617194985	0	0	TRUE	FALSE	1	1	TCGA_ESCC_DR45_five_layer_core_94
TCGA-VR-A8EP	ENSG00000116044.16	NFE2L2	strong_patient_level_candidate	mutation_recurrence_hotspot_or_multihit_lof	0	2	0	0	0	TRUE	FALSE	1	1	TCGA_ESCC_DR45_five_layer_core_94
TCGA-VR-A8ER	ENSG00000116044.16	NFE2L2	strong_patient_level_candidate	mutation_recurrence_hotspot_or_multihit_lof	1	4	0.84799690655495	1	0	TRUE	FALSE	1	1	TCGA_ESCC_DR45_five_layer_core_94
TCGA-VR-A8ET	ENSG00000116044.16	NFE2L2	strong_patient_level_candidate	mutation_recurrence_hotspot_or_multihit_lof	0	2	0	0	0	TRUE	FALSE	1	1	TCGA_ESCC_DR45_five_layer_core_94
TCGA-VR-A8EU	ENSG00000116044.16	NFE2L2	strong_patient_level_candidate	mutation_recurrence_hotspot_or_multihit_lof	0	4	0.362570079384708	0	0	TRUE	FALSE	1	1	TCGA_ESCC_DR45_five_layer_core_94
TCGA-VR-A8EW	ENSG00000116044.16	NFE2L2	strong_patient_level_candidate	mutation_recurrence_hotspot_or_multihit_lof	0	4	0.362570079384708	0	0	TRUE	FALSE	1	1	TCGA_ESCC_DR45_five_layer_core_94
TCGA-VR-A8EX	ENSG00000116044.16	NFE2L2	strong_patient_level_candidate	mutation_recurrence_hotspot_or_multihit_lof	0	5	0.358773486853439	0	0	TRUE	FALSE	1	1	TCGA_ESCC_DR45_five_layer_core_94
TCGA-VR-A8EY	ENSG00000116044.16	NFE2L2	strong_patient_level_candidate	mutation_recurrence_hotspot_or_multihit_lof	0	1	-0.736965594166206	0	0	TRUE	FALSE	1	1	TCGA_ESCC_DR45_five_layer_core_94
TCGA-VR-A8EZ	ENSG00000116044.16	NFE2L2	strong_patient_level_candidate	mutation_recurrence_hotspot_or_multihit_lof	0	4	0.362570079384708	0	0	TRUE	FALSE	1	1	TCGA_ESCC_DR45_five_layer_core_94
TCGA-VR-A8Q7	ENSG00000116044.16	NFE2L2	strong_patient_level_candidate	mutation_recurrence_hotspot_or_multihit_lof	0	3	-0.362570079384708	0	0	TRUE	FALSE	1	1	TCGA_ESCC_DR45_five_layer_core_94
TCGA-VR-AA4G	ENSG00000116044.16	NFE2L2	strong_patient_level_candidate	mutation_recurrence_hotspot_or_multihit_lof	0	2	0	0	0	TRUE	FALSE	1	1	TCGA_ESCC_DR45_five_layer_core_94
TCGA-VR-AA7B	ENSG00000116044.16	NFE2L2	strong_patient_level_candidate	mutation_recurrence_hotspot_or_multihit_lof	0	3	0	0	0	TRUE	FALSE	1	1	TCGA_ESCC_DR45_five_layer_core_94
TCGA-VR-AA7D	ENSG00000116044.16	NFE2L2	strong_patient_level_candidate	mutation_recurrence_hotspot_or_multihit_lof	0	2	0	0	0	TRUE	FALSE	1	1	TCGA_ESCC_DR45_five_layer_core_94
TCGA-VR-AA7I	ENSG00000116044.16	NFE2L2	strong_patient_level_candidate	mutation_recurrence_hotspot_or_multihit_lof	0	3	0	0	0	TRUE	FALSE	1	1	TCGA_ESCC_DR45_five_layer_core_94
TCGA-XP-A8T6	ENSG00000116044.16	NFE2L2	strong_patient_level_candidate	mutation_recurrence_hotspot_or_multihit_lof	0	5	0.652076696579693	0	0	TRUE	FALSE	1	1	TCGA_ESCC_DR45_five_layer_core_94
TCGA-XP-A8T8	ENSG00000116044.16	NFE2L2	strong_patient_level_candidate	mutation_recurrence_hotspot_or_multihit_lof	0	3	0	0	0	TRUE	FALSE	1	1	TCGA_ESCC_DR45_five_layer_core_94
TCGA-Z6-A8JD	ENSG00000116044.16	NFE2L2	strong_patient_level_candidate	mutation_recurrence_hotspot_or_multihit_lof	0	2	0	0	0	TRUE	FALSE	1	1	TCGA_ESCC_DR45_five_layer_core_94
TCGA-Z6-A8JE	ENSG00000116044.16	NFE2L2	strong_patient_level_candidate	mutation_recurrence_hotspot_or_multihit_lof	0	2	0	0	0	TRUE	FALSE	1	1	TCGA_ESCC_DR45_five_layer_core_94
TCGA-Z6-A9VB	ENSG00000116044.16	NFE2L2	strong_patient_level_candidate	mutation_recurrence_hotspot_or_multihit_lof	0	3	0.485426827170242	0	0	TRUE	FALSE	1	1	TCGA_ESCC_DR45_five_layer_core_94
TCGA-Z6-AAPN	ENSG00000116044.16	NFE2L2	strong_patient_level_candidate	mutation_recurrence_hotspot_or_multihit_lof	0	4	0.362570079384708	0	0	TRUE	FALSE	1	1	TCGA_ESCC_DR45_five_layer_core_94
TCGA-IC-A6RF	ENSG00000141510.18	TP53	strong_patient_level_candidate	mutation_recurrence_hotspot_or_multihit_lof	0	4	0	0	0	TRUE	FALSE	1	1	TCGA_ESCC_DR45_five_layer_core_94
TCGA-IG-A3I8	ENSG00000141510.18	TP53	strong_patient_level_candidate	mutation_recurrence_hotspot_or_multihit_lof	1	4	0	0	0	TRUE	FALSE	1	1	TCGA_ESCC_DR45_five_layer_core_94
TCGA-IG-A3QL	ENSG00000141510.18	TP53	strong_patient_level_candidate	mutation_recurrence_hotspot_or_multihit_lof	1	4	0.362570079384708	0	0	TRUE	FALSE	1	1	TCGA_ESCC_DR45_five_layer_core_94
TCGA-IG-A3Y9	ENSG00000141510.18	TP53	strong_patient_level_candidate	mutation_recurrence_hotspot_or_multihit_lof	1	4	0.362570079384708	0	0	TRUE	FALSE	1	1	TCGA_ESCC_DR45_five_layer_core_94
TCGA-IG-A3YA	ENSG00000141510.18	TP53	strong_patient_level_candidate	mutation_recurrence_hotspot_or_multihit_lof	1	2	-0.485426827170242	0	0	TRUE	FALSE	1	1	TCGA_ESCC_DR45_five_layer_core_94
TCGA-IG-A3YB	ENSG00000141510.18	TP53	strong_patient_level_candidate	mutation_recurrence_hotspot_or_multihit_lof	1	3	0	0	0	TRUE	FALSE	1	1	TCGA_ESCC_DR45_five_layer_core_94
TCGA-IG-A3YC	ENSG00000141510.18	TP53	strong_patient_level_candidate	mutation_recurrence_hotspot_or_multihit_lof	1	4	0.362570079384708	0	0	TRUE	FALSE	1	1	TCGA_ESCC_DR45_five_layer_core_94
TCGA-IG-A4P3	ENSG00000141510.18	TP53	strong_patient_level_candidate	mutation_recurrence_hotspot_or_multihit_lof	1	2	-0.84799690655495	0	0	TRUE	FALSE	1	1	TCGA_ESCC_DR45_five_layer_core_94
TCGA-IG-A4QT	ENSG00000141510.18	TP53	strong_patient_level_candidate	mutation_recurrence_hotspot_or_multihit_lof	0	2	0	0	0	TRUE	FALSE	1	1	TCGA_ESCC_DR45_five_layer_core_94
TCGA-IG-A50L	ENSG00000141510.18	TP53	strong_patient_level_candidate	mutation_recurrence_hotspot_or_multihit_lof	1	3	0	0	0	TRUE	FALSE	1	1	TCGA_ESCC_DR45_five_layer_core_94
TCGA-IG-A51D	ENSG00000141510.18	TP53	strong_patient_level_candidate	mutation_recurrence_hotspot_or_multihit_lof	1	4	0.362570079384708	0	0	TRUE	FALSE	1	1	TCGA_ESCC_DR45_five_layer_core_94
TCGA-IG-A5B8	ENSG00000141510.18	TP53	strong_patient_level_candidate	mutation_recurrence_hotspot_or_multihit_lof	1	1	-0.736965594166206	0	0	TRUE	FALSE	1	1	TCGA_ESCC_DR45_five_layer_core_94
TCGA-IG-A5S3	ENSG00000141510.18	TP53	strong_patient_level_candidate	mutation_recurrence_hotspot_or_multihit_lof	1	4	-0.289506617194985	0	0	TRUE	FALSE	1	1	TCGA_ESCC_DR45_five_layer_core_94
TCGA-IG-A625	ENSG00000141510.18	TP53	strong_patient_level_candidate	mutation_recurrence_hotspot_or_multihit_lof	1	4	0	0	0	TRUE	FALSE	1	1	TCGA_ESCC_DR45_five_layer_core_94
TCGA-IG-A6QS	ENSG00000141510.18	TP53	strong_patient_level_candidate	mutation_recurrence_hotspot_or_multihit_lof	1	2	0	0	0	TRUE	FALSE	1	1	TCGA_ESCC_DR45_five_layer_core_94
TCGA-IG-A8O2	ENSG00000141510.18	TP53	strong_patient_level_candidate	mutation_recurrence_hotspot_or_multihit_lof	1	3	0	0	0	TRUE	FALSE	1	1	TCGA_ESCC_DR45_five_layer_core_94
TCGA-IG-A97H	ENSG00000141510.18	TP53	strong_patient_level_candidate	mutation_recurrence_hotspot_or_multihit_lof	1	1	-0.736965594166206	0	0	TRUE	FALSE	1	1	TCGA_ESCC_DR45_five_layer_core_94
TCGA-IG-A97I	ENSG00000141510.18	TP53	strong_patient_level_candidate	mutation_recurrence_hotspot_or_multihit_lof	1	2	0	0	0	TRUE	FALSE	1	1	TCGA_ESCC_DR45_five_layer_core_94
TCGA-JY-A6FA	ENSG00000141510.18	TP53	strong_patient_level_candidate	mutation_recurrence_hotspot_or_multihit_lof	1	2	0	0	0	TRUE	FALSE	1	1	TCGA_ESCC_DR45_five_layer_core_94
TCGA-JY-A6FD	ENSG00000141510.18	TP53	strong_patient_level_candidate	mutation_recurrence_hotspot_or_multihit_lof	1	2	0	0	0	TRUE	FALSE	1	1	TCGA_ESCC_DR45_five_layer_core_94
TCGA-JY-A6FE	ENSG00000141510.18	TP53	strong_patient_level_candidate	mutation_recurrence_hotspot_or_multihit_lof	1	4	0.84799690655495	1	0	TRUE	FALSE	1	1	TCGA_ESCC_DR45_five_layer_core_94
TCGA-JY-A6FG	ENSG00000141510.18	TP53	strong_patient_level_candidate	mutation_recurrence_hotspot_or_multihit_lof	1	2	0	0	0	TRUE	FALSE	1	1	TCGA_ESCC_DR45_five_layer_core_94
TCGA-JY-A93F	ENSG00000141510.18	TP53	strong_patient_level_candidate	mutation_recurrence_hotspot_or_multihit_lof	0	2	0	0	0	TRUE	FALSE	1	1	TCGA_ESCC_DR45_five_layer_core_94
TCGA-KH-A6WC	ENSG00000141510.18	TP53	strong_patient_level_candidate	mutation_recurrence_hotspot_or_multihit_lof	0	2	0	0	0	TRUE	FALSE	1	1	TCGA_ESCC_DR45_five_layer_core_94
TCGA-L5-A43H	ENSG00000141510.18	TP53	strong_patient_level_candidate	mutation_recurrence_hotspot_or_multihit_lof	1	4	0.362570079384708	0	0	TRUE	FALSE	1	1	TCGA_ESCC_DR45_five_layer_core_94
TCGA-L5-A43J	ENSG00000141510.18	TP53	strong_patient_level_candidate	mutation_recurrence_hotspot_or_multihit_lof	1	4	0.362570079384708	0	0	TRUE	FALSE	1	1	TCGA_ESCC_DR45_five_layer_core_94
TCGA-L5-A4OM	ENSG00000141510.18	TP53	strong_patient_level_candidate	mutation_recurrence_hotspot_or_multihit_lof	1	3	0	0	0	TRUE	FALSE	1	1	TCGA_ESCC_DR45_five_layer_core_94
TCGA-L5-A88S	ENSG00000141510.18	TP53	strong_patient_level_candidate	mutation_recurrence_hotspot_or_multihit_lof	1	2	0	0	0	TRUE	FALSE	1	1	TCGA_ESCC_DR45_five_layer_core_94
TCGA-L5-A88W	ENSG00000141510.18	TP53	strong_patient_level_candidate	mutation_recurrence_hotspot_or_multihit_lof	0	2	0	0	0	TRUE	FALSE	1	1	TCGA_ESCC_DR45_five_layer_core_94
TCGA-L5-A88Z	ENSG00000141510.18	TP53	strong_patient_level_candidate	mutation_recurrence_hotspot_or_multihit_lof	1	2	0	0	0	TRUE	FALSE	1	1	TCGA_ESCC_DR45_five_layer_core_94
TCGA-L5-A8NK	ENSG00000141510.18	TP53	strong_patient_level_candidate	mutation_recurrence_hotspot_or_multihit_lof	1	2	-0.485426827170242	0	0	TRUE	FALSE	1	1	TCGA_ESCC_DR45_five_layer_core_94
TCGA-L5-A8NQ	ENSG00000141510.18	TP53	strong_patient_level_candidate	mutation_recurrence_hotspot_or_multihit_lof	1	1	0	0	0	TRUE	FALSE	1	1	TCGA_ESCC_DR45_five_layer_core_94
TCGA-L7-A56G	ENSG00000141510.18	TP53	strong_patient_level_candidate	mutation_recurrence_hotspot_or_multihit_lof	0	3	0	0	0	TRUE	FALSE	1	1	TCGA_ESCC_DR45_five_layer_core_94
TCGA-LN-A49K	ENSG00000141510.18	TP53	strong_patient_level_candidate	mutation_recurrence_hotspot_or_multihit_lof	1	2	-0.485426827170242	0	0	TRUE	FALSE	1	1	TCGA_ESCC_DR45_five_layer_core_94
TCGA-LN-A49L	ENSG00000141510.18	TP53	strong_patient_level_candidate	mutation_recurrence_hotspot_or_multihit_lof	1	2	-0.0585454533689845	0	0	TRUE	FALSE	1	1	TCGA_ESCC_DR45_five_layer_core_94
TCGA-LN-A49M	ENSG00000141510.18	TP53	strong_patient_level_candidate	mutation_recurrence_hotspot_or_multihit_lof	1	2	0	0	0	TRUE	FALSE	1	1	TCGA_ESCC_DR45_five_layer_core_94
TCGA-LN-A49N	ENSG00000141510.18	TP53	strong_patient_level_candidate	mutation_recurrence_hotspot_or_multihit_lof	1	2	0	0	0	TRUE	FALSE	1	1	TCGA_ESCC_DR45_five_layer_core_94
TCGA-LN-A49O	ENSG00000141510.18	TP53	strong_patient_level_candidate	mutation_recurrence_hotspot_or_multihit_lof	1	4	0.362570079384708	0	0	TRUE	FALSE	1	1	TCGA_ESCC_DR45_five_layer_core_94
TCGA-LN-A49P	ENSG00000141510.18	TP53	strong_patient_level_candidate	mutation_recurrence_hotspot_or_multihit_lof	1	2	0	0	0	TRUE	FALSE	1	1	TCGA_ESCC_DR45_five_layer_core_94
TCGA-LN-A49R	ENSG00000141510.18	TP53	strong_patient_level_candidate	mutation_recurrence_hotspot_or_multihit_lof	1	6	0.893084796083488	1	0	TRUE	FALSE	1	1	TCGA_ESCC_DR45_five_layer_core_94
TCGA-LN-A49S	ENSG00000141510.18	TP53	strong_patient_level_candidate	mutation_recurrence_hotspot_or_multihit_lof	1	2	0	0	0	TRUE	FALSE	1	1	TCGA_ESCC_DR45_five_layer_core_94
TCGA-LN-A49U	ENSG00000141510.18	TP53	strong_patient_level_candidate	mutation_recurrence_hotspot_or_multihit_lof	1	2	0	0	0	TRUE	FALSE	1	1	TCGA_ESCC_DR45_five_layer_core_94
TCGA-LN-A49W	ENSG00000141510.18	TP53	strong_patient_level_candidate	mutation_recurrence_hotspot_or_multihit_lof	1	2	-0.485426827170242	0	0	TRUE	FALSE	1	1	TCGA_ESCC_DR45_five_layer_core_94
TCGA-LN-A49X	ENSG00000141510.18	TP53	strong_patient_level_candidate	mutation_recurrence_hotspot_or_multihit_lof	1	2	0	0	0	TRUE	FALSE	1	1	TCGA_ESCC_DR45_five_layer_core_94
TCGA-LN-A49Y	ENSG00000141510.18	TP53	strong_patient_level_candidate	mutation_recurrence_hotspot_or_multihit_lof	1	2	0	0	0	TRUE	FALSE	1	1	TCGA_ESCC_DR45_five_layer_core_94
TCGA-LN-A4A1	ENSG00000141510.18	TP53	strong_patient_level_candidate	mutation_recurrence_hotspot_or_multihit_lof	1	2	-0.485426827170242	0	0	TRUE	FALSE	1	1	TCGA_ESCC_DR45_five_layer_core_94
TCGA-LN-A4A2	ENSG00000141510.18	TP53	strong_patient_level_candidate	mutation_recurrence_hotspot_or_multihit_lof	1	3	0	0	0	TRUE	FALSE	1	1	TCGA_ESCC_DR45_five_layer_core_94
TCGA-LN-A4A3	ENSG00000141510.18	TP53	strong_patient_level_candidate	mutation_recurrence_hotspot_or_multihit_lof	1	1	0	0	0	TRUE	FALSE	1	1	TCGA_ESCC_DR45_five_layer_core_94
TCGA-LN-A4A4	ENSG00000141510.18	TP53	strong_patient_level_candidate	mutation_recurrence_hotspot_or_multihit_lof	1	3	0.485426827170242	0	0	TRUE	FALSE	1	1	TCGA_ESCC_DR45_five_layer_core_94
TCGA-LN-A4A5	ENSG00000141510.18	TP53	strong_patient_level_candidate	mutation_recurrence_hotspot_or_multihit_lof	1	4	0.84799690655495	1	0	TRUE	FALSE	1	1	TCGA_ESCC_DR45_five_layer_core_94
TCGA-LN-A4A6	ENSG00000141510.18	TP53	strong_patient_level_candidate	mutation_recurrence_hotspot_or_multihit_lof	1	3	0	0	0	TRUE	FALSE	1	1	TCGA_ESCC_DR45_five_layer_core_94
TCGA-LN-A4A8	ENSG00000141510.18	TP53	strong_patient_level_candidate	mutation_recurrence_hotspot_or_multihit_lof	1	2	0	0	0	TRUE	FALSE	1	1	TCGA_ESCC_DR45_five_layer_core_94
TCGA-LN-A4A9	ENSG00000141510.18	TP53	strong_patient_level_candidate	mutation_recurrence_hotspot_or_multihit_lof	1	2	0	0	0	TRUE	FALSE	1	1	TCGA_ESCC_DR45_five_layer_core_94
TCGA-LN-A4MQ	ENSG00000141510.18	TP53	strong_patient_level_candidate	mutation_recurrence_hotspot_or_multihit_lof	1	3	0	0	0	TRUE	FALSE	1	1	TCGA_ESCC_DR45_five_layer_core_94
TCGA-LN-A4MR	ENSG00000141510.18	TP53	strong_patient_level_candidate	mutation_recurrence_hotspot_or_multihit_lof	1	3	0	0	0	TRUE	FALSE	1	1	TCGA_ESCC_DR45_five_layer_core_94
TCGA-LN-A5U5	ENSG00000141510.18	TP53	strong_patient_level_candidate	mutation_recurrence_hotspot_or_multihit_lof	1	3	0.485426827170242	0	0	TRUE	FALSE	1	1	TCGA_ESCC_DR45_five_layer_core_94
TCGA-LN-A5U6	ENSG00000141510.18	TP53	strong_patient_level_candidate	mutation_recurrence_hotspot_or_multihit_lof	1	2	-0.485426827170242	0	0	TRUE	FALSE	1	1	TCGA_ESCC_DR45_five_layer_core_94
TCGA-LN-A5U7	ENSG00000141510.18	TP53	strong_patient_level_candidate	mutation_recurrence_hotspot_or_multihit_lof	1	3	0	0	0	TRUE	FALSE	1	1	TCGA_ESCC_DR45_five_layer_core_94
TCGA-LN-A7HV	ENSG00000141510.18	TP53	strong_patient_level_candidate	mutation_recurrence_hotspot_or_multihit_lof	1	1	-0.736965594166206	0	0	TRUE	FALSE	1	1	TCGA_ESCC_DR45_five_layer_core_94
TCGA-LN-A7HW	ENSG00000141510.18	TP53	strong_patient_level_candidate	mutation_recurrence_hotspot_or_multihit_lof	1	3	0	0	0	TRUE	FALSE	1	1	TCGA_ESCC_DR45_five_layer_core_94
TCGA-LN-A7HX	ENSG00000141510.18	TP53	strong_patient_level_candidate	mutation_recurrence_hotspot_or_multihit_lof	1	4	0	0	0	TRUE	FALSE	1	1	TCGA_ESCC_DR45_five_layer_core_94
TCGA-LN-A7HY	ENSG00000141510.18	TP53	strong_patient_level_candidate	mutation_recurrence_hotspot_or_multihit_lof	1	3	0	0	0	TRUE	FALSE	1	1	TCGA_ESCC_DR45_five_layer_core_94
TCGA-LN-A7HZ	ENSG00000141510.18	TP53	strong_patient_level_candidate	mutation_recurrence_hotspot_or_multihit_lof	1	3	0	0	0	TRUE	FALSE	1	1	TCGA_ESCC_DR45_five_layer_core_94
TCGA-LN-A8HZ	ENSG00000141510.18	TP53	strong_patient_level_candidate	mutation_recurrence_hotspot_or_multihit_lof	1	3	-0.362570079384708	0	0	TRUE	FALSE	1	1	TCGA_ESCC_DR45_five_layer_core_94
TCGA-LN-A8I0	ENSG00000141510.18	TP53	strong_patient_level_candidate	mutation_recurrence_hotspot_or_multihit_lof	1	2	0	0	0	TRUE	FALSE	1	1	TCGA_ESCC_DR45_five_layer_core_94
TCGA-LN-A8I1	ENSG00000141510.18	TP53	strong_patient_level_candidate	mutation_recurrence_hotspot_or_multihit_lof	1	4	0.362570079384708	0	0	TRUE	FALSE	1	1	TCGA_ESCC_DR45_five_layer_core_94
TCGA-LN-A9FO	ENSG00000141510.18	TP53	strong_patient_level_candidate	mutation_recurrence_hotspot_or_multihit_lof	1	3	0	0	0	TRUE	FALSE	1	1	TCGA_ESCC_DR45_five_layer_core_94
TCGA-LN-A9FP	ENSG00000141510.18	TP53	strong_patient_level_candidate	mutation_recurrence_hotspot_or_multihit_lof	1	2	0	0	0	TRUE	FALSE	1	1	TCGA_ESCC_DR45_five_layer_core_94
TCGA-LN-A9FQ	ENSG00000141510.18	TP53	strong_patient_level_candidate	mutation_recurrence_hotspot_or_multihit_lof	1	3	0	0	0	TRUE	FALSE	1	1	TCGA_ESCC_DR45_five_layer_core_94
TCGA-LN-A9FR	ENSG00000141510.18	TP53	strong_patient_level_candidate	mutation_recurrence_hotspot_or_multihit_lof	1	4	0.362570079384708	0	0	TRUE	FALSE	1	1	TCGA_ESCC_DR45_five_layer_core_94
TCGA-Q9-A6FU	ENSG00000141510.18	TP53	strong_patient_level_candidate	mutation_recurrence_hotspot_or_multihit_lof	0	1	-0.736965594166206	0	0	TRUE	FALSE	1	1	TCGA_ESCC_DR45_five_layer_core_94
TCGA-S8-A6BW	ENSG00000141510.18	TP53	strong_patient_level_candidate	mutation_recurrence_hotspot_or_multihit_lof	1	2	-0.485426827170242	0	0	TRUE	FALSE	1	1	TCGA_ESCC_DR45_five_layer_core_94
TCGA-V5-A7RC	ENSG00000141510.18	TP53	strong_patient_level_candidate	mutation_recurrence_hotspot_or_multihit_lof	1	4	0	0	0	TRUE	FALSE	1	1	TCGA_ESCC_DR45_five_layer_core_94
TCGA-V5-AASV	ENSG00000141510.18	TP53	strong_patient_level_candidate	mutation_recurrence_hotspot_or_multihit_lof	0	1	-0.736965594166206	0	0	TRUE	FALSE	1	1	TCGA_ESCC_DR45_five_layer_core_94
TCGA-VR-A8EO	ENSG00000141510.18	TP53	strong_patient_level_candidate	mutation_recurrence_hotspot_or_multihit_lof	1	4	0	0	0	TRUE	FALSE	1	1	TCGA_ESCC_DR45_five_layer_core_94
TCGA-VR-A8EP	ENSG00000141510.18	TP53	strong_patient_level_candidate	mutation_recurrence_hotspot_or_multihit_lof	1	1	-0.736965594166206	0	0	TRUE	FALSE	1	1	TCGA_ESCC_DR45_five_layer_core_94
TCGA-VR-A8ER	ENSG00000141510.18	TP53	strong_patient_level_candidate	mutation_recurrence_hotspot_or_multihit_lof	1	1	-0.736965594166206	0	0	TRUE	FALSE	1	1	TCGA_ESCC_DR45_five_layer_core_94
TCGA-VR-A8ET	ENSG00000141510.18	TP53	strong_patient_level_candidate	mutation_recurrence_hotspot_or_multihit_lof	0	1	-0.736965594166206	0	0	TRUE	FALSE	1	1	TCGA_ESCC_DR45_five_layer_core_94
TCGA-VR-A8EU	ENSG00000141510.18	TP53	strong_patient_level_candidate	mutation_recurrence_hotspot_or_multihit_lof	1	2	-0.485426827170242	0	0	TRUE	FALSE	1	1	TCGA_ESCC_DR45_five_layer_core_94
TCGA-VR-A8EW	ENSG00000141510.18	TP53	strong_patient_level_candidate	mutation_recurrence_hotspot_or_multihit_lof	1	2	-0.485426827170242	0	0	TRUE	FALSE	1	1	TCGA_ESCC_DR45_five_layer_core_94
TCGA-VR-A8EX	ENSG00000141510.18	TP53	strong_patient_level_candidate	mutation_recurrence_hotspot_or_multihit_lof	1	3	-0.293303209726254	0	0	TRUE	FALSE	1	1	TCGA_ESCC_DR45_five_layer_core_94
TCGA-VR-A8EY	ENSG00000141510.18	TP53	strong_patient_level_candidate	mutation_recurrence_hotspot_or_multihit_lof	1	3	0.485426827170242	0	0	TRUE	FALSE	1	1	TCGA_ESCC_DR45_five_layer_core_94
TCGA-VR-A8EZ	ENSG00000141510.18	TP53	strong_patient_level_candidate	mutation_recurrence_hotspot_or_multihit_lof	1	2	-0.485426827170242	0	0	TRUE	FALSE	1	1	TCGA_ESCC_DR45_five_layer_core_94
TCGA-VR-A8Q7	ENSG00000141510.18	TP53	strong_patient_level_candidate	mutation_recurrence_hotspot_or_multihit_lof	1	4	0	0	0	TRUE	FALSE	1	1	TCGA_ESCC_DR45_five_layer_core_94
TCGA-VR-AA4G	ENSG00000141510.18	TP53	strong_patient_level_candidate	mutation_recurrence_hotspot_or_multihit_lof	1	2	0	0	0	TRUE	FALSE	1	1	TCGA_ESCC_DR45_five_layer_core_94
TCGA-VR-AA7B	ENSG00000141510.18	TP53	strong_patient_level_candidate	mutation_recurrence_hotspot_or_multihit_lof	1	2	-0.485426827170242	0	0	TRUE	FALSE	1	1	TCGA_ESCC_DR45_five_layer_core_94
TCGA-VR-AA7D	ENSG00000141510.18	TP53	strong_patient_level_candidate	mutation_recurrence_hotspot_or_multihit_lof	1	2	0	0	0	TRUE	FALSE	1	1	TCGA_ESCC_DR45_five_layer_core_94
TCGA-VR-AA7I	ENSG00000141510.18	TP53	strong_patient_level_candidate	mutation_recurrence_hotspot_or_multihit_lof	1	4	0.362570079384708	0	0	TRUE	FALSE	1	1	TCGA_ESCC_DR45_five_layer_core_94
TCGA-XP-A8T6	ENSG00000141510.18	TP53	strong_patient_level_candidate	mutation_recurrence_hotspot_or_multihit_lof	1	2	-0.485426827170242	0	0	TRUE	FALSE	1	1	TCGA_ESCC_DR45_five_layer_core_94
TCGA-XP-A8T8	ENSG00000141510.18	TP53	strong_patient_level_candidate	mutation_recurrence_hotspot_or_multihit_lof	1	2	-0.485426827170242	0	0	TRUE	FALSE	1	1	TCGA_ESCC_DR45_five_layer_core_94
TCGA-Z6-A8JD	ENSG00000141510.18	TP53	strong_patient_level_candidate	mutation_recurrence_hotspot_or_multihit_lof	1	2	0	0	0	TRUE	FALSE	1	1	TCGA_ESCC_DR45_five_layer_core_94
TCGA-Z6-A8JE	ENSG00000141510.18	TP53	strong_patient_level_candidate	mutation_recurrence_hotspot_or_multihit_lof	1	3	0.485426827170242	0	0	TRUE	FALSE	1	1	TCGA_ESCC_DR45_five_layer_core_94
TCGA-Z6-A9VB	ENSG00000141510.18	TP53	strong_patient_level_candidate	mutation_recurrence_hotspot_or_multihit_lof	1	2	0	0	0	TRUE	FALSE	1	1	TCGA_ESCC_DR45_five_layer_core_94
TCGA-Z6-AAPN	ENSG00000141510.18	TP53	strong_patient_level_candidate	mutation_recurrence_hotspot_or_multihit_lof	0	2	-0.485426827170242	0	0	TRUE	FALSE	1	1	TCGA_ESCC_DR45_five_layer_core_94
TCGA-IC-A6RF	ENSG00000127616.19	SMARCA4	strong_patient_level_candidate	mutation_recurrence_hotspot_or_multihit_lof	1	4	0	0	0	TRUE	FALSE	1	1	TCGA_ESCC_DR45_five_layer_core_94
TCGA-IG-A3I8	ENSG00000127616.19	SMARCA4	strong_patient_level_candidate	mutation_recurrence_hotspot_or_multihit_lof	0	4	0	0	0	TRUE	FALSE	1	1	TCGA_ESCC_DR45_five_layer_core_94
TCGA-IG-A3QL	ENSG00000127616.19	SMARCA4	strong_patient_level_candidate	mutation_recurrence_hotspot_or_multihit_lof	0	4	0.362570079384708	0	0	TRUE	FALSE	1	1	TCGA_ESCC_DR45_five_layer_core_94
TCGA-IG-A3Y9	ENSG00000127616.19	SMARCA4	strong_patient_level_candidate	mutation_recurrence_hotspot_or_multihit_lof	0	4	0.362570079384708	0	0	TRUE	FALSE	1	1	TCGA_ESCC_DR45_five_layer_core_94
TCGA-IG-A3YA	ENSG00000127616.19	SMARCA4	strong_patient_level_candidate	mutation_recurrence_hotspot_or_multihit_lof	0	3	0	0	0	TRUE	FALSE	1	1	TCGA_ESCC_DR45_five_layer_core_94
TCGA-IG-A3YB	ENSG00000127616.19	SMARCA4	strong_patient_level_candidate	mutation_recurrence_hotspot_or_multihit_lof	0	3	0	0	0	TRUE	FALSE	1	1	TCGA_ESCC_DR45_five_layer_core_94
TCGA-IG-A3YC	ENSG00000127616.19	SMARCA4	strong_patient_level_candidate	mutation_recurrence_hotspot_or_multihit_lof	0	5	0.652076696579693	0	0	TRUE	FALSE	1	1	TCGA_ESCC_DR45_five_layer_core_94
TCGA-IG-A4P3	ENSG00000127616.19	SMARCA4	strong_patient_level_candidate	mutation_recurrence_hotspot_or_multihit_lof	0	4	0	0	0	TRUE	FALSE	1	1	TCGA_ESCC_DR45_five_layer_core_94
TCGA-IG-A4QT	ENSG00000127616.19	SMARCA4	strong_patient_level_candidate	mutation_recurrence_hotspot_or_multihit_lof	0	2	0	0	0	TRUE	FALSE	1	1	TCGA_ESCC_DR45_five_layer_core_94
TCGA-IG-A50L	ENSG00000127616.19	SMARCA4	strong_patient_level_candidate	mutation_recurrence_hotspot_or_multihit_lof	0	11	1.71620703399941	1	0	TRUE	FALSE	1	1	TCGA_ESCC_DR45_five_layer_core_94
TCGA-IG-A51D	ENSG00000127616.19	SMARCA4	strong_patient_level_candidate	mutation_recurrence_hotspot_or_multihit_lof	0	2	-0.485426827170242	0	0	TRUE	FALSE	1	1	TCGA_ESCC_DR45_five_layer_core_94
TCGA-IG-A5B8	ENSG00000127616.19	SMARCA4	strong_patient_level_candidate	mutation_recurrence_hotspot_or_multihit_lof	0	2	0	0	0	TRUE	FALSE	1	1	TCGA_ESCC_DR45_five_layer_core_94
TCGA-IG-A5S3	ENSG00000127616.19	SMARCA4	strong_patient_level_candidate	mutation_recurrence_hotspot_or_multihit_lof	0	2	-1.13750352374994	0	0	TRUE	FALSE	1	1	TCGA_ESCC_DR45_five_layer_core_94
TCGA-IG-A625	ENSG00000127616.19	SMARCA4	strong_patient_level_candidate	mutation_recurrence_hotspot_or_multihit_lof	0	4	0	0	0	TRUE	FALSE	1	1	TCGA_ESCC_DR45_five_layer_core_94
TCGA-IG-A6QS	ENSG00000127616.19	SMARCA4	strong_patient_level_candidate	mutation_recurrence_hotspot_or_multihit_lof	1	2	0	0	0	TRUE	FALSE	1	1	TCGA_ESCC_DR45_five_layer_core_94
TCGA-IG-A8O2	ENSG00000127616.19	SMARCA4	strong_patient_level_candidate	mutation_recurrence_hotspot_or_multihit_lof	0	2	-0.485426827170242	0	0	TRUE	FALSE	1	1	TCGA_ESCC_DR45_five_layer_core_94
TCGA-IG-A97H	ENSG00000127616.19	SMARCA4	strong_patient_level_candidate	mutation_recurrence_hotspot_or_multihit_lof	0	1	-0.736965594166206	0	0	TRUE	FALSE	1	1	TCGA_ESCC_DR45_five_layer_core_94
TCGA-IG-A97I	ENSG00000127616.19	SMARCA4	strong_patient_level_candidate	mutation_recurrence_hotspot_or_multihit_lof	0	2	0	0	0	TRUE	FALSE	1	1	TCGA_ESCC_DR45_five_layer_core_94
TCGA-JY-A6FA	ENSG00000127616.19	SMARCA4	strong_patient_level_candidate	mutation_recurrence_hotspot_or_multihit_lof	0	2	0	0	0	TRUE	FALSE	1	1	TCGA_ESCC_DR45_five_layer_core_94
TCGA-JY-A6FD	ENSG00000127616.19	SMARCA4	strong_patient_level_candidate	mutation_recurrence_hotspot_or_multihit_lof	0	2	0	0	0	TRUE	FALSE	1	1	TCGA_ESCC_DR45_five_layer_core_94
TCGA-JY-A6FE	ENSG00000127616.19	SMARCA4	strong_patient_level_candidate	mutation_recurrence_hotspot_or_multihit_lof	0	2	0	0	0	TRUE	FALSE	1	1	TCGA_ESCC_DR45_five_layer_core_94
TCGA-JY-A6FG	ENSG00000127616.19	SMARCA4	strong_patient_level_candidate	mutation_recurrence_hotspot_or_multihit_lof	1	2	0	0	0	TRUE	FALSE	1	1	TCGA_ESCC_DR45_five_layer_core_94
TCGA-JY-A93F	ENSG00000127616.19	SMARCA4	strong_patient_level_candidate	mutation_recurrence_hotspot_or_multihit_lof	1	2	0	0	0	TRUE	FALSE	1	1	TCGA_ESCC_DR45_five_layer_core_94
TCGA-KH-A6WC	ENSG00000127616.19	SMARCA4	strong_patient_level_candidate	mutation_recurrence_hotspot_or_multihit_lof	0	2	0	0	0	TRUE	FALSE	1	1	TCGA_ESCC_DR45_five_layer_core_94
TCGA-L5-A43H	ENSG00000127616.19	SMARCA4	strong_patient_level_candidate	mutation_recurrence_hotspot_or_multihit_lof	0	3	0	0	0	TRUE	FALSE	1	1	TCGA_ESCC_DR45_five_layer_core_94
TCGA-L5-A43J	ENSG00000127616.19	SMARCA4	strong_patient_level_candidate	mutation_recurrence_hotspot_or_multihit_lof	0	4	0.362570079384708	0	0	TRUE	FALSE	1	1	TCGA_ESCC_DR45_five_layer_core_94
TCGA-L5-A4OM	ENSG00000127616.19	SMARCA4	strong_patient_level_candidate	mutation_recurrence_hotspot_or_multihit_lof	0	3	0	0	0	TRUE	FALSE	1	1	TCGA_ESCC_DR45_five_layer_core_94
TCGA-L5-A88S	ENSG00000127616.19	SMARCA4	strong_patient_level_candidate	mutation_recurrence_hotspot_or_multihit_lof	0	2	0	0	0	TRUE	FALSE	1	1	TCGA_ESCC_DR45_five_layer_core_94
TCGA-L5-A88W	ENSG00000127616.19	SMARCA4	strong_patient_level_candidate	mutation_recurrence_hotspot_or_multihit_lof	1	2	0	0	0	TRUE	FALSE	1	1	TCGA_ESCC_DR45_five_layer_core_94
TCGA-L5-A88Z	ENSG00000127616.19	SMARCA4	strong_patient_level_candidate	mutation_recurrence_hotspot_or_multihit_lof	0	2	0	0	0	TRUE	FALSE	1	1	TCGA_ESCC_DR45_five_layer_core_94
TCGA-L5-A8NK	ENSG00000127616.19	SMARCA4	strong_patient_level_candidate	mutation_recurrence_hotspot_or_multihit_lof	0	1	-1.22239242133645	0	0	TRUE	FALSE	1	1	TCGA_ESCC_DR45_five_layer_core_94
TCGA-L5-A8NQ	ENSG00000127616.19	SMARCA4	strong_patient_level_candidate	mutation_recurrence_hotspot_or_multihit_lof	0	1	0	0	0	TRUE	FALSE	1	1	TCGA_ESCC_DR45_five_layer_core_94
TCGA-L7-A56G	ENSG00000127616.19	SMARCA4	strong_patient_level_candidate	mutation_recurrence_hotspot_or_multihit_lof	0	2	-0.485426827170242	0	0	TRUE	FALSE	1	1	TCGA_ESCC_DR45_five_layer_core_94
TCGA-LN-A49K	ENSG00000127616.19	SMARCA4	strong_patient_level_candidate	mutation_recurrence_hotspot_or_multihit_lof	0	4	0.362570079384708	0	0	TRUE	FALSE	1	1	TCGA_ESCC_DR45_five_layer_core_94
TCGA-LN-A49L	ENSG00000127616.19	SMARCA4	strong_patient_level_candidate	mutation_recurrence_hotspot_or_multihit_lof	0	6	1.31996616988475	1	0	TRUE	FALSE	1	1	TCGA_ESCC_DR45_five_layer_core_94
TCGA-LN-A49M	ENSG00000127616.19	SMARCA4	strong_patient_level_candidate	mutation_recurrence_hotspot_or_multihit_lof	0	1	-0.736965594166206	0	0	TRUE	FALSE	1	1	TCGA_ESCC_DR45_five_layer_core_94
TCGA-LN-A49N	ENSG00000127616.19	SMARCA4	strong_patient_level_candidate	mutation_recurrence_hotspot_or_multihit_lof	0	2	0	0	0	TRUE	FALSE	1	1	TCGA_ESCC_DR45_five_layer_core_94
TCGA-LN-A49O	ENSG00000127616.19	SMARCA4	strong_patient_level_candidate	mutation_recurrence_hotspot_or_multihit_lof	0	3	0	0	0	TRUE	FALSE	1	1	TCGA_ESCC_DR45_five_layer_core_94
TCGA-LN-A49P	ENSG00000127616.19	SMARCA4	strong_patient_level_candidate	mutation_recurrence_hotspot_or_multihit_lof	0	2	0	0	0	TRUE	FALSE	1	1	TCGA_ESCC_DR45_five_layer_core_94
TCGA-LN-A49R	ENSG00000127616.19	SMARCA4	strong_patient_level_candidate	mutation_recurrence_hotspot_or_multihit_lof	0	3	0	0	0	TRUE	FALSE	1	1	TCGA_ESCC_DR45_five_layer_core_94
TCGA-LN-A49S	ENSG00000127616.19	SMARCA4	strong_patient_level_candidate	mutation_recurrence_hotspot_or_multihit_lof	0	4	0.84799690655495	1	0	TRUE	FALSE	1	1	TCGA_ESCC_DR45_five_layer_core_94
TCGA-LN-A49U	ENSG00000127616.19	SMARCA4	strong_patient_level_candidate	mutation_recurrence_hotspot_or_multihit_lof	0	2	0	0	0	TRUE	FALSE	1	1	TCGA_ESCC_DR45_five_layer_core_94
TCGA-LN-A49W	ENSG00000127616.19	SMARCA4	strong_patient_level_candidate	mutation_recurrence_hotspot_or_multihit_lof	0	3	0	0	0	TRUE	FALSE	1	1	TCGA_ESCC_DR45_five_layer_core_94
TCGA-LN-A49X	ENSG00000127616.19	SMARCA4	strong_patient_level_candidate	mutation_recurrence_hotspot_or_multihit_lof	0	2	0	0	0	TRUE	FALSE	1	1	TCGA_ESCC_DR45_five_layer_core_94
TCGA-LN-A49Y	ENSG00000127616.19	SMARCA4	strong_patient_level_candidate	mutation_recurrence_hotspot_or_multihit_lof	0	2	0	0	0	TRUE	FALSE	1	1	TCGA_ESCC_DR45_five_layer_core_94
TCGA-LN-A4A1	ENSG00000127616.19	SMARCA4	strong_patient_level_candidate	mutation_recurrence_hotspot_or_multihit_lof	0	3	0	0	0	TRUE	FALSE	1	1	TCGA_ESCC_DR45_five_layer_core_94
TCGA-LN-A4A2	ENSG00000127616.19	SMARCA4	strong_patient_level_candidate	mutation_recurrence_hotspot_or_multihit_lof	0	2	-0.485426827170242	0	0	TRUE	FALSE	1	1	TCGA_ESCC_DR45_five_layer_core_94
TCGA-LN-A4A3	ENSG00000127616.19	SMARCA4	strong_patient_level_candidate	mutation_recurrence_hotspot_or_multihit_lof	0	1	0	0	0	TRUE	FALSE	1	1	TCGA_ESCC_DR45_five_layer_core_94
TCGA-LN-A4A4	ENSG00000127616.19	SMARCA4	strong_patient_level_candidate	mutation_recurrence_hotspot_or_multihit_lof	0	2	0	0	0	TRUE	FALSE	1	1	TCGA_ESCC_DR45_five_layer_core_94
TCGA-LN-A4A5	ENSG00000127616.19	SMARCA4	strong_patient_level_candidate	mutation_recurrence_hotspot_or_multihit_lof	0	1	-0.736965594166206	0	0	TRUE	FALSE	1	1	TCGA_ESCC_DR45_five_layer_core_94
TCGA-LN-A4A6	ENSG00000127616.19	SMARCA4	strong_patient_level_candidate	mutation_recurrence_hotspot_or_multihit_lof	0	3	0	0	0	TRUE	FALSE	1	1	TCGA_ESCC_DR45_five_layer_core_94
TCGA-LN-A4A8	ENSG00000127616.19	SMARCA4	strong_patient_level_candidate	mutation_recurrence_hotspot_or_multihit_lof	0	2	0	0	0	TRUE	FALSE	1	1	TCGA_ESCC_DR45_five_layer_core_94
TCGA-LN-A4A9	ENSG00000127616.19	SMARCA4	strong_patient_level_candidate	mutation_recurrence_hotspot_or_multihit_lof	0	2	0	0	0	TRUE	FALSE	1	1	TCGA_ESCC_DR45_five_layer_core_94
TCGA-LN-A4MQ	ENSG00000127616.19	SMARCA4	strong_patient_level_candidate	mutation_recurrence_hotspot_or_multihit_lof	0	3	0	0	0	TRUE	FALSE	1	1	TCGA_ESCC_DR45_five_layer_core_94
TCGA-LN-A4MR	ENSG00000127616.19	SMARCA4	strong_patient_level_candidate	mutation_recurrence_hotspot_or_multihit_lof	0	3	0	0	0	TRUE	FALSE	1	1	TCGA_ESCC_DR45_five_layer_core_94
TCGA-LN-A5U5	ENSG00000127616.19	SMARCA4	strong_patient_level_candidate	mutation_recurrence_hotspot_or_multihit_lof	0	2	0	0	0	TRUE	FALSE	1	1	TCGA_ESCC_DR45_five_layer_core_94
TCGA-LN-A5U6	ENSG00000127616.19	SMARCA4	strong_patient_level_candidate	mutation_recurrence_hotspot_or_multihit_lof	0	3	0	0	0	TRUE	FALSE	1	1	TCGA_ESCC_DR45_five_layer_core_94
TCGA-LN-A5U7	ENSG00000127616.19	SMARCA4	strong_patient_level_candidate	mutation_recurrence_hotspot_or_multihit_lof	0	4	0.362570079384708	0	0	TRUE	FALSE	1	1	TCGA_ESCC_DR45_five_layer_core_94
TCGA-LN-A7HV	ENSG00000127616.19	SMARCA4	strong_patient_level_candidate	mutation_recurrence_hotspot_or_multihit_lof	0	2	0	0	0	TRUE	FALSE	1	1	TCGA_ESCC_DR45_five_layer_core_94
TCGA-LN-A7HW	ENSG00000127616.19	SMARCA4	strong_patient_level_candidate	mutation_recurrence_hotspot_or_multihit_lof	0	4	0.362570079384708	0	0	TRUE	FALSE	1	1	TCGA_ESCC_DR45_five_layer_core_94
TCGA-LN-A7HX	ENSG00000127616.19	SMARCA4	strong_patient_level_candidate	mutation_recurrence_hotspot_or_multihit_lof	0	2	-0.84799690655495	0	0	TRUE	FALSE	1	1	TCGA_ESCC_DR45_five_layer_core_94
TCGA-LN-A7HY	ENSG00000127616.19	SMARCA4	strong_patient_level_candidate	mutation_recurrence_hotspot_or_multihit_lof	0	3	0	0	0	TRUE	FALSE	1	1	TCGA_ESCC_DR45_five_layer_core_94
TCGA-LN-A7HZ	ENSG00000127616.19	SMARCA4	strong_patient_level_candidate	mutation_recurrence_hotspot_or_multihit_lof	0	3	0	0	0	TRUE	FALSE	1	1	TCGA_ESCC_DR45_five_layer_core_94
TCGA-LN-A8HZ	ENSG00000127616.19	SMARCA4	strong_patient_level_candidate	mutation_recurrence_hotspot_or_multihit_lof	0	4	0	0	0	TRUE	FALSE	1	1	TCGA_ESCC_DR45_five_layer_core_94
TCGA-LN-A8I0	ENSG00000127616.19	SMARCA4	strong_patient_level_candidate	mutation_recurrence_hotspot_or_multihit_lof	0	2	0	0	0	TRUE	FALSE	1	1	TCGA_ESCC_DR45_five_layer_core_94
TCGA-LN-A8I1	ENSG00000127616.19	SMARCA4	strong_patient_level_candidate	mutation_recurrence_hotspot_or_multihit_lof	0	4	0.362570079384708	0	0	TRUE	FALSE	1	1	TCGA_ESCC_DR45_five_layer_core_94
TCGA-LN-A9FO	ENSG00000127616.19	SMARCA4	strong_patient_level_candidate	mutation_recurrence_hotspot_or_multihit_lof	0	4	0.362570079384708	0	0	TRUE	FALSE	1	1	TCGA_ESCC_DR45_five_layer_core_94
TCGA-LN-A9FP	ENSG00000127616.19	SMARCA4	strong_patient_level_candidate	mutation_recurrence_hotspot_or_multihit_lof	0	2	0	0	0	TRUE	FALSE	1	1	TCGA_ESCC_DR45_five_layer_core_94
TCGA-LN-A9FQ	ENSG00000127616.19	SMARCA4	strong_patient_level_candidate	mutation_recurrence_hotspot_or_multihit_lof	0	4	0.362570079384708	0	0	TRUE	FALSE	1	1	TCGA_ESCC_DR45_five_layer_core_94
TCGA-LN-A9FR	ENSG00000127616.19	SMARCA4	strong_patient_level_candidate	mutation_recurrence_hotspot_or_multihit_lof	0	3	0	0	0	TRUE	FALSE	1	1	TCGA_ESCC_DR45_five_layer_core_94
TCGA-Q9-A6FU	ENSG00000127616.19	SMARCA4	strong_patient_level_candidate	mutation_recurrence_hotspot_or_multihit_lof	0	2	0	0	0	TRUE	FALSE	1	1	TCGA_ESCC_DR45_five_layer_core_94
TCGA-S8-A6BW	ENSG00000127616.19	SMARCA4	strong_patient_level_candidate	mutation_recurrence_hotspot_or_multihit_lof	0	3	0	0	0	TRUE	FALSE	1	1	TCGA_ESCC_DR45_five_layer_core_94
TCGA-V5-A7RC	ENSG00000127616.19	SMARCA4	strong_patient_level_candidate	mutation_recurrence_hotspot_or_multihit_lof	0	3	-0.362570079384708	0	0	TRUE	FALSE	1	1	TCGA_ESCC_DR45_five_layer_core_94
TCGA-V5-AASV	ENSG00000127616.19	SMARCA4	strong_patient_level_candidate	mutation_recurrence_hotspot_or_multihit_lof	1	3	0.485426827170242	0	0	TRUE	FALSE	1	1	TCGA_ESCC_DR45_five_layer_core_94
TCGA-VR-A8EO	ENSG00000127616.19	SMARCA4	strong_patient_level_candidate	mutation_recurrence_hotspot_or_multihit_lof	0	3	-0.362570079384708	0	0	TRUE	FALSE	1	1	TCGA_ESCC_DR45_five_layer_core_94
TCGA-VR-A8EP	ENSG00000127616.19	SMARCA4	strong_patient_level_candidate	mutation_recurrence_hotspot_or_multihit_lof	0	3	0.485426827170242	0	0	TRUE	FALSE	1	1	TCGA_ESCC_DR45_five_layer_core_94
TCGA-VR-A8ER	ENSG00000127616.19	SMARCA4	strong_patient_level_candidate	mutation_recurrence_hotspot_or_multihit_lof	0	2	0	0	0	TRUE	FALSE	1	1	TCGA_ESCC_DR45_five_layer_core_94
TCGA-VR-A8ET	ENSG00000127616.19	SMARCA4	strong_patient_level_candidate	mutation_recurrence_hotspot_or_multihit_lof	0	2	0	0	0	TRUE	FALSE	1	1	TCGA_ESCC_DR45_five_layer_core_94
TCGA-VR-A8EU	ENSG00000127616.19	SMARCA4	strong_patient_level_candidate	mutation_recurrence_hotspot_or_multihit_lof	0	3	0	0	0	TRUE	FALSE	1	1	TCGA_ESCC_DR45_five_layer_core_94
TCGA-VR-A8EW	ENSG00000127616.19	SMARCA4	strong_patient_level_candidate	mutation_recurrence_hotspot_or_multihit_lof	0	3	0	0	0	TRUE	FALSE	1	1	TCGA_ESCC_DR45_five_layer_core_94
TCGA-VR-A8EX	ENSG00000127616.19	SMARCA4	strong_patient_level_candidate	mutation_recurrence_hotspot_or_multihit_lof	0	4	0.0692668696584539	0	0	TRUE	FALSE	1	1	TCGA_ESCC_DR45_five_layer_core_94
TCGA-VR-A8EY	ENSG00000127616.19	SMARCA4	strong_patient_level_candidate	mutation_recurrence_hotspot_or_multihit_lof	0	2	0	0	0	TRUE	FALSE	1	1	TCGA_ESCC_DR45_five_layer_core_94
TCGA-VR-A8EZ	ENSG00000127616.19	SMARCA4	strong_patient_level_candidate	mutation_recurrence_hotspot_or_multihit_lof	0	2	-0.485426827170242	0	0	TRUE	FALSE	1	1	TCGA_ESCC_DR45_five_layer_core_94
TCGA-VR-A8Q7	ENSG00000127616.19	SMARCA4	strong_patient_level_candidate	mutation_recurrence_hotspot_or_multihit_lof	1	7	0.736965594166206	0	0	TRUE	FALSE	1	1	TCGA_ESCC_DR45_five_layer_core_94
TCGA-VR-AA4G	ENSG00000127616.19	SMARCA4	strong_patient_level_candidate	mutation_recurrence_hotspot_or_multihit_lof	0	2	0	0	0	TRUE	FALSE	1	1	TCGA_ESCC_DR45_five_layer_core_94
TCGA-VR-AA7B	ENSG00000127616.19	SMARCA4	strong_patient_level_candidate	mutation_recurrence_hotspot_or_multihit_lof	0	3	0	0	0	TRUE	FALSE	1	1	TCGA_ESCC_DR45_five_layer_core_94
TCGA-VR-AA7D	ENSG00000127616.19	SMARCA4	strong_patient_level_candidate	mutation_recurrence_hotspot_or_multihit_lof	0	2	0	0	0	TRUE	FALSE	1	1	TCGA_ESCC_DR45_five_layer_core_94
TCGA-VR-AA7I	ENSG00000127616.19	SMARCA4	strong_patient_level_candidate	mutation_recurrence_hotspot_or_multihit_lof	0	4	0.362570079384708	0	0	TRUE	FALSE	1	1	TCGA_ESCC_DR45_five_layer_core_94
TCGA-XP-A8T6	ENSG00000127616.19	SMARCA4	strong_patient_level_candidate	mutation_recurrence_hotspot_or_multihit_lof	0	2	-0.485426827170242	0	0	TRUE	FALSE	1	1	TCGA_ESCC_DR45_five_layer_core_94
TCGA-XP-A8T8	ENSG00000127616.19	SMARCA4	strong_patient_level_candidate	mutation_recurrence_hotspot_or_multihit_lof	0	3	0	0	0	TRUE	FALSE	1	1	TCGA_ESCC_DR45_five_layer_core_94
TCGA-Z6-A8JD	ENSG00000127616.19	SMARCA4	strong_patient_level_candidate	mutation_recurrence_hotspot_or_multihit_lof	0	2	0	0	0	TRUE	FALSE	1	1	TCGA_ESCC_DR45_five_layer_core_94
TCGA-Z6-A8JE	ENSG00000127616.19	SMARCA4	strong_patient_level_candidate	mutation_recurrence_hotspot_or_multihit_lof	0	1	-0.736965594166206	0	0	TRUE	FALSE	1	1	TCGA_ESCC_DR45_five_layer_core_94
TCGA-Z6-A9VB	ENSG00000127616.19	SMARCA4	strong_patient_level_candidate	mutation_recurrence_hotspot_or_multihit_lof	0	2	0	0	0	TRUE	FALSE	1	1	TCGA_ESCC_DR45_five_layer_core_94
TCGA-Z6-AAPN	ENSG00000127616.19	SMARCA4	strong_patient_level_candidate	mutation_recurrence_hotspot_or_multihit_lof	0	2	-0.485426827170242	0	0	TRUE	FALSE	1	1	TCGA_ESCC_DR45_five_layer_core_94
