Hugo_Symbol	gene_id	nonsynonymous_variants	mutated_patients	likely_lof_variants	likely_lof_patients	hotspot_variants	max_observed_aa_position	variant_classes	callers	oncodrive_mutated_samples	oncodrive_clusters	oncodrive_cluster_score	oncodrive_mutations_in_clusters	oncodrive_fraction_in_clusters	oncodrive_p	oncodrive_fdr	mutation_frequency_96	recurrent_mutation
TP53	ENSG00000141510.18	99	86	41	39	76	391	Frame_Shift_Del;Frame_Shift_Ins;In_Frame_Del;Missense_Mutation;Nonsense_Mutation;Splice_Site	muse;mutect2;muse;mutect2;varscan2;muse;varscan2;mutect2;pindel;varscan2;mutect2;pindel*;varscan2;mutect2;varscan2;pindel;varscan2	86	6	0.351357015709272	46	0.464646464646465	0.288902964019758	0.563320509893807	0.895833333333333	TRUE
TTN	ENSG00000155657.28	37	31	3	3	0	32918	Frame_Shift_Del;In_Frame_Del;Missense_Mutation;Nonsense_Mutation	muse;mutect2;muse;mutect2;varscan2;muse;varscan2;mutect2;pindel;varscan2								0.322916666666667	TRUE
KMT2D	ENSG00000167548.16	19	17	14	13	1	5387	Frame_Shift_Del;Frame_Shift_Ins;Missense_Mutation;Nonsense_Mutation;Splice_Region	muse;mutect2;varscan2;mutect2;pindel;mutect2;pindel;varscan2;mutect2;varscan2								0.177083333333333	TRUE
CSMD3	ENSG00000164796.18	19	16	1	1	0	3430	Missense_Mutation;Nonsense_Mutation	muse;mutect2;muse;mutect2;varscan2								0.166666666666667	TRUE
NFE2L2	ENSG00000116044.16	16	16	0	0	16	82	In_Frame_Del;In_Frame_Ins;Missense_Mutation	muse;mutect2;muse;mutect2;varscan2;mutect2;pindel;varscan2;mutect2;pindel;varscan2*	16	2	0.560374391104358	15	0.9375	0.0152161267341987	0.050720422447329	0.166666666666667	TRUE
MUC16	ENSG00000181143.15	15	15	2	2	0	14303	Frame_Shift_Ins;In_Frame_Ins;Missense_Mutation;Nonsense_Mutation	muse;mutect2;muse;mutect2;varscan2;mutect2;pindel;varscan2;mutect2;varscan2	15	1	0.133333333333333	2	0.133333333333333	0.868752353808585	0.868752353808585	0.15625	TRUE
NOTCH1	ENSG00000148400.12	16	14	10	9	1	1723	Frame_Shift_Del;Frame_Shift_Ins;Missense_Mutation;Nonsense_Mutation;Splice_Site	muse;mutect2;varscan2;muse;varscan2;mutect2;pindel;varscan2;mutect2;varscan2;pindel;varscan2								0.145833333333333	TRUE
FLG	ENSG00000143631.11	13	13	3	3	0	3505	In_Frame_Del;Missense_Mutation;Nonsense_Mutation	muse;mutect2;muse;mutect2;varscan2;mutect2;varscan2;pindel;varscan2								0.135416666666667	TRUE
DNAH5	ENSG00000039139.9	12	12	0	0	0	4616	Missense_Mutation	muse;mutect2;muse;mutect2;varscan2;muse;varscan2								0.125	TRUE
PIK3CA	ENSG00000121879.6	12	12	0	0	12	1047	Missense_Mutation	muse;mutect2;varscan2	12	2	0.770833333333333	10	0.833333333333333	7.7370977915936e-05	0.00038685488957968	0.125	TRUE
ZNF750	ENSG00000141579.7	11	11	9	9	0	298	Frame_Shift_Del;Frame_Shift_Ins;Missense_Mutation;Nonsense_Mutation	muse;mutect2;varscan2;mutect2;pindel;varscan2								0.114583333333333	TRUE
NOTCH3	ENSG00000074181.9	10	10	4	4	0	1669	Frame_Shift_Del;Missense_Mutation;Nonsense_Mutation;Splice_Site	muse;mutect2;muse;mutect2;varscan2;muse;varscan2;mutect2;pindel;varscan2								0.104166666666667	TRUE
OBSCN	ENSG00000154358.22	9	9	0	0	0	7234	Missense_Mutation	muse;mutect2;muse;mutect2;varscan2;muse;varscan2								0.09375	TRUE
ZNF804B	ENSG00000182348.7	9	9	1	1	0	615	Frame_Shift_Ins;Missense_Mutation	muse;mutect2;varscan2;mutect2;pindel;varscan2								0.09375	TRUE
PCLO	ENSG00000186472.20	9	8	0	0	0	4340	Missense_Mutation	muse;mutect2;varscan2;mutect2;varscan2	8	1	0.222222222222222	2	0.222222222222222	0.668854443028834	0.743171603365371	0.0833333333333333	TRUE
SYNE2	ENSG00000054654.19	9	8	0	0	0	6794	Missense_Mutation	muse;mutect2;muse;mutect2;varscan2								0.0833333333333333	TRUE
FAT3	ENSG00000165323.15	8	8	2	2	0	3816	In_Frame_Del;Missense_Mutation;Nonsense_Mutation	muse;mutect2;varscan2;pindel;varscan2								0.0833333333333333	TRUE
HYDIN	ENSG00000157423.18	8	8	1	1	0	4998	Missense_Mutation;Nonsense_Mutation	muse;mutect2;muse;mutect2;varscan2;mutect2;varscan2								0.0833333333333333	TRUE
PKHD1L1	ENSG00000205038.12	10	7	0	0	0	4232	Missense_Mutation	muse;mutect2;muse;mutect2;varscan2								0.0729166666666667	TRUE
RYR2	ENSG00000198626.17	9	7	3	3	0	4851	Frame_Shift_Del;Missense_Mutation;Nonsense_Mutation	muse;mutect2;muse;mutect2;varscan2;mutect2;pindel								0.0729166666666667	TRUE
CNTNAP5	ENSG00000155052.14	8	7	0	0	0	940	Missense_Mutation	muse;mutect2;muse;mutect2;varscan2								0.0729166666666667	TRUE
DST	ENSG00000151914.20	8	7	0	0	0	7368	Missense_Mutation	muse;mutect2;muse;mutect2;varscan2								0.0729166666666667	TRUE
MUC17	ENSG00000169876.14	8	7	0	0	0	4449	Missense_Mutation	muse;mutect2;varscan2								0.0729166666666667	TRUE
TRRAP	ENSG00000196367.14	8	7	0	0	0	3846	Missense_Mutation	muse;mutect2;muse;mutect2;varscan2								0.0729166666666667	TRUE
COL11A1	ENSG00000060718.22	7	7	2	2	0	1560	Frame_Shift_Del;Missense_Mutation	muse;mutect2;varscan2;mutect2;pindel;mutect2;pindel;varscan2								0.0729166666666667	TRUE
FMN2	ENSG00000155816.20	7	7	0	0	0	1622	Missense_Mutation	muse;mutect2;muse;mutect2;varscan2;muse;varscan2								0.0729166666666667	TRUE
KALRN	ENSG00000160145.15	7	7	0	0	0	2906	Missense_Mutation	muse;mutect2;muse;mutect2;varscan2								0.0729166666666667	TRUE
MACF1	ENSG00000127603.30	7	7	1	1	0	5888	Missense_Mutation;Nonsense_Mutation	muse;mutect2;muse;mutect2;varscan2								0.0729166666666667	TRUE
PAPPA2	ENSG00000116183.11	7	7	0	0	0	1429	Missense_Mutation	muse;mutect2;muse;mutect2;varscan2								0.0729166666666667	TRUE
PTCH1	ENSG00000185920.16	7	7	7	7	0	1203	Frame_Shift_Del;Frame_Shift_Ins;Nonsense_Mutation;Splice_Site	muse;mutect2;varscan2;mutect2;pindel;varscan2								0.0729166666666667	TRUE
SACS	ENSG00000151835.16	7	7	0	0	0	2270	Missense_Mutation	muse;mutect2;varscan2								0.0729166666666667	TRUE
SMARCA4	ENSG00000127616.19	7	7	0	0	5	1445	Missense_Mutation	muse;mutect2;varscan2	7	1	0.285714285714286	2	0.285714285714286	0.479404445840641	0.684863494058058	0.0729166666666667	TRUE
SYNE1	ENSG00000131018.24	7	7	1	1	0	7171	Missense_Mutation;Nonsense_Mutation	muse;mutect2;muse;mutect2;varscan2								0.0729166666666667	TRUE
TGFBR2	ENSG00000163513.19	7	7	1	1	0	530	Missense_Mutation;Nonsense_Mutation	muse;mutect2;varscan2								0.0729166666666667	TRUE
APOB	ENSG00000084674.15	8	6	1	1	0	3982	In_Frame_Del;Missense_Mutation;Splice_Site	muse;mutect2;muse;mutect2;varscan2;pindel;varscan2								0.0625	TRUE
UNC13C	ENSG00000137766.17	8	6	1	1	0	2023	Missense_Mutation;Nonsense_Mutation	muse;mutect2;muse;mutect2;varscan2								0.0625	TRUE
CDH10	ENSG00000040731.10	7	6	0	0	0	733	Missense_Mutation;Splice_Region	muse;mutect2;varscan2								0.0625	TRUE
MUC5B	ENSG00000117983.17	7	6	0	0	0	5693	Missense_Mutation	muse;mutect2;muse;mutect2;varscan2								0.0625	TRUE
ADGRV1	ENSG00000164199.18	6	6	0	0	0	5161	Missense_Mutation	muse;mutect2;muse;mutect2;varscan2								0.0625	TRUE
CEP290	ENSG00000198707.17	6	6	0	0	0	1708	Missense_Mutation	muse;mutect2;varscan2								0.0625	TRUE
DIDO1	ENSG00000101191.17	6	6	1	1	0	2189	Missense_Mutation;Nonsense_Mutation	muse;mutect2;muse;mutect2;varscan2								0.0625	TRUE
DNAH8	ENSG00000124721.18	6	6	1	1	0	4171	Missense_Mutation;Nonsense_Mutation	muse;mutect2;muse;mutect2;varscan2;muse;varscan2								0.0625	TRUE
FREM2	ENSG00000150893.11	6	6	0	0	0	2611	Missense_Mutation	muse;mutect2;muse;mutect2;varscan2								0.0625	TRUE
KMT2C	ENSG00000055609.19	6	6	1	1	0	3628	Missense_Mutation;Nonsense_Mutation;Splice_Region	muse;mutect2;varscan2								0.0625	TRUE
KPNB1	ENSG00000108424.11	6	6	0	0	0	552	Missense_Mutation	muse;mutect2;muse;mutect2;varscan2;mutect2;varscan2	6	1	0.833333333333333	5	0.833333333333333	1.00353621106386e-05	0.000100353621106386	0.0625	TRUE
LRP1B	ENSG00000168702.18	6	6	0	0	0	4212	Missense_Mutation	muse;mutect2;muse;mutect2;varscan2								0.0625	TRUE
MYH2	ENSG00000125414.19	6	6	2	2	0	1770	Missense_Mutation;Nonsense_Mutation	muse;mutect2;muse;mutect2;varscan2								0.0625	TRUE
PCDHA7	ENSG00000204963.6	6	6	0	0	0	519	Missense_Mutation	muse;mutect2;varscan2								0.0625	TRUE
RUNX1T1	ENSG00000079102.16	6	6	0	0	0	604	Missense_Mutation;Splice_Region	muse;mutect2;muse;mutect2;varscan2								0.0625	TRUE
SI	ENSG00000090402.8	6	6	0	0	0	1665	Missense_Mutation	muse;mutect2;muse;mutect2;varscan2								0.0625	TRUE
WDFY3	ENSG00000163625.16	6	6	1	1	0	3525	Missense_Mutation;Nonsense_Mutation	muse;mutect2;muse;mutect2;varscan2								0.0625	TRUE
FAT2	ENSG00000086570.12	8	5	2	2	0	3709	Frame_Shift_Del;Missense_Mutation;Nonsense_Mutation	muse;mutect2;varscan2;mutect2;varscan2;pindel;varscan2	5	1	0.25	2	0.25	0.588262180728958	0.735327725911197	0.0520833333333333	TRUE
ASXL1	ENSG00000171456.20	6	5	2	2	1	1293	Frame_Shift_Del;Missense_Mutation;Nonsense_Mutation	muse;mutect2;varscan2;mutect2;varscan2								0.0520833333333333	TRUE
CDH11	ENSG00000140937.14	6	5	0	0	0	795	Missense_Mutation	muse;mutect2;varscan2;muse;varscan2								0.0520833333333333	TRUE
KIF26B	ENSG00000162849.16	6	5	0	0	0	2093	In_Frame_Del;Missense_Mutation	muse;mutect2;muse;mutect2;varscan2;pindel;varscan2*								0.0520833333333333	TRUE
KMT2A	ENSG00000118058.23	6	5	1	1	0	3932	Frame_Shift_Ins;Missense_Mutation	muse;mutect2;muse;mutect2;varscan2;mutect2;pindel;varscan2								0.0520833333333333	TRUE
NSD1	ENSG00000165671.21	6	5	5	4	0	2120	Frame_Shift_Del;Missense_Mutation;Nonsense_Mutation;Splice_Site	muse;mutect2;varscan2;mutect2;pindel;varscan2								0.0520833333333333	TRUE
PLEC	ENSG00000178209.16	6	5	0	0	0	2619	Missense_Mutation	muse;mutect2;muse;mutect2;varscan2								0.0520833333333333	TRUE
REV3L	ENSG00000009413.16	6	5	0	0	0	2566	Missense_Mutation	muse;mutect2;muse;mutect2;varscan2;mutect2;varscan2								0.0520833333333333	TRUE
ADAM23	ENSG00000114948.13	5	5	3	3	0	781	Frame_Shift_Ins;Missense_Mutation;Nonsense_Mutation;Splice_Site	muse;mutect2;muse;mutect2;varscan2;mutect2;varscan2								0.0520833333333333	TRUE
ARHGAP5	ENSG00000100852.13	5	5	0	0	0	1401	Missense_Mutation	muse;mutect2;muse;mutect2;varscan2;muse;varscan2	5	1	0.4	2	0.4	0.175986474596249	0.439966186490622	0.0520833333333333	TRUE
ATP10D	ENSG00000145246.14	5	5	1	1	0	1258	Missense_Mutation;Nonsense_Mutation	muse;mutect2;muse;mutect2;varscan2								0.0520833333333333	TRUE
CNTN6	ENSG00000134115.13	5	5	1	1	0	845	Frame_Shift_Del;Missense_Mutation	muse;mutect2;varscan2;mutect2;pindel;varscan2								0.0520833333333333	TRUE
COBLL1	ENSG00000082438.17	5	5	1	1	0	1126	Frame_Shift_Del;Missense_Mutation	muse;mutect2;varscan2;mutect2;varscan2								0.0520833333333333	TRUE
DNAH3	ENSG00000158486.13	5	5	1	1	0	3616	Missense_Mutation;Nonsense_Mutation	muse;mutect2;varscan2								0.0520833333333333	TRUE
DPP6	ENSG00000130226.17	5	5	0	0	0	829	Missense_Mutation	muse;mutect2;varscan2								0.0520833333333333	TRUE
DYNC2H1	ENSG00000187240.16	5	5	0	0	0	3682	Missense_Mutation	muse;mutect2;varscan2								0.0520833333333333	TRUE
ELAPOR2	ENSG00000164659.15	5	5	1	1	0	476	Missense_Mutation;Nonsense_Mutation	muse;mutect2;varscan2								0.0520833333333333	TRUE
EP300	ENSG00000100393.14	5	5	2	2	2	1539	In_Frame_Del;Missense_Mutation;Nonsense_Mutation;Splice_Site	muse;mutect2;varscan2;mutect2;pindel;varscan2								0.0520833333333333	TRUE
FIGN	ENSG00000182263.14	5	5	1	1	0	684	Frame_Shift_Ins;Missense_Mutation	muse;mutect2;varscan2;mutect2;varscan2								0.0520833333333333	TRUE
HDAC4	ENSG00000068024.17	5	5	0	0	0	1029	Missense_Mutation	muse;mutect2;muse;mutect2;varscan2;mutect2;varscan2								0.0520833333333333	TRUE
HMCN1	ENSG00000143341.12	5	5	1	1	0	5110	Missense_Mutation;Nonsense_Mutation	muse;mutect2;muse;mutect2;varscan2								0.0520833333333333	TRUE
HTT	ENSG00000197386.12	5	5	1	1	0	1960	In_Frame_Del;Missense_Mutation;Nonsense_Mutation	muse;mutect2;muse;mutect2;varscan2;mutect2;pindel;varscan2								0.0520833333333333	TRUE
KIAA1109	ENSG00000138688.15	5	5	1	1	0	4021	Missense_Mutation;Splice_Site	muse;mutect2;varscan2								0.0520833333333333	TRUE
KIF20B	ENSG00000138182.15	5	5	1	1	0	1720	Missense_Mutation;Nonsense_Mutation	muse;mutect2;varscan2								0.0520833333333333	TRUE
LRFN5	ENSG00000165379.13	5	5	1	1	0	445	Missense_Mutation;Nonsense_Mutation	muse;mutect2;varscan2								0.0520833333333333	TRUE
MRC1	ENSG00000260314.3	5	5	1	1	0	1217	Missense_Mutation;Nonsense_Mutation	muse;mutect2;varscan2;muse;varscan2								0.0520833333333333	TRUE
MYH13	ENSG00000006788.14	5	5	0	0	0	1920	Missense_Mutation	muse;mutect2;muse;mutect2;varscan2								0.0520833333333333	TRUE
NAV3	ENSG00000067798.16	5	5	1	1	0	1843	Missense_Mutation;Splice_Site	muse;mutect2;muse;mutect2;varscan2;mutect2;varscan2								0.0520833333333333	TRUE
PCDH15	ENSG00000150275.19	5	5	0	0	0	1723	Missense_Mutation	muse;mutect2;muse;mutect2;varscan2								0.0520833333333333	TRUE
PLXND1	ENSG00000004399.13	5	5	1	1	0	1680	Missense_Mutation;Splice_Site	muse;mutect2;muse;mutect2;varscan2								0.0520833333333333	TRUE
PRKDC	ENSG00000253729.8	5	5	3	3	0	3060	Frame_Shift_Del;Missense_Mutation;Nonsense_Mutation	muse;mutect2;varscan2;mutect2;pindel;varscan2;pindel;varscan2								0.0520833333333333	TRUE
RELN	ENSG00000189056.14	5	5	1	1	0	3119	Missense_Mutation;Nonsense_Mutation	muse;mutect2;muse;mutect2;varscan2								0.0520833333333333	TRUE
RTN1	ENSG00000139970.17	5	5	1	1	0	731	Missense_Mutation;Nonsense_Mutation	muse;mutect2;varscan2								0.0520833333333333	TRUE
SCN1A	ENSG00000144285.22	5	5	1	1	0	1971	Missense_Mutation;Nonsense_Mutation	muse;mutect2;varscan2								0.0520833333333333	TRUE
SHANK2	ENSG00000162105.19	5	5	0	0	0	1748	Missense_Mutation	muse;mutect2;muse;mutect2;varscan2								0.0520833333333333	TRUE
STXBP5L	ENSG00000145087.13	5	5	0	0	0	912	Missense_Mutation	muse;mutect2;varscan2;muse;varscan2								0.0520833333333333	TRUE
TNN	ENSG00000120332.16	5	5	1	1	0	1013	Missense_Mutation;Nonsense_Mutation	muse;mutect2;muse;mutect2;varscan2								0.0520833333333333	TRUE
TNXB	ENSG00000168477.19	5	5	0	0	0	3743	Missense_Mutation	muse;mutect2;muse;mutect2;varscan2								0.0520833333333333	TRUE
TRIP11	ENSG00000100815.12	5	5	0	0	0	1296	Missense_Mutation	muse;mutect2;varscan2								0.0520833333333333	TRUE
ZNF292	ENSG00000188994.13	5	5	0	0	0	2624	Missense_Mutation	muse;mutect2;varscan2;muse;varscan2								0.0520833333333333	TRUE
ZNF496	ENSG00000162714.12	5	5	0	0	0	579	Missense_Mutation	muse;mutect2;muse;mutect2;varscan2								0.0520833333333333	TRUE
ZNF540	ENSG00000171817.17	5	5	0	0	0	623	Missense_Mutation	muse;mutect2;varscan2								0.0520833333333333	TRUE
ZNF831	ENSG00000124203.6	5	5	0	0	0	1651	Missense_Mutation	muse;mutect2;muse;mutect2;varscan2								0.0520833333333333	TRUE
MGA	ENSG00000174197.16	8	4	1	1	0	2846	Frame_Shift_Del;Missense_Mutation	muse;mutect2;varscan2;muse;varscan2;pindel;varscan2								0.0416666666666667	FALSE
AHNAK	ENSG00000124942.14	6	4	1	1	0	1505	Missense_Mutation;Nonsense_Mutation	muse;mutect2;varscan2	4	1	0.333333333333333	2	0.333333333333333	0.337992305936284	0.563320509893807	0.0416666666666667	FALSE
AKAP9	ENSG00000127914.18	6	4	2	1	0	2967	Missense_Mutation;Nonsense_Mutation	muse;mutect2;muse;mutect2;varscan2								0.0416666666666667	FALSE
FCGBP	ENSG00000275395.6	5	4	1	1	0	3015	Missense_Mutation;Nonsense_Mutation	muse;mutect2;muse;mutect2;varscan2								0.0416666666666667	FALSE
GABRB1	ENSG00000163288.14	5	4	1	1	0	403	Missense_Mutation;Nonsense_Mutation	muse;mutect2;muse;mutect2;varscan2;mutect2;varscan2								0.0416666666666667	FALSE
GOLGA3	ENSG00000090615.15	5	4	0	0	0	1333	Missense_Mutation	muse;mutect2;varscan2;muse;varscan2								0.0416666666666667	FALSE
ICE1	ENSG00000164151.12	5	4	1	1	0	1952	Missense_Mutation;Nonsense_Mutation	muse;mutect2;muse;mutect2;varscan2								0.0416666666666667	FALSE
PTEN	ENSG00000171862.11	5	4	3	2	1	319	Frame_Shift_Del;Missense_Mutation;Nonsense_Mutation	muse;mutect2;muse;mutect2;varscan2;pindel;varscan2								0.0416666666666667	FALSE
SLC6A3	ENSG00000142319.18	5	4	0	0	0	547	Missense_Mutation	muse;mutect2;muse;mutect2;varscan2								0.0416666666666667	FALSE
ABCA10	ENSG00000154263.17	4	4	1	1	0	1121	Frame_Shift_Ins;Missense_Mutation	muse;mutect2;muse;mutect2;varscan2;mutect2;varscan2								0.0416666666666667	FALSE
ABCA13	ENSG00000179869.15	4	4	1	1	0	4937	Missense_Mutation;Nonsense_Mutation	muse;mutect2;varscan2								0.0416666666666667	FALSE
ABCC9	ENSG00000069431.11	4	4	0	0	0	1213	Missense_Mutation;Splice_Region	muse;mutect2;varscan2								0.0416666666666667	FALSE
ACACA	ENSG00000278540.5	4	4	0	0	0	2302	Missense_Mutation	muse;mutect2;varscan2								0.0416666666666667	FALSE
ACACB	ENSG00000076555.15	4	4	1	1	0	2336	Missense_Mutation;Splice_Site	muse;mutect2;varscan2								0.0416666666666667	FALSE
ADGRB3	ENSG00000135298.14	4	4	0	0	0	1423	Missense_Mutation	muse;mutect2;varscan2								0.0416666666666667	FALSE
ATR	ENSG00000175054.16	4	4	2	2	0	2559	Frame_Shift_Ins;Missense_Mutation;Nonsense_Mutation	muse;mutect2;mutect2;pindel;varscan2								0.0416666666666667	FALSE
BDP1	ENSG00000145734.19	4	4	0	0	0	2187	Missense_Mutation	muse;mutect2;muse;mutect2;varscan2;muse;varscan2								0.0416666666666667	FALSE
BOD1L1	ENSG00000038219.13	4	4	0	0	0	2751	Missense_Mutation	muse;mutect2;varscan2								0.0416666666666667	FALSE
BRCA2	ENSG00000139618.16	4	4	2	2	0	3063	Frame_Shift_Ins;Missense_Mutation;Nonsense_Mutation	muse;mutect2;muse;mutect2;varscan2;mutect2;varscan2								0.0416666666666667	FALSE
CACNA1C	ENSG00000151067.22	4	4	0	0	0	2197	Missense_Mutation	muse;mutect2;varscan2								0.0416666666666667	FALSE
CDH7	ENSG00000081138.14	4	4	0	0	0	453	Missense_Mutation	muse;mutect2;varscan2								0.0416666666666667	FALSE
CENPF	ENSG00000117724.13	4	4	1	1	0	1023	Missense_Mutation;Nonsense_Mutation	muse;mutect2;muse;mutect2;varscan2								0.0416666666666667	FALSE
CFH	ENSG00000000971.16	4	4	2	2	0	1132	Missense_Mutation;Nonsense_Mutation	muse;mutect2;muse;mutect2;varscan2								0.0416666666666667	FALSE
CLEC14A	ENSG00000176435.7	4	4	1	1	0	333	Missense_Mutation;Nonsense_Mutation	muse;mutect2;varscan2								0.0416666666666667	FALSE
COL12A1	ENSG00000111799.21	4	4	1	1	0	2017	Missense_Mutation;Nonsense_Mutation	muse;mutect2;muse;mutect2;varscan2								0.0416666666666667	FALSE
CREBBP	ENSG00000005339.15	4	4	1	1	1	2340	Missense_Mutation;Nonsense_Mutation	muse;mutect2;muse;mutect2;varscan2								0.0416666666666667	FALSE
CRNKL1	ENSG00000101343.15	4	4	0	0	0	682	Missense_Mutation	muse;mutect2;varscan2;mutect2;varscan2								0.0416666666666667	FALSE
CSMD1	ENSG00000183117.19	4	4	1	1	0	3057	Missense_Mutation;Nonsense_Mutation	muse;mutect2;muse;mutect2;varscan2								0.0416666666666667	FALSE
CTNNA2	ENSG00000066032.18	4	4	1	1	0	931	Frame_Shift_Del;Missense_Mutation	muse;mutect2;muse;mutect2;varscan2;muse*;pindel								0.0416666666666667	FALSE
DGKK	ENSG00000274588.2	4	4	1	1	0	914	Missense_Mutation;Nonsense_Mutation	muse;mutect2;muse;mutect2;varscan2								0.0416666666666667	FALSE
DLC1	ENSG00000164741.15	4	4	1	1	0	1379	Missense_Mutation;Nonsense_Mutation	muse;mutect2;varscan2								0.0416666666666667	FALSE
DMD	ENSG00000198947.16	4	4	0	0	0	1685	Missense_Mutation	muse;mutect2;varscan2;mutect2;varscan2								0.0416666666666667	FALSE
DPP10	ENSG00000175497.17	4	4	1	1	0	777	Missense_Mutation;Splice_Site	muse;mutect2;varscan2								0.0416666666666667	FALSE
DSEL	ENSG00000171451.14	4	4	0	0	0	387	Missense_Mutation	muse;mutect2;varscan2;mutect2;varscan2								0.0416666666666667	FALSE
DYSF	ENSG00000135636.14	4	4	2	2	0	1954	Missense_Mutation;Nonsense_Mutation;Splice_Site	muse;mutect2;muse;mutect2;varscan2								0.0416666666666667	FALSE
EEF2	ENSG00000167658.16	4	4	0	0	0	468	Missense_Mutation	muse;mutect2;varscan2								0.0416666666666667	FALSE
ESPL1	ENSG00000135476.12	4	4	2	2	0	563	Frame_Shift_Del;Missense_Mutation;Nonsense_Mutation	muse;mutect2;muse;mutect2;varscan2;pindel;varscan2								0.0416666666666667	FALSE
FAT4	ENSG00000196159.14	4	4	1	1	0	3569	Missense_Mutation;Nonsense_Mutation	muse;mutect2;varscan2								0.0416666666666667	FALSE
FBN1	ENSG00000166147.14	4	4	0	0	0	2724	Missense_Mutation	muse;mutect2;muse;mutect2;varscan2								0.0416666666666667	FALSE
FBXO15	ENSG00000141665.13	4	4	2	2	0	500	Frame_Shift_Del;Missense_Mutation	muse;mutect2;varscan2;mutect2;pindel;varscan2								0.0416666666666667	FALSE
FNDC1	ENSG00000164694.17	4	4	2	2	0	1875	Frame_Shift_Del;Missense_Mutation;Splice_Site	muse;mutect2;varscan2;mutect2;pindel;mutect2;pindel;varscan2								0.0416666666666667	FALSE
GNAS	ENSG00000087460.27	4	4	0	0	2	301	Missense_Mutation	muse;mutect2;varscan2								0.0416666666666667	FALSE
GRAMD4	ENSG00000075240.17	4	4	3	3	0	531	Frame_Shift_Del;Missense_Mutation;Nonsense_Mutation;Splice_Site	muse;mutect2;varscan2;mutect2;pindel;varscan2								0.0416666666666667	FALSE
GRM8	ENSG00000179603.18	4	4	1	1	0	662	Frame_Shift_Del;Missense_Mutation	muse;mutect2;varscan2;mutect2;pindel;varscan2								0.0416666666666667	FALSE
HDAC9	ENSG00000048052.22	4	4	0	0	0	556	Missense_Mutation	muse;mutect2;varscan2								0.0416666666666667	FALSE
HECTD4	ENSG00000173064.13	4	4	0	0	0	4022	Missense_Mutation	muse;mutect2;muse;mutect2;varscan2								0.0416666666666667	FALSE
HERC1	ENSG00000103657.14	4	4	1	1	0	2585	Missense_Mutation;Nonsense_Mutation	muse;mutect2;varscan2								0.0416666666666667	FALSE
HERC2	ENSG00000128731.18	4	4	0	0	0	3337	Missense_Mutation	muse;mutect2;muse;mutect2;varscan2;muse;varscan2								0.0416666666666667	FALSE
HIPK2	ENSG00000064393.16	4	4	0	0	0	194	Missense_Mutation	muse;mutect2;muse;mutect2;varscan2								0.0416666666666667	FALSE
IFI16	ENSG00000163565.19	4	4	1	1	0	764	Frame_Shift_Del;Missense_Mutation	muse;mutect2;varscan2;mutect2;pindel								0.0416666666666667	FALSE
KANSL1	ENSG00000120071.15	4	4	2	2	0	1033	Missense_Mutation;Nonsense_Mutation;Splice_Site	muse;mutect2;varscan2								0.0416666666666667	FALSE
KDM6A	ENSG00000147050.16	4	4	2	2	1	1293	Frame_Shift_Del;Missense_Mutation;Splice_Site	muse;mutect2;varscan2;mutect2;pindel;varscan2								0.0416666666666667	FALSE
KEAP1	ENSG00000079999.14	4	4	0	0	0	413	Missense_Mutation	muse;mutect2;muse;mutect2;varscan2								0.0416666666666667	FALSE
LAMA5	ENSG00000130702.15	4	4	0	0	0	3211	Missense_Mutation	muse;mutect2;varscan2;mutect2;varscan2								0.0416666666666667	FALSE
LRBA	ENSG00000198589.14	4	4	1	1	0	2293	Missense_Mutation;Nonsense_Mutation	muse;mutect2;varscan2;mutect2;varscan2								0.0416666666666667	FALSE
LTBP1	ENSG00000049323.16	4	4	1	1	0	1356	Missense_Mutation;Splice_Site	muse;mutect2;varscan2								0.0416666666666667	FALSE
MAGEC1	ENSG00000155495.9	4	4	1	1	0	593	In_Frame_Del;Missense_Mutation;Nonsense_Mutation	muse;mutect2;varscan2;muse;varscan2;muse*;mutect2;pindel*;varscan2*								0.0416666666666667	FALSE
MAP2	ENSG00000078018.20	4	4	1	1	0	1767	Frame_Shift_Del;Missense_Mutation	muse;mutect2;varscan2;mutect2;pindel								0.0416666666666667	FALSE
MATN2	ENSG00000132561.14	4	4	0	0	0	727	Missense_Mutation	muse;mutect2;varscan2;muse;varscan2								0.0416666666666667	FALSE
MDC1	ENSG00000137337.15	4	4	0	0	0	1566	Missense_Mutation	muse;mutect2;muse;mutect2;varscan2								0.0416666666666667	FALSE
MED13	ENSG00000108510.10	4	4	1	1	0	1944	Frame_Shift_Ins;Missense_Mutation	muse;mutect2;varscan2;mutect2;pindel;varscan2								0.0416666666666667	FALSE
MGAM	ENSG00000257335.8	4	4	0	0	0	1698	Missense_Mutation	muse;mutect2;muse;mutect2;varscan2								0.0416666666666667	FALSE
MPP5	ENSG00000072415.10	4	4	0	0	0	641	Missense_Mutation	muse;mutect2;muse;mutect2;varscan2;mutect2;varscan2								0.0416666666666667	FALSE
MROH2B	ENSG00000171495.17	4	4	0	0	0	1447	Missense_Mutation	muse;mutect2;varscan2								0.0416666666666667	FALSE
MROH9	ENSG00000117501.14	4	4	2	2	0	515	Missense_Mutation;Nonsense_Mutation	muse;mutect2;muse;mutect2;varscan2								0.0416666666666667	FALSE
MTMR4	ENSG00000108389.9	4	4	0	0	0	1110	Missense_Mutation	muse;mutect2;muse;mutect2;varscan2								0.0416666666666667	FALSE
MTUS2	ENSG00000132938.21	4	4	0	0	0	1258	Missense_Mutation	muse;mutect2;muse;mutect2;varscan2								0.0416666666666667	FALSE
MYCBP2	ENSG00000005810.18	4	4	0	0	0	4061	Missense_Mutation	muse;mutect2;varscan2								0.0416666666666667	FALSE
MYH6	ENSG00000197616.13	4	4	0	0	0	1222	In_Frame_Del;Missense_Mutation	muse;mutect2;varscan2;mutect2;varscan2								0.0416666666666667	FALSE
MYLK	ENSG00000065534.19	4	4	0	0	0	1632	Missense_Mutation	muse;mutect2;muse;mutect2;varscan2								0.0416666666666667	FALSE
NBN	ENSG00000104320.14	4	4	1	1	0	744	Frame_Shift_Del;Missense_Mutation	muse;mutect2;muse;mutect2;varscan2;mutect2;pindel;varscan2								0.0416666666666667	FALSE
NIPBL	ENSG00000164190.19	4	4	1	1	0	2692	Missense_Mutation;Splice_Site	muse;mutect2;varscan2;mutect2;varscan2								0.0416666666666667	FALSE
NLRP1	ENSG00000091592.16	4	4	0	0	0	1412	Missense_Mutation	muse;mutect2;muse;mutect2;varscan2								0.0416666666666667	FALSE
NLRP4	ENSG00000160505.16	4	4	0	0	0	882	Missense_Mutation	muse;mutect2;varscan2								0.0416666666666667	FALSE
NOC4L	ENSG00000184967.7	4	4	2	2	0	504	Frame_Shift_Ins;Missense_Mutation;Nonsense_Mutation	muse;mutect2;muse;mutect2;varscan2;mutect2;pindel;varscan2								0.0416666666666667	FALSE
NOS3	ENSG00000164867.11	4	4	0	0	0	942	In_Frame_Del;Missense_Mutation	muse;mutect2;varscan2;pindel;varscan2								0.0416666666666667	FALSE
NOTCH2	ENSG00000134250.20	4	4	1	1	0	1020	Missense_Mutation;Splice_Site	muse;mutect2;muse;mutect2;varscan2								0.0416666666666667	FALSE
NPHP3	ENSG00000113971.20	4	4	2	2	0	715	Frame_Shift_Del;Frame_Shift_Ins;Missense_Mutation	muse;mutect2;varscan2;mutect2;pindel;varscan2								0.0416666666666667	FALSE
NRXN3	ENSG00000021645.20	4	4	0	0	0	717	Missense_Mutation	muse;mutect2;varscan2								0.0416666666666667	FALSE
OPA1	ENSG00000198836.11	4	4	0	0	0	1009	Missense_Mutation	muse;mutect2;varscan2								0.0416666666666667	FALSE
PARD3	ENSG00000148498.16	4	4	2	2	0	1198	Missense_Mutation;Nonsense_Mutation;Splice_Site	muse;mutect2;muse;mutect2;varscan2								0.0416666666666667	FALSE
PCDH11X	ENSG00000102290.22	4	4	0	0	0	1317	Missense_Mutation	muse;mutect2;varscan2								0.0416666666666667	FALSE
PDS5B	ENSG00000083642.19	4	4	0	0	0	1179	Missense_Mutation	muse;mutect2;varscan2								0.0416666666666667	FALSE
PDZD2	ENSG00000133401.16	4	4	0	0	0	2671	Missense_Mutation	muse;mutect2;muse;mutect2;varscan2								0.0416666666666667	FALSE
PEAK1	ENSG00000173517.10	4	4	0	0	0	1576	Missense_Mutation	muse;mutect2;muse;mutect2;varscan2								0.0416666666666667	FALSE
PKD1L1	ENSG00000158683.9	4	4	0	0	0	2562	Missense_Mutation	muse;mutect2;muse;mutect2;varscan2								0.0416666666666667	FALSE
PLXNA2	ENSG00000076356.7	4	4	0	0	0	1480	Missense_Mutation	muse;mutect2;muse;mutect2;varscan2								0.0416666666666667	FALSE
POGZ	ENSG00000143442.22	4	4	1	1	0	1295	Frame_Shift_Del;Missense_Mutation	muse;mutect2;varscan2;mutect2;pindel;varscan2								0.0416666666666667	FALSE
PPFIA2	ENSG00000139220.17	4	4	0	0	0	613	Missense_Mutation	muse;mutect2;muse;mutect2;varscan2								0.0416666666666667	FALSE
PTPRD	ENSG00000153707.17	4	4	0	0	0	1094	Missense_Mutation	muse;mutect2;varscan2								0.0416666666666667	FALSE
PTPRU	ENSG00000060656.20	4	4	1	1	0	1284	Missense_Mutation;Splice_Site	muse;mutect2;varscan2								0.0416666666666667	FALSE
RANBP2	ENSG00000153201.16	4	4	0	0	0	1389	Missense_Mutation	muse;mutect2;muse;mutect2;varscan2								0.0416666666666667	FALSE
RICTOR	ENSG00000164327.13	4	4	1	1	0	1676	Missense_Mutation;Nonsense_Mutation	muse;mutect2;muse;mutect2;varscan2								0.0416666666666667	FALSE
ROS1	ENSG00000047936.11	4	4	0	0	0	1706	Missense_Mutation	muse;mutect2;varscan2;muse;varscan2;mutect2;varscan2								0.0416666666666667	FALSE
RP1	ENSG00000104237.11	4	4	0	0	0	2061	Missense_Mutation	muse;mutect2;muse;mutect2;varscan2								0.0416666666666667	FALSE
RYR3	ENSG00000198838.14	4	4	2	2	0	3426	Missense_Mutation;Nonsense_Mutation	muse;mutect2;muse;mutect2;varscan2								0.0416666666666667	FALSE
SATB2	ENSG00000119042.17	4	4	0	0	0	302	Missense_Mutation	muse;mutect2;muse;mutect2;varscan2								0.0416666666666667	FALSE
SEMA3A	ENSG00000075213.11	4	4	0	0	0	423	Missense_Mutation	muse;mutect2;varscan2								0.0416666666666667	FALSE
SLCO1C1	ENSG00000139155.9	4	4	0	0	0	627	Missense_Mutation	muse;mutect2;varscan2								0.0416666666666667	FALSE
SLITRK4	ENSG00000179542.16	4	4	0	0	0	447	Missense_Mutation	muse;mutect2;varscan2;muse;varscan2								0.0416666666666667	FALSE
SMYD1	ENSG00000115593.15	4	4	0	0	0	345	Missense_Mutation	muse;mutect2;varscan2								0.0416666666666667	FALSE
SPATA31D1	ENSG00000214929.4	4	4	0	0	0	1543	Missense_Mutation	muse;mutect2;muse;mutect2;varscan2								0.0416666666666667	FALSE
ST18	ENSG00000147488.11	4	4	0	0	0	1029	Missense_Mutation	muse;mutect2;varscan2								0.0416666666666667	FALSE
SYNJ1	ENSG00000159082.18	4	4	2	2	0	1496	Frame_Shift_Del;Missense_Mutation;Nonsense_Mutation	muse;mutect2;muse;mutect2;varscan2;mutect2;pindel;varscan2								0.0416666666666667	FALSE
SYNRG	ENSG00000275066.5	4	4	1	1	0	1083	Frame_Shift_Ins;Missense_Mutation	muse;mutect2;varscan2;mutect2;pindel;varscan2								0.0416666666666667	FALSE
TBC1D32	ENSG00000146350.14	4	4	0	0	0	904	Missense_Mutation	muse;mutect2;muse;mutect2;varscan2								0.0416666666666667	FALSE
TCHH	ENSG00000159450.12	4	4	0	0	0	1581	Missense_Mutation	muse;mutect2;muse;mutect2;varscan2								0.0416666666666667	FALSE
TRPC4	ENSG00000133107.15	4	4	1	1	0	874	Missense_Mutation;Nonsense_Mutation	muse;mutect2;varscan2;mutect2;varscan2								0.0416666666666667	FALSE
TSGA10	ENSG00000135951.16	4	4	1	1	0	687	Missense_Mutation;Splice_Site	muse;mutect2;varscan2								0.0416666666666667	FALSE
USP34	ENSG00000115464.15	4	4	2	2	0	2338	Frame_Shift_Del;Missense_Mutation;Nonsense_Mutation	muse;mutect2;varscan2;mutect2;pindel								0.0416666666666667	FALSE
VPS13B	ENSG00000132549.18	4	4	0	0	0	2558	Missense_Mutation	muse;mutect2;varscan2								0.0416666666666667	FALSE
XIRP2	ENSG00000163092.21	4	4	0	0	0	3186	Missense_Mutation	muse;mutect2;muse;mutect2;varscan2								0.0416666666666667	FALSE
XKR4	ENSG00000206579.9	4	4	0	0	0	647	In_Frame_Del;Missense_Mutation	muse;mutect2;muse;mutect2;varscan2;mutect2;pindel								0.0416666666666667	FALSE
YEATS2	ENSG00000163872.16	4	4	1	1	0	520	Frame_Shift_Ins;Missense_Mutation	muse;mutect2;varscan2;mutect2;pindel;varscan2								0.0416666666666667	FALSE
ZEB2	ENSG00000169554.22	4	4	0	0	0	763	Missense_Mutation	muse;mutect2;varscan2								0.0416666666666667	FALSE
ZFHX3	ENSG00000140836.17	4	4	1	1	0	2762	Missense_Mutation;Nonsense_Mutation	muse;mutect2;varscan2								0.0416666666666667	FALSE
ADGRG4	ENSG00000156920.11	4	3	1	1	0	1497	Frame_Shift_Ins;Missense_Mutation	muse;mutect2;varscan2;mutect2;pindel;varscan2								0.03125	FALSE
CASP8	ENSG00000064012.22	4	3	1	1	0	448	Frame_Shift_Del;Missense_Mutation	muse;mutect2;varscan2;muse;varscan2;mutect2;pindel;varscan2								0.03125	FALSE
CCDC18	ENSG00000122483.17	4	3	2	1	0	601	Frame_Shift_Del;Frame_Shift_Ins;Missense_Mutation	muse;mutect2;muse;mutect2;varscan2;mutect2;pindel;varscan2;mutect2;varscan2								0.03125	FALSE
CHD7	ENSG00000171316.12	4	3	0	0	0	1804	Missense_Mutation	muse;mutect2;varscan2;muse;varscan2								0.03125	FALSE
DCDC1	ENSG00000170959.14	4	3	1	1	0	1699	Missense_Mutation;Nonsense_Mutation	muse;mutect2;muse;mutect2;varscan2								0.03125	FALSE
DGKI	ENSG00000157680.15	4	3	1	1	0	786	Missense_Mutation;Nonsense_Mutation	muse;mutect2;varscan2;muse;varscan2								0.03125	FALSE
ENOX1	ENSG00000120658.13	4	3	0	0	0	29	Missense_Mutation	muse;mutect2;varscan2								0.03125	FALSE
EWSR1	ENSG00000182944.18	4	3	1	1	0	520	Frame_Shift_Del;Missense_Mutation	muse;mutect2;varscan2;muse;varscan2;mutect2;pindel;varscan2								0.03125	FALSE
FAM135B	ENSG00000147724.12	4	3	1	1	0	1363	Missense_Mutation;Nonsense_Mutation	muse;mutect2;varscan2								0.03125	FALSE
FBXW7	ENSG00000109670.16	4	3	2	2	3	543	Missense_Mutation;Nonsense_Mutation	muse;mutect2;varscan2;muse;varscan2;pindel;varscan2								0.03125	FALSE
FMN1	ENSG00000248905.10	4	3	1	1	0	1410	Missense_Mutation;Nonsense_Mutation	muse;mutect2;varscan2								0.03125	FALSE
HBP1	ENSG00000105856.14	4	3	0	0	0	461	Missense_Mutation	muse;mutect2;muse;mutect2;varscan2								0.03125	FALSE
HDLBP	ENSG00000115677.17	4	3	0	0	0	1146	Missense_Mutation;Splice_Region	muse;mutect2;muse;mutect2;varscan2								0.03125	FALSE
MAGEC3	ENSG00000165509.13	4	3	1	1	0	631	Missense_Mutation;Splice_Site	muse;mutect2;varscan2;mutect2;varscan2								0.03125	FALSE
MAST2	ENSG00000086015.22	4	3	0	0	0	1630	Missense_Mutation	muse;mutect2;varscan2;mutect2;varscan2								0.03125	FALSE
MYH7B	ENSG00000078814.17	4	3	1	1	0	630	Missense_Mutation;Splice_Site	muse;mutect2;varscan2								0.03125	FALSE
NLRC5	ENSG00000140853.16	4	3	2	2	0	1726	Frame_Shift_Del;Frame_Shift_Ins;Missense_Mutation	muse;mutect2;varscan2;mutect2;pindel;varscan2;mutect2;varscan2								0.03125	FALSE
PCDHB14	ENSG00000120327.6	4	3	0	0	0	386	Missense_Mutation	muse;mutect2;muse;mutect2;varscan2								0.03125	FALSE
PSG4	ENSG00000243137.8	4	3	0	0	0	389	Missense_Mutation	muse;mutect2;muse;mutect2;varscan2								0.03125	FALSE
RBM15	ENSG00000162775.16	4	3	0	0	0	635	Missense_Mutation	muse;mutect2;muse;mutect2;varscan2								0.03125	FALSE
RYR1	ENSG00000196218.13	4	3	1	1	0	4584	Missense_Mutation;Nonsense_Mutation	muse;mutect2;varscan2;muse;varscan2								0.03125	FALSE
SLC3A1	ENSG00000138079.14	4	3	1	1	0	671	In_Frame_Del;Missense_Mutation;Nonsense_Mutation	muse;mutect2;varscan2;mutect2;pindel;mutect2;varscan2								0.03125	FALSE
SLIT2	ENSG00000145147.20	4	3	0	0	0	1459	Missense_Mutation	muse;mutect2;muse;mutect2;varscan2								0.03125	FALSE
SVEP1	ENSG00000165124.18	4	3	0	0	0	2471	Missense_Mutation	muse;mutect2;muse;mutect2;varscan2								0.03125	FALSE
TG	ENSG00000042832.12	4	3	0	0	0	2575	Missense_Mutation	muse;mutect2;varscan2								0.03125	FALSE
THSD7B	ENSG00000144229.12	4	3	1	1	0	1082	Missense_Mutation;Nonsense_Mutation	muse;mutect2;varscan2								0.03125	FALSE
TMEM132D	ENSG00000151952.16	4	3	0	0	0	865	Missense_Mutation	muse;mutect2;muse;mutect2;varscan2								0.03125	FALSE
UNC13A	ENSG00000130477.15	4	3	0	0	0	1223	Missense_Mutation	muse;mutect2;varscan2								0.03125	FALSE
ZNF91	ENSG00000167232.14	4	3	1	1	0	1060	Missense_Mutation;Nonsense_Mutation	muse;mutect2;varscan2;mutect2;varscan2								0.03125	FALSE
AASDH	ENSG00000157426.14	3	3	0	0	0	817	Missense_Mutation	muse;mutect2;muse;mutect2;varscan2								0.03125	FALSE
ABCB5	ENSG00000004846.16	3	3	1	1	0	948	Missense_Mutation;Nonsense_Mutation	muse;mutect2;varscan2								0.03125	FALSE
ACAP2	ENSG00000114331.15	3	3	0	0	0	727	Missense_Mutation	muse;mutect2;varscan2								0.03125	FALSE
ACSS3	ENSG00000111058.8	3	3	0	0	0	545	Missense_Mutation	muse;mutect2;varscan2								0.03125	FALSE
ADAM29	ENSG00000168594.15	3	3	1	1	0	548	Frame_Shift_Del;Missense_Mutation	muse;mutect2;varscan2;pindel;varscan2								0.03125	FALSE
ADAMTS3	ENSG00000156140.10	3	3	0	0	0	771	Missense_Mutation	muse;mutect2;muse;mutect2;varscan2								0.03125	FALSE
ADAMTSL1	ENSG00000178031.17	3	3	0	0	0	900	Missense_Mutation	muse;mutect2;varscan2								0.03125	FALSE
ADCY8	ENSG00000155897.10	3	3	0	0	0	530	Missense_Mutation	muse;mutect2;muse;mutect2;varscan2								0.03125	FALSE
ADNP	ENSG00000101126.18	3	3	1	1	0	1016	Frame_Shift_Del;Missense_Mutation	muse;mutect2;varscan2;mutect2;varscan2								0.03125	FALSE
AEBP1	ENSG00000106624.11	3	3	1	1	0	1020	Frame_Shift_Del;In_Frame_Del;Missense_Mutation	muse;mutect2;varscan2;mutect2;pindel;varscan2;mutect2;varscan2								0.03125	FALSE
AFF3	ENSG00000144218.19	3	3	0	0	0	916	Missense_Mutation	muse;mutect2;varscan2								0.03125	FALSE
AHNAK2	ENSG00000185567.7	3	3	0	0	0	5747	Missense_Mutation	muse;mutect2;muse;mutect2;varscan2								0.03125	FALSE
AKAP13	ENSG00000170776.22	3	3	0	0	0	2810	Missense_Mutation	muse;mutect2;varscan2								0.03125	FALSE
AMBRA1	ENSG00000110497.14	3	3	0	0	0	1108	Missense_Mutation	muse;mutect2;varscan2								0.03125	FALSE
ANK3	ENSG00000151150.22	3	3	1	1	0	3583	Frame_Shift_Del;Missense_Mutation	muse;mutect2;varscan2;mutect2;pindel;varscan2								0.03125	FALSE
ANKH	ENSG00000154122.14	3	3	0	0	0	143	Missense_Mutation	muse;mutect2;varscan2								0.03125	FALSE
ANKRD26	ENSG00000107890.17	3	3	0	0	0	1310	Missense_Mutation	muse;mutect2;muse;mutect2;varscan2								0.03125	FALSE
ARAP2	ENSG00000047365.12	3	3	1	1	0	100	Missense_Mutation;Nonsense_Mutation	muse;mutect2;varscan2								0.03125	FALSE
ARHGAP21	ENSG00000107863.18	3	3	1	1	0	1471	Missense_Mutation;Nonsense_Mutation	muse;mutect2;varscan2								0.03125	FALSE
ARHGEF17	ENSG00000110237.5	3	3	0	0	0	1892	Missense_Mutation	muse;mutect2;varscan2								0.03125	FALSE
ARHGEF2	ENSG00000116584.20	3	3	0	0	0	857	Missense_Mutation	muse;mutect2;muse;mutect2;varscan2								0.03125	FALSE
ARID1A	ENSG00000117713.20	3	3	2	2	0	2176	Frame_Shift_Del;Frame_Shift_Ins;Missense_Mutation	muse;mutect2;varscan2;mutect2;pindel;varscan2								0.03125	FALSE
ARMC4	ENSG00000169126.16	3	3	0	0	0	836	Missense_Mutation	muse;mutect2;varscan2;muse;varscan2								0.03125	FALSE
ARMH3	ENSG00000120029.13	3	3	0	0	0	527	Missense_Mutation	muse;mutect2;varscan2								0.03125	FALSE
ASPM	ENSG00000066279.18	3	3	0	0	0	2475	Missense_Mutation	muse;mutect2;muse;mutect2;varscan2								0.03125	FALSE
ASXL2	ENSG00000143970.17	3	3	2	2	0	519	Frame_Shift_Del;Missense_Mutation;Nonsense_Mutation	muse;mutect2;varscan2;mutect2;pindel;varscan2								0.03125	FALSE
ASXL3	ENSG00000141431.12	3	3	1	1	0	2123	Missense_Mutation;Nonsense_Mutation	muse;mutect2;muse;mutect2;varscan2								0.03125	FALSE
ATAD2	ENSG00000156802.13	3	3	1	1	0	1344	Frame_Shift_Ins;Missense_Mutation	muse;mutect2;varscan2;mutect2;varscan2								0.03125	FALSE
ATF7IP	ENSG00000171681.12	3	3	0	0	0	1151	Missense_Mutation	muse;mutect2;varscan2								0.03125	FALSE
ATG2B	ENSG00000066739.12	3	3	0	0	0	2074	Missense_Mutation	muse;mutect2;muse;mutect2;varscan2								0.03125	FALSE
ATP8A1	ENSG00000124406.16	3	3	0	0	0	714	Missense_Mutation	muse;mutect2;varscan2;mutect2;varscan2								0.03125	FALSE
ATRNL1	ENSG00000107518.18	3	3	0	0	0	1260	Missense_Mutation	muse;mutect2;varscan2								0.03125	FALSE
ATXN10	ENSG00000130638.17	3	3	0	0	0	338	Missense_Mutation	muse;mutect2;varscan2								0.03125	FALSE
BANK1	ENSG00000153064.12	3	3	1	1	0	724	Missense_Mutation;Nonsense_Mutation	muse;mutect2;varscan2								0.03125	FALSE
BIRC6	ENSG00000115760.14	3	3	0	0	0	3414	Missense_Mutation	muse;mutect2;muse;mutect2;varscan2								0.03125	FALSE
BLM	ENSG00000197299.12	3	3	0	0	0	1088	Missense_Mutation	muse;mutect2;muse;mutect2;varscan2								0.03125	FALSE
BNC2	ENSG00000173068.18	3	3	0	0	0	915	Missense_Mutation	muse;mutect2;varscan2								0.03125	FALSE
BRD4	ENSG00000141867.18	3	3	0	0	0	613	Missense_Mutation	muse;mutect2;varscan2								0.03125	FALSE
BSN	ENSG00000164061.5	3	3	0	0	0	3638	Missense_Mutation	muse;mutect2;varscan2								0.03125	FALSE
C3	ENSG00000125730.17	3	3	0	0	0	1135	Missense_Mutation	muse;mutect2;varscan2								0.03125	FALSE
C6orf118	ENSG00000112539.15	3	3	0	0	0	390	Missense_Mutation	muse;mutect2;varscan2								0.03125	FALSE
CAD	ENSG00000084774.14	3	3	0	0	0	1428	Missense_Mutation	muse;mutect2;varscan2								0.03125	FALSE
CARS1	ENSG00000110619.18	3	3	0	0	0	382	Missense_Mutation	muse;mutect2;muse;mutect2;varscan2								0.03125	FALSE
CCDC180	ENSG00000197816.16	3	3	1	1	0	622	Frame_Shift_Del;Missense_Mutation	muse;mutect2;varscan2;mutect2;pindel;varscan2								0.03125	FALSE
CCDC39	ENSG00000284862.3	3	3	0	0	0	694	Missense_Mutation	muse;mutect2;muse;mutect2;varscan2								0.03125	FALSE
CCDC7	ENSG00000216937.13	3	3	0	0	0	1323	Missense_Mutation	muse;mutect2;varscan2								0.03125	FALSE
CCDC85A	ENSG00000055813.6	3	3	1	1	0	446	Missense_Mutation;Nonsense_Mutation	muse;mutect2;muse;mutect2;varscan2								0.03125	FALSE
CCDC93	ENSG00000125633.11	3	3	1	1	0	485	Missense_Mutation;Nonsense_Mutation	muse;mutect2;muse;mutect2;varscan2								0.03125	FALSE
CCNY	ENSG00000108100.18	3	3	1	1	0	170	Missense_Mutation;Splice_Site	muse;mutect2;muse;mutect2;varscan2								0.03125	FALSE
CCT8L2	ENSG00000198445.4	3	3	0	0	0	343	Missense_Mutation	muse;mutect2;varscan2								0.03125	FALSE
CD163	ENSG00000177575.13	3	3	1	1	0	1065	Frame_Shift_Del;Missense_Mutation	muse;mutect2;varscan2;mutect2;pindel;varscan2								0.03125	FALSE
CDH12	ENSG00000154162.15	3	3	1	1	0	527	Missense_Mutation;Nonsense_Mutation	muse;mutect2;muse;mutect2;varscan2								0.03125	FALSE
CDH19	ENSG00000071991.9	3	3	0	0	0	702	Missense_Mutation	muse;mutect2;muse;mutect2;varscan2								0.03125	FALSE
CDK5RAP2	ENSG00000136861.18	3	3	0	0	0	1463	Missense_Mutation	muse;mutect2;varscan2								0.03125	FALSE
CELSR2	ENSG00000143126.8	3	3	1	1	0	2855	Frame_Shift_Del;Missense_Mutation	muse;mutect2;varscan2;muse;varscan2;mutect2;varscan2								0.03125	FALSE
CENPE	ENSG00000138778.13	3	3	0	0	0	1700	Missense_Mutation	muse;mutect2;varscan2								0.03125	FALSE
CEP250	ENSG00000126001.16	3	3	1	1	0	2115	Missense_Mutation;Nonsense_Mutation	muse;mutect2;muse;mutect2;varscan2								0.03125	FALSE
CEP350	ENSG00000135837.16	3	3	1	1	0	2847	Missense_Mutation;Nonsense_Mutation	muse;mutect2;muse;mutect2;varscan2								0.03125	FALSE
CFAP46	ENSG00000171811.14	3	3	0	0	0	2415	Missense_Mutation	muse;mutect2;muse;mutect2;varscan2								0.03125	FALSE
CFTR	ENSG00000001626.16	3	3	0	0	0	976	Missense_Mutation	muse;mutect2;muse;mutect2;varscan2								0.03125	FALSE
CHD1	ENSG00000153922.11	3	3	0	0	0	1405	Missense_Mutation	muse;mutect2;muse;mutect2;varscan2								0.03125	FALSE
CHD6	ENSG00000124177.15	3	3	0	0	0	2543	Missense_Mutation	muse;mutect2;varscan2								0.03125	FALSE
CHD8	ENSG00000100888.15	3	3	2	2	0	2072	Frame_Shift_Del;Missense_Mutation;Nonsense_Mutation	muse;mutect2;muse;mutect2;varscan2;mutect2;pindel;varscan2								0.03125	FALSE
CHRD	ENSG00000090539.15	3	3	1	1	0	911	Frame_Shift_Del;Missense_Mutation	muse;mutect2;varscan2;mutect2;pindel;varscan2								0.03125	FALSE
CHRND	ENSG00000135902.10	3	3	1	1	0	233	Frame_Shift_Del;Missense_Mutation	muse;mutect2;varscan2;mutect2;varscan2								0.03125	FALSE
CLTCL1	ENSG00000070371.16	3	3	0	0	0	834	Missense_Mutation	muse;mutect2;muse;mutect2;varscan2								0.03125	FALSE
CMYA5	ENSG00000164309.15	3	3	0	0	0	4009	Missense_Mutation	muse;mutect2;varscan2								0.03125	FALSE
CNOT6L	ENSG00000138767.13	3	3	0	0	0	484	Missense_Mutation	muse;mutect2;varscan2								0.03125	FALSE
CNTN1	ENSG00000018236.15	3	3	0	0	0	989	Missense_Mutation	muse;mutect2;muse;mutect2;varscan2								0.03125	FALSE
COCH	ENSG00000100473.18	3	3	0	0	0	545	Missense_Mutation	muse;mutect2;varscan2								0.03125	FALSE
COL18A1	ENSG00000182871.16	3	3	1	1	0	768	Frame_Shift_Del;Missense_Mutation	muse;mutect2;varscan2;mutect2;pindel								0.03125	FALSE
COL19A1	ENSG00000082293.13	3	3	0	0	0	1092	Missense_Mutation	muse;mutect2;varscan2								0.03125	FALSE
COL21A1	ENSG00000124749.17	3	3	1	1	0	827	Frame_Shift_Ins;Missense_Mutation	muse;mutect2;varscan2;mutect2;varscan2								0.03125	FALSE
COL22A1	ENSG00000169436.17	3	3	0	0	0	1543	Missense_Mutation	muse;mutect2;muse;mutect2;varscan2								0.03125	FALSE
COL28A1	ENSG00000215018.10	3	3	0	0	0	799	Missense_Mutation	muse;mutect2;muse;mutect2;varscan2								0.03125	FALSE
COL4A6	ENSG00000197565.16	3	3	0	0	0	1680	Missense_Mutation	muse;mutect2;varscan2;muse;varscan2								0.03125	FALSE
COL7A1	ENSG00000114270.17	3	3	0	0	0	1835	In_Frame_Del;Missense_Mutation	muse;mutect2;varscan2;mutect2;varscan2								0.03125	FALSE
CPAMD8	ENSG00000160111.14	3	3	0	0	0	1164	Missense_Mutation	muse;mutect2;varscan2								0.03125	FALSE
CPD	ENSG00000108582.12	3	3	1	1	0	1128	Frame_Shift_Ins;Missense_Mutation	muse;mutect2;varscan2;mutect2;pindel;varscan2								0.03125	FALSE
CPSF1	ENSG00000071894.17	3	3	1	1	0	871	Frame_Shift_Del;Missense_Mutation	muse;mutect2;varscan2;mutect2;pindel								0.03125	FALSE
CRB1	ENSG00000134376.16	3	3	1	1	0	745	Missense_Mutation;Splice_Site	muse;mutect2;varscan2								0.03125	FALSE
CSMD2	ENSG00000121904.17	3	3	0	0	0	1410	Missense_Mutation	muse;mutect2;muse;mutect2;varscan2								0.03125	FALSE
CSPG4	ENSG00000173546.7	3	3	1	1	0	1014	Frame_Shift_Del;Missense_Mutation	muse;mutect2;varscan2;pindel;varscan2								0.03125	FALSE
CUX2	ENSG00000111249.14	3	3	0	0	0	1243	Missense_Mutation	muse;mutect2;varscan2;muse;varscan2								0.03125	FALSE
DCAF12L2	ENSG00000198354.7	3	3	0	0	0	353	Missense_Mutation	muse;mutect2;muse;mutect2;varscan2								0.03125	FALSE
DCC	ENSG00000187323.12	3	3	0	0	0	899	Missense_Mutation	muse;mutect2;varscan2								0.03125	FALSE
DDX5	ENSG00000108654.16	3	3	1	1	0	611	Missense_Mutation;Nonsense_Mutation	muse;mutect2;varscan2								0.03125	FALSE
DDX60L	ENSG00000181381.14	3	3	0	0	0	1701	Missense_Mutation	muse;mutect2;muse;mutect2;varscan2								0.03125	FALSE
DGKB	ENSG00000136267.14	3	3	0	0	0	453	Missense_Mutation	muse;mutect2;varscan2								0.03125	FALSE
DHX8	ENSG00000067596.12	3	3	1	1	0	1158	Missense_Mutation;Nonsense_Mutation	muse;mutect2;varscan2								0.03125	FALSE
DLGAP3	ENSG00000116544.12	3	3	1	1	0	791	Missense_Mutation;Nonsense_Mutation	muse;mutect2;varscan2;muse;varscan2								0.03125	FALSE
DMBT1	ENSG00000187908.20	3	3	0	0	0	2307	Missense_Mutation	muse;mutect2;varscan2								0.03125	FALSE
DNAAF1	ENSG00000154099.18	3	3	1	1	0	461	Missense_Mutation;Splice_Site	muse;mutect2;varscan2								0.03125	FALSE
DNAH17	ENSG00000187775.17	3	3	0	0	0	4256	Missense_Mutation	muse;mutect2;varscan2								0.03125	FALSE
DNAH7	ENSG00000118997.14	3	3	0	0	0	2407	Missense_Mutation	muse;mutect2;varscan2								0.03125	FALSE
DSCAML1	ENSG00000177103.15	3	3	0	0	0	1816	Missense_Mutation	muse;mutect2;muse;mutect2;varscan2								0.03125	FALSE
EHBP1	ENSG00000115504.15	3	3	0	0	0	754	Missense_Mutation	muse;mutect2;varscan2								0.03125	FALSE
EIF4G2	ENSG00000110321.19	3	3	0	0	0	794	Missense_Mutation	muse;mutect2;varscan2								0.03125	FALSE
ELFN2	ENSG00000166897.16	3	3	0	0	0	799	Missense_Mutation	muse;mutect2;varscan2								0.03125	FALSE
ELMO2	ENSG00000062598.18	3	3	0	0	0	489	Missense_Mutation	muse;mutect2;varscan2								0.03125	FALSE
ENPP1	ENSG00000197594.13	3	3	0	0	0	660	Missense_Mutation	muse;mutect2;varscan2								0.03125	FALSE
ERBIN	ENSG00000112851.15	3	3	1	1	0	981	Missense_Mutation;Nonsense_Mutation	muse;mutect2;varscan2								0.03125	FALSE
ERICH3	ENSG00000178965.14	3	3	0	0	0	1069	Missense_Mutation	muse;mutect2;varscan2								0.03125	FALSE
ERN2	ENSG00000134398.15	3	3	1	1	0	634	Frame_Shift_Del;Missense_Mutation	muse;mutect2;varscan2;mutect2;pindel;varscan2								0.03125	FALSE
ETFDH	ENSG00000171503.12	3	3	1	1	0	491	Frame_Shift_Ins;Missense_Mutation	muse;mutect2;muse;mutect2;varscan2;mutect2;pindel;varscan2								0.03125	FALSE
F5	ENSG00000198734.12	3	3	0	0	0	1827	Missense_Mutation	muse;mutect2;muse;mutect2;varscan2								0.03125	FALSE
FAM135A	ENSG00000082269.17	3	3	0	0	0	1204	Missense_Mutation	muse;mutect2;varscan2								0.03125	FALSE
FAM234B	ENSG00000084444.14	3	3	0	0	0	612	Missense_Mutation	muse;mutect2;muse;mutect2;varscan2								0.03125	FALSE
FAM83G	ENSG00000188522.15	3	3	1	1	0	780	Missense_Mutation;Nonsense_Mutation	muse;mutect2;muse;mutect2;varscan2								0.03125	FALSE
FAT1	ENSG00000083857.14	3	3	1	1	0	2229	Frame_Shift_Del;In_Frame_Del;Missense_Mutation	muse;mutect2;varscan2;mutect2;pindel;varscan2								0.03125	FALSE
FBN2	ENSG00000138829.12	3	3	0	0	0	2520	Missense_Mutation	muse;mutect2;varscan2								0.03125	FALSE
FBN3	ENSG00000142449.13	3	3	1	1	0	1789	Missense_Mutation;Nonsense_Mutation	muse;mutect2;varscan2								0.03125	FALSE
FLNC	ENSG00000128591.16	3	3	0	0	0	2641	Missense_Mutation	muse;mutect2;varscan2								0.03125	FALSE
FLOT2	ENSG00000132589.16	3	3	1	1	0	174	Missense_Mutation;Nonsense_Mutation	muse;mutect2;muse;mutect2;varscan2								0.03125	FALSE
FLT3	ENSG00000122025.15	3	3	1	1	0	398	Missense_Mutation;Splice_Site	muse;mutect2;muse;mutect2;varscan2								0.03125	FALSE
FRMPD2	ENSG00000170324.21	3	3	1	1	0	727	Missense_Mutation;Nonsense_Mutation	muse;mutect2;varscan2								0.03125	FALSE
FSIP2	ENSG00000188738.15	3	3	2	2	0	6776	Frame_Shift_Del;Missense_Mutation;Splice_Site	muse;mutect2;varscan2;mutect2;pindel;mutect2;pindel;varscan2								0.03125	FALSE
GABRA2	ENSG00000151834.16	3	3	1	1	0	443	Missense_Mutation;Nonsense_Mutation	muse;mutect2;varscan2								0.03125	FALSE
GCC2	ENSG00000135968.21	3	3	1	1	0	1017	Missense_Mutation;Splice_Site	muse;mutect2;varscan2								0.03125	FALSE
GLG1	ENSG00000090863.12	3	3	0	0	0	701	Missense_Mutation	muse;mutect2;varscan2								0.03125	FALSE
GOLGB1	ENSG00000173230.15	3	3	0	0	0	3211	Missense_Mutation	muse;mutect2;varscan2								0.03125	FALSE
GON4L	ENSG00000116580.18	3	3	1	1	0	1471	Frame_Shift_Del;Missense_Mutation	muse;mutect2;varscan2;mutect2;pindel;varscan2								0.03125	FALSE
GPR32	ENSG00000142511.4	3	3	0	0	0	253	Missense_Mutation	muse;mutect2;muse;mutect2;varscan2								0.03125	FALSE
GPR52	ENSG00000203737.5	3	3	1	1	0	272	Missense_Mutation;Nonsense_Mutation	muse;mutect2;varscan2								0.03125	FALSE
GRHL2	ENSG00000083307.12	3	3	0	0	0	156	Missense_Mutation	muse;mutect2;varscan2;mutect2;varscan2								0.03125	FALSE
GRM3	ENSG00000198822.10	3	3	0	0	0	679	Missense_Mutation	muse;mutect2;muse;mutect2;varscan2								0.03125	FALSE
GRXCR1	ENSG00000215203.3	3	3	2	2	0	262	Missense_Mutation;Nonsense_Mutation	muse;mutect2;varscan2								0.03125	FALSE
GTF3C2	ENSG00000115207.13	3	3	2	2	0	709	Missense_Mutation;Nonsense_Mutation;Splice_Site	muse;mutect2;varscan2								0.03125	FALSE
H1-1	ENSG00000124610.5	3	3	1	1	0	148	Missense_Mutation;Translation_Start_Site	muse;mutect2;muse;mutect2;varscan2;mutect2;pindel;varscan2								0.03125	FALSE
H2BC9	ENSG00000275713.2	3	3	0	0	0	125	Missense_Mutation	muse;mutect2;varscan2								0.03125	FALSE
H3C2	ENSG00000286522.2	3	3	1	1	1	134	Missense_Mutation;Nonsense_Mutation	muse;mutect2;varscan2								0.03125	FALSE
HCAR2	ENSG00000182782.8	3	3	0	0	0	239	Missense_Mutation	muse;mutect2;varscan2								0.03125	FALSE
HCRTR2	ENSG00000137252.9	3	3	0	0	0	288	Missense_Mutation	muse;mutect2;varscan2								0.03125	FALSE
HECW2	ENSG00000138411.13	3	3	1	1	0	1537	Missense_Mutation;Nonsense_Mutation	muse;mutect2;muse;mutect2;varscan2								0.03125	FALSE
HELB	ENSG00000127311.10	3	3	0	0	0	777	Missense_Mutation	muse;mutect2;muse;mutect2;varscan2								0.03125	FALSE
HNF4G	ENSG00000164749.13	3	3	1	1	0	351	Frame_Shift_Del;Missense_Mutation	muse;mutect2;varscan2;mutect2;pindel;varscan2								0.03125	FALSE
HTR1D	ENSG00000179546.4	3	3	0	0	0	243	Missense_Mutation	muse;mutect2;varscan2								0.03125	FALSE
HUWE1	ENSG00000086758.16	3	3	0	0	0	3608	Missense_Mutation	muse;mutect2;muse;mutect2;varscan2								0.03125	FALSE
IGF2R	ENSG00000197081.16	3	3	1	1	0	1652	Missense_Mutation;Nonsense_Mutation	muse;mutect2;varscan2								0.03125	FALSE
IGKV1D-8	ENSG00000239819.2	3	3	0	0	0	77	Missense_Mutation	muse;mutect2;muse;mutect2;varscan2								0.03125	FALSE
IGSF9B	ENSG00000080854.16	3	3	1	1	0	1185	Missense_Mutation;Nonsense_Mutation	muse;mutect2;varscan2								0.03125	FALSE
IMPG1	ENSG00000112706.12	3	3	0	0	0	732	Missense_Mutation	muse;mutect2;varscan2								0.03125	FALSE
IQCE	ENSG00000106012.18	3	3	1	1	0	622	Missense_Mutation;Splice_Site	muse;mutect2;varscan2								0.03125	FALSE
ITGA6	ENSG00000091409.15	3	3	1	1	0	354	Frame_Shift_Ins;Missense_Mutation	muse;mutect2;varscan2;mutect2;varscan2								0.03125	FALSE
ITGAV	ENSG00000138448.12	3	3	1	1	0	592	Frame_Shift_Del;Missense_Mutation	muse;mutect2;varscan2;mutect2;varscan2								0.03125	FALSE
ITIH5	ENSG00000123243.15	3	3	0	0	0	686	Missense_Mutation	muse;mutect2;varscan2								0.03125	FALSE
ITK	ENSG00000113263.13	3	3	1	1	0	618	Missense_Mutation;Nonsense_Mutation	muse;mutect2;varscan2								0.03125	FALSE
KAT6A	ENSG00000083168.11	3	3	0	0	0	1205	Missense_Mutation	muse;mutect2;varscan2								0.03125	FALSE
KCNQ3	ENSG00000184156.17	3	3	0	0	0	823	Missense_Mutation	muse;mutect2;varscan2								0.03125	FALSE
KCNQ4	ENSG00000117013.17	3	3	1	1	0	575	Frame_Shift_Del;Missense_Mutation	muse;mutect2;varscan2;mutect2;pindel;varscan2								0.03125	FALSE
KCNT2	ENSG00000162687.19	3	3	0	0	0	379	Missense_Mutation	muse;mutect2;varscan2;muse;varscan2								0.03125	FALSE
KDM1A	ENSG00000004487.17	3	3	1	1	0	791	Frame_Shift_Ins;Missense_Mutation	muse;mutect2;muse;mutect2;varscan2;mutect2;pindel;varscan2								0.03125	FALSE
KIAA0319	ENSG00000137261.14	3	3	0	0	0	756	Missense_Mutation	muse;mutect2;varscan2								0.03125	FALSE
KIAA1549	ENSG00000122778.10	3	3	1	1	0	1949	Missense_Mutation;Nonsense_Mutation	muse;mutect2;muse;mutect2;varscan2								0.03125	FALSE
KIDINS220	ENSG00000134313.16	3	3	1	1	0	764	Missense_Mutation;Nonsense_Mutation	muse;mutect2;muse;mutect2;varscan2								0.03125	FALSE
KIF13B	ENSG00000197892.13	3	3	1	1	0	1172	Missense_Mutation;Nonsense_Mutation	muse;mutect2;varscan2								0.03125	FALSE
KIF1A	ENSG00000130294.17	3	3	0	0	0	1162	Missense_Mutation	muse;mutect2;varscan2								0.03125	FALSE
KIR3DL2	ENSG00000240403.5	3	3	0	0	0	443	Missense_Mutation	muse;mutect2;varscan2								0.03125	FALSE
KMT2B	ENSG00000272333.7	3	3	1	1	0	1002	Frame_Shift_Del;Missense_Mutation	muse;mutect2;muse;mutect2;varscan2;mutect2;pindel;varscan2								0.03125	FALSE
KMT5B	ENSG00000110066.15	3	3	0	0	0	432	Missense_Mutation	muse;mutect2;muse;mutect2;varscan2;muse;varscan2								0.03125	FALSE
KMT5C	ENSG00000133247.14	3	3	2	2	0	463	Missense_Mutation;Nonstop_Mutation;Translation_Start_Site	muse;mutect2;varscan2;muse;varscan2								0.03125	FALSE
KRI1	ENSG00000129347.21	3	3	1	1	0	546	Frame_Shift_Ins;Missense_Mutation	muse;mutect2;varscan2;mutect2;pindel;varscan2								0.03125	FALSE
KRT6A	ENSG00000205420.11	3	3	0	0	0	550	Missense_Mutation	muse;mutect2								0.03125	FALSE
KTN1	ENSG00000126777.18	3	3	0	0	0	1285	Missense_Mutation	muse;mutect2;muse;mutect2;varscan2;mutect2;varscan2								0.03125	FALSE
LAMA2	ENSG00000196569.13	3	3	2	2	0	1909	Missense_Mutation;Splice_Site	muse;mutect2;muse;mutect2;varscan2;mutect2;pindel								0.03125	FALSE
LAMC1	ENSG00000135862.6	3	3	0	0	0	892	Missense_Mutation	muse;mutect2;muse;mutect2;varscan2								0.03125	FALSE
LIG3	ENSG00000005156.12	3	3	1	1	0	552	Frame_Shift_Del;Missense_Mutation	muse;mutect2;varscan2;mutect2;pindel;varscan2								0.03125	FALSE
LRP2	ENSG00000081479.15	3	3	0	0	0	4627	Missense_Mutation	muse;mutect2;varscan2								0.03125	FALSE
LRP5	ENSG00000162337.12	3	3	1	1	0	612	Frame_Shift_Del;Missense_Mutation	muse;mutect2;varscan2;mutect2;pindel;varscan2								0.03125	FALSE
LRP6	ENSG00000070018.9	3	3	1	1	0	1370	Frame_Shift_Del;Missense_Mutation	muse;mutect2;muse;mutect2;varscan2;mutect2;pindel;varscan2								0.03125	FALSE
LRPPRC	ENSG00000138095.19	3	3	0	0	0	1177	Missense_Mutation	muse;mutect2;varscan2								0.03125	FALSE
LRRC32	ENSG00000137507.11	3	3	0	0	0	577	Missense_Mutation	muse;mutect2;varscan2;mutect2;varscan2								0.03125	FALSE
LRRC37A3	ENSG00000176809.10	3	3	0	0	0	1230	Missense_Mutation	muse;mutect2;muse;mutect2;varscan2								0.03125	FALSE
LRRC4B	ENSG00000131409.13	3	3	0	0	0	673	Missense_Mutation	muse;mutect2;varscan2								0.03125	FALSE
LRRC4C	ENSG00000148948.8	3	3	1	1	0	223	Missense_Mutation;Nonsense_Mutation	muse;mutect2;varscan2								0.03125	FALSE
LRRC7	ENSG00000033122.21	3	3	1	1	0	974	Missense_Mutation;Nonsense_Mutation	muse;mutect2;muse;mutect2;varscan2								0.03125	FALSE
LRRIQ1	ENSG00000133640.20	3	3	0	0	0	1514	Missense_Mutation	muse;mutect2;muse;mutect2;varscan2								0.03125	FALSE
LRRK2	ENSG00000188906.16	3	3	0	0	0	2300	Missense_Mutation	muse;mutect2;varscan2;muse;varscan2								0.03125	FALSE
LYST	ENSG00000143669.14	3	3	0	0	0	3504	Missense_Mutation	muse;mutect2;muse;mutect2;varscan2								0.03125	FALSE
MAGEB6	ENSG00000176746.6	3	3	0	0	0	401	Missense_Mutation	muse;mutect2;varscan2								0.03125	FALSE
MAGI2	ENSG00000187391.22	3	3	0	0	0	1022	Missense_Mutation	muse;mutect2;varscan2								0.03125	FALSE
MAP1A	ENSG00000166963.13	3	3	0	0	0	1944	Missense_Mutation	muse;varscan2;mutect2;varscan2								0.03125	FALSE
MAP1B	ENSG00000131711.15	3	3	0	0	0	2131	Missense_Mutation	muse;mutect2;varscan2								0.03125	FALSE
MAP3K1	ENSG00000095015.6	3	3	1	1	0	1295	Frame_Shift_Del;Missense_Mutation	muse;mutect2;varscan2;mutect2;pindel;varscan2								0.03125	FALSE
MARF1	ENSG00000166783.22	3	3	1	1	0	1649	Missense_Mutation;Nonsense_Mutation	muse;mutect2;varscan2								0.03125	FALSE
MBD5	ENSG00000204406.14	3	3	0	0	0	990	Missense_Mutation	muse;mutect2;varscan2								0.03125	FALSE
MDN1	ENSG00000112159.12	3	3	1	1	0	4334	Frame_Shift_Del;Missense_Mutation	muse;mutect2;varscan2;mutect2;pindel;varscan2								0.03125	FALSE
MECOM	ENSG00000085276.19	3	3	1	1	0	823	Frame_Shift_Del;Missense_Mutation	muse;mutect2;varscan2;mutect2;pindel;varscan2								0.03125	FALSE
MED1	ENSG00000125686.12	3	3	1	1	0	1475	Missense_Mutation;Nonsense_Mutation	muse;mutect2;varscan2								0.03125	FALSE
MEGF6	ENSG00000162591.16	3	3	1	1	0	701	Missense_Mutation;Nonsense_Mutation	muse;mutect2;muse;mutect2;varscan2								0.03125	FALSE
MEGF8	ENSG00000105429.13	3	3	0	0	0	2613	Missense_Mutation	muse;mutect2;muse;mutect2;varscan2								0.03125	FALSE
MIA2	ENSG00000150527.17	3	3	0	0	0	352	Missense_Mutation	muse;mutect2;varscan2;muse;varscan2								0.03125	FALSE
MKI67	ENSG00000148773.14	3	3	0	0	0	2623	Missense_Mutation	muse;mutect2;varscan2								0.03125	FALSE
MOV10	ENSG00000155363.18	3	3	0	0	0	719	Missense_Mutation	muse;mutect2;varscan2								0.03125	FALSE
MPZL1	ENSG00000197965.12	3	3	1	1	0	150	Missense_Mutation;Splice_Site	muse;mutect2;muse;mutect2;varscan2;mutect2;pindel								0.03125	FALSE
MTOR	ENSG00000198793.13	3	3	0	0	0	2032	Missense_Mutation	muse;mutect2;varscan2								0.03125	FALSE
MUC4	ENSG00000145113.22	3	3	0	0	0	4268	Missense_Mutation	muse;mutect2;varscan2								0.03125	FALSE
MYH14	ENSG00000105357.19	3	3	0	0	0	1322	Missense_Mutation	muse;mutect2;muse;mutect2;varscan2								0.03125	FALSE
MYH7	ENSG00000092054.13	3	3	0	0	0	1480	Missense_Mutation	muse;mutect2;varscan2								0.03125	FALSE
MYO16	ENSG00000041515.16	3	3	1	1	0	945	Frame_Shift_Ins;Missense_Mutation	muse;mutect2;varscan2;mutect2;pindel;varscan2								0.03125	FALSE
MYO18B	ENSG00000133454.16	3	3	0	0	0	1180	Missense_Mutation	muse;mutect2;varscan2								0.03125	FALSE
MYO6	ENSG00000196586.16	3	3	1	1	0	797	Missense_Mutation;Splice_Site	muse;mutect2;muse;mutect2;varscan2								0.03125	FALSE
MYO7B	ENSG00000169994.18	3	3	1	1	0	1822	Missense_Mutation;Nonsense_Mutation	muse;mutect2;varscan2								0.03125	FALSE
NCAM2	ENSG00000154654.15	3	3	0	0	0	383	Missense_Mutation	muse;mutect2;muse;mutect2;varscan2								0.03125	FALSE
NCOR1	ENSG00000141027.21	3	3	0	0	0	2209	Missense_Mutation	muse;mutect2;varscan2								0.03125	FALSE
NEB	ENSG00000183091.19	3	3	0	0	0	6470	Missense_Mutation	muse;mutect2;muse;mutect2;varscan2								0.03125	FALSE
NFATC2	ENSG00000101096.20	3	3	1	1	0	808	Frame_Shift_Ins;Missense_Mutation	muse;mutect2;varscan2;mutect2;pindel;varscan2								0.03125	FALSE
NOLC1	ENSG00000166197.17	3	3	2	2	0	461	Frame_Shift_Del;Missense_Mutation;Translation_Start_Site	muse;mutect2;varscan2;mutect2;varscan2								0.03125	FALSE
NPAP1	ENSG00000185823.5	3	3	0	0	0	1023	Missense_Mutation	muse;mutect2;varscan2								0.03125	FALSE
NRDE2	ENSG00000119720.18	3	3	0	0	0	680	Missense_Mutation	muse;mutect2;muse;mutect2;varscan2								0.03125	FALSE
NUTM1	ENSG00000184507.16	3	3	0	0	0	934	Missense_Mutation	muse;mutect2;varscan2								0.03125	FALSE
NYAP2	ENSG00000144460.12	3	3	0	0	0	536	Missense_Mutation	muse;mutect2;muse;mutect2;varscan2								0.03125	FALSE
OMA1	ENSG00000162600.12	3	3	1	1	0	381	Missense_Mutation;Nonsense_Mutation	muse;mutect2;varscan2								0.03125	FALSE
OR2T33	ENSG00000177212.4	3	3	1	1	0	265	Missense_Mutation;Nonsense_Mutation	muse;mutect2;muse;mutect2;varscan2								0.03125	FALSE
OR5H1	ENSG00000231192.2	3	3	1	1	0	94	Missense_Mutation;Translation_Start_Site	muse;mutect2;muse;mutect2;varscan2								0.03125	FALSE
OSBPL6	ENSG00000079156.17	3	3	0	0	0	586	Missense_Mutation	muse;mutect2;muse;mutect2;varscan2								0.03125	FALSE
PALM2AKAP2	ENSG00000157654.19	3	3	0	0	0	217	Missense_Mutation	muse;mutect2;varscan2								0.03125	FALSE
PCDH10	ENSG00000138650.9	3	3	0	0	0	842	Missense_Mutation	muse;mutect2;varscan2								0.03125	FALSE
PCDHB7	ENSG00000113212.7	3	3	0	0	0	747	Missense_Mutation	muse;mutect2;varscan2								0.03125	FALSE
PCDHGA3	ENSG00000254245.3	3	3	0	0	0	659	Missense_Mutation	muse;mutect2;muse;mutect2;varscan2								0.03125	FALSE
PCDHGC5	ENSG00000240764.4	3	3	0	0	0	650	Missense_Mutation	muse;mutect2;varscan2;muse;varscan2								0.03125	FALSE
PCNX1	ENSG00000100731.16	3	3	0	0	0	1285	Missense_Mutation	muse;mutect2;varscan2;muse;varscan2								0.03125	FALSE
PCSK5	ENSG00000099139.14	3	3	0	0	0	1783	Missense_Mutation	muse;mutect2;muse;mutect2;varscan2								0.03125	FALSE
PDCD6IP	ENSG00000170248.15	3	3	1	1	0	788	Missense_Mutation;Nonsense_Mutation	muse;mutect2;varscan2								0.03125	FALSE
PDE3A	ENSG00000172572.7	3	3	1	1	0	1061	Missense_Mutation;Splice_Site	muse;mutect2;varscan2								0.03125	FALSE
PDPR	ENSG00000090857.14	3	3	0	0	0	726	Missense_Mutation	muse;mutect2;muse;mutect2;varscan2								0.03125	FALSE
PDS5A	ENSG00000121892.15	3	3	2	2	0	609	Missense_Mutation;Nonsense_Mutation	muse;mutect2;varscan2								0.03125	FALSE
PHIP	ENSG00000146247.14	3	3	1	1	0	1230	Missense_Mutation;Nonsense_Mutation	muse;mutect2;varscan2								0.03125	FALSE
PI4KA	ENSG00000241973.11	3	3	0	0	0	789	Missense_Mutation	muse;mutect2;varscan2								0.03125	FALSE
PIGN	ENSG00000197563.11	3	3	0	0	0	847	Missense_Mutation	muse;mutect2;varscan2								0.03125	FALSE
PIKFYVE	ENSG00000115020.17	3	3	1	1	0	1427	Frame_Shift_Del;Missense_Mutation	muse;mutect2;varscan2;mutect2;pindel;varscan2								0.03125	FALSE
PJVK	ENSG00000204311.15	3	3	1	1	0	223	Missense_Mutation;Splice_Site	muse;mutect2;varscan2								0.03125	FALSE
PKP1	ENSG00000081277.13	3	3	1	1	0	688	Frame_Shift_Del;Missense_Mutation	muse;mutect2;varscan2;mutect2;pindel;varscan2								0.03125	FALSE
PLCG1	ENSG00000124181.14	3	3	1	1	0	966	Frame_Shift_Ins;Missense_Mutation	muse;mutect2;muse;varscan2;mutect2;pindel;varscan2								0.03125	FALSE
PLEKHM2	ENSG00000116786.13	3	3	0	0	0	974	Missense_Mutation	muse;mutect2;muse;mutect2;varscan2								0.03125	FALSE
PLSCR1	ENSG00000188313.13	3	3	0	0	0	205	In_Frame_Del;Missense_Mutation	muse;mutect2;varscan2;mutect2;pindel;pindel;varscan2								0.03125	FALSE
PLXNB2	ENSG00000196576.15	3	3	3	3	0	1739	Frame_Shift_Del	mutect2;pindel;varscan2								0.03125	FALSE
PML	ENSG00000140464.20	3	3	0	0	0	673	Missense_Mutation	muse;mutect2;varscan2;muse;varscan2								0.03125	FALSE
PODN	ENSG00000174348.14	3	3	0	0	0	486	Missense_Mutation	muse;mutect2;muse;mutect2;varscan2								0.03125	FALSE
POLR1C	ENSG00000171453.20	3	3	1	1	0	198	Frame_Shift_Del;In_Frame_Del;Missense_Mutation	muse;mutect2;varscan2;mutect2;pindel;varscan2;pindel;varscan2								0.03125	FALSE
PPL	ENSG00000118898.16	3	3	0	0	0	830	Missense_Mutation	muse;mutect2;muse;mutect2;varscan2								0.03125	FALSE
PRAG1	ENSG00000275342.5	3	3	1	1	0	1013	Missense_Mutation;Nonsense_Mutation	muse;mutect2;varscan2								0.03125	FALSE
PRDM9	ENSG00000164256.11	3	3	0	0	0	810	Missense_Mutation	muse;mutect2;varscan2								0.03125	FALSE
PREPL	ENSG00000138078.16	3	3	0	0	0	435	Missense_Mutation	muse;mutect2;varscan2								0.03125	FALSE
PREX1	ENSG00000124126.14	3	3	0	0	0	1490	Missense_Mutation	muse;mutect2;muse;mutect2;varscan2								0.03125	FALSE
PRPF8	ENSG00000174231.17	3	3	0	0	0	2198	Missense_Mutation	muse;mutect2;varscan2								0.03125	FALSE
PRRC1	ENSG00000164244.21	3	3	0	0	0	423	Missense_Mutation	muse;mutect2;varscan2								0.03125	FALSE
PRRC2B	ENSG00000130723.21	3	3	1	1	0	2008	Frame_Shift_Del;Missense_Mutation	muse;mutect2;varscan2;mutect2;varscan2								0.03125	FALSE
PRTN3	ENSG00000196415.10	3	3	1	1	0	244	Frame_Shift_Del;Missense_Mutation	muse;mutect2;muse;mutect2;varscan2;mutect2;pindel;varscan2								0.03125	FALSE
PSMC4	ENSG00000013275.8	3	3	0	0	0	174	Missense_Mutation	muse;mutect2;varscan2								0.03125	FALSE
PTPN21	ENSG00000070778.13	3	3	0	0	0	953	Missense_Mutation	muse;mutect2;varscan2								0.03125	FALSE
PTPRM	ENSG00000173482.17	3	3	1	1	0	1174	Missense_Mutation;Splice_Site	muse;mutect2;muse;mutect2;varscan2								0.03125	FALSE
PTPRT	ENSG00000196090.12	3	3	0	0	0	459	Missense_Mutation	muse;mutect2;varscan2								0.03125	FALSE
PXDNL	ENSG00000147485.13	3	3	0	0	0	858	Missense_Mutation	muse;mutect2;varscan2								0.03125	FALSE
RAB3GAP2	ENSG00000118873.16	3	3	1	1	0	1188	Frame_Shift_Del;In_Frame_Del;Missense_Mutation	muse;mutect2;varscan2;mutect2;pindel;mutect2;pindel;varscan2								0.03125	FALSE
RBPJL	ENSG00000124232.11	3	3	0	0	0	480	Missense_Mutation	muse;mutect2;varscan2								0.03125	FALSE
RFX7	ENSG00000181827.15	3	3	1	1	0	194	Frame_Shift_Ins;Missense_Mutation	muse;mutect2;muse;mutect2;varscan2;mutect2;pindel;varscan2								0.03125	FALSE
RIMS2	ENSG00000176406.23	3	3	0	0	0	1431	Missense_Mutation	muse;mutect2;muse;mutect2;varscan2								0.03125	FALSE
RINT1	ENSG00000135249.8	3	3	0	0	0	710	Missense_Mutation	muse;mutect2;varscan2								0.03125	FALSE
RLF	ENSG00000117000.9	3	3	1	1	0	1690	Missense_Mutation;Nonsense_Mutation	muse;mutect2;muse;mutect2;varscan2								0.03125	FALSE
RNF213	ENSG00000173821.19	3	3	0	0	0	4966	Missense_Mutation	muse;mutect2;varscan2								0.03125	FALSE
ROCK2	ENSG00000134318.14	3	3	0	0	0	1305	Missense_Mutation	muse;mutect2;varscan2								0.03125	FALSE
RPE65	ENSG00000116745.7	3	3	1	1	0	356	Frame_Shift_Ins;Missense_Mutation	muse;mutect2;muse;mutect2;varscan2;mutect2;varscan2								0.03125	FALSE
SALL1	ENSG00000103449.12	3	3	0	0	0	723	Missense_Mutation	muse;mutect2;varscan2								0.03125	FALSE
SAMD9L	ENSG00000177409.12	3	3	1	1	0	1320	Missense_Mutation;Translation_Start_Site	muse;mutect2;varscan2								0.03125	FALSE
SAP130	ENSG00000136715.19	3	3	1	1	0	1049	Missense_Mutation;Nonstop_Mutation	muse;mutect2;muse;mutect2;varscan2								0.03125	FALSE
SCN2A	ENSG00000136531.18	3	3	0	0	0	1623	Missense_Mutation	muse;mutect2;varscan2								0.03125	FALSE
SEC24B	ENSG00000138802.11	3	3	0	0	0	558	Missense_Mutation	muse;mutect2;varscan2								0.03125	FALSE
SEMA5A	ENSG00000112902.12	3	3	1	1	0	1071	Missense_Mutation;Nonsense_Mutation	muse;mutect2;varscan2								0.03125	FALSE
SENP6	ENSG00000112701.18	3	3	0	0	0	752	In_Frame_Del;Missense_Mutation	muse;mutect2;varscan2;mutect2;pindel;varscan2								0.03125	FALSE
SEPTIN4	ENSG00000108387.15	3	3	0	0	0	379	Missense_Mutation	muse;mutect2;muse;mutect2;varscan2								0.03125	FALSE
SETBP1	ENSG00000152217.20	3	3	0	0	0	1456	Missense_Mutation	muse;mutect2;muse;mutect2;varscan2								0.03125	FALSE
SIM1	ENSG00000112246.10	3	3	1	1	0	745	Missense_Mutation;Splice_Site	muse;mutect2;varscan2								0.03125	FALSE
SIPA1L2	ENSG00000116991.11	3	3	0	0	0	1264	Missense_Mutation	muse;mutect2;varscan2								0.03125	FALSE
SLC12A1	ENSG00000074803.20	3	3	0	0	0	1095	Missense_Mutation	muse;mutect2;varscan2								0.03125	FALSE
SLC13A4	ENSG00000164707.15	3	3	0	0	0	624	Missense_Mutation	muse;mutect2;varscan2								0.03125	FALSE
SLC16A4	ENSG00000168679.18	3	3	1	1	0	310	Missense_Mutation;Translation_Start_Site	muse;mutect2;muse;mutect2;varscan2								0.03125	FALSE
SLC17A6	ENSG00000091664.9	3	3	0	0	0	516	Missense_Mutation	muse;mutect2;muse;mutect2;varscan2								0.03125	FALSE
SLC4A1AP	ENSG00000163798.13	3	3	0	0	0	785	Missense_Mutation;Splice_Region	muse;mutect2;varscan2;mutect2;varscan2								0.03125	FALSE
SLC7A9	ENSG00000021488.13	3	3	0	0	0	396	Missense_Mutation	muse;mutect2;muse;mutect2;varscan2								0.03125	FALSE
SLCO1A2	ENSG00000084453.16	3	3	0	0	0	434	Missense_Mutation	muse;mutect2;varscan2								0.03125	FALSE
SLCO1B3	ENSG00000111700.13	3	3	0	0	0	645	Missense_Mutation	muse;mutect2;muse;mutect2;varscan2								0.03125	FALSE
SLX4	ENSG00000188827.11	3	3	0	0	0	476	Missense_Mutation	muse;mutect2;muse;mutect2;varscan2								0.03125	FALSE
SMC2	ENSG00000136824.19	3	3	1	1	0	1144	Frame_Shift_Ins;Missense_Mutation	muse;mutect2;varscan2;mutect2;pindel;varscan2								0.03125	FALSE
SMG1	ENSG00000157106.17	3	3	0	0	0	3570	Missense_Mutation	muse;mutect2;muse;mutect2;varscan2								0.03125	FALSE
SOCS5	ENSG00000171150.9	3	3	0	0	0	433	Missense_Mutation	muse;mutect2;varscan2								0.03125	FALSE
SON	ENSG00000159140.21	3	3	0	0	0	1728	Missense_Mutation	muse;mutect2;varscan2								0.03125	FALSE
SORCS1	ENSG00000108018.15	3	3	0	0	0	539	Missense_Mutation	muse;mutect2;varscan2								0.03125	FALSE
SPAG17	ENSG00000155761.14	3	3	2	2	0	2065	Frame_Shift_Del;Frame_Shift_Ins;Missense_Mutation	muse;mutect2;varscan2;mutect2;pindel;varscan2;pindel;varscan2								0.03125	FALSE
SPECC1L	ENSG00000100014.20	3	3	1	1	0	1041	Missense_Mutation;Nonsense_Mutation	muse;mutect2;varscan2								0.03125	FALSE
SPTBN2	ENSG00000173898.14	3	3	1	1	0	2158	Frame_Shift_Del;Missense_Mutation	muse;mutect2;varscan2;mutect2;pindel;varscan2								0.03125	FALSE
SPTBN4	ENSG00000160460.16	3	3	0	0	0	1269	Missense_Mutation	muse;mutect2;varscan2;mutect2;varscan2								0.03125	FALSE
SRCAP	ENSG00000080603.17	3	3	1	1	0	2653	Missense_Mutation;Nonsense_Mutation	muse;mutect2;muse;mutect2;varscan2								0.03125	FALSE
SRPK1	ENSG00000096063.16	3	3	2	2	0	549	Frame_Shift_Del;Frame_Shift_Ins;Missense_Mutation	muse;varscan2;mutect2;pindel;varscan2								0.03125	FALSE
SUPT20HL1	ENSG00000223731.3	3	3	0	0	0	867	Missense_Mutation	muse;mutect2;varscan2								0.03125	FALSE
SUPT6H	ENSG00000109111.15	3	3	0	0	0	1224	Missense_Mutation	muse;mutect2;muse;mutect2;varscan2								0.03125	FALSE
SYCP2	ENSG00000196074.13	3	3	0	0	0	1403	Missense_Mutation	muse;mutect2;varscan2								0.03125	FALSE
SYNE3	ENSG00000176438.12	3	3	0	0	0	788	Missense_Mutation	muse;mutect2;varscan2								0.03125	FALSE
SZT2	ENSG00000198198.17	3	3	0	0	0	2568	Missense_Mutation	muse;mutect2;muse;mutect2;varscan2								0.03125	FALSE
TAF1	ENSG00000147133.16	3	3	0	0	0	1161	Missense_Mutation	muse;mutect2;varscan2								0.03125	FALSE
TANGO6	ENSG00000103047.8	3	3	0	0	0	946	Missense_Mutation	muse;mutect2;muse;mutect2;varscan2								0.03125	FALSE
TARS1	ENSG00000113407.14	3	3	0	0	0	703	Missense_Mutation	muse;mutect2;muse;mutect2;varscan2								0.03125	FALSE
TCF20	ENSG00000100207.20	3	3	0	0	0	1244	Missense_Mutation	muse;mutect2;muse;mutect2;varscan2								0.03125	FALSE
TDRD1	ENSG00000095627.9	3	3	1	1	0	1078	Frame_Shift_Del;Missense_Mutation	muse;mutect2;varscan2;mutect2;pindel;varscan2								0.03125	FALSE
TDRD6	ENSG00000180113.16	3	3	0	0	0	800	Missense_Mutation	muse;mutect2;varscan2								0.03125	FALSE
TENM4	ENSG00000149256.16	3	3	0	0	0	2662	Missense_Mutation	muse;mutect2;varscan2								0.03125	FALSE
TEX11	ENSG00000120498.14	3	3	0	0	0	484	Missense_Mutation	muse;mutect2;varscan2								0.03125	FALSE
TFAP2A	ENSG00000137203.15	3	3	2	2	0	310	Frame_Shift_Del;Missense_Mutation;Nonsense_Mutation	muse;mutect2;varscan2;mutect2;pindel;varscan2								0.03125	FALSE
THBS2	ENSG00000186340.16	3	3	0	0	0	1036	Missense_Mutation	muse;mutect2;varscan2								0.03125	FALSE
THSD4	ENSG00000187720.14	3	3	1	1	0	960	Frame_Shift_Del;Missense_Mutation	muse;mutect2;varscan2;mutect2;pindel;varscan2								0.03125	FALSE
TJP1	ENSG00000104067.17	3	3	1	1	0	1595	Frame_Shift_Del;Missense_Mutation	muse;mutect2;varscan2;mutect2;pindel;varscan2								0.03125	FALSE
TLE2	ENSG00000065717.15	3	3	1	1	0	587	Frame_Shift_Del;Missense_Mutation	muse;mutect2;varscan2;mutect2;pindel;varscan2								0.03125	FALSE
TLN1	ENSG00000137076.21	3	3	0	0	0	2241	Missense_Mutation	muse;mutect2;varscan2								0.03125	FALSE
TMEM182	ENSG00000170417.16	3	3	0	0	0	157	Missense_Mutation	muse;mutect2;varscan2								0.03125	FALSE
TNR	ENSG00000116147.17	3	3	2	2	0	1265	Frame_Shift_Del;Missense_Mutation;Splice_Site	muse;mutect2;varscan2;mutect2;pindel;varscan2								0.03125	FALSE
TRERF1	ENSG00000124496.12	3	3	0	0	0	786	Missense_Mutation	muse;mutect2;muse;mutect2;varscan2								0.03125	FALSE
TRHDE	ENSG00000072657.9	3	3	1	1	0	633	Missense_Mutation;Nonsense_Mutation	muse;mutect2;muse;mutect2;varscan2								0.03125	FALSE
TRIL	ENSG00000255690.3	3	3	1	1	0	394	Frame_Shift_Del;Missense_Mutation	muse;mutect2;varscan2;mutect2;pindel;varscan2								0.03125	FALSE
TRIM49	ENSG00000168930.13	3	3	1	1	0	300	In_Frame_Del;Missense_Mutation;Splice_Site	muse;mutect2;varscan2;muse;varscan2;pindel;varscan2								0.03125	FALSE
TTC21B	ENSG00000123607.15	3	3	1	1	0	931	Missense_Mutation;Nonsense_Mutation	muse;mutect2;varscan2								0.03125	FALSE
TUBA3D	ENSG00000075886.11	3	3	0	0	0	243	Missense_Mutation	muse;mutect2;varscan2								0.03125	FALSE
TUT4	ENSG00000134744.14	3	3	0	0	0	1461	Missense_Mutation	muse;mutect2;muse;mutect2;varscan2								0.03125	FALSE
UBQLN2	ENSG00000188021.9	3	3	1	1	0	530	Frame_Shift_Del;Missense_Mutation	muse;mutect2;varscan2;mutect2;varscan2								0.03125	FALSE
UBR4	ENSG00000127481.15	3	3	0	0	0	3652	Missense_Mutation	muse;mutect2;varscan2;mutect2;varscan2								0.03125	FALSE
UGGT1	ENSG00000136731.13	3	3	0	0	0	775	Missense_Mutation	muse;mutect2;varscan2								0.03125	FALSE
UNC5C	ENSG00000182168.15	3	3	0	0	0	699	Missense_Mutation	muse;mutect2;muse;mutect2;varscan2;mutect2;varscan2								0.03125	FALSE
USH2A	ENSG00000042781.14	3	3	0	0	0	3930	Missense_Mutation	muse;mutect2;muse;mutect2;varscan2								0.03125	FALSE
UVSSA	ENSG00000163945.19	3	3	0	0	0	457	Missense_Mutation	muse;mutect2;muse;mutect2;varscan2								0.03125	FALSE
VANGL2	ENSG00000162738.6	3	3	0	0	0	304	Missense_Mutation	muse;mutect2;varscan2								0.03125	FALSE
VCL	ENSG00000035403.18	3	3	1	1	0	681	Missense_Mutation;Nonsense_Mutation	muse;mutect2;varscan2								0.03125	FALSE
VPS13C	ENSG00000129003.19	3	3	0	0	0	2806	Missense_Mutation	muse;mutect2;varscan2								0.03125	FALSE
VPS13D	ENSG00000048707.15	3	3	1	1	0	3243	Frame_Shift_Del;Missense_Mutation	muse;mutect2;varscan2;mutect2;pindel;varscan2								0.03125	FALSE
VWF	ENSG00000110799.14	3	3	0	0	0	2656	Missense_Mutation	muse;mutect2;muse;mutect2;varscan2								0.03125	FALSE
WASHC5	ENSG00000164961.16	3	3	0	0	0	793	Missense_Mutation	muse;mutect2;muse;mutect2;varscan2								0.03125	FALSE
WRN	ENSG00000165392.11	3	3	0	0	0	1264	Missense_Mutation	muse;mutect2;varscan2								0.03125	FALSE
XPO6	ENSG00000169180.12	3	3	0	0	0	626	Missense_Mutation	muse;mutect2;varscan2								0.03125	FALSE
XRRA1	ENSG00000166435.15	3	3	0	0	0	470	Missense_Mutation	muse;mutect2;varscan2								0.03125	FALSE
YAP1	ENSG00000137693.14	3	3	0	0	0	472	Missense_Mutation	muse;mutect2;varscan2								0.03125	FALSE
YARS2	ENSG00000139131.13	3	3	0	0	0	232	Missense_Mutation	muse;mutect2;muse;mutect2;varscan2								0.03125	FALSE
ZC3H12B	ENSG00000102053.12	3	3	0	0	0	552	Missense_Mutation	muse;mutect2;varscan2								0.03125	FALSE
ZFC3H1	ENSG00000133858.17	3	3	1	1	0	1369	Frame_Shift_Ins;Missense_Mutation	muse;mutect2;varscan2;mutect2;pindel;varscan2								0.03125	FALSE
ZFPM2	ENSG00000169946.14	3	3	0	0	0	350	Missense_Mutation	muse;mutect2;muse;mutect2;varscan2;muse;varscan2								0.03125	FALSE
ZMYM1	ENSG00000197056.11	3	3	1	1	0	910	Missense_Mutation;Nonsense_Mutation	muse;mutect2;varscan2								0.03125	FALSE
ZNF107	ENSG00000196247.11	3	3	0	0	0	622	Missense_Mutation	muse;mutect2;varscan2								0.03125	FALSE
ZNF33A	ENSG00000189180.16	3	3	1	1	0	739	Missense_Mutation;Nonsense_Mutation	muse;mutect2;varscan2								0.03125	FALSE
ZNF415	ENSG00000170954.11	3	3	0	0	0	526	Missense_Mutation	muse;mutect2;varscan2								0.03125	FALSE
ZNF420	ENSG00000197050.11	3	3	1	1	0	663	Missense_Mutation;Nonsense_Mutation	muse;mutect2;muse;mutect2;varscan2								0.03125	FALSE
ZNF429	ENSG00000197013.10	3	3	0	0	0	384	Missense_Mutation	muse;mutect2;varscan2								0.03125	FALSE
ZNF521	ENSG00000198795.11	3	3	0	0	0	1010	Missense_Mutation	muse;mutect2;muse;mutect2;varscan2								0.03125	FALSE
ZNF721	ENSG00000182903.16	3	3	0	0	0	818	Missense_Mutation	muse;mutect2;varscan2								0.03125	FALSE
ZNF804A	ENSG00000170396.9	3	3	0	0	0	977	Missense_Mutation	muse;mutect2;varscan2								0.03125	FALSE
ZSCAN5B	ENSG00000197213.10	3	3	0	0	0	484	Missense_Mutation	muse;mutect2;muse;mutect2;varscan2								0.03125	FALSE
CASP8AP2	ENSG00000118412.13	4	2	0	0	0	1846	Missense_Mutation	muse;mutect2;varscan2								0.0208333333333333	FALSE
NCKAP5	ENSG00000176771.17	4	2	0	0	0	1778	Missense_Mutation	muse;mutect2;muse;mutect2;varscan2								0.0208333333333333	FALSE
PCDHA13	ENSG00000239389.8	4	2	0	0	0	533	Missense_Mutation	muse;mutect2;varscan2;muse;varscan2								0.0208333333333333	FALSE
AKAP1	ENSG00000121057.13	3	2	0	0	0	788	Missense_Mutation	muse;mutect2;muse;mutect2;varscan2								0.0208333333333333	FALSE
AMY2B	ENSG00000240038.6	3	2	0	0	0	306	Missense_Mutation	muse;mutect2;varscan2								0.0208333333333333	FALSE
CHRNA1	ENSG00000138435.16	3	2	0	0	0	358	Missense_Mutation	muse;mutect2;varscan2								0.0208333333333333	FALSE
DCAF17	ENSG00000115827.14	3	2	1	1	0	453	Missense_Mutation;Nonsense_Mutation	muse;mutect2;varscan2								0.0208333333333333	FALSE
DENND4B	ENSG00000198837.10	3	2	0	0	0	1120	Missense_Mutation	muse;mutect2;varscan2								0.0208333333333333	FALSE
DGKA	ENSG00000065357.20	3	2	1	1	0	726	Frame_Shift_Del;Missense_Mutation	muse;mutect2;varscan2;muse;varscan2;pindel;varscan2								0.0208333333333333	FALSE
EHD1	ENSG00000110047.18	3	2	0	0	0	326	Missense_Mutation	muse;mutect2;varscan2								0.0208333333333333	FALSE
ELP1	ENSG00000070061.16	3	2	0	0	0	1191	Missense_Mutation;Splice_Region	muse;mutect2;varscan2								0.0208333333333333	FALSE
ERV3-1	ENSG00000213462.5	3	2	0	0	0	310	Missense_Mutation	muse;mutect2;varscan2								0.0208333333333333	FALSE
FCRL3	ENSG00000160856.21	3	2	0	0	0	639	Missense_Mutation	muse;mutect2;varscan2								0.0208333333333333	FALSE
FNDC3B	ENSG00000075420.13	3	2	1	1	0	1140	Frame_Shift_Del;Missense_Mutation	muse;mutect2;varscan2;mutect2;pindel;varscan2								0.0208333333333333	FALSE
GGNBP2	ENSG00000278311.5	3	2	1	1	0	199	Missense_Mutation;Nonsense_Mutation	muse;mutect2;muse;mutect2;varscan2								0.0208333333333333	FALSE
H4C13	ENSG00000275126.2	3	2	0	0	0	66	Missense_Mutation	muse;mutect2;varscan2								0.0208333333333333	FALSE
KCNMA1	ENSG00000156113.24	3	2	1	1	0	769	Frame_Shift_Del;Missense_Mutation	muse;mutect2;varscan2;mutect2;varscan2								0.0208333333333333	FALSE
KIAA1549L	ENSG00000110427.17	3	2	0	0	0	1624	Missense_Mutation	muse;mutect2;varscan2								0.0208333333333333	FALSE
KIF21A	ENSG00000139116.19	3	2	1	1	0	1408	Frame_Shift_Ins;Missense_Mutation	muse;mutect2;varscan2;mutect2;pindel;varscan2								0.0208333333333333	FALSE
LAMA4	ENSG00000112769.20	3	2	0	0	0	1483	Missense_Mutation	muse;mutect2;muse;mutect2;varscan2								0.0208333333333333	FALSE
OLA1	ENSG00000138430.16	3	2	0	0	0	381	Missense_Mutation	muse;mutect2;varscan2								0.0208333333333333	FALSE
RABGAP1L	ENSG00000152061.23	3	2	1	1	0	614	Missense_Mutation;Nonsense_Mutation	muse;mutect2;varscan2								0.0208333333333333	FALSE
REG3G	ENSG00000143954.13	3	2	0	0	0	146	Missense_Mutation	muse;mutect2;muse;mutect2;varscan2								0.0208333333333333	FALSE
RHPN1	ENSG00000158106.14	3	2	1	1	0	626	Missense_Mutation;Nonsense_Mutation	muse;mutect2;varscan2								0.0208333333333333	FALSE
RP1L1	ENSG00000183638.6	3	2	0	0	0	2214	In_Frame_Del;Missense_Mutation	muse;mutect2;varscan2;muse*;mutect2;pindel								0.0208333333333333	FALSE
SALL2	ENSG00000165821.12	3	2	1	1	0	729	Frame_Shift_Del;Missense_Mutation	muse;mutect2;varscan2;mutect2;pindel;varscan2;mutect2;varscan2								0.0208333333333333	FALSE
SATL1	ENSG00000184788.14	3	2	0	0	0	319	Missense_Mutation	muse;mutect2;varscan2								0.0208333333333333	FALSE
SNX13	ENSG00000071189.21	3	2	0	0	0	950	Missense_Mutation	muse;mutect2;muse;mutect2;varscan2								0.0208333333333333	FALSE
ZNF676	ENSG00000196109.9	3	2	1	1	0	521	Missense_Mutation;Nonsense_Mutation	muse;mutect2;varscan2;muse;varscan2								0.0208333333333333	FALSE
ABCA1	ENSG00000165029.17	2	2	0	0	0	1925	Missense_Mutation	muse;mutect2;varscan2;mutect2;varscan2								0.0208333333333333	FALSE
ABCA2	ENSG00000107331.17	2	2	1	1	0	2242	Missense_Mutation;Nonsense_Mutation	muse;mutect2;varscan2								0.0208333333333333	FALSE
ABCA4	ENSG00000198691.13	2	2	2	2	0	1246	Frame_Shift_Del;Nonsense_Mutation	muse;mutect2;varscan2;mutect2;varscan2								0.0208333333333333	FALSE
ABCA6	ENSG00000154262.13	2	2	0	0	0	1407	Missense_Mutation	muse;mutect2;varscan2								0.0208333333333333	FALSE
ABCA9	ENSG00000154258.17	2	2	0	0	0	1159	Missense_Mutation	muse;mutect2;varscan2								0.0208333333333333	FALSE
ABCB1	ENSG00000085563.15	2	2	0	0	0	154	Missense_Mutation	muse;mutect2;varscan2								0.0208333333333333	FALSE
ABCB11	ENSG00000073734.10	2	2	0	0	0	224	Missense_Mutation	muse;mutect2;varscan2;mutect2;varscan2								0.0208333333333333	FALSE
ABCC12	ENSG00000140798.16	2	2	0	0	0	1355	Missense_Mutation	muse;mutect2;varscan2								0.0208333333333333	FALSE
ABCC4	ENSG00000125257.16	2	2	2	2	0	1219	Frame_Shift_Del;Nonsense_Mutation	muse;mutect2;varscan2;mutect2;varscan2								0.0208333333333333	FALSE
ABCC8	ENSG00000006071.15	2	2	1	1	0	1325	Missense_Mutation;Nonsense_Mutation	muse;mutect2;muse;mutect2;varscan2								0.0208333333333333	FALSE
ABCD2	ENSG00000173208.4	2	2	1	1	0	738	Missense_Mutation;Splice_Site	muse;mutect2;varscan2								0.0208333333333333	FALSE
ABCF2	ENSG00000033050.9	2	2	0	0	0	495	Missense_Mutation	muse;mutect2;varscan2;mutect2;varscan2								0.0208333333333333	FALSE
ABCF3	ENSG00000161204.11	2	2	1	1	0	531	Missense_Mutation;Splice_Site	muse;mutect2;varscan2								0.0208333333333333	FALSE
AC098582.1	ENSG00000287542.1	2	2	0	0	0	1005	Missense_Mutation	muse;mutect2;muse;mutect2;varscan2								0.0208333333333333	FALSE
ACAT1	ENSG00000075239.14	2	2	2	2	0	133	Frame_Shift_Del;Frame_Shift_Ins	mutect2;pindel;varscan2								0.0208333333333333	FALSE
ACCSL	ENSG00000205126.2	2	2	0	0	0	516	Missense_Mutation	muse;mutect2;varscan2								0.0208333333333333	FALSE
ACE	ENSG00000159640.17	2	2	1	1	0	736	Missense_Mutation;Nonsense_Mutation	muse;mutect2;muse;mutect2;varscan2								0.0208333333333333	FALSE
ACE2	ENSG00000130234.12	2	2	0	0	0	692	Missense_Mutation	muse;mutect2;varscan2								0.0208333333333333	FALSE
ACTRT1	ENSG00000123165.8	2	2	0	0	0	294	Missense_Mutation	muse;mutect2;varscan2								0.0208333333333333	FALSE
ACVR1B	ENSG00000135503.13	2	2	0	0	0	453	Missense_Mutation	muse;mutect2;varscan2								0.0208333333333333	FALSE
ADAD1	ENSG00000164113.11	2	2	0	0	0	536	Missense_Mutation	muse;mutect2;muse;mutect2;varscan2								0.0208333333333333	FALSE
ADAM12	ENSG00000148848.14	2	2	0	0	0	871	Missense_Mutation	muse;mutect2;varscan2								0.0208333333333333	FALSE
ADAM18	ENSG00000168619.16	2	2	0	0	0	348	Missense_Mutation	muse;mutect2;varscan2								0.0208333333333333	FALSE
ADAM19	ENSG00000135074.16	2	2	0	0	0	886	Missense_Mutation	muse;mutect2;varscan2								0.0208333333333333	FALSE
ADAM20	ENSG00000134007.5	2	2	1	1	0	573	Frame_Shift_Ins;Missense_Mutation	muse;mutect2;varscan2;mutect2;varscan2								0.0208333333333333	FALSE
ADAMTS13	ENSG00000160323.19	2	2	1	1	0	1239	Missense_Mutation;Splice_Site	muse;mutect2;muse;mutect2;varscan2								0.0208333333333333	FALSE
ADAMTS19	ENSG00000145808.10	2	2	0	0	0	1167	Missense_Mutation	muse;mutect2;varscan2								0.0208333333333333	FALSE
ADAMTS20	ENSG00000173157.17	2	2	0	0	0	1638	Missense_Mutation	muse;mutect2;varscan2								0.0208333333333333	FALSE
ADAR	ENSG00000160710.17	2	2	0	0	0	801	Missense_Mutation	muse;mutect2;varscan2								0.0208333333333333	FALSE
ADCK2	ENSG00000133597.11	2	2	2	2	0	412	Nonsense_Mutation	muse;mutect2;varscan2								0.0208333333333333	FALSE
ADCY10	ENSG00000143199.18	2	2	0	0	0	1383	Missense_Mutation	muse;mutect2;muse;varscan2								0.0208333333333333	FALSE
ADCY9	ENSG00000162104.10	2	2	0	0	0	1093	Missense_Mutation	muse;mutect2;varscan2								0.0208333333333333	FALSE
ADGRB2	ENSG00000121753.12	2	2	0	0	0	85	Missense_Mutation	muse;mutect2;varscan2								0.0208333333333333	FALSE
ADGRL2	ENSG00000117114.20	2	2	0	0	0	879	Missense_Mutation	muse;mutect2;varscan2								0.0208333333333333	FALSE
ADH7	ENSG00000196344.11	2	2	0	0	0	324	Missense_Mutation	muse;mutect2;varscan2								0.0208333333333333	FALSE
ADRA1A	ENSG00000120907.18	2	2	0	0	0	434	Missense_Mutation	muse;mutect2;varscan2								0.0208333333333333	FALSE
ADSL	ENSG00000239900.13	2	2	0	0	0	309	Missense_Mutation	muse;mutect2;varscan2;muse;varscan2								0.0208333333333333	FALSE
AFF1	ENSG00000172493.22	2	2	0	0	0	493	Missense_Mutation	muse;mutect2;varscan2								0.0208333333333333	FALSE
AGAP1	ENSG00000157985.19	2	2	0	0	0	809	Missense_Mutation	muse;mutect2;varscan2								0.0208333333333333	FALSE
AGAP4	ENSG00000188234.13	2	2	0	0	0	627	Missense_Mutation	muse;mutect2;varscan2;mutect2;varscan2								0.0208333333333333	FALSE
AGL	ENSG00000162688.17	2	2	1	1	0	1304	Frame_Shift_Ins;Missense_Mutation	muse;mutect2;mutect2;varscan2								0.0208333333333333	FALSE
AGPS	ENSG00000018510.17	2	2	0	0	0	362	Missense_Mutation	muse;mutect2;varscan2								0.0208333333333333	FALSE
AGRN	ENSG00000188157.15	2	2	0	0	0	1954	Missense_Mutation	muse;mutect2;varscan2								0.0208333333333333	FALSE
AIMP1	ENSG00000164022.17	2	2	0	0	0	45	Missense_Mutation	muse;mutect2;varscan2								0.0208333333333333	FALSE
AJUBA	ENSG00000129474.16	2	2	2	2	0	311	Frame_Shift_Del;Nonsense_Mutation	muse;varscan2;pindel;varscan2								0.0208333333333333	FALSE
AK5	ENSG00000154027.19	2	2	1	1	0	365	Missense_Mutation;Nonsense_Mutation	muse;mutect2;varscan2								0.0208333333333333	FALSE
AK9	ENSG00000155085.15	2	2	0	0	0	1159	Missense_Mutation	muse;mutect2;varscan2								0.0208333333333333	FALSE
AKR1A1	ENSG00000117448.14	2	2	0	0	0	314	Missense_Mutation	muse;mutect2;varscan2								0.0208333333333333	FALSE
AL592490.1	ENSG00000197991.11	2	2	0	0	0	419	Missense_Mutation	muse;mutect2;varscan2								0.0208333333333333	FALSE
ALDH1L1	ENSG00000144908.14	2	2	0	0	0	836	Missense_Mutation	muse;mutect2;muse;mutect2;varscan2								0.0208333333333333	FALSE
ALDOC	ENSG00000109107.14	2	2	0	0	0	207	Missense_Mutation	muse;mutect2;muse;mutect2;varscan2								0.0208333333333333	FALSE
ALG10	ENSG00000139133.7	2	2	1	1	0	417	Frame_Shift_Ins;Missense_Mutation	muse;mutect2;varscan2;mutect2;pindel;varscan2								0.0208333333333333	FALSE
ALKBH3	ENSG00000166199.13	2	2	1	1	0	12	Missense_Mutation;Nonsense_Mutation	muse;mutect2;varscan2								0.0208333333333333	FALSE
ALMS1	ENSG00000116127.19	2	2	0	0	0	3943	Missense_Mutation	muse;mutect2;varscan2								0.0208333333333333	FALSE
ALOX12	ENSG00000108839.12	2	2	1	1	0	454	Missense_Mutation;Nonsense_Mutation	muse;mutect2;varscan2								0.0208333333333333	FALSE
ALPK2	ENSG00000198796.7	2	2	0	0	0	2101	Missense_Mutation	muse;mutect2;muse;mutect2;varscan2								0.0208333333333333	FALSE
ALPK3	ENSG00000136383.7	2	2	0	0	0	1700	Missense_Mutation	muse;mutect2;varscan2								0.0208333333333333	FALSE
AMOT	ENSG00000126016.16	2	2	0	0	0	803	Missense_Mutation	muse;mutect2;varscan2								0.0208333333333333	FALSE
AMPD2	ENSG00000116337.19	2	2	1	1	0	652	Frame_Shift_Del;Missense_Mutation	muse;mutect2;varscan2;mutect2;pindel;varscan2								0.0208333333333333	FALSE
ANGPT1	ENSG00000154188.10	2	2	1	1	0	384	Missense_Mutation;Nonsense_Mutation	muse;mutect2;varscan2								0.0208333333333333	FALSE
ANKHD1-EIF4EBP3	ENSG00000254996.5	2	2	1	1	0	2452	Missense_Mutation;Nonsense_Mutation	muse;mutect2;varscan2								0.0208333333333333	FALSE
ANKRD11	ENSG00000167522.16	2	2	0	0	0	1324	Missense_Mutation	muse;mutect2;muse;mutect2;varscan2								0.0208333333333333	FALSE
ANKRD23	ENSG00000163126.15	2	2	1	1	0	88	Frame_Shift_Del;Missense_Mutation	muse;mutect2;varscan2;pindel;varscan2								0.0208333333333333	FALSE
ANKRD30A	ENSG00000148513.18	2	2	1	1	0	1090	Missense_Mutation;Splice_Site	muse;mutect2;varscan2								0.0208333333333333	FALSE
ANKS3	ENSG00000168096.15	2	2	0	0	0	455	Missense_Mutation	muse;mutect2;varscan2								0.0208333333333333	FALSE
ANO5	ENSG00000171714.12	2	2	0	0	0	828	Missense_Mutation	muse;mutect2;varscan2								0.0208333333333333	FALSE
ANO6	ENSG00000177119.16	2	2	0	0	0	140	Missense_Mutation	muse;mutect2;varscan2								0.0208333333333333	FALSE
ANXA4	ENSG00000196975.16	2	2	0	0	0	85	Missense_Mutation	muse;mutect2;varscan2;mutect2;varscan2								0.0208333333333333	FALSE
ANXA5	ENSG00000164111.15	2	2	1	1	0	191	Missense_Mutation;Nonsense_Mutation	muse;mutect2;varscan2								0.0208333333333333	FALSE
AOC3	ENSG00000131471.7	2	2	0	0	0	556	Missense_Mutation	muse;mutect2;varscan2								0.0208333333333333	FALSE
AOX1	ENSG00000138356.14	2	2	0	0	0	289	Missense_Mutation	muse;mutect2;varscan2;muse;varscan2								0.0208333333333333	FALSE
AP002512.3	ENSG00000284732.1	2	2	0	0	0	365	Missense_Mutation	muse;mutect2;varscan2								0.0208333333333333	FALSE
AP002748.5	ENSG00000256349.1	2	2	0	0	0	586	Missense_Mutation	muse;mutect2;varscan2								0.0208333333333333	FALSE
AP1M1	ENSG00000072958.9	2	2	0	0	0	393	Missense_Mutation	muse;mutect2;varscan2								0.0208333333333333	FALSE
AP2B1	ENSG00000006125.18	2	2	0	0	0	883	Missense_Mutation	muse;mutect2;muse;mutect2;varscan2								0.0208333333333333	FALSE
APAF1	ENSG00000120868.14	2	2	0	0	0	1242	Missense_Mutation	muse;mutect2;varscan2								0.0208333333333333	FALSE
APC2	ENSG00000115266.12	2	2	0	0	0	369	Missense_Mutation	muse;mutect2;muse;mutect2;varscan2								0.0208333333333333	FALSE
APLP1	ENSG00000105290.13	2	2	0	0	0	628	Missense_Mutation	muse;mutect2;muse;mutect2;varscan2								0.0208333333333333	FALSE
APPBP2	ENSG00000062725.10	2	2	1	1	0	586	Missense_Mutation;Nonstop_Mutation	muse;mutect2;muse;mutect2;varscan2								0.0208333333333333	FALSE
ARC	ENSG00000198576.4	2	2	0	0	0	293	Missense_Mutation	muse;mutect2;varscan2								0.0208333333333333	FALSE
ARFGEF2	ENSG00000124198.9	2	2	0	0	0	516	Missense_Mutation	muse;mutect2;varscan2;muse;varscan2								0.0208333333333333	FALSE
ARFGEF3	ENSG00000112379.9	2	2	0	0	0	1698	Missense_Mutation	muse;mutect2;muse;mutect2;varscan2								0.0208333333333333	FALSE
ARHGAP35	ENSG00000160007.19	2	2	1	1	0	1409	Missense_Mutation;Nonsense_Mutation	muse;mutect2;varscan2								0.0208333333333333	FALSE
ARHGAP36	ENSG00000147256.12	2	2	0	0	0	534	Missense_Mutation	muse;mutect2;varscan2;muse;varscan2								0.0208333333333333	FALSE
ARHGEF15	ENSG00000198844.12	2	2	0	0	0	655	Missense_Mutation	muse;mutect2;varscan2								0.0208333333333333	FALSE
ARHGEF18	ENSG00000104880.18	2	2	1	1	0	501	Frame_Shift_Del;Missense_Mutation	muse;mutect2;mutect2;pindel;varscan2								0.0208333333333333	FALSE
ARHGEF26	ENSG00000114790.13	2	2	0	0	0	632	Missense_Mutation	muse;mutect2;muse;mutect2;varscan2								0.0208333333333333	FALSE
ARHGEF9	ENSG00000131089.17	2	2	0	0	0	408	Missense_Mutation	muse;mutect2								0.0208333333333333	FALSE
ARMH4	ENSG00000139971.15	2	2	0	0	0	768	Missense_Mutation	muse;mutect2;varscan2								0.0208333333333333	FALSE
ARRB1	ENSG00000137486.17	2	2	1	1	0	267	Missense_Mutation;Nonsense_Mutation	muse;mutect2;varscan2								0.0208333333333333	FALSE
ARVCF	ENSG00000099889.14	2	2	0	0	0	958	Missense_Mutation	muse;mutect2;varscan2								0.0208333333333333	FALSE
ASB12	ENSG00000198881.10	2	2	0	0	0	291	Missense_Mutation	muse;mutect2;varscan2;muse;varscan2								0.0208333333333333	FALSE
ASNS	ENSG00000070669.17	2	2	0	0	0	509	Missense_Mutation	muse;mutect2;varscan2								0.0208333333333333	FALSE
ASTN2	ENSG00000148219.17	2	2	0	0	0	1269	Missense_Mutation	muse;mutect2;varscan2								0.0208333333333333	FALSE
ATG5	ENSG00000057663.16	2	2	0	0	0	217	Missense_Mutation	muse;mutect2;varscan2								0.0208333333333333	FALSE
ATP10A	ENSG00000206190.12	2	2	0	0	0	1139	Missense_Mutation	muse;mutect2;muse;mutect2;varscan2								0.0208333333333333	FALSE
ATP11B	ENSG00000058063.16	2	2	1	1	0	570	Frame_Shift_Ins;Missense_Mutation	muse;mutect2;mutect2;pindel;varscan2								0.0208333333333333	FALSE
ATP13A1	ENSG00000105726.17	2	2	0	0	0	871	Missense_Mutation;Splice_Region	muse;mutect2;varscan2								0.0208333333333333	FALSE
ATP13A3	ENSG00000133657.16	2	2	0	0	0	1068	Missense_Mutation	muse;mutect2;varscan2								0.0208333333333333	FALSE
ATP2B1	ENSG00000070961.16	2	2	0	0	0	845	Missense_Mutation	muse;mutect2;muse;mutect2;varscan2								0.0208333333333333	FALSE
ATP2B2	ENSG00000157087.20	2	2	0	0	0	707	Missense_Mutation	muse;mutect2;varscan2								0.0208333333333333	FALSE
ATP8B3	ENSG00000130270.16	2	2	0	0	0	1078	Missense_Mutation	muse;mutect2;varscan2								0.0208333333333333	FALSE
ATP8B4	ENSG00000104043.15	2	2	0	0	0	1107	Missense_Mutation	muse;mutect2;muse;mutect2;varscan2								0.0208333333333333	FALSE
ATP9A	ENSG00000054793.14	2	2	0	0	0	976	Missense_Mutation	muse;mutect2;muse;mutect2;varscan2								0.0208333333333333	FALSE
ATXN2	ENSG00000204842.18	2	2	0	0	0	393	Missense_Mutation	muse;mutect2;muse;mutect2;varscan2								0.0208333333333333	FALSE
B3GAT1	ENSG00000109956.13	2	2	0	0	0	268	Missense_Mutation	muse;mutect2;varscan2								0.0208333333333333	FALSE
B3GAT2	ENSG00000112309.11	2	2	0	0	0	253	Missense_Mutation	muse;mutect2;varscan2								0.0208333333333333	FALSE
BARD1	ENSG00000138376.11	2	2	2	2	0	142	Frame_Shift_Del;Nonsense_Mutation	muse;mutect2;varscan2;mutect2;pindel;varscan2								0.0208333333333333	FALSE
BAZ2A	ENSG00000076108.12	2	2	0	0	0	1543	Missense_Mutation	muse;mutect2;varscan2								0.0208333333333333	FALSE
BCHE	ENSG00000114200.10	2	2	0	0	0	118	Missense_Mutation	muse;mutect2;varscan2								0.0208333333333333	FALSE
BCKDHB	ENSG00000083123.15	2	2	1	1	0	212	Missense_Mutation;Splice_Site	muse;mutect2;varscan2								0.0208333333333333	FALSE
BCL9	ENSG00000116128.11	2	2	0	0	0	607	Missense_Mutation	muse;mutect2;muse;mutect2;varscan2								0.0208333333333333	FALSE
BCO1	ENSG00000135697.10	2	2	1	1	0	548	Missense_Mutation;Nonstop_Mutation	muse;mutect2;varscan2;muse;varscan2								0.0208333333333333	FALSE
BEGAIN	ENSG00000183092.16	2	2	0	0	0	336	Missense_Mutation	muse;mutect2;varscan2;muse;varscan2								0.0208333333333333	FALSE
BEND2	ENSG00000177324.14	2	2	1	1	0	695	Missense_Mutation;Nonsense_Mutation	muse;mutect2;varscan2								0.0208333333333333	FALSE
BICD2	ENSG00000185963.14	2	2	0	0	0	607	Missense_Mutation	muse;mutect2;varscan2								0.0208333333333333	FALSE
BMPER	ENSG00000164619.10	2	2	1	1	0	299	Missense_Mutation;Splice_Site	muse;mutect2;varscan2								0.0208333333333333	FALSE
BMPR1B	ENSG00000138696.11	2	2	0	0	0	395	Missense_Mutation	muse;mutect2;varscan2								0.0208333333333333	FALSE
BNIP5	ENSG00000189325.7	2	2	0	0	0	473	Missense_Mutation	muse;mutect2;varscan2								0.0208333333333333	FALSE
BPIFC	ENSG00000184459.8	2	2	0	0	0	413	Missense_Mutation	muse;mutect2;varscan2								0.0208333333333333	FALSE
BRD9	ENSG00000028310.18	2	2	0	0	0	426	Missense_Mutation	muse;mutect2;muse;mutect2;varscan2								0.0208333333333333	FALSE
BRINP1	ENSG00000078725.13	2	2	0	0	0	453	Missense_Mutation	muse;mutect2;varscan2								0.0208333333333333	FALSE
BRINP3	ENSG00000162670.11	2	2	0	0	0	349	Missense_Mutation	muse;mutect2;varscan2								0.0208333333333333	FALSE
BRIP1	ENSG00000136492.9	2	2	0	0	0	332	Missense_Mutation	muse;mutect2;varscan2								0.0208333333333333	FALSE
BRWD3	ENSG00000165288.11	2	2	0	0	0	1351	Missense_Mutation	muse;mutect2;varscan2								0.0208333333333333	FALSE
BTAF1	ENSG00000095564.14	2	2	1	1	0	1319	Missense_Mutation;Nonsense_Mutation	muse;mutect2;varscan2								0.0208333333333333	FALSE
BUB1	ENSG00000169679.15	2	2	1	1	0	928	Missense_Mutation;Splice_Site	muse;mutect2;muse;mutect2;varscan2								0.0208333333333333	FALSE
BUB1B	ENSG00000156970.13	2	2	0	0	0	952	Missense_Mutation	muse;mutect2;varscan2								0.0208333333333333	FALSE
C10orf90	ENSG00000154493.19	2	2	0	0	0	397	Missense_Mutation	muse;mutect2;varscan2								0.0208333333333333	FALSE
C12orf66	ENSG00000174206.13	2	2	0	0	0	158	Missense_Mutation	muse;mutect2;muse;mutect2;varscan2								0.0208333333333333	FALSE
C17orf78	ENSG00000278505.5	2	2	1	1	0	213	Missense_Mutation;Nonsense_Mutation	muse;mutect2;varscan2								0.0208333333333333	FALSE
C1orf105	ENSG00000180999.11	2	2	1	1	0	173	Missense_Mutation;Splice_Site	muse;mutect2;muse;mutect2;varscan2								0.0208333333333333	FALSE
C2orf42	ENSG00000115998.8	2	2	1	1	0	464	Missense_Mutation;Nonsense_Mutation	muse;mutect2;varscan2								0.0208333333333333	FALSE
C6	ENSG00000039537.14	2	2	1	1	0	277	Frame_Shift_Ins;Missense_Mutation	muse;mutect2;varscan2;mutect2;varscan2								0.0208333333333333	FALSE
C7	ENSG00000112936.19	2	2	0	0	0	306	Missense_Mutation	muse;mutect2;varscan2								0.0208333333333333	FALSE
C9orf131	ENSG00000174038.13	2	2	1	1	0	461	Frame_Shift_Ins;Missense_Mutation	muse;mutect2;varscan2;mutect2;varscan2								0.0208333333333333	FALSE
CA10	ENSG00000154975.14	2	2	0	0	0	273	Missense_Mutation	muse;mutect2;varscan2								0.0208333333333333	FALSE
CABIN1	ENSG00000099991.18	2	2	0	0	0	1125	Missense_Mutation	muse;mutect2;varscan2;mutect2;varscan2								0.0208333333333333	FALSE
CABS1	ENSG00000145309.6	2	2	0	0	0	262	Missense_Mutation	muse;mutect2;muse;mutect2;varscan2								0.0208333333333333	FALSE
CACNA1A	ENSG00000141837.21	2	2	1	1	0	812	Missense_Mutation;Nonsense_Mutation	muse;mutect2								0.0208333333333333	FALSE
CACNA1B	ENSG00000148408.13	2	2	1	1	0	2234	Missense_Mutation;Nonsense_Mutation	muse;mutect2;varscan2								0.0208333333333333	FALSE
CACNA1S	ENSG00000081248.11	2	2	0	0	0	1180	Missense_Mutation	muse;mutect2;varscan2								0.0208333333333333	FALSE
CADM2	ENSG00000175161.14	2	2	0	0	0	390	Missense_Mutation	muse;mutect2;muse;mutect2;varscan2								0.0208333333333333	FALSE
CAPN13	ENSG00000162949.16	2	2	0	0	0	587	Missense_Mutation	muse;mutect2;varscan2								0.0208333333333333	FALSE
CAPRIN1	ENSG00000135387.21	2	2	0	0	0	604	Missense_Mutation	muse;mutect2;varscan2								0.0208333333333333	FALSE
CARD11	ENSG00000198286.10	2	2	1	1	0	639	Frame_Shift_Ins;Missense_Mutation	muse;mutect2;varscan2;mutect2;varscan2								0.0208333333333333	FALSE
CARMIL2	ENSG00000159753.14	2	2	0	0	0	1262	Missense_Mutation	muse;mutect2;varscan2								0.0208333333333333	FALSE
CASD1	ENSG00000127995.17	2	2	1	1	0	715	Missense_Mutation;Nonsense_Mutation	muse;mutect2;varscan2								0.0208333333333333	FALSE
CASZ1	ENSG00000130940.15	2	2	0	0	0	1072	Missense_Mutation	muse;mutect2;varscan2								0.0208333333333333	FALSE
CBL	ENSG00000110395.7	2	2	0	0	0	886	Missense_Mutation	muse;mutect2;muse;mutect2;varscan2								0.0208333333333333	FALSE
CBLIF	ENSG00000134812.8	2	2	0	0	0	138	Missense_Mutation	muse;mutect2;muse;mutect2;varscan2								0.0208333333333333	FALSE
CC2D1A	ENSG00000132024.17	2	2	0	0	0	810	Missense_Mutation	muse;mutect2;varscan2								0.0208333333333333	FALSE
CCDC106	ENSG00000173581.8	2	2	0	0	0	173	Missense_Mutation	muse;mutect2;varscan2								0.0208333333333333	FALSE
CCDC136	ENSG00000128596.17	2	2	0	0	0	978	Missense_Mutation	muse;mutect2;varscan2								0.0208333333333333	FALSE
CCDC146	ENSG00000135205.15	2	2	1	1	0	554	Missense_Mutation;Splice_Site	muse;mutect2;varscan2								0.0208333333333333	FALSE
CCDC148	ENSG00000153237.18	2	2	1	1	0	577	Missense_Mutation;Nonsense_Mutation	muse;mutect2;varscan2								0.0208333333333333	FALSE
CCDC15	ENSG00000149548.15	2	2	0	0	0	786	Missense_Mutation	muse;mutect2;muse;mutect2;varscan2								0.0208333333333333	FALSE
CCDC151	ENSG00000198003.12	2	2	0	0	0	303	Missense_Mutation	muse;mutect2;varscan2								0.0208333333333333	FALSE
CCDC163	ENSG00000280670.3	2	2	0	0	0	102	Missense_Mutation	muse;mutect2								0.0208333333333333	FALSE
CCDC22	ENSG00000101997.13	2	2	0	0	0	369	Missense_Mutation	muse;mutect2;varscan2								0.0208333333333333	FALSE
CCDC88A	ENSG00000115355.17	2	2	1	1	0	1552	Missense_Mutation;Nonsense_Mutation	muse;mutect2;muse;mutect2;varscan2								0.0208333333333333	FALSE
CCDC88B	ENSG00000168071.22	2	2	0	0	0	280	Missense_Mutation	muse;mutect2;muse;mutect2;varscan2								0.0208333333333333	FALSE
CCER1	ENSG00000197651.4	2	2	0	0	0	287	Missense_Mutation	muse;mutect2;varscan2								0.0208333333333333	FALSE
CCNL2	ENSG00000221978.12	2	2	1	1	0	245	Missense_Mutation;Splice_Site	muse;mutect2;varscan2;mutect2;pindel;varscan2								0.0208333333333333	FALSE
CCT7	ENSG00000135624.16	2	2	0	0	0	371	Missense_Mutation	muse;mutect2;varscan2								0.0208333333333333	FALSE
CCZ1	ENSG00000122674.12	2	2	0	0	0	262	Missense_Mutation	muse;mutect2;varscan2								0.0208333333333333	FALSE
CD1A	ENSG00000158477.7	2	2	0	0	0	261	Missense_Mutation	muse;mutect2;varscan2								0.0208333333333333	FALSE
CD1C	ENSG00000158481.13	2	2	0	0	0	190	Missense_Mutation	muse;mutect2;varscan2								0.0208333333333333	FALSE
CD200R1	ENSG00000163606.11	2	2	0	0	0	283	Missense_Mutation	muse;mutect2;varscan2								0.0208333333333333	FALSE
CD22	ENSG00000012124.17	2	2	0	0	0	301	Missense_Mutation	muse;mutect2;varscan2								0.0208333333333333	FALSE
CDAN1	ENSG00000140326.13	2	2	0	0	0	582	Missense_Mutation	muse;mutect2;varscan2								0.0208333333333333	FALSE
CDC20	ENSG00000117399.14	2	2	1	1	0	276	Missense_Mutation;Splice_Site	muse;mutect2;varscan2;mutect2;pindel;varscan2								0.0208333333333333	FALSE
CDC42BPA	ENSG00000143776.18	2	2	0	0	0	675	Missense_Mutation	muse;mutect2;varscan2								0.0208333333333333	FALSE
CDC42BPG	ENSG00000171219.9	2	2	0	0	0	237	Missense_Mutation	muse;varscan2;mutect2;varscan2								0.0208333333333333	FALSE
CDCA2	ENSG00000184661.14	2	2	0	0	0	640	Missense_Mutation	muse;mutect2;varscan2;mutect2;varscan2								0.0208333333333333	FALSE
CDH18	ENSG00000145526.12	2	2	0	0	0	772	Missense_Mutation	muse;mutect2;varscan2								0.0208333333333333	FALSE
CDH22	ENSG00000149654.11	2	2	0	0	0	214	Missense_Mutation	muse;mutect2;varscan2								0.0208333333333333	FALSE
CDH23	ENSG00000107736.21	2	2	0	0	0	2135	Missense_Mutation	muse;mutect2;varscan2								0.0208333333333333	FALSE
CDH6	ENSG00000113361.13	2	2	0	0	0	741	Missense_Mutation	muse;mutect2;muse;mutect2;varscan2								0.0208333333333333	FALSE
CDK12	ENSG00000167258.15	2	2	1	1	0	1041	Frame_Shift_Del;Missense_Mutation	muse;mutect2;varscan2;pindel;varscan2								0.0208333333333333	FALSE
CDKN1A	ENSG00000124762.14	2	2	0	0	0	135	Missense_Mutation	muse;mutect2								0.0208333333333333	FALSE
CDKN2A	ENSG00000147889.18	2	2	1	1	2	153	Missense_Mutation;Splice_Site	muse;mutect2;varscan2								0.0208333333333333	FALSE
CELSR1	ENSG00000075275.18	2	2	1	1	0	1874	Frame_Shift_Del;Missense_Mutation	muse;mutect2;varscan2;mutect2;pindel;varscan2								0.0208333333333333	FALSE
CENPO	ENSG00000138092.11	2	2	1	1	0	256	Missense_Mutation;Splice_Site	muse;mutect2;varscan2;mutect2;pindel								0.0208333333333333	FALSE
CEP104	ENSG00000116198.14	2	2	1	1	0	297	Splice_Region;Splice_Site	muse;mutect2;varscan2								0.0208333333333333	FALSE
CEP152	ENSG00000103995.14	2	2	0	0	0	1468	Missense_Mutation	muse;mutect2;varscan2								0.0208333333333333	FALSE
CEP162	ENSG00000135315.12	2	2	0	0	0	809	Missense_Mutation	muse;mutect2;muse;mutect2;varscan2								0.0208333333333333	FALSE
CEP170B	ENSG00000099814.16	2	2	0	0	0	1289	Missense_Mutation	muse;mutect2;varscan2								0.0208333333333333	FALSE
CEP192	ENSG00000101639.18	2	2	0	0	0	1143	Missense_Mutation	muse;mutect2;varscan2;mutect2;varscan2								0.0208333333333333	FALSE
CEP85L	ENSG00000111860.14	2	2	0	0	0	761	Missense_Mutation	muse;mutect2;varscan2								0.0208333333333333	FALSE
CERS5	ENSG00000139624.14	2	2	0	0	0	391	Missense_Mutation	muse;mutect2;varscan2								0.0208333333333333	FALSE
CFAP54	ENSG00000188596.11	2	2	1	1	0	1775	Missense_Mutation;Splice_Site	muse;mutect2;varscan2								0.0208333333333333	FALSE
CFAP65	ENSG00000181378.14	2	2	0	0	0	1588	Missense_Mutation	muse;mutect2;varscan2								0.0208333333333333	FALSE
CFHR2	ENSG00000080910.13	2	2	0	0	0	254	Missense_Mutation	muse;mutect2;varscan2								0.0208333333333333	FALSE
CHD3	ENSG00000170004.17	2	2	1	1	0	1485	Frame_Shift_Del;Missense_Mutation	muse;mutect2;varscan2;mutect2;pindel								0.0208333333333333	FALSE
CHD4	ENSG00000111642.16	2	2	0	0	0	1790	Missense_Mutation;Splice_Region	muse;mutect2;varscan2								0.0208333333333333	FALSE
CHD5	ENSG00000116254.18	2	2	1	1	0	853	Missense_Mutation;Splice_Site	muse;mutect2;varscan2								0.0208333333333333	FALSE
CHD9	ENSG00000177200.17	2	2	0	0	0	1135	Missense_Mutation	muse;mutect2;varscan2								0.0208333333333333	FALSE
CHRDL2	ENSG00000054938.16	2	2	0	0	0	301	Missense_Mutation	muse;mutect2;muse;mutect2;varscan2								0.0208333333333333	FALSE
CHRNA5	ENSG00000169684.13	2	2	0	0	0	152	Missense_Mutation	muse;mutect2;varscan2								0.0208333333333333	FALSE
CHUK	ENSG00000213341.11	2	2	1	1	0	646	Frame_Shift_Del;In_Frame_Del	mutect2;pindel;pindel;varscan2								0.0208333333333333	FALSE
CIAO1	ENSG00000144021.3	2	2	1	1	0	203	Missense_Mutation;Splice_Site	muse;mutect2;varscan2								0.0208333333333333	FALSE
CIC	ENSG00000079432.7	2	2	1	1	0	349	Frame_Shift_Ins;Missense_Mutation	muse;mutect2;varscan2;mutect2;pindel;varscan2								0.0208333333333333	FALSE
CIT	ENSG00000122966.17	2	2	0	0	0	1951	Missense_Mutation	muse;mutect2;varscan2								0.0208333333333333	FALSE
CLCN2	ENSG00000114859.16	2	2	0	0	0	272	Missense_Mutation	muse;mutect2;varscan2								0.0208333333333333	FALSE
CLEC16A	ENSG00000038532.16	2	2	0	0	0	980	Missense_Mutation	muse;mutect2;varscan2								0.0208333333333333	FALSE
CLIP2	ENSG00000106665.16	2	2	0	0	0	505	Missense_Mutation	muse;mutect2;muse;mutect2;varscan2								0.0208333333333333	FALSE
CLSTN1	ENSG00000171603.18	2	2	1	1	0	633	Frame_Shift_Ins;Missense_Mutation	muse;mutect2;varscan2;mutect2;pindel;varscan2								0.0208333333333333	FALSE
CLTC	ENSG00000141367.12	2	2	0	0	0	1065	Missense_Mutation	muse;mutect2;varscan2								0.0208333333333333	FALSE
CLVS2	ENSG00000146352.13	2	2	0	0	0	229	Missense_Mutation	muse;mutect2;varscan2								0.0208333333333333	FALSE
CNNM2	ENSG00000148842.18	2	2	1	1	0	750	Missense_Mutation;Nonsense_Mutation	muse;mutect2;varscan2								0.0208333333333333	FALSE
CNOT1	ENSG00000125107.18	2	2	0	0	0	1314	Missense_Mutation	muse;mutect2;varscan2								0.0208333333333333	FALSE
CNOT3	ENSG00000088038.19	2	2	0	0	0	551	Missense_Mutation	muse;mutect2;muse;mutect2;varscan2								0.0208333333333333	FALSE
CNR1	ENSG00000118432.12	2	2	0	0	0	395	Missense_Mutation	muse;mutect2;muse;mutect2;varscan2								0.0208333333333333	FALSE
CNST	ENSG00000162852.14	2	2	0	0	0	558	Missense_Mutation	muse;mutect2;muse;mutect2;varscan2								0.0208333333333333	FALSE
CNTNAP2	ENSG00000174469.23	2	2	0	0	0	564	Missense_Mutation	muse;mutect2;varscan2								0.0208333333333333	FALSE
COL11A2	ENSG00000204248.11	2	2	1	1	0	484	Missense_Mutation;Splice_Site	muse;mutect2;varscan2								0.0208333333333333	FALSE
COL14A1	ENSG00000187955.12	2	2	0	0	0	1226	Missense_Mutation	muse;mutect2;varscan2;muse;varscan2								0.0208333333333333	FALSE
COL15A1	ENSG00000204291.11	2	2	0	0	0	932	Splice_Region	muse;mutect2;varscan2								0.0208333333333333	FALSE
COL16A1	ENSG00000084636.18	2	2	0	0	0	1286	Missense_Mutation	muse;mutect2;varscan2								0.0208333333333333	FALSE
COL25A1	ENSG00000188517.16	2	2	0	0	0	434	Missense_Mutation	muse;mutect2;varscan2								0.0208333333333333	FALSE
COL4A3	ENSG00000169031.20	2	2	0	0	0	1413	Missense_Mutation	muse;mutect2;muse;mutect2;varscan2								0.0208333333333333	FALSE
COL4A4	ENSG00000081052.13	2	2	0	0	0	877	Missense_Mutation	muse;mutect2;varscan2								0.0208333333333333	FALSE
COL6A2	ENSG00000142173.16	2	2	1	1	0	919	Missense_Mutation;Splice_Site	muse;mutect2;varscan2;muse;varscan2								0.0208333333333333	FALSE
COL6A3	ENSG00000163359.16	2	2	0	0	0	3106	Missense_Mutation	muse;mutect2;varscan2								0.0208333333333333	FALSE
COL6A6	ENSG00000206384.10	2	2	0	0	0	1131	Missense_Mutation	muse;mutect2;muse;mutect2;varscan2								0.0208333333333333	FALSE
COL9A1	ENSG00000112280.17	2	2	1	1	0	502	Missense_Mutation;Splice_Site	muse;mutect2;muse;mutect2;varscan2								0.0208333333333333	FALSE
COLEC12	ENSG00000158270.12	2	2	0	0	0	614	Missense_Mutation	muse;mutect2;varscan2								0.0208333333333333	FALSE
COLGALT2	ENSG00000198756.12	2	2	0	0	0	535	Missense_Mutation	muse;mutect2;varscan2;muse;varscan2								0.0208333333333333	FALSE
COPA	ENSG00000122218.16	2	2	1	1	0	604	Frame_Shift_Del;Missense_Mutation	muse;mutect2;mutect2;pindel;varscan2								0.0208333333333333	FALSE
COPB1	ENSG00000129083.13	2	2	0	0	0	787	Missense_Mutation	muse;mutect2;varscan2								0.0208333333333333	FALSE
COPS5	ENSG00000121022.14	2	2	0	0	0	206	Missense_Mutation	muse;mutect2;varscan2								0.0208333333333333	FALSE
CORO2A	ENSG00000106789.13	2	2	0	0	0	308	Missense_Mutation	muse;mutect2;muse;mutect2;varscan2								0.0208333333333333	FALSE
CORO2B	ENSG00000103647.13	2	2	0	0	0	138	Missense_Mutation	muse;mutect2;varscan2								0.0208333333333333	FALSE
CORO7	ENSG00000262246.6	2	2	0	0	0	856	Missense_Mutation	muse;mutect2;muse;mutect2;varscan2								0.0208333333333333	FALSE
CPS1	ENSG00000021826.17	2	2	0	0	0	1464	Missense_Mutation	muse;mutect2;varscan2								0.0208333333333333	FALSE
CPT1B	ENSG00000205560.13	2	2	0	0	0	645	Missense_Mutation	muse;mutect2;varscan2								0.0208333333333333	FALSE
CREB3L1	ENSG00000157613.11	2	2	0	0	0	506	Missense_Mutation	muse;mutect2;varscan2;mutect2;varscan2								0.0208333333333333	FALSE
CREBRF	ENSG00000164463.12	2	2	0	0	0	591	Missense_Mutation	muse;mutect2;varscan2								0.0208333333333333	FALSE
CRPPA	ENSG00000214960.11	2	2	0	0	0	411	Missense_Mutation	muse;mutect2;varscan2								0.0208333333333333	FALSE
CSE1L	ENSG00000124207.17	2	2	1	1	0	829	Frame_Shift_Ins;Missense_Mutation	muse;mutect2;varscan2;mutect2;pindel;varscan2								0.0208333333333333	FALSE
CSRNP2	ENSG00000110925.7	2	2	0	0	0	526	Missense_Mutation	muse;mutect2;varscan2								0.0208333333333333	FALSE
CTDP1	ENSG00000060069.17	2	2	0	0	0	337	Missense_Mutation	muse;mutect2;muse;mutect2;varscan2								0.0208333333333333	FALSE
CTNNA1	ENSG00000044115.21	2	2	0	0	0	751	Missense_Mutation	muse;mutect2;muse;mutect2;varscan2								0.0208333333333333	FALSE
CTNNA3	ENSG00000183230.17	2	2	0	0	0	803	Missense_Mutation	muse;mutect2;varscan2								0.0208333333333333	FALSE
CTNND1	ENSG00000198561.15	2	2	0	0	0	944	Missense_Mutation	muse;mutect2;muse;mutect2;varscan2								0.0208333333333333	FALSE
CTSL	ENSG00000135047.16	2	2	0	0	0	252	Missense_Mutation	muse;mutect2;varscan2								0.0208333333333333	FALSE
CTTNBP2NL	ENSG00000143079.15	2	2	0	0	0	345	Missense_Mutation	muse;mutect2;varscan2								0.0208333333333333	FALSE
CUBN	ENSG00000107611.16	2	2	0	0	0	2569	Missense_Mutation	muse;mutect2;varscan2								0.0208333333333333	FALSE
CUL3	ENSG00000036257.13	2	2	0	0	0	472	Missense_Mutation	muse;mutect2;varscan2								0.0208333333333333	FALSE
CWC22	ENSG00000163510.14	2	2	0	0	0	785	Missense_Mutation	muse;mutect2;muse;mutect2;varscan2								0.0208333333333333	FALSE
CX3CR1	ENSG00000168329.14	2	2	0	0	0	245	Missense_Mutation	muse;mutect2;varscan2								0.0208333333333333	FALSE
CXCR2	ENSG00000180871.8	2	2	2	2	0	312	Frame_Shift_Del;Nonsense_Mutation	muse;mutect2;mutect2;pindel;varscan2								0.0208333333333333	FALSE
CYP2A13	ENSG00000197838.5	2	2	0	0	0	451	Missense_Mutation	muse;mutect2;muse;mutect2;varscan2								0.0208333333333333	FALSE
CYP2C9	ENSG00000138109.11	2	2	0	0	0	468	Missense_Mutation	muse;mutect2;muse;mutect2;varscan2								0.0208333333333333	FALSE
CYP2W1	ENSG00000073067.14	2	2	0	0	0	153	Missense_Mutation	muse;mutect2;varscan2								0.0208333333333333	FALSE
CYP4F8	ENSG00000186526.13	2	2	0	0	0	371	Missense_Mutation	muse;mutect2;varscan2								0.0208333333333333	FALSE
CYTH3	ENSG00000008256.16	2	2	0	0	0	210	Missense_Mutation	muse;mutect2;varscan2								0.0208333333333333	FALSE
DAGLA	ENSG00000134780.10	2	2	0	0	0	353	Missense_Mutation	muse;mutect2;varscan2								0.0208333333333333	FALSE
DAP3	ENSG00000132676.16	2	2	1	1	0	390	Frame_Shift_Ins;Missense_Mutation	muse;mutect2;varscan2;mutect2;pindel;varscan2								0.0208333333333333	FALSE
DAPK1	ENSG00000196730.13	2	2	0	0	0	733	Missense_Mutation	muse;mutect2;varscan2								0.0208333333333333	FALSE
DAZAP2	ENSG00000183283.16	2	2	1	1	0	118	Frame_Shift_Ins;Missense_Mutation	muse;mutect2;varscan2;mutect2;pindel;varscan2								0.0208333333333333	FALSE
DBF4	ENSG00000006634.8	2	2	0	0	0	518	Missense_Mutation	muse;mutect2;varscan2								0.0208333333333333	FALSE
DCAF12L1	ENSG00000198889.5	2	2	0	0	0	457	Missense_Mutation	muse;mutect2;varscan2								0.0208333333333333	FALSE
DCAF16	ENSG00000163257.11	2	2	0	0	0	22	Missense_Mutation	muse;mutect2;varscan2								0.0208333333333333	FALSE
DDR1	ENSG00000204580.13	2	2	1	1	0	628	Missense_Mutation;Nonsense_Mutation	muse;mutect2;muse;mutect2;varscan2								0.0208333333333333	FALSE
DDX19B	ENSG00000157349.17	2	2	1	1	0	118	Frame_Shift_Del;Missense_Mutation	muse;mutect2;varscan2;mutect2;pindel;varscan2								0.0208333333333333	FALSE
DDX21	ENSG00000165732.13	2	2	0	0	0	562	Missense_Mutation	muse;mutect2;muse;mutect2;varscan2								0.0208333333333333	FALSE
DDX28	ENSG00000182810.7	2	2	0	0	0	506	Missense_Mutation	muse;mutect2;varscan2								0.0208333333333333	FALSE
DDX39A	ENSG00000123136.15	2	2	0	0	0	127	Missense_Mutation	muse;mutect2;muse;mutect2;varscan2								0.0208333333333333	FALSE
DDX3X	ENSG00000215301.11	2	2	1	1	0	657	Missense_Mutation;Nonsense_Mutation	muse;varscan2;mutect2;varscan2								0.0208333333333333	FALSE
DDX4	ENSG00000152670.19	2	2	0	0	0	648	Missense_Mutation	muse;mutect2;varscan2								0.0208333333333333	FALSE
DDX50	ENSG00000107625.13	2	2	0	0	0	586	Missense_Mutation;Splice_Region	muse;mutect2;varscan2								0.0208333333333333	FALSE
DDX51	ENSG00000185163.10	2	2	0	0	0	463	Missense_Mutation	muse;mutect2;varscan2;muse;varscan2								0.0208333333333333	FALSE
DDX60	ENSG00000137628.17	2	2	0	0	0	1710	Missense_Mutation	muse;mutect2;varscan2								0.0208333333333333	FALSE
DEFB108B	ENSG00000184276.3	2	2	0	0	0	66	Missense_Mutation	muse;mutect2;muse;mutect2;varscan2								0.0208333333333333	FALSE
DENND2C	ENSG00000175984.15	2	2	0	0	0	103	Missense_Mutation	muse;mutect2;varscan2								0.0208333333333333	FALSE
DGCR2	ENSG00000070413.20	2	2	1	1	0	400	Missense_Mutation;Splice_Site	muse;mutect2;varscan2								0.0208333333333333	FALSE
DGCR6L	ENSG00000128185.10	2	2	0	0	0	124	Missense_Mutation	muse;mutect2;varscan2								0.0208333333333333	FALSE
DHX32	ENSG00000089876.12	2	2	0	0	0	528	Missense_Mutation	muse;mutect2;muse;mutect2;varscan2								0.0208333333333333	FALSE
DHX57	ENSG00000163214.21	2	2	0	0	0	292	Missense_Mutation	muse;mutect2;varscan2								0.0208333333333333	FALSE
DIAPH2	ENSG00000147202.18	2	2	0	0	0	937	Missense_Mutation	muse;mutect2;varscan2								0.0208333333333333	FALSE
DIO2	ENSG00000211448.13	2	2	0	0	0	146	Missense_Mutation	muse;mutect2;varscan2								0.0208333333333333	FALSE
DIP2B	ENSG00000066084.13	2	2	0	0	0	1482	Missense_Mutation	muse;mutect2;varscan2								0.0208333333333333	FALSE
DIS3	ENSG00000083520.15	2	2	1	1	0	959	Missense_Mutation;Nonstop_Mutation	muse;mutect2;varscan2								0.0208333333333333	FALSE
DIS3L	ENSG00000166938.13	2	2	1	1	0	541	Missense_Mutation;Nonsense_Mutation	muse;mutect2;varscan2								0.0208333333333333	FALSE
DLGAP5	ENSG00000126787.13	2	2	0	0	0	353	Missense_Mutation	muse;mutect2;varscan2								0.0208333333333333	FALSE
DMRTB1	ENSG00000143006.7	2	2	0	0	0	276	Missense_Mutation	muse;mutect2								0.0208333333333333	FALSE
DMTF1	ENSG00000135164.19	2	2	2	2	0	355	Frame_Shift_Del;Frame_Shift_Ins	mutect2;pindel;varscan2								0.0208333333333333	FALSE
DMTN	ENSG00000158856.18	2	2	1	1	0	94	Frame_Shift_Del;Missense_Mutation	muse;mutect2;mutect2;pindel;varscan2								0.0208333333333333	FALSE
DMXL1	ENSG00000172869.14	2	2	0	0	0	2871	Missense_Mutation	muse;mutect2;varscan2								0.0208333333333333	FALSE
DMXL2	ENSG00000104093.14	2	2	0	0	0	2059	Missense_Mutation	muse;mutect2;varscan2								0.0208333333333333	FALSE
DNAAF5	ENSG00000164818.16	2	2	0	0	0	837	Missense_Mutation	muse;mutect2;varscan2								0.0208333333333333	FALSE
DNAH10	ENSG00000197653.16	2	2	1	1	0	4405	Missense_Mutation;Nonsense_Mutation	muse;mutect2;varscan2								0.0208333333333333	FALSE
DNAH11	ENSG00000105877.18	2	2	0	0	0	664	Missense_Mutation	muse;mutect2;muse;mutect2;varscan2								0.0208333333333333	FALSE
DNAH2	ENSG00000183914.14	2	2	0	0	0	3270	Missense_Mutation	muse;mutect2;varscan2								0.0208333333333333	FALSE
DNAH9	ENSG00000007174.18	2	2	0	0	0	2324	Missense_Mutation	muse;mutect2;varscan2								0.0208333333333333	FALSE
DNAJC13	ENSG00000138246.17	2	2	0	0	0	2008	Missense_Mutation	muse;mutect2;muse;mutect2;varscan2								0.0208333333333333	FALSE
DNMBP	ENSG00000107554.17	2	2	1	1	0	907	Missense_Mutation;Splice_Site	muse;mutect2;varscan2								0.0208333333333333	FALSE
DNTTIP1	ENSG00000101457.13	2	2	0	0	0	208	Missense_Mutation	muse;mutect2;varscan2								0.0208333333333333	FALSE
DOCK10	ENSG00000135905.20	2	2	1	1	0	1733	Frame_Shift_Ins;Missense_Mutation	muse;mutect2;varscan2;mutect2;pindel;varscan2								0.0208333333333333	FALSE
DOCK2	ENSG00000134516.18	2	2	0	0	0	1758	Missense_Mutation	muse;mutect2;varscan2								0.0208333333333333	FALSE
DOCK4	ENSG00000128512.23	2	2	0	0	0	1119	Missense_Mutation	muse;mutect2;varscan2;muse;varscan2								0.0208333333333333	FALSE
DOCK9	ENSG00000088387.19	2	2	0	0	0	890	Missense_Mutation	muse;mutect2;varscan2								0.0208333333333333	FALSE
DOK1	ENSG00000115325.13	2	2	1	1	0	417	Frame_Shift_Del;Missense_Mutation	muse;mutect2;varscan2;mutect2;pindel;varscan2								0.0208333333333333	FALSE
DOP1A	ENSG00000083097.14	2	2	1	1	0	422	Frame_Shift_Del;Missense_Mutation	muse;mutect2;varscan2;mutect2;pindel;varscan2								0.0208333333333333	FALSE
DPYD	ENSG00000188641.14	2	2	1	1	0	874	Missense_Mutation;Splice_Site	muse;mutect2;varscan2								0.0208333333333333	FALSE
DSCAM	ENSG00000171587.15	2	2	0	0	0	1888	Missense_Mutation	muse;mutect2;varscan2								0.0208333333333333	FALSE
DSP	ENSG00000096696.14	2	2	1	1	0	2109	Frame_Shift_Ins;Missense_Mutation	muse;mutect2;varscan2;mutect2;varscan2								0.0208333333333333	FALSE
DYNC2I1	ENSG00000126870.16	2	2	0	0	0	890	Missense_Mutation	muse;mutect2;varscan2								0.0208333333333333	FALSE
DYRK1A	ENSG00000157540.22	2	2	1	1	0	323	Missense_Mutation;Nonsense_Mutation	muse;mutect2;varscan2								0.0208333333333333	FALSE
DYRK4	ENSG00000010219.13	2	2	0	0	0	276	Missense_Mutation	muse;mutect2;muse;mutect2;varscan2								0.0208333333333333	FALSE
DZIP1L	ENSG00000158163.15	2	2	1	1	0	266	Frame_Shift_Ins;Missense_Mutation	muse;mutect2;varscan2;mutect2;pindel;varscan2								0.0208333333333333	FALSE
E2F7	ENSG00000165891.16	2	2	1	1	0	674	Frame_Shift_Del;Missense_Mutation	muse;mutect2;pindel;varscan2								0.0208333333333333	FALSE
EBF1	ENSG00000164330.17	2	2	0	0	0	405	Missense_Mutation	muse;mutect2;muse;mutect2;varscan2								0.0208333333333333	FALSE
EEF1AKMT4-ECE2	ENSG00000284917.1	2	2	0	0	0	867	Missense_Mutation	muse;mutect2;varscan2								0.0208333333333333	FALSE
EFCAB13	ENSG00000178852.16	2	2	1	1	0	305	Missense_Mutation;Nonsense_Mutation	muse;mutect2;varscan2								0.0208333333333333	FALSE
EFEMP1	ENSG00000115380.20	2	2	0	0	0	404	Missense_Mutation	muse;mutect2;varscan2								0.0208333333333333	FALSE
EGFR	ENSG00000146648.19	2	2	0	0	0	1139	Missense_Mutation	muse;mutect2;varscan2;muse;varscan2								0.0208333333333333	FALSE
EHMT1	ENSG00000181090.21	2	2	0	0	0	541	Missense_Mutation	muse;mutect2;varscan2;mutect2;varscan2								0.0208333333333333	FALSE
EIF2B1	ENSG00000111361.13	2	2	1	1	0	210	Missense_Mutation;Splice_Site	muse;mutect2;muse;mutect2;varscan2								0.0208333333333333	FALSE
EIF3E	ENSG00000104408.11	2	2	0	0	0	276	Missense_Mutation	muse;mutect2;varscan2								0.0208333333333333	FALSE
EIF4ENIF1	ENSG00000184708.18	2	2	0	0	0	965	Missense_Mutation	muse;mutect2;varscan2								0.0208333333333333	FALSE
EIF5B	ENSG00000158417.11	2	2	0	0	0	843	Missense_Mutation;Splice_Region	muse;mutect2;muse;mutect2;varscan2								0.0208333333333333	FALSE
ELAC2	ENSG00000006744.19	2	2	1	1	0	661	Frame_Shift_Del;Missense_Mutation	muse;mutect2;varscan2;mutect2;pindel;varscan2								0.0208333333333333	FALSE
ELAVL1	ENSG00000066044.15	2	2	1	1	0	295	Frame_Shift_Del;Missense_Mutation	muse;mutect2;mutect2;pindel;varscan2								0.0208333333333333	FALSE
ELF1	ENSG00000120690.16	2	2	1	1	0	325	Missense_Mutation;Nonsense_Mutation	muse;mutect2;muse;mutect2;varscan2								0.0208333333333333	FALSE
EMC1	ENSG00000127463.15	2	2	1	1	0	560	Missense_Mutation;Nonsense_Mutation	muse;mutect2;varscan2								0.0208333333333333	FALSE
EML3	ENSG00000149499.12	2	2	1	1	0	706	Frame_Shift_Del;Missense_Mutation	muse;mutect2;varscan2;pindel;varscan2								0.0208333333333333	FALSE
EML4	ENSG00000143924.19	2	2	0	0	0	907	Missense_Mutation	muse;mutect2;varscan2								0.0208333333333333	FALSE
ENTHD1	ENSG00000176177.10	2	2	0	0	0	496	Missense_Mutation	muse;mutect2;muse;mutect2;varscan2								0.0208333333333333	FALSE
ENTR1	ENSG00000165689.17	2	2	0	0	0	372	Missense_Mutation	muse;mutect2;varscan2								0.0208333333333333	FALSE
EP400	ENSG00000183495.14	2	2	1	1	0	1704	Missense_Mutation;Splice_Site	muse;mutect2;muse;mutect2;varscan2								0.0208333333333333	FALSE
EPAS1	ENSG00000116016.14	2	2	1	1	0	567	Frame_Shift_Ins;Missense_Mutation	muse;mutect2;varscan2;mutect2;pindel;varscan2								0.0208333333333333	FALSE
EPHA2	ENSG00000142627.13	2	2	1	1	0	864	Missense_Mutation;Nonsense_Mutation	muse;mutect2;varscan2								0.0208333333333333	FALSE
EPHA5	ENSG00000145242.13	2	2	0	0	0	1033	Missense_Mutation	muse;mutect2;varscan2								0.0208333333333333	FALSE
EPHA8	ENSG00000070886.12	2	2	1	1	0	222	Frame_Shift_Ins;Missense_Mutation	muse;mutect2;varscan2;mutect2;varscan2								0.0208333333333333	FALSE
EPHB4	ENSG00000196411.10	2	2	0	0	0	519	Missense_Mutation	muse;mutect2;muse;mutect2;varscan2								0.0208333333333333	FALSE
EPN1	ENSG00000063245.15	2	2	0	0	0	403	Missense_Mutation	muse;mutect2;varscan2								0.0208333333333333	FALSE
EPOR	ENSG00000187266.14	2	2	0	0	0	418	Missense_Mutation	muse;mutect2;varscan2								0.0208333333333333	FALSE
EPRS1	ENSG00000136628.18	2	2	1	1	0	1127	Missense_Mutation;Nonsense_Mutation	muse;mutect2;varscan2								0.0208333333333333	FALSE
EPX	ENSG00000121053.6	2	2	0	0	0	154	In_Frame_Del;Missense_Mutation	muse;mutect2;varscan2;pindel;varscan2								0.0208333333333333	FALSE
ERAP1	ENSG00000164307.13	2	2	0	0	0	249	Missense_Mutation	muse;mutect2;varscan2;muse;varscan2								0.0208333333333333	FALSE
ERCC6	ENSG00000225830.15	2	2	0	0	0	641	Missense_Mutation	muse;mutect2;varscan2								0.0208333333333333	FALSE
ERICH1	ENSG00000104714.14	2	2	0	0	0	374	Missense_Mutation	muse;mutect2;varscan2								0.0208333333333333	FALSE
ESRP2	ENSG00000103067.14	2	2	0	0	0	636	Missense_Mutation	muse;mutect2;muse;mutect2;varscan2								0.0208333333333333	FALSE
ESRRA	ENSG00000173153.17	2	2	1	1	0	173	Frame_Shift_Ins;Missense_Mutation	muse;mutect2;varscan2;mutect2;pindel;varscan2								0.0208333333333333	FALSE
ETNPPL	ENSG00000164089.9	2	2	0	0	0	181	Missense_Mutation	muse;mutect2;varscan2								0.0208333333333333	FALSE
EVC	ENSG00000072840.13	2	2	1	1	0	759	Missense_Mutation;Splice_Site	muse;mutect2;varscan2								0.0208333333333333	FALSE
EVL	ENSG00000196405.13	2	2	0	0	0	322	Missense_Mutation	muse;mutect2;varscan2								0.0208333333333333	FALSE
EXOC3L1	ENSG00000179044.16	2	2	1	1	0	139	Missense_Mutation;Nonsense_Mutation	muse;mutect2;muse;mutect2;varscan2								0.0208333333333333	FALSE
EXOC8	ENSG00000116903.7	2	2	0	0	0	369	Missense_Mutation	muse;mutect2;muse;mutect2;varscan2								0.0208333333333333	FALSE
EXOSC8	ENSG00000120699.13	2	2	0	0	0	84	In_Frame_Del;Missense_Mutation	muse;mutect2;varscan2;mutect2;pindel;varscan2								0.0208333333333333	FALSE
EXT1	ENSG00000182197.12	2	2	1	1	0	741	Missense_Mutation;Nonsense_Mutation	muse;mutect2;varscan2								0.0208333333333333	FALSE
EYS	ENSG00000188107.15	2	2	0	0	0	256	Missense_Mutation	muse;mutect2;varscan2								0.0208333333333333	FALSE
FAM155A	ENSG00000204442.4	2	2	0	0	0	267	Missense_Mutation	muse;mutect2;varscan2								0.0208333333333333	FALSE
FAM47C	ENSG00000198173.5	2	2	1	1	0	492	Frame_Shift_Del;Missense_Mutation	muse;mutect2;varscan2;mutect2;pindel;varscan2								0.0208333333333333	FALSE
FAM71D	ENSG00000172717.16	2	2	0	0	0	363	Missense_Mutation	muse;mutect2;varscan2								0.0208333333333333	FALSE
FANCI	ENSG00000140525.19	2	2	1	1	0	1329	Missense_Mutation;Nonstop_Mutation	muse;mutect2;varscan2								0.0208333333333333	FALSE
FANK1	ENSG00000203780.12	2	2	0	0	0	181	Missense_Mutation	muse;mutect2;varscan2								0.0208333333333333	FALSE
FAP	ENSG00000078098.14	2	2	0	0	0	451	Missense_Mutation	muse;mutect2;varscan2								0.0208333333333333	FALSE
FARP1	ENSG00000152767.17	2	2	0	0	0	751	Missense_Mutation	muse;mutect2;varscan2								0.0208333333333333	FALSE
FBXL4	ENSG00000112234.9	2	2	0	0	0	387	Missense_Mutation	muse;mutect2;varscan2								0.0208333333333333	FALSE
FBXO10	ENSG00000147912.13	2	2	0	0	0	828	Missense_Mutation	muse;mutect2;varscan2								0.0208333333333333	FALSE
FBXO3	ENSG00000110429.14	2	2	0	0	0	437	Missense_Mutation	muse;mutect2;varscan2								0.0208333333333333	FALSE
FBXO34	ENSG00000178974.10	2	2	0	0	0	695	Missense_Mutation	muse;mutect2;varscan2								0.0208333333333333	FALSE
FBXW12	ENSG00000164049.14	2	2	0	0	0	372	Missense_Mutation	muse;mutect2;varscan2								0.0208333333333333	FALSE
FBXW5	ENSG00000159069.14	2	2	0	0	0	464	Missense_Mutation	muse;mutect2;varscan2								0.0208333333333333	FALSE
FCHO2	ENSG00000157107.14	2	2	0	0	0	442	In_Frame_Del;Missense_Mutation	muse;mutect2;varscan2;pindel;varscan2								0.0208333333333333	FALSE
FCRL2	ENSG00000132704.16	2	2	0	0	0	271	Missense_Mutation	muse;mutect2;varscan2								0.0208333333333333	FALSE
FDPS	ENSG00000160752.15	2	2	0	0	0	403	Missense_Mutation	muse;mutect2;mutect2;varscan2								0.0208333333333333	FALSE
FER1L6	ENSG00000214814.7	2	2	0	0	0	710	Missense_Mutation	muse;mutect2;varscan2								0.0208333333333333	FALSE
FEZF2	ENSG00000153266.13	2	2	0	0	0	395	Missense_Mutation	muse;mutect2;muse;mutect2;varscan2								0.0208333333333333	FALSE
FGF23	ENSG00000118972.3	2	2	0	0	0	248	Missense_Mutation	muse;mutect2;varscan2								0.0208333333333333	FALSE
FHOD1	ENSG00000135723.14	2	2	0	0	0	945	Missense_Mutation	muse;mutect2;varscan2								0.0208333333333333	FALSE
FLT1	ENSG00000102755.12	2	2	0	0	0	960	Missense_Mutation	muse;mutect2;muse;mutect2;varscan2								0.0208333333333333	FALSE
FNDC3A	ENSG00000102531.16	2	2	0	0	0	635	Missense_Mutation	muse;mutect2;varscan2								0.0208333333333333	FALSE
FNIP1	ENSG00000217128.12	2	2	0	0	0	564	Missense_Mutation	muse;mutect2;varscan2								0.0208333333333333	FALSE
FOXG1	ENSG00000176165.12	2	2	0	0	0	465	Missense_Mutation	muse;mutect2;muse;mutect2;varscan2								0.0208333333333333	FALSE
FRMD1	ENSG00000153303.17	2	2	1	1	0	426	Missense_Mutation;Nonsense_Mutation	muse;mutect2;varscan2								0.0208333333333333	FALSE
FRMD4A	ENSG00000151474.23	2	2	0	0	0	730	Missense_Mutation	muse;mutect2;varscan2								0.0208333333333333	FALSE
FRMD8	ENSG00000126391.14	2	2	0	0	0	383	Missense_Mutation	muse;mutect2;varscan2								0.0208333333333333	FALSE
FRY	ENSG00000073910.22	2	2	1	1	0	2622	Frame_Shift_Del;Missense_Mutation	muse;mutect2;varscan2;mutect2;pindel;varscan2								0.0208333333333333	FALSE
FRYL	ENSG00000075539.15	2	2	0	0	0	1471	Missense_Mutation	muse;mutect2;varscan2								0.0208333333333333	FALSE
FSTL5	ENSG00000168843.14	2	2	0	0	0	704	Missense_Mutation	muse;mutect2;varscan2								0.0208333333333333	FALSE
FTO	ENSG00000140718.21	2	2	0	0	0	431	Missense_Mutation	muse;mutect2;varscan2								0.0208333333333333	FALSE
FXR1	ENSG00000114416.18	2	2	0	0	0	492	Missense_Mutation	muse;mutect2;muse;mutect2;varscan2								0.0208333333333333	FALSE
FZD1	ENSG00000157240.4	2	2	1	1	0	556	Frame_Shift_Ins;Missense_Mutation	muse;mutect2;varscan2;mutect2;pindel;varscan2								0.0208333333333333	FALSE
FZD6	ENSG00000164930.12	2	2	0	0	0	678	Missense_Mutation	muse;mutect2;varscan2								0.0208333333333333	FALSE
FZD7	ENSG00000155760.2	2	2	0	0	0	441	In_Frame_Ins;Missense_Mutation	muse;mutect2;varscan2;mutect2;pindel;varscan2								0.0208333333333333	FALSE
G2E3	ENSG00000092140.16	2	2	1	1	0	658	Frame_Shift_Del;Missense_Mutation	muse;mutect2;varscan2;mutect2;varscan2								0.0208333333333333	FALSE
GABRA1	ENSG00000022355.18	2	2	1	1	0	258	Missense_Mutation;Nonsense_Mutation	muse;mutect2;muse;mutect2;varscan2								0.0208333333333333	FALSE
GAS2L2	ENSG00000270765.6	2	2	0	0	0	856	Missense_Mutation	muse;mutect2;muse;mutect2;varscan2								0.0208333333333333	FALSE
GAS6	ENSG00000183087.15	2	2	0	0	0	356	Missense_Mutation	muse;mutect2;varscan2								0.0208333333333333	FALSE
GBP1	ENSG00000117228.10	2	2	1	1	0	547	Frame_Shift_Del;Missense_Mutation	muse;mutect2;varscan2;mutect2;pindel;varscan2								0.0208333333333333	FALSE
GCFC2	ENSG00000005436.14	2	2	0	0	0	298	Missense_Mutation	muse;mutect2;varscan2								0.0208333333333333	FALSE
GCG	ENSG00000115263.15	2	2	0	0	0	144	Missense_Mutation	muse;mutect2;varscan2								0.0208333333333333	FALSE
GCN1	ENSG00000089154.11	2	2	0	0	0	2467	Missense_Mutation	muse;mutect2;varscan2								0.0208333333333333	FALSE
GFM1	ENSG00000168827.15	2	2	1	1	0	83	Missense_Mutation;Nonsense_Mutation	muse;mutect2;varscan2								0.0208333333333333	FALSE
GGA3	ENSG00000125447.18	2	2	0	0	0	688	In_Frame_Del;Missense_Mutation	muse;mutect2;varscan2;mutect2;pindel;varscan2								0.0208333333333333	FALSE
GLUD2	ENSG00000182890.5	2	2	0	0	0	270	Missense_Mutation	muse;mutect2;varscan2								0.0208333333333333	FALSE
GLUL	ENSG00000135821.19	2	2	0	0	0	205	Missense_Mutation	muse;mutect2;varscan2								0.0208333333333333	FALSE
GP2	ENSG00000169347.17	2	2	0	0	0	494	Missense_Mutation	muse;mutect2;varscan2								0.0208333333333333	FALSE
GPAA1	ENSG00000197858.11	2	2	1	1	0	154	Frame_Shift_Del;Missense_Mutation	muse;mutect2;varscan2;pindel;varscan2								0.0208333333333333	FALSE
GPR149	ENSG00000174948.6	2	2	0	0	0	422	Missense_Mutation	muse;mutect2;varscan2								0.0208333333333333	FALSE
GPR158	ENSG00000151025.11	2	2	0	0	0	269	Missense_Mutation	muse;mutect2;muse;mutect2;varscan2								0.0208333333333333	FALSE
GPR161	ENSG00000143147.14	2	2	0	0	0	177	Missense_Mutation	muse;mutect2;muse;mutect2;varscan2								0.0208333333333333	FALSE
GPR26	ENSG00000154478.4	2	2	0	0	0	271	Missense_Mutation	muse;mutect2;varscan2								0.0208333333333333	FALSE
GPR83	ENSG00000123901.9	2	2	1	1	0	205	Frame_Shift_Ins;Missense_Mutation	muse;varscan2;mutect2;pindel;varscan2								0.0208333333333333	FALSE
GPR89A	ENSG00000117262.19	2	2	1	1	0	301	Frame_Shift_Ins;Missense_Mutation	muse;mutect2;varscan2;mutect2;pindel;varscan2								0.0208333333333333	FALSE
GPRIN3	ENSG00000185477.5	2	2	1	1	0	768	Missense_Mutation;Nonsense_Mutation	muse;mutect2;varscan2								0.0208333333333333	FALSE
GRAMD1B	ENSG00000023171.18	2	2	1	1	0	421	Missense_Mutation;Nonsense_Mutation	muse;mutect2;varscan2								0.0208333333333333	FALSE
GRAMD1C	ENSG00000178075.20	2	2	0	0	0	307	Missense_Mutation	muse;mutect2								0.0208333333333333	FALSE
GRIA1	ENSG00000155511.18	2	2	1	1	0	665	Frame_Shift_Del;Missense_Mutation	muse;mutect2;varscan2;mutect2;pindel								0.0208333333333333	FALSE
GRIA2	ENSG00000120251.21	2	2	0	0	0	430	Missense_Mutation	muse;mutect2;varscan2								0.0208333333333333	FALSE
GRIA3	ENSG00000125675.18	2	2	1	1	0	29	Missense_Mutation;Nonsense_Mutation	muse;mutect2;varscan2								0.0208333333333333	FALSE
GRID2	ENSG00000152208.13	2	2	0	0	0	518	Missense_Mutation	muse;mutect2;varscan2								0.0208333333333333	FALSE
GRIK2	ENSG00000164418.21	2	2	0	0	0	694	Missense_Mutation	muse;mutect2;varscan2								0.0208333333333333	FALSE
GRIK4	ENSG00000149403.13	2	2	0	0	0	664	Missense_Mutation	muse;mutect2;varscan2								0.0208333333333333	FALSE
GRIP1	ENSG00000155974.12	2	2	0	0	0	547	Missense_Mutation	muse;mutect2;muse;mutect2;varscan2								0.0208333333333333	FALSE
GTF2F1	ENSG00000125651.14	2	2	0	0	0	457	Missense_Mutation	muse;mutect2;muse;mutect2;varscan2								0.0208333333333333	FALSE
GTF2IRD1	ENSG00000006704.11	2	2	0	0	0	684	Missense_Mutation	muse;mutect2;muse;mutect2;varscan2								0.0208333333333333	FALSE
GTF3C1	ENSG00000077235.18	2	2	0	0	0	1904	Missense_Mutation	muse;mutect2;varscan2								0.0208333333333333	FALSE
GUF1	ENSG00000151806.14	2	2	0	0	0	397	Missense_Mutation	muse;mutect2;muse;mutect2;varscan2								0.0208333333333333	FALSE
GUSB	ENSG00000169919.17	2	2	0	0	0	213	Missense_Mutation	muse;mutect2;varscan2								0.0208333333333333	FALSE
GZF1	ENSG00000125812.16	2	2	0	0	0	564	Missense_Mutation	muse;mutect2;varscan2								0.0208333333333333	FALSE
H2AC12	ENSG00000274997.2	2	2	0	0	0	122	Missense_Mutation	muse;mutect2;varscan2								0.0208333333333333	FALSE
H2AC6	ENSG00000180573.9	2	2	1	1	0	81	Missense_Mutation;Nonsense_Mutation	muse;mutect2;varscan2								0.0208333333333333	FALSE
H2BC18	ENSG00000203814.6	2	2	0	0	0	94	In_Frame_Del;Missense_Mutation	muse;mutect2;pindel;varscan2								0.0208333333333333	FALSE
H3C6	ENSG00000274750.2	2	2	1	1	0	74	Frame_Shift_Del;Missense_Mutation	muse;mutect2;varscan2;mutect2;pindel;varscan2								0.0208333333333333	FALSE
H3C8	ENSG00000273983.1	2	2	1	1	0	86	Missense_Mutation;Nonsense_Mutation	muse;mutect2;varscan2								0.0208333333333333	FALSE
HAL	ENSG00000084110.11	2	2	0	0	0	274	Missense_Mutation	muse;mutect2;muse;mutect2;varscan2								0.0208333333333333	FALSE
HAUS4	ENSG00000092036.18	2	2	0	0	0	311	Missense_Mutation	muse;mutect2;varscan2								0.0208333333333333	FALSE
HAX1	ENSG00000143575.15	2	2	1	1	0	260	Frame_Shift_Del;Missense_Mutation	muse;mutect2;varscan2;mutect2;pindel;varscan2								0.0208333333333333	FALSE
HBE1	ENSG00000213931.7	2	2	1	1	0	39	Missense_Mutation;Nonsense_Mutation	muse;mutect2;varscan2								0.0208333333333333	FALSE
HCAR3	ENSG00000255398.3	2	2	0	0	0	144	Missense_Mutation	muse;mutect2;muse;mutect2;varscan2								0.0208333333333333	FALSE
HCN1	ENSG00000164588.8	2	2	1	1	0	756	Missense_Mutation;Nonsense_Mutation	muse;mutect2;varscan2								0.0208333333333333	FALSE
HECA	ENSG00000112406.5	2	2	0	0	0	539	Missense_Mutation	muse;mutect2;muse;mutect2;varscan2								0.0208333333333333	FALSE
HEPH	ENSG00000089472.16	2	2	0	0	0	708	Missense_Mutation	muse;mutect2;muse;mutect2;varscan2								0.0208333333333333	FALSE
HEYL	ENSG00000163909.8	2	2	1	1	0	218	Missense_Mutation;Nonsense_Mutation	muse;mutect2;varscan2								0.0208333333333333	FALSE
HHIP	ENSG00000164161.10	2	2	0	0	0	579	Missense_Mutation	muse;mutect2;varscan2;mutect2;varscan2								0.0208333333333333	FALSE
HIVEP1	ENSG00000095951.17	2	2	0	0	0	811	Missense_Mutation	muse;mutect2;varscan2								0.0208333333333333	FALSE
HMGXB4	ENSG00000100281.14	2	2	1	1	0	533	Missense_Mutation;Nonsense_Mutation	muse;mutect2;varscan2								0.0208333333333333	FALSE
HNF1A	ENSG00000135100.18	2	2	1	1	0	485	Missense_Mutation;Nonsense_Mutation	muse;mutect2;varscan2								0.0208333333333333	FALSE
HOOK2	ENSG00000095066.12	2	2	1	1	0	656	Missense_Mutation;Nonsense_Mutation	muse;mutect2;varscan2								0.0208333333333333	FALSE
HPF1	ENSG00000056050.7	2	2	0	0	0	263	Missense_Mutation	muse;mutect2;varscan2								0.0208333333333333	FALSE
HPX	ENSG00000110169.11	2	2	1	1	0	157	Frame_Shift_Del;Missense_Mutation	muse;mutect2;varscan2;mutect2;pindel;varscan2								0.0208333333333333	FALSE
HRNR	ENSG00000197915.7	2	2	0	0	0	1884	Missense_Mutation	muse;mutect2;muse;mutect2;varscan2								0.0208333333333333	FALSE
HS6ST1	ENSG00000136720.7	2	2	0	0	0	334	Missense_Mutation	muse;mutect2;varscan2;muse;varscan2								0.0208333333333333	FALSE
HSD17B13	ENSG00000170509.12	2	2	0	0	0	256	Missense_Mutation	muse;mutect2;muse;mutect2;varscan2								0.0208333333333333	FALSE
HSD3B2	ENSG00000203859.10	2	2	1	1	0	237	Frame_Shift_Del;Missense_Mutation	muse;mutect2;varscan2;mutect2;pindel;varscan2								0.0208333333333333	FALSE
HSP90AB1	ENSG00000096384.20	2	2	1	1	0	679	Frame_Shift_Del;Missense_Mutation	muse;mutect2;varscan2;pindel;varscan2								0.0208333333333333	FALSE
HSP90B1	ENSG00000166598.15	2	2	1	1	0	801	Frame_Shift_Del;Missense_Mutation	muse;mutect2;varscan2;mutect2;pindel;varscan2								0.0208333333333333	FALSE
HTR1F	ENSG00000179097.6	2	2	0	0	0	21	Missense_Mutation	muse;mutect2;varscan2								0.0208333333333333	FALSE
HTRA1	ENSG00000166033.13	2	2	0	0	0	451	Missense_Mutation	muse;mutect2;varscan2								0.0208333333333333	FALSE
IBSP	ENSG00000029559.7	2	2	0	0	0	57	Missense_Mutation	muse;mutect2;varscan2								0.0208333333333333	FALSE
ICAM5	ENSG00000105376.5	2	2	0	0	0	302	Missense_Mutation	muse;mutect2;muse;mutect2;varscan2								0.0208333333333333	FALSE
IFT122	ENSG00000163913.12	2	2	0	0	0	764	Missense_Mutation	muse;mutect2;varscan2								0.0208333333333333	FALSE
IFT140	ENSG00000187535.14	2	2	1	1	0	871	Missense_Mutation;Splice_Site	muse;mutect2;varscan2								0.0208333333333333	FALSE
IFT172	ENSG00000138002.16	2	2	0	0	0	1674	Missense_Mutation	muse;mutect2;muse;mutect2;varscan2								0.0208333333333333	FALSE
IFT88	ENSG00000032742.18	2	2	0	0	0	818	Missense_Mutation	muse;mutect2;varscan2								0.0208333333333333	FALSE
IGDCC4	ENSG00000103742.12	2	2	0	0	0	879	Missense_Mutation	muse;mutect2;varscan2								0.0208333333333333	FALSE
IGHMBP2	ENSG00000132740.10	2	2	0	0	0	943	Missense_Mutation	muse;mutect2;varscan2								0.0208333333333333	FALSE
IGHV3-43	ENSG00000232216.1	2	2	1	1	0	108	Missense_Mutation;Nonsense_Mutation	muse;mutect2;varscan2								0.0208333333333333	FALSE
IGKV3D-7	ENSG00000228325.5	2	2	0	0	0	87	Missense_Mutation	muse;mutect2								0.0208333333333333	FALSE
IGSF3	ENSG00000143061.18	2	2	1	1	0	595	Missense_Mutation;Nonsense_Mutation	muse;mutect2;muse;mutect2;varscan2								0.0208333333333333	FALSE
IGSF9	ENSG00000085552.17	2	2	0	0	0	744	Missense_Mutation	muse;mutect2;varscan2								0.0208333333333333	FALSE
IL1RAPL2	ENSG00000189108.13	2	2	0	0	0	684	Missense_Mutation	muse;mutect2;varscan2								0.0208333333333333	FALSE
IL22RA1	ENSG00000142677.4	2	2	0	0	0	355	Missense_Mutation	muse;mutect2;varscan2								0.0208333333333333	FALSE
IL2RG	ENSG00000147168.13	2	2	0	0	0	319	Missense_Mutation	muse;mutect2;varscan2								0.0208333333333333	FALSE
IL4R	ENSG00000077238.14	2	2	0	0	0	313	Missense_Mutation	muse;mutect2;varscan2								0.0208333333333333	FALSE
IL6ST	ENSG00000134352.20	2	2	1	1	0	583	Frame_Shift_Del;Missense_Mutation	muse;mutect2;varscan2;mutect2;pindel;varscan2								0.0208333333333333	FALSE
IMPG2	ENSG00000081148.12	2	2	0	0	0	1175	Missense_Mutation	muse;mutect2;varscan2								0.0208333333333333	FALSE
INF2	ENSG00000203485.14	2	2	0	0	0	1069	Missense_Mutation	muse;mutect2;varscan2								0.0208333333333333	FALSE
INHBE	ENSG00000139269.3	2	2	0	0	0	301	Missense_Mutation	muse;mutect2;varscan2								0.0208333333333333	FALSE
INTS2	ENSG00000108506.13	2	2	0	0	0	934	Missense_Mutation	muse;mutect2;muse;mutect2;varscan2								0.0208333333333333	FALSE
IPO5	ENSG00000065150.21	2	2	0	0	0	579	Missense_Mutation	muse;mutect2;muse;mutect2;varscan2								0.0208333333333333	FALSE
IQCG	ENSG00000114473.14	2	2	1	1	0	309	Frame_Shift_Del;Missense_Mutation	muse;mutect2;varscan2;mutect2;pindel;varscan2								0.0208333333333333	FALSE
IQGAP3	ENSG00000183856.11	2	2	0	0	0	968	Missense_Mutation	muse;mutect2;muse;mutect2;varscan2								0.0208333333333333	FALSE
IQSEC3	ENSG00000120645.12	2	2	0	0	0	369	Missense_Mutation	muse;mutect2;varscan2								0.0208333333333333	FALSE
IRGQ	ENSG00000167378.8	2	2	0	0	0	438	Missense_Mutation	muse;mutect2;varscan2;muse;varscan2								0.0208333333333333	FALSE
IRX5	ENSG00000176842.15	2	2	0	0	0	415	Missense_Mutation	muse;mutect2;varscan2								0.0208333333333333	FALSE
ISG20	ENSG00000172183.15	2	2	0	0	0	107	Missense_Mutation	muse;mutect2;varscan2								0.0208333333333333	FALSE
ITGA3	ENSG00000005884.18	2	2	2	2	0	932	Nonsense_Mutation;Splice_Site	muse;mutect2;varscan2								0.0208333333333333	FALSE
ITGA8	ENSG00000077943.8	2	2	1	1	0	975	Missense_Mutation;Nonsense_Mutation	muse;mutect2;varscan2								0.0208333333333333	FALSE
ITGAM	ENSG00000169896.18	2	2	0	0	0	1088	Missense_Mutation	muse;mutect2;varscan2								0.0208333333333333	FALSE
ITGB4	ENSG00000132470.14	2	2	0	0	0	510	In_Frame_Del;Missense_Mutation	muse;mutect2;varscan2;mutect2;pindel;varscan2								0.0208333333333333	FALSE
ITIH2	ENSG00000151655.19	2	2	1	1	0	802	Frame_Shift_Del;Missense_Mutation	muse;mutect2;varscan2;mutect2;pindel;varscan2								0.0208333333333333	FALSE
JAG2	ENSG00000184916.9	2	2	0	0	0	1051	Missense_Mutation	muse;mutect2;varscan2								0.0208333333333333	FALSE
JAK1	ENSG00000162434.13	2	2	1	1	0	860	Frame_Shift_Del;Missense_Mutation	muse;mutect2;varscan2;mutect2;varscan2								0.0208333333333333	FALSE
JAKMIP3	ENSG00000188385.12	2	2	0	0	0	273	Missense_Mutation	muse;mutect2;muse;mutect2;varscan2								0.0208333333333333	FALSE
KBTBD7	ENSG00000120696.9	2	2	0	0	0	675	Missense_Mutation	muse;mutect2;varscan2								0.0208333333333333	FALSE
KCNA1	ENSG00000111262.6	2	2	0	0	0	462	Missense_Mutation	muse;mutect2;muse;mutect2;varscan2								0.0208333333333333	FALSE
KCNA7	ENSG00000104848.1	2	2	0	0	0	242	Missense_Mutation	muse;mutect2;varscan2								0.0208333333333333	FALSE
KCNH4	ENSG00000089558.9	2	2	0	0	0	797	Missense_Mutation	muse;mutect2;varscan2								0.0208333333333333	FALSE
KCNN2	ENSG00000080709.16	2	2	0	0	0	206	Missense_Mutation	muse;mutect2;varscan2								0.0208333333333333	FALSE
KCNQ2	ENSG00000075043.19	2	2	1	1	0	656	Frame_Shift_Del;Missense_Mutation	muse;mutect2;varscan2;mutect2;varscan2								0.0208333333333333	FALSE
KCTD19	ENSG00000168676.11	2	2	0	0	0	871	Missense_Mutation	muse;mutect2;varscan2								0.0208333333333333	FALSE
KDM1B	ENSG00000165097.16	2	2	1	1	0	745	Frame_Shift_Ins;Missense_Mutation	muse;mutect2;mutect2;pindel;varscan2								0.0208333333333333	FALSE
KDM2B	ENSG00000089094.19	2	2	0	0	0	1205	Missense_Mutation	muse;mutect2;varscan2								0.0208333333333333	FALSE
KDM3B	ENSG00000120733.14	2	2	0	0	0	1384	Missense_Mutation	muse;mutect2;varscan2								0.0208333333333333	FALSE
KDM4C	ENSG00000107077.19	2	2	0	0	0	708	Missense_Mutation	muse;mutect2;varscan2								0.0208333333333333	FALSE
KDM5A	ENSG00000073614.13	2	2	1	1	0	1114	Missense_Mutation;Nonsense_Mutation	muse;mutect2;muse;mutect2;varscan2								0.0208333333333333	FALSE
KDR	ENSG00000128052.10	2	2	0	0	0	784	Missense_Mutation	muse;mutect2;varscan2								0.0208333333333333	FALSE
KERA	ENSG00000139330.6	2	2	0	0	0	226	Missense_Mutation	muse;mutect2;muse;mutect2;varscan2								0.0208333333333333	FALSE
KIAA0319L	ENSG00000142687.18	2	2	1	1	0	624	Missense_Mutation;Nonsense_Mutation	muse;mutect2;varscan2								0.0208333333333333	FALSE
KIAA0408	ENSG00000189367.15	2	2	0	0	0	593	Missense_Mutation	muse;mutect2;varscan2								0.0208333333333333	FALSE
KIAA1210	ENSG00000250423.2	2	2	0	0	0	1391	Missense_Mutation	muse;mutect2;varscan2								0.0208333333333333	FALSE
KIAA2026	ENSG00000183354.12	2	2	1	1	0	1093	Frame_Shift_Del;Missense_Mutation	muse;mutect2;varscan2;mutect2;pindel;varscan2								0.0208333333333333	FALSE
KIF11	ENSG00000138160.7	2	2	0	0	0	869	Missense_Mutation	muse;mutect2;muse;mutect2;varscan2								0.0208333333333333	FALSE
KIF15	ENSG00000163808.17	2	2	0	0	0	1168	Missense_Mutation	muse;mutect2;varscan2								0.0208333333333333	FALSE
KIF16B	ENSG00000089177.19	2	2	0	0	0	415	Missense_Mutation	muse;mutect2;varscan2								0.0208333333333333	FALSE
KIF2B	ENSG00000141200.8	2	2	0	0	0	245	Missense_Mutation	muse;mutect2;varscan2								0.0208333333333333	FALSE
KIF5B	ENSG00000170759.11	2	2	1	1	0	265	Frame_Shift_Del;Missense_Mutation	muse;mutect2;varscan2;mutect2;pindel;varscan2								0.0208333333333333	FALSE
KIF5C	ENSG00000168280.18	2	2	0	0	0	722	Missense_Mutation	muse;mutect2;varscan2								0.0208333333333333	FALSE
KIF7	ENSG00000166813.16	2	2	0	0	0	1311	Missense_Mutation	muse;mutect2;varscan2;muse;varscan2								0.0208333333333333	FALSE
KIRREL1	ENSG00000183853.18	2	2	0	0	0	603	Missense_Mutation	muse;mutect2;varscan2								0.0208333333333333	FALSE
KLB	ENSG00000134962.7	2	2	0	0	0	947	Missense_Mutation	muse;mutect2;varscan2								0.0208333333333333	FALSE
KLHL20	ENSG00000076321.11	2	2	0	0	0	550	Missense_Mutation	muse;mutect2;muse;mutect2;varscan2								0.0208333333333333	FALSE
KLHL22	ENSG00000099910.17	2	2	0	0	0	245	Missense_Mutation	muse;mutect2;muse;mutect2;varscan2								0.0208333333333333	FALSE
KLHL30	ENSG00000168427.9	2	2	0	0	0	193	Missense_Mutation	muse;mutect2;varscan2								0.0208333333333333	FALSE
KLHL4	ENSG00000102271.14	2	2	1	1	0	414	Missense_Mutation;Nonsense_Mutation	muse;mutect2;varscan2								0.0208333333333333	FALSE
KLHL6	ENSG00000172578.12	2	2	1	1	0	561	Missense_Mutation;Nonsense_Mutation	muse;mutect2;varscan2								0.0208333333333333	FALSE
KMT2E	ENSG00000005483.21	2	2	0	0	0	507	Missense_Mutation	muse;mutect2;muse;mutect2;varscan2								0.0208333333333333	FALSE
KNDC1	ENSG00000171798.18	2	2	0	0	0	1059	Missense_Mutation	muse;mutect2;varscan2								0.0208333333333333	FALSE
KNTC1	ENSG00000184445.12	2	2	0	0	0	686	Missense_Mutation	muse;mutect2;varscan2								0.0208333333333333	FALSE
KRBA1	ENSG00000133619.17	2	2	0	0	0	528	Missense_Mutation	muse;mutect2;muse;mutect2;varscan2								0.0208333333333333	FALSE
KREMEN1	ENSG00000183762.13	2	2	0	0	0	358	Missense_Mutation	muse;mutect2;varscan2								0.0208333333333333	FALSE
KRT14	ENSG00000186847.6	2	2	2	2	0	294	Frame_Shift_Del	mutect2;pindel;varscan2								0.0208333333333333	FALSE
KRT25	ENSG00000204897.7	2	2	0	0	0	223	Missense_Mutation	muse;mutect2;varscan2								0.0208333333333333	FALSE
KRT33B	ENSG00000131738.11	2	2	0	0	0	334	Missense_Mutation;Splice_Region	muse;mutect2;varscan2								0.0208333333333333	FALSE
KRT81	ENSG00000205426.10	2	2	0	0	0	350	Missense_Mutation	muse;mutect2;varscan2								0.0208333333333333	FALSE
LAMB1	ENSG00000091136.15	2	2	0	0	0	1531	Missense_Mutation	muse;mutect2;varscan2								0.0208333333333333	FALSE
LAMB4	ENSG00000091128.13	2	2	0	0	0	1404	Missense_Mutation	muse;mutect2								0.0208333333333333	FALSE
LAMP3	ENSG00000078081.8	2	2	1	1	0	219	Missense_Mutation;Nonsense_Mutation	muse;mutect2;varscan2								0.0208333333333333	FALSE
LANCL1	ENSG00000115365.12	2	2	0	0	0	359	Missense_Mutation	muse;mutect2;muse;mutect2;varscan2								0.0208333333333333	FALSE
LCT	ENSG00000115850.10	2	2	0	0	0	1444	Missense_Mutation	muse;mutect2;varscan2								0.0208333333333333	FALSE
LEMD3	ENSG00000174106.3	2	2	1	1	0	735	Missense_Mutation;Nonsense_Mutation	muse;mutect2;muse;mutect2;varscan2								0.0208333333333333	FALSE
LEO1	ENSG00000166477.13	2	2	0	0	0	532	Missense_Mutation	muse;mutect2;varscan2								0.0208333333333333	FALSE
LEPR	ENSG00000116678.20	2	2	0	0	0	595	Missense_Mutation	muse;mutect2;varscan2;muse;varscan2								0.0208333333333333	FALSE
LFNG	ENSG00000106003.13	2	2	0	0	0	238	Missense_Mutation	muse;mutect2;varscan2								0.0208333333333333	FALSE
LGI2	ENSG00000153012.12	2	2	0	0	0	266	Missense_Mutation	muse;mutect2;varscan2								0.0208333333333333	FALSE
LGR6	ENSG00000133067.17	2	2	0	0	0	714	Missense_Mutation	muse;mutect2;varscan2								0.0208333333333333	FALSE
LGSN	ENSG00000146166.17	2	2	0	0	0	493	Missense_Mutation	muse;mutect2;varscan2								0.0208333333333333	FALSE
LILRA6	ENSG00000244482.10	2	2	0	0	0	428	In_Frame_Del;Missense_Mutation	muse;mutect2;varscan2;mutect2;varscan2								0.0208333333333333	FALSE
LILRB1	ENSG00000104972.15	2	2	0	0	0	579	Missense_Mutation	muse;mutect2;muse;mutect2;varscan2								0.0208333333333333	FALSE
LLGL1	ENSG00000131899.11	2	2	0	0	0	292	Missense_Mutation	muse;mutect2;varscan2								0.0208333333333333	FALSE
LMNB2	ENSG00000176619.13	2	2	0	0	0	530	Missense_Mutation	muse;mutect2;varscan2								0.0208333333333333	FALSE
LNX1	ENSG00000072201.14	2	2	0	0	0	399	Missense_Mutation	muse;mutect2;varscan2								0.0208333333333333	FALSE
LONP2	ENSG00000102910.14	2	2	0	0	0	279	Missense_Mutation	muse;mutect2;muse;mutect2;varscan2								0.0208333333333333	FALSE
LPA	ENSG00000198670.12	2	2	0	0	0	1934	Missense_Mutation	muse;mutect2;varscan2								0.0208333333333333	FALSE
LRRC41	ENSG00000132128.16	2	2	0	0	0	158	Missense_Mutation	muse;mutect2;muse;mutect2;varscan2								0.0208333333333333	FALSE
LRRC56	ENSG00000161328.11	2	2	0	0	0	401	Missense_Mutation	muse;mutect2;varscan2								0.0208333333333333	FALSE
LRRCC1	ENSG00000133739.16	2	2	0	0	0	211	Missense_Mutation	muse;mutect2;muse;mutect2;varscan2								0.0208333333333333	FALSE
LRRK1	ENSG00000154237.13	2	2	0	0	0	325	Missense_Mutation	muse;mutect2;varscan2								0.0208333333333333	FALSE
LRRN3	ENSG00000173114.13	2	2	0	0	0	531	Missense_Mutation	muse;mutect2;muse;mutect2;varscan2								0.0208333333333333	FALSE
LZTR1	ENSG00000099949.21	2	2	1	1	0	514	Missense_Mutation;Splice_Site	muse;mutect2;varscan2								0.0208333333333333	FALSE
MAB21L2	ENSG00000181541.6	2	2	0	0	0	169	Missense_Mutation	muse;mutect2;muse;mutect2;varscan2								0.0208333333333333	FALSE
MAGI1	ENSG00000151276.23	2	2	0	0	0	1307	In_Frame_Ins;Missense_Mutation	muse;mutect2;varscan2;pindel;varscan2								0.0208333333333333	FALSE
MAMLD1	ENSG00000013619.14	2	2	0	0	0	468	Missense_Mutation	muse;mutect2;muse;mutect2;varscan2								0.0208333333333333	FALSE
MAN2C1	ENSG00000140400.17	2	2	0	0	0	664	Missense_Mutation	muse;mutect2;varscan2								0.0208333333333333	FALSE
MAOB	ENSG00000069535.14	2	2	2	2	0	135	Frame_Shift_Del;Nonsense_Mutation	muse;mutect2;varscan2;mutect2;pindel;varscan2								0.0208333333333333	FALSE
MAP2K1	ENSG00000169032.10	2	2	1	1	0	360	Frame_Shift_Del;Missense_Mutation	muse;mutect2;varscan2;mutect2;pindel;varscan2								0.0208333333333333	FALSE
MAP3K10	ENSG00000130758.8	2	2	0	0	0	282	Missense_Mutation	muse;mutect2;muse;mutect2;varscan2								0.0208333333333333	FALSE
MAP3K11	ENSG00000173327.8	2	2	0	0	0	550	Missense_Mutation	muse;mutect2;muse;mutect2;varscan2								0.0208333333333333	FALSE
MAP3K14	ENSG00000006062.17	2	2	1	1	0	809	Frame_Shift_Del;Missense_Mutation	muse;mutect2;varscan2;mutect2;pindel;varscan2								0.0208333333333333	FALSE
MAP3K2	ENSG00000169967.16	2	2	1	1	0	374	Frame_Shift_Del;Missense_Mutation	muse;mutect2;varscan2;mutect2;pindel;varscan2								0.0208333333333333	FALSE
MAP3K20	ENSG00000091436.17	2	2	0	0	0	795	Missense_Mutation	muse;mutect2;varscan2								0.0208333333333333	FALSE
MAP3K5	ENSG00000197442.10	2	2	0	0	0	400	Missense_Mutation	muse;mutect2;varscan2								0.0208333333333333	FALSE
MAP4K5	ENSG00000012983.11	2	2	1	1	0	728	Frame_Shift_Del;Missense_Mutation	muse;mutect2;varscan2;mutect2;pindel;varscan2								0.0208333333333333	FALSE
MAP6	ENSG00000171533.11	2	2	0	0	0	664	Missense_Mutation	muse;mutect2;varscan2								0.0208333333333333	FALSE
MAP7D2	ENSG00000184368.16	2	2	1	1	0	645	Missense_Mutation;Nonsense_Mutation	muse;mutect2;varscan2								0.0208333333333333	FALSE
MAPK6	ENSG00000069956.12	2	2	0	0	0	608	Missense_Mutation	muse;mutect2;varscan2								0.0208333333333333	FALSE
MAPKBP1	ENSG00000137802.14	2	2	0	0	0	1371	Missense_Mutation	muse;mutect2;varscan2								0.0208333333333333	FALSE
MARCHF10	ENSG00000173838.12	2	2	1	1	0	64	Missense_Mutation;Nonsense_Mutation	muse;mutect2;varscan2								0.0208333333333333	FALSE
MARCHF6	ENSG00000145495.16	2	2	1	1	0	541	Missense_Mutation;Nonsense_Mutation	muse;mutect2;varscan2								0.0208333333333333	FALSE
MARCO	ENSG00000019169.10	2	2	0	0	0	279	Missense_Mutation	muse;mutect2;muse;mutect2;varscan2								0.0208333333333333	FALSE
MARK1	ENSG00000116141.17	2	2	0	0	0	245	Missense_Mutation	muse;mutect2;varscan2								0.0208333333333333	FALSE
MB21D2	ENSG00000180611.7	2	2	0	0	0	311	Missense_Mutation	muse;mutect2;varscan2								0.0208333333333333	FALSE
MBTPS2	ENSG00000012174.12	2	2	1	1	0	380	Frame_Shift_Ins;Missense_Mutation	muse;mutect2;varscan2;mutect2;varscan2								0.0208333333333333	FALSE
MCC	ENSG00000171444.18	2	2	1	1	0	619	Frame_Shift_Ins;Missense_Mutation	muse;mutect2;varscan2;mutect2;pindel;varscan2								0.0208333333333333	FALSE
MCF2L2	ENSG00000053524.12	2	2	1	1	0	802	Missense_Mutation;Nonsense_Mutation	muse;mutect2;muse;mutect2;varscan2								0.0208333333333333	FALSE
MCM3	ENSG00000112118.20	2	2	1	1	0	697	Frame_Shift_Del;Missense_Mutation	muse;mutect2;varscan2;mutect2;pindel;varscan2								0.0208333333333333	FALSE
MDGA2	ENSG00000139915.21	2	2	1	1	0	757	Frame_Shift_Del;Missense_Mutation	muse;mutect2;varscan2;mutect2;pindel;varscan2								0.0208333333333333	FALSE
MDM2	ENSG00000135679.25	2	2	1	1	0	470	Frame_Shift_Del;Missense_Mutation	muse;mutect2;varscan2;mutect2;pindel;varscan2								0.0208333333333333	FALSE
MED12L	ENSG00000144893.12	2	2	0	0	0	1627	Missense_Mutation	muse;mutect2								0.0208333333333333	FALSE
MED13L	ENSG00000123066.9	2	2	0	0	0	2005	Missense_Mutation	muse;mutect2;varscan2								0.0208333333333333	FALSE
MEI1	ENSG00000167077.13	2	2	0	0	0	1046	Missense_Mutation	muse;mutect2;varscan2								0.0208333333333333	FALSE
MEIS1	ENSG00000143995.20	2	2	0	0	0	260	Missense_Mutation	muse;mutect2;muse;mutect2;varscan2								0.0208333333333333	FALSE
MGAT4A	ENSG00000071073.13	2	2	0	0	0	250	Missense_Mutation	muse;mutect2;muse;mutect2;varscan2								0.0208333333333333	FALSE
MGAT5B	ENSG00000167889.13	2	2	0	0	0	435	Missense_Mutation	muse;mutect2;varscan2								0.0208333333333333	FALSE
MGRN1	ENSG00000102858.13	2	2	1	1	0	356	Missense_Mutation;Splice_Site	muse;mutect2;muse;mutect2;varscan2								0.0208333333333333	FALSE
MICAL3	ENSG00000243156.9	2	2	0	0	0	514	Missense_Mutation	muse;mutect2;varscan2								0.0208333333333333	FALSE
MIOS	ENSG00000164654.16	2	2	0	0	0	719	Missense_Mutation	muse;mutect2;varscan2;mutect2;varscan2								0.0208333333333333	FALSE
MKRN3	ENSG00000179455.10	2	2	1	1	0	314	Missense_Mutation;Nonsense_Mutation	muse;mutect2;varscan2								0.0208333333333333	FALSE
MLLT10	ENSG00000078403.17	2	2	0	0	0	641	Missense_Mutation	muse;mutect2;varscan2								0.0208333333333333	FALSE
MME	ENSG00000196549.12	2	2	0	0	0	691	Missense_Mutation	muse;mutect2;varscan2								0.0208333333333333	FALSE
MMP14	ENSG00000157227.13	2	2	0	0	0	63	Missense_Mutation	muse;mutect2;varscan2								0.0208333333333333	FALSE
MMP16	ENSG00000156103.16	2	2	0	0	0	149	Missense_Mutation	muse;mutect2;varscan2								0.0208333333333333	FALSE
MMP26	ENSG00000167346.7	2	2	0	0	0	28	Missense_Mutation	muse;mutect2;varscan2;mutect2;varscan2								0.0208333333333333	FALSE
MOCS3	ENSG00000124217.5	2	2	0	0	0	332	Missense_Mutation	muse;mutect2;varscan2								0.0208333333333333	FALSE
MORC1	ENSG00000114487.10	2	2	0	0	0	672	Missense_Mutation	muse;mutect2;varscan2								0.0208333333333333	FALSE
MORC2	ENSG00000133422.14	2	2	0	0	0	984	Missense_Mutation	muse;mutect2;varscan2								0.0208333333333333	FALSE
MOSPD2	ENSG00000130150.12	2	2	1	1	0	186	Missense_Mutation;Nonsense_Mutation	muse;mutect2;varscan2								0.0208333333333333	FALSE
MPHOSPH8	ENSG00000196199.14	2	2	0	0	0	601	Missense_Mutation	muse;mutect2;varscan2;mutect2;varscan2								0.0208333333333333	FALSE
MPL	ENSG00000117400.18	2	2	0	0	0	478	Missense_Mutation;Splice_Region	muse;mutect2;muse;mutect2;varscan2								0.0208333333333333	FALSE
MRGPRF	ENSG00000172935.9	2	2	0	0	0	162	Missense_Mutation	muse;mutect2								0.0208333333333333	FALSE
MROH1	ENSG00000179832.17	2	2	1	1	0	803	Frame_Shift_Ins;Missense_Mutation	muse;mutect2;varscan2;mutect2;pindel;varscan2								0.0208333333333333	FALSE
MROH7	ENSG00000184313.20	2	2	0	0	0	764	Missense_Mutation	muse;mutect2;muse;varscan2								0.0208333333333333	FALSE
MRPL58	ENSG00000167862.10	2	2	0	0	0	83	Missense_Mutation	muse;mutect2;varscan2								0.0208333333333333	FALSE
MRPS36	ENSG00000134056.12	2	2	0	0	0	75	Missense_Mutation	muse;mutect2;muse;mutect2;varscan2								0.0208333333333333	FALSE
MS4A10	ENSG00000172689.2	2	2	0	0	0	223	Missense_Mutation	muse;mutect2;varscan2								0.0208333333333333	FALSE
MSH6	ENSG00000116062.17	2	2	1	1	0	1274	Frame_Shift_Ins;Missense_Mutation	muse;mutect2;varscan2;mutect2;pindel;varscan2								0.0208333333333333	FALSE
MTHFD1L	ENSG00000120254.16	2	2	0	0	0	685	Missense_Mutation	muse;mutect2;varscan2								0.0208333333333333	FALSE
MTR	ENSG00000116984.14	2	2	0	0	0	959	Missense_Mutation	muse;mutect2;varscan2								0.0208333333333333	FALSE
MUC15	ENSG00000169550.14	2	2	0	0	0	53	Missense_Mutation	muse;mutect2;muse;mutect2;varscan2								0.0208333333333333	FALSE
MUC7	ENSG00000171195.11	2	2	0	0	0	218	Missense_Mutation	muse;mutect2;varscan2								0.0208333333333333	FALSE
MUL1	ENSG00000090432.7	2	2	0	0	0	220	Missense_Mutation	muse;mutect2								0.0208333333333333	FALSE
MVP	ENSG00000013364.19	2	2	1	1	0	878	Missense_Mutation;Nonsense_Mutation	muse;mutect2;muse;mutect2;varscan2								0.0208333333333333	FALSE
MYB	ENSG00000118513.19	2	2	1	1	0	487	Missense_Mutation;Splice_Site	muse;mutect2;varscan2								0.0208333333333333	FALSE
MYH1	ENSG00000109061.10	2	2	0	0	0	838	Missense_Mutation	muse;mutect2;varscan2								0.0208333333333333	FALSE
MYH10	ENSG00000133026.13	2	2	0	0	0	1544	Missense_Mutation	muse;mutect2;muse;mutect2;varscan2								0.0208333333333333	FALSE
MYH15	ENSG00000144821.10	2	2	0	0	0	1547	Missense_Mutation	muse;mutect2;muse;mutect2;varscan2								0.0208333333333333	FALSE
MYH4	ENSG00000264424.1	2	2	0	0	0	1706	Missense_Mutation	muse;mutect2;varscan2								0.0208333333333333	FALSE
MYH8	ENSG00000133020.4	2	2	1	1	0	1348	Frame_Shift_Del;Missense_Mutation	muse;mutect2;varscan2;mutect2;pindel;varscan2								0.0208333333333333	FALSE
MYNN	ENSG00000085274.16	2	2	1	1	0	140	Missense_Mutation;Nonsense_Mutation	muse;mutect2;muse;mutect2;varscan2								0.0208333333333333	FALSE
MYO15A	ENSG00000091536.19	2	2	0	0	0	351	Missense_Mutation	muse;mutect2;varscan2								0.0208333333333333	FALSE
MYO18A	ENSG00000196535.17	2	2	0	0	0	1934	Missense_Mutation	muse;mutect2;muse;mutect2;varscan2								0.0208333333333333	FALSE
MYO1F	ENSG00000142347.19	2	2	0	0	0	1038	Missense_Mutation	muse;mutect2;varscan2								0.0208333333333333	FALSE
MYO7A	ENSG00000137474.22	2	2	0	0	0	1303	Missense_Mutation	muse;mutect2;varscan2								0.0208333333333333	FALSE
MYO9B	ENSG00000099331.13	2	2	0	0	0	1704	Missense_Mutation	muse;mutect2;muse;mutect2;varscan2								0.0208333333333333	FALSE
N4BP2	ENSG00000078177.14	2	2	0	0	0	1618	Missense_Mutation	muse;mutect2;muse;mutect2;varscan2								0.0208333333333333	FALSE
NAA25	ENSG00000111300.10	2	2	1	1	0	837	Frame_Shift_Del;Missense_Mutation	muse;mutect2;varscan2;mutect2;pindel;varscan2								0.0208333333333333	FALSE
NAALAD2	ENSG00000077616.11	2	2	0	0	0	151	Missense_Mutation	muse;mutect2;muse;mutect2;varscan2								0.0208333333333333	FALSE
NALCN	ENSG00000102452.18	2	2	1	1	0	1019	Missense_Mutation;Splice_Site	muse;mutect2;muse;mutect2;varscan2								0.0208333333333333	FALSE
NAP1L4	ENSG00000205531.13	2	2	0	0	0	283	Missense_Mutation	muse;mutect2;varscan2								0.0208333333333333	FALSE
NARF	ENSG00000141562.18	2	2	0	0	0	417	Missense_Mutation	muse;mutect2;varscan2								0.0208333333333333	FALSE
NAV2	ENSG00000166833.22	2	2	0	0	0	1272	Missense_Mutation	muse;mutect2;varscan2								0.0208333333333333	FALSE
NCAN	ENSG00000130287.14	2	2	0	0	0	675	Missense_Mutation	muse;mutect2;varscan2								0.0208333333333333	FALSE
NCDN	ENSG00000020129.16	2	2	0	0	0	506	Missense_Mutation	muse;mutect2;varscan2								0.0208333333333333	FALSE
NCOA2	ENSG00000140396.13	2	2	0	0	0	1013	Missense_Mutation	muse;mutect2;varscan2								0.0208333333333333	FALSE
NCOA4	ENSG00000266412.5	2	2	0	0	0	594	Missense_Mutation	muse;mutect2;varscan2								0.0208333333333333	FALSE
NDNF	ENSG00000173376.14	2	2	1	1	0	500	Missense_Mutation;Nonsense_Mutation	muse;mutect2;varscan2;muse;varscan2								0.0208333333333333	FALSE
NDST3	ENSG00000164100.9	2	2	0	0	0	781	Missense_Mutation	muse;mutect2;varscan2								0.0208333333333333	FALSE
NDST4	ENSG00000138653.10	2	2	0	0	0	214	Missense_Mutation	muse;mutect2;varscan2								0.0208333333333333	FALSE
NECAB1	ENSG00000123119.12	2	2	0	0	0	295	Missense_Mutation	muse;mutect2;muse;mutect2;varscan2								0.0208333333333333	FALSE
NECTIN1	ENSG00000110400.11	2	2	1	1	0	296	Missense_Mutation;Nonsense_Mutation	muse;mutect2;varscan2								0.0208333333333333	FALSE
NECTIN3	ENSG00000177707.11	2	2	0	0	0	431	Missense_Mutation	muse;mutect2;varscan2								0.0208333333333333	FALSE
NEDD8	ENSG00000129559.13	2	2	0	0	0	59	Missense_Mutation	muse;mutect2;muse;mutect2;varscan2								0.0208333333333333	FALSE
NEK11	ENSG00000114670.14	2	2	0	0	0	509	Missense_Mutation	muse;mutect2;varscan2;muse;varscan2								0.0208333333333333	FALSE
NELL1	ENSG00000165973.19	2	2	0	0	0	728	Missense_Mutation	muse;mutect2;varscan2;muse;varscan2								0.0208333333333333	FALSE
NEXMIF	ENSG00000050030.16	2	2	0	0	0	1399	Missense_Mutation	muse;mutect2;varscan2								0.0208333333333333	FALSE
NF1	ENSG00000196712.18	2	2	1	1	0	2359	Missense_Mutation;Nonsense_Mutation	muse;mutect2;varscan2								0.0208333333333333	FALSE
NFATC4	ENSG00000100968.14	2	2	0	0	0	798	Missense_Mutation	muse;mutect2;varscan2								0.0208333333333333	FALSE
NIBAN1	ENSG00000135842.17	2	2	0	0	0	253	Missense_Mutation	muse;mutect2;varscan2								0.0208333333333333	FALSE
NIN	ENSG00000100503.26	2	2	0	0	0	2052	Missense_Mutation	muse;mutect2;varscan2								0.0208333333333333	FALSE
NKPD1	ENSG00000179846.10	2	2	1	1	0	544	Missense_Mutation;Nonsense_Mutation	muse;mutect2;varscan2								0.0208333333333333	FALSE
NLRC3	ENSG00000167984.18	2	2	0	0	0	978	Missense_Mutation	muse;mutect2;varscan2								0.0208333333333333	FALSE
NLRC4	ENSG00000091106.19	2	2	0	0	0	910	Missense_Mutation	muse;mutect2;varscan2								0.0208333333333333	FALSE
NLRP11	ENSG00000179873.14	2	2	0	0	0	881	Missense_Mutation	muse;mutect2;varscan2								0.0208333333333333	FALSE
NLRP12	ENSG00000142405.22	2	2	0	0	0	644	Missense_Mutation	muse;mutect2;varscan2								0.0208333333333333	FALSE
NLRP2	ENSG00000022556.16	2	2	0	0	0	800	Missense_Mutation	muse;mutect2;varscan2								0.0208333333333333	FALSE
NOBOX	ENSG00000106410.15	2	2	2	2	0	360	Frame_Shift_Del;Nonsense_Mutation	muse;mutect2;varscan2;mutect2;pindel;varscan2								0.0208333333333333	FALSE
NOC2L	ENSG00000188976.11	2	2	0	0	0	749	Missense_Mutation	muse;mutect2;varscan2								0.0208333333333333	FALSE
NOC3L	ENSG00000173145.11	2	2	1	1	0	575	Missense_Mutation;Nonsense_Mutation	muse;mutect2;muse;mutect2;varscan2								0.0208333333333333	FALSE
NOD1	ENSG00000106100.11	2	2	0	0	0	822	Missense_Mutation	muse;mutect2;varscan2								0.0208333333333333	FALSE
NOP58	ENSG00000055044.11	2	2	0	0	0	149	Missense_Mutation	muse;mutect2;varscan2								0.0208333333333333	FALSE
NOX4	ENSG00000086991.13	2	2	0	0	0	215	Missense_Mutation	muse;mutect2;varscan2								0.0208333333333333	FALSE
NOXRED1	ENSG00000165555.9	2	2	0	0	0	299	Missense_Mutation;Splice_Region	muse;mutect2;varscan2								0.0208333333333333	FALSE
NPAS2	ENSG00000170485.17	2	2	0	0	0	542	Missense_Mutation	muse;mutect2;varscan2								0.0208333333333333	FALSE
NPAS3	ENSG00000151322.19	2	2	0	0	0	839	Missense_Mutation	muse;mutect2;varscan2								0.0208333333333333	FALSE
NPAS4	ENSG00000174576.10	2	2	0	0	0	365	Missense_Mutation	muse;mutect2;varscan2								0.0208333333333333	FALSE
NPAT	ENSG00000149308.17	2	2	1	1	0	1325	Missense_Mutation;Splice_Site	muse;mutect2;varscan2								0.0208333333333333	FALSE
NPVF	ENSG00000105954.2	2	2	0	0	0	175	Missense_Mutation	muse;mutect2;varscan2								0.0208333333333333	FALSE
NRK	ENSG00000123572.17	2	2	0	0	0	1272	Missense_Mutation	muse;mutect2;varscan2								0.0208333333333333	FALSE
NSMAF	ENSG00000035681.9	2	2	0	0	0	635	Missense_Mutation	muse;mutect2;varscan2								0.0208333333333333	FALSE
NTM	ENSG00000182667.14	2	2	0	0	0	96	Missense_Mutation	muse;mutect2;varscan2								0.0208333333333333	FALSE
NTRK1	ENSG00000198400.12	2	2	0	0	0	313	Missense_Mutation	muse;mutect2;varscan2								0.0208333333333333	FALSE
NUAK1	ENSG00000074590.13	2	2	0	0	0	608	Missense_Mutation	muse;mutect2;varscan2								0.0208333333333333	FALSE
NUAK2	ENSG00000163545.11	2	2	0	0	0	212	Missense_Mutation	muse;mutect2;muse;mutect2;varscan2								0.0208333333333333	FALSE
NUDCD3	ENSG00000015676.18	2	2	0	0	0	275	Missense_Mutation	muse;mutect2;varscan2								0.0208333333333333	FALSE
NUP107	ENSG00000111581.10	2	2	0	0	0	724	Missense_Mutation	muse;mutect2;varscan2;muse;varscan2								0.0208333333333333	FALSE
NUP210L	ENSG00000143552.9	2	2	0	0	0	1475	Missense_Mutation	muse;mutect2;muse;mutect2;varscan2								0.0208333333333333	FALSE
NVL	ENSG00000143748.18	2	2	0	0	0	230	Missense_Mutation	muse;mutect2;varscan2								0.0208333333333333	FALSE
ODF2	ENSG00000136811.16	2	2	0	0	0	496	Missense_Mutation	muse;mutect2;varscan2								0.0208333333333333	FALSE
OGDH	ENSG00000105953.15	2	2	1	1	0	678	Missense_Mutation;Nonsense_Mutation	muse;mutect2;varscan2								0.0208333333333333	FALSE
OGDHL	ENSG00000197444.10	2	2	0	0	0	817	Missense_Mutation	muse;mutect2;varscan2								0.0208333333333333	FALSE
OLFM1	ENSG00000130558.20	2	2	0	0	0	369	Missense_Mutation	muse;mutect2;varscan2								0.0208333333333333	FALSE
OLFML2B	ENSG00000162745.10	2	2	0	0	0	642	Missense_Mutation	muse;mutect2;varscan2								0.0208333333333333	FALSE
OPN4	ENSG00000122375.12	2	2	0	0	0	406	Missense_Mutation	muse;mutect2;varscan2								0.0208333333333333	FALSE
OPTN	ENSG00000123240.17	2	2	0	0	0	501	Missense_Mutation	muse;mutect2;muse;mutect2;varscan2								0.0208333333333333	FALSE
OR10A2	ENSG00000170790.5	2	2	1	1	0	289	Missense_Mutation;Nonsense_Mutation	muse;mutect2;varscan2								0.0208333333333333	FALSE
OR10G7	ENSG00000182634.9	2	2	0	0	0	269	Missense_Mutation	muse;mutect2;varscan2								0.0208333333333333	FALSE
OR13C3	ENSG00000204246.3	2	2	0	0	0	192	Missense_Mutation	muse;mutect2;muse;mutect2;varscan2								0.0208333333333333	FALSE
OR14K1	ENSG00000153230.4	2	2	0	0	0	244	Missense_Mutation	muse;mutect2;muse;mutect2;varscan2								0.0208333333333333	FALSE
OR2B2	ENSG00000168131.4	2	2	0	0	0	269	Missense_Mutation	muse;mutect2;varscan2								0.0208333333333333	FALSE
OR2D3	ENSG00000178358.4	2	2	0	0	0	301	Missense_Mutation	muse;mutect2;varscan2								0.0208333333333333	FALSE
OR2F2	ENSG00000221910.2	2	2	0	0	0	155	Missense_Mutation	muse;mutect2;varscan2								0.0208333333333333	FALSE
OR2T11	ENSG00000279301.4	2	2	0	0	0	84	Missense_Mutation	muse;mutect2;varscan2								0.0208333333333333	FALSE
OR2W1	ENSG00000204704.2	2	2	0	0	0	298	Missense_Mutation	muse;mutect2;varscan2;muse;varscan2								0.0208333333333333	FALSE
OR4C46	ENSG00000185926.1	2	2	0	0	0	230	Missense_Mutation	muse;mutect2;varscan2								0.0208333333333333	FALSE
OR4K1	ENSG00000155249.5	2	2	1	1	0	149	Missense_Mutation;Nonsense_Mutation	muse;mutect2;muse;mutect2;varscan2								0.0208333333333333	FALSE
OR4K14	ENSG00000169484.4	2	2	0	0	0	259	Missense_Mutation	muse;mutect2;varscan2								0.0208333333333333	FALSE
OR4N2	ENSG00000176294.6	2	2	0	0	0	290	Missense_Mutation	muse;mutect2;varscan2								0.0208333333333333	FALSE
OR4S2	ENSG00000174982.4	2	2	1	1	0	117	Frame_Shift_Del;Missense_Mutation	muse;mutect2;varscan2;mutect2;pindel;varscan2								0.0208333333333333	FALSE
OR51G2	ENSG00000176893.5	2	2	0	0	0	209	Missense_Mutation	muse;mutect2;varscan2								0.0208333333333333	FALSE
OR52L1	ENSG00000183313.4	2	2	0	0	0	263	Missense_Mutation	muse;mutect2;varscan2								0.0208333333333333	FALSE
OR52N1	ENSG00000181001.3	2	2	0	0	0	304	Missense_Mutation	muse;mutect2;varscan2								0.0208333333333333	FALSE
OR5D13	ENSG00000279761.2	2	2	0	0	0	167	Missense_Mutation	muse;mutect2;varscan2								0.0208333333333333	FALSE
OR5L2	ENSG00000205030.1	2	2	0	0	0	67	Missense_Mutation	muse;mutect2;varscan2								0.0208333333333333	FALSE
OR6K6	ENSG00000180433.5	2	2	1	1	0	280	Frame_Shift_Ins;Missense_Mutation	muse;mutect2;varscan2;mutect2;pindel;varscan2								0.0208333333333333	FALSE
OR8G5	ENSG00000255298.4	2	2	0	0	0	213	In_Frame_Del;Missense_Mutation	muse;mutect2;varscan2;mutect2;pindel;varscan2								0.0208333333333333	FALSE
OR8H2	ENSG00000181767.3	2	2	0	0	0	66	Missense_Mutation	muse;mutect2;varscan2								0.0208333333333333	FALSE
OR8I2	ENSG00000172154.10	2	2	0	0	0	183	Missense_Mutation	muse;mutect2;varscan2								0.0208333333333333	FALSE
OSBPL9	ENSG00000117859.19	2	2	0	0	0	681	Missense_Mutation	muse;mutect2;varscan2								0.0208333333333333	FALSE
OTOGL	ENSG00000165899.11	2	2	0	0	0	434	Missense_Mutation;Splice_Region	muse;mutect2;varscan2								0.0208333333333333	FALSE
OTUD4	ENSG00000164164.17	2	2	0	0	0	777	Missense_Mutation	muse;mutect2;varscan2								0.0208333333333333	FALSE
OTUD6B	ENSG00000155100.11	2	2	1	1	0	274	Missense_Mutation;Nonsense_Mutation	muse;mutect2;muse;mutect2;varscan2								0.0208333333333333	FALSE
OTUD7B	ENSG00000264522.6	2	2	0	0	0	544	Missense_Mutation	muse;mutect2;varscan2								0.0208333333333333	FALSE
PANK2	ENSG00000125779.22	2	2	0	0	0	396	Missense_Mutation	muse;mutect2;varscan2								0.0208333333333333	FALSE
PARM1	ENSG00000169116.11	2	2	0	0	0	260	Missense_Mutation	muse;mutect2;varscan2								0.0208333333333333	FALSE
PARP10	ENSG00000178685.14	2	2	2	2	0	638	Nonsense_Mutation	muse;mutect2;varscan2								0.0208333333333333	FALSE
PARP4	ENSG00000102699.6	2	2	1	1	0	1193	Frame_Shift_Del;Splice_Region	muse;varscan2;mutect2;pindel;varscan2								0.0208333333333333	FALSE
PARP8	ENSG00000151883.19	2	2	1	1	0	507	Missense_Mutation;Nonsense_Mutation	muse;mutect2;muse;mutect2;varscan2								0.0208333333333333	FALSE
PATJ	ENSG00000132849.21	2	2	0	0	0	333	Missense_Mutation	muse;mutect2								0.0208333333333333	FALSE
PAX4	ENSG00000106331.17	2	2	0	0	0	258	Missense_Mutation	muse;mutect2;muse;mutect2;varscan2								0.0208333333333333	FALSE
PAXIP1	ENSG00000157212.19	2	2	0	0	0	914	Missense_Mutation	muse;mutect2;varscan2								0.0208333333333333	FALSE
PCDH1	ENSG00000156453.14	2	2	0	0	0	797	Missense_Mutation	muse;mutect2;varscan2								0.0208333333333333	FALSE
PCDH19	ENSG00000165194.15	2	2	0	0	0	639	Missense_Mutation	muse;mutect2;varscan2;muse;varscan2								0.0208333333333333	FALSE
PCDH7	ENSG00000169851.15	2	2	0	0	0	653	In_Frame_Ins;Missense_Mutation	muse;mutect2;mutect2;pindel;varscan2								0.0208333333333333	FALSE
PCDH9	ENSG00000184226.15	2	2	0	0	0	1228	Missense_Mutation	muse;mutect2;varscan2								0.0208333333333333	FALSE
PCDHA1	ENSG00000204970.10	2	2	1	1	0	749	In_Frame_Del;Nonsense_Mutation	muse;mutect2;varscan2;pindel;varscan2								0.0208333333333333	FALSE
PCDHA10	ENSG00000250120.8	2	2	0	0	0	414	Missense_Mutation	muse;mutect2;varscan2								0.0208333333333333	FALSE
PCDHA4	ENSG00000204967.12	2	2	0	0	0	632	Missense_Mutation	muse;mutect2;varscan2								0.0208333333333333	FALSE
PCDHA9	ENSG00000204961.7	2	2	0	0	0	595	Missense_Mutation	muse;mutect2;muse;mutect2;varscan2								0.0208333333333333	FALSE
PCDHB11	ENSG00000197479.7	2	2	0	0	0	501	Missense_Mutation	muse;mutect2;muse;mutect2;varscan2								0.0208333333333333	FALSE
PCDHB15	ENSG00000113248.6	2	2	0	0	0	561	Missense_Mutation	muse;mutect2;varscan2;mutect2;varscan2								0.0208333333333333	FALSE
PCDHB3	ENSG00000113205.5	2	2	0	0	0	506	Missense_Mutation	muse;mutect2;varscan2								0.0208333333333333	FALSE
PCDHB9	ENSG00000177839.7	2	2	0	0	0	505	Missense_Mutation	muse;mutect2;varscan2								0.0208333333333333	FALSE
PCDHGA6	ENSG00000253731.3	2	2	1	1	0	733	Missense_Mutation;Nonsense_Mutation	muse;mutect2;varscan2								0.0208333333333333	FALSE
PCDHGB6	ENSG00000253305.2	2	2	0	0	0	529	Missense_Mutation	muse;mutect2;varscan2								0.0208333333333333	FALSE
PCDHGB7	ENSG00000254122.3	2	2	0	0	0	629	Missense_Mutation	muse;mutect2;varscan2;mutect2;varscan2								0.0208333333333333	FALSE
PCSK6	ENSG00000140479.18	2	2	1	1	0	883	Missense_Mutation;Nonsense_Mutation	muse;mutect2;varscan2								0.0208333333333333	FALSE
PDE1B	ENSG00000123360.12	2	2	1	1	0	302	Missense_Mutation;Nonsense_Mutation	muse;mutect2;varscan2								0.0208333333333333	FALSE
PDE4D	ENSG00000113448.19	2	2	1	1	0	669	Frame_Shift_Del;Missense_Mutation	muse;mutect2;varscan2;mutect2;pindel;varscan2								0.0208333333333333	FALSE
PELI2	ENSG00000139946.10	2	2	0	0	0	169	Missense_Mutation	muse;mutect2;varscan2								0.0208333333333333	FALSE
PELI3	ENSG00000174516.15	2	2	0	0	0	218	Missense_Mutation;Splice_Region	muse;mutect2;varscan2								0.0208333333333333	FALSE
PGBD2	ENSG00000185220.12	2	2	0	0	0	261	Missense_Mutation	muse;mutect2;varscan2								0.0208333333333333	FALSE
PGR	ENSG00000082175.15	2	2	1	1	0	740	Missense_Mutation;Nonsense_Mutation	muse;mutect2;varscan2								0.0208333333333333	FALSE
PHC3	ENSG00000173889.16	2	2	0	0	0	862	Missense_Mutation	muse;mutect2;varscan2								0.0208333333333333	FALSE
PHF14	ENSG00000106443.17	2	2	0	0	0	476	Missense_Mutation	muse;mutect2;varscan2								0.0208333333333333	FALSE
PHF21B	ENSG00000056487.16	2	2	0	0	0	243	Missense_Mutation	muse;mutect2;varscan2								0.0208333333333333	FALSE
PHF8	ENSG00000172943.20	2	2	1	1	0	919	Missense_Mutation;Splice_Site	muse;mutect2;varscan2								0.0208333333333333	FALSE
PHKA1	ENSG00000067177.15	2	2	1	1	0	1208	Frame_Shift_Del;Missense_Mutation	muse;mutect2;varscan2;mutect2;varscan2								0.0208333333333333	FALSE
PHLDB1	ENSG00000019144.19	2	2	0	0	0	535	Missense_Mutation	muse;mutect2;muse;mutect2;varscan2								0.0208333333333333	FALSE
PID1	ENSG00000153823.19	2	2	0	0	0	132	Missense_Mutation	muse;mutect2;varscan2								0.0208333333333333	FALSE
PIGK	ENSG00000142892.15	2	2	0	0	0	303	Missense_Mutation	muse;mutect2;varscan2								0.0208333333333333	FALSE
PIGT	ENSG00000124155.18	2	2	0	0	0	545	Missense_Mutation	muse;mutect2;muse;mutect2;varscan2								0.0208333333333333	FALSE
PIK3CB	ENSG00000051382.9	2	2	0	0	0	831	Missense_Mutation	muse;mutect2;mutect2;varscan2								0.0208333333333333	FALSE
PITPNB	ENSG00000180957.18	2	2	1	1	0	124	Missense_Mutation;Splice_Site	muse;mutect2;muse;mutect2;varscan2								0.0208333333333333	FALSE
PITRM1	ENSG00000107959.17	2	2	0	0	0	510	Missense_Mutation	muse;mutect2;varscan2								0.0208333333333333	FALSE
PJA2	ENSG00000198961.10	2	2	0	0	0	83	Missense_Mutation	muse;mutect2;varscan2								0.0208333333333333	FALSE
PKDREJ	ENSG00000130943.7	2	2	0	0	0	2193	Missense_Mutation	muse;mutect2;varscan2								0.0208333333333333	FALSE
PLB1	ENSG00000163803.13	2	2	2	2	0	776	Nonsense_Mutation;Splice_Site	muse;mutect2;varscan2;pindel;varscan2*								0.0208333333333333	FALSE
PLBD1	ENSG00000121316.11	2	2	0	0	0	430	Missense_Mutation	muse;mutect2;varscan2								0.0208333333333333	FALSE
PLCB1	ENSG00000182621.18	2	2	0	0	0	890	Missense_Mutation	muse;mutect2;varscan2								0.0208333333333333	FALSE
PLCE1	ENSG00000138193.16	2	2	0	0	0	658	Missense_Mutation	muse;mutect2;muse;mutect2;varscan2								0.0208333333333333	FALSE
PLCL1	ENSG00000115896.16	2	2	0	0	0	938	Missense_Mutation	muse;mutect2;varscan2								0.0208333333333333	FALSE
PLD5	ENSG00000180287.17	2	2	0	0	0	446	Missense_Mutation	muse;mutect2;muse;mutect2;varscan2								0.0208333333333333	FALSE
PLEKHA8	ENSG00000106086.20	2	2	0	0	0	478	Missense_Mutation	muse;mutect2;varscan2								0.0208333333333333	FALSE
PLG	ENSG00000122194.19	2	2	0	0	0	359	Missense_Mutation	muse;mutect2;varscan2								0.0208333333333333	FALSE
PLS1	ENSG00000120756.13	2	2	0	0	0	152	Missense_Mutation	muse;mutect2;varscan2								0.0208333333333333	FALSE
PLXNA4	ENSG00000221866.9	2	2	0	0	0	1495	Missense_Mutation	muse;mutect2;varscan2								0.0208333333333333	FALSE
PMS2	ENSG00000122512.16	2	2	0	0	0	622	Missense_Mutation	muse;mutect2;varscan2								0.0208333333333333	FALSE
PNOC	ENSG00000168081.9	2	2	0	0	0	105	Missense_Mutation	muse;mutect2;varscan2								0.0208333333333333	FALSE
POLQ	ENSG00000051341.14	2	2	0	0	0	1324	Missense_Mutation	muse;mutect2;varscan2								0.0208333333333333	FALSE
POLR1B	ENSG00000125630.16	2	2	1	1	0	758	Missense_Mutation;Splice_Site	muse;mutect2;varscan2								0.0208333333333333	FALSE
POLRMT	ENSG00000099821.14	2	2	0	0	0	860	Missense_Mutation	muse;mutect2;muse;mutect2;varscan2								0.0208333333333333	FALSE
POP1	ENSG00000104356.11	2	2	0	0	0	528	Missense_Mutation	muse;mutect2								0.0208333333333333	FALSE
POT1	ENSG00000128513.16	2	2	0	0	0	437	Missense_Mutation	muse;mutect2;muse;mutect2;varscan2								0.0208333333333333	FALSE
POTEF	ENSG00000196604.13	2	2	0	0	0	938	Missense_Mutation	muse;mutect2;varscan2;mutect2;varscan2								0.0208333333333333	FALSE
POU6F1	ENSG00000184271.17	2	2	0	0	0	542	Missense_Mutation	muse;mutect2;muse;mutect2;varscan2								0.0208333333333333	FALSE
PPFIBP2	ENSG00000166387.13	2	2	0	0	0	557	Missense_Mutation	muse;mutect2;varscan2								0.0208333333333333	FALSE
PPP1R16B	ENSG00000101445.10	2	2	1	1	0	377	Missense_Mutation;Nonsense_Mutation	muse;mutect2;varscan2								0.0208333333333333	FALSE
PPP2R1A	ENSG00000105568.18	2	2	0	0	0	456	Missense_Mutation	muse;mutect2;varscan2								0.0208333333333333	FALSE
PPP2R3B	ENSG00000167393.18	2	2	0	0	0	253	Missense_Mutation	muse;mutect2;varscan2								0.0208333333333333	FALSE
PPP2R5B	ENSG00000068971.14	2	2	0	0	0	260	Missense_Mutation	muse;mutect2;varscan2								0.0208333333333333	FALSE
PRAMEF6	ENSG00000232423.6	2	2	0	0	0	407	Missense_Mutation	muse;mutect2;varscan2								0.0208333333333333	FALSE
PRB2	ENSG00000121335.12	2	2	1	1	0	124	Missense_Mutation;Nonsense_Mutation	muse;mutect2;muse;varscan2								0.0208333333333333	FALSE
PRB4	ENSG00000230657.8	2	2	0	0	0	155	Missense_Mutation	muse;mutect2;varscan2;muse;varscan2								0.0208333333333333	FALSE
PRDM1	ENSG00000057657.17	2	2	0	0	0	327	Missense_Mutation	muse;mutect2;varscan2								0.0208333333333333	FALSE
PRDM10	ENSG00000170325.15	2	2	1	1	0	595	Frame_Shift_Del;Missense_Mutation	mutect2;pindel;varscan2;mutect2;varscan2								0.0208333333333333	FALSE
PRDM16	ENSG00000142611.17	2	2	0	0	0	1219	Missense_Mutation	muse;mutect2;varscan2								0.0208333333333333	FALSE
PRDX1	ENSG00000117450.15	2	2	0	0	0	191	Missense_Mutation	muse;mutect2;muse;mutect2;varscan2								0.0208333333333333	FALSE
PRIM1	ENSG00000198056.15	2	2	1	1	0	366	Missense_Mutation;Nonsense_Mutation	muse;mutect2;varscan2								0.0208333333333333	FALSE
PRKACA	ENSG00000072062.15	2	2	1	1	0	225	Missense_Mutation;Splice_Site	muse;mutect2;varscan2								0.0208333333333333	FALSE
PRKCB	ENSG00000166501.14	2	2	0	0	0	265	Missense_Mutation	muse;mutect2;varscan2;muse;varscan2								0.0208333333333333	FALSE
PRKCI	ENSG00000163558.13	2	2	0	0	0	151	Missense_Mutation	muse;mutect2;varscan2								0.0208333333333333	FALSE
PRKCSH	ENSG00000130175.10	2	2	0	0	0	71	Missense_Mutation	muse;mutect2;varscan2								0.0208333333333333	FALSE
PRKG2	ENSG00000138669.9	2	2	0	0	0	655	Missense_Mutation	muse;mutect2;muse;mutect2;varscan2								0.0208333333333333	FALSE
PRLR	ENSG00000113494.17	2	2	1	1	0	249	Missense_Mutation;Nonsense_Mutation	muse;mutect2;muse;varscan2								0.0208333333333333	FALSE
PROM2	ENSG00000155066.16	2	2	0	0	0	285	Missense_Mutation	muse;mutect2;muse;mutect2;varscan2								0.0208333333333333	FALSE
PROS1	ENSG00000184500.16	2	2	0	0	0	676	Missense_Mutation	muse;mutect2;varscan2								0.0208333333333333	FALSE
PRRC2A	ENSG00000204469.13	2	2	0	0	0	1420	Missense_Mutation	muse;mutect2;varscan2								0.0208333333333333	FALSE
PRSS22	ENSG00000005001.10	2	2	0	0	0	125	Missense_Mutation	muse;mutect2;varscan2								0.0208333333333333	FALSE
PRSS35	ENSG00000146250.7	2	2	0	0	0	195	Missense_Mutation	muse;mutect2;varscan2								0.0208333333333333	FALSE
PRUNE2	ENSG00000106772.18	2	2	0	0	0	1791	Missense_Mutation	muse;mutect2;varscan2;muse;varscan2								0.0208333333333333	FALSE
PTCH2	ENSG00000117425.14	2	2	1	1	0	906	Frame_Shift_Del;Missense_Mutation	muse;mutect2;varscan2;mutect2;pindel;varscan2								0.0208333333333333	FALSE
PTER	ENSG00000165983.14	2	2	1	1	0	348	Frame_Shift_Del;Missense_Mutation	muse;mutect2;varscan2;mutect2;pindel								0.0208333333333333	FALSE
PTH2R	ENSG00000144407.9	2	2	0	0	0	335	Missense_Mutation	muse;mutect2;muse;mutect2;varscan2								0.0208333333333333	FALSE
PTK2B	ENSG00000120899.18	2	2	1	1	0	582	Missense_Mutation;Splice_Site	muse;mutect2;varscan2;mutect2;pindel;varscan2								0.0208333333333333	FALSE
PTPN14	ENSG00000152104.12	2	2	2	2	0	1052	Frame_Shift_Ins	mutect2;pindel;varscan2;mutect2;varscan2								0.0208333333333333	FALSE
PTPRO	ENSG00000151490.15	2	2	0	0	0	1052	Missense_Mutation	muse;mutect2;varscan2								0.0208333333333333	FALSE
PYGB	ENSG00000100994.12	2	2	0	0	0	801	Missense_Mutation	muse;mutect2;varscan2								0.0208333333333333	FALSE
R3HDM2	ENSG00000179912.20	2	2	0	0	0	917	Missense_Mutation	muse;mutect2;muse;mutect2;varscan2								0.0208333333333333	FALSE
RAB11FIP1	ENSG00000156675.16	2	2	0	0	0	630	Missense_Mutation	muse;mutect2;varscan2								0.0208333333333333	FALSE
RAG1	ENSG00000166349.10	2	2	0	0	0	651	Missense_Mutation	muse;mutect2;varscan2								0.0208333333333333	FALSE
RALGAPB	ENSG00000170471.15	2	2	0	0	0	552	Missense_Mutation	muse;mutect2;muse;mutect2;varscan2								0.0208333333333333	FALSE
RALYL	ENSG00000184672.12	2	2	0	0	0	151	Missense_Mutation	muse;mutect2;varscan2								0.0208333333333333	FALSE
RAPGEF2	ENSG00000109756.9	2	2	0	0	0	1064	Missense_Mutation	muse;mutect2;varscan2								0.0208333333333333	FALSE
RASA1	ENSG00000145715.15	2	2	1	1	0	455	Missense_Mutation;Nonsense_Mutation	muse;mutect2;varscan2								0.0208333333333333	FALSE
RAVER2	ENSG00000162437.14	2	2	0	0	0	382	Missense_Mutation	muse;mutect2;varscan2;mutect2;varscan2								0.0208333333333333	FALSE
RB1	ENSG00000139687.16	2	2	2	2	0	545	Frame_Shift_Del;Nonsense_Mutation	muse;mutect2;varscan2;mutect2;pindel;varscan2								0.0208333333333333	FALSE
RBBP6	ENSG00000122257.20	2	2	0	0	0	1434	Missense_Mutation	muse;mutect2;varscan2								0.0208333333333333	FALSE
RBBP7	ENSG00000102054.18	2	2	2	2	0	371	Frame_Shift_Del;Nonsense_Mutation	muse;mutect2;varscan2;mutect2;varscan2								0.0208333333333333	FALSE
RBM19	ENSG00000122965.11	2	2	0	0	0	152	Missense_Mutation	muse;mutect2;varscan2								0.0208333333333333	FALSE
RBM6	ENSG00000004534.15	2	2	0	0	0	544	Missense_Mutation	muse;mutect2;varscan2								0.0208333333333333	FALSE
RECQL	ENSG00000004700.16	2	2	1	1	0	614	Frame_Shift_Del;Missense_Mutation	muse;varscan2;mutect2;pindel;varscan2								0.0208333333333333	FALSE
RELCH	ENSG00000134444.15	2	2	1	1	0	709	Missense_Mutation;Nonsense_Mutation	muse;mutect2;muse;mutect2;varscan2								0.0208333333333333	FALSE
REV1	ENSG00000135945.10	2	2	0	0	0	1175	Missense_Mutation	muse;mutect2								0.0208333333333333	FALSE
RFC1	ENSG00000035928.16	2	2	0	0	0	966	Missense_Mutation	muse;mutect2;muse;mutect2;varscan2								0.0208333333333333	FALSE
RFC3	ENSG00000133119.13	2	2	1	1	0	355	Frame_Shift_Del;Missense_Mutation	muse;mutect2;mutect2;varscan2								0.0208333333333333	FALSE
RFPL2	ENSG00000128253.15	2	2	0	0	0	235	Missense_Mutation	muse;mutect2;muse;mutect2;varscan2								0.0208333333333333	FALSE
RGS6	ENSG00000182732.18	2	2	0	0	0	285	Missense_Mutation	muse;mutect2;varscan2								0.0208333333333333	FALSE
RHO	ENSG00000163914.5	2	2	0	0	0	309	Missense_Mutation	muse;mutect2;varscan2								0.0208333333333333	FALSE
RHOA	ENSG00000067560.13	2	2	0	0	1	64	Missense_Mutation	muse;mutect2;varscan2								0.0208333333333333	FALSE
RHOBTB1	ENSG00000072422.17	2	2	0	0	0	486	Missense_Mutation	muse;mutect2;varscan2								0.0208333333333333	FALSE
RIF1	ENSG00000080345.18	2	2	2	2	0	2276	Frame_Shift_Del;Splice_Site	muse;mutect2;varscan2;mutect2;pindel;varscan2								0.0208333333333333	FALSE
RIMS1	ENSG00000079841.18	2	2	0	0	0	1440	Missense_Mutation	muse;mutect2;muse;mutect2;varscan2								0.0208333333333333	FALSE
RIPK4	ENSG00000183421.12	2	2	1	1	0	356	Frame_Shift_Ins;Missense_Mutation	muse;mutect2;varscan2;mutect2;pindel;varscan2								0.0208333333333333	FALSE
RIPOR1	ENSG00000039523.20	2	2	1	1	0	813	Frame_Shift_Ins;Missense_Mutation	muse;mutect2;varscan2;mutect2;pindel;varscan2								0.0208333333333333	FALSE
RIPOR2	ENSG00000111913.20	2	2	0	0	0	446	Missense_Mutation	muse;mutect2;muse;mutect2;varscan2								0.0208333333333333	FALSE
RMND5B	ENSG00000145916.19	2	2	1	1	0	236	Missense_Mutation;Nonsense_Mutation	muse;mutect2;varscan2								0.0208333333333333	FALSE
RNF111	ENSG00000157450.16	2	2	0	0	0	659	Missense_Mutation	muse;mutect2;varscan2								0.0208333333333333	FALSE
RNF169	ENSG00000166439.6	2	2	1	1	0	439	Missense_Mutation;Nonsense_Mutation	muse;mutect2;varscan2								0.0208333333333333	FALSE
RNF43	ENSG00000108375.13	2	2	1	1	0	781	Frame_Shift_Del;Missense_Mutation	muse;mutect2;varscan2;mutect2;varscan2								0.0208333333333333	FALSE
ROCK1	ENSG00000067900.8	2	2	0	0	0	1019	Missense_Mutation	muse;mutect2;varscan2								0.0208333333333333	FALSE
ROR2	ENSG00000169071.15	2	2	1	1	0	853	Missense_Mutation;Splice_Site	muse;mutect2;varscan2								0.0208333333333333	FALSE
RPL10L	ENSG00000165496.5	2	2	0	0	0	116	Missense_Mutation	muse;mutect2;varscan2								0.0208333333333333	FALSE
RPL3	ENSG00000100316.16	2	2	0	0	0	306	Missense_Mutation	muse;mutect2;muse;mutect2;varscan2								0.0208333333333333	FALSE
RPL8	ENSG00000161016.18	2	2	0	0	0	216	Missense_Mutation	muse;mutect2;muse;mutect2;varscan2								0.0208333333333333	FALSE
RPN2	ENSG00000118705.17	2	2	0	0	0	590	Missense_Mutation	muse;mutect2;varscan2								0.0208333333333333	FALSE
RPS6KA5	ENSG00000100784.12	2	2	1	1	0	625	Frame_Shift_Del;Missense_Mutation	muse;mutect2;varscan2;mutect2;pindel;varscan2								0.0208333333333333	FALSE
RPUSD2	ENSG00000166133.18	2	2	0	0	0	285	Missense_Mutation	muse;mutect2;varscan2								0.0208333333333333	FALSE
RTP4	ENSG00000136514.3	2	2	0	0	0	245	Missense_Mutation	muse;mutect2;varscan2								0.0208333333333333	FALSE
RUSC2	ENSG00000198853.12	2	2	0	0	0	1482	Missense_Mutation	muse;mutect2;varscan2;muse;varscan2								0.0208333333333333	FALSE
RXFP1	ENSG00000171509.16	2	2	0	0	0	364	Missense_Mutation	muse;mutect2;varscan2								0.0208333333333333	FALSE
SAFB	ENSG00000160633.13	2	2	0	0	0	772	Missense_Mutation	muse;mutect2;varscan2;muse;varscan2								0.0208333333333333	FALSE
SAGE1	ENSG00000181433.9	2	2	0	0	0	883	Missense_Mutation	muse;mutect2;muse;mutect2;varscan2								0.0208333333333333	FALSE
SALL3	ENSG00000256463.8	2	2	0	0	0	639	Missense_Mutation	muse;mutect2;varscan2								0.0208333333333333	FALSE
SALL4	ENSG00000101115.13	2	2	0	0	0	922	Missense_Mutation	muse;mutect2;varscan2								0.0208333333333333	FALSE
SAP18	ENSG00000150459.12	2	2	0	0	0	128	Missense_Mutation	muse;mutect2;varscan2								0.0208333333333333	FALSE
SBNO2	ENSG00000064932.16	2	2	0	0	0	390	Missense_Mutation	muse;mutect2;varscan2;mutect2;varscan2								0.0208333333333333	FALSE
SCAF1	ENSG00000126461.15	2	2	1	1	0	1181	Frame_Shift_Del;Missense_Mutation	muse;mutect2;mutect2;varscan2								0.0208333333333333	FALSE
SCAF4	ENSG00000156304.15	2	2	0	0	0	680	Missense_Mutation	muse;mutect2;muse;mutect2;varscan2								0.0208333333333333	FALSE
SCAPER	ENSG00000140386.13	2	2	0	0	0	529	Missense_Mutation	muse;mutect2;varscan2;mutect2;varscan2								0.0208333333333333	FALSE
SCEL	ENSG00000136155.17	2	2	1	1	0	604	Missense_Mutation;Nonsense_Mutation	muse;mutect2;varscan2								0.0208333333333333	FALSE
SCN11A	ENSG00000168356.13	2	2	0	0	0	1660	Missense_Mutation	muse;mutect2;varscan2								0.0208333333333333	FALSE
SCN8A	ENSG00000196876.18	2	2	0	0	0	1700	Missense_Mutation	muse;mutect2;varscan2								0.0208333333333333	FALSE
SCUBE1	ENSG00000159307.19	2	2	0	0	0	536	Missense_Mutation	muse;mutect2;varscan2								0.0208333333333333	FALSE
SCUBE2	ENSG00000175356.14	2	2	0	0	0	649	Missense_Mutation	muse;mutect2;varscan2								0.0208333333333333	FALSE
SCUBE3	ENSG00000146197.9	2	2	0	0	0	720	Missense_Mutation	muse;mutect2;varscan2								0.0208333333333333	FALSE
SCYL1	ENSG00000142186.17	2	2	0	0	0	388	Missense_Mutation	muse;mutect2;varscan2								0.0208333333333333	FALSE
SDK2	ENSG00000069188.17	2	2	1	1	0	1595	Missense_Mutation;Nonsense_Mutation	muse;mutect2;varscan2								0.0208333333333333	FALSE
SEC14L2	ENSG00000100003.18	2	2	0	0	0	232	Missense_Mutation	muse;mutect2;varscan2;muse;varscan2								0.0208333333333333	FALSE
SEC61A1	ENSG00000058262.10	2	2	0	0	0	109	Missense_Mutation	muse;mutect2;varscan2								0.0208333333333333	FALSE
SEMA3D	ENSG00000153993.13	2	2	0	0	0	502	Missense_Mutation	muse;mutect2;varscan2								0.0208333333333333	FALSE
SEMA3F	ENSG00000001617.12	2	2	0	0	0	751	Missense_Mutation	muse;mutect2;varscan2								0.0208333333333333	FALSE
SEMA4B	ENSG00000185033.14	2	2	0	0	0	751	Missense_Mutation	muse;mutect2;varscan2								0.0208333333333333	FALSE
SEMA4F	ENSG00000135622.13	2	2	0	0	0	515	Missense_Mutation	muse;mutect2;varscan2								0.0208333333333333	FALSE
SEMA6D	ENSG00000137872.17	2	2	0	0	0	725	Missense_Mutation	muse;mutect2;varscan2								0.0208333333333333	FALSE
SERPINA4	ENSG00000100665.12	2	2	0	0	0	235	Missense_Mutation	muse;mutect2;varscan2								0.0208333333333333	FALSE
SETD2	ENSG00000181555.21	2	2	1	1	1	2151	Missense_Mutation;Splice_Site	muse;mutect2;muse;mutect2;varscan2								0.0208333333333333	FALSE
SEZ6L	ENSG00000100095.19	2	2	0	0	0	1000	Missense_Mutation	muse;mutect2;varscan2								0.0208333333333333	FALSE
SGSM2	ENSG00000141258.13	2	2	0	0	0	679	Missense_Mutation	muse;mutect2;varscan2								0.0208333333333333	FALSE
SHROOM2	ENSG00000146950.13	2	2	0	0	0	1533	Missense_Mutation	muse;mutect2;varscan2								0.0208333333333333	FALSE
SHTN1	ENSG00000187164.20	2	2	0	0	0	311	Missense_Mutation	muse;mutect2								0.0208333333333333	FALSE
SIGLEC1	ENSG00000088827.12	2	2	1	1	0	1489	Missense_Mutation;Splice_Site	muse;mutect2;varscan2								0.0208333333333333	FALSE
SIGLEC10	ENSG00000142512.15	2	2	0	0	0	500	Missense_Mutation	muse;mutect2;muse;mutect2;varscan2								0.0208333333333333	FALSE
SIGLEC9	ENSG00000129450.8	2	2	0	0	0	423	Missense_Mutation	muse;mutect2;varscan2								0.0208333333333333	FALSE
SIN3A	ENSG00000169375.16	2	2	0	0	0	1178	Missense_Mutation	muse;mutect2;varscan2								0.0208333333333333	FALSE
SIRPG	ENSG00000089012.14	2	2	0	0	0	347	Missense_Mutation	muse;mutect2;varscan2								0.0208333333333333	FALSE
SIX4	ENSG00000100625.9	2	2	0	0	0	601	Missense_Mutation	muse;mutect2;muse;mutect2;varscan2								0.0208333333333333	FALSE
SIX6	ENSG00000184302.7	2	2	0	0	0	144	Missense_Mutation	muse;mutect2;varscan2								0.0208333333333333	FALSE
SKOR1	ENSG00000188779.12	2	2	1	1	0	874	Missense_Mutation;Nonsense_Mutation	muse;mutect2;varscan2								0.0208333333333333	FALSE
SLC15A2	ENSG00000163406.11	2	2	0	0	0	217	Missense_Mutation	muse;mutect2;varscan2								0.0208333333333333	FALSE
SLC18A2	ENSG00000165646.14	2	2	1	1	0	380	Frame_Shift_Ins;Missense_Mutation	muse;mutect2;varscan2;mutect2;pindel;varscan2								0.0208333333333333	FALSE
SLC22A1	ENSG00000175003.15	2	2	0	0	0	520	Missense_Mutation	muse;mutect2;varscan2								0.0208333333333333	FALSE
SLC24A1	ENSG00000074621.14	2	2	0	0	0	85	Missense_Mutation	muse;mutect2;varscan2								0.0208333333333333	FALSE
SLC33A1	ENSG00000169359.16	2	2	0	0	0	436	Missense_Mutation	muse;mutect2;varscan2								0.0208333333333333	FALSE
SLC38A1	ENSG00000111371.16	2	2	0	0	0	433	Missense_Mutation	muse;mutect2;muse;mutect2;varscan2								0.0208333333333333	FALSE
SLC39A12	ENSG00000148482.12	2	2	0	0	0	642	Missense_Mutation	muse;mutect2;varscan2								0.0208333333333333	FALSE
SLC4A10	ENSG00000144290.17	2	2	0	0	0	442	Missense_Mutation	muse;mutect2;varscan2								0.0208333333333333	FALSE
SLC4A9	ENSG00000113073.15	2	2	1	1	0	637	Frame_Shift_Del;Missense_Mutation	muse;mutect2;varscan2;mutect2;pindel;varscan2								0.0208333333333333	FALSE
SLC5A3	ENSG00000198743.7	2	2	0	0	0	264	Missense_Mutation	muse;mutect2;varscan2								0.0208333333333333	FALSE
SLC6A13	ENSG00000010379.16	2	2	0	0	0	67	Missense_Mutation	muse;mutect2;muse;mutect2;varscan2								0.0208333333333333	FALSE
SLC6A19	ENSG00000174358.16	2	2	0	0	0	579	Missense_Mutation	muse;mutect2;varscan2								0.0208333333333333	FALSE
SLC7A14	ENSG00000013293.6	2	2	0	0	0	516	Missense_Mutation	muse;mutect2;muse;mutect2;varscan2								0.0208333333333333	FALSE
SLC9A4	ENSG00000180251.5	2	2	1	1	0	403	Frame_Shift_Del;Missense_Mutation	muse;mutect2;varscan2;mutect2;pindel;varscan2								0.0208333333333333	FALSE
SLC9A5	ENSG00000135740.17	2	2	0	0	0	651	Missense_Mutation	muse;mutect2;varscan2								0.0208333333333333	FALSE
SLC9C2	ENSG00000162753.13	2	2	0	0	0	590	Missense_Mutation	muse;mutect2;varscan2								0.0208333333333333	FALSE
SLCO1B1	ENSG00000134538.3	2	2	0	0	0	519	Missense_Mutation	muse;mutect2;varscan2								0.0208333333333333	FALSE
SLF2	ENSG00000119906.13	2	2	0	0	0	911	Missense_Mutation	muse;mutect2;varscan2								0.0208333333333333	FALSE
SLITRK2	ENSG00000185985.11	2	2	0	0	0	441	Missense_Mutation	muse;mutect2;varscan2								0.0208333333333333	FALSE
SLITRK3	ENSG00000121871.4	2	2	0	0	0	683	Missense_Mutation	muse;mutect2;varscan2								0.0208333333333333	FALSE
SLITRK5	ENSG00000165300.7	2	2	0	0	0	303	Missense_Mutation	muse;mutect2;muse;mutect2;varscan2								0.0208333333333333	FALSE
SMAD4	ENSG00000141646.14	2	2	2	2	1	529	Nonsense_Mutation	muse;mutect2;varscan2								0.0208333333333333	FALSE
SMARCA2	ENSG00000080503.24	2	2	0	0	0	1400	Missense_Mutation	muse;mutect2;varscan2								0.0208333333333333	FALSE
SMC4	ENSG00000113810.16	2	2	0	0	0	1096	Missense_Mutation	muse;mutect2;muse;mutect2;varscan2								0.0208333333333333	FALSE
SMC5	ENSG00000198887.9	2	2	0	0	0	939	Missense_Mutation	muse;mutect2;varscan2								0.0208333333333333	FALSE
SMG8	ENSG00000167447.12	2	2	0	0	0	606	Missense_Mutation	muse;mutect2;varscan2								0.0208333333333333	FALSE
SNAI2	ENSG00000019549.13	2	2	0	0	0	247	Missense_Mutation	muse;mutect2;varscan2								0.0208333333333333	FALSE
SNAPC4	ENSG00000165684.4	2	2	0	0	0	354	Missense_Mutation	muse;mutect2;varscan2								0.0208333333333333	FALSE
SNED1	ENSG00000162804.14	2	2	1	1	0	864	Missense_Mutation;Nonsense_Mutation	muse;mutect2;muse;mutect2;varscan2								0.0208333333333333	FALSE
SNTA1	ENSG00000101400.6	2	2	1	1	0	402	Frame_Shift_Del;Missense_Mutation	muse;mutect2;varscan2;pindel;varscan2								0.0208333333333333	FALSE
SNTG1	ENSG00000147481.17	2	2	0	0	0	353	Missense_Mutation	muse;mutect2;varscan2								0.0208333333333333	FALSE
SNX20	ENSG00000167208.15	2	2	0	0	0	255	Missense_Mutation	muse;mutect2;varscan2								0.0208333333333333	FALSE
SORBS2	ENSG00000154556.18	2	2	0	0	0	848	Missense_Mutation	muse;mutect2;varscan2								0.0208333333333333	FALSE
SORCS3	ENSG00000156395.13	2	2	0	0	0	465	Missense_Mutation	muse;mutect2;muse;mutect2;varscan2								0.0208333333333333	FALSE
SOX13	ENSG00000143842.15	2	2	0	0	0	390	Missense_Mutation	muse;mutect2;varscan2								0.0208333333333333	FALSE
SOX9	ENSG00000125398.8	2	2	0	0	1	152	In_Frame_Del;Missense_Mutation	muse;mutect2;varscan2;mutect2;pindel								0.0208333333333333	FALSE
SP140L	ENSG00000185404.17	2	2	0	0	0	515	Missense_Mutation	muse;mutect2;varscan2;mutect2;varscan2								0.0208333333333333	FALSE
SP2	ENSG00000167182.15	2	2	1	1	0	586	Frame_Shift_Del;Missense_Mutation	muse;mutect2;varscan2;mutect2;pindel;varscan2								0.0208333333333333	FALSE
SPAG9	ENSG00000008294.21	2	2	1	1	0	678	Missense_Mutation;Nonsense_Mutation	muse;mutect2;varscan2								0.0208333333333333	FALSE
SPATA17	ENSG00000162814.11	2	2	0	0	0	209	Missense_Mutation;Splice_Region	muse;mutect2;varscan2								0.0208333333333333	FALSE
SPATA31A1	ENSG00000204849.10	2	2	0	0	0	282	Missense_Mutation	muse;mutect2;muse;mutect2;varscan2								0.0208333333333333	FALSE
SPDYC	ENSG00000204710.2	2	2	0	0	0	177	Missense_Mutation	muse;mutect2;varscan2								0.0208333333333333	FALSE
SPEF2	ENSG00000152582.14	2	2	0	0	0	1810	Missense_Mutation	muse;mutect2;varscan2								0.0208333333333333	FALSE
SPEN	ENSG00000065526.12	2	2	0	0	0	3447	Missense_Mutation	muse;mutect2;muse;mutect2;varscan2								0.0208333333333333	FALSE
SPG11	ENSG00000104133.15	2	2	0	0	0	1634	Missense_Mutation	muse;mutect2;varscan2								0.0208333333333333	FALSE
SPG21	ENSG00000090487.11	2	2	0	0	0	123	Missense_Mutation	muse;mutect2;varscan2								0.0208333333333333	FALSE
SPOCK3	ENSG00000196104.11	2	2	0	0	0	392	Missense_Mutation	muse;mutect2;varscan2								0.0208333333333333	FALSE
SPOP	ENSG00000121067.19	2	2	0	0	0	216	Missense_Mutation	muse;mutect2;varscan2								0.0208333333333333	FALSE
SPTA1	ENSG00000163554.15	2	2	1	1	0	2013	Frame_Shift_Ins;Missense_Mutation	muse;mutect2;mutect2;pindel;varscan2								0.0208333333333333	FALSE
SREBF1	ENSG00000072310.17	2	2	0	0	0	874	Missense_Mutation	muse;mutect2;muse;mutect2;varscan2								0.0208333333333333	FALSE
SRGAP1	ENSG00000196935.9	2	2	0	0	0	594	Missense_Mutation	muse;mutect2;varscan2								0.0208333333333333	FALSE
SRPRA	ENSG00000182934.12	2	2	1	1	0	104	Frame_Shift_Del;Missense_Mutation	muse;mutect2;mutect2;pindel;varscan2								0.0208333333333333	FALSE
SRRM2	ENSG00000167978.17	2	2	0	0	0	1355	Missense_Mutation	muse;mutect2;muse;mutect2;varscan2								0.0208333333333333	FALSE
ST6GAL2	ENSG00000144057.15	2	2	0	0	0	358	Missense_Mutation	muse;mutect2;varscan2								0.0208333333333333	FALSE
STAG1	ENSG00000118007.13	2	2	0	0	0	624	Missense_Mutation	muse;mutect2;varscan2								0.0208333333333333	FALSE
STK11	ENSG00000118046.16	2	2	1	1	2	221	Missense_Mutation;Nonsense_Mutation	muse;mutect2;muse;mutect2;varscan2								0.0208333333333333	FALSE
STK11IP	ENSG00000144589.22	2	2	0	0	0	955	Missense_Mutation	muse;mutect2;muse;varscan2								0.0208333333333333	FALSE
STK31	ENSG00000196335.13	2	2	0	0	0	787	Missense_Mutation	muse;mutect2;muse;mutect2;varscan2								0.0208333333333333	FALSE
STRIP1	ENSG00000143093.15	2	2	1	1	0	511	Missense_Mutation;Nonsense_Mutation	muse;mutect2;varscan2								0.0208333333333333	FALSE
STXBP5	ENSG00000164506.14	2	2	0	0	0	368	Missense_Mutation	muse;mutect2;muse;mutect2;varscan2								0.0208333333333333	FALSE
STYXL2	ENSG00000198842.10	2	2	1	1	0	819	Missense_Mutation;Nonsense_Mutation	muse;mutect2;varscan2								0.0208333333333333	FALSE
SUFU	ENSG00000107882.12	2	2	0	0	0	260	Missense_Mutation	muse;mutect2;varscan2								0.0208333333333333	FALSE
SV2C	ENSG00000122012.14	2	2	1	1	0	194	Missense_Mutation;Nonsense_Mutation	muse;mutect2;muse;mutect2;varscan2								0.0208333333333333	FALSE
SWAP70	ENSG00000133789.15	2	2	1	1	0	378	Missense_Mutation;Nonsense_Mutation	muse;mutect2;varscan2								0.0208333333333333	FALSE
SYDE2	ENSG00000097096.9	2	2	1	1	0	1105	Frame_Shift_Ins;Missense_Mutation	muse;mutect2;varscan2;mutect2;pindel;varscan2								0.0208333333333333	FALSE
TAAR9	ENSG00000237110.2	2	2	0	0	0	249	Missense_Mutation	muse;mutect2;varscan2								0.0208333333333333	FALSE
TACC2	ENSG00000138162.19	2	2	0	0	0	2160	Missense_Mutation	muse;mutect2;muse;mutect2;varscan2								0.0208333333333333	FALSE
TAF15	ENSG00000270647.6	2	2	0	0	0	517	Missense_Mutation	muse;mutect2;varscan2								0.0208333333333333	FALSE
TAF1B	ENSG00000115750.17	2	2	1	1	0	545	Missense_Mutation;Nonsense_Mutation	muse;mutect2;muse;mutect2;varscan2								0.0208333333333333	FALSE
TAF1L	ENSG00000122728.6	2	2	0	0	0	1710	Missense_Mutation	muse;mutect2;varscan2								0.0208333333333333	FALSE
TAF5	ENSG00000148835.11	2	2	0	0	0	746	Missense_Mutation	muse;mutect2;varscan2								0.0208333333333333	FALSE
TAF5L	ENSG00000135801.10	2	2	0	0	0	352	Missense_Mutation	muse;mutect2;muse;mutect2;varscan2								0.0208333333333333	FALSE
TANC2	ENSG00000170921.15	2	2	0	0	0	1385	Missense_Mutation	muse;mutect2;varscan2								0.0208333333333333	FALSE
TAS2R13	ENSG00000212128.2	2	2	0	0	0	111	Missense_Mutation	muse;mutect2;varscan2								0.0208333333333333	FALSE
TAS2R30	ENSG00000256188.3	2	2	0	0	0	81	Missense_Mutation	muse;varscan2								0.0208333333333333	FALSE
TASOR	ENSG00000163946.13	2	2	0	0	0	1190	Missense_Mutation	muse;mutect2;varscan2								0.0208333333333333	FALSE
TBC1D15	ENSG00000121749.15	2	2	1	1	0	649	Frame_Shift_Del;Missense_Mutation	muse;mutect2;varscan2;mutect2;pindel;varscan2								0.0208333333333333	FALSE
TBC1D22A	ENSG00000054611.14	2	2	0	0	0	475	Missense_Mutation	muse;mutect2;muse;mutect2;varscan2								0.0208333333333333	FALSE
TBC1D31	ENSG00000156787.17	2	2	0	0	0	634	Missense_Mutation	muse;mutect2;varscan2								0.0208333333333333	FALSE
TBCD	ENSG00000141556.21	2	2	0	0	0	720	Missense_Mutation	muse;mutect2;varscan2								0.0208333333333333	FALSE
TBCK	ENSG00000145348.17	2	2	0	0	0	801	Missense_Mutation	muse;mutect2;muse;mutect2;varscan2								0.0208333333333333	FALSE
TBX20	ENSG00000164532.11	2	2	0	0	0	383	Missense_Mutation	muse;mutect2;varscan2								0.0208333333333333	FALSE
TBXA2R	ENSG00000006638.13	2	2	0	0	0	340	Missense_Mutation	muse;mutect2;varscan2								0.0208333333333333	FALSE
TCF4	ENSG00000196628.20	2	2	0	0	0	576	Missense_Mutation	muse;mutect2;varscan2								0.0208333333333333	FALSE
TCF7L1	ENSG00000152284.5	2	2	1	1	0	206	Missense_Mutation;Nonsense_Mutation	muse;mutect2;varscan2								0.0208333333333333	FALSE
TCN2	ENSG00000185339.9	2	2	1	1	0	399	Missense_Mutation;Nonsense_Mutation	muse;mutect2;varscan2								0.0208333333333333	FALSE
TCOF1	ENSG00000070814.22	2	2	0	0	0	1192	Missense_Mutation	muse;mutect2;varscan2								0.0208333333333333	FALSE
TDP2	ENSG00000111802.14	2	2	0	0	0	301	Missense_Mutation	muse;mutect2;muse;mutect2;varscan2								0.0208333333333333	FALSE
TDRD3	ENSG00000083544.16	2	2	0	0	0	605	Missense_Mutation	muse;mutect2;varscan2								0.0208333333333333	FALSE
TDRKH	ENSG00000182134.16	2	2	1	1	0	527	Frame_Shift_Del;Missense_Mutation	muse;mutect2;varscan2;mutect2;pindel								0.0208333333333333	FALSE
TECPR1	ENSG00000205356.10	2	2	1	1	0	719	Frame_Shift_Del;Missense_Mutation	muse;mutect2;varscan2;mutect2;pindel;varscan2								0.0208333333333333	FALSE
TECTA	ENSG00000109927.11	2	2	0	0	0	1447	Missense_Mutation	muse;mutect2;muse;mutect2;varscan2								0.0208333333333333	FALSE
TENM2	ENSG00000145934.16	2	2	0	0	0	2718	Missense_Mutation	muse;mutect2;varscan2;muse;varscan2								0.0208333333333333	FALSE
TENM3	ENSG00000218336.9	2	2	0	0	0	2004	Missense_Mutation	muse;mutect2;varscan2								0.0208333333333333	FALSE
TENT4A	ENSG00000112941.14	2	2	0	0	0	779	Missense_Mutation	muse;mutect2;muse;mutect2;varscan2								0.0208333333333333	FALSE
TENT5D	ENSG00000174016.11	2	2	0	0	0	113	Missense_Mutation	muse;mutect2;varscan2								0.0208333333333333	FALSE
TEP1	ENSG00000129566.13	2	2	0	0	0	1950	Missense_Mutation	muse;mutect2;varscan2;mutect2;varscan2								0.0208333333333333	FALSE
TESC	ENSG00000088992.18	2	2	0	0	0	136	Missense_Mutation	muse;mutect2;varscan2								0.0208333333333333	FALSE
TET3	ENSG00000187605.15	2	2	0	0	0	1741	Missense_Mutation	muse;mutect2;varscan2								0.0208333333333333	FALSE
TEX14	ENSG00000121101.16	2	2	1	1	0	955	Missense_Mutation;Nonsense_Mutation	muse;mutect2;varscan2								0.0208333333333333	FALSE
TEX55	ENSG00000163424.9	2	2	1	1	0	288	Missense_Mutation;Nonsense_Mutation	muse;mutect2;varscan2								0.0208333333333333	FALSE
THBS4	ENSG00000113296.14	2	2	1	1	0	911	Frame_Shift_Ins;Missense_Mutation	muse;mutect2;varscan2;mutect2;varscan2								0.0208333333333333	FALSE
THPO	ENSG00000090534.20	2	2	0	0	0	430	Missense_Mutation	muse;mutect2;muse;mutect2;varscan2								0.0208333333333333	FALSE
THSD7A	ENSG00000005108.16	2	2	0	0	0	452	Missense_Mutation	muse;mutect2;varscan2								0.0208333333333333	FALSE
TIAM1	ENSG00000156299.13	2	2	1	1	0	1326	Missense_Mutation;Nonsense_Mutation	muse;mutect2;muse;mutect2;varscan2								0.0208333333333333	FALSE
TIMELESS	ENSG00000111602.12	2	2	0	0	0	194	Missense_Mutation	muse;mutect2;varscan2								0.0208333333333333	FALSE
TLL1	ENSG00000038295.8	2	2	0	0	0	654	Missense_Mutation	muse;mutect2;varscan2								0.0208333333333333	FALSE
TLN2	ENSG00000171914.16	2	2	0	0	0	1617	Missense_Mutation	muse;mutect2;varscan2								0.0208333333333333	FALSE
TLR10	ENSG00000174123.11	2	2	0	0	0	558	Missense_Mutation	muse;mutect2;muse;mutect2;varscan2								0.0208333333333333	FALSE
TLR4	ENSG00000136869.16	2	2	0	0	0	785	Missense_Mutation	muse;mutect2;varscan2								0.0208333333333333	FALSE
TMC4	ENSG00000167608.12	2	2	0	0	0	636	Missense_Mutation	muse;mutect2;muse;mutect2;varscan2								0.0208333333333333	FALSE
TMEFF2	ENSG00000144339.12	2	2	1	1	0	284	Missense_Mutation;Nonsense_Mutation	muse;mutect2;varscan2								0.0208333333333333	FALSE
TMEM117	ENSG00000139173.10	2	2	0	0	0	352	Missense_Mutation	muse;mutect2;varscan2								0.0208333333333333	FALSE
TMEM131	ENSG00000075568.17	2	2	1	1	0	1177	Frame_Shift_Ins;Missense_Mutation	muse;mutect2;varscan2;mutect2;pindel;varscan2								0.0208333333333333	FALSE
TMEM176B	ENSG00000106565.18	2	2	0	0	0	138	Missense_Mutation	muse;mutect2;varscan2;mutect2;varscan2								0.0208333333333333	FALSE
TMEM200C	ENSG00000206432.4	2	2	0	0	0	553	Missense_Mutation	muse;mutect2;varscan2								0.0208333333333333	FALSE
TMEM241	ENSG00000134490.14	2	2	0	0	0	244	Missense_Mutation	muse;mutect2;muse;mutect2;varscan2								0.0208333333333333	FALSE
TMEM254	ENSG00000133678.14	2	2	1	1	0	79	Frame_Shift_Ins;Missense_Mutation	muse;mutect2;varscan2;mutect2;pindel;varscan2								0.0208333333333333	FALSE
TMEM45A	ENSG00000181458.10	2	2	0	0	0	262	Missense_Mutation	muse;mutect2;varscan2								0.0208333333333333	FALSE
TMF1	ENSG00000144747.17	2	2	1	1	0	1079	Missense_Mutation;Nonsense_Mutation	muse;mutect2;varscan2								0.0208333333333333	FALSE
TMPO	ENSG00000120802.14	2	2	0	0	0	332	Missense_Mutation	muse;mutect2;muse;mutect2;varscan2								0.0208333333333333	FALSE
TMPRSS9	ENSG00000178297.14	2	2	0	0	0	688	Missense_Mutation	muse;mutect2;muse;mutect2;varscan2								0.0208333333333333	FALSE
TNFAIP6	ENSG00000123610.5	2	2	0	0	0	207	Missense_Mutation	muse;mutect2;varscan2								0.0208333333333333	FALSE
TNFRSF8	ENSG00000120949.15	2	2	2	2	0	109	Nonsense_Mutation	muse;mutect2;varscan2								0.0208333333333333	FALSE
TNKS2	ENSG00000107854.6	2	2	0	0	0	893	In_Frame_Del;Missense_Mutation	muse;mutect2;varscan2;mutect2;pindel;varscan2								0.0208333333333333	FALSE
TNPO1	ENSG00000083312.17	2	2	0	0	0	897	Missense_Mutation	muse;mutect2;varscan2								0.0208333333333333	FALSE
TNPO3	ENSG00000064419.13	2	2	0	0	0	693	Missense_Mutation	muse;mutect2;varscan2								0.0208333333333333	FALSE
TNRC6B	ENSG00000100354.21	2	2	0	0	0	1740	Missense_Mutation	muse;mutect2;varscan2								0.0208333333333333	FALSE
TOPBP1	ENSG00000163781.14	2	2	1	1	0	1503	Frame_Shift_Del;Missense_Mutation	muse;mutect2;varscan2;mutect2;pindel;varscan2								0.0208333333333333	FALSE
TP53BP2	ENSG00000143514.17	2	2	0	0	0	1031	Missense_Mutation	muse;mutect2;muse;mutect2;varscan2								0.0208333333333333	FALSE
TPTE	ENSG00000274391.5	2	2	0	0	0	530	Missense_Mutation	muse;mutect2;varscan2								0.0208333333333333	FALSE
TPTE2	ENSG00000132958.17	2	2	0	0	0	327	Missense_Mutation	muse;mutect2;varscan2								0.0208333333333333	FALSE
TRAIP	ENSG00000183763.9	2	2	0	0	0	469	Missense_Mutation	muse;mutect2;muse;mutect2;varscan2								0.0208333333333333	FALSE
TRAK1	ENSG00000182606.17	2	2	0	0	0	930	Missense_Mutation	muse;mutect2;muse;mutect2;varscan2								0.0208333333333333	FALSE
TRAPPC12	ENSG00000171853.16	2	2	0	0	0	538	Missense_Mutation	muse;mutect2;varscan2								0.0208333333333333	FALSE
TRAPPC9	ENSG00000167632.18	2	2	1	1	0	679	Missense_Mutation;Nonsense_Mutation	muse;mutect2;varscan2								0.0208333333333333	FALSE
TRDN	ENSG00000186439.14	2	2	0	0	0	306	Missense_Mutation	muse;mutect2;varscan2								0.0208333333333333	FALSE
TRIB3	ENSG00000101255.11	2	2	1	1	0	316	Missense_Mutation;Nonsense_Mutation	muse;mutect2;muse;mutect2;varscan2								0.0208333333333333	FALSE
TRIM17	ENSG00000162931.12	2	2	0	0	0	261	Missense_Mutation	muse;mutect2;varscan2								0.0208333333333333	FALSE
TRIM27	ENSG00000204713.11	2	2	0	0	0	315	Missense_Mutation	muse;mutect2;varscan2								0.0208333333333333	FALSE
TRIO	ENSG00000038382.20	2	2	1	1	0	2031	Frame_Shift_Del;Missense_Mutation	muse;mutect2;varscan2;mutect2;varscan2								0.0208333333333333	FALSE
TRIP10	ENSG00000125733.18	2	2	1	1	0	597	Missense_Mutation;Nonsense_Mutation	muse;mutect2;varscan2								0.0208333333333333	FALSE
TRIP12	ENSG00000153827.14	2	2	0	0	0	409	Missense_Mutation	muse;mutect2;varscan2								0.0208333333333333	FALSE
TRMT10C	ENSG00000174173.7	2	2	0	0	0	132	Missense_Mutation	muse;mutect2;muse;mutect2;varscan2								0.0208333333333333	FALSE
TRPC1	ENSG00000144935.15	2	2	0	0	0	545	Missense_Mutation;Splice_Region	muse;mutect2;varscan2								0.0208333333333333	FALSE
TRPC5	ENSG00000072315.3	2	2	0	0	0	577	Missense_Mutation	muse;mutect2;varscan2								0.0208333333333333	FALSE
TRPM3	ENSG00000083067.23	2	2	0	0	0	1491	Missense_Mutation	muse;mutect2;varscan2								0.0208333333333333	FALSE
TRPM4	ENSG00000130529.16	2	2	0	0	0	1013	Missense_Mutation	muse;mutect2;varscan2								0.0208333333333333	FALSE
TSC1	ENSG00000165699.15	2	2	0	0	0	432	Missense_Mutation	muse;mutect2;varscan2								0.0208333333333333	FALSE
TSC2	ENSG00000103197.18	2	2	1	1	0	1262	Missense_Mutation;Nonsense_Mutation	muse;mutect2;varscan2								0.0208333333333333	FALSE
TSPAN6	ENSG00000000003.15	2	2	0	0	0	206	Missense_Mutation	muse;mutect2;muse;mutect2;varscan2								0.0208333333333333	FALSE
TSPYL2	ENSG00000184205.14	2	2	0	0	0	448	Missense_Mutation	muse;mutect2;varscan2								0.0208333333333333	FALSE
TTLL7	ENSG00000137941.17	2	2	0	0	0	582	Missense_Mutation	muse;mutect2;varscan2								0.0208333333333333	FALSE
TTPAL	ENSG00000124120.11	2	2	0	0	0	247	Missense_Mutation	muse;mutect2								0.0208333333333333	FALSE
TUBB6	ENSG00000176014.13	2	2	0	0	0	117	Missense_Mutation	muse;mutect2;varscan2								0.0208333333333333	FALSE
TUBGCP2	ENSG00000130640.13	2	2	0	0	0	669	Missense_Mutation	muse;mutect2;varscan2								0.0208333333333333	FALSE
TXNRD1	ENSG00000198431.16	2	2	0	0	0	628	Missense_Mutation;Splice_Region	muse;mutect2;varscan2								0.0208333333333333	FALSE
TYR	ENSG00000077498.9	2	2	0	0	0	494	Missense_Mutation	muse;mutect2;varscan2								0.0208333333333333	FALSE
UAP1L1	ENSG00000197355.11	2	2	1	1	0	448	Missense_Mutation;Nonsense_Mutation	muse;mutect2;varscan2								0.0208333333333333	FALSE
UBA6	ENSG00000033178.13	2	2	0	0	0	699	Missense_Mutation	muse;mutect2;varscan2								0.0208333333333333	FALSE
UBAP2	ENSG00000137073.23	2	2	1	1	0	965	Missense_Mutation;Nonsense_Mutation	muse;mutect2;muse;mutect2;varscan2								0.0208333333333333	FALSE
UBE2O	ENSG00000175931.13	2	2	0	0	0	767	Missense_Mutation	muse;mutect2;varscan2;mutect2;varscan2								0.0208333333333333	FALSE
UBE3C	ENSG00000009335.18	2	2	0	0	0	570	Missense_Mutation	muse;mutect2;varscan2								0.0208333333333333	FALSE
UBE4B	ENSG00000130939.20	2	2	0	0	0	1000	Missense_Mutation	muse;mutect2								0.0208333333333333	FALSE
UBN1	ENSG00000118900.15	2	2	0	0	0	664	Missense_Mutation	muse;mutect2;muse;mutect2;varscan2								0.0208333333333333	FALSE
UBR3	ENSG00000144357.18	2	2	0	0	0	1426	Missense_Mutation	muse;mutect2;varscan2								0.0208333333333333	FALSE
UBR5	ENSG00000104517.13	2	2	1	1	0	2595	Frame_Shift_Del;Missense_Mutation	muse;mutect2;varscan2;mutect2;varscan2								0.0208333333333333	FALSE
UBTF	ENSG00000108312.15	2	2	1	1	0	608	Missense_Mutation;Splice_Site	muse;mutect2;varscan2;mutect2;pindel;varscan2								0.0208333333333333	FALSE
UNC13D	ENSG00000092929.12	2	2	0	0	0	1081	Missense_Mutation	muse;mutect2;muse;mutect2;varscan2								0.0208333333333333	FALSE
UNC5D	ENSG00000156687.11	2	2	0	0	0	527	Missense_Mutation	muse;mutect2;varscan2								0.0208333333333333	FALSE
UPF1	ENSG00000005007.13	2	2	0	0	0	844	Missense_Mutation	muse;mutect2;varscan2;muse;varscan2								0.0208333333333333	FALSE
URGCP	ENSG00000106608.17	2	2	1	1	0	291	Missense_Mutation;Nonsense_Mutation	muse;mutect2;varscan2								0.0208333333333333	FALSE
UROC1	ENSG00000159650.9	2	2	0	0	0	519	Missense_Mutation	muse;mutect2;muse;mutect2;varscan2								0.0208333333333333	FALSE
USF3	ENSG00000176542.10	2	2	0	0	0	1198	Missense_Mutation	muse;mutect2;varscan2								0.0208333333333333	FALSE
USP14	ENSG00000101557.15	2	2	0	0	0	480	Missense_Mutation	muse;mutect2;varscan2								0.0208333333333333	FALSE
USP28	ENSG00000048028.11	2	2	0	0	0	974	Missense_Mutation	muse;mutect2;varscan2								0.0208333333333333	FALSE
USP31	ENSG00000103404.14	2	2	1	1	0	651	Missense_Mutation;Splice_Site	muse;mutect2;varscan2								0.0208333333333333	FALSE
USP43	ENSG00000154914.17	2	2	0	0	0	891	Missense_Mutation	muse;mutect2;muse;mutect2;varscan2								0.0208333333333333	FALSE
USP47	ENSG00000170242.19	2	2	0	0	0	1254	Missense_Mutation	muse;mutect2;muse;mutect2;varscan2								0.0208333333333333	FALSE
USP5	ENSG00000111667.14	2	2	0	0	0	714	Missense_Mutation	muse;mutect2;muse;mutect2;varscan2								0.0208333333333333	FALSE
USP54	ENSG00000166348.18	2	2	0	0	0	987	In_Frame_Del;Missense_Mutation	muse;mutect2;varscan2;pindel;varscan2								0.0208333333333333	FALSE
USP6NL	ENSG00000148429.14	2	2	0	0	0	711	Missense_Mutation	muse;mutect2;varscan2								0.0208333333333333	FALSE
UTP14C	ENSG00000253797.2	2	2	0	0	0	632	Missense_Mutation	muse;mutect2;varscan2								0.0208333333333333	FALSE
UTP20	ENSG00000120800.5	2	2	0	0	0	1194	Missense_Mutation	muse;mutect2								0.0208333333333333	FALSE
UTP3	ENSG00000132467.4	2	2	0	0	0	288	Missense_Mutation	muse;mutect2;varscan2								0.0208333333333333	FALSE
UTP4	ENSG00000141076.18	2	2	1	1	0	489	Frame_Shift_Ins;Missense_Mutation	muse;mutect2;varscan2;mutect2;pindel;varscan2								0.0208333333333333	FALSE
VAX2	ENSG00000116035.4	2	2	2	2	0	240	Frame_Shift_Del	mutect2;pindel;varscan2								0.0208333333333333	FALSE
VCAM1	ENSG00000162692.12	2	2	0	0	0	400	Missense_Mutation	muse;mutect2;muse;mutect2;varscan2								0.0208333333333333	FALSE
VCAN	ENSG00000038427.16	2	2	0	0	0	2803	Missense_Mutation	muse;mutect2;varscan2								0.0208333333333333	FALSE
VEGFC	ENSG00000150630.4	2	2	2	2	0	194	Frame_Shift_Ins;Nonsense_Mutation	muse;mutect2;varscan2;mutect2;varscan2								0.0208333333333333	FALSE
VN1R1	ENSG00000178201.4	2	2	0	0	0	206	Missense_Mutation	muse;mutect2;varscan2								0.0208333333333333	FALSE
VPS13A	ENSG00000197969.14	2	2	0	0	0	2632	Missense_Mutation	muse;mutect2;varscan2								0.0208333333333333	FALSE
VPS54	ENSG00000143952.20	2	2	0	0	0	751	Missense_Mutation	muse;mutect2;varscan2								0.0208333333333333	FALSE
VPS9D1	ENSG00000075399.14	2	2	0	0	0	375	Missense_Mutation	muse;mutect2;varscan2								0.0208333333333333	FALSE
VSX2	ENSG00000119614.3	2	2	0	0	0	204	Missense_Mutation	muse;mutect2;varscan2								0.0208333333333333	FALSE
VTA1	ENSG00000009844.16	2	2	0	0	0	255	Missense_Mutation	muse;mutect2;varscan2								0.0208333333333333	FALSE
VWA3A	ENSG00000175267.15	2	2	1	1	0	743	Missense_Mutation;Nonsense_Mutation	muse;mutect2;varscan2								0.0208333333333333	FALSE
VWA5A	ENSG00000110002.16	2	2	0	0	0	498	Missense_Mutation	muse;mutect2								0.0208333333333333	FALSE
WASHC4	ENSG00000136051.15	2	2	1	1	0	955	Missense_Mutation;Nonsense_Mutation	muse;mutect2;varscan2								0.0208333333333333	FALSE
WDR17	ENSG00000150627.16	2	2	0	0	0	380	Missense_Mutation	muse;mutect2;varscan2								0.0208333333333333	FALSE
WDR18	ENSG00000065268.11	2	2	0	0	0	427	Missense_Mutation	muse;mutect2;varscan2								0.0208333333333333	FALSE
WDR19	ENSG00000157796.18	2	2	0	0	0	1210	In_Frame_Del;Missense_Mutation	muse;mutect2;varscan2;pindel;varscan2								0.0208333333333333	FALSE
WDR33	ENSG00000136709.12	2	2	0	0	0	1001	Missense_Mutation	muse;mutect2;muse;mutect2;varscan2								0.0208333333333333	FALSE
WDR7	ENSG00000091157.14	2	2	0	0	0	501	Missense_Mutation	muse;mutect2;varscan2								0.0208333333333333	FALSE
WFDC8	ENSG00000158901.12	2	2	0	0	0	110	Missense_Mutation	muse;mutect2;varscan2								0.0208333333333333	FALSE
WWC1	ENSG00000113645.15	2	2	1	1	0	301	Frame_Shift_Del;Missense_Mutation	muse;mutect2;mutect2;pindel								0.0208333333333333	FALSE
XKR7	ENSG00000260903.3	2	2	0	0	0	354	Missense_Mutation	muse;mutect2;varscan2								0.0208333333333333	FALSE
XPO1	ENSG00000082898.18	2	2	0	0	0	593	Missense_Mutation	muse;mutect2;varscan2								0.0208333333333333	FALSE
XRN1	ENSG00000114127.11	2	2	0	0	0	1660	Missense_Mutation	muse;mutect2;varscan2								0.0208333333333333	FALSE
YBX2	ENSG00000006047.13	2	2	0	0	0	238	Missense_Mutation	muse;mutect2;varscan2								0.0208333333333333	FALSE
YES1	ENSG00000176105.14	2	2	0	0	0	167	Missense_Mutation	muse;mutect2;varscan2								0.0208333333333333	FALSE
YLPM1	ENSG00000119596.18	2	2	0	0	0	1738	Missense_Mutation	muse;mutect2;varscan2;muse;varscan2								0.0208333333333333	FALSE
ZBED4	ENSG00000100426.7	2	2	1	1	0	1144	Frame_Shift_Ins;Missense_Mutation	muse;mutect2;varscan2;mutect2;pindel;varscan2								0.0208333333333333	FALSE
ZBED8	ENSG00000221886.4	2	2	0	0	0	259	Missense_Mutation	muse;mutect2;varscan2								0.0208333333333333	FALSE
ZC3H12A	ENSG00000163874.11	2	2	0	0	0	426	Missense_Mutation	muse;mutect2;muse;mutect2;varscan2								0.0208333333333333	FALSE
ZC3H13	ENSG00000123200.17	2	2	2	2	0	1547	Frame_Shift_Del;Nonsense_Mutation	muse;mutect2;varscan2;mutect2;pindel;varscan2								0.0208333333333333	FALSE
ZC3H18	ENSG00000158545.16	2	2	1	1	0	710	Frame_Shift_Del;Missense_Mutation	muse;mutect2;varscan2;mutect2;varscan2								0.0208333333333333	FALSE
ZCCHC2	ENSG00000141664.10	2	2	1	1	0	943	Missense_Mutation;Nonsense_Mutation	muse;mutect2;varscan2;muse;varscan2								0.0208333333333333	FALSE
ZCCHC24	ENSG00000165424.7	2	2	0	0	0	155	Missense_Mutation	muse;mutect2;varscan2								0.0208333333333333	FALSE
ZDBF2	ENSG00000204186.10	2	2	1	1	0	1891	Frame_Shift_Del;Missense_Mutation	mutect2;varscan2								0.0208333333333333	FALSE
ZEB1	ENSG00000148516.22	2	2	0	0	0	426	Missense_Mutation	muse;mutect2;muse;mutect2;varscan2								0.0208333333333333	FALSE
ZFAT	ENSG00000066827.16	2	2	0	0	0	362	In_Frame_Del;Missense_Mutation	muse;mutect2;varscan2;pindel;varscan2								0.0208333333333333	FALSE
ZFHX4	ENSG00000091656.19	2	2	0	0	0	3223	Missense_Mutation	muse;mutect2;varscan2								0.0208333333333333	FALSE
ZFP14	ENSG00000142065.14	2	2	0	0	0	182	Missense_Mutation	muse;mutect2;muse;mutect2;varscan2								0.0208333333333333	FALSE
ZFYVE9	ENSG00000157077.15	2	2	0	0	0	1192	Missense_Mutation	muse;mutect2;varscan2;mutect2;varscan2								0.0208333333333333	FALSE
ZGRF1	ENSG00000138658.16	2	2	0	0	0	1984	Missense_Mutation	muse;mutect2;varscan2								0.0208333333333333	FALSE
ZIK1	ENSG00000171649.12	2	2	0	0	0	41	Missense_Mutation	muse;mutect2;muse;mutect2;varscan2								0.0208333333333333	FALSE
ZMYND19	ENSG00000165724.6	2	2	1	1	0	119	Missense_Mutation;Nonsense_Mutation	muse;mutect2;varscan2								0.0208333333333333	FALSE
ZNF117	ENSG00000152926.15	2	2	0	0	0	339	Missense_Mutation	muse;mutect2;varscan2								0.0208333333333333	FALSE
ZNF134	ENSG00000213762.12	2	2	0	0	0	259	Missense_Mutation	muse;mutect2;varscan2								0.0208333333333333	FALSE
ZNF140	ENSG00000196387.9	2	2	0	0	0	263	Missense_Mutation	muse;mutect2;varscan2								0.0208333333333333	FALSE
ZNF143	ENSG00000166478.10	2	2	0	0	0	469	In_Frame_Del;Missense_Mutation	muse;mutect2;varscan2;mutect2;pindel;varscan2								0.0208333333333333	FALSE
ZNF184	ENSG00000096654.15	2	2	0	0	0	497	Missense_Mutation	muse;mutect2;varscan2								0.0208333333333333	FALSE
ZNF208	ENSG00000160321.15	2	2	1	1	0	761	Missense_Mutation;Nonsense_Mutation	muse;mutect2;varscan2								0.0208333333333333	FALSE
ZNF234	ENSG00000263002.8	2	2	0	0	0	502	Missense_Mutation	muse;mutect2;varscan2								0.0208333333333333	FALSE
ZNF251	ENSG00000198169.9	2	2	0	0	0	366	Missense_Mutation	muse;mutect2;muse;mutect2;varscan2								0.0208333333333333	FALSE
ZNF267	ENSG00000185947.15	2	2	0	0	0	596	Missense_Mutation	muse;mutect2;varscan2								0.0208333333333333	FALSE
ZNF281	ENSG00000162702.8	2	2	0	0	0	799	Missense_Mutation	muse;mutect2;varscan2								0.0208333333333333	FALSE
ZNF300	ENSG00000145908.12	2	2	0	0	0	325	Missense_Mutation	muse;mutect2;varscan2								0.0208333333333333	FALSE
ZNF302	ENSG00000089335.21	2	2	0	0	0	423	Missense_Mutation	muse;mutect2;muse;mutect2;varscan2								0.0208333333333333	FALSE
ZNF318	ENSG00000171467.16	2	2	0	0	0	2115	Missense_Mutation	muse;mutect2;varscan2;muse;varscan2								0.0208333333333333	FALSE
ZNF341	ENSG00000131061.14	2	2	2	2	0	679	Nonsense_Mutation;Splice_Site	muse;mutect2;varscan2								0.0208333333333333	FALSE
ZNF410	ENSG00000119725.20	2	2	0	0	0	324	Missense_Mutation	muse;mutect2;varscan2								0.0208333333333333	FALSE
ZNF428	ENSG00000131116.12	2	2	0	0	0	103	Missense_Mutation	muse;mutect2;muse;mutect2;varscan2								0.0208333333333333	FALSE
ZNF445	ENSG00000185219.17	2	2	0	0	0	620	Missense_Mutation	muse;mutect2;muse;mutect2;varscan2								0.0208333333333333	FALSE
ZNF460	ENSG00000197714.9	2	2	0	0	0	247	Missense_Mutation	muse;mutect2;varscan2								0.0208333333333333	FALSE
ZNF461	ENSG00000197808.12	2	2	2	2	0	247	Frame_Shift_Del	mutect2;pindel;varscan2								0.0208333333333333	FALSE
ZNF479	ENSG00000185177.13	2	2	0	0	0	435	Missense_Mutation	muse;mutect2								0.0208333333333333	FALSE
ZNF493	ENSG00000196268.12	2	2	0	0	0	215	Missense_Mutation	muse;mutect2;varscan2								0.0208333333333333	FALSE
ZNF518A	ENSG00000177853.14	2	2	0	0	0	763	Missense_Mutation	muse;mutect2;muse;mutect2;varscan2								0.0208333333333333	FALSE
ZNF519	ENSG00000175322.12	2	2	0	0	0	311	Missense_Mutation	muse;mutect2;muse;mutect2;varscan2								0.0208333333333333	FALSE
ZNF536	ENSG00000198597.9	2	2	0	0	0	866	Missense_Mutation	muse;mutect2;varscan2								0.0208333333333333	FALSE
ZNF570	ENSG00000171827.11	2	2	0	0	0	472	Missense_Mutation	muse;mutect2;varscan2								0.0208333333333333	FALSE
ZNF578	ENSG00000258405.11	2	2	0	0	0	314	Missense_Mutation	muse;mutect2;varscan2								0.0208333333333333	FALSE
ZNF582	ENSG00000018869.17	2	2	0	0	0	376	Missense_Mutation	muse;mutect2;muse;mutect2;varscan2								0.0208333333333333	FALSE
ZNF644	ENSG00000122482.21	2	2	0	0	0	1100	In_Frame_Del;Missense_Mutation	muse;mutect2;varscan2;pindel;varscan2								0.0208333333333333	FALSE
ZNF655	ENSG00000197343.11	2	2	1	1	0	380	Frame_Shift_Del;Missense_Mutation	muse;mutect2;varscan2;pindel;varscan2*								0.0208333333333333	FALSE
ZNF671	ENSG00000083814.13	2	2	1	1	0	388	Missense_Mutation;Nonsense_Mutation	muse;mutect2;muse;mutect2;varscan2								0.0208333333333333	FALSE
ZNF672	ENSG00000171161.13	2	2	1	1	0	274	Missense_Mutation;Nonsense_Mutation	muse;mutect2;varscan2;muse;varscan2								0.0208333333333333	FALSE
ZNF707	ENSG00000181135.16	2	2	0	0	0	322	Missense_Mutation	muse;mutect2;muse;mutect2;varscan2								0.0208333333333333	FALSE
ZNF714	ENSG00000160352.16	2	2	1	1	0	477	Frame_Shift_Del;Missense_Mutation	muse;mutect2;varscan2;mutect2;pindel*;varscan2								0.0208333333333333	FALSE
ZNF749	ENSG00000186230.7	2	2	0	0	0	432	Missense_Mutation	muse;mutect2;varscan2								0.0208333333333333	FALSE
ZNF766	ENSG00000196214.11	2	2	1	1	0	398	Missense_Mutation;Nonsense_Mutation	muse;mutect2;muse;mutect2;varscan2								0.0208333333333333	FALSE
ZNF775	ENSG00000196456.13	2	2	0	0	0	494	Missense_Mutation	muse;mutect2;varscan2								0.0208333333333333	FALSE
ZNF784	ENSG00000179922.6	2	2	0	0	0	237	Missense_Mutation	muse;mutect2;varscan2								0.0208333333333333	FALSE
ZNF791	ENSG00000173875.14	2	2	1	1	0	431	Missense_Mutation;Nonsense_Mutation	muse;mutect2;varscan2								0.0208333333333333	FALSE
ZNF878	ENSG00000257446.4	2	2	1	1	0	462	Frame_Shift_Del;Missense_Mutation	muse;mutect2;varscan2;mutect2;pindel;varscan2								0.0208333333333333	FALSE
ZWILCH	ENSG00000174442.12	2	2	1	1	0	330	Frame_Shift_Del;Missense_Mutation	muse;mutect2;varscan2;pindel;varscan2								0.0208333333333333	FALSE
ZXDB	ENSG00000198455.4	2	2	0	0	0	528	Missense_Mutation	muse;mutect2;varscan2								0.0208333333333333	FALSE
ZZEF1	ENSG00000074755.15	2	2	0	0	0	1414	Missense_Mutation	muse;mutect2;varscan2								0.0208333333333333	FALSE
LRP1	ENSG00000123384.14	3	1	1	1	0	4193	Frame_Shift_Ins;Missense_Mutation	muse;mutect2;varscan2;mutect2;varscan2								0.0104166666666667	FALSE
ACKR1	ENSG00000213088.12	2	1	0	0	0	334	Missense_Mutation	muse;mutect2;varscan2								0.0104166666666667	FALSE
ACSS2	ENSG00000131069.20	2	1	0	0	0	440	Missense_Mutation	muse;mutect2;varscan2								0.0104166666666667	FALSE
ACVR2A	ENSG00000121989.15	2	1	1	1	0	437	Frame_Shift_Del;Missense_Mutation	muse;mutect2;varscan2;mutect2;varscan2								0.0104166666666667	FALSE
ADAM7	ENSG00000069206.15	2	1	0	0	0	747	Missense_Mutation	muse;mutect2;varscan2								0.0104166666666667	FALSE
ADGRA1	ENSG00000197177.15	2	1	0	0	0	330	Missense_Mutation	muse;mutect2;varscan2								0.0104166666666667	FALSE
AK8	ENSG00000165695.10	2	1	0	0	0	230	Missense_Mutation	muse;mutect2;varscan2								0.0104166666666667	FALSE
ANXA11	ENSG00000122359.18	2	1	1	1	0	397	Missense_Mutation;Nonsense_Mutation	muse;mutect2								0.0104166666666667	FALSE
BCL9L	ENSG00000186174.12	2	1	0	0	0	1262	Missense_Mutation	muse;mutect2;muse;mutect2;varscan2								0.0104166666666667	FALSE
COL6A5	ENSG00000172752.14	2	1	1	1	0	2471	Missense_Mutation;Nonsense_Mutation	muse;mutect2;varscan2								0.0104166666666667	FALSE
CYB5B	ENSG00000103018.17	2	1	1	1	0	43	Missense_Mutation;Nonsense_Mutation	muse;mutect2;varscan2								0.0104166666666667	FALSE
CYLC1	ENSG00000183035.13	2	1	2	1	0	582	Nonsense_Mutation	muse;mutect2;varscan2								0.0104166666666667	FALSE
DACT1	ENSG00000165617.15	2	1	2	1	0	435	Frame_Shift_Del	mutect2;varscan2;mutect2*;pindel;varscan2*								0.0104166666666667	FALSE
DCLRE1C	ENSG00000152457.18	2	1	0	0	0	511	Missense_Mutation	muse;mutect2;varscan2								0.0104166666666667	FALSE
DNASE1L1	ENSG00000013563.14	2	1	0	0	0	203	Missense_Mutation	muse;mutect2;varscan2								0.0104166666666667	FALSE
DRAXIN	ENSG00000162490.7	2	1	0	0	0	24	Missense_Mutation	muse;mutect2;varscan2								0.0104166666666667	FALSE
ENG	ENSG00000106991.14	2	1	0	0	0	604	Missense_Mutation	muse;mutect2;varscan2								0.0104166666666667	FALSE
EPHX1	ENSG00000143819.12	2	1	0	0	0	432	Missense_Mutation	muse;mutect2;varscan2;muse;varscan2								0.0104166666666667	FALSE
FAM189B	ENSG00000160767.21	2	1	0	0	0	287	Missense_Mutation	muse;mutect2;varscan2								0.0104166666666667	FALSE
FLII	ENSG00000177731.16	2	1	0	0	0	1093	Missense_Mutation	muse;mutect2								0.0104166666666667	FALSE
FPGT-TNNI3K	ENSG00000259030.7	2	1	0	0	0	177	Missense_Mutation	muse;mutect2;varscan2;mutect2;varscan2								0.0104166666666667	FALSE
FPR2	ENSG00000171049.9	2	1	0	0	0	303	Missense_Mutation	muse;mutect2;varscan2								0.0104166666666667	FALSE
GRM7	ENSG00000196277.16	2	1	1	1	0	391	Missense_Mutation;Nonsense_Mutation	muse;mutect2;varscan2								0.0104166666666667	FALSE
HLA-B	ENSG00000234745.12	2	1	2	1	0	115	Splice_Site	muse;mutect2;varscan2								0.0104166666666667	FALSE
IL16	ENSG00000172349.17	2	1	0	0	0	1130	Missense_Mutation	muse;mutect2;varscan2								0.0104166666666667	FALSE
IL1B	ENSG00000125538.12	2	1	0	0	0	21	Missense_Mutation	muse;mutect2;varscan2								0.0104166666666667	FALSE
JPH3	ENSG00000154118.13	2	1	1	1	0	354	Frame_Shift_Del;Missense_Mutation	muse;mutect2;varscan2;mutect2;pindel;varscan2								0.0104166666666667	FALSE
LSM7	ENSG00000130332.15	2	1	1	1	0	19	Missense_Mutation;Nonsense_Mutation	muse;mutect2;varscan2								0.0104166666666667	FALSE
MAP3K15	ENSG00000180815.14	2	1	0	0	0	977	Missense_Mutation;Splice_Region	muse;mutect2;varscan2								0.0104166666666667	FALSE
MDH2	ENSG00000146701.12	2	1	0	0	0	65	Missense_Mutation	muse;mutect2								0.0104166666666667	FALSE
MMS22L	ENSG00000146263.11	2	1	0	0	0	1129	Missense_Mutation	muse;mutect2;varscan2								0.0104166666666667	FALSE
NOP10	ENSG00000182117.6	2	1	0	0	0	21	Missense_Mutation	muse;mutect2;varscan2								0.0104166666666667	FALSE
NTN4	ENSG00000074527.13	2	1	0	0	0	156	Missense_Mutation	muse;mutect2;varscan2								0.0104166666666667	FALSE
OPRPN	ENSG00000171199.11	2	1	1	1	0	54	Missense_Mutation;Nonsense_Mutation	muse;mutect2;varscan2								0.0104166666666667	FALSE
OR4K5	ENSG00000176281.4	2	1	0	0	0	227	Missense_Mutation	muse;mutect2;varscan2								0.0104166666666667	FALSE
OR5P2	ENSG00000183303.2	2	1	1	1	0	107	Missense_Mutation;Nonsense_Mutation	muse;mutect2;varscan2								0.0104166666666667	FALSE
PLEKHG4B	ENSG00000153404.14	2	1	0	0	0	983	Missense_Mutation	muse;mutect2;varscan2								0.0104166666666667	FALSE
PLEKHG7	ENSG00000187510.10	2	1	2	1	0	66	Frame_Shift_Del;Frame_Shift_Ins	muse*;mutect2;muse*;mutect2;varscan2*								0.0104166666666667	FALSE
PRKRIP1	ENSG00000128563.13	2	1	0	0	0	164	Missense_Mutation	muse;mutect2								0.0104166666666667	FALSE
RHBDF1	ENSG00000007384.15	2	1	1	1	0	575	Missense_Mutation;Splice_Site	muse;mutect2;varscan2								0.0104166666666667	FALSE
SH2D2A	ENSG00000027869.12	2	1	0	0	0	225	Missense_Mutation	muse;mutect2;varscan2								0.0104166666666667	FALSE
SIPA1	ENSG00000213445.10	2	1	0	0	0	970	Missense_Mutation	muse;mutect2;varscan2								0.0104166666666667	FALSE
SPAG8	ENSG00000137098.14	2	1	0	0	0	218	Missense_Mutation	muse;mutect2;varscan2								0.0104166666666667	FALSE
STOX2	ENSG00000173320.12	2	1	0	0	0	678	Missense_Mutation	muse;mutect2;varscan2								0.0104166666666667	FALSE
TUBA1A	ENSG00000167552.14	2	1	0	0	0	429	Missense_Mutation	muse;varscan2								0.0104166666666667	FALSE
ZFYVE16	ENSG00000039319.17	2	1	1	1	0	428	Missense_Mutation;Nonsense_Mutation	muse;varscan2								0.0104166666666667	FALSE
ZNF682	ENSG00000197124.12	2	1	1	1	0	379	Missense_Mutation;Nonsense_Mutation	muse;mutect2;varscan2								0.0104166666666667	FALSE
A2M	ENSG00000175899.15	1	1	0	0	0	495	Missense_Mutation	muse;mutect2;varscan2								0.0104166666666667	FALSE
A4GNT	ENSG00000118017.4	1	1	1	1	0	10	Nonsense_Mutation	muse;mutect2;varscan2								0.0104166666666667	FALSE
AAAS	ENSG00000094914.14	1	1	1	1	0	319	Frame_Shift_Ins	mutect2;varscan2								0.0104166666666667	FALSE
AACS	ENSG00000081760.17	1	1	0	0	0	294	Missense_Mutation	muse;mutect2;varscan2								0.0104166666666667	FALSE
AADACL3	ENSG00000188984.12	1	1	1	1	0	255	Frame_Shift_Del	mutect2;varscan2								0.0104166666666667	FALSE
AADACL4	ENSG00000204518.2	1	1	0	0	0	108	Missense_Mutation	muse;mutect2;varscan2								0.0104166666666667	FALSE
AADAT	ENSG00000109576.14	1	1	0	0	0	404	Missense_Mutation	muse;mutect2;varscan2								0.0104166666666667	FALSE
AAMP	ENSG00000127837.10	1	1	0	0	0	132	Splice_Region	muse;mutect2								0.0104166666666667	FALSE
AAR2	ENSG00000131043.12	1	1	0	0	0	181	Missense_Mutation	muse;mutect2								0.0104166666666667	FALSE
AARD	ENSG00000205002.4	1	1	0	0	0	45	Missense_Mutation	muse;mutect2								0.0104166666666667	FALSE
AARS2	ENSG00000124608.5	1	1	1	1	0	871	Frame_Shift_Del	mutect2;pindel;varscan2								0.0104166666666667	FALSE
AATK	ENSG00000181409.14	1	1	1	1	0	1019	Nonsense_Mutation	muse;mutect2;varscan2								0.0104166666666667	FALSE
ABCA3	ENSG00000167972.14	1	1	0	0	0	1562	Missense_Mutation	muse;mutect2;varscan2								0.0104166666666667	FALSE
ABCA7	ENSG00000064687.13	1	1	0	0	0	353	Missense_Mutation	muse;mutect2;varscan2								0.0104166666666667	FALSE
ABCA8	ENSG00000141338.14	1	1	0	0	0	1236	Missense_Mutation	muse;mutect2;varscan2								0.0104166666666667	FALSE
ABCB4	ENSG00000005471.19	1	1	1	1	0	339	Frame_Shift_Del	mutect2;varscan2								0.0104166666666667	FALSE
ABCB6	ENSG00000115657.14	1	1	0	0	0	88	Missense_Mutation	muse;varscan2								0.0104166666666667	FALSE
ABCB8	ENSG00000197150.13	1	1	0	0	0	4	Missense_Mutation	muse;mutect2;varscan2								0.0104166666666667	FALSE
ABCC11	ENSG00000121270.16	1	1	0	0	0	1216	Missense_Mutation	muse;mutect2;varscan2								0.0104166666666667	FALSE
ABCC3	ENSG00000108846.16	1	1	0	0	0	584	Missense_Mutation	muse;mutect2;varscan2								0.0104166666666667	FALSE
ABCG8	ENSG00000143921.9	1	1	0	0	0	256	Missense_Mutation	muse;mutect2;varscan2								0.0104166666666667	FALSE
ABHD12	ENSG00000100997.20	1	1	0	0	0	207	Missense_Mutation	muse;mutect2;varscan2								0.0104166666666667	FALSE
ABHD14B	ENSG00000114779.19	1	1	0	0	0	140	Missense_Mutation	muse;mutect2;varscan2								0.0104166666666667	FALSE
ABHD16A	ENSG00000204427.12	1	1	1	1	0	115	Splice_Site	muse;mutect2;varscan2								0.0104166666666667	FALSE
ABHD16B	ENSG00000183260.7	1	1	0	0	0	403	Missense_Mutation	muse;mutect2								0.0104166666666667	FALSE
ABHD18	ENSG00000164074.15	1	1	0	0	0	305	Missense_Mutation	muse;varscan2								0.0104166666666667	FALSE
ABHD5	ENSG00000011198.10	1	1	0	0	0	205	Missense_Mutation	muse;mutect2;varscan2								0.0104166666666667	FALSE
ABHD8	ENSG00000127220.6	1	1	0	0	0	63	Missense_Mutation	muse;mutect2								0.0104166666666667	FALSE
ABI2	ENSG00000138443.17	1	1	0	0	0	188	Missense_Mutation	muse;mutect2;varscan2								0.0104166666666667	FALSE
ABI3	ENSG00000108798.9	1	1	0	0	0	246	In_Frame_Del	mutect2;pindel;varscan2								0.0104166666666667	FALSE
ABL1	ENSG00000097007.19	1	1	0	0	0	363	Missense_Mutation	muse;mutect2;varscan2								0.0104166666666667	FALSE
ABR	ENSG00000159842.15	1	1	0	0	0	827	Missense_Mutation	muse;varscan2								0.0104166666666667	FALSE
AC006059.2	ENSG00000280571.2	1	1	0	0	0	53	Missense_Mutation	muse;mutect2;varscan2								0.0104166666666667	FALSE
AC008397.2	ENSG00000285188.1	1	1	0	0	0	513	Missense_Mutation	muse;mutect2								0.0104166666666667	FALSE
AC011448.1	ENSG00000258674.5	1	1	0	0	0	12	Missense_Mutation	muse;mutect2;varscan2								0.0104166666666667	FALSE
AC011455.2	ENSG00000269547.1	1	1	0	0	0	499	Missense_Mutation	muse;mutect2								0.0104166666666667	FALSE
AC013489.1	ENSG00000173867.10	1	1	0	0	0	233	Missense_Mutation	muse;mutect2;varscan2								0.0104166666666667	FALSE
AC093827.5	ENSG00000285458.1	1	1	1	1	0	49	Nonsense_Mutation	muse;mutect2;varscan2								0.0104166666666667	FALSE
AC104452.1	ENSG00000283189.2	1	1	0	0	0	194	Missense_Mutation	muse;mutect2;varscan2								0.0104166666666667	FALSE
AC126283.2	ENSG00000285330.1	1	1	0	0	0	336	Missense_Mutation	muse;mutect2;varscan2								0.0104166666666667	FALSE
AC127029.3	ENSG00000285947.1	1	1	0	0	0	109	Missense_Mutation	muse;mutect2								0.0104166666666667	FALSE
AC131160.1	ENSG00000283765.1	1	1	1	1	0	299	Frame_Shift_Del	pindel;varscan2*								0.0104166666666667	FALSE
AC245033.1	ENSG00000260836.2	1	1	0	0	0	525	Missense_Mutation	muse;mutect2;varscan2								0.0104166666666667	FALSE
ACAA2	ENSG00000167315.18	1	1	0	0	0	326	Missense_Mutation	muse;mutect2;varscan2								0.0104166666666667	FALSE
ACAD10	ENSG00000111271.15	1	1	0	0	0	176	Missense_Mutation	muse;mutect2;varscan2								0.0104166666666667	FALSE
ACAD11	ENSG00000240303.8	1	1	0	0	0	569	Missense_Mutation	muse;mutect2;varscan2								0.0104166666666667	FALSE
ACADVL	ENSG00000072778.20	1	1	0	0	0	525	Missense_Mutation	muse;mutect2;varscan2								0.0104166666666667	FALSE
ACAN	ENSG00000157766.19	1	1	0	0	0	991	Missense_Mutation	muse;mutect2;varscan2								0.0104166666666667	FALSE
ACAT2	ENSG00000120437.9	1	1	0	0	0	210	Missense_Mutation	muse;mutect2;varscan2								0.0104166666666667	FALSE
ACBD5	ENSG00000107897.20	1	1	0	0	0	424	Missense_Mutation	muse;mutect2;varscan2								0.0104166666666667	FALSE
ACCS	ENSG00000110455.14	1	1	0	0	0	33	Missense_Mutation	muse;mutect2;varscan2								0.0104166666666667	FALSE
ACD	ENSG00000102977.17	1	1	1	1	0	240	Nonsense_Mutation	muse;mutect2;varscan2								0.0104166666666667	FALSE
ACKR4	ENSG00000129048.7	1	1	1	1	0	47	Frame_Shift_Del	mutect2;pindel								0.0104166666666667	FALSE
ACO1	ENSG00000122729.19	1	1	1	1	0	619	Frame_Shift_Del	pindel;varscan2								0.0104166666666667	FALSE
ACOX1	ENSG00000161533.12	1	1	0	0	0	526	Missense_Mutation	muse;mutect2;varscan2								0.0104166666666667	FALSE
ACOX2	ENSG00000168306.13	1	1	0	0	0	21	Missense_Mutation	muse;mutect2;varscan2								0.0104166666666667	FALSE
ACOX3	ENSG00000087008.16	1	1	0	0	0	328	Missense_Mutation	muse;mutect2;varscan2								0.0104166666666667	FALSE
ACSF3	ENSG00000176715.17	1	1	0	0	0	14	Missense_Mutation	muse;mutect2								0.0104166666666667	FALSE
ACSL3	ENSG00000123983.14	1	1	0	0	0	460	Missense_Mutation	muse;mutect2;varscan2								0.0104166666666667	FALSE
ACSL4	ENSG00000068366.20	1	1	0	0	0	449	Missense_Mutation	muse;mutect2;varscan2								0.0104166666666667	FALSE
ACSM2A	ENSG00000183747.12	1	1	0	0	0	477	Missense_Mutation	muse;mutect2								0.0104166666666667	FALSE
ACSM2B	ENSG00000066813.14	1	1	0	0	0	398	Missense_Mutation	muse;mutect2;varscan2								0.0104166666666667	FALSE
ACSM5	ENSG00000183549.10	1	1	0	0	0	333	Missense_Mutation	muse;mutect2;varscan2								0.0104166666666667	FALSE
ACTA1	ENSG00000143632.14	1	1	0	0	0	211	Missense_Mutation	muse;mutect2								0.0104166666666667	FALSE
ACTA2	ENSG00000107796.13	1	1	0	0	0	179	Missense_Mutation	muse;mutect2;varscan2								0.0104166666666667	FALSE
ACTB	ENSG00000075624.17	1	1	0	0	0	195	Missense_Mutation	muse;mutect2;varscan2								0.0104166666666667	FALSE
ACTN2	ENSG00000077522.14	1	1	0	0	0	166	Missense_Mutation	muse;mutect2;varscan2								0.0104166666666667	FALSE
ACTR10	ENSG00000131966.14	1	1	0	0	0	230	Missense_Mutation	muse;mutect2;varscan2								0.0104166666666667	FALSE
ACTR5	ENSG00000101442.10	1	1	0	0	0	322	Missense_Mutation	muse;mutect2								0.0104166666666667	FALSE
ACTR6	ENSG00000075089.9	1	1	0	0	0	138	Missense_Mutation	muse;mutect2;varscan2								0.0104166666666667	FALSE
ACVR1C	ENSG00000123612.16	1	1	1	1	0	409	Splice_Site	muse;mutect2;varscan2								0.0104166666666667	FALSE
ACVRL1	ENSG00000139567.13	1	1	0	0	0	4	Missense_Mutation	muse;mutect2;varscan2								0.0104166666666667	FALSE
ADAD2	ENSG00000140955.11	1	1	0	0	0	211	Missense_Mutation	muse;mutect2;varscan2								0.0104166666666667	FALSE
ADAM10	ENSG00000137845.15	1	1	1	1	0	345	Nonsense_Mutation	muse;mutect2;varscan2								0.0104166666666667	FALSE
ADAM17	ENSG00000151694.14	1	1	0	0	0	725	Missense_Mutation	muse;mutect2;varscan2								0.0104166666666667	FALSE
ADAM2	ENSG00000104755.15	1	1	0	0	0	90	Missense_Mutation	muse;mutect2;varscan2								0.0104166666666667	FALSE
ADAM21	ENSG00000139985.7	1	1	0	0	0	419	Missense_Mutation	muse;mutect2;varscan2								0.0104166666666667	FALSE
ADAM22	ENSG00000008277.14	1	1	0	0	0	513	Missense_Mutation	muse;mutect2;varscan2								0.0104166666666667	FALSE
ADAM28	ENSG00000042980.13	1	1	0	0	0	267	Missense_Mutation	muse;mutect2;varscan2								0.0104166666666667	FALSE
ADAM8	ENSG00000151651.16	1	1	0	0	0	263	Missense_Mutation	muse;mutect2;varscan2								0.0104166666666667	FALSE
ADAMTS12	ENSG00000151388.11	1	1	1	1	0	1375	Splice_Site	muse;mutect2;varscan2								0.0104166666666667	FALSE
ADAMTS14	ENSG00000138316.11	1	1	0	0	0	1082	In_Frame_Del	mutect2;pindel;varscan2								0.0104166666666667	FALSE
ADAMTS15	ENSG00000166106.3	1	1	0	0	0	726	Missense_Mutation	muse;mutect2;varscan2								0.0104166666666667	FALSE
ADAMTS18	ENSG00000140873.16	1	1	1	1	0	1184	Nonsense_Mutation	muse;mutect2								0.0104166666666667	FALSE
ADAMTS2	ENSG00000087116.16	1	1	0	0	0	848	Missense_Mutation	muse;mutect2;varscan2								0.0104166666666667	FALSE
ADAMTS9	ENSG00000163638.13	1	1	0	0	0	447	Missense_Mutation	muse;mutect2;varscan2								0.0104166666666667	FALSE
ADAMTSL3	ENSG00000156218.13	1	1	0	0	0	287	Missense_Mutation	muse;mutect2								0.0104166666666667	FALSE
ADAMTSL4	ENSG00000143382.15	1	1	0	0	0	654	Missense_Mutation	muse;mutect2								0.0104166666666667	FALSE
ADAP2	ENSG00000184060.11	1	1	0	0	0	168	Missense_Mutation	muse;mutect2;varscan2								0.0104166666666667	FALSE
ADCY1	ENSG00000164742.16	1	1	1	1	0	175	Frame_Shift_Ins	mutect2;pindel;varscan2								0.0104166666666667	FALSE
ADCY2	ENSG00000078295.17	1	1	0	0	0	1020	Missense_Mutation	muse;mutect2;varscan2								0.0104166666666667	FALSE
ADCY3	ENSG00000138031.14	1	1	0	0	0	164	Missense_Mutation	mutect2;varscan2								0.0104166666666667	FALSE
ADCY7	ENSG00000121281.13	1	1	0	0	0	393	Missense_Mutation	muse;mutect2;varscan2								0.0104166666666667	FALSE
ADCYAP1R1	ENSG00000078549.15	1	1	0	0	0	104	Missense_Mutation	muse;mutect2;varscan2								0.0104166666666667	FALSE
ADD2	ENSG00000075340.23	1	1	0	0	0	317	Splice_Region	muse;mutect2;varscan2								0.0104166666666667	FALSE
ADGRA2	ENSG00000020181.18	1	1	0	0	0	321	Missense_Mutation	muse;mutect2								0.0104166666666667	FALSE
ADGRA3	ENSG00000152990.14	1	1	0	0	0	731	Missense_Mutation	muse;mutect2;varscan2								0.0104166666666667	FALSE
ADGRB1	ENSG00000181790.11	1	1	0	0	0	1321	Missense_Mutation	muse;mutect2;varscan2								0.0104166666666667	FALSE
ADGRE2	ENSG00000127507.18	1	1	0	0	0	638	Missense_Mutation	muse;mutect2								0.0104166666666667	FALSE
ADGRE3	ENSG00000131355.15	1	1	0	0	0	604	Missense_Mutation	muse;mutect2;varscan2								0.0104166666666667	FALSE
ADGRE5	ENSG00000123146.20	1	1	0	0	0	511	Missense_Mutation	muse;mutect2;varscan2								0.0104166666666667	FALSE
ADGRF5	ENSG00000069122.19	1	1	1	1	0	981	Frame_Shift_Del	mutect2;pindel;varscan2								0.0104166666666667	FALSE
ADGRG3	ENSG00000182885.17	1	1	0	0	0	152	Missense_Mutation	muse;mutect2;varscan2								0.0104166666666667	FALSE
ADGRL3	ENSG00000150471.16	1	1	0	0	0	820	Missense_Mutation	muse;mutect2								0.0104166666666667	FALSE
ADH1C	ENSG00000248144.6	1	1	0	0	0	187	Missense_Mutation	muse;mutect2;varscan2								0.0104166666666667	FALSE
ADH6	ENSG00000172955.17	1	1	0	0	0	313	Missense_Mutation	muse;mutect2;varscan2								0.0104166666666667	FALSE
ADHFE1	ENSG00000147576.17	1	1	0	0	0	418	Missense_Mutation	muse;mutect2;varscan2								0.0104166666666667	FALSE
ADI1	ENSG00000182551.14	1	1	0	0	0	153	Missense_Mutation	muse;mutect2;varscan2								0.0104166666666667	FALSE
ADIPOR1	ENSG00000159346.13	1	1	0	0	0	217	Missense_Mutation	muse;mutect2								0.0104166666666667	FALSE
ADIRF	ENSG00000148671.14	1	1	0	0	0	56	Missense_Mutation	muse;mutect2;varscan2								0.0104166666666667	FALSE
ADNP2	ENSG00000101544.9	1	1	0	0	0	736	Missense_Mutation	muse;mutect2;varscan2								0.0104166666666667	FALSE
ADORA2B	ENSG00000170425.3	1	1	0	0	0	220	Missense_Mutation	muse;mutect2;varscan2								0.0104166666666667	FALSE
ADPGK	ENSG00000159322.17	1	1	0	0	0	272	Missense_Mutation	muse;mutect2;varscan2								0.0104166666666667	FALSE
ADRA2A	ENSG00000150594.7	1	1	0	0	0	59	Missense_Mutation	muse;mutect2;varscan2								0.0104166666666667	FALSE
ADRA2C	ENSG00000184160.8	1	1	1	1	0	454	Nonsense_Mutation	muse;mutect2;varscan2								0.0104166666666667	FALSE
AEBP2	ENSG00000139154.16	1	1	0	0	0	317	Missense_Mutation	muse;mutect2;varscan2								0.0104166666666667	FALSE
AEN	ENSG00000181026.15	1	1	0	0	0	43	Missense_Mutation	muse;mutect2;varscan2								0.0104166666666667	FALSE
AFAP1L2	ENSG00000169129.15	1	1	1	1	0	215	Nonsense_Mutation	muse;mutect2;varscan2								0.0104166666666667	FALSE
AFF2	ENSG00000155966.14	1	1	0	0	0	963	Missense_Mutation	muse;mutect2								0.0104166666666667	FALSE
AFM	ENSG00000079557.5	1	1	0	0	0	309	Missense_Mutation	muse;mutect2;varscan2								0.0104166666666667	FALSE
AFTPH	ENSG00000119844.15	1	1	0	0	0	708	In_Frame_Del	mutect2;pindel;varscan2								0.0104166666666667	FALSE
AGBL1	ENSG00000273540.4	1	1	0	0	0	213	Missense_Mutation	muse;mutect2;varscan2								0.0104166666666667	FALSE
AGBL2	ENSG00000165923.16	1	1	0	0	0	80	Missense_Mutation	muse;mutect2;varscan2								0.0104166666666667	FALSE
AGBL5	ENSG00000084693.16	1	1	0	0	0	141	Missense_Mutation	muse;mutect2;varscan2								0.0104166666666667	FALSE
AGO1	ENSG00000092847.13	1	1	1	1	0	528	Splice_Site	muse;mutect2;varscan2								0.0104166666666667	FALSE
AGO2	ENSG00000123908.12	1	1	0	0	0	299	Missense_Mutation	muse;mutect2;varscan2								0.0104166666666667	FALSE
AGO4	ENSG00000134698.11	1	1	0	0	0	105	Missense_Mutation	muse;mutect2;varscan2								0.0104166666666667	FALSE
AGR3	ENSG00000173467.9	1	1	0	0	0	120	Missense_Mutation	muse;mutect2;varscan2								0.0104166666666667	FALSE
AGTR2	ENSG00000180772.7	1	1	0	0	0	263	Missense_Mutation	muse;mutect2;varscan2								0.0104166666666667	FALSE
AHCTF1	ENSG00000153207.16	1	1	0	0	0	1510	Missense_Mutation	muse;mutect2;varscan2								0.0104166666666667	FALSE
AHDC1	ENSG00000126705.15	1	1	0	0	0	260	Missense_Mutation	muse;mutect2								0.0104166666666667	FALSE
AIG1	ENSG00000146416.19	1	1	0	0	0	56	Missense_Mutation	muse;mutect2;varscan2								0.0104166666666667	FALSE
AIMP2	ENSG00000106305.10	1	1	0	0	0	203	Missense_Mutation	muse;mutect2;varscan2								0.0104166666666667	FALSE
AK3	ENSG00000147853.17	1	1	0	0	0	103	Missense_Mutation	muse;mutect2;varscan2								0.0104166666666667	FALSE
AKAP12	ENSG00000131016.17	1	1	0	0	0	1338	Missense_Mutation	muse;mutect2;varscan2								0.0104166666666667	FALSE
AKAP3	ENSG00000111254.8	1	1	0	0	0	183	Missense_Mutation	muse;mutect2;varscan2								0.0104166666666667	FALSE
AKAP5	ENSG00000179841.8	1	1	0	0	0	131	Missense_Mutation	muse;mutect2;varscan2								0.0104166666666667	FALSE
AKAP6	ENSG00000151320.11	1	1	0	0	0	1554	Missense_Mutation	muse;mutect2;varscan2								0.0104166666666667	FALSE
AKAP7	ENSG00000118507.17	1	1	1	1	0	79	Frame_Shift_Del	mutect2;varscan2								0.0104166666666667	FALSE
AKIRIN2	ENSG00000135334.9	1	1	0	0	0	111	Missense_Mutation	muse;mutect2;varscan2								0.0104166666666667	FALSE
AKR1C2	ENSG00000151632.17	1	1	1	1	0	84	Frame_Shift_Del	mutect2;pindel;varscan2								0.0104166666666667	FALSE
AKR1C4	ENSG00000198610.11	1	1	0	0	0	315	Missense_Mutation	muse;mutect2;varscan2								0.0104166666666667	FALSE
AKT1	ENSG00000142208.17	1	1	0	0	0	33	Missense_Mutation	muse;mutect2								0.0104166666666667	FALSE
AKT1S1	ENSG00000204673.11	1	1	1	1	0	97	Frame_Shift_Del	mutect2;pindel;varscan2								0.0104166666666667	FALSE
AKT3	ENSG00000117020.18	1	1	0	0	0	421	Missense_Mutation	muse;mutect2								0.0104166666666667	FALSE
AL117348.2	ENSG00000255835.1	1	1	0	0	0	335	Missense_Mutation	muse;mutect2;varscan2								0.0104166666666667	FALSE
ALB	ENSG00000163631.17	1	1	0	0	0	504	Missense_Mutation	muse;mutect2								0.0104166666666667	FALSE
ALDH18A1	ENSG00000059573.9	1	1	0	0	0	602	Missense_Mutation	muse;mutect2;varscan2								0.0104166666666667	FALSE
ALDH1A2	ENSG00000128918.15	1	1	0	0	0	259	Missense_Mutation	muse;mutect2;varscan2								0.0104166666666667	FALSE
ALDH1L2	ENSG00000136010.14	1	1	0	0	0	250	Missense_Mutation	muse;mutect2;varscan2								0.0104166666666667	FALSE
ALDH2	ENSG00000111275.13	1	1	1	1	0	507	Splice_Site	pindel;varscan2								0.0104166666666667	FALSE
ALDH4A1	ENSG00000159423.17	1	1	0	0	0	77	Missense_Mutation	muse;mutect2								0.0104166666666667	FALSE
ALDH6A1	ENSG00000119711.13	1	1	0	0	0	11	Missense_Mutation	muse;mutect2;varscan2								0.0104166666666667	FALSE
ALDOB	ENSG00000136872.20	1	1	0	0	0	260	Missense_Mutation	muse;mutect2;varscan2								0.0104166666666667	FALSE
ALG1	ENSG00000033011.13	1	1	1	1	0	131	Splice_Site	muse;varscan2								0.0104166666666667	FALSE
ALG6	ENSG00000088035.18	1	1	0	0	0	387	In_Frame_Del	mutect2;varscan2								0.0104166666666667	FALSE
ALK	ENSG00000171094.18	1	1	0	0	0	281	Missense_Mutation	muse;mutect2;varscan2								0.0104166666666667	FALSE
ALKBH1	ENSG00000100601.10	1	1	0	0	0	208	Missense_Mutation	muse;mutect2								0.0104166666666667	FALSE
ALKBH2	ENSG00000189046.11	1	1	0	0	0	214	Missense_Mutation	muse;mutect2;varscan2								0.0104166666666667	FALSE
ALKBH5	ENSG00000091542.9	1	1	0	0	0	309	Missense_Mutation	mutect2;varscan2								0.0104166666666667	FALSE
ALKBH7	ENSG00000125652.8	1	1	0	0	0	215	Missense_Mutation	muse;mutect2;varscan2								0.0104166666666667	FALSE
ALLC	ENSG00000151360.10	1	1	0	0	0	179	Missense_Mutation	muse;mutect2;varscan2								0.0104166666666667	FALSE
ALOX12B	ENSG00000179477.11	1	1	0	0	0	504	Missense_Mutation	muse;mutect2;varscan2								0.0104166666666667	FALSE
ALOX15B	ENSG00000179593.16	1	1	0	0	0	19	Missense_Mutation	muse;mutect2;varscan2								0.0104166666666667	FALSE
ALPP	ENSG00000163283.7	1	1	1	1	0	259	Nonsense_Mutation	muse;mutect2;varscan2								0.0104166666666667	FALSE
ALS2CL	ENSG00000178038.17	1	1	0	0	0	512	Missense_Mutation	muse;mutect2;varscan2								0.0104166666666667	FALSE
AMBN	ENSG00000178522.14	1	1	0	0	0	171	Missense_Mutation	muse;mutect2;varscan2								0.0104166666666667	FALSE
AMDHD1	ENSG00000139344.8	1	1	0	0	0	174	Missense_Mutation	muse;mutect2;varscan2								0.0104166666666667	FALSE
AMER2	ENSG00000165566.12	1	1	0	0	0	522	Missense_Mutation	muse;mutect2;varscan2								0.0104166666666667	FALSE
AMER3	ENSG00000178171.11	1	1	0	0	0	830	Missense_Mutation	muse;mutect2;varscan2								0.0104166666666667	FALSE
AMPH	ENSG00000078053.17	1	1	0	0	0	264	Missense_Mutation	muse;mutect2								0.0104166666666667	FALSE
AMY1A	ENSG00000237763.9	1	1	0	0	0	321	Missense_Mutation	muse;mutect2;varscan2								0.0104166666666667	FALSE
AMY1B	ENSG00000174876.16	1	1	0	0	0	334	Splice_Region	mutect2;varscan2								0.0104166666666667	FALSE
AMY1C	ENSG00000187733.6	1	1	0	0	0	313	Missense_Mutation	muse;mutect2;varscan2								0.0104166666666667	FALSE
AMY2A	ENSG00000243480.7	1	1	0	0	0	217	Missense_Mutation	muse;mutect2;varscan2								0.0104166666666667	FALSE
ANAPC1	ENSG00000153107.13	1	1	1	1	0	1880	Nonsense_Mutation	muse;mutect2;varscan2								0.0104166666666667	FALSE
ANAPC13	ENSG00000129055.13	1	1	0	0	0	21	Missense_Mutation	muse;mutect2;varscan2								0.0104166666666667	FALSE
ANAPC2	ENSG00000176248.9	1	1	0	0	0	104	Missense_Mutation	muse;mutect2;varscan2								0.0104166666666667	FALSE
ANGEL2	ENSG00000174606.14	1	1	0	0	0	212	Missense_Mutation	muse;mutect2;varscan2								0.0104166666666667	FALSE
ANGPT4	ENSG00000101280.8	1	1	0	0	0	304	Missense_Mutation	muse;mutect2;varscan2								0.0104166666666667	FALSE
ANGPTL3	ENSG00000132855.5	1	1	0	0	0	309	Missense_Mutation	muse;mutect2;varscan2								0.0104166666666667	FALSE
ANGPTL6	ENSG00000130812.10	1	1	0	0	0	275	Missense_Mutation	muse;mutect2;varscan2								0.0104166666666667	FALSE
ANK1	ENSG00000029534.21	1	1	0	0	0	255	Missense_Mutation	muse;mutect2;varscan2								0.0104166666666667	FALSE
ANKAR	ENSG00000151687.14	1	1	1	1	0	570	Splice_Site	muse;mutect2;varscan2								0.0104166666666667	FALSE
ANKDD1A	ENSG00000166839.17	1	1	0	0	0	153	Missense_Mutation	muse;mutect2;varscan2								0.0104166666666667	FALSE
ANKEF1	ENSG00000132623.16	1	1	0	0	0	539	Missense_Mutation	muse;mutect2;varscan2								0.0104166666666667	FALSE
ANKFN1	ENSG00000153930.12	1	1	0	0	0	236	Missense_Mutation	muse;mutect2;varscan2								0.0104166666666667	FALSE
ANKFY1	ENSG00000185722.18	1	1	1	1	0	899	Nonsense_Mutation	muse;mutect2;varscan2								0.0104166666666667	FALSE
ANKK1	ENSG00000170209.5	1	1	0	0	0	683	Missense_Mutation	muse;mutect2;varscan2								0.0104166666666667	FALSE
ANKMY1	ENSG00000144504.15	1	1	0	0	0	636	Missense_Mutation	muse;mutect2;varscan2								0.0104166666666667	FALSE
ANKMY2	ENSG00000106524.9	1	1	1	1	0	138	Nonsense_Mutation	muse;mutect2;varscan2								0.0104166666666667	FALSE
ANKRA2	ENSG00000164331.10	1	1	0	0	0	285	Missense_Mutation	muse;mutect2								0.0104166666666667	FALSE
ANKRD17	ENSG00000132466.19	1	1	0	0	0	191	Missense_Mutation	muse;mutect2								0.0104166666666667	FALSE
ANKRD24	ENSG00000089847.12	1	1	0	0	0	737	Missense_Mutation	muse;mutect2;varscan2								0.0104166666666667	FALSE
ANKRD27	ENSG00000105186.16	1	1	0	0	0	439	Missense_Mutation	muse;mutect2;varscan2								0.0104166666666667	FALSE
ANKRD28	ENSG00000206560.11	1	1	0	0	0	207	Missense_Mutation	muse;mutect2;varscan2								0.0104166666666667	FALSE
ANKRD29	ENSG00000154065.17	1	1	0	0	0	98	Missense_Mutation	muse;mutect2;varscan2								0.0104166666666667	FALSE
ANKRD36B	ENSG00000196912.12	1	1	0	0	0	442	Missense_Mutation	muse;mutect2;varscan2								0.0104166666666667	FALSE
ANKRD40	ENSG00000154945.7	1	1	0	0	0	262	Missense_Mutation	muse;mutect2;varscan2								0.0104166666666667	FALSE
ANKRD49	ENSG00000168876.9	1	1	0	0	0	136	Missense_Mutation	muse;mutect2								0.0104166666666667	FALSE
ANKRD50	ENSG00000151458.12	1	1	0	0	0	46	Missense_Mutation	muse;mutect2;varscan2								0.0104166666666667	FALSE
ANKRD54	ENSG00000100124.15	1	1	0	0	0	262	Missense_Mutation	muse;mutect2;varscan2								0.0104166666666667	FALSE
ANKS1A	ENSG00000064999.15	1	1	0	0	0	666	Missense_Mutation	muse;mutect2;varscan2								0.0104166666666667	FALSE
ANKS1B	ENSG00000185046.18	1	1	0	0	0	882	Missense_Mutation	muse;mutect2;varscan2								0.0104166666666667	FALSE
ANKS6	ENSG00000165138.18	1	1	0	0	0	415	Missense_Mutation	muse;mutect2								0.0104166666666667	FALSE
ANO1	ENSG00000131620.17	1	1	0	0	0	636	Missense_Mutation	muse;mutect2;varscan2								0.0104166666666667	FALSE
ANO3	ENSG00000134343.14	1	1	0	0	0	425	Missense_Mutation	muse;mutect2;varscan2								0.0104166666666667	FALSE
ANO7	ENSG00000146205.14	1	1	0	0	0	528	Missense_Mutation	muse;mutect2;varscan2								0.0104166666666667	FALSE
ANXA10	ENSG00000109511.12	1	1	0	0	0	291	Missense_Mutation	muse;mutect2								0.0104166666666667	FALSE
AOPEP	ENSG00000148120.17	1	1	0	0	0	352	Missense_Mutation	muse;mutect2								0.0104166666666667	FALSE
AP000812.4	ENSG00000284922.2	1	1	0	0	0	7	Missense_Mutation	muse;mutect2;varscan2								0.0104166666666667	FALSE
AP1G2	ENSG00000213983.12	1	1	0	0	0	154	Missense_Mutation	muse;mutect2;varscan2								0.0104166666666667	FALSE
AP1S1	ENSG00000106367.15	1	1	0	0	0	32	Missense_Mutation	muse;mutect2;varscan2								0.0104166666666667	FALSE
AP3B1	ENSG00000132842.14	1	1	0	0	0	240	Missense_Mutation	muse;mutect2;varscan2								0.0104166666666667	FALSE
AP3B2	ENSG00000103723.16	1	1	0	0	0	672	In_Frame_Del	mutect2;pindel;varscan2								0.0104166666666667	FALSE
AP4E1	ENSG00000081014.11	1	1	0	0	0	636	Missense_Mutation	muse;mutect2;varscan2								0.0104166666666667	FALSE
APBB1	ENSG00000166313.19	1	1	0	0	0	451	Missense_Mutation	muse;mutect2;varscan2								0.0104166666666667	FALSE
APBB2	ENSG00000163697.17	1	1	0	0	0	436	Missense_Mutation	muse;mutect2;varscan2								0.0104166666666667	FALSE
APBB3	ENSG00000113108.19	1	1	0	0	0	204	Missense_Mutation	muse;mutect2								0.0104166666666667	FALSE
APC	ENSG00000134982.17	1	1	0	0	0	1847	Missense_Mutation	muse;mutect2;varscan2								0.0104166666666667	FALSE
APCDD1	ENSG00000154856.13	1	1	0	0	0	471	Missense_Mutation	muse;mutect2;varscan2								0.0104166666666667	FALSE
APEH	ENSG00000164062.13	1	1	0	0	0	273	Missense_Mutation	muse;mutect2;varscan2								0.0104166666666667	FALSE
APEX2	ENSG00000169188.5	1	1	0	0	0	191	Missense_Mutation	muse;mutect2;varscan2								0.0104166666666667	FALSE
APH1A	ENSG00000117362.13	1	1	1	1	0	256	Frame_Shift_Del	mutect2;pindel;varscan2								0.0104166666666667	FALSE
APLNR	ENSG00000134817.11	1	1	0	0	0	126	Missense_Mutation	muse;mutect2;varscan2								0.0104166666666667	FALSE
APLP2	ENSG00000084234.18	1	1	0	0	0	724	Missense_Mutation	muse;mutect2								0.0104166666666667	FALSE
APOE	ENSG00000130203.10	1	1	0	0	0	111	Missense_Mutation	muse;mutect2;varscan2								0.0104166666666667	FALSE
APOL3	ENSG00000128284.19	1	1	0	0	0	195	Missense_Mutation	muse;mutect2;varscan2								0.0104166666666667	FALSE
APP	ENSG00000142192.21	1	1	0	0	0	106	Missense_Mutation	muse;mutect2;varscan2								0.0104166666666667	FALSE
APPL1	ENSG00000157500.12	1	1	0	0	0	526	Missense_Mutation	muse;mutect2;varscan2								0.0104166666666667	FALSE
AQP12A	ENSG00000184945.14	1	1	0	0	0	95	Missense_Mutation	muse;mutect2;varscan2								0.0104166666666667	FALSE
AQR	ENSG00000021776.11	1	1	0	0	0	922	Missense_Mutation	muse;mutect2;varscan2								0.0104166666666667	FALSE
ARAF	ENSG00000078061.13	1	1	0	0	0	167	Missense_Mutation	muse;mutect2;varscan2								0.0104166666666667	FALSE
ARAP3	ENSG00000120318.16	1	1	0	0	0	1405	Missense_Mutation	muse;mutect2;varscan2								0.0104166666666667	FALSE
ARF4	ENSG00000168374.11	1	1	1	1	0	94	Frame_Shift_Ins	mutect2;pindel;varscan2								0.0104166666666667	FALSE
ARGLU1	ENSG00000134884.15	1	1	0	0	0	149	Missense_Mutation	muse;mutect2;varscan2								0.0104166666666667	FALSE
ARHGAP12	ENSG00000165322.18	1	1	1	1	0	651	Splice_Site	muse;mutect2;varscan2								0.0104166666666667	FALSE
ARHGAP20	ENSG00000137727.12	1	1	0	0	0	622	Missense_Mutation	muse;mutect2;varscan2								0.0104166666666667	FALSE
ARHGAP24	ENSG00000138639.18	1	1	0	0	0	533	Missense_Mutation	mutect2;varscan2								0.0104166666666667	FALSE
ARHGAP26	ENSG00000145819.18	1	1	0	0	0	573	Missense_Mutation	muse;mutect2;varscan2								0.0104166666666667	FALSE
ARHGAP28	ENSG00000088756.13	1	1	1	1	0	699	Splice_Site	muse;mutect2								0.0104166666666667	FALSE
ARHGAP29	ENSG00000137962.13	1	1	1	1	0	230	Frame_Shift_Ins	mutect2;varscan2								0.0104166666666667	FALSE
ARHGAP30	ENSG00000186517.14	1	1	0	0	0	126	Missense_Mutation	muse;mutect2;varscan2								0.0104166666666667	FALSE
ARHGAP31	ENSG00000031081.11	1	1	0	0	0	179	Splice_Region	muse;mutect2;varscan2								0.0104166666666667	FALSE
ARHGAP33	ENSG00000004777.18	1	1	0	0	0	1118	Missense_Mutation	muse;mutect2;varscan2								0.0104166666666667	FALSE
ARHGAP39	ENSG00000147799.11	1	1	1	1	0	273	Frame_Shift_Ins	mutect2;pindel								0.0104166666666667	FALSE
ARHGEF1	ENSG00000076928.18	1	1	0	0	0	699	Missense_Mutation	muse;mutect2								0.0104166666666667	FALSE
ARHGEF11	ENSG00000132694.19	1	1	0	0	0	970	Missense_Mutation	muse;mutect2;varscan2								0.0104166666666667	FALSE
ARHGEF12	ENSG00000196914.9	1	1	0	0	0	463	Missense_Mutation	muse;mutect2								0.0104166666666667	FALSE
ARHGEF16	ENSG00000130762.15	1	1	0	0	0	347	Missense_Mutation	muse;mutect2;varscan2								0.0104166666666667	FALSE
ARHGEF35	ENSG00000213214.5	1	1	1	1	0	341	Nonsense_Mutation	muse;mutect2;varscan2								0.0104166666666667	FALSE
ARHGEF7	ENSG00000102606.18	1	1	0	0	0	614	Missense_Mutation	muse;mutect2;varscan2								0.0104166666666667	FALSE
ARID4A	ENSG00000032219.19	1	1	0	0	0	905	Missense_Mutation	muse;mutect2;varscan2								0.0104166666666667	FALSE
ARID4B	ENSG00000054267.22	1	1	0	0	0	686	Missense_Mutation	muse;mutect2								0.0104166666666667	FALSE
ARID5A	ENSG00000196843.17	1	1	0	0	0	482	Missense_Mutation	muse;mutect2;varscan2								0.0104166666666667	FALSE
ARID5B	ENSG00000150347.16	1	1	0	0	0	992	Missense_Mutation	muse;mutect2;varscan2								0.0104166666666667	FALSE
ARL10	ENSG00000175414.7	1	1	0	0	0	186	Missense_Mutation	muse;mutect2;varscan2								0.0104166666666667	FALSE
ARL14EP	ENSG00000152219.5	1	1	1	1	0	261	Nonstop_Mutation	muse;mutect2								0.0104166666666667	FALSE
ARL2BP	ENSG00000102931.8	1	1	0	0	0	32	Missense_Mutation	muse;mutect2;varscan2								0.0104166666666667	FALSE
ARL6IP6	ENSG00000177917.11	1	1	0	0	0	16	Missense_Mutation	muse;mutect2;varscan2								0.0104166666666667	FALSE
ARMC3	ENSG00000165309.14	1	1	0	0	0	535	Missense_Mutation	mutect2;varscan2								0.0104166666666667	FALSE
ARMC9	ENSG00000135931.18	1	1	0	0	0	419	Missense_Mutation	muse;mutect2;varscan2								0.0104166666666667	FALSE
ARMCX5	ENSG00000125962.14	1	1	1	1	0	433	Nonsense_Mutation	muse;mutect2;varscan2								0.0104166666666667	FALSE
ARMCX6	ENSG00000198960.11	1	1	0	0	0	118	Missense_Mutation	muse;mutect2;varscan2								0.0104166666666667	FALSE
ARNTL	ENSG00000133794.20	1	1	0	0	0	474	Missense_Mutation	muse;mutect2;varscan2								0.0104166666666667	FALSE
ARPC5	ENSG00000162704.16	1	1	0	0	0	74	Missense_Mutation	muse;mutect2;varscan2								0.0104166666666667	FALSE
ARPP21	ENSG00000172995.16	1	1	0	0	0	353	Missense_Mutation	muse;mutect2;varscan2								0.0104166666666667	FALSE
ARR3	ENSG00000120500.18	1	1	0	0	0	173	Missense_Mutation	muse;mutect2;varscan2								0.0104166666666667	FALSE
ARRB2	ENSG00000141480.18	1	1	1	1	0	19	Splice_Site	muse;mutect2								0.0104166666666667	FALSE
ARSA	ENSG00000100299.18	1	1	0	0	0	262	Missense_Mutation	muse;mutect2;varscan2								0.0104166666666667	FALSE
ARSB	ENSG00000113273.17	1	1	0	0	0	390	Missense_Mutation	muse;mutect2;varscan2								0.0104166666666667	FALSE
ARSI	ENSG00000183876.9	1	1	0	0	0	205	Missense_Mutation	muse;mutect2;varscan2								0.0104166666666667	FALSE
ARX	ENSG00000004848.8	1	1	0	0	0	360	Missense_Mutation	muse;mutect2								0.0104166666666667	FALSE
ASAH2	ENSG00000188611.16	1	1	0	0	0	361	Missense_Mutation	muse;mutect2;varscan2								0.0104166666666667	FALSE
ASAP1	ENSG00000153317.15	1	1	0	0	0	7	Missense_Mutation	muse;mutect2;varscan2								0.0104166666666667	FALSE
ASAP2	ENSG00000151693.11	1	1	1	1	0	371	Splice_Site	muse;varscan2								0.0104166666666667	FALSE
ASB15	ENSG00000146809.13	1	1	0	0	0	151	Missense_Mutation	muse;mutect2;varscan2								0.0104166666666667	FALSE
ASB6	ENSG00000148331.12	1	1	0	0	0	190	Missense_Mutation	muse;mutect2								0.0104166666666667	FALSE
ASB8	ENSG00000177981.11	1	1	1	1	0	281	Frame_Shift_Del	mutect2;pindel;varscan2								0.0104166666666667	FALSE
ASCC1	ENSG00000138303.18	1	1	0	0	0	251	Missense_Mutation	muse;mutect2;varscan2								0.0104166666666667	FALSE
ASCC3	ENSG00000112249.14	1	1	0	0	0	1001	Missense_Mutation	muse;mutect2;varscan2								0.0104166666666667	FALSE
ASF1B	ENSG00000105011.9	1	1	0	0	0	151	Missense_Mutation	muse;mutect2;varscan2								0.0104166666666667	FALSE
ASH1L	ENSG00000116539.14	1	1	0	0	0	2499	Missense_Mutation	muse;mutect2;varscan2								0.0104166666666667	FALSE
ASIC1	ENSG00000110881.12	1	1	0	0	0	146	Missense_Mutation	mutect2;varscan2								0.0104166666666667	FALSE
ASIC2	ENSG00000108684.15	1	1	0	0	0	164	Missense_Mutation	muse;mutect2;varscan2								0.0104166666666667	FALSE
ASIC4	ENSG00000072182.13	1	1	0	0	0	252	Missense_Mutation	muse;mutect2;varscan2								0.0104166666666667	FALSE
ASL	ENSG00000126522.17	1	1	0	0	0	12	Missense_Mutation	muse;mutect2;varscan2								0.0104166666666667	FALSE
ASMT	ENSG00000196433.13	1	1	0	0	0	153	Missense_Mutation	muse;mutect2;varscan2								0.0104166666666667	FALSE
ASPA	ENSG00000108381.11	1	1	0	0	0	114	Missense_Mutation	muse;mutect2;varscan2								0.0104166666666667	FALSE
ASPG	ENSG00000166183.16	1	1	0	0	0	278	Missense_Mutation	muse;mutect2;varscan2								0.0104166666666667	FALSE
ASPH	ENSG00000198363.18	1	1	0	0	0	187	Missense_Mutation	muse;mutect2;varscan2								0.0104166666666667	FALSE
ASPSCR1	ENSG00000169696.16	1	1	0	0	0	133	Missense_Mutation	muse;mutect2								0.0104166666666667	FALSE
ASRGL1	ENSG00000162174.12	1	1	0	0	0	39	Missense_Mutation	muse;mutect2;varscan2								0.0104166666666667	FALSE
ASTL	ENSG00000188886.3	1	1	0	0	0	393	Missense_Mutation	muse;mutect2;varscan2								0.0104166666666667	FALSE
ATAD1	ENSG00000138138.13	1	1	0	0	0	343	Missense_Mutation	muse;mutect2								0.0104166666666667	FALSE
ATAD3A	ENSG00000197785.14	1	1	0	0	0	329	Missense_Mutation	muse;mutect2;varscan2								0.0104166666666667	FALSE
ATCAY	ENSG00000167654.18	1	1	0	0	0	152	Missense_Mutation	muse;mutect2;varscan2								0.0104166666666667	FALSE
ATE1	ENSG00000107669.18	1	1	0	0	0	284	Missense_Mutation	muse;mutect2;varscan2								0.0104166666666667	FALSE
ATF4	ENSG00000128272.15	1	1	1	1	0	54	Frame_Shift_Ins	mutect2;varscan2								0.0104166666666667	FALSE
ATG3	ENSG00000144848.11	1	1	0	0	0	287	Missense_Mutation	muse;mutect2;varscan2								0.0104166666666667	FALSE
ATG7	ENSG00000197548.12	1	1	0	0	0	253	Missense_Mutation	muse;mutect2;varscan2								0.0104166666666667	FALSE
ATM	ENSG00000149311.19	1	1	0	0	0	2016	Missense_Mutation	muse;mutect2;varscan2								0.0104166666666667	FALSE
ATN1	ENSG00000111676.15	1	1	0	0	0	622	Missense_Mutation	muse;mutect2;varscan2								0.0104166666666667	FALSE
ATP10B	ENSG00000118322.14	1	1	0	0	0	582	Missense_Mutation	muse;mutect2;varscan2								0.0104166666666667	FALSE
ATP11C	ENSG00000101974.14	1	1	0	0	0	613	Missense_Mutation	muse;mutect2;varscan2								0.0104166666666667	FALSE
ATP13A2	ENSG00000159363.19	1	1	0	0	0	451	Missense_Mutation	muse;mutect2;varscan2								0.0104166666666667	FALSE
ATP13A5	ENSG00000187527.11	1	1	0	0	0	363	Missense_Mutation	muse;mutect2;varscan2								0.0104166666666667	FALSE
ATP1A1	ENSG00000163399.16	1	1	0	0	0	294	Missense_Mutation	muse;mutect2;varscan2								0.0104166666666667	FALSE
ATP1A2	ENSG00000018625.15	1	1	0	0	0	425	Missense_Mutation	muse;mutect2								0.0104166666666667	FALSE
ATP1A3	ENSG00000105409.19	1	1	0	0	0	816	Missense_Mutation	muse;mutect2;varscan2								0.0104166666666667	FALSE
ATP2A2	ENSG00000174437.17	1	1	0	0	0	503	Missense_Mutation	muse;mutect2;varscan2								0.0104166666666667	FALSE
ATP2A3	ENSG00000074370.18	1	1	0	0	0	339	Missense_Mutation	muse;mutect2								0.0104166666666667	FALSE
ATP2B4	ENSG00000058668.15	1	1	0	0	0	241	Missense_Mutation	mutect2;varscan2								0.0104166666666667	FALSE
ATP2C1	ENSG00000017260.20	1	1	0	0	0	785	Missense_Mutation	muse;mutect2;varscan2								0.0104166666666667	FALSE
ATP5F1A	ENSG00000152234.16	1	1	0	0	0	42	Missense_Mutation	muse;mutect2;varscan2								0.0104166666666667	FALSE
ATP5F1B	ENSG00000110955.9	1	1	0	0	0	256	Missense_Mutation	muse;mutect2;varscan2								0.0104166666666667	FALSE
ATP6V0A2	ENSG00000185344.15	1	1	0	0	0	552	Missense_Mutation	muse;mutect2								0.0104166666666667	FALSE
ATP6V1B1	ENSG00000116039.13	1	1	0	0	0	224	Missense_Mutation	muse;mutect2								0.0104166666666667	FALSE
ATP6V1C2	ENSG00000143882.12	1	1	0	0	0	22	Missense_Mutation	muse;mutect2;varscan2								0.0104166666666667	FALSE
ATP6V1D	ENSG00000100554.12	1	1	0	0	0	53	Missense_Mutation	muse;mutect2;varscan2								0.0104166666666667	FALSE
ATP6V1H	ENSG00000047249.18	1	1	0	0	0	113	Missense_Mutation	muse;mutect2;varscan2								0.0104166666666667	FALSE
ATP7B	ENSG00000123191.16	1	1	0	0	0	30	Missense_Mutation	muse;mutect2;varscan2								0.0104166666666667	FALSE
ATP8B1	ENSG00000081923.15	1	1	0	0	0	108	Missense_Mutation	muse;mutect2;varscan2								0.0104166666666667	FALSE
ATP9B	ENSG00000166377.20	1	1	0	0	0	216	Missense_Mutation	muse;mutect2;varscan2								0.0104166666666667	FALSE
ATPAF2	ENSG00000171953.16	1	1	0	0	0	193	Missense_Mutation	muse;mutect2;varscan2								0.0104166666666667	FALSE
ATRN	ENSG00000088812.18	1	1	0	0	0	977	Missense_Mutation	muse;mutect2;varscan2								0.0104166666666667	FALSE
ATXN2L	ENSG00000168488.18	1	1	0	0	0	229	Missense_Mutation	muse;mutect2;varscan2								0.0104166666666667	FALSE
AUNIP	ENSG00000127423.11	1	1	0	0	0	339	Missense_Mutation	muse;mutect2;varscan2								0.0104166666666667	FALSE
AVIL	ENSG00000135407.10	1	1	1	1	0	188	Frame_Shift_Del	mutect2;varscan2								0.0104166666666667	FALSE
AVPR1A	ENSG00000166148.4	1	1	0	0	0	370	Missense_Mutation	muse;mutect2;varscan2								0.0104166666666667	FALSE
AVPR2	ENSG00000126895.15	1	1	0	0	0	21	Missense_Mutation	muse;mutect2								0.0104166666666667	FALSE
AWAT2	ENSG00000147160.9	1	1	1	1	0	250	Nonsense_Mutation	muse;mutect2								0.0104166666666667	FALSE
AXIN1	ENSG00000103126.15	1	1	0	0	0	57	Missense_Mutation	muse;mutect2;varscan2								0.0104166666666667	FALSE
B3GALT2	ENSG00000162630.6	1	1	0	0	0	319	Missense_Mutation	mutect2;varscan2								0.0104166666666667	FALSE
B3GALT4	ENSG00000235863.4	1	1	0	0	0	377	Missense_Mutation	muse;mutect2								0.0104166666666667	FALSE
B3GNT2	ENSG00000170340.11	1	1	0	0	0	90	Missense_Mutation	muse;mutect2								0.0104166666666667	FALSE
B3GNT5	ENSG00000176597.12	1	1	0	0	0	125	Missense_Mutation	muse;mutect2;varscan2								0.0104166666666667	FALSE
B3GNT7	ENSG00000156966.7	1	1	0	0	0	128	Missense_Mutation	muse;mutect2;varscan2								0.0104166666666667	FALSE
B3GNT8	ENSG00000177191.2	1	1	0	0	0	310	Missense_Mutation	muse;mutect2;varscan2								0.0104166666666667	FALSE
B4GALT3	ENSG00000158850.15	1	1	0	0	0	232	Missense_Mutation	muse;mutect2;varscan2								0.0104166666666667	FALSE
B4GALT4	ENSG00000121578.13	1	1	0	0	0	66	Missense_Mutation	muse;mutect2;varscan2								0.0104166666666667	FALSE
B4GALT6	ENSG00000118276.11	1	1	1	1	0	240	Nonsense_Mutation	muse;mutect2;varscan2								0.0104166666666667	FALSE
B4GAT1	ENSG00000174684.7	1	1	0	0	0	256	Missense_Mutation	muse;mutect2;varscan2								0.0104166666666667	FALSE
BABAM1	ENSG00000105393.16	1	1	1	1	0	16	Nonsense_Mutation	muse;mutect2;varscan2								0.0104166666666667	FALSE
BACH1	ENSG00000156273.16	1	1	0	0	0	11	Missense_Mutation	muse;mutect2;varscan2								0.0104166666666667	FALSE
BAIAP2	ENSG00000175866.15	1	1	0	0	0	446	Missense_Mutation	muse;mutect2								0.0104166666666667	FALSE
BAIAP2L1	ENSG00000006453.14	1	1	0	0	0	297	Missense_Mutation	muse;mutect2								0.0104166666666667	FALSE
BANP	ENSG00000172530.20	1	1	0	0	0	272	Missense_Mutation	muse;mutect2								0.0104166666666667	FALSE
BASP1	ENSG00000176788.9	1	1	0	0	0	41	Missense_Mutation	muse;mutect2;varscan2								0.0104166666666667	FALSE
BAX	ENSG00000087088.20	1	1	0	0	0	183	Missense_Mutation	muse;mutect2								0.0104166666666667	FALSE
BAZ2B	ENSG00000123636.18	1	1	0	0	0	1476	Missense_Mutation	muse;mutect2;varscan2								0.0104166666666667	FALSE
BBS12	ENSG00000181004.10	1	1	0	0	0	525	Missense_Mutation	muse;mutect2;varscan2								0.0104166666666667	FALSE
BBS4	ENSG00000140463.14	1	1	0	0	0	35	Missense_Mutation	muse;mutect2								0.0104166666666667	FALSE
BBS5	ENSG00000163093.12	1	1	0	0	0	196	Missense_Mutation	muse;mutect2								0.0104166666666667	FALSE
BBS7	ENSG00000138686.10	1	1	0	0	0	243	Missense_Mutation	muse;mutect2;varscan2								0.0104166666666667	FALSE
BBS9	ENSG00000122507.21	1	1	0	0	0	631	Missense_Mutation	muse;mutect2;varscan2								0.0104166666666667	FALSE
BBX	ENSG00000114439.19	1	1	0	0	0	79	Missense_Mutation	muse;mutect2;varscan2								0.0104166666666667	FALSE
BCAP31	ENSG00000185825.17	1	1	0	0	0	225	Missense_Mutation	muse;mutect2;varscan2								0.0104166666666667	FALSE
BCAR1	ENSG00000050820.17	1	1	0	0	0	249	Missense_Mutation	muse;mutect2;varscan2								0.0104166666666667	FALSE
BCAS3	ENSG00000141376.23	1	1	0	0	0	454	Missense_Mutation	muse;mutect2								0.0104166666666667	FALSE
BCAT2	ENSG00000105552.15	1	1	0	0	0	338	Missense_Mutation	muse;mutect2;varscan2								0.0104166666666667	FALSE
BCDIN3D	ENSG00000186666.6	1	1	0	0	0	89	Missense_Mutation	muse;mutect2								0.0104166666666667	FALSE
BCL11A	ENSG00000119866.22	1	1	0	0	0	204	Missense_Mutation	muse;mutect2;varscan2								0.0104166666666667	FALSE
BCL2A1	ENSG00000140379.9	1	1	0	0	0	91	Missense_Mutation	muse;mutect2;varscan2								0.0104166666666667	FALSE
BCL2L11	ENSG00000153094.24	1	1	0	0	1	156	Missense_Mutation	muse;mutect2;varscan2								0.0104166666666667	FALSE
BCOR	ENSG00000183337.17	1	1	1	1	0	1562	Nonsense_Mutation	muse;mutect2;varscan2								0.0104166666666667	FALSE
BCR	ENSG00000186716.21	1	1	0	0	0	475	Missense_Mutation	muse;mutect2;varscan2								0.0104166666666667	FALSE
BCS1L	ENSG00000074582.15	1	1	0	0	0	323	Missense_Mutation	muse;mutect2;varscan2								0.0104166666666667	FALSE
BDH1	ENSG00000161267.12	1	1	0	0	0	29	Missense_Mutation	mutect2;varscan2								0.0104166666666667	FALSE
BEND3	ENSG00000178409.14	1	1	1	1	0	262	Nonsense_Mutation	muse;mutect2;varscan2								0.0104166666666667	FALSE
BEND4	ENSG00000188848.16	1	1	0	0	0	319	Missense_Mutation	muse;mutect2;varscan2								0.0104166666666667	FALSE
BEND5	ENSG00000162373.13	1	1	0	0	0	401	Missense_Mutation	muse;mutect2;varscan2								0.0104166666666667	FALSE
BEST3	ENSG00000127325.19	1	1	0	0	0	664	Missense_Mutation	muse;mutect2;varscan2								0.0104166666666667	FALSE
BEX1	ENSG00000133169.6	1	1	0	0	0	118	Missense_Mutation	muse;mutect2;varscan2								0.0104166666666667	FALSE
BHMT	ENSG00000145692.15	1	1	0	0	0	182	Missense_Mutation	muse;mutect2;varscan2								0.0104166666666667	FALSE
BHMT2	ENSG00000132840.10	1	1	0	0	0	144	Missense_Mutation	muse;mutect2;varscan2								0.0104166666666667	FALSE
BICDL2	ENSG00000162069.16	1	1	0	0	0	342	Missense_Mutation	muse;mutect2;varscan2								0.0104166666666667	FALSE
BICRAL	ENSG00000112624.12	1	1	0	0	0	734	Missense_Mutation	muse;mutect2;varscan2								0.0104166666666667	FALSE
BID	ENSG00000015475.19	1	1	0	0	0	204	In_Frame_Del	pindel;varscan2								0.0104166666666667	FALSE
BIN1	ENSG00000136717.15	1	1	1	1	0	184	Frame_Shift_Ins	mutect2;varscan2								0.0104166666666667	FALSE
BIN2	ENSG00000110934.13	1	1	0	0	0	8	Missense_Mutation	muse;mutect2;varscan2								0.0104166666666667	FALSE
BIVM-ERCC5	ENSG00000270181.3	1	1	0	0	0	1379	Missense_Mutation	muse;mutect2;varscan2								0.0104166666666667	FALSE
BLNK	ENSG00000095585.17	1	1	0	0	0	253	Missense_Mutation	muse;mutect2								0.0104166666666667	FALSE
BLVRA	ENSG00000106605.11	1	1	0	0	0	234	Missense_Mutation	muse;mutect2;varscan2								0.0104166666666667	FALSE
BMP1	ENSG00000168487.20	1	1	1	1	0	379	Frame_Shift_Del	mutect2;pindel;varscan2								0.0104166666666667	FALSE
BMP15	ENSG00000130385.6	1	1	1	1	0	77	Nonsense_Mutation	muse;mutect2;varscan2								0.0104166666666667	FALSE
BMP2K	ENSG00000138756.18	1	1	0	0	0	908	Missense_Mutation	muse;mutect2;varscan2								0.0104166666666667	FALSE
BMP6	ENSG00000153162.9	1	1	0	0	0	471	Missense_Mutation	muse;mutect2;varscan2								0.0104166666666667	FALSE
BMPR1A	ENSG00000107779.14	1	1	0	0	0	468	Missense_Mutation	muse;mutect2;varscan2								0.0104166666666667	FALSE
BMX	ENSG00000102010.15	1	1	0	0	0	324	Missense_Mutation	muse;mutect2;varscan2								0.0104166666666667	FALSE
BNC1	ENSG00000169594.13	1	1	0	0	0	412	Missense_Mutation	muse;mutect2;varscan2								0.0104166666666667	FALSE
BNIP3	ENSG00000176171.11	1	1	0	0	0	206	Missense_Mutation	muse;mutect2;varscan2								0.0104166666666667	FALSE
BNIP3L	ENSG00000104765.16	1	1	0	0	0	189	Missense_Mutation	muse;mutect2;varscan2								0.0104166666666667	FALSE
BOD1	ENSG00000145919.11	1	1	0	0	0	63	Missense_Mutation	muse;mutect2;varscan2								0.0104166666666667	FALSE
BOP1	ENSG00000261236.8	1	1	0	0	0	458	Missense_Mutation	muse;mutect2								0.0104166666666667	FALSE
BPGM	ENSG00000172331.12	1	1	0	0	0	188	Missense_Mutation	muse;mutect2								0.0104166666666667	FALSE
BPIFA2	ENSG00000131050.11	1	1	0	0	0	7	Missense_Mutation	muse;mutect2;varscan2								0.0104166666666667	FALSE
BPIFB1	ENSG00000125999.11	1	1	0	0	0	80	Missense_Mutation	muse;mutect2;varscan2								0.0104166666666667	FALSE
BPIFB4	ENSG00000186191.8	1	1	0	0	0	422	Missense_Mutation	muse;mutect2								0.0104166666666667	FALSE
BPTF	ENSG00000171634.18	1	1	0	0	0	1091	Missense_Mutation	muse;mutect2;varscan2								0.0104166666666667	FALSE
BRAF	ENSG00000157764.14	1	1	0	0	0	286	Missense_Mutation	muse;mutect2;varscan2								0.0104166666666667	FALSE
BRD1	ENSG00000100425.18	1	1	0	0	0	8	Missense_Mutation	muse;varscan2								0.0104166666666667	FALSE
BRD2	ENSG00000204256.14	1	1	0	0	0	694	Missense_Mutation	muse;mutect2;varscan2								0.0104166666666667	FALSE
BRD3	ENSG00000169925.17	1	1	0	0	0	297	Missense_Mutation	muse;mutect2								0.0104166666666667	FALSE
BRD8	ENSG00000112983.18	1	1	1	1	0	694	Nonsense_Mutation	muse;mutect2;varscan2								0.0104166666666667	FALSE
BRIX1	ENSG00000113460.13	1	1	0	0	0	70	Missense_Mutation	muse;mutect2;varscan2								0.0104166666666667	FALSE
BRPF1	ENSG00000156983.16	1	1	0	0	0	1110	Missense_Mutation	muse;mutect2;varscan2								0.0104166666666667	FALSE
BRPF3	ENSG00000096070.19	1	1	0	0	0	251	Missense_Mutation	muse;mutect2;varscan2								0.0104166666666667	FALSE
BRSK1	ENSG00000160469.17	1	1	0	0	0	656	Missense_Mutation	muse;mutect2;varscan2								0.0104166666666667	FALSE
BSDC1	ENSG00000160058.19	1	1	0	0	0	345	Missense_Mutation	muse;varscan2								0.0104166666666667	FALSE
BST1	ENSG00000109743.11	1	1	0	0	0	84	Missense_Mutation	muse;mutect2								0.0104166666666667	FALSE
BTBD3	ENSG00000132640.15	1	1	0	0	0	518	Missense_Mutation	muse;mutect2								0.0104166666666667	FALSE
BTBD6	ENSG00000184887.13	1	1	0	0	0	380	Missense_Mutation	muse;mutect2;varscan2								0.0104166666666667	FALSE
BTBD9	ENSG00000183826.18	1	1	0	0	0	99	Missense_Mutation	muse;mutect2;varscan2								0.0104166666666667	FALSE
BTG1	ENSG00000133639.6	1	1	1	1	0	27	Frame_Shift_Ins	mutect2;pindel;varscan2								0.0104166666666667	FALSE
BTN1A1	ENSG00000124557.12	1	1	0	0	0	259	Missense_Mutation	muse;mutect2								0.0104166666666667	FALSE
BTN2A2	ENSG00000124508.17	1	1	0	0	0	306	Missense_Mutation	muse;mutect2								0.0104166666666667	FALSE
BTRC	ENSG00000166167.18	1	1	0	0	0	187	Missense_Mutation	muse;mutect2;varscan2								0.0104166666666667	FALSE
BZW1	ENSG00000082153.18	1	1	0	0	0	217	Missense_Mutation	muse;mutect2;varscan2								0.0104166666666667	FALSE
C10orf53	ENSG00000178645.13	1	1	0	0	0	125	Missense_Mutation	muse;mutect2;varscan2								0.0104166666666667	FALSE
C10orf82	ENSG00000165863.17	1	1	0	0	0	149	Missense_Mutation	muse;mutect2;varscan2								0.0104166666666667	FALSE
C10orf88	ENSG00000119965.13	1	1	0	0	0	368	Missense_Mutation	muse;mutect2;varscan2								0.0104166666666667	FALSE
C10orf99	ENSG00000188373.5	1	1	0	0	0	25	Missense_Mutation	muse;mutect2;varscan2								0.0104166666666667	FALSE
C11orf24	ENSG00000171067.11	1	1	0	0	0	154	Missense_Mutation	muse;mutect2;varscan2								0.0104166666666667	FALSE
C11orf80	ENSG00000173715.18	1	1	1	1	0	142	Nonsense_Mutation	muse;mutect2;varscan2								0.0104166666666667	FALSE
C12orf29	ENSG00000133641.18	1	1	1	1	0	301	Frame_Shift_Del	mutect2;pindel;varscan2								0.0104166666666667	FALSE
C12orf43	ENSG00000157895.11	1	1	0	0	0	170	Missense_Mutation	muse;mutect2;varscan2								0.0104166666666667	FALSE
C12orf50	ENSG00000165805.10	1	1	0	0	0	106	Missense_Mutation	muse;mutect2;varscan2								0.0104166666666667	FALSE
C14orf180	ENSG00000184601.11	1	1	0	0	0	17	Missense_Mutation	muse;mutect2;varscan2								0.0104166666666667	FALSE
C14orf28	ENSG00000179476.8	1	1	0	0	0	159	Missense_Mutation	muse;mutect2;varscan2								0.0104166666666667	FALSE
C14orf39	ENSG00000179008.9	1	1	1	1	0	206	Nonsense_Mutation	muse;mutect2								0.0104166666666667	FALSE
C16orf70	ENSG00000125149.12	1	1	1	1	0	411	Frame_Shift_Del	pindel;varscan2								0.0104166666666667	FALSE
C16orf71	ENSG00000166246.14	1	1	1	1	0	279	Frame_Shift_Ins	mutect2;pindel;varscan2								0.0104166666666667	FALSE
C16orf78	ENSG00000166152.4	1	1	0	0	0	169	Missense_Mutation	muse;mutect2;varscan2								0.0104166666666667	FALSE
C16orf89	ENSG00000153446.16	1	1	0	0	0	239	Missense_Mutation	muse;mutect2;varscan2								0.0104166666666667	FALSE
C17orf50	ENSG00000270806.2	1	1	0	0	0	143	Missense_Mutation	muse;mutect2;varscan2								0.0104166666666667	FALSE
C17orf58	ENSG00000186665.10	1	1	1	1	0	17	Frame_Shift_Ins	mutect2;pindel;varscan2								0.0104166666666667	FALSE
C17orf80	ENSG00000141219.15	1	1	0	0	0	61	Missense_Mutation	muse;mutect2;varscan2								0.0104166666666667	FALSE
C19orf18	ENSG00000177025.3	1	1	0	0	0	130	Missense_Mutation	muse;mutect2								0.0104166666666667	FALSE
C19orf54	ENSG00000188493.15	1	1	0	0	0	248	Missense_Mutation	muse;mutect2								0.0104166666666667	FALSE
C19orf57	ENSG00000132016.11	1	1	0	0	0	205	Missense_Mutation	muse;mutect2;varscan2								0.0104166666666667	FALSE
C1GALT1	ENSG00000106392.11	1	1	0	0	0	156	Missense_Mutation	mutect2;varscan2								0.0104166666666667	FALSE
C1QC	ENSG00000159189.12	1	1	0	0	0	215	Missense_Mutation	muse;mutect2;varscan2								0.0104166666666667	FALSE
C1R	ENSG00000159403.18	1	1	0	0	0	213	Missense_Mutation	muse;mutect2								0.0104166666666667	FALSE
C1orf127	ENSG00000175262.14	1	1	0	0	0	481	Missense_Mutation	muse;mutect2;varscan2								0.0104166666666667	FALSE
C1orf159	ENSG00000131591.18	1	1	0	0	0	328	Missense_Mutation	muse;mutect2;varscan2								0.0104166666666667	FALSE
C1orf74	ENSG00000162757.4	1	1	0	0	0	191	Missense_Mutation	muse;mutect2;varscan2								0.0104166666666667	FALSE
C20orf27	ENSG00000101220.18	1	1	0	0	0	159	Missense_Mutation	muse;varscan2								0.0104166666666667	FALSE
C22orf31	ENSG00000100249.4	1	1	0	0	0	151	Missense_Mutation	muse;mutect2;varscan2								0.0104166666666667	FALSE
C2CD2	ENSG00000157617.17	1	1	0	0	0	173	Missense_Mutation	muse;mutect2;varscan2								0.0104166666666667	FALSE
C2CD2L	ENSG00000172375.14	1	1	1	1	0	228	Splice_Site	muse;mutect2;varscan2								0.0104166666666667	FALSE
C2CD3	ENSG00000168014.17	1	1	0	0	0	1881	Missense_Mutation	muse;mutect2;varscan2								0.0104166666666667	FALSE
C2orf68	ENSG00000168887.11	1	1	0	0	0	11	Missense_Mutation	muse;mutect2;varscan2								0.0104166666666667	FALSE
C2orf73	ENSG00000177994.16	1	1	0	0	0	56	Missense_Mutation	muse;mutect2;varscan2								0.0104166666666667	FALSE
C3orf20	ENSG00000131379.10	1	1	0	0	0	364	Missense_Mutation	muse;mutect2;varscan2								0.0104166666666667	FALSE
C3orf70	ENSG00000187068.3	1	1	0	0	1	6	Missense_Mutation	muse;mutect2;varscan2								0.0104166666666667	FALSE
C5orf24	ENSG00000181904.9	1	1	0	0	0	92	Missense_Mutation	mutect2;varscan2								0.0104166666666667	FALSE
C5orf34	ENSG00000172244.9	1	1	0	0	0	519	Missense_Mutation	muse;mutect2;varscan2								0.0104166666666667	FALSE
C5orf46	ENSG00000178776.5	1	1	0	0	0	24	Missense_Mutation	muse;mutect2;varscan2								0.0104166666666667	FALSE
C6orf136	ENSG00000204564.12	1	1	0	0	0	20	Missense_Mutation	muse;mutect2								0.0104166666666667	FALSE
C6orf201	ENSG00000185689.16	1	1	0	0	0	75	Missense_Mutation	muse;mutect2;varscan2								0.0104166666666667	FALSE
C6orf58	ENSG00000184530.9	1	1	0	0	0	234	Missense_Mutation	muse;mutect2;varscan2								0.0104166666666667	FALSE
C6orf89	ENSG00000198663.17	1	1	0	0	0	49	Missense_Mutation	muse;mutect2;varscan2								0.0104166666666667	FALSE
C8A	ENSG00000157131.11	1	1	0	0	0	485	Missense_Mutation	muse;mutect2;varscan2								0.0104166666666667	FALSE
C8G	ENSG00000176919.13	1	1	0	0	0	46	Missense_Mutation	muse;mutect2;varscan2								0.0104166666666667	FALSE
C8orf82	ENSG00000213563.7	1	1	0	0	0	77	Missense_Mutation	muse;mutect2;varscan2								0.0104166666666667	FALSE
C9orf135	ENSG00000204711.9	1	1	0	0	0	223	Missense_Mutation	muse;mutect2;varscan2								0.0104166666666667	FALSE
C9orf24	ENSG00000164972.13	1	1	0	0	0	152	Missense_Mutation	muse;mutect2;varscan2								0.0104166666666667	FALSE
C9orf43	ENSG00000157653.12	1	1	0	0	0	237	Missense_Mutation	muse;mutect2								0.0104166666666667	FALSE
CA1	ENSG00000133742.14	1	1	0	0	0	157	Missense_Mutation	muse;mutect2;varscan2								0.0104166666666667	FALSE
CA3	ENSG00000164879.7	1	1	0	0	0	169	Missense_Mutation	muse;mutect2;varscan2								0.0104166666666667	FALSE
CA7	ENSG00000168748.14	1	1	1	1	0	225	Splice_Site	muse;mutect2								0.0104166666666667	FALSE
CABP4	ENSG00000175544.14	1	1	0	0	0	232	Missense_Mutation	muse;mutect2;varscan2								0.0104166666666667	FALSE
CABP5	ENSG00000105507.3	1	1	0	0	0	123	Missense_Mutation	muse;mutect2								0.0104166666666667	FALSE
CACHD1	ENSG00000158966.16	1	1	0	0	0	393	Missense_Mutation	muse;mutect2;varscan2								0.0104166666666667	FALSE
CACNA1E	ENSG00000198216.12	1	1	0	0	0	1807	Missense_Mutation	muse;mutect2;varscan2								0.0104166666666667	FALSE
CACNA1H	ENSG00000196557.13	1	1	0	0	0	1493	Missense_Mutation	mutect2;varscan2								0.0104166666666667	FALSE
CACNA2D1	ENSG00000153956.16	1	1	0	0	0	948	Missense_Mutation	muse;mutect2;varscan2								0.0104166666666667	FALSE
CACNA2D3	ENSG00000157445.15	1	1	0	0	0	440	Missense_Mutation	muse;mutect2;varscan2								0.0104166666666667	FALSE
CACNA2D4	ENSG00000151062.15	1	1	0	0	0	730	Missense_Mutation	muse;mutect2;varscan2								0.0104166666666667	FALSE
CACNB1	ENSG00000067191.16	1	1	0	0	0	169	Missense_Mutation	muse;mutect2;varscan2								0.0104166666666667	FALSE
CACNB3	ENSG00000167535.8	1	1	1	1	0	130	Frame_Shift_Del	mutect2;pindel;varscan2								0.0104166666666667	FALSE
CACNG3	ENSG00000006116.4	1	1	0	0	0	167	Missense_Mutation	muse;mutect2;varscan2								0.0104166666666667	FALSE
CACNG4	ENSG00000075461.6	1	1	1	1	0	117	Frame_Shift_Ins	mutect2;varscan2								0.0104166666666667	FALSE
CACNG5	ENSG00000075429.9	1	1	0	0	0	131	Missense_Mutation	muse;mutect2;varscan2								0.0104166666666667	FALSE
CACNG8	ENSG00000142408.6	1	1	0	0	0	233	Missense_Mutation	muse;mutect2;varscan2								0.0104166666666667	FALSE
CACYBP	ENSG00000116161.18	1	1	0	0	0	204	Missense_Mutation	muse;mutect2;varscan2								0.0104166666666667	FALSE
CADM1	ENSG00000182985.18	1	1	0	0	0	361	Missense_Mutation	muse;mutect2;varscan2								0.0104166666666667	FALSE
CAGE1	ENSG00000164304.16	1	1	1	1	0	519	Frame_Shift_Ins	mutect2;pindel;varscan2								0.0104166666666667	FALSE
CALCB	ENSG00000175868.14	1	1	0	0	0	21	Missense_Mutation	muse;mutect2;varscan2								0.0104166666666667	FALSE
CALCOCO1	ENSG00000012822.16	1	1	0	0	0	662	Missense_Mutation	muse;mutect2;varscan2								0.0104166666666667	FALSE
CALM3	ENSG00000160014.17	1	1	1	1	0	48	Nonsense_Mutation	muse;mutect2;varscan2								0.0104166666666667	FALSE
CALML5	ENSG00000178372.8	1	1	0	0	0	93	Missense_Mutation	muse;mutect2								0.0104166666666667	FALSE
CALN1	ENSG00000183166.11	1	1	0	0	0	13	Missense_Mutation	muse;mutect2;varscan2								0.0104166666666667	FALSE
CALR	ENSG00000179218.14	1	1	0	0	0	345	Missense_Mutation	muse;mutect2;varscan2								0.0104166666666667	FALSE
CAMK1D	ENSG00000183049.13	1	1	0	0	0	152	Missense_Mutation	muse;mutect2;varscan2								0.0104166666666667	FALSE
CAMKK2	ENSG00000110931.19	1	1	0	0	0	350	Missense_Mutation	muse;mutect2;varscan2								0.0104166666666667	FALSE
CAMKMT	ENSG00000143919.15	1	1	0	0	0	273	Missense_Mutation	muse;mutect2;varscan2								0.0104166666666667	FALSE
CAMKV	ENSG00000164076.17	1	1	0	0	0	293	Missense_Mutation	muse;mutect2;varscan2								0.0104166666666667	FALSE
CAMSAP1	ENSG00000130559.19	1	1	0	0	0	370	Missense_Mutation	muse;mutect2;varscan2								0.0104166666666667	FALSE
CAND2	ENSG00000144712.12	1	1	0	0	0	1155	Missense_Mutation	muse;mutect2;varscan2								0.0104166666666667	FALSE
CANT1	ENSG00000171302.17	1	1	0	0	0	364	Missense_Mutation	muse;mutect2;varscan2								0.0104166666666667	FALSE
CANX	ENSG00000127022.15	1	1	0	0	0	480	Missense_Mutation	muse;mutect2								0.0104166666666667	FALSE
CAPN15	ENSG00000103326.12	1	1	0	0	0	261	Missense_Mutation	muse;mutect2;varscan2								0.0104166666666667	FALSE
CAPN3	ENSG00000092529.25	1	1	0	0	0	763	Missense_Mutation	muse;mutect2;varscan2								0.0104166666666667	FALSE
CAPN5	ENSG00000149260.18	1	1	0	0	0	97	Missense_Mutation	muse;mutect2								0.0104166666666667	FALSE
CAPN6	ENSG00000077274.9	1	1	1	1	0	175	Nonsense_Mutation	muse;mutect2;varscan2								0.0104166666666667	FALSE
CAPN7	ENSG00000131375.10	1	1	0	0	0	12	Missense_Mutation	muse;mutect2;varscan2								0.0104166666666667	FALSE
CAPNS1	ENSG00000126247.11	1	1	0	0	0	47	Missense_Mutation	muse;mutect2;varscan2								0.0104166666666667	FALSE
CAPRIN2	ENSG00000110888.17	1	1	0	0	0	551	Missense_Mutation	muse;mutect2;varscan2								0.0104166666666667	FALSE
CAPZB	ENSG00000077549.19	1	1	0	0	0	182	Missense_Mutation	muse;mutect2								0.0104166666666667	FALSE
CARD10	ENSG00000100065.15	1	1	1	1	0	527	Frame_Shift_Del	mutect2;pindel;varscan2								0.0104166666666667	FALSE
CARD18	ENSG00000255501.3	1	1	0	0	0	85	Missense_Mutation	muse;mutect2								0.0104166666666667	FALSE
CARD6	ENSG00000132357.14	1	1	0	0	0	733	Missense_Mutation	muse;mutect2								0.0104166666666667	FALSE
CARD9	ENSG00000187796.15	1	1	0	0	0	369	Missense_Mutation	muse;varscan2								0.0104166666666667	FALSE
CARF	ENSG00000138380.18	1	1	0	0	0	646	Missense_Mutation	muse;mutect2;varscan2								0.0104166666666667	FALSE
CARMIL1	ENSG00000079691.18	1	1	0	0	0	439	Missense_Mutation	muse;mutect2;varscan2								0.0104166666666667	FALSE
CARMIL3	ENSG00000186648.15	1	1	0	0	0	818	Missense_Mutation	muse;mutect2;varscan2								0.0104166666666667	FALSE
CASK	ENSG00000147044.22	1	1	0	0	0	201	Missense_Mutation	muse;mutect2;varscan2								0.0104166666666667	FALSE
CASP1	ENSG00000137752.24	1	1	0	0	0	168	Missense_Mutation	muse;mutect2;varscan2								0.0104166666666667	FALSE
CASP14	ENSG00000105141.6	1	1	0	0	0	63	Missense_Mutation	muse;mutect2;varscan2								0.0104166666666667	FALSE
CASP5	ENSG00000137757.11	1	1	0	0	0	44	Missense_Mutation	muse;mutect2;varscan2								0.0104166666666667	FALSE
CASR	ENSG00000036828.17	1	1	0	0	0	722	Missense_Mutation	muse;mutect2;varscan2								0.0104166666666667	FALSE
CAST	ENSG00000153113.24	1	1	0	0	0	558	Missense_Mutation	muse;mutect2;varscan2								0.0104166666666667	FALSE
CATIP	ENSG00000158428.4	1	1	0	0	0	90	Missense_Mutation	muse;mutect2;varscan2								0.0104166666666667	FALSE
CATSPER1	ENSG00000175294.6	1	1	0	0	0	148	Missense_Mutation	muse;mutect2;varscan2								0.0104166666666667	FALSE
CATSPER2	ENSG00000166762.19	1	1	1	1	0	228	Nonsense_Mutation	mutect2;varscan2								0.0104166666666667	FALSE
CATSPER3	ENSG00000152705.8	1	1	1	1	0	165	Splice_Site	muse;mutect2;varscan2								0.0104166666666667	FALSE
CATSPERB	ENSG00000133962.8	1	1	0	0	0	901	Missense_Mutation	muse;mutect2;varscan2								0.0104166666666667	FALSE
CATSPERD	ENSG00000174898.16	1	1	0	0	0	42	Splice_Region	muse;mutect2;varscan2								0.0104166666666667	FALSE
CBFA2T2	ENSG00000078699.22	1	1	0	0	0	312	Missense_Mutation	muse;mutect2								0.0104166666666667	FALSE
CBFA2T3	ENSG00000129993.15	1	1	1	1	0	460	Frame_Shift_Del	mutect2;varscan2								0.0104166666666667	FALSE
CBLB	ENSG00000114423.23	1	1	0	0	0	572	Missense_Mutation	muse;mutect2								0.0104166666666667	FALSE
CBLN1	ENSG00000102924.12	1	1	0	0	0	173	Missense_Mutation	muse;mutect2;varscan2								0.0104166666666667	FALSE
CBWD1	ENSG00000172785.18	1	1	0	0	0	387	Missense_Mutation	muse;mutect2;varscan2								0.0104166666666667	FALSE
CC2D2A	ENSG00000048342.17	1	1	0	0	0	996	Missense_Mutation	muse;mutect2;varscan2								0.0104166666666667	FALSE
CCDC102B	ENSG00000150636.17	1	1	0	0	0	109	Missense_Mutation	muse;mutect2;varscan2								0.0104166666666667	FALSE
CCDC110	ENSG00000168491.10	1	1	0	0	0	569	Missense_Mutation	muse;mutect2;varscan2								0.0104166666666667	FALSE
CCDC115	ENSG00000136710.10	1	1	0	0	0	49	Missense_Mutation	muse;mutect2;varscan2								0.0104166666666667	FALSE
CCDC124	ENSG00000007080.11	1	1	1	1	0	35	Nonsense_Mutation	muse;mutect2								0.0104166666666667	FALSE
CCDC130	ENSG00000104957.14	1	1	0	0	0	221	Missense_Mutation	muse;mutect2;varscan2								0.0104166666666667	FALSE
CCDC14	ENSG00000175455.16	1	1	0	0	0	575	Missense_Mutation	muse;mutect2;varscan2								0.0104166666666667	FALSE
CCDC141	ENSG00000163492.15	1	1	0	0	0	902	Missense_Mutation	muse;mutect2;varscan2								0.0104166666666667	FALSE
CCDC144A	ENSG00000170160.17	1	1	0	0	0	344	Missense_Mutation	muse;mutect2								0.0104166666666667	FALSE
CCDC160	ENSG00000203952.9	1	1	0	0	0	263	Missense_Mutation	muse;mutect2;varscan2								0.0104166666666667	FALSE
CCDC17	ENSG00000159588.15	1	1	0	0	0	224	Missense_Mutation	muse;mutect2;varscan2								0.0104166666666667	FALSE
CCDC171	ENSG00000164989.17	1	1	1	1	0	777	Nonsense_Mutation	muse;mutect2;varscan2								0.0104166666666667	FALSE
CCDC178	ENSG00000166960.16	1	1	1	1	0	665	Frame_Shift_Del	mutect2;pindel;varscan2								0.0104166666666667	FALSE
CCDC27	ENSG00000162592.10	1	1	1	1	0	260	Nonsense_Mutation	muse;mutect2;varscan2								0.0104166666666667	FALSE
CCDC33	ENSG00000140481.15	1	1	0	0	0	521	In_Frame_Del	mutect2;pindel;varscan2								0.0104166666666667	FALSE
CCDC34	ENSG00000109881.17	1	1	0	0	0	92	Missense_Mutation	muse;mutect2;varscan2								0.0104166666666667	FALSE
CCDC40	ENSG00000141519.15	1	1	0	0	0	428	Missense_Mutation	muse;mutect2;varscan2								0.0104166666666667	FALSE
CCDC42	ENSG00000161973.11	1	1	0	0	0	198	Missense_Mutation	muse;mutect2;varscan2								0.0104166666666667	FALSE
CCDC50	ENSG00000152492.15	1	1	0	0	0	124	Missense_Mutation	muse;mutect2								0.0104166666666667	FALSE
CCDC58	ENSG00000160124.9	1	1	0	0	0	107	Missense_Mutation	muse;mutect2;varscan2								0.0104166666666667	FALSE
CCDC59	ENSG00000133773.12	1	1	0	0	0	37	Missense_Mutation	muse;mutect2;varscan2								0.0104166666666667	FALSE
CCDC6	ENSG00000108091.11	1	1	0	0	0	423	Missense_Mutation	muse;mutect2								0.0104166666666667	FALSE
CCDC60	ENSG00000183273.7	1	1	0	0	0	319	Missense_Mutation	muse;mutect2;varscan2								0.0104166666666667	FALSE
CCDC62	ENSG00000130783.14	1	1	1	1	0	491	Nonsense_Mutation	muse;mutect2;varscan2								0.0104166666666667	FALSE
CCDC65	ENSG00000139537.11	1	1	0	0	0	82	Missense_Mutation	muse;mutect2;varscan2								0.0104166666666667	FALSE
CCDC71	ENSG00000177352.10	1	1	0	0	0	180	Missense_Mutation	muse;mutect2;varscan2								0.0104166666666667	FALSE
CCDC73	ENSG00000186714.12	1	1	0	0	0	165	Missense_Mutation	muse;mutect2;varscan2								0.0104166666666667	FALSE
CCDC82	ENSG00000149231.15	1	1	1	1	0	401	Nonsense_Mutation	muse;mutect2								0.0104166666666667	FALSE
CCDC87	ENSG00000182791.5	1	1	0	0	0	802	Missense_Mutation	muse;mutect2;varscan2								0.0104166666666667	FALSE
CCDC88C	ENSG00000015133.19	1	1	0	0	0	349	Missense_Mutation	muse;mutect2;varscan2								0.0104166666666667	FALSE
CCHCR1	ENSG00000204536.14	1	1	0	0	0	118	Missense_Mutation	muse;mutect2;varscan2								0.0104166666666667	FALSE
CCIN	ENSG00000185972.6	1	1	0	0	0	62	Missense_Mutation	muse;mutect2								0.0104166666666667	FALSE
CCL14	ENSG00000276409.5	1	1	0	0	0	46	Missense_Mutation	muse;mutect2;varscan2								0.0104166666666667	FALSE
CCL18	ENSG00000275385.2	1	1	0	0	0	67	Missense_Mutation	muse;mutect2								0.0104166666666667	FALSE
CCL20	ENSG00000115009.13	1	1	0	0	0	39	Missense_Mutation	muse;varscan2								0.0104166666666667	FALSE
CCL25	ENSG00000131142.13	1	1	0	0	0	7	Missense_Mutation	muse;mutect2;varscan2								0.0104166666666667	FALSE
CCL5	ENSG00000271503.6	1	1	1	1	0	80	Nonsense_Mutation	muse;mutect2;varscan2								0.0104166666666667	FALSE
CCN2	ENSG00000118523.6	1	1	0	0	0	142	Missense_Mutation	muse;mutect2;varscan2								0.0104166666666667	FALSE
CCN5	ENSG00000064205.10	1	1	0	0	0	95	Missense_Mutation	muse;mutect2;varscan2								0.0104166666666667	FALSE
CCNC	ENSG00000112237.13	1	1	0	0	0	187	Missense_Mutation	muse;mutect2								0.0104166666666667	FALSE
CCNF	ENSG00000162063.13	1	1	0	0	0	153	Missense_Mutation	muse;mutect2								0.0104166666666667	FALSE
CCNI2	ENSG00000205089.8	1	1	0	0	0	360	Missense_Mutation	muse;mutect2;varscan2								0.0104166666666667	FALSE
CCNK	ENSG00000090061.17	1	1	0	0	0	335	Missense_Mutation	muse;mutect2;varscan2								0.0104166666666667	FALSE
CCNT1	ENSG00000129315.11	1	1	0	0	0	401	Missense_Mutation	muse;mutect2;varscan2								0.0104166666666667	FALSE
CCNT2	ENSG00000082258.13	1	1	0	0	0	204	Missense_Mutation	muse;mutect2;varscan2								0.0104166666666667	FALSE
CCP110	ENSG00000103540.16	1	1	0	0	0	131	Missense_Mutation	muse;mutect2;varscan2								0.0104166666666667	FALSE
CCR10	ENSG00000184451.5	1	1	0	0	0	140	Missense_Mutation	muse;mutect2;varscan2								0.0104166666666667	FALSE
CCR3	ENSG00000183625.15	1	1	1	1	0	234	Frame_Shift_Del	mutect2;varscan2								0.0104166666666667	FALSE
CCT5	ENSG00000150753.12	1	1	0	0	0	80	Missense_Mutation	muse;mutect2;varscan2								0.0104166666666667	FALSE
CCT6A	ENSG00000146731.11	1	1	0	0	0	221	Missense_Mutation	muse;mutect2;varscan2								0.0104166666666667	FALSE
CCT6B	ENSG00000132141.14	1	1	0	0	0	512	Missense_Mutation	muse;mutect2;varscan2								0.0104166666666667	FALSE
CCT8	ENSG00000156261.13	1	1	0	0	0	310	Missense_Mutation	muse;mutect2;varscan2								0.0104166666666667	FALSE
CD101	ENSG00000134256.12	1	1	0	0	0	931	Missense_Mutation	muse;mutect2								0.0104166666666667	FALSE
CD151	ENSG00000177697.19	1	1	0	0	0	27	Missense_Mutation	muse;mutect2;varscan2								0.0104166666666667	FALSE
CD1B	ENSG00000158485.11	1	1	0	0	0	247	Missense_Mutation	muse;mutect2;varscan2								0.0104166666666667	FALSE
CD300A	ENSG00000167851.15	1	1	0	0	0	223	Missense_Mutation	muse;mutect2;varscan2								0.0104166666666667	FALSE
CD34	ENSG00000174059.17	1	1	0	0	0	187	Missense_Mutation	muse;mutect2								0.0104166666666667	FALSE
CD36	ENSG00000135218.19	1	1	0	0	0	395	Missense_Mutation	muse;mutect2;varscan2								0.0104166666666667	FALSE
CD38	ENSG00000004468.13	1	1	0	0	0	66	Missense_Mutation	muse;mutect2;varscan2								0.0104166666666667	FALSE
CD46	ENSG00000117335.20	1	1	0	0	0	37	Missense_Mutation	muse;mutect2;varscan2								0.0104166666666667	FALSE
CD5L	ENSG00000073754.6	1	1	0	0	0	19	Missense_Mutation	muse;mutect2								0.0104166666666667	FALSE
CD6	ENSG00000013725.14	1	1	0	0	0	626	Missense_Mutation	muse;mutect2;varscan2								0.0104166666666667	FALSE
CD7	ENSG00000173762.8	1	1	0	0	0	223	Missense_Mutation	muse;mutect2;varscan2								0.0104166666666667	FALSE
CD74	ENSG00000019582.15	1	1	0	0	0	10	Missense_Mutation	mutect2;varscan2								0.0104166666666667	FALSE
CD9	ENSG00000010278.15	1	1	1	1	0	1	Frame_Shift_Ins	mutect2;pindel;varscan2								0.0104166666666667	FALSE
CD93	ENSG00000125810.10	1	1	0	0	0	82	Missense_Mutation	muse;mutect2;varscan2								0.0104166666666667	FALSE
CDC123	ENSG00000151465.14	1	1	0	0	0	179	Missense_Mutation	muse;mutect2;varscan2								0.0104166666666667	FALSE
CDC14B	ENSG00000081377.17	1	1	0	0	0	247	Missense_Mutation	muse;mutect2;varscan2								0.0104166666666667	FALSE
CDC20B	ENSG00000164287.13	1	1	1	1	0	94	Frame_Shift_Del	mutect2;pindel;varscan2								0.0104166666666667	FALSE
CDC25B	ENSG00000101224.17	1	1	0	0	0	358	Missense_Mutation	muse;mutect2;varscan2								0.0104166666666667	FALSE
CDC26	ENSG00000176386.9	1	1	0	0	0	52	Missense_Mutation	muse;mutect2;varscan2								0.0104166666666667	FALSE
CDC27	ENSG00000004897.12	1	1	0	0	0	141	Missense_Mutation	muse;mutect2;varscan2								0.0104166666666667	FALSE
CDC37L1	ENSG00000106993.12	1	1	0	0	0	236	Missense_Mutation	muse;mutect2;varscan2								0.0104166666666667	FALSE
CDC40	ENSG00000168438.15	1	1	0	0	0	200	Missense_Mutation	muse;mutect2;varscan2								0.0104166666666667	FALSE
CDC6	ENSG00000094804.12	1	1	0	0	0	23	Missense_Mutation	muse;mutect2								0.0104166666666667	FALSE
CDCA7	ENSG00000144354.14	1	1	0	0	0	351	Missense_Mutation	muse;mutect2;varscan2								0.0104166666666667	FALSE
CDCA7L	ENSG00000164649.20	1	1	1	1	0	291	Frame_Shift_Del	mutect2;pindel;varscan2								0.0104166666666667	FALSE
CDCA8	ENSG00000134690.11	1	1	0	0	0	120	Missense_Mutation	muse;mutect2;varscan2								0.0104166666666667	FALSE
CDH13	ENSG00000140945.17	1	1	0	0	0	451	Missense_Mutation	muse;mutect2;varscan2								0.0104166666666667	FALSE
CDH17	ENSG00000079112.10	1	1	0	0	0	100	Missense_Mutation	muse;mutect2;varscan2								0.0104166666666667	FALSE
CDH2	ENSG00000170558.10	1	1	0	0	0	418	Missense_Mutation	muse;mutect2;varscan2								0.0104166666666667	FALSE
CDH20	ENSG00000101542.10	1	1	0	0	0	350	Missense_Mutation	muse;mutect2;varscan2								0.0104166666666667	FALSE
CDH9	ENSG00000113100.10	1	1	0	0	0	683	Missense_Mutation	muse;mutect2;varscan2								0.0104166666666667	FALSE
CDHR2	ENSG00000074276.10	1	1	0	0	0	815	Missense_Mutation	muse;mutect2;varscan2								0.0104166666666667	FALSE
CDHR5	ENSG00000099834.19	1	1	0	0	0	209	Missense_Mutation	muse;mutect2;varscan2								0.0104166666666667	FALSE
CDK11A	ENSG00000008128.23	1	1	0	0	0	539	Missense_Mutation	muse;mutect2								0.0104166666666667	FALSE
CDK13	ENSG00000065883.16	1	1	0	0	0	291	Missense_Mutation	muse;mutect2;varscan2								0.0104166666666667	FALSE
CDK16	ENSG00000102225.16	1	1	0	0	0	489	Missense_Mutation	muse;mutect2;varscan2								0.0104166666666667	FALSE
CDK18	ENSG00000117266.16	1	1	1	1	0	423	Splice_Site	muse;mutect2								0.0104166666666667	FALSE
CDK19	ENSG00000155111.15	1	1	0	0	0	113	Missense_Mutation	muse;mutect2;varscan2								0.0104166666666667	FALSE
CDK20	ENSG00000156345.18	1	1	1	1	0	319	Frame_Shift_Del	mutect2;pindel;varscan2								0.0104166666666667	FALSE
CDK5R1	ENSG00000176749.9	1	1	0	0	0	297	Missense_Mutation	mutect2;varscan2								0.0104166666666667	FALSE
CDK8	ENSG00000132964.12	1	1	0	0	0	434	Missense_Mutation	muse;mutect2;varscan2								0.0104166666666667	FALSE
CDKAL1	ENSG00000145996.11	1	1	0	0	0	367	Missense_Mutation	muse;mutect2								0.0104166666666667	FALSE
CDKL2	ENSG00000138769.11	1	1	1	1	0	42	Frame_Shift_Del	mutect2;pindel								0.0104166666666667	FALSE
CDKL3	ENSG00000006837.12	1	1	0	0	0	405	Missense_Mutation	muse;mutect2;varscan2								0.0104166666666667	FALSE
CDKL4	ENSG00000205111.8	1	1	0	0	0	174	Missense_Mutation	muse;mutect2;varscan2								0.0104166666666667	FALSE
CDR1	ENSG00000288642.1	1	1	0	0	0	3	Missense_Mutation	muse;mutect2								0.0104166666666667	FALSE
CEACAM18	ENSG00000213822.6	1	1	0	0	0	69	Missense_Mutation	muse;mutect2;varscan2								0.0104166666666667	FALSE
CEACAM20	ENSG00000273777.5	1	1	0	0	0	526	Missense_Mutation	muse;mutect2;varscan2								0.0104166666666667	FALSE
CEACAM21	ENSG00000007129.18	1	1	0	0	0	5	Missense_Mutation	muse;mutect2;varscan2								0.0104166666666667	FALSE
CEBPZ	ENSG00000115816.15	1	1	0	0	0	1045	Missense_Mutation	muse;mutect2;varscan2								0.0104166666666667	FALSE
CECR2	ENSG00000099954.18	1	1	0	0	0	366	Missense_Mutation	muse;mutect2;varscan2								0.0104166666666667	FALSE
CEL	ENSG00000170835.16	1	1	0	0	0	436	Missense_Mutation	muse;mutect2;varscan2								0.0104166666666667	FALSE
CELA2A	ENSG00000142615.8	1	1	0	0	0	55	Missense_Mutation	muse;mutect2;varscan2								0.0104166666666667	FALSE
CELF1	ENSG00000149187.18	1	1	0	0	0	369	Missense_Mutation	muse;mutect2;varscan2								0.0104166666666667	FALSE
CELF3	ENSG00000159409.15	1	1	1	1	0	282	Nonsense_Mutation	muse;mutect2;varscan2								0.0104166666666667	FALSE
CELF4	ENSG00000101489.20	1	1	0	0	0	355	Missense_Mutation	muse;mutect2;varscan2								0.0104166666666667	FALSE
CEMIP	ENSG00000103888.17	1	1	1	1	0	1275	Frame_Shift_Del	mutect2;pindel;varscan2								0.0104166666666667	FALSE
CENPC	ENSG00000145241.11	1	1	1	1	0	852	Nonsense_Mutation	muse;mutect2;varscan2								0.0104166666666667	FALSE
CENPH	ENSG00000153044.10	1	1	0	0	0	17	Missense_Mutation	muse;mutect2;varscan2								0.0104166666666667	FALSE
CENPN	ENSG00000166451.13	1	1	0	0	0	60	Missense_Mutation	muse;mutect2;varscan2								0.0104166666666667	FALSE
CENPT	ENSG00000102901.13	1	1	1	1	0	67	Splice_Site	muse;mutect2;varscan2								0.0104166666666667	FALSE
CEP135	ENSG00000174799.11	1	1	0	0	0	383	Missense_Mutation	muse;mutect2;varscan2								0.0104166666666667	FALSE
CEP170	ENSG00000143702.16	1	1	0	0	0	1355	Missense_Mutation	muse;mutect2;varscan2								0.0104166666666667	FALSE
CEP20	ENSG00000133393.13	1	1	0	0	0	64	Missense_Mutation	muse;mutect2;varscan2								0.0104166666666667	FALSE
CEP70	ENSG00000114107.9	1	1	0	0	0	405	Missense_Mutation	muse;mutect2;varscan2								0.0104166666666667	FALSE
CEP83	ENSG00000173588.15	1	1	0	0	0	237	Missense_Mutation	muse;mutect2;varscan2								0.0104166666666667	FALSE
CEP95	ENSG00000258890.7	1	1	0	0	0	454	Missense_Mutation	muse;mutect2;varscan2								0.0104166666666667	FALSE
CERCAM	ENSG00000167123.19	1	1	1	1	0	226	Frame_Shift_Ins	pindel;varscan2								0.0104166666666667	FALSE
CERK	ENSG00000100422.14	1	1	0	0	0	152	Missense_Mutation	muse;mutect2								0.0104166666666667	FALSE
CERS2	ENSG00000143418.20	1	1	1	1	0	225	Frame_Shift_Del	mutect2;varscan2								0.0104166666666667	FALSE
CES1	ENSG00000198848.13	1	1	0	0	0	4	Missense_Mutation	muse;mutect2;varscan2								0.0104166666666667	FALSE
CES3	ENSG00000172828.13	1	1	0	0	0	179	Missense_Mutation	muse;mutect2;varscan2								0.0104166666666667	FALSE
CFAP100	ENSG00000163885.12	1	1	0	0	0	217	Missense_Mutation	muse;mutect2;varscan2								0.0104166666666667	FALSE
CFAP221	ENSG00000163075.13	1	1	0	0	0	379	Missense_Mutation	muse;mutect2;varscan2								0.0104166666666667	FALSE
CFAP251	ENSG00000158023.10	1	1	0	0	0	1056	Missense_Mutation	muse;mutect2;varscan2								0.0104166666666667	FALSE
CFAP300	ENSG00000137691.13	1	1	0	0	0	175	Missense_Mutation	muse;mutect2;varscan2								0.0104166666666667	FALSE
CFAP36	ENSG00000163001.12	1	1	1	1	0	179	Splice_Site	muse;mutect2								0.0104166666666667	FALSE
CFAP43	ENSG00000197748.13	1	1	0	0	0	1449	Missense_Mutation	muse;mutect2;varscan2								0.0104166666666667	FALSE
CFAP44	ENSG00000206530.11	1	1	0	0	0	843	Missense_Mutation	muse;mutect2;varscan2								0.0104166666666667	FALSE
CFAP47	ENSG00000165164.14	1	1	0	0	0	1692	Missense_Mutation	muse;mutect2;varscan2								0.0104166666666667	FALSE
CFAP52	ENSG00000166596.15	1	1	0	0	0	147	Missense_Mutation	muse;mutect2;varscan2								0.0104166666666667	FALSE
CFAP58	ENSG00000120051.15	1	1	0	0	0	622	Missense_Mutation	muse;mutect2;varscan2								0.0104166666666667	FALSE
CFAP74	ENSG00000142609.18	1	1	0	0	0	494	Missense_Mutation	muse;mutect2;varscan2								0.0104166666666667	FALSE
CFAP91	ENSG00000183833.16	1	1	0	0	0	87	Missense_Mutation	muse;mutect2;varscan2								0.0104166666666667	FALSE
CFAP92	ENSG00000114656.12	1	1	0	0	0	125	Missense_Mutation	muse;mutect2;varscan2								0.0104166666666667	FALSE
CFAP97	ENSG00000164323.14	1	1	0	0	0	501	Missense_Mutation	muse;mutect2;varscan2								0.0104166666666667	FALSE
CFHR3	ENSG00000116785.14	1	1	0	0	0	320	Missense_Mutation	muse;mutect2;varscan2								0.0104166666666667	FALSE
CFL1	ENSG00000172757.13	1	1	1	1	0	2	Splice_Site	muse;mutect2;varscan2								0.0104166666666667	FALSE
CGN	ENSG00000143375.15	1	1	1	1	0	40	Nonsense_Mutation	muse;mutect2;varscan2								0.0104166666666667	FALSE
CGREF1	ENSG00000138028.16	1	1	1	1	0	300	Nonsense_Mutation	muse;mutect2;varscan2								0.0104166666666667	FALSE
CHAF1A	ENSG00000167670.16	1	1	0	0	0	430	Missense_Mutation	muse;mutect2;varscan2								0.0104166666666667	FALSE
CHAT	ENSG00000070748.19	1	1	0	0	0	417	Missense_Mutation	muse;mutect2;varscan2								0.0104166666666667	FALSE
CHCHD2	ENSG00000106153.13	1	1	0	0	0	104	Missense_Mutation	muse;mutect2;varscan2								0.0104166666666667	FALSE
CHD1L	ENSG00000131778.19	1	1	0	0	0	133	Missense_Mutation	muse;mutect2;varscan2								0.0104166666666667	FALSE
CHD2	ENSG00000173575.22	1	1	0	0	0	814	Missense_Mutation	muse;mutect2								0.0104166666666667	FALSE
CHGB	ENSG00000089199.10	1	1	0	0	0	529	Missense_Mutation	muse;mutect2;varscan2								0.0104166666666667	FALSE
CHKB	ENSG00000100288.20	1	1	0	0	0	290	Missense_Mutation	muse;mutect2								0.0104166666666667	FALSE
CHML	ENSG00000203668.3	1	1	0	0	0	312	Missense_Mutation	muse;mutect2;varscan2								0.0104166666666667	FALSE
CHMP4C	ENSG00000164695.5	1	1	0	0	0	165	Missense_Mutation	muse;mutect2;varscan2								0.0104166666666667	FALSE
CHMP6	ENSG00000176108.9	1	1	0	0	0	113	Missense_Mutation	muse;mutect2;varscan2								0.0104166666666667	FALSE
CHRM2	ENSG00000181072.11	1	1	0	0	0	151	Missense_Mutation	muse;mutect2;varscan2								0.0104166666666667	FALSE
CHRM3	ENSG00000133019.12	1	1	0	0	0	522	Missense_Mutation	muse;mutect2;varscan2								0.0104166666666667	FALSE
CHRM4	ENSG00000180720.7	1	1	0	0	0	180	Missense_Mutation	muse;mutect2;varscan2								0.0104166666666667	FALSE
CHRNA2	ENSG00000120903.13	1	1	0	0	0	355	Missense_Mutation	muse;mutect2;varscan2								0.0104166666666667	FALSE
CHRNB3	ENSG00000147432.7	1	1	0	0	0	235	Missense_Mutation	muse;mutect2								0.0104166666666667	FALSE
CHRNB4	ENSG00000117971.12	1	1	0	0	0	344	Missense_Mutation	muse;mutect2;varscan2								0.0104166666666667	FALSE
CHST10	ENSG00000115526.11	1	1	0	0	0	127	Missense_Mutation	muse;mutect2;varscan2								0.0104166666666667	FALSE
CHST12	ENSG00000136213.10	1	1	0	0	0	65	Missense_Mutation	muse;mutect2								0.0104166666666667	FALSE
CHST5	ENSG00000135702.14	1	1	0	0	0	307	Missense_Mutation	muse;mutect2;varscan2								0.0104166666666667	FALSE
CHST6	ENSG00000183196.10	1	1	0	0	0	322	Missense_Mutation	muse;mutect2;varscan2								0.0104166666666667	FALSE
CHSY1	ENSG00000131873.7	1	1	0	0	0	522	Missense_Mutation	muse;mutect2;varscan2								0.0104166666666667	FALSE
CHSY3	ENSG00000198108.4	1	1	0	0	0	508	Missense_Mutation	muse;mutect2								0.0104166666666667	FALSE
CIAPIN1	ENSG00000005194.15	1	1	0	0	0	144	Missense_Mutation	muse;mutect2;varscan2								0.0104166666666667	FALSE
CIBAR1	ENSG00000188343.13	1	1	1	1	0	241	Nonsense_Mutation	muse;mutect2;varscan2								0.0104166666666667	FALSE
CIDEA	ENSG00000176194.18	1	1	0	0	0	184	Missense_Mutation	muse;varscan2								0.0104166666666667	FALSE
CIITA	ENSG00000179583.19	1	1	0	0	0	841	Missense_Mutation	muse;mutect2;varscan2								0.0104166666666667	FALSE
CILK1	ENSG00000112144.16	1	1	0	0	0	483	Missense_Mutation	muse;mutect2;varscan2								0.0104166666666667	FALSE
CINP	ENSG00000100865.15	1	1	0	0	0	157	Missense_Mutation	muse;mutect2								0.0104166666666667	FALSE
CIPC	ENSG00000198894.8	1	1	0	0	0	6	Missense_Mutation	muse;mutect2;varscan2								0.0104166666666667	FALSE
CIR1	ENSG00000138433.16	1	1	0	0	0	310	Missense_Mutation	muse;mutect2;varscan2								0.0104166666666667	FALSE
CISD2	ENSG00000145354.12	1	1	0	0	0	94	Missense_Mutation	muse;mutect2;varscan2								0.0104166666666667	FALSE
CIZ1	ENSG00000148337.21	1	1	0	0	0	741	Missense_Mutation	muse;mutect2;varscan2								0.0104166666666667	FALSE
CKAP5	ENSG00000175216.15	1	1	1	1	0	1986	Frame_Shift_Ins	mutect2;pindel;varscan2								0.0104166666666667	FALSE
CKM	ENSG00000104879.5	1	1	0	0	0	96	Missense_Mutation	muse;mutect2;varscan2								0.0104166666666667	FALSE
CLASP2	ENSG00000163539.17	1	1	0	0	0	1052	Missense_Mutation	muse;mutect2;varscan2								0.0104166666666667	FALSE
CLCA2	ENSG00000137975.8	1	1	0	0	0	261	Missense_Mutation	muse;mutect2;varscan2								0.0104166666666667	FALSE
CLCA4	ENSG00000016602.9	1	1	0	0	0	491	Missense_Mutation	muse;mutect2;varscan2								0.0104166666666667	FALSE
CLCN6	ENSG00000011021.23	1	1	0	0	0	509	Splice_Region	muse;mutect2;varscan2								0.0104166666666667	FALSE
CLCN7	ENSG00000103249.18	1	1	0	0	0	730	Missense_Mutation	muse;mutect2;varscan2								0.0104166666666667	FALSE
CLCNKA	ENSG00000186510.12	1	1	0	0	0	24	Missense_Mutation	muse;mutect2;varscan2								0.0104166666666667	FALSE
CLDN18	ENSG00000066405.13	1	1	1	1	0	66	Nonsense_Mutation	muse;mutect2;varscan2								0.0104166666666667	FALSE
CLDN9	ENSG00000213937.4	1	1	0	0	0	2	Missense_Mutation	muse;mutect2;varscan2								0.0104166666666667	FALSE
CLEC11A	ENSG00000105472.13	1	1	0	0	0	14	Missense_Mutation	muse;mutect2;varscan2								0.0104166666666667	FALSE
CLEC18B	ENSG00000140839.11	1	1	0	0	0	82	Missense_Mutation	mutect2;varscan2								0.0104166666666667	FALSE
CLEC3A	ENSG00000166509.12	1	1	0	0	0	49	Missense_Mutation	muse;mutect2;varscan2								0.0104166666666667	FALSE
CLEC4C	ENSG00000198178.11	1	1	0	0	0	189	Missense_Mutation	muse;mutect2;varscan2								0.0104166666666667	FALSE
CLEC4G	ENSG00000182566.14	1	1	0	0	0	252	Missense_Mutation	mutect2;varscan2								0.0104166666666667	FALSE
CLEC4M	ENSG00000104938.18	1	1	0	0	0	183	Missense_Mutation	muse;mutect2;varscan2								0.0104166666666667	FALSE
CLEC7A	ENSG00000172243.18	1	1	0	0	0	245	Missense_Mutation	muse;mutect2;varscan2								0.0104166666666667	FALSE
CLECL1	ENSG00000184293.7	1	1	0	0	0	157	Missense_Mutation	muse;mutect2;varscan2								0.0104166666666667	FALSE
CLGN	ENSG00000153132.13	1	1	0	0	0	244	Missense_Mutation	muse;mutect2								0.0104166666666667	FALSE
CLHC1	ENSG00000162994.16	1	1	0	0	0	166	Missense_Mutation	muse;mutect2;varscan2								0.0104166666666667	FALSE
CLIC3	ENSG00000169583.13	1	1	0	0	0	12	Splice_Region	muse;mutect2;varscan2								0.0104166666666667	FALSE
CLIC5	ENSG00000112782.19	1	1	0	0	0	375	Missense_Mutation	muse;mutect2;varscan2								0.0104166666666667	FALSE
CLINT1	ENSG00000113282.14	1	1	0	0	0	568	Missense_Mutation	muse;mutect2;varscan2								0.0104166666666667	FALSE
CLIP1	ENSG00000130779.21	1	1	0	0	0	1291	Missense_Mutation	muse;mutect2;varscan2								0.0104166666666667	FALSE
CLK1	ENSG00000013441.16	1	1	0	0	0	425	Missense_Mutation	muse;mutect2;varscan2								0.0104166666666667	FALSE
CLK4	ENSG00000113240.13	1	1	0	0	0	249	Missense_Mutation	muse;mutect2								0.0104166666666667	FALSE
CLN6	ENSG00000128973.13	1	1	0	0	0	143	Missense_Mutation	muse;mutect2;varscan2								0.0104166666666667	FALSE
CLP1	ENSG00000172409.6	1	1	0	0	0	206	Missense_Mutation	muse;mutect2;varscan2								0.0104166666666667	FALSE
CLSPN	ENSG00000092853.14	1	1	0	0	0	967	Missense_Mutation	muse;mutect2;varscan2								0.0104166666666667	FALSE
CLSTN2	ENSG00000158258.16	1	1	0	0	0	525	Missense_Mutation	muse;mutect2;varscan2								0.0104166666666667	FALSE
CLUH	ENSG00000132361.18	1	1	0	0	0	1028	Missense_Mutation	muse;mutect2								0.0104166666666667	FALSE
CMKLR1	ENSG00000174600.14	1	1	0	0	0	37	Missense_Mutation	muse;mutect2;varscan2								0.0104166666666667	FALSE
CMTM2	ENSG00000140932.10	1	1	0	0	0	89	Missense_Mutation	muse;mutect2;varscan2								0.0104166666666667	FALSE
CMTM3	ENSG00000140931.20	1	1	1	1	0	76	Frame_Shift_Ins	mutect2;pindel								0.0104166666666667	FALSE
CNBD2	ENSG00000149646.12	1	1	1	1	0	1	Translation_Start_Site	muse;mutect2;varscan2								0.0104166666666667	FALSE
CNDP2	ENSG00000133313.15	1	1	0	0	0	423	Missense_Mutation	muse;mutect2;varscan2								0.0104166666666667	FALSE
CNGA1	ENSG00000198515.16	1	1	0	0	0	577	Missense_Mutation	muse;mutect2								0.0104166666666667	FALSE
CNGA3	ENSG00000144191.12	1	1	0	0	0	43	Missense_Mutation	muse;mutect2;varscan2								0.0104166666666667	FALSE
CNGB1	ENSG00000070729.14	1	1	0	0	0	6	Missense_Mutation	muse;mutect2;varscan2								0.0104166666666667	FALSE
CNGB3	ENSG00000170289.12	1	1	0	0	0	484	Missense_Mutation	muse;mutect2;varscan2								0.0104166666666667	FALSE
CNIH2	ENSG00000174871.11	1	1	0	0	0	23	In_Frame_Del	pindel;varscan2								0.0104166666666667	FALSE
CNKSR2	ENSG00000149970.16	1	1	0	0	0	999	Missense_Mutation	muse;mutect2;varscan2								0.0104166666666667	FALSE
CNKSR3	ENSG00000153721.19	1	1	0	0	0	491	Missense_Mutation	muse;mutect2;varscan2								0.0104166666666667	FALSE
CNNM4	ENSG00000158158.12	1	1	0	0	0	129	Missense_Mutation	muse;mutect2;varscan2								0.0104166666666667	FALSE
CNOT2	ENSG00000111596.14	1	1	0	0	0	464	Missense_Mutation	muse;mutect2;varscan2								0.0104166666666667	FALSE
CNOT4	ENSG00000080802.19	1	1	0	0	0	426	Missense_Mutation	muse;mutect2;varscan2								0.0104166666666667	FALSE
CNPPD1	ENSG00000115649.16	1	1	0	0	0	291	Missense_Mutation	muse;mutect2;varscan2								0.0104166666666667	FALSE
CNTN3	ENSG00000113805.8	1	1	0	0	0	1027	Missense_Mutation	muse;mutect2;varscan2								0.0104166666666667	FALSE
CNTN5	ENSG00000149972.11	1	1	0	0	0	856	Missense_Mutation	muse;mutect2;varscan2								0.0104166666666667	FALSE
CNTNAP3	ENSG00000106714.17	1	1	1	1	0	1286	Frame_Shift_Del	mutect2;pindel;varscan2								0.0104166666666667	FALSE
CNTNAP4	ENSG00000152910.19	1	1	0	0	0	644	Missense_Mutation	muse;mutect2;varscan2								0.0104166666666667	FALSE
CNTRL	ENSG00000119397.17	1	1	0	0	0	612	Missense_Mutation	muse;mutect2;varscan2								0.0104166666666667	FALSE
COG1	ENSG00000166685.12	1	1	0	0	0	560	Missense_Mutation	muse;mutect2;varscan2								0.0104166666666667	FALSE
COG4	ENSG00000103051.20	1	1	1	1	0	110	Nonsense_Mutation	mutect2;varscan2								0.0104166666666667	FALSE
COG5	ENSG00000164597.15	1	1	0	0	0	594	Missense_Mutation	muse;mutect2								0.0104166666666667	FALSE
COG6	ENSG00000133103.17	1	1	0	0	0	131	Missense_Mutation	muse;mutect2;varscan2								0.0104166666666667	FALSE
COIL	ENSG00000121058.5	1	1	1	1	0	162	Frame_Shift_Ins	mutect2;varscan2								0.0104166666666667	FALSE
COL13A1	ENSG00000197467.16	1	1	0	0	0	98	Missense_Mutation	muse;mutect2;varscan2								0.0104166666666667	FALSE
COL17A1	ENSG00000065618.21	1	1	1	1	0	1468	Frame_Shift_Ins	mutect2;pindel;varscan2								0.0104166666666667	FALSE
COL1A1	ENSG00000108821.14	1	1	0	0	0	425	Missense_Mutation	muse;mutect2;varscan2								0.0104166666666667	FALSE
COL20A1	ENSG00000101203.16	1	1	0	0	0	870	Missense_Mutation	muse;mutect2;varscan2								0.0104166666666667	FALSE
COL23A1	ENSG00000050767.17	1	1	0	0	0	125	Missense_Mutation	muse;mutect2;varscan2								0.0104166666666667	FALSE
COL24A1	ENSG00000171502.15	1	1	0	0	0	1242	Missense_Mutation	muse;mutect2;varscan2								0.0104166666666667	FALSE
COL27A1	ENSG00000196739.15	1	1	0	0	0	618	Missense_Mutation	muse;mutect2;varscan2								0.0104166666666667	FALSE
COL2A1	ENSG00000139219.19	1	1	0	0	0	476	Missense_Mutation	muse;mutect2;varscan2								0.0104166666666667	FALSE
COL4A2	ENSG00000134871.19	1	1	0	0	0	619	Missense_Mutation	muse;mutect2								0.0104166666666667	FALSE
COL4A5	ENSG00000188153.14	1	1	0	0	0	1410	Missense_Mutation	muse;mutect2;varscan2								0.0104166666666667	FALSE
COL5A1	ENSG00000130635.16	1	1	0	0	0	579	Missense_Mutation	mutect2;varscan2								0.0104166666666667	FALSE
COL5A2	ENSG00000204262.14	1	1	0	0	0	1359	Missense_Mutation	muse;mutect2;varscan2								0.0104166666666667	FALSE
COL6A1	ENSG00000142156.15	1	1	0	0	0	836	Missense_Mutation	muse;mutect2;varscan2								0.0104166666666667	FALSE
COL8A1	ENSG00000144810.16	1	1	0	0	0	439	Missense_Mutation	muse;mutect2;varscan2								0.0104166666666667	FALSE
COL9A2	ENSG00000049089.15	1	1	0	0	0	25	Missense_Mutation	muse;mutect2;varscan2								0.0104166666666667	FALSE
COMMD1	ENSG00000173163.10	1	1	0	0	0	179	Missense_Mutation	muse;mutect2;varscan2								0.0104166666666667	FALSE
COMP	ENSG00000105664.11	1	1	0	0	0	311	Missense_Mutation	muse;mutect2;varscan2								0.0104166666666667	FALSE
COMTD1	ENSG00000165644.11	1	1	1	1	0	203	Nonsense_Mutation	muse;mutect2;varscan2								0.0104166666666667	FALSE
COPB2	ENSG00000184432.11	1	1	0	0	0	864	Missense_Mutation	muse;mutect2;varscan2								0.0104166666666667	FALSE
COPE	ENSG00000105669.14	1	1	0	0	0	302	Missense_Mutation	muse;mutect2								0.0104166666666667	FALSE
COPG1	ENSG00000181789.14	1	1	0	0	0	417	Missense_Mutation	muse;mutect2;varscan2								0.0104166666666667	FALSE
COQ5	ENSG00000110871.15	1	1	0	0	0	90	Missense_Mutation	muse;mutect2;varscan2								0.0104166666666667	FALSE
COQ8B	ENSG00000123815.13	1	1	0	0	0	111	Missense_Mutation	muse;mutect2;varscan2								0.0104166666666667	FALSE
COX18	ENSG00000163626.17	1	1	0	0	0	233	Missense_Mutation	muse;mutect2;varscan2								0.0104166666666667	FALSE
COX5A	ENSG00000178741.12	1	1	0	0	0	80	Missense_Mutation	muse;mutect2;varscan2								0.0104166666666667	FALSE
COX8C	ENSG00000187581.3	1	1	0	0	0	29	Missense_Mutation	muse;mutect2;varscan2								0.0104166666666667	FALSE
CP	ENSG00000047457.14	1	1	0	0	0	943	Missense_Mutation	muse;mutect2;varscan2								0.0104166666666667	FALSE
CPA1	ENSG00000091704.10	1	1	0	0	0	79	Missense_Mutation	muse;mutect2;varscan2								0.0104166666666667	FALSE
CPA3	ENSG00000163751.4	1	1	0	0	0	341	Missense_Mutation	muse;mutect2;varscan2								0.0104166666666667	FALSE
CPEB2	ENSG00000137449.17	1	1	0	0	0	876	Missense_Mutation	muse;mutect2;varscan2								0.0104166666666667	FALSE
CPED1	ENSG00000106034.18	1	1	0	0	0	655	Missense_Mutation	muse;mutect2								0.0104166666666667	FALSE
CPNE1	ENSG00000214078.13	1	1	0	0	0	223	Missense_Mutation	muse;mutect2								0.0104166666666667	FALSE
CPNE2	ENSG00000140848.17	1	1	0	0	0	392	Missense_Mutation	muse;mutect2								0.0104166666666667	FALSE
CPNE5	ENSG00000124772.12	1	1	1	1	0	266	Nonsense_Mutation	muse;mutect2;varscan2								0.0104166666666667	FALSE
CPNE8	ENSG00000139117.14	1	1	0	0	0	151	Missense_Mutation	muse;mutect2;varscan2								0.0104166666666667	FALSE
CPOX	ENSG00000080819.9	1	1	0	0	0	157	Missense_Mutation	muse;mutect2;varscan2								0.0104166666666667	FALSE
CPT1C	ENSG00000169169.15	1	1	0	0	0	240	Missense_Mutation	mutect2;varscan2								0.0104166666666667	FALSE
CPVL	ENSG00000106066.15	1	1	0	0	0	60	Missense_Mutation	muse;mutect2;varscan2								0.0104166666666667	FALSE
CPXCR1	ENSG00000147183.10	1	1	0	0	0	98	Missense_Mutation	muse;mutect2;varscan2								0.0104166666666667	FALSE
CPZ	ENSG00000109625.19	1	1	0	0	0	81	Missense_Mutation	muse;mutect2;varscan2								0.0104166666666667	FALSE
CR1L	ENSG00000197721.17	1	1	1	1	0	396	Nonsense_Mutation	muse;mutect2;varscan2								0.0104166666666667	FALSE
CRACD	ENSG00000109265.14	1	1	0	0	0	114	Missense_Mutation	muse;mutect2;varscan2								0.0104166666666667	FALSE
CRACDL	ENSG00000196872.12	1	1	0	0	0	102	Missense_Mutation	muse;mutect2								0.0104166666666667	FALSE
CRACR2A	ENSG00000130038.10	1	1	0	0	0	213	Missense_Mutation	muse;mutect2								0.0104166666666667	FALSE
CRACR2B	ENSG00000177685.17	1	1	1	1	0	143	Frame_Shift_Ins	mutect2;pindel;varscan2								0.0104166666666667	FALSE
CRAT	ENSG00000095321.17	1	1	1	1	0	166	Frame_Shift_Del	mutect2;pindel;varscan2								0.0104166666666667	FALSE
CREB3L4	ENSG00000143578.16	1	1	0	0	0	220	In_Frame_Del	pindel;varscan2								0.0104166666666667	FALSE
CRELD2	ENSG00000184164.15	1	1	0	0	0	215	Missense_Mutation	muse;mutect2;varscan2								0.0104166666666667	FALSE
CRIM1	ENSG00000150938.10	1	1	0	0	0	311	Missense_Mutation	muse;mutect2;varscan2								0.0104166666666667	FALSE
CRIP3	ENSG00000146215.14	1	1	0	0	0	115	Missense_Mutation	muse;mutect2								0.0104166666666667	FALSE
CRISP1	ENSG00000124812.15	1	1	0	0	0	13	Missense_Mutation	muse;mutect2								0.0104166666666667	FALSE
CRISP3	ENSG00000096006.12	1	1	0	0	0	181	Missense_Mutation	muse;mutect2;varscan2								0.0104166666666667	FALSE
CRISPLD1	ENSG00000121005.9	1	1	0	0	0	403	Missense_Mutation	muse;mutect2;varscan2								0.0104166666666667	FALSE
CRMP1	ENSG00000072832.15	1	1	0	0	0	145	Missense_Mutation	muse;mutect2;varscan2								0.0104166666666667	FALSE
CRNN	ENSG00000143536.7	1	1	0	0	0	7	Missense_Mutation	muse;mutect2;varscan2								0.0104166666666667	FALSE
CROCC	ENSG00000058453.17	1	1	0	0	0	1097	Missense_Mutation	muse;mutect2								0.0104166666666667	FALSE
CROT	ENSG00000005469.12	1	1	0	0	0	435	Missense_Mutation	muse;mutect2;varscan2								0.0104166666666667	FALSE
CRTAM	ENSG00000109943.9	1	1	0	0	0	95	Missense_Mutation	muse;mutect2;varscan2								0.0104166666666667	FALSE
CRTC3	ENSG00000140577.16	1	1	0	0	0	96	Missense_Mutation	muse;mutect2								0.0104166666666667	FALSE
CRX	ENSG00000105392.16	1	1	0	0	0	197	Missense_Mutation	muse;mutect2;varscan2								0.0104166666666667	FALSE
CRY1	ENSG00000008405.12	1	1	0	0	0	414	Missense_Mutation	muse;mutect2								0.0104166666666667	FALSE
CRY2	ENSG00000121671.12	1	1	0	0	0	362	Missense_Mutation	muse;mutect2;varscan2								0.0104166666666667	FALSE
CRYBB1	ENSG00000100122.7	1	1	0	0	0	98	Missense_Mutation	muse;mutect2;varscan2								0.0104166666666667	FALSE
CRYBB3	ENSG00000100053.10	1	1	0	0	0	175	Missense_Mutation	muse;mutect2;varscan2								0.0104166666666667	FALSE
CRYBG1	ENSG00000112297.18	1	1	0	0	0	1772	Missense_Mutation	muse;mutect2;varscan2								0.0104166666666667	FALSE
CRYBG3	ENSG00000080200.10	1	1	0	0	0	2621	In_Frame_Ins	mutect2;pindel;varscan2								0.0104166666666667	FALSE
CRYZL1	ENSG00000205758.12	1	1	1	1	0	159	Frame_Shift_Del	mutect2;pindel;varscan2								0.0104166666666667	FALSE
CSAG2	ENSG00000268902.3	1	1	0	0	0	126	Missense_Mutation	muse;mutect2								0.0104166666666667	FALSE
CSAG3	ENSG00000268916.6	1	1	0	0	0	52	Missense_Mutation	muse;mutect2;varscan2								0.0104166666666667	FALSE
CSDE1	ENSG00000009307.16	1	1	1	1	0	532	Frame_Shift_Ins	mutect2;pindel;varscan2								0.0104166666666667	FALSE
CSF1R	ENSG00000182578.14	1	1	0	0	0	475	Missense_Mutation	muse;mutect2;varscan2								0.0104166666666667	FALSE
CSF2RA	ENSG00000198223.17	1	1	0	0	0	211	Missense_Mutation	muse;mutect2;varscan2								0.0104166666666667	FALSE
CSF3	ENSG00000108342.13	1	1	1	1	0	33	Frame_Shift_Del	mutect2;pindel;varscan2								0.0104166666666667	FALSE
CSF3R	ENSG00000119535.18	1	1	0	0	0	308	Missense_Mutation	muse;mutect2;varscan2								0.0104166666666667	FALSE
CSK	ENSG00000103653.16	1	1	0	0	0	10	Missense_Mutation	muse;mutect2;varscan2								0.0104166666666667	FALSE
CSN2	ENSG00000135222.6	1	1	0	0	0	148	Missense_Mutation	muse;mutect2;varscan2								0.0104166666666667	FALSE
CSNK1E	ENSG00000213923.13	1	1	0	0	0	373	Missense_Mutation	muse;mutect2;varscan2								0.0104166666666667	FALSE
CSNK1G2	ENSG00000133275.16	1	1	0	0	0	38	In_Frame_Del	mutect2;pindel								0.0104166666666667	FALSE
CSNK2A1	ENSG00000101266.19	1	1	0	0	0	47	Missense_Mutation	muse;mutect2;varscan2								0.0104166666666667	FALSE
CST4	ENSG00000101441.4	1	1	1	1	0	81	Frame_Shift_Del	mutect2;pindel;varscan2								0.0104166666666667	FALSE
CSTF2	ENSG00000101811.14	1	1	0	0	0	210	Missense_Mutation	muse;mutect2;varscan2								0.0104166666666667	FALSE
CSTF2T	ENSG00000177613.9	1	1	0	0	0	78	Missense_Mutation	muse;mutect2;varscan2								0.0104166666666667	FALSE
CTAGE1	ENSG00000212710.5	1	1	0	0	0	117	Missense_Mutation	muse;mutect2								0.0104166666666667	FALSE
CTAGE6	ENSG00000271321.1	1	1	0	0	0	261	Missense_Mutation	muse;mutect2;varscan2								0.0104166666666667	FALSE
CTDSP1	ENSG00000144579.8	1	1	0	0	0	118	Missense_Mutation	muse;mutect2;varscan2								0.0104166666666667	FALSE
CTDSPL	ENSG00000144677.15	1	1	0	0	0	105	Missense_Mutation	muse;mutect2;varscan2								0.0104166666666667	FALSE
CTNNBL1	ENSG00000132792.19	1	1	0	0	0	248	Missense_Mutation	muse;mutect2								0.0104166666666667	FALSE
CTNND2	ENSG00000169862.19	1	1	0	0	0	889	Missense_Mutation	muse;mutect2;varscan2								0.0104166666666667	FALSE
CTSH	ENSG00000103811.18	1	1	0	0	0	220	Missense_Mutation	muse;mutect2;varscan2								0.0104166666666667	FALSE
CTTN	ENSG00000085733.16	1	1	0	0	0	508	Missense_Mutation	muse;mutect2;varscan2								0.0104166666666667	FALSE
CTTNBP2	ENSG00000077063.11	1	1	0	0	0	1370	Missense_Mutation	muse;mutect2;varscan2								0.0104166666666667	FALSE
CTU2	ENSG00000174177.13	1	1	0	0	0	188	Missense_Mutation	muse;mutect2;varscan2								0.0104166666666667	FALSE
CUL1	ENSG00000055130.17	1	1	0	0	0	768	Missense_Mutation	muse;mutect2;varscan2								0.0104166666666667	FALSE
CUL7	ENSG00000044090.10	1	1	0	0	0	1609	Missense_Mutation	muse;mutect2;varscan2								0.0104166666666667	FALSE
CUX1	ENSG00000257923.12	1	1	0	0	0	864	Missense_Mutation	muse;mutect2;varscan2								0.0104166666666667	FALSE
CWC27	ENSG00000153015.16	1	1	0	0	0	134	Missense_Mutation	muse;mutect2;varscan2								0.0104166666666667	FALSE
CWF19L2	ENSG00000152404.15	1	1	0	0	0	745	Missense_Mutation	muse;mutect2								0.0104166666666667	FALSE
CWH43	ENSG00000109182.12	1	1	0	0	0	152	Missense_Mutation	muse;mutect2								0.0104166666666667	FALSE
CXADR	ENSG00000154639.19	1	1	1	1	0	366	Nonstop_Mutation	muse;mutect2;varscan2								0.0104166666666667	FALSE
CXCR4	ENSG00000121966.7	1	1	0	0	0	162	Missense_Mutation	muse;mutect2;varscan2								0.0104166666666667	FALSE
CXXC1	ENSG00000154832.15	1	1	0	0	0	347	In_Frame_Ins	mutect2;pindel;varscan2								0.0104166666666667	FALSE
CXXC4	ENSG00000168772.11	1	1	0	0	0	290	Missense_Mutation	muse;mutect2								0.0104166666666667	FALSE
CXXC5	ENSG00000171604.12	1	1	0	0	0	142	Missense_Mutation	muse;mutect2;varscan2								0.0104166666666667	FALSE
CYB561A3	ENSG00000162144.10	1	1	0	0	0	14	Missense_Mutation	muse;mutect2;varscan2								0.0104166666666667	FALSE
CYB5A	ENSG00000166347.19	1	1	1	1	0	135	Nonstop_Mutation	muse;mutect2;varscan2								0.0104166666666667	FALSE
CYB5R1	ENSG00000159348.13	1	1	0	0	0	196	Missense_Mutation	muse;mutect2;varscan2								0.0104166666666667	FALSE
CYB5R3	ENSG00000100243.21	1	1	0	0	0	52	Splice_Region	muse;mutect2;varscan2								0.0104166666666667	FALSE
CYB5RL	ENSG00000215883.10	1	1	0	0	0	286	Missense_Mutation	muse;mutect2;varscan2								0.0104166666666667	FALSE
CYLC2	ENSG00000155833.15	1	1	0	0	0	314	Missense_Mutation	muse;mutect2;varscan2								0.0104166666666667	FALSE
CYLD	ENSG00000083799.18	1	1	1	1	0	609	Splice_Site	muse;mutect2;varscan2								0.0104166666666667	FALSE
CYP11B2	ENSG00000179142.2	1	1	0	0	0	280	Missense_Mutation	muse;mutect2								0.0104166666666667	FALSE
CYP1A1	ENSG00000140465.14	1	1	0	0	0	200	Missense_Mutation	muse;mutect2;varscan2								0.0104166666666667	FALSE
CYP2B6	ENSG00000197408.10	1	1	0	0	0	294	Missense_Mutation	muse;mutect2;varscan2								0.0104166666666667	FALSE
CYP2C18	ENSG00000108242.13	1	1	0	0	0	467	Missense_Mutation	muse;mutect2;varscan2								0.0104166666666667	FALSE
CYP2D6	ENSG00000100197.22	1	1	0	0	0	400	Missense_Mutation	muse;mutect2;varscan2								0.0104166666666667	FALSE
CYP2E1	ENSG00000130649.10	1	1	0	0	0	200	Missense_Mutation	muse;mutect2;varscan2								0.0104166666666667	FALSE
CYP39A1	ENSG00000146233.8	1	1	0	0	0	404	Missense_Mutation	muse;mutect2;varscan2								0.0104166666666667	FALSE
CYP3A7-CYP3A51P	ENSG00000282301.3	1	1	1	1	0	525	Frame_Shift_Del	mutect2;pindel;varscan2								0.0104166666666667	FALSE
CYP4F22	ENSG00000171954.13	1	1	0	0	0	405	Missense_Mutation	muse;mutect2;varscan2								0.0104166666666667	FALSE
CYP4X1	ENSG00000186377.8	1	1	0	0	0	207	Missense_Mutation	muse;mutect2;varscan2								0.0104166666666667	FALSE
CYP4Z1	ENSG00000186160.5	1	1	0	0	0	225	Missense_Mutation	muse;mutect2;varscan2								0.0104166666666667	FALSE
CYP51A1	ENSG00000001630.17	1	1	0	0	0	306	Missense_Mutation	muse;mutect2;varscan2								0.0104166666666667	FALSE
CYTH1	ENSG00000108669.16	1	1	0	0	0	383	Missense_Mutation	muse;mutect2;varscan2								0.0104166666666667	FALSE
CYTH2	ENSG00000105443.15	1	1	0	0	0	144	Splice_Region	muse;mutect2;varscan2								0.0104166666666667	FALSE
CYTIP	ENSG00000115165.10	1	1	0	0	0	38	Missense_Mutation	muse;mutect2								0.0104166666666667	FALSE
DAB2IP	ENSG00000136848.17	1	1	0	0	0	1043	Missense_Mutation	muse;mutect2								0.0104166666666667	FALSE
DACH1	ENSG00000276644.5	1	1	0	0	0	567	Missense_Mutation	muse;mutect2;varscan2								0.0104166666666667	FALSE
DACH2	ENSG00000126733.21	1	1	0	0	0	400	Missense_Mutation	muse;varscan2								0.0104166666666667	FALSE
DALRD3	ENSG00000178149.17	1	1	0	0	0	476	Missense_Mutation	muse;mutect2;varscan2								0.0104166666666667	FALSE
DARS2	ENSG00000117593.12	1	1	0	0	0	267	Missense_Mutation	muse;mutect2;varscan2								0.0104166666666667	FALSE
DAXX	ENSG00000204209.13	1	1	0	0	0	657	Missense_Mutation	muse;mutect2								0.0104166666666667	FALSE
DBR1	ENSG00000138231.13	1	1	0	0	0	172	Missense_Mutation	muse;mutect2;varscan2								0.0104166666666667	FALSE
DBX2	ENSG00000185610.6	1	1	1	1	0	287	Nonsense_Mutation	muse;mutect2;varscan2								0.0104166666666667	FALSE
DCAF12	ENSG00000198876.13	1	1	0	0	0	336	Missense_Mutation	muse;mutect2;varscan2								0.0104166666666667	FALSE
DCAF13	ENSG00000164934.14	1	1	0	0	0	174	Missense_Mutation	muse;mutect2;varscan2								0.0104166666666667	FALSE
DCAF15	ENSG00000132017.10	1	1	0	0	0	161	Missense_Mutation	muse;mutect2;varscan2								0.0104166666666667	FALSE
DCAF4L1	ENSG00000182308.7	1	1	0	0	0	299	Missense_Mutation	muse;mutect2;varscan2								0.0104166666666667	FALSE
DCAF6	ENSG00000143164.15	1	1	0	0	0	120	Missense_Mutation	muse;mutect2								0.0104166666666667	FALSE
DCANP1	ENSG00000251380.3	1	1	1	1	0	194	Nonsense_Mutation	muse;mutect2;varscan2								0.0104166666666667	FALSE
DCBLD2	ENSG00000057019.16	1	1	0	0	0	749	Missense_Mutation	muse;mutect2;varscan2								0.0104166666666667	FALSE
DCDC2	ENSG00000146038.12	1	1	0	0	0	375	Missense_Mutation	muse;mutect2;varscan2								0.0104166666666667	FALSE
DCHS1	ENSG00000166341.8	1	1	0	0	0	642	Missense_Mutation	muse;mutect2;varscan2								0.0104166666666667	FALSE
DCLK3	ENSG00000163673.7	1	1	0	0	0	363	Missense_Mutation	muse;mutect2;varscan2								0.0104166666666667	FALSE
DCP1A	ENSG00000272886.6	1	1	0	0	0	404	Missense_Mutation	muse;mutect2;varscan2								0.0104166666666667	FALSE
DCST1	ENSG00000163357.11	1	1	1	1	0	59	Frame_Shift_Del	pindel;varscan2								0.0104166666666667	FALSE
DCT	ENSG00000080166.16	1	1	0	0	0	61	Missense_Mutation	muse;mutect2;varscan2								0.0104166666666667	FALSE
DCTD	ENSG00000129187.14	1	1	0	0	0	114	Missense_Mutation	muse;mutect2;varscan2								0.0104166666666667	FALSE
DCTN1	ENSG00000204843.12	1	1	0	0	0	331	Missense_Mutation	muse;mutect2;varscan2								0.0104166666666667	FALSE
DCTN4	ENSG00000132912.13	1	1	0	0	0	381	Missense_Mutation	muse;mutect2;varscan2								0.0104166666666667	FALSE
DDAH2	ENSG00000213722.10	1	1	1	1	0	42	Nonsense_Mutation	muse;mutect2;varscan2								0.0104166666666667	FALSE
DDB1	ENSG00000167986.14	1	1	0	0	0	279	Missense_Mutation	muse;mutect2;varscan2								0.0104166666666667	FALSE
DDC	ENSG00000132437.18	1	1	0	0	0	319	Missense_Mutation	muse;mutect2;varscan2								0.0104166666666667	FALSE
DDOST	ENSG00000244038.11	1	1	0	0	0	73	Missense_Mutation	muse;mutect2;varscan2								0.0104166666666667	FALSE
DDX11	ENSG00000013573.17	1	1	0	0	0	839	Missense_Mutation	muse;mutect2;varscan2								0.0104166666666667	FALSE
DDX19A	ENSG00000168872.17	1	1	1	1	0	376	Nonsense_Mutation	muse;mutect2;varscan2								0.0104166666666667	FALSE
DDX23	ENSG00000174243.10	1	1	0	0	0	459	Missense_Mutation	muse;mutect2;varscan2								0.0104166666666667	FALSE
DDX24	ENSG00000089737.17	1	1	0	0	0	86	Missense_Mutation	muse;mutect2;varscan2								0.0104166666666667	FALSE
DDX54	ENSG00000123064.13	1	1	0	0	0	131	Missense_Mutation	muse;mutect2								0.0104166666666667	FALSE
DDX56	ENSG00000136271.10	1	1	0	0	0	20	Missense_Mutation	muse;mutect2;varscan2								0.0104166666666667	FALSE
DDX58	ENSG00000107201.10	1	1	1	1	0	794	Nonsense_Mutation	muse;mutect2;varscan2								0.0104166666666667	FALSE
DEF8	ENSG00000140995.17	1	1	0	0	0	133	Missense_Mutation	muse;mutect2;varscan2								0.0104166666666667	FALSE
DEFB125	ENSG00000178591.7	1	1	0	0	0	50	Missense_Mutation	muse;mutect2;varscan2								0.0104166666666667	FALSE
DEFB136	ENSG00000205884.2	1	1	0	0	0	54	Missense_Mutation	muse;varscan2								0.0104166666666667	FALSE
DEK	ENSG00000124795.17	1	1	0	0	0	186	Missense_Mutation	muse;mutect2								0.0104166666666667	FALSE
DENND10	ENSG00000119979.18	1	1	0	0	0	204	Missense_Mutation	muse;mutect2								0.0104166666666667	FALSE
DENND11	ENSG00000257093.7	1	1	0	0	0	259	Missense_Mutation	muse;mutect2;varscan2								0.0104166666666667	FALSE
DENND1B	ENSG00000213047.13	1	1	0	0	0	507	Missense_Mutation	muse;mutect2;varscan2								0.0104166666666667	FALSE
DENND2A	ENSG00000146966.13	1	1	1	1	0	511	Nonsense_Mutation	muse;mutect2;varscan2								0.0104166666666667	FALSE
DENND5A	ENSG00000184014.8	1	1	0	0	0	1117	Missense_Mutation	muse;mutect2;varscan2								0.0104166666666667	FALSE
DENND6A	ENSG00000174839.13	1	1	1	1	0	437	Nonsense_Mutation	muse;mutect2;varscan2								0.0104166666666667	FALSE
DEPDC1	ENSG00000024526.17	1	1	0	0	0	600	Missense_Mutation	muse;varscan2								0.0104166666666667	FALSE
DEPDC1B	ENSG00000035499.13	1	1	0	0	0	42	Missense_Mutation	muse;mutect2								0.0104166666666667	FALSE
DEPDC5	ENSG00000100150.20	1	1	0	0	0	767	Missense_Mutation	muse;mutect2								0.0104166666666667	FALSE
DEPDC7	ENSG00000121690.11	1	1	0	0	0	82	Missense_Mutation	muse;mutect2;varscan2								0.0104166666666667	FALSE
DEPTOR	ENSG00000155792.10	1	1	0	0	0	188	Missense_Mutation	muse;mutect2								0.0104166666666667	FALSE
DERA	ENSG00000023697.13	1	1	0	0	0	27	Missense_Mutation	muse;mutect2;varscan2								0.0104166666666667	FALSE
DFFB	ENSG00000169598.17	1	1	0	0	0	140	Missense_Mutation	muse;mutect2;varscan2								0.0104166666666667	FALSE
DGAT2L6	ENSG00000184210.6	1	1	1	1	0	176	Nonsense_Mutation	muse;mutect2;varscan2								0.0104166666666667	FALSE
DGCR8	ENSG00000128191.16	1	1	0	0	0	413	Missense_Mutation	muse;mutect2								0.0104166666666667	FALSE
DGKD	ENSG00000077044.11	1	1	1	1	0	446	Nonsense_Mutation	muse;mutect2;varscan2								0.0104166666666667	FALSE
DHODH	ENSG00000102967.12	1	1	1	1	0	192	Frame_Shift_Del	mutect2;pindel;varscan2								0.0104166666666667	FALSE
DHPS	ENSG00000095059.16	1	1	0	0	0	49	Missense_Mutation	muse;mutect2;varscan2								0.0104166666666667	FALSE
DHRSX	ENSG00000169084.15	1	1	0	0	0	181	Missense_Mutation	muse;mutect2;varscan2								0.0104166666666667	FALSE
DHTKD1	ENSG00000181192.12	1	1	0	0	0	174	Missense_Mutation	muse;mutect2								0.0104166666666667	FALSE
DHX15	ENSG00000109606.13	1	1	0	0	0	456	Missense_Mutation	muse;mutect2								0.0104166666666667	FALSE
DHX30	ENSG00000132153.15	1	1	0	0	0	765	In_Frame_Del	mutect2;pindel;varscan2								0.0104166666666667	FALSE
DHX35	ENSG00000101452.15	1	1	1	1	0	1	Frame_Shift_Ins	mutect2;pindel;varscan2								0.0104166666666667	FALSE
DHX9	ENSG00000135829.17	1	1	0	0	0	394	Missense_Mutation	muse;mutect2;varscan2								0.0104166666666667	FALSE
DIAPH1	ENSG00000131504.17	1	1	0	0	0	393	Missense_Mutation	muse;mutect2;varscan2								0.0104166666666667	FALSE
DICER1	ENSG00000100697.15	1	1	0	0	0	1174	Missense_Mutation	muse;mutect2								0.0104166666666667	FALSE
DIO3	ENSG00000197406.7	1	1	0	0	0	51	Missense_Mutation	muse;mutect2								0.0104166666666667	FALSE
DIPK1B	ENSG00000165716.11	1	1	0	0	0	418	Missense_Mutation	muse;mutect2;varscan2								0.0104166666666667	FALSE
DISP2	ENSG00000140323.6	1	1	0	0	0	1355	Missense_Mutation	muse;varscan2								0.0104166666666667	FALSE
DISP3	ENSG00000204624.8	1	1	0	0	0	747	Missense_Mutation	muse;mutect2;varscan2								0.0104166666666667	FALSE
DKK2	ENSG00000155011.9	1	1	0	0	0	142	Missense_Mutation	muse;mutect2;varscan2								0.0104166666666667	FALSE
DKK4	ENSG00000104371.5	1	1	0	0	0	101	Missense_Mutation	muse;mutect2;varscan2								0.0104166666666667	FALSE
DLD	ENSG00000091140.14	1	1	0	0	0	317	Missense_Mutation	muse;mutect2;varscan2								0.0104166666666667	FALSE
DLEC1	ENSG00000008226.20	1	1	0	0	0	1641	Missense_Mutation	muse;mutect2;varscan2								0.0104166666666667	FALSE
DLG1	ENSG00000075711.21	1	1	0	0	0	340	Missense_Mutation	muse;mutect2;varscan2								0.0104166666666667	FALSE
DLG2	ENSG00000150672.17	1	1	0	0	0	97	Missense_Mutation	muse;mutect2;varscan2								0.0104166666666667	FALSE
DLG4	ENSG00000132535.21	1	1	0	0	0	562	Missense_Mutation	muse;mutect2								0.0104166666666667	FALSE
DLG5	ENSG00000151208.17	1	1	0	0	0	1504	Missense_Mutation	muse;mutect2;varscan2								0.0104166666666667	FALSE
DLGAP2	ENSG00000198010.13	1	1	0	0	0	946	Missense_Mutation	muse;mutect2;varscan2								0.0104166666666667	FALSE
DLX4	ENSG00000108813.11	1	1	0	0	0	113	Missense_Mutation	muse;mutect2;varscan2								0.0104166666666667	FALSE
DMRT2	ENSG00000173253.15	1	1	0	0	0	382	Missense_Mutation	muse;mutect2;varscan2								0.0104166666666667	FALSE
DNA2	ENSG00000138346.15	1	1	0	0	0	736	Missense_Mutation	muse;mutect2;varscan2								0.0104166666666667	FALSE
DNAH1	ENSG00000114841.17	1	1	0	0	0	1743	Missense_Mutation	muse;mutect2;varscan2								0.0104166666666667	FALSE
DNAI3	ENSG00000162643.13	1	1	0	0	0	252	Missense_Mutation	muse;mutect2								0.0104166666666667	FALSE
DNAJA3	ENSG00000103423.14	1	1	0	0	0	281	Missense_Mutation	muse;mutect2								0.0104166666666667	FALSE
DNAJC1	ENSG00000136770.11	1	1	0	0	0	245	Missense_Mutation	muse;mutect2								0.0104166666666667	FALSE
DNAJC11	ENSG00000007923.16	1	1	0	0	0	339	Missense_Mutation	muse;mutect2;varscan2								0.0104166666666667	FALSE
DNAJC12	ENSG00000108176.15	1	1	0	0	0	117	Missense_Mutation	muse;mutect2								0.0104166666666667	FALSE
DNAJC17	ENSG00000104129.10	1	1	0	0	0	74	Missense_Mutation	muse;mutect2;varscan2								0.0104166666666667	FALSE
DNAJC19	ENSG00000205981.8	1	1	1	1	0	43	Splice_Site	muse;mutect2;varscan2								0.0104166666666667	FALSE
DNAJC2	ENSG00000105821.15	1	1	1	1	0	197	Frame_Shift_Del	mutect2;varscan2								0.0104166666666667	FALSE
DNAJC24	ENSG00000170946.15	1	1	0	0	0	91	Missense_Mutation	muse;mutect2;varscan2								0.0104166666666667	FALSE
DNAJC28	ENSG00000177692.12	1	1	0	0	0	313	Missense_Mutation	muse;mutect2;varscan2								0.0104166666666667	FALSE
DNALI1	ENSG00000163879.11	1	1	0	0	0	95	Missense_Mutation	muse;mutect2								0.0104166666666667	FALSE
DNER	ENSG00000187957.8	1	1	0	0	0	479	Missense_Mutation	muse;mutect2;varscan2								0.0104166666666667	FALSE
DNHD1	ENSG00000179532.13	1	1	0	0	0	3819	Missense_Mutation	muse;mutect2;varscan2								0.0104166666666667	FALSE
DNM1	ENSG00000106976.21	1	1	0	0	0	468	Missense_Mutation	muse;mutect2;varscan2								0.0104166666666667	FALSE
DNMT1	ENSG00000130816.17	1	1	0	0	0	410	Splice_Region	muse;mutect2								0.0104166666666667	FALSE
DNMT3A	ENSG00000119772.17	1	1	0	0	0	177	Missense_Mutation	muse;mutect2;varscan2								0.0104166666666667	FALSE
DNTTIP2	ENSG00000067334.14	1	1	0	0	0	609	Missense_Mutation	muse;mutect2;varscan2								0.0104166666666667	FALSE
DOC2A	ENSG00000149927.18	1	1	0	0	0	165	Missense_Mutation	muse;mutect2;varscan2								0.0104166666666667	FALSE
DOCK1	ENSG00000150760.13	1	1	0	0	0	711	Missense_Mutation	muse;mutect2;varscan2								0.0104166666666667	FALSE
DOCK11	ENSG00000147251.15	1	1	0	0	0	2071	Missense_Mutation	muse;mutect2;varscan2								0.0104166666666667	FALSE
DOCK3	ENSG00000088538.13	1	1	1	1	0	1852	Frame_Shift_Del	mutect2;varscan2								0.0104166666666667	FALSE
DOCK5	ENSG00000147459.18	1	1	0	0	0	669	Missense_Mutation	muse;mutect2;varscan2								0.0104166666666667	FALSE
DOCK6	ENSG00000130158.14	1	1	0	0	0	429	Missense_Mutation	muse;mutect2;varscan2								0.0104166666666667	FALSE
DOK3	ENSG00000146094.15	1	1	0	0	0	72	Missense_Mutation	muse;mutect2;varscan2								0.0104166666666667	FALSE
DONSON	ENSG00000159147.18	1	1	1	1	0	501	Frame_Shift_Del	mutect2;pindel								0.0104166666666667	FALSE
DOP1B	ENSG00000142197.12	1	1	0	0	0	805	Missense_Mutation	muse;mutect2;varscan2								0.0104166666666667	FALSE
DOT1L	ENSG00000104885.18	1	1	0	0	0	538	Missense_Mutation	muse;mutect2;varscan2								0.0104166666666667	FALSE
DPCD	ENSG00000166171.13	1	1	0	0	0	24	Missense_Mutation	muse;mutect2;varscan2								0.0104166666666667	FALSE
DPEP3	ENSG00000141096.6	1	1	0	0	0	394	Missense_Mutation	muse;mutect2								0.0104166666666667	FALSE
DPF2	ENSG00000133884.10	1	1	0	0	0	209	Missense_Mutation	muse;mutect2;varscan2								0.0104166666666667	FALSE
DPH2	ENSG00000132768.14	1	1	0	0	0	32	Missense_Mutation	muse;mutect2								0.0104166666666667	FALSE
DPH5	ENSG00000117543.21	1	1	1	1	0	259	Frame_Shift_Del	mutect2;pindel;varscan2								0.0104166666666667	FALSE
DPP7	ENSG00000176978.14	1	1	0	0	0	209	Missense_Mutation	muse;mutect2;varscan2								0.0104166666666667	FALSE
DPPA2	ENSG00000163530.4	1	1	0	0	0	125	Missense_Mutation	muse;mutect2;varscan2								0.0104166666666667	FALSE
DPPA4	ENSG00000121570.12	1	1	0	0	0	130	Missense_Mutation	muse;mutect2;varscan2								0.0104166666666667	FALSE
DPRX	ENSG00000204595.1	1	1	0	0	0	72	Missense_Mutation	muse;mutect2;varscan2								0.0104166666666667	FALSE
DPY19L3	ENSG00000178904.19	1	1	0	0	0	146	Missense_Mutation	muse;mutect2;varscan2								0.0104166666666667	FALSE
DPYS	ENSG00000147647.13	1	1	0	0	0	226	Missense_Mutation	muse;varscan2								0.0104166666666667	FALSE
DQX1	ENSG00000144045.14	1	1	0	0	0	696	Missense_Mutation	muse;mutect2								0.0104166666666667	FALSE
DRC1	ENSG00000157856.12	1	1	1	1	0	504	Splice_Site	muse;varscan2								0.0104166666666667	FALSE
DRD2	ENSG00000149295.14	1	1	0	0	0	331	Missense_Mutation	muse;mutect2;varscan2								0.0104166666666667	FALSE
DRGX	ENSG00000165606.9	1	1	0	0	0	62	Missense_Mutation	muse;mutect2;varscan2								0.0104166666666667	FALSE
DROSHA	ENSG00000113360.16	1	1	0	0	0	1073	Missense_Mutation	muse;mutect2								0.0104166666666667	FALSE
DSE	ENSG00000111817.19	1	1	0	0	0	188	Missense_Mutation	muse;mutect2;varscan2								0.0104166666666667	FALSE
DSG2	ENSG00000046604.13	1	1	0	0	0	1107	Missense_Mutation	muse;mutect2;varscan2								0.0104166666666667	FALSE
DSG3	ENSG00000134757.5	1	1	0	0	0	28	Missense_Mutation	muse;mutect2								0.0104166666666667	FALSE
DSG4	ENSG00000175065.12	1	1	0	0	0	926	Missense_Mutation	muse;mutect2;varscan2								0.0104166666666667	FALSE
DSN1	ENSG00000149636.16	1	1	0	0	0	142	Missense_Mutation	muse;mutect2;varscan2								0.0104166666666667	FALSE
DTL	ENSG00000143476.18	1	1	0	0	0	246	Missense_Mutation	muse;mutect2;varscan2								0.0104166666666667	FALSE
DTNA	ENSG00000134769.21	1	1	0	0	0	3	Missense_Mutation	muse;mutect2;varscan2								0.0104166666666667	FALSE
DTNB	ENSG00000138101.19	1	1	0	0	0	588	Missense_Mutation	muse;mutect2;varscan2								0.0104166666666667	FALSE
DTX1	ENSG00000135144.7	1	1	0	0	0	569	Missense_Mutation	muse;mutect2;varscan2								0.0104166666666667	FALSE
DTX3L	ENSG00000163840.10	1	1	0	0	0	660	Missense_Mutation	muse;mutect2;varscan2								0.0104166666666667	FALSE
DUOX2	ENSG00000140279.13	1	1	0	0	0	584	Missense_Mutation	muse;varscan2								0.0104166666666667	FALSE
DUS2	ENSG00000167264.18	1	1	0	0	0	93	Missense_Mutation	muse;mutect2;varscan2								0.0104166666666667	FALSE
DUS3L	ENSG00000141994.16	1	1	0	0	0	362	Missense_Mutation	muse;mutect2;varscan2								0.0104166666666667	FALSE
DUS4L	ENSG00000105865.11	1	1	0	0	0	261	Missense_Mutation	muse;mutect2								0.0104166666666667	FALSE
DUS4L-BCAP29	ENSG00000288558.2	1	1	0	0	0	516	Missense_Mutation	muse;mutect2;varscan2								0.0104166666666667	FALSE
DUSP26	ENSG00000133878.9	1	1	1	1	0	186	Nonsense_Mutation	muse;mutect2;varscan2								0.0104166666666667	FALSE
DUSP29	ENSG00000188716.5	1	1	0	0	0	94	Missense_Mutation	muse;mutect2;varscan2								0.0104166666666667	FALSE
DUXA	ENSG00000258873.3	1	1	0	0	0	76	Missense_Mutation	mutect2;varscan2								0.0104166666666667	FALSE
DVL3	ENSG00000161202.20	1	1	0	0	0	83	Missense_Mutation	muse;mutect2;varscan2								0.0104166666666667	FALSE
DYNC1H1	ENSG00000197102.12	1	1	0	0	0	1008	Missense_Mutation	muse;mutect2;varscan2								0.0104166666666667	FALSE
DYNC1I1	ENSG00000158560.14	1	1	1	1	0	122	Splice_Site	muse;mutect2;varscan2								0.0104166666666667	FALSE
DYNC1I2	ENSG00000077380.16	1	1	0	0	0	377	Missense_Mutation	muse;mutect2;varscan2								0.0104166666666667	FALSE
DYRK1B	ENSG00000105204.14	1	1	0	0	0	166	Missense_Mutation	muse;mutect2;varscan2								0.0104166666666667	FALSE
DZIP3	ENSG00000198919.13	1	1	0	0	0	412	Missense_Mutation	muse;mutect2;varscan2								0.0104166666666667	FALSE
E2F1	ENSG00000101412.13	1	1	0	0	0	391	Missense_Mutation	muse;mutect2;varscan2								0.0104166666666667	FALSE
E2F3	ENSG00000112242.15	1	1	0	0	0	397	Missense_Mutation	muse;mutect2;varscan2								0.0104166666666667	FALSE
E2F5	ENSG00000133740.11	1	1	0	0	0	175	Missense_Mutation	muse;mutect2;varscan2								0.0104166666666667	FALSE
E2F6	ENSG00000169016.17	1	1	0	0	0	159	Missense_Mutation	muse;mutect2;varscan2								0.0104166666666667	FALSE
E2F8	ENSG00000129173.13	1	1	0	0	0	757	Missense_Mutation	muse;mutect2;varscan2								0.0104166666666667	FALSE
ECE1	ENSG00000117298.16	1	1	0	0	0	311	Missense_Mutation	muse;mutect2;varscan2								0.0104166666666667	FALSE
ECI1	ENSG00000167969.13	1	1	0	0	0	191	Missense_Mutation	muse;mutect2;varscan2								0.0104166666666667	FALSE
ECPAS	ENSG00000136813.14	1	1	0	0	0	1798	Missense_Mutation	muse;mutect2								0.0104166666666667	FALSE
ECRG4	ENSG00000119147.10	1	1	0	0	0	61	Missense_Mutation	muse;mutect2;varscan2								0.0104166666666667	FALSE
ECSIT	ENSG00000130159.14	1	1	0	0	0	427	Missense_Mutation	muse;mutect2;varscan2								0.0104166666666667	FALSE
EDC3	ENSG00000179151.13	1	1	0	0	0	469	Missense_Mutation	muse;mutect2								0.0104166666666667	FALSE
EDC4	ENSG00000038358.15	1	1	0	0	0	726	Missense_Mutation	muse;mutect2;varscan2								0.0104166666666667	FALSE
EDEM1	ENSG00000134109.11	1	1	0	0	0	217	Missense_Mutation	muse;mutect2;varscan2								0.0104166666666667	FALSE
EDEM2	ENSG00000088298.13	1	1	1	1	0	235	Splice_Site	muse;mutect2;varscan2								0.0104166666666667	FALSE
EEA1	ENSG00000102189.17	1	1	0	0	0	1402	Missense_Mutation	muse;mutect2;varscan2								0.0104166666666667	FALSE
EEF1G	ENSG00000254772.10	1	1	0	0	0	341	Missense_Mutation	muse;mutect2;varscan2								0.0104166666666667	FALSE
EEFSEC	ENSG00000132394.11	1	1	0	0	0	285	Missense_Mutation	muse;mutect2;varscan2								0.0104166666666667	FALSE
EFCAB1	ENSG00000034239.11	1	1	0	0	0	39	Missense_Mutation	muse;mutect2;varscan2								0.0104166666666667	FALSE
EFCAB3	ENSG00000172421.10	1	1	0	0	0	249	Missense_Mutation	muse;mutect2;varscan2								0.0104166666666667	FALSE
EFCAB6	ENSG00000186976.15	1	1	0	0	0	9	Missense_Mutation	muse;mutect2;varscan2								0.0104166666666667	FALSE
EFHC2	ENSG00000183690.13	1	1	0	0	0	330	Missense_Mutation	muse;mutect2;varscan2								0.0104166666666667	FALSE
EFNA1	ENSG00000169242.12	1	1	0	0	0	11	Missense_Mutation	muse;mutect2;varscan2								0.0104166666666667	FALSE
EFNB2	ENSG00000125266.8	1	1	0	0	0	21	Missense_Mutation	muse;mutect2;varscan2								0.0104166666666667	FALSE
EFR3A	ENSG00000132294.15	1	1	0	0	0	370	Missense_Mutation	muse;mutect2;varscan2								0.0104166666666667	FALSE
EFTUD2	ENSG00000108883.13	1	1	0	0	0	771	Missense_Mutation	muse;mutect2;varscan2								0.0104166666666667	FALSE
EGF	ENSG00000138798.13	1	1	0	0	0	701	Missense_Mutation	muse;mutect2;varscan2								0.0104166666666667	FALSE
EGFL6	ENSG00000198759.12	1	1	0	0	0	158	Missense_Mutation	muse;mutect2								0.0104166666666667	FALSE
EGFLAM	ENSG00000164318.18	1	1	0	0	0	784	Missense_Mutation	muse;mutect2;varscan2								0.0104166666666667	FALSE
EHD3	ENSG00000013016.16	1	1	0	0	0	184	Missense_Mutation	muse;mutect2;varscan2								0.0104166666666667	FALSE
EID2	ENSG00000176396.11	1	1	0	0	0	178	Missense_Mutation	muse;mutect2;varscan2								0.0104166666666667	FALSE
EIF1AY	ENSG00000198692.10	1	1	0	0	0	115	Missense_Mutation	muse;mutect2;varscan2								0.0104166666666667	FALSE
EIF2AK1	ENSG00000086232.13	1	1	1	1	0	573	Frame_Shift_Ins	mutect2;pindel;varscan2								0.0104166666666667	FALSE
EIF2S3	ENSG00000130741.11	1	1	0	0	0	65	Missense_Mutation	muse;mutect2;varscan2								0.0104166666666667	FALSE
EIF3A	ENSG00000107581.13	1	1	0	0	0	1309	Missense_Mutation	muse;mutect2;varscan2								0.0104166666666667	FALSE
EIF3G	ENSG00000130811.12	1	1	0	0	0	317	Missense_Mutation	muse;mutect2;varscan2								0.0104166666666667	FALSE
EIF3J	ENSG00000104131.13	1	1	0	0	0	94	Missense_Mutation	muse;mutect2;varscan2								0.0104166666666667	FALSE
EIF3K	ENSG00000178982.10	1	1	0	0	0	148	Missense_Mutation	muse;mutect2;varscan2								0.0104166666666667	FALSE
EIF4A2	ENSG00000156976.17	1	1	0	0	0	407	Missense_Mutation	muse;mutect2;varscan2								0.0104166666666667	FALSE
EIF4A3	ENSG00000141543.12	1	1	0	0	0	77	Missense_Mutation	muse;mutect2;varscan2								0.0104166666666667	FALSE
EIF4H	ENSG00000106682.15	1	1	0	0	0	9	Missense_Mutation	muse;mutect2;varscan2								0.0104166666666667	FALSE
EIF6	ENSG00000242372.9	1	1	0	0	0	102	Missense_Mutation	muse;mutect2;varscan2								0.0104166666666667	FALSE
EIPR1	ENSG00000032389.13	1	1	0	0	0	330	Missense_Mutation	muse;mutect2;varscan2								0.0104166666666667	FALSE
ELAVL3	ENSG00000196361.10	1	1	1	1	0	16	Frame_Shift_Del	mutect2;varscan2								0.0104166666666667	FALSE
ELAVL4	ENSG00000162374.18	1	1	0	0	0	66	Missense_Mutation	muse;mutect2								0.0104166666666667	FALSE
ELF2	ENSG00000109381.20	1	1	0	0	0	379	Missense_Mutation	muse;mutect2;varscan2								0.0104166666666667	FALSE
ELK3	ENSG00000111145.8	1	1	0	0	0	170	Missense_Mutation	muse;mutect2;varscan2								0.0104166666666667	FALSE
ELN	ENSG00000049540.18	1	1	1	1	0	472	Splice_Site	muse;mutect2								0.0104166666666667	FALSE
ELOA2	ENSG00000206181.6	1	1	0	0	0	130	Missense_Mutation	muse;mutect2;varscan2								0.0104166666666667	FALSE
ELOVL1	ENSG00000066322.15	1	1	0	0	0	87	Missense_Mutation	muse;mutect2;varscan2								0.0104166666666667	FALSE
ELOVL5	ENSG00000012660.14	1	1	0	0	0	119	Missense_Mutation	muse;mutect2								0.0104166666666667	FALSE
ELOVL6	ENSG00000170522.10	1	1	0	0	0	186	Missense_Mutation	muse;mutect2;varscan2								0.0104166666666667	FALSE
ELOVL7	ENSG00000164181.14	1	1	1	1	0	203	Nonsense_Mutation	muse;mutect2								0.0104166666666667	FALSE
ELP4	ENSG00000109911.19	1	1	0	0	0	165	Missense_Mutation	muse;mutect2;varscan2								0.0104166666666667	FALSE
ELP5	ENSG00000170291.15	1	1	0	0	0	39	Missense_Mutation	muse;mutect2;varscan2								0.0104166666666667	FALSE
ELP6	ENSG00000163832.16	1	1	0	0	0	94	Missense_Mutation	muse;mutect2;varscan2								0.0104166666666667	FALSE
EMB	ENSG00000170571.12	1	1	0	0	0	12	Missense_Mutation	muse;mutect2;varscan2								0.0104166666666667	FALSE
EMC3	ENSG00000125037.12	1	1	1	1	0	130	Frame_Shift_Ins	mutect2;pindel;varscan2								0.0104166666666667	FALSE
EMILIN2	ENSG00000132205.11	1	1	0	0	0	598	Missense_Mutation	muse;mutect2;varscan2								0.0104166666666667	FALSE
EMILIN3	ENSG00000183798.5	1	1	0	0	0	580	Missense_Mutation	muse;mutect2								0.0104166666666667	FALSE
EML2	ENSG00000125746.18	1	1	0	0	0	241	Missense_Mutation	muse;mutect2;varscan2								0.0104166666666667	FALSE
EMP1	ENSG00000134531.10	1	1	1	1	0	1	Frame_Shift_Ins	mutect2;pindel;varscan2								0.0104166666666667	FALSE
EMSY	ENSG00000158636.16	1	1	0	0	0	1119	Missense_Mutation	muse;mutect2;varscan2								0.0104166666666667	FALSE
EN1	ENSG00000163064.7	1	1	0	0	0	319	Missense_Mutation	muse;mutect2;varscan2								0.0104166666666667	FALSE
ENAM	ENSG00000132464.13	1	1	0	0	0	457	Missense_Mutation	muse;mutect2;varscan2								0.0104166666666667	FALSE
ENC1	ENSG00000171617.14	1	1	0	0	0	418	Missense_Mutation	muse;mutect2;varscan2								0.0104166666666667	FALSE
ENGASE	ENSG00000167280.17	1	1	0	0	0	673	Missense_Mutation	muse;mutect2;varscan2								0.0104166666666667	FALSE
ENO1	ENSG00000074800.16	1	1	0	0	0	85	Missense_Mutation	muse;mutect2;varscan2								0.0104166666666667	FALSE
ENOX2	ENSG00000165675.16	1	1	0	0	0	219	Missense_Mutation	muse;mutect2;varscan2								0.0104166666666667	FALSE
ENPEP	ENSG00000138792.10	1	1	0	0	0	54	Missense_Mutation	muse;mutect2;varscan2								0.0104166666666667	FALSE
ENPP3	ENSG00000154269.15	1	1	0	0	0	695	Missense_Mutation	muse;mutect2;varscan2								0.0104166666666667	FALSE
ENPP4	ENSG00000001561.7	1	1	0	0	0	161	Missense_Mutation	muse;mutect2;varscan2								0.0104166666666667	FALSE
ENPP7	ENSG00000182156.10	1	1	0	0	0	92	Missense_Mutation	muse;mutect2;varscan2								0.0104166666666667	FALSE
ENTPD1	ENSG00000138185.20	1	1	1	1	0	153	Nonsense_Mutation	muse;mutect2;varscan2								0.0104166666666667	FALSE
ENTPD6	ENSG00000197586.13	1	1	0	0	0	305	Missense_Mutation	muse;mutect2;varscan2								0.0104166666666667	FALSE
EPB41	ENSG00000159023.22	1	1	1	1	0	546	Splice_Site	muse;mutect2;varscan2								0.0104166666666667	FALSE
EPB41L3	ENSG00000082397.17	1	1	1	1	0	722	Nonsense_Mutation	muse;mutect2;varscan2								0.0104166666666667	FALSE
EPB41L4A	ENSG00000129595.14	1	1	0	0	0	424	Missense_Mutation	muse;mutect2;varscan2								0.0104166666666667	FALSE
EPB41L5	ENSG00000115109.14	1	1	0	0	0	67	Missense_Mutation	muse;mutect2;varscan2								0.0104166666666667	FALSE
EPHA10	ENSG00000183317.17	1	1	0	0	0	457	Missense_Mutation	muse;mutect2;varscan2								0.0104166666666667	FALSE
EPHA4	ENSG00000116106.12	1	1	0	0	0	43	Missense_Mutation	muse;mutect2;varscan2								0.0104166666666667	FALSE
EPHA7	ENSG00000135333.14	1	1	0	0	0	854	Missense_Mutation	muse;mutect2;varscan2								0.0104166666666667	FALSE
EPHB1	ENSG00000154928.18	1	1	0	0	0	478	Missense_Mutation	muse;mutect2;varscan2								0.0104166666666667	FALSE
EPHB2	ENSG00000133216.17	1	1	0	0	0	369	In_Frame_Del	mutect2;pindel								0.0104166666666667	FALSE
EPHB6	ENSG00000106123.12	1	1	0	0	0	58	Missense_Mutation	muse;mutect2;varscan2								0.0104166666666667	FALSE
EPS15	ENSG00000085832.17	1	1	0	0	0	661	Missense_Mutation	muse;varscan2								0.0104166666666667	FALSE
EPS8	ENSG00000151491.14	1	1	0	0	0	741	Missense_Mutation	muse;mutect2;varscan2								0.0104166666666667	FALSE
ERBB3	ENSG00000065361.16	1	1	0	0	0	1066	Missense_Mutation	muse;mutect2;varscan2								0.0104166666666667	FALSE
ERBB4	ENSG00000178568.15	1	1	1	1	0	1305	Frame_Shift_Del	mutect2;pindel;varscan2								0.0104166666666667	FALSE
ERCC1	ENSG00000012061.16	1	1	0	0	0	162	Missense_Mutation	muse;mutect2;varscan2								0.0104166666666667	FALSE
ERCC2	ENSG00000104884.16	1	1	0	0	0	441	Missense_Mutation	muse;mutect2;varscan2								0.0104166666666667	FALSE
ERCC4	ENSG00000175595.15	1	1	1	1	0	604	Splice_Site	muse;mutect2;varscan2								0.0104166666666667	FALSE
ERG	ENSG00000157554.19	1	1	0	0	0	485	Missense_Mutation	muse;mutect2								0.0104166666666667	FALSE
ERI2	ENSG00000196678.14	1	1	0	0	0	26	Missense_Mutation	muse;mutect2								0.0104166666666667	FALSE
ERMARD	ENSG00000130023.16	1	1	0	0	0	18	Missense_Mutation	muse;mutect2;varscan2								0.0104166666666667	FALSE
ERO1B	ENSG00000086619.14	1	1	0	0	0	186	Missense_Mutation	muse;mutect2;varscan2								0.0104166666666667	FALSE
ERP27	ENSG00000139055.7	1	1	1	1	0	155	Frame_Shift_Del	mutect2;pindel;varscan2								0.0104166666666667	FALSE
ERP44	ENSG00000023318.8	1	1	1	1	0	395	Frame_Shift_Del	mutect2;pindel;varscan2								0.0104166666666667	FALSE
ESCO1	ENSG00000141446.11	1	1	1	1	0	439	Frame_Shift_Del	mutect2;pindel;varscan2								0.0104166666666667	FALSE
ESPNL	ENSG00000144488.15	1	1	0	0	0	934	Missense_Mutation	muse;mutect2;varscan2								0.0104166666666667	FALSE
ESR2	ENSG00000140009.18	1	1	0	0	0	145	Missense_Mutation	muse;mutect2;varscan2								0.0104166666666667	FALSE
ESRRG	ENSG00000196482.18	1	1	1	1	0	17	Nonsense_Mutation	muse;mutect2;varscan2								0.0104166666666667	FALSE
ESYT1	ENSG00000139641.13	1	1	0	0	0	966	Missense_Mutation	muse;mutect2								0.0104166666666667	FALSE
ESYT3	ENSG00000158220.14	1	1	1	1	0	317	Nonsense_Mutation	muse;mutect2;varscan2								0.0104166666666667	FALSE
ETAA1	ENSG00000143971.9	1	1	1	1	0	110	Frame_Shift_Del	mutect2;pindel;varscan2								0.0104166666666667	FALSE
ETV5	ENSG00000244405.8	1	1	0	0	0	491	Missense_Mutation	muse;mutect2;varscan2								0.0104166666666667	FALSE
EXD1	ENSG00000178997.11	1	1	0	0	0	391	Missense_Mutation	muse;mutect2;varscan2								0.0104166666666667	FALSE
EXD2	ENSG00000081177.18	1	1	0	0	0	334	Missense_Mutation	muse;mutect2;varscan2								0.0104166666666667	FALSE
EXO1	ENSG00000174371.17	1	1	0	0	0	69	Missense_Mutation	muse;mutect2;varscan2								0.0104166666666667	FALSE
EXOC6	ENSG00000138190.17	1	1	0	0	0	362	Missense_Mutation	muse;mutect2;varscan2								0.0104166666666667	FALSE
EXOC6B	ENSG00000144036.16	1	1	0	0	0	706	Missense_Mutation	muse;mutect2;varscan2								0.0104166666666667	FALSE
EXOC7	ENSG00000182473.22	1	1	0	0	0	102	Missense_Mutation	muse;mutect2;varscan2								0.0104166666666667	FALSE
EYA1	ENSG00000104313.20	1	1	1	1	0	450	Frame_Shift_Ins	mutect2;pindel								0.0104166666666667	FALSE
EZHIP	ENSG00000187690.4	1	1	0	0	0	348	Missense_Mutation	muse;mutect2								0.0104166666666667	FALSE
F10	ENSG00000126218.12	1	1	0	0	0	346	Missense_Mutation	muse;mutect2;varscan2								0.0104166666666667	FALSE
F2RL3	ENSG00000127533.4	1	1	0	0	0	33	Missense_Mutation	muse;mutect2;varscan2								0.0104166666666667	FALSE
F7	ENSG00000057593.14	1	1	0	0	0	72	Missense_Mutation	muse;mutect2;varscan2								0.0104166666666667	FALSE
F8	ENSG00000185010.15	1	1	0	0	0	1316	Missense_Mutation	muse;mutect2								0.0104166666666667	FALSE
FAAH2	ENSG00000165591.6	1	1	0	0	0	356	Missense_Mutation	muse;mutect2;varscan2								0.0104166666666667	FALSE
FABP4	ENSG00000170323.9	1	1	0	0	0	126	Missense_Mutation	muse;mutect2;varscan2								0.0104166666666667	FALSE
FADS1	ENSG00000149485.19	1	1	0	0	0	432	Missense_Mutation	muse;mutect2								0.0104166666666667	FALSE
FADS3	ENSG00000221968.9	1	1	0	0	0	249	Missense_Mutation	muse;mutect2;varscan2								0.0104166666666667	FALSE
FAF1	ENSG00000185104.20	1	1	1	1	0	144	Frame_Shift_Del	mutect2;pindel;varscan2								0.0104166666666667	FALSE
FAF2	ENSG00000113194.13	1	1	0	0	0	227	Missense_Mutation	muse;mutect2								0.0104166666666667	FALSE
FAIM	ENSG00000158234.12	1	1	0	0	0	64	Missense_Mutation	muse;mutect2;varscan2								0.0104166666666667	FALSE
FAM107B	ENSG00000065809.13	1	1	0	0	0	75	Missense_Mutation	muse;mutect2								0.0104166666666667	FALSE
FAM111A	ENSG00000166801.16	1	1	1	1	0	490	Nonsense_Mutation	muse;mutect2;varscan2								0.0104166666666667	FALSE
FAM114A2	ENSG00000055147.19	1	1	0	0	0	394	Missense_Mutation	muse;mutect2;varscan2								0.0104166666666667	FALSE
FAM120B	ENSG00000112584.14	1	1	0	0	0	427	Missense_Mutation	muse;mutect2;varscan2								0.0104166666666667	FALSE
FAM120C	ENSG00000184083.12	1	1	0	0	0	739	Missense_Mutation	muse;mutect2;varscan2								0.0104166666666667	FALSE
FAM124A	ENSG00000150510.17	1	1	0	0	0	156	Missense_Mutation	mutect2;varscan2								0.0104166666666667	FALSE
FAM126B	ENSG00000155744.9	1	1	0	0	0	347	Missense_Mutation	muse;mutect2;varscan2								0.0104166666666667	FALSE
FAM131A	ENSG00000175182.15	1	1	0	0	0	313	Missense_Mutation	muse;mutect2;varscan2								0.0104166666666667	FALSE
FAM133A	ENSG00000179083.6	1	1	0	0	0	154	Missense_Mutation	muse;mutect2;varscan2								0.0104166666666667	FALSE
FAM13B	ENSG00000031003.10	1	1	0	0	0	895	Missense_Mutation	muse;mutect2;varscan2								0.0104166666666667	FALSE
FAM149A	ENSG00000109794.13	1	1	0	0	0	509	Missense_Mutation	muse;mutect2;varscan2								0.0104166666666667	FALSE
FAM153B	ENSG00000182230.12	1	1	0	0	0	76	Missense_Mutation	mutect2;varscan2								0.0104166666666667	FALSE
FAM160A2	ENSG00000051009.11	1	1	0	0	0	663	Missense_Mutation	muse;mutect2;varscan2								0.0104166666666667	FALSE
FAM166B	ENSG00000215187.12	1	1	0	0	0	91	Missense_Mutation	muse;mutect2;varscan2								0.0104166666666667	FALSE
FAM167B	ENSG00000183615.6	1	1	0	0	0	52	Missense_Mutation	muse;mutect2								0.0104166666666667	FALSE
FAM170A	ENSG00000164334.15	1	1	0	0	0	271	Missense_Mutation	muse;mutect2;varscan2								0.0104166666666667	FALSE
FAM171B	ENSG00000144369.13	1	1	0	0	0	272	Missense_Mutation	muse;mutect2;varscan2								0.0104166666666667	FALSE
FAM184A	ENSG00000111879.20	1	1	0	0	0	989	Missense_Mutation	muse;mutect2;varscan2								0.0104166666666667	FALSE
FAM199X	ENSG00000123575.9	1	1	0	0	0	306	Missense_Mutation	muse;mutect2;varscan2								0.0104166666666667	FALSE
FAM200A	ENSG00000221909.3	1	1	0	0	0	72	Missense_Mutation	muse;mutect2;varscan2								0.0104166666666667	FALSE
FAM20B	ENSG00000116199.12	1	1	0	0	0	335	Missense_Mutation	muse;mutect2;varscan2								0.0104166666666667	FALSE
FAM217A	ENSG00000145975.15	1	1	0	0	0	98	Missense_Mutation	muse;mutect2;varscan2								0.0104166666666667	FALSE
FAM219B	ENSG00000178761.15	1	1	0	0	0	91	Missense_Mutation	muse;mutect2;varscan2								0.0104166666666667	FALSE
FAM220A	ENSG00000178397.13	1	1	0	0	0	17	Missense_Mutation	muse;mutect2;varscan2								0.0104166666666667	FALSE
FAM3D	ENSG00000198643.7	1	1	1	1	0	49	Splice_Site	muse;mutect2;varscan2								0.0104166666666667	FALSE
FAM43B	ENSG00000183114.8	1	1	0	0	0	35	Missense_Mutation	muse;mutect2;varscan2								0.0104166666666667	FALSE
FAM71A	ENSG00000162771.8	1	1	0	0	0	195	Missense_Mutation	muse;mutect2;varscan2								0.0104166666666667	FALSE
FAM71B	ENSG00000170613.4	1	1	0	0	0	102	Missense_Mutation	muse;mutect2;varscan2								0.0104166666666667	FALSE
FAM71C	ENSG00000180219.2	1	1	0	0	0	47	Missense_Mutation	muse;mutect2								0.0104166666666667	FALSE
FAM83B	ENSG00000168143.9	1	1	0	0	0	196	Missense_Mutation	muse;mutect2;varscan2								0.0104166666666667	FALSE
FAM83E	ENSG00000105523.3	1	1	0	0	0	216	Missense_Mutation	muse;mutect2;varscan2								0.0104166666666667	FALSE
FAM83F	ENSG00000133477.17	1	1	1	1	0	406	Frame_Shift_Ins	mutect2;pindel;varscan2								0.0104166666666667	FALSE
FAM91A1	ENSG00000176853.16	1	1	0	0	0	159	Missense_Mutation	muse;mutect2;varscan2								0.0104166666666667	FALSE
FAM9A	ENSG00000183304.10	1	1	1	1	0	277	Splice_Site	muse;mutect2;varscan2								0.0104166666666667	FALSE
FAM9B	ENSG00000177138.17	1	1	0	0	0	119	Missense_Mutation	muse;mutect2;varscan2								0.0104166666666667	FALSE
FANCA	ENSG00000187741.15	1	1	0	0	0	940	Missense_Mutation	muse;mutect2;varscan2								0.0104166666666667	FALSE
FANCB	ENSG00000181544.15	1	1	0	0	0	542	Missense_Mutation	muse;mutect2								0.0104166666666667	FALSE
FANCF	ENSG00000183161.6	1	1	0	0	0	109	Missense_Mutation	muse;mutect2;varscan2								0.0104166666666667	FALSE
FANCM	ENSG00000187790.11	1	1	0	0	0	383	Missense_Mutation	muse;mutect2;varscan2								0.0104166666666667	FALSE
FAR1	ENSG00000197601.13	1	1	0	0	0	443	Missense_Mutation	muse;mutect2;varscan2								0.0104166666666667	FALSE
FARSA	ENSG00000179115.11	1	1	1	1	0	95	Frame_Shift_Ins	mutect2;pindel;varscan2								0.0104166666666667	FALSE
FASLG	ENSG00000117560.8	1	1	1	1	0	155	Nonsense_Mutation	muse;mutect2;varscan2								0.0104166666666667	FALSE
FASN	ENSG00000169710.9	1	1	0	0	0	2476	Missense_Mutation	muse;mutect2;varscan2								0.0104166666666667	FALSE
FASTK	ENSG00000164896.20	1	1	0	0	0	48	Missense_Mutation	muse;mutect2;varscan2								0.0104166666666667	FALSE
FATE1	ENSG00000147378.11	1	1	0	0	0	26	Missense_Mutation	muse;mutect2;varscan2								0.0104166666666667	FALSE
FAXC	ENSG00000146267.12	1	1	0	0	0	352	Missense_Mutation	muse;mutect2								0.0104166666666667	FALSE
FBF1	ENSG00000188878.19	1	1	0	0	0	691	Missense_Mutation	muse;mutect2;varscan2								0.0104166666666667	FALSE
FBH1	ENSG00000134452.20	1	1	0	0	0	424	Missense_Mutation	muse;mutect2;varscan2								0.0104166666666667	FALSE
FBLN2	ENSG00000163520.14	1	1	0	0	0	1109	Missense_Mutation	muse;mutect2;varscan2								0.0104166666666667	FALSE
FBXL13	ENSG00000161040.16	1	1	0	0	0	677	Missense_Mutation	muse;mutect2;varscan2								0.0104166666666667	FALSE
FBXL16	ENSG00000127585.12	1	1	0	0	0	169	Missense_Mutation	muse;mutect2;varscan2								0.0104166666666667	FALSE
FBXL22	ENSG00000197361.8	1	1	0	0	0	32	Missense_Mutation	muse;mutect2;varscan2								0.0104166666666667	FALSE
FBXL6	ENSG00000182325.11	1	1	0	0	0	347	Missense_Mutation	muse;mutect2;varscan2								0.0104166666666667	FALSE
FBXL7	ENSG00000183580.10	1	1	0	0	0	198	Missense_Mutation	muse;mutect2;varscan2								0.0104166666666667	FALSE
FBXO11	ENSG00000138081.21	1	1	1	1	0	732	Frame_Shift_Ins	mutect2;pindel								0.0104166666666667	FALSE
FBXO21	ENSG00000135108.15	1	1	0	0	0	511	Missense_Mutation	muse;mutect2;varscan2								0.0104166666666667	FALSE
FBXO40	ENSG00000163833.8	1	1	0	0	0	337	Missense_Mutation	muse;mutect2;varscan2								0.0104166666666667	FALSE
FBXO41	ENSG00000163013.12	1	1	0	0	0	622	Missense_Mutation	muse;mutect2;varscan2								0.0104166666666667	FALSE
FBXO47	ENSG00000204952.3	1	1	0	0	0	435	In_Frame_Del	mutect2;pindel;varscan2								0.0104166666666667	FALSE
FBXO9	ENSG00000112146.17	1	1	0	0	0	370	Missense_Mutation	muse;mutect2;varscan2								0.0104166666666667	FALSE
FCAMR	ENSG00000162897.16	1	1	0	0	0	74	Missense_Mutation	muse;mutect2;varscan2								0.0104166666666667	FALSE
FCGR3A	ENSG00000203747.12	1	1	0	0	0	56	Missense_Mutation	muse;mutect2								0.0104166666666667	FALSE
FCGR3B	ENSG00000162747.12	1	1	0	0	0	174	Missense_Mutation	muse;mutect2								0.0104166666666667	FALSE
FCHSD2	ENSG00000137478.15	1	1	0	0	0	170	Missense_Mutation	muse;mutect2								0.0104166666666667	FALSE
FCN2	ENSG00000160339.16	1	1	0	0	0	262	Missense_Mutation	muse;mutect2;varscan2								0.0104166666666667	FALSE
FCRL1	ENSG00000163534.15	1	1	0	0	0	118	Missense_Mutation	muse;mutect2;varscan2								0.0104166666666667	FALSE
FCRL5	ENSG00000143297.19	1	1	0	0	0	348	Missense_Mutation	muse;mutect2;varscan2								0.0104166666666667	FALSE
FCRL6	ENSG00000181036.14	1	1	0	0	0	5	Missense_Mutation	muse;mutect2;varscan2								0.0104166666666667	FALSE
FCSK	ENSG00000157353.17	1	1	0	0	0	1008	Missense_Mutation	muse;mutect2								0.0104166666666667	FALSE
FDFT1	ENSG00000079459.13	1	1	0	0	0	65	Missense_Mutation	muse;mutect2								0.0104166666666667	FALSE
FEM1B	ENSG00000169018.6	1	1	0	0	0	192	Missense_Mutation	muse;mutect2;varscan2								0.0104166666666667	FALSE
FEM1C	ENSG00000145780.8	1	1	0	0	0	469	Missense_Mutation	muse;mutect2;varscan2								0.0104166666666667	FALSE
FER1L5	ENSG00000249715.12	1	1	0	0	0	1849	Missense_Mutation	muse;mutect2								0.0104166666666667	FALSE
FERMT1	ENSG00000101311.16	1	1	0	0	0	463	Missense_Mutation	muse;mutect2;varscan2								0.0104166666666667	FALSE
FEZ1	ENSG00000149557.14	1	1	0	0	0	186	In_Frame_Del	pindel;varscan2								0.0104166666666667	FALSE
FFAR3	ENSG00000185897.7	1	1	0	0	0	40	Missense_Mutation	muse;mutect2;varscan2								0.0104166666666667	FALSE
FGD2	ENSG00000146192.15	1	1	0	0	0	382	Missense_Mutation	muse;mutect2								0.0104166666666667	FALSE
FGD4	ENSG00000139132.14	1	1	0	0	0	248	Missense_Mutation	muse;mutect2;varscan2								0.0104166666666667	FALSE
FGD6	ENSG00000180263.14	1	1	0	0	0	1373	Missense_Mutation	muse;mutect2;varscan2								0.0104166666666667	FALSE
FGF13	ENSG00000129682.16	1	1	0	0	0	167	Missense_Mutation	muse;mutect2;varscan2								0.0104166666666667	FALSE
FGF14	ENSG00000102466.16	1	1	0	0	0	60	Missense_Mutation	muse;mutect2;varscan2								0.0104166666666667	FALSE
FGF5	ENSG00000138675.16	1	1	0	0	0	108	Missense_Mutation	muse;mutect2								0.0104166666666667	FALSE
FGFR4	ENSG00000160867.15	1	1	0	0	0	171	Missense_Mutation	muse;mutect2;varscan2								0.0104166666666667	FALSE
FGL1	ENSG00000104760.17	1	1	0	0	0	110	Missense_Mutation	muse;mutect2								0.0104166666666667	FALSE
FHIT	ENSG00000189283.10	1	1	1	1	0	84	Splice_Site	muse;mutect2;varscan2								0.0104166666666667	FALSE
FIG4	ENSG00000112367.12	1	1	1	1	0	774	Nonsense_Mutation	muse;mutect2;varscan2								0.0104166666666667	FALSE
FIGNL1	ENSG00000132436.11	1	1	0	0	0	449	Missense_Mutation	mutect2;varscan2								0.0104166666666667	FALSE
FILIP1	ENSG00000118407.15	1	1	0	0	0	409	Missense_Mutation	muse;mutect2;varscan2								0.0104166666666667	FALSE
FILIP1L	ENSG00000168386.18	1	1	0	0	0	864	Missense_Mutation	muse;mutect2;varscan2								0.0104166666666667	FALSE
FIP1L1	ENSG00000145216.16	1	1	0	0	0	87	Missense_Mutation	muse;mutect2;varscan2								0.0104166666666667	FALSE
FITM1	ENSG00000139914.6	1	1	0	0	0	102	Missense_Mutation	muse;mutect2;varscan2								0.0104166666666667	FALSE
FKBP4	ENSG00000004478.8	1	1	0	0	0	225	Missense_Mutation	muse;mutect2;varscan2								0.0104166666666667	FALSE
FKBP5	ENSG00000096060.15	1	1	0	0	0	99	Missense_Mutation	muse;mutect2;varscan2								0.0104166666666667	FALSE
FKBP7	ENSG00000079150.18	1	1	1	1	0	223	Nonstop_Mutation	muse;mutect2;varscan2								0.0104166666666667	FALSE
FLAD1	ENSG00000160688.19	1	1	0	0	0	220	Missense_Mutation	muse;mutect2;varscan2								0.0104166666666667	FALSE
FLCN	ENSG00000154803.13	1	1	0	0	0	350	Missense_Mutation	muse;mutect2;varscan2								0.0104166666666667	FALSE
FLG2	ENSG00000143520.6	1	1	0	0	0	1105	Missense_Mutation	muse;mutect2;varscan2								0.0104166666666667	FALSE
FLI1	ENSG00000151702.17	1	1	0	0	0	217	Missense_Mutation	muse;mutect2;varscan2								0.0104166666666667	FALSE
FLNA	ENSG00000196924.19	1	1	1	1	0	1042	Nonsense_Mutation	muse;mutect2;varscan2								0.0104166666666667	FALSE
FLNB	ENSG00000136068.15	1	1	0	0	0	513	Missense_Mutation	muse;mutect2;varscan2								0.0104166666666667	FALSE
FLRT1	ENSG00000126500.3	1	1	0	0	0	596	Missense_Mutation	muse;mutect2								0.0104166666666667	FALSE
FLRT3	ENSG00000125848.10	1	1	0	0	0	614	Missense_Mutation	muse;mutect2;varscan2								0.0104166666666667	FALSE
FLT3LG	ENSG00000090554.13	1	1	1	1	0	74	Nonsense_Mutation	muse;mutect2;varscan2								0.0104166666666667	FALSE
FLVCR1	ENSG00000162769.13	1	1	0	0	0	471	Splice_Region	muse;mutect2;varscan2								0.0104166666666667	FALSE
FLVCR2	ENSG00000119686.10	1	1	0	0	0	28	Missense_Mutation	muse;mutect2;varscan2								0.0104166666666667	FALSE
FMO3	ENSG00000007933.13	1	1	0	0	0	460	Missense_Mutation	muse;mutect2;varscan2								0.0104166666666667	FALSE
FMO4	ENSG00000076258.10	1	1	0	0	0	377	Missense_Mutation	muse;varscan2								0.0104166666666667	FALSE
FMOD	ENSG00000122176.12	1	1	1	1	0	310	Frame_Shift_Del	mutect2;pindel;varscan2								0.0104166666666667	FALSE
FNBP1	ENSG00000187239.17	1	1	0	0	0	291	Missense_Mutation	muse;mutect2;varscan2								0.0104166666666667	FALSE
FNDC8	ENSG00000073598.6	1	1	0	0	0	278	Missense_Mutation	muse;mutect2								0.0104166666666667	FALSE
FOCAD	ENSG00000188352.12	1	1	0	0	0	1612	Missense_Mutation	muse;mutect2;varscan2								0.0104166666666667	FALSE
FOLR1	ENSG00000110195.14	1	1	0	0	0	128	Missense_Mutation	muse;mutect2;varscan2								0.0104166666666667	FALSE
FOLR3	ENSG00000110203.9	1	1	0	0	0	130	Missense_Mutation	muse;mutect2;varscan2								0.0104166666666667	FALSE
FOXA3	ENSG00000170608.3	1	1	0	0	0	308	Missense_Mutation	muse;mutect2;varscan2								0.0104166666666667	FALSE
FOXB2	ENSG00000204612.1	1	1	0	0	0	94	Missense_Mutation	muse;mutect2;varscan2								0.0104166666666667	FALSE
FOXC1	ENSG00000054598.9	1	1	0	0	0	98	In_Frame_Del	pindel;varscan2								0.0104166666666667	FALSE
FOXD2	ENSG00000186564.6	1	1	0	0	0	195	Missense_Mutation	muse;mutect2;varscan2								0.0104166666666667	FALSE
FOXD4L5	ENSG00000204779.2	1	1	0	0	0	280	Missense_Mutation	mutect2;varscan2								0.0104166666666667	FALSE
FOXD4L6	ENSG00000273514.1	1	1	0	0	0	288	Missense_Mutation	mutect2;varscan2								0.0104166666666667	FALSE
FOXF1	ENSG00000103241.7	1	1	0	0	0	133	Missense_Mutation	muse;mutect2;varscan2								0.0104166666666667	FALSE
FOXJ2	ENSG00000065970.9	1	1	0	0	0	152	Missense_Mutation	muse;mutect2;varscan2								0.0104166666666667	FALSE
FOXL2NB	ENSG00000206262.9	1	1	0	0	0	109	Missense_Mutation	muse;mutect2;varscan2								0.0104166666666667	FALSE
FOXN2	ENSG00000170802.16	1	1	0	0	0	265	Missense_Mutation	muse;mutect2;varscan2								0.0104166666666667	FALSE
FOXO1	ENSG00000150907.10	1	1	0	0	0	332	Missense_Mutation	muse;mutect2								0.0104166666666667	FALSE
FOXP2	ENSG00000128573.26	1	1	1	1	0	668	Splice_Site	muse;mutect2;varscan2								0.0104166666666667	FALSE
FOXP3	ENSG00000049768.16	1	1	0	0	0	369	Missense_Mutation	muse;mutect2;varscan2								0.0104166666666667	FALSE
FOXR2	ENSG00000189299.7	1	1	0	0	0	119	Missense_Mutation	muse;mutect2;varscan2								0.0104166666666667	FALSE
FOXRED2	ENSG00000100350.15	1	1	0	0	0	116	Missense_Mutation	muse;mutect2;varscan2								0.0104166666666667	FALSE
FRAS1	ENSG00000138759.19	1	1	0	0	0	3804	Missense_Mutation	muse;mutect2;varscan2								0.0104166666666667	FALSE
FRAT1	ENSG00000165879.9	1	1	0	0	0	216	Missense_Mutation	muse;mutect2;varscan2								0.0104166666666667	FALSE
FREM1	ENSG00000164946.20	1	1	0	0	0	1919	Missense_Mutation	muse;mutect2;varscan2								0.0104166666666667	FALSE
FRG2C	ENSG00000172969.7	1	1	0	0	0	232	Missense_Mutation	muse;mutect2;varscan2								0.0104166666666667	FALSE
FRMD3	ENSG00000172159.16	1	1	0	0	0	149	Missense_Mutation	muse;mutect2								0.0104166666666667	FALSE
FRMPD1	ENSG00000070601.10	1	1	0	0	0	558	Missense_Mutation	muse;mutect2;varscan2								0.0104166666666667	FALSE
FRMPD3	ENSG00000147234.10	1	1	0	0	0	321	Missense_Mutation	muse;varscan2								0.0104166666666667	FALSE
FRMPD4	ENSG00000169933.16	1	1	0	0	0	624	Missense_Mutation	muse;mutect2								0.0104166666666667	FALSE
FRRS1	ENSG00000156869.14	1	1	0	0	0	118	Missense_Mutation	muse;mutect2;varscan2								0.0104166666666667	FALSE
FRS3	ENSG00000137218.10	1	1	0	0	0	430	Missense_Mutation	muse;mutect2								0.0104166666666667	FALSE
FSD1	ENSG00000105255.11	1	1	0	0	0	377	Missense_Mutation	muse;mutect2;varscan2								0.0104166666666667	FALSE
FSHR	ENSG00000170820.12	1	1	0	0	0	42	Missense_Mutation	muse;mutect2;varscan2								0.0104166666666667	FALSE
FSTL4	ENSG00000053108.17	1	1	1	1	0	1	Translation_Start_Site	muse;mutect2								0.0104166666666667	FALSE
FTH1	ENSG00000167996.16	1	1	0	0	0	17	Missense_Mutation	muse;mutect2;varscan2								0.0104166666666667	FALSE
FTSJ3	ENSG00000108592.17	1	1	1	1	0	97	Frame_Shift_Del	mutect2;pindel;varscan2								0.0104166666666667	FALSE
FUCA2	ENSG00000001036.14	1	1	0	0	0	125	Missense_Mutation	muse;mutect2;varscan2								0.0104166666666667	FALSE
FUT10	ENSG00000172728.16	1	1	0	0	0	167	Missense_Mutation	muse;mutect2								0.0104166666666667	FALSE
FUT8	ENSG00000033170.17	1	1	0	0	0	390	Missense_Mutation	muse;mutect2;varscan2								0.0104166666666667	FALSE
FUT9	ENSG00000172461.11	1	1	0	0	0	160	Missense_Mutation	muse;mutect2;varscan2								0.0104166666666667	FALSE
G3BP1	ENSG00000145907.16	1	1	1	1	0	424	Nonsense_Mutation	muse;mutect2;varscan2								0.0104166666666667	FALSE
GAA	ENSG00000171298.13	1	1	0	0	0	564	Missense_Mutation	muse;mutect2;varscan2								0.0104166666666667	FALSE
GABRA6	ENSG00000145863.11	1	1	0	0	0	257	Missense_Mutation	muse;mutect2;varscan2								0.0104166666666667	FALSE
GABRE	ENSG00000102287.19	1	1	0	0	0	105	Missense_Mutation	muse;mutect2;varscan2								0.0104166666666667	FALSE
GABRG1	ENSG00000163285.8	1	1	0	0	0	103	Missense_Mutation	muse;mutect2;varscan2								0.0104166666666667	FALSE
GABRG2	ENSG00000113327.17	1	1	0	0	0	109	Missense_Mutation	muse;mutect2;varscan2								0.0104166666666667	FALSE
GABRG3	ENSG00000182256.13	1	1	0	0	0	462	Missense_Mutation	muse;mutect2;varscan2								0.0104166666666667	FALSE
GADD45GIP1	ENSG00000179271.3	1	1	0	0	0	185	In_Frame_Del	pindel;varscan2								0.0104166666666667	FALSE
GAL3ST2	ENSG00000154252.12	1	1	0	0	0	199	Missense_Mutation	muse;mutect2;varscan2								0.0104166666666667	FALSE
GALNS	ENSG00000141012.13	1	1	0	0	0	55	Missense_Mutation	muse;mutect2								0.0104166666666667	FALSE
GALNT11	ENSG00000178234.13	1	1	0	0	0	360	Missense_Mutation	muse;mutect2;varscan2								0.0104166666666667	FALSE
GALNT12	ENSG00000119514.7	1	1	0	0	0	269	Missense_Mutation	muse;mutect2;varscan2								0.0104166666666667	FALSE
GALNT14	ENSG00000158089.15	1	1	0	0	0	425	Missense_Mutation	muse;mutect2;varscan2								0.0104166666666667	FALSE
GALNT15	ENSG00000131386.19	1	1	1	1	0	335	Nonsense_Mutation	muse;mutect2;varscan2								0.0104166666666667	FALSE
GALNT17	ENSG00000185274.12	1	1	0	0	0	168	Missense_Mutation	muse;mutect2;varscan2								0.0104166666666667	FALSE
GALNT18	ENSG00000110328.6	1	1	0	0	0	523	Missense_Mutation	muse;mutect2;varscan2								0.0104166666666667	FALSE
GALNT2	ENSG00000143641.10	1	1	0	0	0	493	Missense_Mutation	muse;mutect2;varscan2								0.0104166666666667	FALSE
GALNT3	ENSG00000115339.14	1	1	0	0	0	350	Missense_Mutation	muse;mutect2;varscan2								0.0104166666666667	FALSE
GALNTL5	ENSG00000106648.14	1	1	0	0	0	407	Missense_Mutation	muse;mutect2;varscan2								0.0104166666666667	FALSE
GALR2	ENSG00000182687.4	1	1	0	0	0	20	Missense_Mutation	mutect2;varscan2								0.0104166666666667	FALSE
GANAB	ENSG00000089597.18	1	1	0	0	0	507	Missense_Mutation	muse;mutect2;varscan2								0.0104166666666667	FALSE
GAREM1	ENSG00000141441.16	1	1	0	0	0	169	Missense_Mutation	muse;mutect2;varscan2								0.0104166666666667	FALSE
GARS1	ENSG00000106105.15	1	1	0	0	0	468	Missense_Mutation	muse;mutect2;varscan2								0.0104166666666667	FALSE
GART	ENSG00000159131.17	1	1	0	0	0	248	Missense_Mutation	muse;mutect2;varscan2								0.0104166666666667	FALSE
GAS7	ENSG00000007237.19	1	1	0	0	0	410	Missense_Mutation	muse;mutect2;varscan2								0.0104166666666667	FALSE
GASK1B	ENSG00000164125.16	1	1	0	0	0	24	Missense_Mutation	muse;mutect2;varscan2								0.0104166666666667	FALSE
GATA1	ENSG00000102145.15	1	1	0	0	0	128	Missense_Mutation	muse;mutect2;varscan2								0.0104166666666667	FALSE
GATAD1	ENSG00000157259.8	1	1	0	0	0	127	Missense_Mutation	muse;mutect2								0.0104166666666667	FALSE
GATB	ENSG00000059691.12	1	1	0	0	0	456	Missense_Mutation	muse;mutect2;varscan2								0.0104166666666667	FALSE
GBP5	ENSG00000154451.14	1	1	0	0	0	334	Missense_Mutation	muse;mutect2;varscan2								0.0104166666666667	FALSE
GBP7	ENSG00000213512.3	1	1	0	0	0	533	Missense_Mutation	muse;varscan2								0.0104166666666667	FALSE
GCLC	ENSG00000001084.13	1	1	0	0	0	274	Missense_Mutation	muse;mutect2;varscan2								0.0104166666666667	FALSE
GCLM	ENSG00000023909.10	1	1	0	0	0	45	Missense_Mutation	muse;mutect2;varscan2								0.0104166666666667	FALSE
GCM2	ENSG00000124827.7	1	1	0	0	0	67	Missense_Mutation	muse;mutect2;varscan2								0.0104166666666667	FALSE
GDF11	ENSG00000135414.10	1	1	0	0	0	344	Missense_Mutation	muse;mutect2;varscan2								0.0104166666666667	FALSE
GDF2	ENSG00000263761.3	1	1	0	0	0	313	Missense_Mutation	muse;mutect2;varscan2								0.0104166666666667	FALSE
GDF3	ENSG00000184344.4	1	1	0	0	0	364	Missense_Mutation	muse;mutect2;varscan2								0.0104166666666667	FALSE
GDPD4	ENSG00000178795.9	1	1	0	0	0	217	Missense_Mutation	muse;mutect2;varscan2								0.0104166666666667	FALSE
GDPGP1	ENSG00000183208.12	1	1	0	0	0	253	Missense_Mutation	muse;mutect2;varscan2								0.0104166666666667	FALSE
GEMIN7	ENSG00000142252.11	1	1	0	0	0	13	Missense_Mutation	muse;mutect2;varscan2								0.0104166666666667	FALSE
GEN1	ENSG00000178295.15	1	1	1	1	0	870	Frame_Shift_Del	mutect2;pindel;varscan2								0.0104166666666667	FALSE
GFRA1	ENSG00000151892.15	1	1	0	0	0	400	Missense_Mutation	muse;mutect2								0.0104166666666667	FALSE
GGA1	ENSG00000100083.19	1	1	0	0	0	284	Missense_Mutation	muse;mutect2;varscan2								0.0104166666666667	FALSE
GGA2	ENSG00000103365.15	1	1	0	0	0	230	Missense_Mutation	muse;mutect2;varscan2								0.0104166666666667	FALSE
GGT7	ENSG00000131067.17	1	1	0	0	0	87	Missense_Mutation	muse;mutect2;varscan2								0.0104166666666667	FALSE
GHR	ENSG00000112964.14	1	1	0	0	0	516	Missense_Mutation	muse;mutect2;varscan2								0.0104166666666667	FALSE
GHSR	ENSG00000121853.4	1	1	1	1	0	326	Frame_Shift_Ins	mutect2;pindel;varscan2								0.0104166666666667	FALSE
GID8	ENSG00000101193.8	1	1	0	0	0	34	Missense_Mutation	muse;mutect2;varscan2								0.0104166666666667	FALSE
GIGYF2	ENSG00000204120.16	1	1	0	0	0	221	Missense_Mutation	muse;mutect2;varscan2								0.0104166666666667	FALSE
GIMAP2	ENSG00000106560.11	1	1	0	0	0	130	Missense_Mutation	muse;mutect2;varscan2								0.0104166666666667	FALSE
GIN1	ENSG00000145723.17	1	1	0	0	0	7	Missense_Mutation	muse;mutect2;varscan2								0.0104166666666667	FALSE
GINM1	ENSG00000055211.14	1	1	0	0	0	152	Missense_Mutation	muse;mutect2;varscan2								0.0104166666666667	FALSE
GINS4	ENSG00000147536.12	1	1	1	1	0	57	Nonsense_Mutation	muse;mutect2;varscan2								0.0104166666666667	FALSE
GIPC1	ENSG00000123159.16	1	1	0	0	0	296	Missense_Mutation	muse;mutect2;varscan2								0.0104166666666667	FALSE
GJA1	ENSG00000152661.9	1	1	0	0	0	206	Missense_Mutation	muse;mutect2;varscan2								0.0104166666666667	FALSE
GJA8	ENSG00000121634.6	1	1	0	0	0	101	Missense_Mutation	muse;mutect2;varscan2								0.0104166666666667	FALSE
GJB7	ENSG00000164411.12	1	1	0	0	0	64	Missense_Mutation	muse;mutect2;varscan2								0.0104166666666667	FALSE
GK2	ENSG00000196475.6	1	1	0	0	0	310	Missense_Mutation	muse;mutect2;varscan2								0.0104166666666667	FALSE
GLB1	ENSG00000170266.16	1	1	0	0	0	427	Missense_Mutation	muse;mutect2;varscan2								0.0104166666666667	FALSE
GLB1L	ENSG00000163521.16	1	1	0	0	0	405	Missense_Mutation	muse;mutect2;varscan2								0.0104166666666667	FALSE
GLB1L2	ENSG00000149328.15	1	1	0	0	0	11	Missense_Mutation	muse;mutect2;varscan2								0.0104166666666667	FALSE
GLB1L3	ENSG00000166105.16	1	1	0	0	0	357	Missense_Mutation	muse;mutect2;varscan2								0.0104166666666667	FALSE
GLI1	ENSG00000111087.10	1	1	0	0	0	258	Missense_Mutation	muse;mutect2;varscan2								0.0104166666666667	FALSE
GLI2	ENSG00000074047.22	1	1	0	0	0	1118	Missense_Mutation	muse;mutect2;varscan2								0.0104166666666667	FALSE
GLI3	ENSG00000106571.15	1	1	1	1	0	588	Nonsense_Mutation	muse;mutect2;varscan2								0.0104166666666667	FALSE
GLIPR2	ENSG00000122694.16	1	1	0	0	0	7	Missense_Mutation	muse;mutect2;varscan2								0.0104166666666667	FALSE
GLIS1	ENSG00000174332.5	1	1	0	0	0	441	Missense_Mutation	muse;mutect2;varscan2								0.0104166666666667	FALSE
GLIS3	ENSG00000107249.23	1	1	0	0	0	150	Missense_Mutation	muse;mutect2;varscan2								0.0104166666666667	FALSE
GLP2R	ENSG00000065325.13	1	1	0	0	0	209	Missense_Mutation	muse;mutect2;varscan2								0.0104166666666667	FALSE
GLRA2	ENSG00000101958.14	1	1	0	0	0	292	Missense_Mutation	muse;mutect2;varscan2								0.0104166666666667	FALSE
GLRA3	ENSG00000145451.13	1	1	0	0	0	417	Missense_Mutation	muse;mutect2;varscan2								0.0104166666666667	FALSE
GLRX3	ENSG00000108010.12	1	1	1	1	0	175	Nonsense_Mutation	muse;mutect2;varscan2								0.0104166666666667	FALSE
GLUD1	ENSG00000148672.9	1	1	0	0	0	367	Missense_Mutation	muse;mutect2;varscan2								0.0104166666666667	FALSE
GLYATL2	ENSG00000156689.7	1	1	1	1	0	23	Nonsense_Mutation	muse;mutect2;varscan2								0.0104166666666667	FALSE
GLYCTK	ENSG00000168237.18	1	1	0	0	0	492	Missense_Mutation	muse;mutect2;varscan2								0.0104166666666667	FALSE
GLYR1	ENSG00000140632.17	1	1	0	0	0	352	Missense_Mutation	muse;mutect2								0.0104166666666667	FALSE
GMEB1	ENSG00000162419.13	1	1	0	0	0	213	Missense_Mutation	muse;mutect2;varscan2								0.0104166666666667	FALSE
GMEB2	ENSG00000101216.11	1	1	0	0	0	406	Missense_Mutation	muse;mutect2;varscan2								0.0104166666666667	FALSE
GMPPA	ENSG00000144591.19	1	1	0	0	0	19	Missense_Mutation	muse;mutect2;varscan2								0.0104166666666667	FALSE
GNA15	ENSG00000060558.4	1	1	0	0	0	289	Missense_Mutation	muse;mutect2								0.0104166666666667	FALSE
GNAL	ENSG00000141404.17	1	1	0	0	0	104	Missense_Mutation	muse;mutect2								0.0104166666666667	FALSE
GNAQ	ENSG00000156052.11	1	1	0	0	0	150	Missense_Mutation	muse;mutect2;varscan2								0.0104166666666667	FALSE
GNB5	ENSG00000069966.19	1	1	0	0	0	281	Missense_Mutation	muse;mutect2;varscan2								0.0104166666666667	FALSE
GNL1	ENSG00000204590.12	1	1	0	0	0	200	Missense_Mutation	muse;mutect2;varscan2								0.0104166666666667	FALSE
GNL3L	ENSG00000130119.17	1	1	0	0	0	508	Missense_Mutation	muse;mutect2;varscan2								0.0104166666666667	FALSE
GNLY	ENSG00000115523.17	1	1	0	0	0	51	Missense_Mutation	muse;mutect2;varscan2								0.0104166666666667	FALSE
GNPAT	ENSG00000116906.13	1	1	0	0	0	379	Missense_Mutation	muse;mutect2;varscan2								0.0104166666666667	FALSE
GNPTAB	ENSG00000111670.16	1	1	0	0	0	667	Missense_Mutation	muse;varscan2								0.0104166666666667	FALSE
GNPTG	ENSG00000090581.10	1	1	0	0	0	30	Missense_Mutation	muse;varscan2								0.0104166666666667	FALSE
GNS	ENSG00000135677.11	1	1	0	0	0	286	Missense_Mutation	muse;mutect2;varscan2								0.0104166666666667	FALSE
GOLGA2	ENSG00000167110.18	1	1	1	1	0	977	Frame_Shift_Del	mutect2;varscan2								0.0104166666666667	FALSE
GOLGA5	ENSG00000066455.13	1	1	0	0	0	583	Missense_Mutation	muse;mutect2;varscan2								0.0104166666666667	FALSE
GOLGA6B	ENSG00000215186.6	1	1	0	0	0	613	Missense_Mutation	mutect2;varscan2								0.0104166666666667	FALSE
GOLGA6L9	ENSG00000197978.9	1	1	0	0	0	322	Missense_Mutation	muse;mutect2								0.0104166666666667	FALSE
GOLPH3	ENSG00000113384.14	1	1	1	1	0	97	Frame_Shift_Ins	mutect2;pindel;varscan2								0.0104166666666667	FALSE
GOLPH3L	ENSG00000143457.11	1	1	0	0	0	183	Missense_Mutation	muse;mutect2;varscan2								0.0104166666666667	FALSE
GP6	ENSG00000088053.11	1	1	0	0	0	336	Missense_Mutation	muse;mutect2								0.0104166666666667	FALSE
GPBP1	ENSG00000062194.16	1	1	0	0	0	286	Missense_Mutation	muse;mutect2;varscan2								0.0104166666666667	FALSE
GPC2	ENSG00000213420.8	1	1	1	1	0	556	Frame_Shift_Del	mutect2;pindel;varscan2								0.0104166666666667	FALSE
GPCPD1	ENSG00000125772.14	1	1	0	0	0	386	Missense_Mutation	muse;mutect2;varscan2								0.0104166666666667	FALSE
GPER1	ENSG00000164850.15	1	1	0	0	0	174	Missense_Mutation	muse;mutect2;varscan2								0.0104166666666667	FALSE
GPHN	ENSG00000171723.16	1	1	0	0	0	81	Missense_Mutation	muse;mutect2;varscan2								0.0104166666666667	FALSE
GPN1	ENSG00000198522.14	1	1	0	0	0	152	Missense_Mutation	muse;mutect2;varscan2								0.0104166666666667	FALSE
GPR132	ENSG00000183484.12	1	1	1	1	0	84	Frame_Shift_Del	mutect2;varscan2								0.0104166666666667	FALSE
GPR139	ENSG00000180269.8	1	1	0	0	0	280	Missense_Mutation	muse;mutect2;varscan2								0.0104166666666667	FALSE
GPR141	ENSG00000187037.8	1	1	0	0	0	105	Missense_Mutation	muse;mutect2;varscan2								0.0104166666666667	FALSE
GPR142	ENSG00000257008.6	1	1	0	0	0	57	Missense_Mutation	muse;mutect2;varscan2								0.0104166666666667	FALSE
GPR153	ENSG00000158292.7	1	1	0	0	0	282	Missense_Mutation	muse;mutect2;varscan2								0.0104166666666667	FALSE
GPR156	ENSG00000175697.11	1	1	0	0	0	722	Missense_Mutation	muse;mutect2;varscan2								0.0104166666666667	FALSE
GPR179	ENSG00000277399.5	1	1	0	0	0	1918	Missense_Mutation	muse;mutect2;varscan2								0.0104166666666667	FALSE
GPR182	ENSG00000166856.3	1	1	0	0	0	374	Missense_Mutation	muse;mutect2;varscan2								0.0104166666666667	FALSE
GPR37	ENSG00000170775.3	1	1	0	0	0	600	Missense_Mutation	muse;mutect2;varscan2								0.0104166666666667	FALSE
GPR39	ENSG00000183840.7	1	1	0	0	0	71	Missense_Mutation	muse;mutect2;varscan2								0.0104166666666667	FALSE
GPR4	ENSG00000177464.5	1	1	0	0	0	130	Missense_Mutation	muse;mutect2;varscan2								0.0104166666666667	FALSE
GPR75	ENSG00000119737.6	1	1	0	0	0	12	Missense_Mutation	muse;mutect2;varscan2								0.0104166666666667	FALSE
GPR84	ENSG00000139572.4	1	1	0	0	0	28	Missense_Mutation	muse;mutect2;varscan2								0.0104166666666667	FALSE
GPR88	ENSG00000181656.7	1	1	0	0	0	57	Missense_Mutation	muse;mutect2;varscan2								0.0104166666666667	FALSE
GPRASP1	ENSG00000198932.13	1	1	0	0	0	1129	Missense_Mutation	muse;mutect2;varscan2								0.0104166666666667	FALSE
GPRC5B	ENSG00000167191.12	1	1	0	0	0	353	Missense_Mutation	muse;mutect2;varscan2								0.0104166666666667	FALSE
GPRC5C	ENSG00000170412.18	1	1	0	0	0	430	Missense_Mutation	muse;mutect2;varscan2								0.0104166666666667	FALSE
GPRC6A	ENSG00000173612.10	1	1	0	0	0	724	Missense_Mutation	muse;mutect2;varscan2								0.0104166666666667	FALSE
GPRIN2	ENSG00000204175.5	1	1	0	0	0	263	Missense_Mutation	muse;mutect2;varscan2								0.0104166666666667	FALSE
GPSM1	ENSG00000160360.13	1	1	0	0	0	431	Missense_Mutation	muse;mutect2;varscan2								0.0104166666666667	FALSE
GPT	ENSG00000167701.14	1	1	1	1	0	474	Frame_Shift_Del	mutect2;pindel;varscan2								0.0104166666666667	FALSE
GPT2	ENSG00000166123.14	1	1	0	0	0	306	Missense_Mutation	muse;mutect2								0.0104166666666667	FALSE
GRAMD2A	ENSG00000175318.12	1	1	0	0	0	226	Missense_Mutation	muse;mutect2;varscan2								0.0104166666666667	FALSE
GRAMD2B	ENSG00000155324.10	1	1	1	1	0	326	Nonsense_Mutation	muse;mutect2;varscan2								0.0104166666666667	FALSE
GRAP	ENSG00000154016.14	1	1	0	0	0	190	Missense_Mutation	muse;mutect2;varscan2								0.0104166666666667	FALSE
GRB10	ENSG00000106070.20	1	1	0	0	0	166	Missense_Mutation	muse;mutect2;varscan2								0.0104166666666667	FALSE
GREB1	ENSG00000196208.14	1	1	0	0	0	1390	Missense_Mutation	muse;mutect2;varscan2								0.0104166666666667	FALSE
GRHL1	ENSG00000134317.18	1	1	1	1	0	82	Frame_Shift_Del	mutect2;pindel;varscan2								0.0104166666666667	FALSE
GRIA4	ENSG00000152578.13	1	1	0	0	0	704	Missense_Mutation	muse;mutect2								0.0104166666666667	FALSE
GRIN2B	ENSG00000273079.6	1	1	0	0	0	661	Missense_Mutation	muse;mutect2;varscan2								0.0104166666666667	FALSE
GRIN2D	ENSG00000105464.3	1	1	0	0	0	813	Missense_Mutation	muse;mutect2;varscan2								0.0104166666666667	FALSE
GRIN3B	ENSG00000116032.5	1	1	0	0	0	634	Missense_Mutation	muse;mutect2								0.0104166666666667	FALSE
GRINA	ENSG00000178719.17	1	1	0	0	0	258	Missense_Mutation	muse;mutect2;varscan2								0.0104166666666667	FALSE
GRIP2	ENSG00000144596.13	1	1	0	0	0	111	Splice_Region	mutect2;varscan2								0.0104166666666667	FALSE
GRK3	ENSG00000100077.15	1	1	0	0	0	59	Missense_Mutation	muse;mutect2;varscan2								0.0104166666666667	FALSE
GRK7	ENSG00000114124.2	1	1	0	0	0	286	Missense_Mutation	muse;mutect2;varscan2								0.0104166666666667	FALSE
GRM1	ENSG00000152822.14	1	1	0	0	0	565	Missense_Mutation	muse;mutect2;varscan2								0.0104166666666667	FALSE
GRM4	ENSG00000124493.14	1	1	0	0	0	702	Missense_Mutation	muse;mutect2;varscan2								0.0104166666666667	FALSE
GRM6	ENSG00000113262.16	1	1	0	0	0	849	Missense_Mutation	muse;mutect2;varscan2								0.0104166666666667	FALSE
GRTP1	ENSG00000139835.14	1	1	0	0	0	74	Missense_Mutation	muse;mutect2;varscan2								0.0104166666666667	FALSE
GSDMA	ENSG00000167914.12	1	1	0	0	0	55	Missense_Mutation	muse;mutect2;varscan2								0.0104166666666667	FALSE
GSDMC	ENSG00000147697.9	1	1	0	0	0	228	Missense_Mutation	muse;mutect2;varscan2								0.0104166666666667	FALSE
GSE1	ENSG00000131149.19	1	1	0	0	0	270	Missense_Mutation	muse;mutect2;varscan2								0.0104166666666667	FALSE
GSG1L	ENSG00000169181.13	1	1	0	0	0	274	Missense_Mutation	muse;mutect2;varscan2								0.0104166666666667	FALSE
GSR	ENSG00000104687.14	1	1	1	1	0	300	Frame_Shift_Del	mutect2;pindel;varscan2								0.0104166666666667	FALSE
GSTA5	ENSG00000182793.12	1	1	0	0	0	172	Missense_Mutation	muse;mutect2;varscan2								0.0104166666666667	FALSE
GSTT2B	ENSG00000133433.11	1	1	0	0	0	182	Missense_Mutation	muse;mutect2;varscan2								0.0104166666666667	FALSE
GTF2H3	ENSG00000111358.14	1	1	0	0	0	302	Missense_Mutation	muse;mutect2;varscan2								0.0104166666666667	FALSE
GTF2IRD2B	ENSG00000174428.18	1	1	0	0	0	880	Missense_Mutation	mutect2;varscan2								0.0104166666666667	FALSE
GTPBP2	ENSG00000172432.19	1	1	1	1	0	62	Frame_Shift_Ins	mutect2;pindel;varscan2								0.0104166666666667	FALSE
GTPBP4	ENSG00000107937.19	1	1	0	0	0	567	Missense_Mutation	muse;mutect2;varscan2								0.0104166666666667	FALSE
GUCA1B	ENSG00000112599.9	1	1	0	0	0	150	Missense_Mutation	muse;mutect2;varscan2								0.0104166666666667	FALSE
GUCA2B	ENSG00000044012.4	1	1	0	0	0	82	Missense_Mutation	muse;mutect2;varscan2								0.0104166666666667	FALSE
GUCD1	ENSG00000138867.17	1	1	0	0	0	30	Missense_Mutation	muse;mutect2;varscan2								0.0104166666666667	FALSE
GUCY1A1	ENSG00000164116.17	1	1	0	0	0	246	Missense_Mutation	muse;mutect2;varscan2								0.0104166666666667	FALSE
GUCY1A2	ENSG00000152402.11	1	1	0	0	0	579	Missense_Mutation	muse;mutect2;varscan2								0.0104166666666667	FALSE
GUCY2D	ENSG00000132518.7	1	1	0	0	0	1056	Missense_Mutation	muse;mutect2;varscan2								0.0104166666666667	FALSE
GYS1	ENSG00000104812.15	1	1	0	0	0	355	Splice_Region	muse;mutect2;varscan2								0.0104166666666667	FALSE
GYS2	ENSG00000111713.3	1	1	0	0	0	343	Missense_Mutation	muse;mutect2;varscan2								0.0104166666666667	FALSE
H1-10	ENSG00000184897.6	1	1	0	0	0	65	Missense_Mutation	muse;mutect2;varscan2								0.0104166666666667	FALSE
H1-2	ENSG00000187837.4	1	1	0	0	0	114	Missense_Mutation	muse;mutect2								0.0104166666666667	FALSE
H1-4	ENSG00000168298.7	1	1	0	0	0	68	Missense_Mutation	muse;mutect2								0.0104166666666667	FALSE
H1-5	ENSG00000184357.5	1	1	0	0	0	153	Missense_Mutation	muse;mutect2;varscan2								0.0104166666666667	FALSE
H2AC13	ENSG00000196747.4	1	1	0	0	0	2	Missense_Mutation	muse;mutect2;varscan2								0.0104166666666667	FALSE
H2AC15	ENSG00000275221.2	1	1	1	1	0	113	Frame_Shift_Ins	mutect2;pindel;varscan2								0.0104166666666667	FALSE
H2AC20	ENSG00000184260.6	1	1	0	0	0	92	Missense_Mutation	muse;mutect2								0.0104166666666667	FALSE
H2AC4	ENSG00000278463.2	1	1	1	1	0	123	Frame_Shift_Ins	mutect2;pindel;varscan2								0.0104166666666667	FALSE
H2AZ1	ENSG00000164032.12	1	1	0	0	0	21	Missense_Mutation	muse;mutect2;varscan2								0.0104166666666667	FALSE
H2AZ2	ENSG00000105968.19	1	1	0	0	0	20	Missense_Mutation	muse;mutect2								0.0104166666666667	FALSE
H2BC21	ENSG00000184678.10	1	1	0	0	0	64	Missense_Mutation	muse;mutect2								0.0104166666666667	FALSE
H2BC8	ENSG00000273802.2	1	1	0	0	0	36	Missense_Mutation	muse;mutect2;varscan2								0.0104166666666667	FALSE
H3C11	ENSG00000275379.2	1	1	0	0	0	121	Missense_Mutation	muse;mutect2;varscan2								0.0104166666666667	FALSE
H3C13	ENSG00000183598.4	1	1	0	0	0	51	Missense_Mutation	muse;mutect2;varscan2								0.0104166666666667	FALSE
H3C4	ENSG00000197409.8	1	1	0	0	0	114	Missense_Mutation	muse;mutect2;varscan2								0.0104166666666667	FALSE
H3C7	ENSG00000277775.2	1	1	1	1	0	105	Frame_Shift_Ins	mutect2;varscan2								0.0104166666666667	FALSE
H4-16	ENSG00000197837.3	1	1	1	1	0	59	Frame_Shift_Ins	mutect2;pindel;varscan2								0.0104166666666667	FALSE
H4C5	ENSG00000276966.2	1	1	0	0	0	40	Missense_Mutation	muse;mutect2;varscan2								0.0104166666666667	FALSE
H4C8	ENSG00000158406.5	1	1	0	0	0	52	Missense_Mutation	muse;mutect2								0.0104166666666667	FALSE
HACD2	ENSG00000206527.10	1	1	0	0	0	87	Missense_Mutation	muse;mutect2;varscan2								0.0104166666666667	FALSE
HACD3	ENSG00000074696.13	1	1	0	0	0	175	Missense_Mutation	muse;mutect2;varscan2								0.0104166666666667	FALSE
HACE1	ENSG00000085382.12	1	1	0	0	0	806	Missense_Mutation	muse;mutect2;varscan2								0.0104166666666667	FALSE
HARBI1	ENSG00000180423.4	1	1	0	0	0	236	Missense_Mutation	muse;mutect2								0.0104166666666667	FALSE
HAUS7	ENSG00000213397.10	1	1	0	0	0	311	Missense_Mutation	muse;mutect2;varscan2								0.0104166666666667	FALSE
HBA2	ENSG00000188536.13	1	1	0	0	0	93	Missense_Mutation	muse;mutect2;varscan2								0.0104166666666667	FALSE
HCCS	ENSG00000004961.15	1	1	0	0	0	89	Missense_Mutation	muse;mutect2;varscan2								0.0104166666666667	FALSE
HCFC1	ENSG00000172534.14	1	1	0	0	0	932	Missense_Mutation	muse;mutect2;varscan2								0.0104166666666667	FALSE
HCLS1	ENSG00000180353.11	1	1	0	0	0	180	Missense_Mutation	muse;mutect2;varscan2								0.0104166666666667	FALSE
HCN3	ENSG00000143630.10	1	1	0	0	0	63	Missense_Mutation	muse;mutect2;varscan2								0.0104166666666667	FALSE
HCN4	ENSG00000138622.4	1	1	0	0	0	1155	Missense_Mutation	muse;mutect2;varscan2								0.0104166666666667	FALSE
HDDC2	ENSG00000111906.18	1	1	0	0	0	104	Missense_Mutation	muse;mutect2;varscan2								0.0104166666666667	FALSE
HDHD2	ENSG00000167220.12	1	1	1	1	0	214	Nonsense_Mutation	muse;mutect2;varscan2								0.0104166666666667	FALSE
HDX	ENSG00000165259.14	1	1	0	0	0	512	Missense_Mutation	muse;mutect2;varscan2								0.0104166666666667	FALSE
HEATR1	ENSG00000119285.11	1	1	0	0	0	519	Missense_Mutation	muse;mutect2;varscan2								0.0104166666666667	FALSE
HEATR4	ENSG00000187105.9	1	1	0	0	0	897	Missense_Mutation	muse;mutect2;varscan2								0.0104166666666667	FALSE
HEATR5A	ENSG00000129493.15	1	1	0	0	0	1743	Missense_Mutation	muse;mutect2;varscan2								0.0104166666666667	FALSE
HEATR5B	ENSG00000008869.12	1	1	0	0	0	1663	Missense_Mutation	muse;mutect2;varscan2								0.0104166666666667	FALSE
HEATR6	ENSG00000068097.15	1	1	0	0	0	84	Missense_Mutation	muse;mutect2;varscan2								0.0104166666666667	FALSE
HECTD2	ENSG00000165338.17	1	1	0	0	0	198	Missense_Mutation	muse;mutect2;varscan2								0.0104166666666667	FALSE
HEG1	ENSG00000173706.14	1	1	0	0	0	989	Missense_Mutation	muse;mutect2;varscan2								0.0104166666666667	FALSE
HEPACAM2	ENSG00000188175.10	1	1	0	0	0	231	Missense_Mutation	muse;mutect2;varscan2								0.0104166666666667	FALSE
HEPHL1	ENSG00000181333.12	1	1	0	0	0	173	Missense_Mutation	muse;mutect2;varscan2								0.0104166666666667	FALSE
HERC4	ENSG00000148634.16	1	1	0	0	0	414	Missense_Mutation	muse;mutect2;varscan2								0.0104166666666667	FALSE
HES1	ENSG00000114315.4	1	1	0	0	0	85	Missense_Mutation	muse;mutect2;varscan2								0.0104166666666667	FALSE
HEY2	ENSG00000135547.9	1	1	0	0	0	228	Missense_Mutation	muse;mutect2;varscan2								0.0104166666666667	FALSE
HGD	ENSG00000113924.12	1	1	0	0	0	170	Missense_Mutation	muse;mutect2;varscan2								0.0104166666666667	FALSE
HGF	ENSG00000019991.18	1	1	0	0	0	261	Missense_Mutation	muse;mutect2;varscan2								0.0104166666666667	FALSE
HGS	ENSG00000185359.14	1	1	0	0	0	300	Missense_Mutation	muse;mutect2;varscan2								0.0104166666666667	FALSE
HGSNAT	ENSG00000165102.15	1	1	0	0	0	405	Missense_Mutation	muse;mutect2								0.0104166666666667	FALSE
HHIPL2	ENSG00000143512.13	1	1	0	0	0	480	Missense_Mutation	muse;mutect2;varscan2								0.0104166666666667	FALSE
HID1	ENSG00000167861.16	1	1	0	0	0	201	Missense_Mutation	muse;mutect2;varscan2								0.0104166666666667	FALSE
HIF1A	ENSG00000100644.17	1	1	0	0	0	325	Missense_Mutation	muse;mutect2;varscan2								0.0104166666666667	FALSE
HIP1	ENSG00000127946.17	1	1	1	1	0	548	Nonsense_Mutation	muse;mutect2;varscan2								0.0104166666666667	FALSE
HIPK1	ENSG00000163349.22	1	1	0	0	0	4	Missense_Mutation	muse;mutect2;varscan2								0.0104166666666667	FALSE
HIVEP3	ENSG00000127124.16	1	1	0	0	0	857	Missense_Mutation	muse;mutect2;varscan2								0.0104166666666667	FALSE
HK2	ENSG00000159399.10	1	1	0	0	0	773	Missense_Mutation	muse;mutect2;varscan2								0.0104166666666667	FALSE
HK3	ENSG00000160883.11	1	1	0	0	0	916	Missense_Mutation	muse;mutect2;varscan2								0.0104166666666667	FALSE
HKDC1	ENSG00000156510.13	1	1	0	0	0	457	Missense_Mutation	mutect2;varscan2								0.0104166666666667	FALSE
HLA-A	ENSG00000206503.13	1	1	1	1	0	77	Frame_Shift_Ins	mutect2;varscan2								0.0104166666666667	FALSE
HLA-DQA2	ENSG00000237541.4	1	1	0	0	0	156	Missense_Mutation	muse;mutect2;varscan2								0.0104166666666667	FALSE
HLA-G	ENSG00000204632.11	1	1	0	0	0	313	Missense_Mutation	muse;mutect2;varscan2								0.0104166666666667	FALSE
HLCS	ENSG00000159267.15	1	1	0	0	0	548	Missense_Mutation	mutect2;varscan2								0.0104166666666667	FALSE
HLTF	ENSG00000071794.16	1	1	0	0	0	738	Missense_Mutation	muse;mutect2;varscan2								0.0104166666666667	FALSE
HM13	ENSG00000101294.18	1	1	0	0	0	318	Missense_Mutation	muse;mutect2;varscan2								0.0104166666666667	FALSE
HMCES	ENSG00000183624.14	1	1	0	0	0	146	Missense_Mutation	muse;mutect2;varscan2								0.0104166666666667	FALSE
HMGCR	ENSG00000113161.16	1	1	1	1	0	93	Splice_Site	muse;mutect2;varscan2								0.0104166666666667	FALSE
HMGCS2	ENSG00000134240.12	1	1	0	0	0	354	Missense_Mutation	muse;mutect2;varscan2								0.0104166666666667	FALSE
HMGN4	ENSG00000182952.5	1	1	0	0	0	35	Missense_Mutation	muse;mutect2;varscan2								0.0104166666666667	FALSE
HMOX1	ENSG00000100292.18	1	1	0	0	0	67	Missense_Mutation	muse;mutect2;varscan2								0.0104166666666667	FALSE
HNRNPDL	ENSG00000152795.17	1	1	0	0	0	393	Missense_Mutation	muse;mutect2;varscan2								0.0104166666666667	FALSE
HNRNPH1	ENSG00000169045.17	1	1	1	1	0	132	Nonsense_Mutation	muse;varscan2								0.0104166666666667	FALSE
HNRNPL	ENSG00000104824.17	1	1	1	1	0	338	Frame_Shift_Ins	mutect2;varscan2								0.0104166666666667	FALSE
HNRNPLL	ENSG00000143889.16	1	1	0	0	0	436	Missense_Mutation	muse;mutect2;varscan2								0.0104166666666667	FALSE
HNRNPM	ENSG00000099783.12	1	1	0	0	0	450	Missense_Mutation	muse;mutect2;varscan2								0.0104166666666667	FALSE
HNRNPR	ENSG00000125944.21	1	1	0	0	0	312	Missense_Mutation	muse;mutect2;varscan2								0.0104166666666667	FALSE
HNRNPUL1	ENSG00000105323.17	1	1	0	0	0	361	Missense_Mutation	muse;mutect2								0.0104166666666667	FALSE
HOGA1	ENSG00000241935.9	1	1	0	0	0	281	Missense_Mutation	muse;mutect2;varscan2								0.0104166666666667	FALSE
HOMEZ	ENSG00000215271.9	1	1	0	0	0	343	Missense_Mutation	muse;mutect2;varscan2								0.0104166666666667	FALSE
HORMAD1	ENSG00000143452.16	1	1	0	0	0	375	Missense_Mutation	muse;mutect2;varscan2								0.0104166666666667	FALSE
HOXA10	ENSG00000253293.5	1	1	0	0	0	212	Missense_Mutation	muse;mutect2;varscan2								0.0104166666666667	FALSE
HOXB5	ENSG00000120075.5	1	1	0	0	0	126	Missense_Mutation	muse;mutect2;varscan2								0.0104166666666667	FALSE
HOXC4	ENSG00000198353.8	1	1	0	0	0	18	Missense_Mutation	muse;mutect2;varscan2								0.0104166666666667	FALSE
HOXD12	ENSG00000170178.7	1	1	0	0	0	200	Missense_Mutation	muse;mutect2;varscan2								0.0104166666666667	FALSE
HOXD13	ENSG00000128714.6	1	1	0	0	0	166	Missense_Mutation	muse;mutect2								0.0104166666666667	FALSE
HOXD3	ENSG00000128652.11	1	1	0	0	0	65	Missense_Mutation	muse;mutect2;varscan2								0.0104166666666667	FALSE
HOXD8	ENSG00000175879.9	1	1	1	1	0	178	Frame_Shift_Del	mutect2;pindel;varscan2								0.0104166666666667	FALSE
HP	ENSG00000257017.9	1	1	0	0	0	355	Missense_Mutation	muse;mutect2;varscan2								0.0104166666666667	FALSE
HPS5	ENSG00000110756.18	1	1	1	1	0	155	Frame_Shift_Del	mutect2;pindel								0.0104166666666667	FALSE
HR	ENSG00000168453.15	1	1	0	0	0	902	Missense_Mutation	muse;mutect2;varscan2								0.0104166666666667	FALSE
HRC	ENSG00000130528.12	1	1	0	0	0	511	Missense_Mutation	muse;mutect2;varscan2								0.0104166666666667	FALSE
HRCT1	ENSG00000196196.3	1	1	0	0	0	6	Missense_Mutation	muse;varscan2								0.0104166666666667	FALSE
HRH1	ENSG00000196639.7	1	1	0	0	0	78	Missense_Mutation	muse;mutect2;varscan2								0.0104166666666667	FALSE
HS3ST1	ENSG00000002587.10	1	1	0	0	0	272	Missense_Mutation	muse;mutect2;varscan2								0.0104166666666667	FALSE
HS3ST6	ENSG00000162040.7	1	1	0	0	0	222	Missense_Mutation	muse;mutect2;varscan2								0.0104166666666667	FALSE
HSD11B1	ENSG00000117594.10	1	1	1	1	0	149	Frame_Shift_Del	mutect2;pindel;varscan2								0.0104166666666667	FALSE
HSD11B2	ENSG00000176387.7	1	1	0	0	0	148	Missense_Mutation	muse;varscan2								0.0104166666666667	FALSE
HSD3B7	ENSG00000099377.14	1	1	0	0	0	336	Missense_Mutation	muse;mutect2;varscan2								0.0104166666666667	FALSE
HSF5	ENSG00000176160.11	1	1	0	0	0	339	Missense_Mutation	muse;mutect2;varscan2								0.0104166666666667	FALSE
HSP90AA1	ENSG00000080824.19	1	1	0	0	0	6	Missense_Mutation	muse;mutect2;varscan2								0.0104166666666667	FALSE
HSPA12A	ENSG00000165868.16	1	1	0	0	0	44	Missense_Mutation	muse;mutect2;varscan2								0.0104166666666667	FALSE
HSPA1B	ENSG00000204388.7	1	1	0	0	0	39	Missense_Mutation	muse;mutect2;varscan2								0.0104166666666667	FALSE
HSPA6	ENSG00000173110.8	1	1	0	0	0	305	Missense_Mutation	muse;mutect2;varscan2								0.0104166666666667	FALSE
HSPA8	ENSG00000109971.14	1	1	0	0	0	595	Missense_Mutation	muse;mutect2;varscan2								0.0104166666666667	FALSE
HSPB7	ENSG00000173641.18	1	1	0	0	0	129	Missense_Mutation	muse;mutect2;varscan2								0.0104166666666667	FALSE
HSPG2	ENSG00000142798.20	1	1	0	0	0	2968	Missense_Mutation	muse;mutect2;varscan2								0.0104166666666667	FALSE
HTATSF1	ENSG00000102241.12	1	1	0	0	0	751	In_Frame_Del	mutect2;pindel;varscan2								0.0104166666666667	FALSE
HTR3C	ENSG00000178084.2	1	1	0	0	0	222	Missense_Mutation	muse;mutect2;varscan2								0.0104166666666667	FALSE
HTRA4	ENSG00000169495.5	1	1	0	0	0	26	Missense_Mutation	muse;mutect2;varscan2								0.0104166666666667	FALSE
HUNK	ENSG00000142149.9	1	1	0	0	0	363	Missense_Mutation	mutect2;varscan2								0.0104166666666667	FALSE
HYAL2	ENSG00000068001.14	1	1	0	0	0	26	Missense_Mutation	muse;mutect2;varscan2								0.0104166666666667	FALSE
HYAL3	ENSG00000186792.17	1	1	0	0	0	248	Missense_Mutation	muse;mutect2;varscan2								0.0104166666666667	FALSE
HYKK	ENSG00000188266.14	1	1	1	1	0	7	Nonsense_Mutation	muse;mutect2								0.0104166666666667	FALSE
IAH1	ENSG00000134330.19	1	1	0	0	0	195	Missense_Mutation	muse;mutect2;varscan2								0.0104166666666667	FALSE
IARS1	ENSG00000196305.18	1	1	0	0	0	920	Missense_Mutation	muse;mutect2								0.0104166666666667	FALSE
IBTK	ENSG00000005700.15	1	1	0	0	0	790	Missense_Mutation	muse;mutect2;varscan2								0.0104166666666667	FALSE
ICAM2	ENSG00000108622.11	1	1	0	0	0	105	Missense_Mutation	muse;mutect2;varscan2								0.0104166666666667	FALSE
ICE2	ENSG00000128915.12	1	1	0	0	0	210	Missense_Mutation	muse;mutect2;varscan2								0.0104166666666667	FALSE
IDE	ENSG00000119912.18	1	1	0	0	0	236	Missense_Mutation	muse;mutect2;varscan2								0.0104166666666667	FALSE
IDH1	ENSG00000138413.14	1	1	0	0	0	254	Missense_Mutation	muse;mutect2;varscan2								0.0104166666666667	FALSE
IDH2	ENSG00000182054.10	1	1	0	0	0	417	Missense_Mutation	muse;mutect2;varscan2								0.0104166666666667	FALSE
IDH3B	ENSG00000101365.21	1	1	0	0	0	208	Missense_Mutation	muse;mutect2;varscan2								0.0104166666666667	FALSE
IDO1	ENSG00000131203.13	1	1	0	0	0	296	Missense_Mutation	muse;mutect2;varscan2								0.0104166666666667	FALSE
IER5	ENSG00000162783.11	1	1	0	0	0	48	Missense_Mutation	muse;mutect2;varscan2								0.0104166666666667	FALSE
IFI27	ENSG00000165949.12	1	1	0	0	0	84	Missense_Mutation	muse;mutect2;varscan2								0.0104166666666667	FALSE
IFI27L2	ENSG00000119632.4	1	1	0	0	0	126	Missense_Mutation	muse;mutect2								0.0104166666666667	FALSE
IFI44	ENSG00000137965.11	1	1	1	1	0	444	Frame_Shift_Del	mutect2;pindel;varscan2								0.0104166666666667	FALSE
IFI44L	ENSG00000137959.16	1	1	1	1	0	453	Nonstop_Mutation	muse;mutect2;varscan2								0.0104166666666667	FALSE
IFIH1	ENSG00000115267.8	1	1	0	0	0	746	Missense_Mutation	muse;mutect2;varscan2								0.0104166666666667	FALSE
IFIT1	ENSG00000185745.10	1	1	0	0	0	244	Missense_Mutation	muse;mutect2;varscan2								0.0104166666666667	FALSE
IFIT3	ENSG00000119917.14	1	1	0	0	0	305	Missense_Mutation	muse;mutect2;varscan2								0.0104166666666667	FALSE
IFIT5	ENSG00000152778.9	1	1	0	0	0	284	Missense_Mutation	muse;mutect2;varscan2								0.0104166666666667	FALSE
IFNA10	ENSG00000186803.3	1	1	0	0	0	59	Missense_Mutation	muse;mutect2;varscan2								0.0104166666666667	FALSE
IFNGR1	ENSG00000027697.15	1	1	1	1	0	269	Frame_Shift_Del	mutect2;pindel;varscan2								0.0104166666666667	FALSE
IFNL2	ENSG00000183709.8	1	1	0	0	0	4	Missense_Mutation	muse;mutect2;varscan2								0.0104166666666667	FALSE
IFRD2	ENSG00000214706.10	1	1	1	1	0	247	Splice_Site	mutect2;pindel;varscan2								0.0104166666666667	FALSE
IFT22	ENSG00000128581.17	1	1	0	0	0	164	Missense_Mutation	muse;mutect2;varscan2								0.0104166666666667	FALSE
IFT80	ENSG00000068885.15	1	1	0	0	0	50	Missense_Mutation	muse;mutect2;varscan2								0.0104166666666667	FALSE
IFT81	ENSG00000122970.16	1	1	0	0	0	474	Missense_Mutation	muse;mutect2								0.0104166666666667	FALSE
IFTAP	ENSG00000166352.17	1	1	0	0	0	121	Missense_Mutation	muse;mutect2;varscan2								0.0104166666666667	FALSE
IGBP1P2	ENSG00000266826.2	1	1	0	0	0	85	Missense_Mutation	muse;mutect2;varscan2								0.0104166666666667	FALSE
IGDCC3	ENSG00000174498.14	1	1	0	0	0	146	Missense_Mutation	muse;mutect2;varscan2								0.0104166666666667	FALSE
IGF1	ENSG00000017427.17	1	1	0	0	0	129	Missense_Mutation	muse;mutect2;varscan2								0.0104166666666667	FALSE
IGF2	ENSG00000167244.21	1	1	1	1	0	1	Translation_Start_Site	muse;mutect2;varscan2								0.0104166666666667	FALSE
IGF2BP1	ENSG00000159217.10	1	1	0	0	0	109	Missense_Mutation	muse;mutect2;varscan2								0.0104166666666667	FALSE
IGFBP3	ENSG00000146674.15	1	1	0	0	0	152	Missense_Mutation	muse;mutect2;varscan2								0.0104166666666667	FALSE
IGFL2	ENSG00000204866.8	1	1	0	0	0	82	Missense_Mutation	muse;mutect2;varscan2								0.0104166666666667	FALSE
IGHA1	ENSG00000211895.5	1	1	0	0	0	263	Missense_Mutation	muse;mutect2;varscan2								0.0104166666666667	FALSE
IGHG1	ENSG00000211896.7	1	1	0	0	0	152	Missense_Mutation	muse;mutect2;varscan2								0.0104166666666667	FALSE
IGHV1-24	ENSG00000211950.2	1	1	0	0	0	110	Missense_Mutation	muse;mutect2;varscan2								0.0104166666666667	FALSE
IGHV1-3	ENSG00000211935.3	1	1	0	0	0	114	Missense_Mutation	muse;mutect2								0.0104166666666667	FALSE
IGHV1-69	ENSG00000211973.2	1	1	0	0	0	98	Missense_Mutation	muse;mutect2;varscan2								0.0104166666666667	FALSE
IGHV1OR15-9	ENSG00000188403.7	1	1	1	1	0	66	Nonsense_Mutation	muse;mutect2;varscan2								0.0104166666666667	FALSE
IGHV3-16	ENSG00000211944.2	1	1	0	0	0	32	Missense_Mutation	muse;mutect2;varscan2								0.0104166666666667	FALSE
IGHV3-38	ENSG00000211958.2	1	1	0	0	0	50	Missense_Mutation	muse;mutect2;varscan2								0.0104166666666667	FALSE
IGHV3-49	ENSG00000211965.4	1	1	0	0	0	5	Missense_Mutation	muse;mutect2;varscan2								0.0104166666666667	FALSE
IGHV3-53	ENSG00000211967.3	1	1	0	0	0	5	Missense_Mutation	muse;mutect2								0.0104166666666667	FALSE
IGHV7-81	ENSG00000211979.2	1	1	0	0	0	81	Missense_Mutation	muse;mutect2;varscan2								0.0104166666666667	FALSE
IGKV1D-17	ENSG00000242766.1	1	1	0	0	0	87	Missense_Mutation	muse;mutect2;varscan2								0.0104166666666667	FALSE
IGKV1D-43	ENSG00000242580.1	1	1	0	0	0	20	Missense_Mutation	muse;mutect2;varscan2								0.0104166666666667	FALSE
IGKV2-24	ENSG00000241294.1	1	1	1	1	0	67	Frame_Shift_Del	muse*;mutect2;varscan2*								0.0104166666666667	FALSE
IGKV2-28	ENSG00000244116.3	1	1	0	0	0	21	Missense_Mutation	muse;mutect2;varscan2								0.0104166666666667	FALSE
IGKV4-1	ENSG00000211598.2	1	1	0	0	0	86	Missense_Mutation	muse;mutect2								0.0104166666666667	FALSE
IGLC7	ENSG00000211685.3	1	1	1	1	0	42	Nonsense_Mutation	muse;mutect2;varscan2								0.0104166666666667	FALSE
IGLL1	ENSG00000128322.7	1	1	0	0	0	89	Missense_Mutation	muse;mutect2								0.0104166666666667	FALSE
IGLV1-50	ENSG00000211645.2	1	1	0	0	0	51	Missense_Mutation	muse;mutect2;varscan2								0.0104166666666667	FALSE
IGLV2-18	ENSG00000211664.3	1	1	0	0	0	53	Missense_Mutation	muse;mutect2								0.0104166666666667	FALSE
IGLV3-19	ENSG00000211663.2	1	1	0	0	0	78	Missense_Mutation	muse;mutect2								0.0104166666666667	FALSE
IGSF22	ENSG00000179057.14	1	1	0	0	0	227	Missense_Mutation	muse;mutect2;varscan2								0.0104166666666667	FALSE
IGSF6	ENSG00000140749.9	1	1	0	0	0	58	Missense_Mutation	muse;mutect2;varscan2								0.0104166666666667	FALSE
IGSF8	ENSG00000162729.14	1	1	0	0	0	574	Missense_Mutation	muse;mutect2;varscan2								0.0104166666666667	FALSE
IKBKB	ENSG00000104365.16	1	1	0	0	0	748	Missense_Mutation	muse;mutect2;varscan2								0.0104166666666667	FALSE
IKBKE	ENSG00000263528.8	1	1	0	0	0	706	Missense_Mutation	muse;mutect2;varscan2								0.0104166666666667	FALSE
IKZF1	ENSG00000185811.19	1	1	0	0	0	361	Missense_Mutation	muse;mutect2;varscan2								0.0104166666666667	FALSE
IKZF2	ENSG00000030419.16	1	1	0	0	0	508	Missense_Mutation	muse;mutect2;varscan2								0.0104166666666667	FALSE
IKZF3	ENSG00000161405.17	1	1	0	0	0	452	Missense_Mutation	muse;mutect2;varscan2								0.0104166666666667	FALSE
IL10	ENSG00000136634.7	1	1	0	0	0	130	Missense_Mutation	muse;mutect2;varscan2								0.0104166666666667	FALSE
IL10RA	ENSG00000110324.11	1	1	0	0	0	123	Splice_Region	muse;mutect2								0.0104166666666667	FALSE
IL10RB	ENSG00000243646.10	1	1	0	0	0	206	Missense_Mutation	muse;mutect2								0.0104166666666667	FALSE
IL12RB2	ENSG00000081985.13	1	1	1	1	0	682	Frame_Shift_Del	mutect2;pindel;varscan2								0.0104166666666667	FALSE
IL13	ENSG00000169194.9	1	1	0	0	0	21	Missense_Mutation	muse;mutect2;varscan2								0.0104166666666667	FALSE
IL15	ENSG00000164136.17	1	1	0	0	0	112	Missense_Mutation	muse;mutect2;varscan2								0.0104166666666667	FALSE
IL17F	ENSG00000112116.10	1	1	0	0	0	62	Missense_Mutation	muse;mutect2;varscan2								0.0104166666666667	FALSE
IL18RAP	ENSG00000115607.9	1	1	0	0	0	418	Missense_Mutation	muse;mutect2								0.0104166666666667	FALSE
IL1F10	ENSG00000136697.13	1	1	0	0	0	17	Missense_Mutation	muse;mutect2;varscan2								0.0104166666666667	FALSE
IL1R1	ENSG00000115594.12	1	1	0	0	0	97	Missense_Mutation	muse;mutect2;varscan2								0.0104166666666667	FALSE
IL1RAPL1	ENSG00000169306.10	1	1	0	0	0	222	Missense_Mutation	muse;mutect2;varscan2								0.0104166666666667	FALSE
IL23R	ENSG00000162594.16	1	1	0	0	0	470	Missense_Mutation	mutect2;varscan2								0.0104166666666667	FALSE
IL37	ENSG00000125571.9	1	1	0	0	0	22	Missense_Mutation	muse;mutect2;varscan2								0.0104166666666667	FALSE
IL5RA	ENSG00000091181.20	1	1	0	0	0	174	Missense_Mutation	muse;mutect2;varscan2								0.0104166666666667	FALSE
IL7R	ENSG00000168685.15	1	1	0	0	0	455	Missense_Mutation	mutect2;varscan2								0.0104166666666667	FALSE
ILDR1	ENSG00000145103.15	1	1	0	0	0	496	Missense_Mutation	muse;mutect2;varscan2								0.0104166666666667	FALSE
ILK	ENSG00000166333.14	1	1	0	0	0	448	Missense_Mutation	muse;mutect2;varscan2								0.0104166666666667	FALSE
ILRUN	ENSG00000196821.10	1	1	0	0	0	259	Missense_Mutation	muse;mutect2;varscan2								0.0104166666666667	FALSE
IMMP2L	ENSG00000184903.10	1	1	0	0	0	8	Missense_Mutation	muse;mutect2;varscan2								0.0104166666666667	FALSE
INAVA	ENSG00000163362.11	1	1	0	0	0	211	In_Frame_Del	pindel;varscan2								0.0104166666666667	FALSE
ING4	ENSG00000111653.20	1	1	0	0	0	4	Missense_Mutation	muse;mutect2;varscan2								0.0104166666666667	FALSE
ING5	ENSG00000168395.16	1	1	0	0	0	217	Missense_Mutation	muse;mutect2;varscan2								0.0104166666666667	FALSE
INHA	ENSG00000123999.5	1	1	0	0	0	30	Missense_Mutation	muse;mutect2;varscan2								0.0104166666666667	FALSE
INHBA	ENSG00000122641.11	1	1	0	0	0	154	Missense_Mutation	muse;mutect2;varscan2								0.0104166666666667	FALSE
INO80B	ENSG00000115274.15	1	1	1	1	0	138	Nonsense_Mutation	muse;mutect2								0.0104166666666667	FALSE
INO80C	ENSG00000153391.16	1	1	0	0	0	154	Missense_Mutation	muse;mutect2;varscan2								0.0104166666666667	FALSE
INO80D	ENSG00000114933.16	1	1	0	0	0	913	Missense_Mutation	muse;mutect2;varscan2								0.0104166666666667	FALSE
INPP4A	ENSG00000040933.16	1	1	0	0	0	760	Missense_Mutation	muse;mutect2								0.0104166666666667	FALSE
INPP4B	ENSG00000109452.12	1	1	0	0	0	245	Missense_Mutation	muse;mutect2;varscan2								0.0104166666666667	FALSE
INPP5E	ENSG00000148384.14	1	1	0	0	0	396	Missense_Mutation	muse;mutect2;varscan2								0.0104166666666667	FALSE
INPP5F	ENSG00000198825.15	1	1	1	1	0	469	Nonsense_Mutation	muse;mutect2;varscan2								0.0104166666666667	FALSE
INPPL1	ENSG00000165458.14	1	1	1	1	0	1051	Frame_Shift_Ins	mutect2;pindel;varscan2								0.0104166666666667	FALSE
INSC	ENSG00000188487.12	1	1	0	0	0	462	Missense_Mutation	muse;mutect2								0.0104166666666667	FALSE
INSR	ENSG00000171105.14	1	1	0	0	0	727	Missense_Mutation	muse;mutect2;varscan2								0.0104166666666667	FALSE
INSRR	ENSG00000027644.5	1	1	0	0	0	343	Missense_Mutation	mutect2;varscan2								0.0104166666666667	FALSE
INTS10	ENSG00000104613.12	1	1	0	0	0	126	Missense_Mutation	muse;mutect2								0.0104166666666667	FALSE
INTS11	ENSG00000127054.21	1	1	0	0	0	454	Missense_Mutation	muse;mutect2;varscan2								0.0104166666666667	FALSE
INTS4	ENSG00000149262.17	1	1	0	0	0	137	Missense_Mutation	muse;mutect2;varscan2								0.0104166666666667	FALSE
INTS7	ENSG00000143493.13	1	1	0	0	0	768	Missense_Mutation	muse;mutect2;varscan2								0.0104166666666667	FALSE
INTU	ENSG00000164066.13	1	1	0	0	0	311	Missense_Mutation	muse;varscan2								0.0104166666666667	FALSE
IPO11	ENSG00000086200.17	1	1	0	0	0	688	Missense_Mutation	muse;mutect2;varscan2								0.0104166666666667	FALSE
IPP	ENSG00000197429.11	1	1	1	1	0	331	Nonsense_Mutation	muse;mutect2;varscan2								0.0104166666666667	FALSE
IQCB1	ENSG00000173226.17	1	1	0	0	0	75	Missense_Mutation	muse;mutect2								0.0104166666666667	FALSE
IQGAP1	ENSG00000140575.13	1	1	0	0	0	5	Missense_Mutation	muse;mutect2;varscan2								0.0104166666666667	FALSE
IQSEC1	ENSG00000144711.16	1	1	0	0	0	566	Missense_Mutation	muse;mutect2;varscan2								0.0104166666666667	FALSE
IQUB	ENSG00000164675.11	1	1	1	1	0	685	Nonsense_Mutation	muse;mutect2								0.0104166666666667	FALSE
IRAG1	ENSG00000072952.19	1	1	0	0	0	216	Missense_Mutation	muse;mutect2;varscan2								0.0104166666666667	FALSE
IRAK3	ENSG00000090376.11	1	1	0	0	0	363	Missense_Mutation	muse;mutect2;varscan2								0.0104166666666667	FALSE
IREB2	ENSG00000136381.13	1	1	0	0	0	144	Missense_Mutation	muse;mutect2;varscan2								0.0104166666666667	FALSE
IRS1	ENSG00000169047.5	1	1	1	1	0	598	Frame_Shift_Ins	mutect2;varscan2								0.0104166666666667	FALSE
IRS4	ENSG00000133124.11	1	1	0	0	0	1167	Missense_Mutation	muse;mutect2;varscan2								0.0104166666666667	FALSE
IRX6	ENSG00000159387.8	1	1	0	0	0	193	Missense_Mutation	muse;mutect2;varscan2								0.0104166666666667	FALSE
ISL1	ENSG00000016082.15	1	1	0	0	0	326	Missense_Mutation	muse;mutect2;varscan2								0.0104166666666667	FALSE
ISM1	ENSG00000101230.6	1	1	1	1	0	433	Nonsense_Mutation	mutect2;varscan2								0.0104166666666667	FALSE
ISYNA1	ENSG00000105655.19	1	1	0	0	0	383	Missense_Mutation	mutect2;varscan2								0.0104166666666667	FALSE
ITCH	ENSG00000078747.16	1	1	0	0	0	510	Missense_Mutation	muse;mutect2;varscan2								0.0104166666666667	FALSE
ITGA10	ENSG00000143127.13	1	1	0	0	0	520	Missense_Mutation	muse;mutect2;varscan2								0.0104166666666667	FALSE
ITGA2	ENSG00000164171.11	1	1	0	0	0	885	Missense_Mutation	muse;mutect2;varscan2								0.0104166666666667	FALSE
ITGA2B	ENSG00000005961.19	1	1	0	0	0	313	Missense_Mutation	muse;mutect2;varscan2								0.0104166666666667	FALSE
ITGA7	ENSG00000135424.18	1	1	0	0	0	331	Missense_Mutation	muse;mutect2;varscan2								0.0104166666666667	FALSE
ITGA9	ENSG00000144668.12	1	1	0	0	0	906	Missense_Mutation	muse;mutect2								0.0104166666666667	FALSE
ITGAD	ENSG00000156886.12	1	1	1	1	0	661	Nonsense_Mutation	muse;mutect2;varscan2								0.0104166666666667	FALSE
ITGAL	ENSG00000005844.19	1	1	1	1	0	286	Splice_Site	muse;mutect2;varscan2								0.0104166666666667	FALSE
ITGB1BP2	ENSG00000147166.11	1	1	0	0	0	189	Missense_Mutation	muse;mutect2;varscan2								0.0104166666666667	FALSE
ITGB3	ENSG00000259207.9	1	1	0	0	0	300	Missense_Mutation	muse;mutect2;varscan2								0.0104166666666667	FALSE
ITGB5	ENSG00000082781.12	1	1	0	0	0	322	Missense_Mutation	muse;mutect2;varscan2								0.0104166666666667	FALSE
ITGB6	ENSG00000115221.12	1	1	0	0	0	200	Missense_Mutation	muse;mutect2;varscan2								0.0104166666666667	FALSE
ITPKC	ENSG00000086544.3	1	1	1	1	0	253	Frame_Shift_Ins	mutect2;pindel;varscan2								0.0104166666666667	FALSE
ITPR1	ENSG00000150995.20	1	1	0	0	0	426	Missense_Mutation	muse;mutect2;varscan2								0.0104166666666667	FALSE
ITPR2	ENSG00000123104.12	1	1	0	0	0	2174	Missense_Mutation	muse;mutect2;varscan2								0.0104166666666667	FALSE
ITPR3	ENSG00000096433.11	1	1	0	0	0	1882	Missense_Mutation	muse;mutect2;varscan2								0.0104166666666667	FALSE
ITPRID1	ENSG00000180347.13	1	1	0	0	0	506	Missense_Mutation	muse;mutect2;varscan2								0.0104166666666667	FALSE
ITPRIP	ENSG00000148841.17	1	1	0	0	0	277	Missense_Mutation	muse;mutect2;varscan2								0.0104166666666667	FALSE
IVL	ENSG00000163207.7	1	1	0	0	0	365	Missense_Mutation	muse;mutect2;varscan2								0.0104166666666667	FALSE
IZUMO1	ENSG00000182264.9	1	1	0	0	0	75	Missense_Mutation	muse;mutect2								0.0104166666666667	FALSE
JAG1	ENSG00000101384.12	1	1	1	1	0	32	Nonsense_Mutation	muse;mutect2;varscan2								0.0104166666666667	FALSE
JAK2	ENSG00000096968.14	1	1	0	0	0	1122	Missense_Mutation	muse;mutect2;varscan2								0.0104166666666667	FALSE
JAK3	ENSG00000105639.20	1	1	0	0	0	1106	Missense_Mutation	muse;mutect2;varscan2								0.0104166666666667	FALSE
JAKMIP1	ENSG00000152969.20	1	1	1	1	0	368	Splice_Site	muse;mutect2;varscan2								0.0104166666666667	FALSE
JAKMIP2	ENSG00000176049.16	1	1	0	0	0	207	Missense_Mutation	muse;mutect2;varscan2								0.0104166666666667	FALSE
JAM3	ENSG00000166086.13	1	1	0	0	0	91	Missense_Mutation	muse;mutect2;varscan2								0.0104166666666667	FALSE
JHY	ENSG00000109944.11	1	1	0	0	0	193	Missense_Mutation	muse;mutect2;varscan2								0.0104166666666667	FALSE
JKAMP	ENSG00000050130.18	1	1	0	0	0	181	Missense_Mutation	muse;mutect2;varscan2								0.0104166666666667	FALSE
JMJD6	ENSG00000070495.15	1	1	0	0	0	366	Missense_Mutation	muse;mutect2;varscan2								0.0104166666666667	FALSE
JMJD7-PLA2G4B	ENSG00000168970.22	1	1	0	0	0	732	Missense_Mutation	muse;mutect2;varscan2								0.0104166666666667	FALSE
JMJD8	ENSG00000161999.13	1	1	0	0	0	182	Missense_Mutation	muse;mutect2;varscan2								0.0104166666666667	FALSE
JRK	ENSG00000234616.9	1	1	0	0	0	254	Missense_Mutation	muse;mutect2;varscan2								0.0104166666666667	FALSE
KANK1	ENSG00000107104.20	1	1	0	0	0	652	Missense_Mutation	muse;mutect2;varscan2								0.0104166666666667	FALSE
KANSL1L	ENSG00000144445.17	1	1	1	1	0	686	Frame_Shift_Del	mutect2;pindel*;varscan2*								0.0104166666666667	FALSE
KANSL3	ENSG00000114982.19	1	1	0	0	0	612	Missense_Mutation	muse;mutect2;varscan2								0.0104166666666667	FALSE
KARS1	ENSG00000065427.15	1	1	0	0	0	379	Missense_Mutation	muse;mutect2								0.0104166666666667	FALSE
KASH5	ENSG00000161609.10	1	1	0	0	0	330	Missense_Mutation	muse;mutect2;varscan2								0.0104166666666667	FALSE
KAT14	ENSG00000149474.14	1	1	0	0	0	706	Missense_Mutation	muse;varscan2								0.0104166666666667	FALSE
KAT6B	ENSG00000156650.14	1	1	0	0	0	913	Missense_Mutation	muse;mutect2;varscan2								0.0104166666666667	FALSE
KATNAL1	ENSG00000102781.14	1	1	0	0	0	144	Missense_Mutation	muse;mutect2;varscan2								0.0104166666666667	FALSE
KATNAL2	ENSG00000167216.17	1	1	0	0	0	142	Missense_Mutation	muse;mutect2;varscan2								0.0104166666666667	FALSE
KBTBD2	ENSG00000170852.11	1	1	0	0	0	92	Missense_Mutation	muse;mutect2;varscan2								0.0104166666666667	FALSE
KBTBD3	ENSG00000182359.15	1	1	0	0	0	21	Missense_Mutation	muse;mutect2;varscan2								0.0104166666666667	FALSE
KBTBD4	ENSG00000123444.14	1	1	0	0	0	24	Missense_Mutation	muse;mutect2;varscan2								0.0104166666666667	FALSE
KBTBD6	ENSG00000165572.8	1	1	0	0	0	58	Missense_Mutation	muse;mutect2;varscan2								0.0104166666666667	FALSE
KCMF1	ENSG00000176407.18	1	1	0	0	0	220	Missense_Mutation	muse;mutect2;varscan2								0.0104166666666667	FALSE
KCNA3	ENSG00000177272.9	1	1	1	1	0	516	Nonsense_Mutation	muse;mutect2;varscan2								0.0104166666666667	FALSE
KCNA5	ENSG00000130037.5	1	1	0	0	0	245	Missense_Mutation	muse;mutect2;varscan2								0.0104166666666667	FALSE
KCNA6	ENSG00000151079.7	1	1	0	0	0	75	Missense_Mutation	muse;mutect2;varscan2								0.0104166666666667	FALSE
KCNAB1	ENSG00000169282.18	1	1	0	0	0	416	Missense_Mutation	muse;mutect2								0.0104166666666667	FALSE
KCNB2	ENSG00000182674.6	1	1	0	0	0	182	Missense_Mutation	muse;mutect2;varscan2								0.0104166666666667	FALSE
KCNC3	ENSG00000131398.15	1	1	0	0	0	662	Missense_Mutation	muse;mutect2;varscan2								0.0104166666666667	FALSE
KCND2	ENSG00000184408.10	1	1	0	0	0	612	Missense_Mutation	muse;mutect2;varscan2								0.0104166666666667	FALSE
KCNG4	ENSG00000168418.7	1	1	0	0	0	271	Missense_Mutation	muse;mutect2;varscan2								0.0104166666666667	FALSE
KCNH1	ENSG00000143473.13	1	1	0	0	0	842	Missense_Mutation	muse;mutect2;varscan2								0.0104166666666667	FALSE
KCNH6	ENSG00000173826.15	1	1	0	0	0	456	Missense_Mutation	muse;mutect2;varscan2								0.0104166666666667	FALSE
KCNJ11	ENSG00000187486.5	1	1	0	0	0	44	Missense_Mutation	muse;mutect2								0.0104166666666667	FALSE
KCNJ16	ENSG00000153822.14	1	1	0	0	0	362	Missense_Mutation	muse;mutect2;varscan2								0.0104166666666667	FALSE
KCNJ8	ENSG00000121361.5	1	1	0	0	0	353	Missense_Mutation	muse;mutect2;varscan2								0.0104166666666667	FALSE
KCNK13	ENSG00000152315.5	1	1	1	1	0	213	Nonsense_Mutation	mutect2;varscan2								0.0104166666666667	FALSE
KCNK2	ENSG00000082482.14	1	1	0	0	0	20	Missense_Mutation	muse;mutect2;varscan2								0.0104166666666667	FALSE
KCNMB3	ENSG00000171121.16	1	1	0	0	0	260	Missense_Mutation	muse;mutect2;varscan2								0.0104166666666667	FALSE
KCNN1	ENSG00000105642.15	1	1	0	0	0	425	Missense_Mutation	muse;mutect2;varscan2								0.0104166666666667	FALSE
KCNQ5	ENSG00000185760.17	1	1	0	0	0	702	Missense_Mutation	muse;mutect2;varscan2								0.0104166666666667	FALSE
KCNS2	ENSG00000156486.8	1	1	0	0	0	301	Missense_Mutation	muse;mutect2								0.0104166666666667	FALSE
KCTD13	ENSG00000174943.11	1	1	0	0	0	319	Missense_Mutation	muse;mutect2;varscan2								0.0104166666666667	FALSE
KCTD14	ENSG00000151364.17	1	1	0	0	0	242	Missense_Mutation	muse;mutect2;varscan2								0.0104166666666667	FALSE
KCTD16	ENSG00000183775.11	1	1	0	0	0	30	Missense_Mutation	muse;mutect2								0.0104166666666667	FALSE
KCTD18	ENSG00000155729.13	1	1	0	0	0	158	Missense_Mutation	muse;mutect2								0.0104166666666667	FALSE
KCTD21	ENSG00000188997.8	1	1	0	0	0	122	Missense_Mutation	muse;mutect2;varscan2								0.0104166666666667	FALSE
KCTD3	ENSG00000136636.13	1	1	0	0	0	719	Missense_Mutation	muse;mutect2;varscan2								0.0104166666666667	FALSE
KCTD7	ENSG00000243335.10	1	1	0	0	0	195	Missense_Mutation	muse;mutect2;varscan2								0.0104166666666667	FALSE
KCTD8	ENSG00000183783.7	1	1	0	0	0	429	Missense_Mutation	muse;mutect2								0.0104166666666667	FALSE
KDF1	ENSG00000175707.9	1	1	1	1	0	216	Nonsense_Mutation	muse;varscan2								0.0104166666666667	FALSE
KDM4A	ENSG00000066135.13	1	1	0	0	0	508	Missense_Mutation	muse;mutect2;varscan2								0.0104166666666667	FALSE
KDM4D	ENSG00000186280.7	1	1	0	0	0	119	Missense_Mutation	muse;mutect2;varscan2								0.0104166666666667	FALSE
KDM5C	ENSG00000126012.12	1	1	0	0	0	1178	Missense_Mutation	muse;mutect2;varscan2								0.0104166666666667	FALSE
KDM6B	ENSG00000132510.10	1	1	0	0	0	84	Missense_Mutation	muse;mutect2;varscan2								0.0104166666666667	FALSE
KDM7A	ENSG00000006459.11	1	1	0	0	0	835	Missense_Mutation	muse;mutect2;varscan2								0.0104166666666667	FALSE
KHDC3L	ENSG00000203908.4	1	1	0	0	0	185	Missense_Mutation	muse;mutect2;varscan2								0.0104166666666667	FALSE
KHDC4	ENSG00000132680.11	1	1	0	0	0	339	Missense_Mutation	muse;mutect2;varscan2								0.0104166666666667	FALSE
KHDRBS2	ENSG00000112232.10	1	1	0	0	0	87	Missense_Mutation	muse;mutect2;varscan2								0.0104166666666667	FALSE
KHDRBS3	ENSG00000131773.14	1	1	0	0	0	232	Missense_Mutation	muse;mutect2;varscan2								0.0104166666666667	FALSE
KHNYN	ENSG00000100441.10	1	1	1	1	0	65	Frame_Shift_Del	pindel;varscan2								0.0104166666666667	FALSE
KIAA0586	ENSG00000100578.18	1	1	0	0	0	506	Missense_Mutation	muse;mutect2;varscan2								0.0104166666666667	FALSE
KIAA0753	ENSG00000198920.11	1	1	0	0	0	651	Missense_Mutation	muse;mutect2;varscan2								0.0104166666666667	FALSE
KIAA0825	ENSG00000185261.14	1	1	0	0	0	181	Missense_Mutation	muse;mutect2;varscan2								0.0104166666666667	FALSE
KIAA0895	ENSG00000164542.13	1	1	0	0	0	436	Missense_Mutation	muse;mutect2;varscan2								0.0104166666666667	FALSE
KIAA0930	ENSG00000100364.19	1	1	0	0	0	389	Missense_Mutation	muse;mutect2;varscan2								0.0104166666666667	FALSE
KIAA1191	ENSG00000122203.15	1	1	0	0	0	172	Missense_Mutation	muse;mutect2;varscan2								0.0104166666666667	FALSE
KIAA1522	ENSG00000162522.11	1	1	0	0	0	847	Missense_Mutation	muse;mutect2;varscan2								0.0104166666666667	FALSE
KIAA1586	ENSG00000168116.14	1	1	0	0	0	546	Missense_Mutation	muse;mutect2;varscan2								0.0104166666666667	FALSE
KIAA2013	ENSG00000116685.16	1	1	1	1	0	604	Frame_Shift_Del	mutect2;pindel;varscan2								0.0104166666666667	FALSE
KIF13A	ENSG00000137177.20	1	1	0	0	0	1216	Missense_Mutation	muse;mutect2;varscan2								0.0104166666666667	FALSE
KIF17	ENSG00000117245.13	1	1	0	0	0	533	Missense_Mutation	muse;mutect2;varscan2								0.0104166666666667	FALSE
KIF18A	ENSG00000121621.7	1	1	0	0	0	598	Missense_Mutation	muse;mutect2;varscan2								0.0104166666666667	FALSE
KIF1B	ENSG00000054523.18	1	1	0	0	0	1658	Missense_Mutation	muse;mutect2;varscan2								0.0104166666666667	FALSE
KIF26A	ENSG00000066735.14	1	1	0	0	0	692	Missense_Mutation	muse;mutect2;varscan2								0.0104166666666667	FALSE
KIF27	ENSG00000165115.15	1	1	1	1	0	623	Nonsense_Mutation	muse;mutect2;varscan2								0.0104166666666667	FALSE
KIF2A	ENSG00000068796.19	1	1	0	0	0	516	Missense_Mutation	muse;mutect2								0.0104166666666667	FALSE
KIF2C	ENSG00000142945.13	1	1	0	0	0	624	Missense_Mutation	muse;mutect2;varscan2								0.0104166666666667	FALSE
KIF3A	ENSG00000131437.16	1	1	0	0	0	640	Missense_Mutation	muse;mutect2;varscan2								0.0104166666666667	FALSE
KIF4A	ENSG00000090889.12	1	1	0	0	0	591	Missense_Mutation	muse;mutect2;varscan2								0.0104166666666667	FALSE
KIF6	ENSG00000164627.18	1	1	0	0	0	546	Missense_Mutation	muse;mutect2;varscan2								0.0104166666666667	FALSE
KIFAP3	ENSG00000075945.13	1	1	0	0	0	625	Missense_Mutation	muse;mutect2;varscan2								0.0104166666666667	FALSE
KIFBP	ENSG00000198954.9	1	1	0	0	0	534	Missense_Mutation	muse;mutect2;varscan2								0.0104166666666667	FALSE
KIFC1	ENSG00000237649.8	1	1	0	0	0	587	Missense_Mutation	muse;mutect2;varscan2								0.0104166666666667	FALSE
KIR2DL1	ENSG00000125498.20	1	1	0	0	0	276	Missense_Mutation	muse;mutect2								0.0104166666666667	FALSE
KIR2DL4	ENSG00000189013.14	1	1	0	0	0	93	Missense_Mutation	muse;varscan2								0.0104166666666667	FALSE
KIR2DS4	ENSG00000221957.8	1	1	0	0	0	26	Missense_Mutation	muse;mutect2								0.0104166666666667	FALSE
KIRREL3	ENSG00000149571.12	1	1	0	0	0	510	Missense_Mutation	muse;mutect2;varscan2								0.0104166666666667	FALSE
KIT	ENSG00000157404.16	1	1	0	0	0	590	Missense_Mutation	muse;mutect2;varscan2								0.0104166666666667	FALSE
KITLG	ENSG00000049130.16	1	1	0	0	0	129	Missense_Mutation	muse;mutect2;varscan2								0.0104166666666667	FALSE
KLC1	ENSG00000126214.21	1	1	0	0	0	365	Missense_Mutation	muse;mutect2;varscan2								0.0104166666666667	FALSE
KLF10	ENSG00000155090.15	1	1	1	1	0	244	Nonsense_Mutation	muse;mutect2;varscan2								0.0104166666666667	FALSE
KLF15	ENSG00000163884.4	1	1	0	0	0	220	Missense_Mutation	muse;mutect2;varscan2								0.0104166666666667	FALSE
KLF17	ENSG00000171872.5	1	1	0	0	0	326	Missense_Mutation	muse;mutect2;varscan2								0.0104166666666667	FALSE
KLF8	ENSG00000102349.18	1	1	0	0	0	242	Missense_Mutation	muse;mutect2;varscan2								0.0104166666666667	FALSE
KLHDC1	ENSG00000197776.8	1	1	0	0	0	297	Missense_Mutation	muse;varscan2								0.0104166666666667	FALSE
KLHDC2	ENSG00000165516.11	1	1	0	0	0	363	Missense_Mutation	muse;mutect2;varscan2								0.0104166666666667	FALSE
KLHDC7A	ENSG00000179023.8	1	1	0	0	0	126	Missense_Mutation	muse;mutect2;varscan2								0.0104166666666667	FALSE
KLHDC8B	ENSG00000185909.15	1	1	1	1	0	17	Frame_Shift_Del	mutect2;pindel;varscan2								0.0104166666666667	FALSE
KLHL1	ENSG00000150361.12	1	1	0	0	0	71	Missense_Mutation	muse;mutect2;varscan2								0.0104166666666667	FALSE
KLHL14	ENSG00000197705.10	1	1	0	0	0	502	Missense_Mutation	muse;mutect2;varscan2								0.0104166666666667	FALSE
KLHL2	ENSG00000109466.14	1	1	0	0	0	268	Missense_Mutation	muse;mutect2;varscan2								0.0104166666666667	FALSE
KLHL25	ENSG00000183655.13	1	1	0	0	0	345	Missense_Mutation	muse;mutect2;varscan2								0.0104166666666667	FALSE
KLHL26	ENSG00000167487.12	1	1	0	0	0	591	Missense_Mutation	muse;mutect2;varscan2								0.0104166666666667	FALSE
KLHL36	ENSG00000135686.13	1	1	0	0	0	469	Missense_Mutation	muse;mutect2;varscan2								0.0104166666666667	FALSE
KLHL38	ENSG00000175946.8	1	1	0	0	0	505	Missense_Mutation	muse;mutect2;varscan2								0.0104166666666667	FALSE
KLHL40	ENSG00000157119.12	1	1	0	0	0	146	Missense_Mutation	muse;mutect2;varscan2								0.0104166666666667	FALSE
KLHL8	ENSG00000145332.14	1	1	0	0	0	276	Missense_Mutation	muse;mutect2;varscan2								0.0104166666666667	FALSE
KLK11	ENSG00000167757.14	1	1	1	1	0	10	Frame_Shift_Del	mutect2;pindel;varscan2								0.0104166666666667	FALSE
KLK12	ENSG00000186474.15	1	1	0	0	0	43	Missense_Mutation	muse;mutect2;varscan2								0.0104166666666667	FALSE
KLK5	ENSG00000167754.13	1	1	0	0	0	227	Missense_Mutation	muse;mutect2;varscan2								0.0104166666666667	FALSE
KLK9	ENSG00000213022.6	1	1	0	0	0	243	Missense_Mutation	muse;mutect2;varscan2								0.0104166666666667	FALSE
KLKB1	ENSG00000164344.16	1	1	0	0	0	556	Missense_Mutation	muse;mutect2;varscan2								0.0104166666666667	FALSE
KLRC4	ENSG00000183542.5	1	1	0	0	0	14	Missense_Mutation	muse;mutect2;varscan2								0.0104166666666667	FALSE
KLRD1	ENSG00000134539.17	1	1	0	0	0	87	Missense_Mutation	muse;mutect2;varscan2								0.0104166666666667	FALSE
KLRF1	ENSG00000150045.12	1	1	0	0	0	165	Missense_Mutation	muse;mutect2;varscan2								0.0104166666666667	FALSE
KLRK1	ENSG00000213809.9	1	1	0	0	0	161	Missense_Mutation	muse;mutect2;varscan2								0.0104166666666667	FALSE
KMO	ENSG00000117009.12	1	1	0	0	0	477	Missense_Mutation	muse;mutect2;varscan2								0.0104166666666667	FALSE
KNL1	ENSG00000137812.20	1	1	0	0	0	692	Missense_Mutation	muse;mutect2;varscan2								0.0104166666666667	FALSE
KNOP1	ENSG00000103550.14	1	1	1	1	0	427	Nonsense_Mutation	muse;mutect2;varscan2								0.0104166666666667	FALSE
KPNA2	ENSG00000182481.10	1	1	0	0	0	365	Missense_Mutation	muse;mutect2;varscan2								0.0104166666666667	FALSE
KPNA4	ENSG00000186432.10	1	1	0	0	0	387	Missense_Mutation	muse;mutect2;varscan2								0.0104166666666667	FALSE
KRIT1	ENSG00000001631.16	1	1	0	0	0	504	Missense_Mutation	muse;mutect2;varscan2								0.0104166666666667	FALSE
KRR1	ENSG00000111615.14	1	1	0	0	0	254	Missense_Mutation	muse;mutect2;varscan2								0.0104166666666667	FALSE
KRT1	ENSG00000167768.4	1	1	0	0	0	621	Missense_Mutation	muse;mutect2;varscan2								0.0104166666666667	FALSE
KRT12	ENSG00000187242.6	1	1	0	0	0	68	Missense_Mutation	muse;mutect2;varscan2								0.0104166666666667	FALSE
KRT15	ENSG00000171346.16	1	1	0	0	0	453	Missense_Mutation	muse;mutect2;varscan2								0.0104166666666667	FALSE
KRT17	ENSG00000128422.17	1	1	1	1	0	338	Nonsense_Mutation	muse;mutect2;varscan2								0.0104166666666667	FALSE
KRT2	ENSG00000172867.4	1	1	0	0	0	180	Missense_Mutation	muse;mutect2;varscan2								0.0104166666666667	FALSE
KRT24	ENSG00000167916.5	1	1	0	0	0	287	Missense_Mutation	muse;mutect2;varscan2								0.0104166666666667	FALSE
KRT28	ENSG00000173908.9	1	1	0	0	0	457	Missense_Mutation	muse;mutect2								0.0104166666666667	FALSE
KRT33A	ENSG00000006059.4	1	1	1	1	0	138	Nonsense_Mutation	muse;mutect2;varscan2								0.0104166666666667	FALSE
KRT35	ENSG00000197079.8	1	1	0	0	0	375	Missense_Mutation	muse;mutect2;varscan2								0.0104166666666667	FALSE
KRT5	ENSG00000186081.12	1	1	0	0	0	390	Missense_Mutation	muse;varscan2								0.0104166666666667	FALSE
KRT6C	ENSG00000170465.10	1	1	0	0	0	30	Missense_Mutation	muse;mutect2								0.0104166666666667	FALSE
KRT73	ENSG00000186049.8	1	1	0	0	0	206	Missense_Mutation	muse;mutect2;varscan2								0.0104166666666667	FALSE
KRT77	ENSG00000189182.10	1	1	0	0	0	428	Missense_Mutation	muse;mutect2;varscan2								0.0104166666666667	FALSE
KRT78	ENSG00000170423.13	1	1	0	0	0	51	Missense_Mutation	muse;mutect2;varscan2								0.0104166666666667	FALSE
KRT8	ENSG00000170421.12	1	1	0	0	0	409	Missense_Mutation	muse;mutect2;varscan2								0.0104166666666667	FALSE
KRT9	ENSG00000171403.10	1	1	0	0	0	582	Missense_Mutation	muse;mutect2;varscan2								0.0104166666666667	FALSE
KRTAP10-6	ENSG00000188155.11	1	1	0	0	0	345	Missense_Mutation	muse;varscan2								0.0104166666666667	FALSE
KRTAP11-1	ENSG00000182591.6	1	1	0	0	0	103	Missense_Mutation	muse;mutect2;varscan2								0.0104166666666667	FALSE
KRTAP13-2	ENSG00000182816.9	1	1	0	0	0	94	Missense_Mutation	muse;mutect2;varscan2								0.0104166666666667	FALSE
KRTAP13-4	ENSG00000186971.3	1	1	0	0	0	34	Missense_Mutation	muse;mutect2;varscan2								0.0104166666666667	FALSE
KRTAP5-1	ENSG00000205869.2	1	1	0	0	0	112	In_Frame_Del	muse*;mutect2								0.0104166666666667	FALSE
KRTAP5-7	ENSG00000244411.4	1	1	1	1	0	134	Nonsense_Mutation	muse;mutect2;varscan2								0.0104166666666667	FALSE
KRTAP5-9	ENSG00000254997.4	1	1	0	0	0	162	Missense_Mutation	muse;mutect2;varscan2								0.0104166666666667	FALSE
KRTAP9-3	ENSG00000204873.5	1	1	0	0	0	136	Missense_Mutation	muse;mutect2;varscan2								0.0104166666666667	FALSE
KRTAP9-8	ENSG00000187272.7	1	1	0	0	0	136	Missense_Mutation	muse;mutect2								0.0104166666666667	FALSE
KRTAP9-9	ENSG00000198083.9	1	1	0	0	0	116	Missense_Mutation	muse;mutect2;varscan2								0.0104166666666667	FALSE
KRTDAP	ENSG00000188508.11	1	1	0	0	0	99	Missense_Mutation	muse;mutect2;varscan2								0.0104166666666667	FALSE
KSR1	ENSG00000141068.14	1	1	0	0	0	95	Missense_Mutation	muse;mutect2;varscan2								0.0104166666666667	FALSE
KYAT3	ENSG00000137944.18	1	1	0	0	0	233	Missense_Mutation	muse;mutect2;varscan2								0.0104166666666667	FALSE
L2HGDH	ENSG00000087299.12	1	1	0	0	0	223	Missense_Mutation	muse;mutect2								0.0104166666666667	FALSE
L3MBTL4	ENSG00000154655.16	1	1	0	0	0	268	Missense_Mutation	muse;mutect2;varscan2								0.0104166666666667	FALSE
LACC1	ENSG00000179630.11	1	1	0	0	0	233	Missense_Mutation	muse;mutect2;varscan2								0.0104166666666667	FALSE
LAIR1	ENSG00000167613.16	1	1	0	0	0	112	Missense_Mutation	muse;mutect2;varscan2								0.0104166666666667	FALSE
LAIR2	ENSG00000167618.10	1	1	0	0	0	54	Missense_Mutation	muse;mutect2;varscan2								0.0104166666666667	FALSE
LAMA1	ENSG00000101680.15	1	1	0	0	0	169	Missense_Mutation	muse;mutect2;varscan2								0.0104166666666667	FALSE
LAMB2	ENSG00000172037.14	1	1	0	0	0	513	Missense_Mutation	muse;mutect2;varscan2								0.0104166666666667	FALSE
LAMB3	ENSG00000196878.15	1	1	0	0	0	1051	Missense_Mutation	muse;mutect2;varscan2								0.0104166666666667	FALSE
LAMC3	ENSG00000050555.19	1	1	0	0	0	1112	Missense_Mutation	muse;mutect2;varscan2								0.0104166666666667	FALSE
LAMTOR1	ENSG00000149357.10	1	1	0	0	0	17	Missense_Mutation	muse;mutect2;varscan2								0.0104166666666667	FALSE
LAPTM4B	ENSG00000104341.17	1	1	0	0	0	265	Missense_Mutation	muse;mutect2;varscan2								0.0104166666666667	FALSE
LAPTM5	ENSG00000162511.8	1	1	0	0	0	164	Missense_Mutation	muse;mutect2;varscan2								0.0104166666666667	FALSE
LARGE1	ENSG00000133424.22	1	1	0	0	0	414	Missense_Mutation	muse;mutect2;varscan2								0.0104166666666667	FALSE
LARP1	ENSG00000155506.18	1	1	0	0	0	616	Missense_Mutation	muse;mutect2;varscan2								0.0104166666666667	FALSE
LARP4B	ENSG00000107929.15	1	1	0	0	0	416	Missense_Mutation	muse;mutect2;varscan2								0.0104166666666667	FALSE
LARP7	ENSG00000174720.16	1	1	1	1	0	333	Splice_Site	muse;mutect2;varscan2								0.0104166666666667	FALSE
LAS1L	ENSG00000001497.18	1	1	0	0	0	525	Missense_Mutation	muse;mutect2;varscan2								0.0104166666666667	FALSE
LCA5	ENSG00000135338.14	1	1	0	0	0	692	Missense_Mutation	muse;mutect2;varscan2								0.0104166666666667	FALSE
LCA5L	ENSG00000157578.13	1	1	0	0	0	643	Missense_Mutation	muse;mutect2								0.0104166666666667	FALSE
LCAT	ENSG00000213398.8	1	1	0	0	0	178	Missense_Mutation	muse;mutect2;varscan2								0.0104166666666667	FALSE
LCE1F	ENSG00000240386.3	1	1	0	0	0	57	Missense_Mutation	muse;mutect2;varscan2								0.0104166666666667	FALSE
LCE2A	ENSG00000187173.4	1	1	0	0	0	16	Missense_Mutation	muse;mutect2;varscan2								0.0104166666666667	FALSE
LCE2B	ENSG00000159455.9	1	1	0	0	0	54	Missense_Mutation	muse;mutect2;varscan2								0.0104166666666667	FALSE
LCE2C	ENSG00000187180.3	1	1	0	0	0	57	Missense_Mutation	muse;mutect2;varscan2								0.0104166666666667	FALSE
LCE3C	ENSG00000244057.4	1	1	0	0	0	64	Missense_Mutation	muse;mutect2;varscan2								0.0104166666666667	FALSE
LCN1	ENSG00000160349.10	1	1	0	0	0	66	Missense_Mutation	muse;mutect2;varscan2								0.0104166666666667	FALSE
LCN6	ENSG00000267206.6	1	1	0	0	0	24	Missense_Mutation	muse;mutect2;varscan2								0.0104166666666667	FALSE
LCP2	ENSG00000043462.13	1	1	0	0	0	331	Missense_Mutation	muse;mutect2								0.0104166666666667	FALSE
LDB1	ENSG00000198728.11	1	1	0	0	0	156	Missense_Mutation	muse;mutect2;varscan2								0.0104166666666667	FALSE
LDB2	ENSG00000169744.13	1	1	0	0	0	34	Missense_Mutation	muse;mutect2;varscan2								0.0104166666666667	FALSE
LDB3	ENSG00000122367.20	1	1	0	0	0	390	Missense_Mutation	muse;mutect2;varscan2								0.0104166666666667	FALSE
LDHAL6A	ENSG00000166800.10	1	1	0	0	0	240	Missense_Mutation	muse;mutect2								0.0104166666666667	FALSE
LDHAL6B	ENSG00000171989.6	1	1	0	0	0	154	Missense_Mutation	muse;mutect2;varscan2								0.0104166666666667	FALSE
LDHD	ENSG00000166816.15	1	1	0	0	0	372	Missense_Mutation	muse;mutect2;varscan2								0.0104166666666667	FALSE
LDLR	ENSG00000130164.14	1	1	0	0	0	378	Missense_Mutation	mutect2;varscan2								0.0104166666666667	FALSE
LDLRAP1	ENSG00000157978.12	1	1	1	1	0	202	Frame_Shift_Del	mutect2;pindel;varscan2								0.0104166666666667	FALSE
LEFTY2	ENSG00000143768.13	1	1	0	0	0	52	Missense_Mutation	muse;mutect2;varscan2								0.0104166666666667	FALSE
LENG8	ENSG00000167615.17	1	1	0	0	0	177	Missense_Mutation	muse;mutect2;varscan2								0.0104166666666667	FALSE
LGALS3BP	ENSG00000108679.13	1	1	0	0	0	312	In_Frame_Del	mutect2;pindel;varscan2								0.0104166666666667	FALSE
LGALS9	ENSG00000168961.17	1	1	0	0	0	146	Missense_Mutation	muse;mutect2;varscan2								0.0104166666666667	FALSE
LHX4	ENSG00000121454.6	1	1	0	0	0	300	Missense_Mutation	muse;mutect2;varscan2								0.0104166666666667	FALSE
LIAS	ENSG00000121897.15	1	1	0	0	0	100	Missense_Mutation	muse;mutect2;varscan2								0.0104166666666667	FALSE
LIFR	ENSG00000113594.10	1	1	1	1	0	703	Nonsense_Mutation	muse;mutect2;varscan2								0.0104166666666667	FALSE
LIG4	ENSG00000174405.14	1	1	1	1	0	103	Nonsense_Mutation	muse;mutect2;varscan2								0.0104166666666667	FALSE
LILRA1	ENSG00000104974.12	1	1	0	0	0	351	Missense_Mutation	muse;mutect2;varscan2								0.0104166666666667	FALSE
LILRA4	ENSG00000239961.3	1	1	0	0	0	318	Splice_Region	muse;mutect2;varscan2								0.0104166666666667	FALSE
LILRB3	ENSG00000204577.11	1	1	0	0	0	584	Missense_Mutation	muse;mutect2;varscan2								0.0104166666666667	FALSE
LIMA1	ENSG00000050405.13	1	1	0	0	0	91	Missense_Mutation	muse;mutect2;varscan2								0.0104166666666667	FALSE
LIMCH1	ENSG00000064042.18	1	1	0	0	0	524	Missense_Mutation	muse;mutect2								0.0104166666666667	FALSE
LIMK1	ENSG00000106683.15	1	1	0	0	0	325	Missense_Mutation	muse;mutect2								0.0104166666666667	FALSE
LIMK2	ENSG00000182541.18	1	1	0	0	0	170	Missense_Mutation	muse;mutect2;varscan2								0.0104166666666667	FALSE
LIN7A	ENSG00000111052.7	1	1	0	0	0	170	Missense_Mutation	muse;mutect2;varscan2								0.0104166666666667	FALSE
LIN7C	ENSG00000148943.12	1	1	0	0	0	19	Missense_Mutation	muse;mutect2								0.0104166666666667	FALSE
LIN9	ENSG00000183814.15	1	1	0	0	0	187	Missense_Mutation	muse;mutect2;varscan2								0.0104166666666667	FALSE
LINC02210-CRHR1	ENSG00000263715.7	1	1	1	1	0	37	Nonsense_Mutation	muse;mutect2;varscan2								0.0104166666666667	FALSE
LINGO1	ENSG00000169783.13	1	1	0	0	0	111	Missense_Mutation	muse;mutect2								0.0104166666666667	FALSE
LIPE	ENSG00000079435.10	1	1	0	0	0	381	Missense_Mutation	muse;mutect2;varscan2								0.0104166666666667	FALSE
LIPH	ENSG00000163898.10	1	1	0	0	0	184	Missense_Mutation	muse;mutect2;varscan2								0.0104166666666667	FALSE
LITAF	ENSG00000189067.13	1	1	0	0	0	160	Missense_Mutation	muse;mutect2;varscan2								0.0104166666666667	FALSE
LMAN2	ENSG00000169223.15	1	1	0	0	0	299	Missense_Mutation	muse;mutect2;varscan2								0.0104166666666667	FALSE
LMAN2L	ENSG00000114988.12	1	1	0	0	0	303	Missense_Mutation	muse;mutect2;varscan2								0.0104166666666667	FALSE
LMBRD1	ENSG00000168216.13	1	1	0	0	0	14	Missense_Mutation	muse;mutect2;varscan2								0.0104166666666667	FALSE
LMO7	ENSG00000136153.20	1	1	0	0	0	206	Missense_Mutation	muse;mutect2;varscan2								0.0104166666666667	FALSE
LMX1A	ENSG00000162761.14	1	1	1	1	0	127	Nonsense_Mutation	muse;mutect2;varscan2								0.0104166666666667	FALSE
LNPEP	ENSG00000113441.16	1	1	0	0	0	106	Missense_Mutation	muse;mutect2;varscan2								0.0104166666666667	FALSE
LNX2	ENSG00000139517.9	1	1	0	0	0	688	Missense_Mutation	muse;mutect2;varscan2								0.0104166666666667	FALSE
LONP1	ENSG00000196365.12	1	1	0	0	0	731	Missense_Mutation	mutect2;varscan2								0.0104166666666667	FALSE
LONRF1	ENSG00000154359.13	1	1	1	1	0	522	Splice_Site	muse;mutect2;varscan2								0.0104166666666667	FALSE
LONRF2	ENSG00000170500.13	1	1	0	0	0	736	Missense_Mutation	muse;mutect2								0.0104166666666667	FALSE
LORICRIN	ENSG00000203782.6	1	1	0	0	0	152	Missense_Mutation	muse;mutect2;varscan2								0.0104166666666667	FALSE
LOXL3	ENSG00000115318.12	1	1	0	0	0	41	Missense_Mutation	muse;mutect2;varscan2								0.0104166666666667	FALSE
LPCAT2	ENSG00000087253.13	1	1	0	0	0	532	Missense_Mutation	muse;mutect2;varscan2								0.0104166666666667	FALSE
LPCAT3	ENSG00000111684.11	1	1	0	0	0	413	Missense_Mutation	muse;mutect2;varscan2								0.0104166666666667	FALSE
LPGAT1	ENSG00000123684.13	1	1	0	0	0	154	Missense_Mutation	muse;mutect2;varscan2								0.0104166666666667	FALSE
LPO	ENSG00000167419.11	1	1	0	0	0	549	Missense_Mutation	muse;mutect2;varscan2								0.0104166666666667	FALSE
LRAT	ENSG00000121207.12	1	1	0	0	0	87	Missense_Mutation	muse;mutect2;varscan2								0.0104166666666667	FALSE
LRATD2	ENSG00000168672.4	1	1	0	0	0	155	Missense_Mutation	muse;mutect2								0.0104166666666667	FALSE
LRCH1	ENSG00000136141.15	1	1	0	0	0	358	Missense_Mutation	muse;mutect2;varscan2								0.0104166666666667	FALSE
LRFN4	ENSG00000173621.9	1	1	0	0	0	587	Missense_Mutation	muse;mutect2;varscan2								0.0104166666666667	FALSE
LRGUK	ENSG00000155530.3	1	1	0	0	0	218	Missense_Mutation	muse;mutect2;varscan2								0.0104166666666667	FALSE
LRIG3	ENSG00000139263.12	1	1	0	0	0	863	Missense_Mutation	muse;mutect2;varscan2								0.0104166666666667	FALSE
LRP12	ENSG00000147650.11	1	1	0	0	0	522	Missense_Mutation	muse;mutect2;varscan2								0.0104166666666667	FALSE
LRP2BP	ENSG00000109771.15	1	1	0	0	0	301	Missense_Mutation	muse;mutect2;varscan2								0.0104166666666667	FALSE
LRP8	ENSG00000157193.18	1	1	1	1	0	898	Frame_Shift_Ins	mutect2;pindel;varscan2								0.0104166666666667	FALSE
LRRC15	ENSG00000172061.9	1	1	0	0	0	435	Missense_Mutation	muse;mutect2;varscan2								0.0104166666666667	FALSE
LRRC28	ENSG00000168904.15	1	1	0	0	0	62	Missense_Mutation	muse;mutect2								0.0104166666666667	FALSE
LRRC34	ENSG00000171757.17	1	1	0	0	0	61	Missense_Mutation	muse;mutect2;varscan2								0.0104166666666667	FALSE
LRRC37A2	ENSG00000238083.8	1	1	1	1	0	1628	Nonsense_Mutation	mutect2;varscan2								0.0104166666666667	FALSE
LRRC37B	ENSG00000185158.12	1	1	0	0	0	794	Missense_Mutation	muse;mutect2;varscan2								0.0104166666666667	FALSE
LRRC4	ENSG00000128594.8	1	1	0	0	0	553	Missense_Mutation	muse;mutect2;varscan2								0.0104166666666667	FALSE
LRRC43	ENSG00000158113.13	1	1	0	0	0	342	Missense_Mutation	muse;mutect2;varscan2								0.0104166666666667	FALSE
LRRC47	ENSG00000130764.10	1	1	1	1	0	472	Frame_Shift_Ins	mutect2;pindel;varscan2								0.0104166666666667	FALSE
LRRC57	ENSG00000180979.10	1	1	0	0	0	188	Missense_Mutation	muse;mutect2;varscan2								0.0104166666666667	FALSE
LRRC6	ENSG00000129295.9	1	1	1	1	0	404	Nonsense_Mutation	muse;mutect2;varscan2								0.0104166666666667	FALSE
LRRC61	ENSG00000127399.15	1	1	0	0	0	110	Missense_Mutation	muse;mutect2;varscan2								0.0104166666666667	FALSE
LRRC66	ENSG00000188993.3	1	1	0	0	0	643	Missense_Mutation	muse;mutect2;varscan2								0.0104166666666667	FALSE
LRRFIP1	ENSG00000124831.19	1	1	0	0	0	614	Missense_Mutation	muse;mutect2								0.0104166666666667	FALSE
LRRIQ4	ENSG00000188306.6	1	1	0	0	0	15	Missense_Mutation	muse;mutect2;varscan2								0.0104166666666667	FALSE
LRRN1	ENSG00000175928.6	1	1	0	0	0	37	Missense_Mutation	muse;mutect2;varscan2								0.0104166666666667	FALSE
LRRN2	ENSG00000170382.12	1	1	0	0	0	415	Missense_Mutation	muse;mutect2;varscan2								0.0104166666666667	FALSE
LRRTM2	ENSG00000146006.8	1	1	0	0	0	513	Missense_Mutation	muse;mutect2;varscan2								0.0104166666666667	FALSE
LRRTM4	ENSG00000176204.13	1	1	0	0	0	157	Missense_Mutation	muse;mutect2;varscan2								0.0104166666666667	FALSE
LRSAM1	ENSG00000148356.14	1	1	0	0	0	690	Missense_Mutation	muse;mutect2;varscan2								0.0104166666666667	FALSE
LSM11	ENSG00000155858.6	1	1	0	0	0	195	Missense_Mutation	muse;mutect2;varscan2								0.0104166666666667	FALSE
LSM14A	ENSG00000257103.8	1	1	1	1	0	364	Frame_Shift_Ins	mutect2;pindel;varscan2								0.0104166666666667	FALSE
LSM14B	ENSG00000149657.20	1	1	0	0	0	102	Missense_Mutation	muse;mutect2;varscan2								0.0104166666666667	FALSE
LSS	ENSG00000160285.15	1	1	0	0	0	450	Missense_Mutation	muse;mutect2;varscan2								0.0104166666666667	FALSE
LTBP3	ENSG00000168056.17	1	1	0	0	0	659	Missense_Mutation	muse;mutect2;varscan2								0.0104166666666667	FALSE
LTBP4	ENSG00000090006.18	1	1	0	0	0	228	Missense_Mutation	muse;mutect2;varscan2								0.0104166666666667	FALSE
LTN1	ENSG00000198862.14	1	1	1	1	0	360	Frame_Shift_Ins	mutect2;pindel;varscan2								0.0104166666666667	FALSE
LUC7L	ENSG00000007392.17	1	1	0	0	0	342	Missense_Mutation	muse;mutect2;varscan2								0.0104166666666667	FALSE
LURAP1L	ENSG00000153714.6	1	1	0	0	0	10	Missense_Mutation	muse;mutect2;varscan2								0.0104166666666667	FALSE
LY75	ENSG00000054219.11	1	1	0	0	0	1608	Missense_Mutation	muse;mutect2;varscan2								0.0104166666666667	FALSE
LYG2	ENSG00000185674.9	1	1	1	1	0	177	Nonsense_Mutation	muse;mutect2;varscan2								0.0104166666666667	FALSE
LYN	ENSG00000254087.8	1	1	0	0	0	423	Missense_Mutation	muse;mutect2;varscan2								0.0104166666666667	FALSE
LYPD4	ENSG00000273111.6	1	1	0	0	0	38	Missense_Mutation	muse;mutect2;varscan2								0.0104166666666667	FALSE
LYPD6	ENSG00000187123.15	1	1	0	0	0	83	Missense_Mutation	muse;mutect2;varscan2								0.0104166666666667	FALSE
LYPLA1	ENSG00000120992.18	1	1	0	0	0	151	Missense_Mutation	muse;mutect2;varscan2								0.0104166666666667	FALSE
LYRM2	ENSG00000083099.11	1	1	0	0	0	52	Missense_Mutation	muse;mutect2;varscan2								0.0104166666666667	FALSE
LZTS3	ENSG00000088899.15	1	1	0	0	0	200	Missense_Mutation	muse;mutect2;varscan2								0.0104166666666667	FALSE
MACROD2	ENSG00000172264.17	1	1	0	0	0	374	Missense_Mutation	muse;varscan2								0.0104166666666667	FALSE
MACROH2A1	ENSG00000113648.16	1	1	0	0	0	58	Splice_Region	muse;mutect2;varscan2								0.0104166666666667	FALSE
MADCAM1	ENSG00000099866.15	1	1	0	0	0	319	Missense_Mutation	muse;mutect2;varscan2								0.0104166666666667	FALSE
MAEA	ENSG00000090316.16	1	1	0	0	0	331	Missense_Mutation	muse;mutect2;varscan2								0.0104166666666667	FALSE
MAF1	ENSG00000179632.10	1	1	1	1	0	65	Nonsense_Mutation	muse;mutect2;varscan2								0.0104166666666667	FALSE
MAGEA6	ENSG00000197172.10	1	1	0	0	0	288	Missense_Mutation	muse;mutect2;varscan2								0.0104166666666667	FALSE
MAGEB2	ENSG00000099399.6	1	1	0	0	0	31	Missense_Mutation	muse;mutect2;varscan2								0.0104166666666667	FALSE
MAGEB4	ENSG00000120289.12	1	1	0	0	0	292	Missense_Mutation	muse;mutect2;varscan2								0.0104166666666667	FALSE
MAGEC2	ENSG00000046774.10	1	1	0	0	0	293	Missense_Mutation	muse;mutect2;varscan2								0.0104166666666667	FALSE
MAGED1	ENSG00000179222.18	1	1	0	0	0	335	Missense_Mutation	muse;mutect2;varscan2								0.0104166666666667	FALSE
MAGEL2	ENSG00000254585.5	1	1	0	0	0	922	Missense_Mutation	muse;mutect2;varscan2								0.0104166666666667	FALSE
MAGI3	ENSG00000081026.19	1	1	0	0	0	61	Missense_Mutation	muse;mutect2;varscan2								0.0104166666666667	FALSE
MAGT1	ENSG00000102158.20	1	1	0	0	0	138	In_Frame_Del	pindel;varscan2								0.0104166666666667	FALSE
MAJIN	ENSG00000168070.12	1	1	0	0	0	206	Missense_Mutation	muse;mutect2;varscan2								0.0104166666666667	FALSE
MAK	ENSG00000111837.12	1	1	0	0	0	209	Missense_Mutation	muse;mutect2;varscan2								0.0104166666666667	FALSE
MALT1	ENSG00000172175.15	1	1	0	0	0	618	Missense_Mutation	muse;mutect2;varscan2								0.0104166666666667	FALSE
MAMDC2	ENSG00000165072.10	1	1	0	0	0	500	Missense_Mutation	muse;mutect2;varscan2								0.0104166666666667	FALSE
MAMDC4	ENSG00000177943.14	1	1	1	1	0	274	Frame_Shift_Del	mutect2;varscan2								0.0104166666666667	FALSE
MAML2	ENSG00000184384.14	1	1	1	1	0	735	Frame_Shift_Ins	mutect2;pindel;varscan2								0.0104166666666667	FALSE
MAML3	ENSG00000196782.12	1	1	0	0	0	433	Missense_Mutation	muse;mutect2;varscan2								0.0104166666666667	FALSE
MAN1C1	ENSG00000117643.14	1	1	0	0	0	449	Missense_Mutation	muse;mutect2;varscan2								0.0104166666666667	FALSE
MAN2A2	ENSG00000196547.15	1	1	0	0	0	976	Missense_Mutation	muse;mutect2;varscan2								0.0104166666666667	FALSE
MAN2B2	ENSG00000013288.9	1	1	0	0	0	81	Missense_Mutation	muse;mutect2;varscan2								0.0104166666666667	FALSE
MANEA	ENSG00000172469.16	1	1	0	0	0	404	Missense_Mutation	muse;mutect2;varscan2								0.0104166666666667	FALSE
MAP10	ENSG00000212916.4	1	1	0	0	0	981	Missense_Mutation	muse;mutect2;varscan2								0.0104166666666667	FALSE
MAP11	ENSG00000146826.17	1	1	0	0	0	353	Missense_Mutation	muse;mutect2;varscan2								0.0104166666666667	FALSE
MAP1LC3C	ENSG00000197769.6	1	1	0	0	0	76	Missense_Mutation	muse;mutect2;varscan2								0.0104166666666667	FALSE
MAP2K5	ENSG00000137764.20	1	1	0	0	0	185	Missense_Mutation	muse;mutect2;varscan2								0.0104166666666667	FALSE
MAP3K12	ENSG00000139625.13	1	1	0	0	0	357	Missense_Mutation	muse;mutect2;varscan2								0.0104166666666667	FALSE
MAP3K4	ENSG00000085511.20	1	1	1	1	0	87	Frame_Shift_Del	mutect2;pindel;varscan2								0.0104166666666667	FALSE
MAP4K3	ENSG00000011566.15	1	1	0	0	0	191	Missense_Mutation	mutect2;varscan2								0.0104166666666667	FALSE
MAP4K4	ENSG00000071054.16	1	1	0	0	0	306	Missense_Mutation	muse;mutect2;varscan2								0.0104166666666667	FALSE
MAP7D1	ENSG00000116871.15	1	1	0	0	0	402	Missense_Mutation	muse;mutect2;varscan2								0.0104166666666667	FALSE
MAPK1	ENSG00000100030.15	1	1	0	0	0	316	Missense_Mutation	muse;mutect2;varscan2								0.0104166666666667	FALSE
MAPK10	ENSG00000109339.24	1	1	0	0	0	329	Missense_Mutation	muse;mutect2;varscan2								0.0104166666666667	FALSE
MARCHF4	ENSG00000144583.5	1	1	1	1	0	69	Frame_Shift_Del	mutect2;varscan2								0.0104166666666667	FALSE
MARCKSL1	ENSG00000175130.7	1	1	0	0	0	168	Missense_Mutation	muse;mutect2								0.0104166666666667	FALSE
MARVELD3	ENSG00000140832.10	1	1	0	0	0	238	Missense_Mutation	muse;mutect2;varscan2								0.0104166666666667	FALSE
MAS1	ENSG00000130368.7	1	1	0	0	0	176	Missense_Mutation	muse;mutect2;varscan2								0.0104166666666667	FALSE
MASP1	ENSG00000127241.18	1	1	0	0	0	498	Missense_Mutation	muse;mutect2;varscan2								0.0104166666666667	FALSE
MAST3	ENSG00000099308.10	1	1	0	0	0	142	Missense_Mutation	muse;mutect2;varscan2								0.0104166666666667	FALSE
MAST4	ENSG00000069020.18	1	1	0	0	0	1161	Missense_Mutation	mutect2;varscan2								0.0104166666666667	FALSE
MAT2B	ENSG00000038274.17	1	1	0	0	0	167	Missense_Mutation	muse;mutect2;varscan2								0.0104166666666667	FALSE
MATK	ENSG00000007264.15	1	1	0	0	0	318	Missense_Mutation	muse;mutect2								0.0104166666666667	FALSE
MAU2	ENSG00000129933.21	1	1	0	0	0	492	Missense_Mutation	muse;mutect2;varscan2								0.0104166666666667	FALSE
MBD1	ENSG00000141644.17	1	1	1	1	0	188	Frame_Shift_Del	pindel;varscan2								0.0104166666666667	FALSE
MBL2	ENSG00000165471.7	1	1	0	0	0	32	Missense_Mutation	muse;mutect2;varscan2								0.0104166666666667	FALSE
MBLAC1	ENSG00000214309.5	1	1	0	0	0	124	Missense_Mutation	muse;mutect2;varscan2								0.0104166666666667	FALSE
MBNL1	ENSG00000152601.17	1	1	0	0	0	64	Missense_Mutation	muse;mutect2								0.0104166666666667	FALSE
MBOAT7	ENSG00000125505.17	1	1	0	0	0	345	In_Frame_Del	mutect2;pindel;varscan2								0.0104166666666667	FALSE
MBTPS1	ENSG00000140943.17	1	1	0	0	0	77	Missense_Mutation	muse;mutect2;varscan2								0.0104166666666667	FALSE
MC4R	ENSG00000166603.5	1	1	0	0	0	317	Missense_Mutation	muse;mutect2;varscan2								0.0104166666666667	FALSE
MCHR1	ENSG00000128285.4	1	1	0	0	0	174	Missense_Mutation	muse;mutect2;varscan2								0.0104166666666667	FALSE
MCHR2	ENSG00000152034.11	1	1	0	0	0	95	Missense_Mutation	muse;mutect2;varscan2								0.0104166666666667	FALSE
MCL1	ENSG00000143384.14	1	1	0	0	0	255	Missense_Mutation	muse;mutect2;varscan2								0.0104166666666667	FALSE
MCM3AP	ENSG00000160294.11	1	1	0	0	0	302	Missense_Mutation	muse;mutect2;varscan2								0.0104166666666667	FALSE
MCM4	ENSG00000104738.18	1	1	1	1	0	392	Splice_Site	mutect2;pindel								0.0104166666666667	FALSE
MCOLN1	ENSG00000090674.16	1	1	0	0	0	27	Missense_Mutation	muse;mutect2								0.0104166666666667	FALSE
MCOLN3	ENSG00000055732.13	1	1	0	0	0	148	Missense_Mutation	muse;mutect2;varscan2								0.0104166666666667	FALSE
MCTP2	ENSG00000140563.15	1	1	1	1	0	209	Nonsense_Mutation	muse;mutect2;varscan2								0.0104166666666667	FALSE
ME1	ENSG00000065833.9	1	1	0	0	0	317	Missense_Mutation	muse;mutect2								0.0104166666666667	FALSE
MEA1	ENSG00000124733.5	1	1	0	0	0	57	Missense_Mutation	muse;mutect2;varscan2								0.0104166666666667	FALSE
MECP2	ENSG00000169057.24	1	1	0	0	0	473	Missense_Mutation	muse;mutect2;varscan2								0.0104166666666667	FALSE
MED10	ENSG00000133398.4	1	1	0	0	0	112	Missense_Mutation	muse;mutect2;varscan2								0.0104166666666667	FALSE
MED12	ENSG00000184634.16	1	1	0	0	0	156	Missense_Mutation	muse;mutect2;varscan2								0.0104166666666667	FALSE
MED14	ENSG00000180182.11	1	1	0	0	0	758	Missense_Mutation	muse;mutect2;varscan2								0.0104166666666667	FALSE
MED17	ENSG00000042429.12	1	1	0	0	0	94	Missense_Mutation	muse;mutect2;varscan2								0.0104166666666667	FALSE
MED19	ENSG00000156603.19	1	1	0	0	0	141	Missense_Mutation	muse;mutect2;varscan2								0.0104166666666667	FALSE
MED25	ENSG00000104973.19	1	1	0	0	0	351	Missense_Mutation	muse;mutect2								0.0104166666666667	FALSE
MED7	ENSG00000155868.8	1	1	0	0	0	203	Missense_Mutation	muse;mutect2;varscan2								0.0104166666666667	FALSE
MEF2C	ENSG00000081189.16	1	1	0	0	0	251	Missense_Mutation	muse;mutect2;varscan2								0.0104166666666667	FALSE
MEF2D	ENSG00000116604.18	1	1	0	0	0	388	Missense_Mutation	muse;mutect2;varscan2								0.0104166666666667	FALSE
MEGF10	ENSG00000145794.17	1	1	0	0	0	377	Missense_Mutation	muse;mutect2;varscan2								0.0104166666666667	FALSE
MEGF11	ENSG00000157890.17	1	1	0	0	0	134	Missense_Mutation	muse;mutect2								0.0104166666666667	FALSE
MEIS2	ENSG00000134138.20	1	1	0	0	0	151	Missense_Mutation	muse;mutect2;varscan2								0.0104166666666667	FALSE
MEP1B	ENSG00000141434.12	1	1	0	0	0	127	Missense_Mutation	muse;mutect2;varscan2								0.0104166666666667	FALSE
MERTK	ENSG00000153208.17	1	1	0	0	0	885	Missense_Mutation	muse;mutect2;varscan2								0.0104166666666667	FALSE
MET	ENSG00000105976.16	1	1	0	0	0	327	Missense_Mutation	muse;mutect2;varscan2								0.0104166666666667	FALSE
METAP2	ENSG00000111142.14	1	1	0	0	0	365	Missense_Mutation	muse;mutect2;varscan2								0.0104166666666667	FALSE
METTL15	ENSG00000169519.21	1	1	0	0	0	116	Missense_Mutation	muse;mutect2;varscan2								0.0104166666666667	FALSE
METTL22	ENSG00000067365.15	1	1	1	1	0	202	Frame_Shift_Del	mutect2;pindel;varscan2								0.0104166666666667	FALSE
METTL25	ENSG00000127720.8	1	1	0	0	0	88	Missense_Mutation	muse;mutect2;varscan2								0.0104166666666667	FALSE
METTL27	ENSG00000165171.11	1	1	0	0	0	34	Missense_Mutation	muse;mutect2;varscan2								0.0104166666666667	FALSE
METTL3	ENSG00000165819.12	1	1	0	0	0	295	Missense_Mutation	muse;mutect2;varscan2								0.0104166666666667	FALSE
METTL4	ENSG00000101574.15	1	1	0	0	0	186	Missense_Mutation	muse;mutect2;varscan2								0.0104166666666667	FALSE
MEX3A	ENSG00000254726.3	1	1	0	0	0	186	Missense_Mutation	muse;mutect2;varscan2								0.0104166666666667	FALSE
MFAP1	ENSG00000140259.7	1	1	1	1	0	281	Frame_Shift_Ins	mutect2;pindel;varscan2								0.0104166666666667	FALSE
MFAP3L	ENSG00000198948.12	1	1	0	0	0	285	Missense_Mutation	muse;mutect2								0.0104166666666667	FALSE
MFN1	ENSG00000171109.19	1	1	0	0	0	68	Missense_Mutation	muse;mutect2;varscan2								0.0104166666666667	FALSE
MFN2	ENSG00000116688.18	1	1	0	0	0	124	Missense_Mutation	muse;mutect2;varscan2								0.0104166666666667	FALSE
MFSD10	ENSG00000109736.15	1	1	0	0	0	210	Missense_Mutation	muse;mutect2;varscan2								0.0104166666666667	FALSE
MFSD13A	ENSG00000138111.14	1	1	0	0	0	55	Missense_Mutation	muse;mutect2;varscan2								0.0104166666666667	FALSE
MFSD14A	ENSG00000156875.14	1	1	0	0	0	457	Missense_Mutation	muse;mutect2;varscan2								0.0104166666666667	FALSE
MFSD5	ENSG00000182544.9	1	1	0	0	0	3	Missense_Mutation	muse;mutect2;varscan2								0.0104166666666667	FALSE
MFSD9	ENSG00000135953.11	1	1	1	1	0	41	Nonsense_Mutation	muse;mutect2;varscan2								0.0104166666666667	FALSE
MGAT3	ENSG00000128268.12	1	1	0	0	0	183	Missense_Mutation	muse;mutect2								0.0104166666666667	FALSE
MGAT4C	ENSG00000182050.13	1	1	0	0	0	455	Missense_Mutation	muse;mutect2;varscan2								0.0104166666666667	FALSE
MGP	ENSG00000111341.10	1	1	0	0	0	99	Missense_Mutation	muse;mutect2;varscan2								0.0104166666666667	FALSE
MGST3	ENSG00000143198.13	1	1	0	0	0	49	Missense_Mutation	muse;mutect2;varscan2								0.0104166666666667	FALSE
MIA3	ENSG00000154305.18	1	1	0	0	0	1425	Missense_Mutation	muse;mutect2								0.0104166666666667	FALSE
MIB1	ENSG00000101752.12	1	1	0	0	0	811	Missense_Mutation	muse;mutect2;varscan2								0.0104166666666667	FALSE
MICAL1	ENSG00000135596.18	1	1	0	0	0	774	Missense_Mutation	muse;mutect2;varscan2								0.0104166666666667	FALSE
MICAL2	ENSG00000133816.17	1	1	0	0	0	674	Missense_Mutation	muse;mutect2;varscan2								0.0104166666666667	FALSE
MICALL1	ENSG00000100139.13	1	1	1	1	0	817	Nonsense_Mutation	mutect2;varscan2								0.0104166666666667	FALSE
MICU1	ENSG00000107745.19	1	1	0	0	0	170	Missense_Mutation	muse;mutect2;varscan2								0.0104166666666667	FALSE
MICU2	ENSG00000165487.14	1	1	0	0	0	154	Missense_Mutation	muse;mutect2;varscan2								0.0104166666666667	FALSE
MID1	ENSG00000101871.16	1	1	0	0	0	579	Missense_Mutation	muse;varscan2								0.0104166666666667	FALSE
MID2	ENSG00000080561.14	1	1	0	0	0	48	Missense_Mutation	muse;mutect2;varscan2								0.0104166666666667	FALSE
MIDEAS	ENSG00000156030.13	1	1	0	0	0	636	Missense_Mutation	muse;mutect2;varscan2								0.0104166666666667	FALSE
MIEF1	ENSG00000100335.15	1	1	0	0	0	339	Missense_Mutation	muse;mutect2;varscan2								0.0104166666666667	FALSE
MIIP	ENSG00000116691.11	1	1	0	0	0	57	Missense_Mutation	muse;mutect2;varscan2								0.0104166666666667	FALSE
MINAR1	ENSG00000169330.9	1	1	1	1	0	731	Nonsense_Mutation	muse;mutect2;varscan2								0.0104166666666667	FALSE
MIOX	ENSG00000100253.13	1	1	0	0	0	207	Missense_Mutation	muse;mutect2;varscan2								0.0104166666666667	FALSE
MIPEP	ENSG00000027001.10	1	1	0	0	0	296	Missense_Mutation	muse;mutect2;varscan2								0.0104166666666667	FALSE
MIS18BP1	ENSG00000129534.14	1	1	1	1	0	690	Frame_Shift_Del	mutect2;varscan2								0.0104166666666667	FALSE
MISP	ENSG00000099812.9	1	1	0	0	0	90	Missense_Mutation	muse;mutect2;varscan2								0.0104166666666667	FALSE
MKKS	ENSG00000125863.20	1	1	0	0	0	421	Missense_Mutation	muse;mutect2;varscan2								0.0104166666666667	FALSE
MKX	ENSG00000150051.14	1	1	0	0	0	176	Missense_Mutation	muse;mutect2;varscan2								0.0104166666666667	FALSE
MLKL	ENSG00000168404.13	1	1	0	0	0	202	Missense_Mutation	muse;mutect2;varscan2								0.0104166666666667	FALSE
MLLT3	ENSG00000171843.17	1	1	0	0	0	375	Missense_Mutation	muse;mutect2;varscan2								0.0104166666666667	FALSE
MLX	ENSG00000108788.12	1	1	0	0	0	100	Missense_Mutation	muse;mutect2;varscan2								0.0104166666666667	FALSE
MLXIP	ENSG00000175727.14	1	1	1	1	0	501	Frame_Shift_Del	mutect2;pindel;varscan2								0.0104166666666667	FALSE
MMD2	ENSG00000136297.15	1	1	0	0	0	215	Missense_Mutation	muse;mutect2;varscan2								0.0104166666666667	FALSE
MMP11	ENSG00000099953.10	1	1	0	0	0	187	Missense_Mutation	muse;mutect2;varscan2								0.0104166666666667	FALSE
MMP15	ENSG00000102996.5	1	1	0	0	0	128	Missense_Mutation	muse;varscan2								0.0104166666666667	FALSE
MMP2	ENSG00000087245.13	1	1	0	0	0	467	Missense_Mutation	muse;mutect2;varscan2								0.0104166666666667	FALSE
MMP3	ENSG00000149968.12	1	1	0	0	0	190	Missense_Mutation	muse;mutect2;varscan2								0.0104166666666667	FALSE
MMS19	ENSG00000155229.21	1	1	0	0	0	1006	Missense_Mutation	muse;mutect2;varscan2								0.0104166666666667	FALSE
MN1	ENSG00000169184.6	1	1	0	0	0	1163	Missense_Mutation	muse;mutect2;varscan2								0.0104166666666667	FALSE
MNDA	ENSG00000163563.8	1	1	0	0	0	317	Missense_Mutation	muse;mutect2;varscan2								0.0104166666666667	FALSE
MOB4	ENSG00000115540.15	1	1	0	0	0	43	Missense_Mutation	muse;mutect2;varscan2								0.0104166666666667	FALSE
MOCS1	ENSG00000124615.20	1	1	0	0	0	111	Missense_Mutation	muse;mutect2;varscan2								0.0104166666666667	FALSE
MOK	ENSG00000080823.23	1	1	0	0	0	56	Missense_Mutation	muse;mutect2;varscan2								0.0104166666666667	FALSE
MON2	ENSG00000061987.16	1	1	0	0	0	266	Missense_Mutation	muse;mutect2;varscan2								0.0104166666666667	FALSE
MORC3	ENSG00000159256.13	1	1	0	0	0	556	Missense_Mutation	muse;mutect2;varscan2								0.0104166666666667	FALSE
MORC4	ENSG00000133131.15	1	1	0	0	0	305	Missense_Mutation	muse;mutect2;varscan2								0.0104166666666667	FALSE
MOSPD3	ENSG00000106330.12	1	1	0	0	0	34	Missense_Mutation	muse;mutect2;varscan2								0.0104166666666667	FALSE
MOV10L1	ENSG00000073146.16	1	1	0	0	0	1123	Missense_Mutation	muse;mutect2;varscan2								0.0104166666666667	FALSE
MOXD1	ENSG00000079931.15	1	1	0	0	0	258	Missense_Mutation	muse;mutect2;varscan2								0.0104166666666667	FALSE
MPG	ENSG00000103152.12	1	1	0	0	0	211	Missense_Mutation	muse;mutect2;varscan2								0.0104166666666667	FALSE
MPIG6B	ENSG00000204420.10	1	1	0	0	0	223	Missense_Mutation	muse;mutect2;varscan2								0.0104166666666667	FALSE
MPO	ENSG00000005381.8	1	1	0	0	0	641	Missense_Mutation	muse;mutect2;varscan2								0.0104166666666667	FALSE
MPP1	ENSG00000130830.15	1	1	0	0	0	367	Missense_Mutation	muse;mutect2								0.0104166666666667	FALSE
MPP2	ENSG00000108852.15	1	1	0	0	0	399	Missense_Mutation	muse;mutect2;varscan2								0.0104166666666667	FALSE
MPPE1	ENSG00000154889.17	1	1	0	0	0	185	Missense_Mutation	muse;mutect2;varscan2								0.0104166666666667	FALSE
MPPED2	ENSG00000066382.16	1	1	0	0	0	189	Missense_Mutation	muse;mutect2;varscan2								0.0104166666666667	FALSE
MRAS	ENSG00000158186.13	1	1	0	0	0	67	Missense_Mutation	muse;mutect2;varscan2								0.0104166666666667	FALSE
MRGPRX1	ENSG00000170255.7	1	1	0	0	0	238	Missense_Mutation	muse;mutect2;varscan2								0.0104166666666667	FALSE
MROH5	ENSG00000226807.6	1	1	0	0	0	1241	Missense_Mutation	muse;mutect2;varscan2								0.0104166666666667	FALSE
MROH6	ENSG00000204839.9	1	1	0	0	0	545	Missense_Mutation	muse;mutect2;varscan2								0.0104166666666667	FALSE
MRPL1	ENSG00000169288.18	1	1	0	0	0	242	Missense_Mutation	muse;mutect2								0.0104166666666667	FALSE
MRPL18	ENSG00000112110.10	1	1	0	0	0	42	Missense_Mutation	muse;mutect2								0.0104166666666667	FALSE
MRPL19	ENSG00000115364.14	1	1	0	0	0	247	Missense_Mutation	muse;mutect2;varscan2								0.0104166666666667	FALSE
MRPL22	ENSG00000082515.18	1	1	0	0	0	38	Missense_Mutation	muse;mutect2;varscan2								0.0104166666666667	FALSE
MRPL3	ENSG00000114686.9	1	1	0	0	0	315	Missense_Mutation	muse;mutect2								0.0104166666666667	FALSE
MRPL50	ENSG00000136897.8	1	1	0	0	0	9	Missense_Mutation	muse;mutect2;varscan2								0.0104166666666667	FALSE
MRPL57	ENSG00000173141.5	1	1	0	0	0	72	Missense_Mutation	muse;mutect2;varscan2								0.0104166666666667	FALSE
MRPS12	ENSG00000128626.12	1	1	0	0	0	23	Missense_Mutation	muse;mutect2;varscan2								0.0104166666666667	FALSE
MRPS15	ENSG00000116898.12	1	1	1	1	0	147	Nonsense_Mutation	muse;mutect2;varscan2								0.0104166666666667	FALSE
MRPS22	ENSG00000175110.12	1	1	0	0	0	325	Missense_Mutation	muse;mutect2;varscan2								0.0104166666666667	FALSE
MRPS25	ENSG00000131368.8	1	1	0	0	0	42	Missense_Mutation	muse;mutect2;varscan2								0.0104166666666667	FALSE
MRPS26	ENSG00000125901.6	1	1	0	0	0	190	Missense_Mutation	muse;mutect2;varscan2								0.0104166666666667	FALSE
MRPS34	ENSG00000074071.15	1	1	0	0	0	127	Missense_Mutation	muse;mutect2;varscan2								0.0104166666666667	FALSE
MRTFB	ENSG00000186260.17	1	1	0	0	0	913	Missense_Mutation	muse;mutect2;varscan2								0.0104166666666667	FALSE
MS4A14	ENSG00000166928.11	1	1	0	0	0	455	Missense_Mutation	muse;mutect2;varscan2								0.0104166666666667	FALSE
MS4A6E	ENSG00000166926.8	1	1	0	0	0	67	Missense_Mutation	muse;mutect2;varscan2								0.0104166666666667	FALSE
MS4A8	ENSG00000166959.8	1	1	0	0	0	92	Missense_Mutation	muse;mutect2;varscan2								0.0104166666666667	FALSE
MSH2	ENSG00000095002.15	1	1	0	0	0	604	Missense_Mutation	muse;mutect2;varscan2								0.0104166666666667	FALSE
MSH4	ENSG00000057468.7	1	1	1	1	0	605	Nonsense_Mutation	muse;mutect2								0.0104166666666667	FALSE
MSR1	ENSG00000038945.15	1	1	0	0	0	211	Missense_Mutation	muse;mutect2;varscan2								0.0104166666666667	FALSE
MSRB1	ENSG00000198736.12	1	1	0	0	0	18	Missense_Mutation	muse;mutect2								0.0104166666666667	FALSE
MST1	ENSG00000173531.15	1	1	0	0	0	655	Missense_Mutation	muse;mutect2;varscan2								0.0104166666666667	FALSE
MST1R	ENSG00000164078.13	1	1	0	0	0	867	Missense_Mutation	muse;mutect2;varscan2								0.0104166666666667	FALSE
MSTO1	ENSG00000125459.17	1	1	0	0	0	462	Missense_Mutation	muse;mutect2;varscan2								0.0104166666666667	FALSE
MT1H	ENSG00000205358.4	1	1	0	0	0	31	Missense_Mutation	muse;mutect2								0.0104166666666667	FALSE
MT1M	ENSG00000205364.4	1	1	0	0	0	45	Missense_Mutation	muse;mutect2;varscan2								0.0104166666666667	FALSE
MTA2	ENSG00000149480.7	1	1	0	0	0	483	Missense_Mutation	muse;mutect2;varscan2								0.0104166666666667	FALSE
MTA3	ENSG00000057935.14	1	1	0	0	0	351	Missense_Mutation	muse;mutect2;varscan2								0.0104166666666667	FALSE
MTAP	ENSG00000099810.21	1	1	0	0	0	122	Missense_Mutation	muse;mutect2								0.0104166666666667	FALSE
MTARC2	ENSG00000117791.16	1	1	0	0	0	205	Missense_Mutation	muse;mutect2;varscan2								0.0104166666666667	FALSE
MTBP	ENSG00000172167.8	1	1	0	0	0	318	Missense_Mutation	muse;mutect2;varscan2								0.0104166666666667	FALSE
MTCL1	ENSG00000168502.17	1	1	0	0	0	1566	Missense_Mutation	muse;mutect2;varscan2								0.0104166666666667	FALSE
MTERF4	ENSG00000122085.17	1	1	0	0	0	322	Missense_Mutation	muse;mutect2;varscan2								0.0104166666666667	FALSE
MTF2	ENSG00000143033.18	1	1	0	0	0	439	Missense_Mutation	muse;mutect2;varscan2								0.0104166666666667	FALSE
MTG1	ENSG00000148824.19	1	1	0	0	0	78	Missense_Mutation	muse;mutect2;varscan2								0.0104166666666667	FALSE
MTHFD2	ENSG00000065911.13	1	1	0	0	0	221	Missense_Mutation	muse;mutect2;varscan2								0.0104166666666667	FALSE
MTHFS	ENSG00000136371.11	1	1	1	1	0	40	Splice_Site	pindel;varscan2								0.0104166666666667	FALSE
MTIF2	ENSG00000085760.15	1	1	1	1	0	522	Splice_Site	muse;varscan2								0.0104166666666667	FALSE
MTMR1	ENSG00000063601.17	1	1	0	0	0	204	Missense_Mutation	muse;mutect2;varscan2								0.0104166666666667	FALSE
MTMR14	ENSG00000163719.20	1	1	0	0	0	568	Missense_Mutation	muse;mutect2;varscan2								0.0104166666666667	FALSE
MTMR9	ENSG00000104643.10	1	1	0	0	0	81	Missense_Mutation	muse;mutect2;varscan2								0.0104166666666667	FALSE
MTREX	ENSG00000039123.16	1	1	0	0	0	1019	Missense_Mutation	muse;mutect2;varscan2								0.0104166666666667	FALSE
MTRF1	ENSG00000120662.16	1	1	0	0	0	200	Missense_Mutation	muse;mutect2;varscan2								0.0104166666666667	FALSE
MTTP	ENSG00000138823.13	1	1	0	0	0	740	Missense_Mutation	muse;mutect2;varscan2								0.0104166666666667	FALSE
MTUS1	ENSG00000129422.14	1	1	0	0	0	965	Missense_Mutation	muse;mutect2								0.0104166666666667	FALSE
MUC13	ENSG00000173702.7	1	1	0	0	0	504	Missense_Mutation	muse;mutect2;varscan2								0.0104166666666667	FALSE
MUC2	ENSG00000198788.9	1	1	0	0	0	4	Missense_Mutation	muse;mutect2;varscan2								0.0104166666666667	FALSE
MUC5AC	ENSG00000215182.8	1	1	0	0	0	5431	Missense_Mutation	muse;mutect2;varscan2								0.0104166666666667	FALSE
MVB12A	ENSG00000141971.13	1	1	0	0	0	142	Missense_Mutation	muse;mutect2;varscan2								0.0104166666666667	FALSE
MXD1	ENSG00000059728.11	1	1	1	1	0	59	Nonsense_Mutation	muse;mutect2								0.0104166666666667	FALSE
MXI1	ENSG00000119950.21	1	1	0	0	0	88	Missense_Mutation	muse;mutect2;varscan2								0.0104166666666667	FALSE
MYADM	ENSG00000179820.16	1	1	0	0	0	184	Missense_Mutation	muse;mutect2;varscan2								0.0104166666666667	FALSE
MYBL1	ENSG00000185697.16	1	1	1	1	0	420	Frame_Shift_Del	mutect2;varscan2								0.0104166666666667	FALSE
MYBPC1	ENSG00000196091.15	1	1	0	0	0	802	Missense_Mutation	muse;mutect2;varscan2								0.0104166666666667	FALSE
MYBPC2	ENSG00000086967.10	1	1	0	0	0	147	Missense_Mutation	muse;mutect2;varscan2								0.0104166666666667	FALSE
MYBPC3	ENSG00000134571.11	1	1	0	0	0	96	Missense_Mutation	muse;mutect2;varscan2								0.0104166666666667	FALSE
MYCBPAP	ENSG00000136449.15	1	1	0	0	0	391	Missense_Mutation	muse;mutect2;varscan2								0.0104166666666667	FALSE
MYCN	ENSG00000134323.12	1	1	0	0	0	302	Missense_Mutation	muse;mutect2;varscan2								0.0104166666666667	FALSE
MYEOV	ENSG00000172927.8	1	1	0	0	0	166	Missense_Mutation	muse;mutect2;varscan2								0.0104166666666667	FALSE
MYF6	ENSG00000111046.4	1	1	1	1	0	233	Frame_Shift_Ins	mutect2;pindel;varscan2								0.0104166666666667	FALSE
MYL10	ENSG00000106436.7	1	1	0	0	0	211	Missense_Mutation	muse;mutect2								0.0104166666666667	FALSE
MYL6	ENSG00000092841.19	1	1	1	1	0	1	Translation_Start_Site	muse;mutect2								0.0104166666666667	FALSE
MYLK3	ENSG00000140795.13	1	1	0	0	0	20	Missense_Mutation	muse;mutect2;varscan2								0.0104166666666667	FALSE
MYO1B	ENSG00000128641.19	1	1	0	0	0	1092	Missense_Mutation	muse;mutect2;varscan2								0.0104166666666667	FALSE
MYO1C	ENSG00000197879.17	1	1	0	0	0	566	Missense_Mutation	muse;mutect2;varscan2								0.0104166666666667	FALSE
MYO1D	ENSG00000176658.17	1	1	0	0	0	775	Missense_Mutation	muse;mutect2;varscan2								0.0104166666666667	FALSE
MYO3A	ENSG00000095777.17	1	1	1	1	0	754	Splice_Site	muse;mutect2;varscan2								0.0104166666666667	FALSE
MYO3B	ENSG00000071909.19	1	1	1	1	0	473	Frame_Shift_Del	mutect2;pindel;varscan2								0.0104166666666667	FALSE
MYO5A	ENSG00000197535.15	1	1	0	0	0	607	Missense_Mutation	muse;mutect2;varscan2								0.0104166666666667	FALSE
MYO5B	ENSG00000167306.20	1	1	0	0	0	824	Missense_Mutation	muse;mutect2;varscan2								0.0104166666666667	FALSE
MYO5C	ENSG00000128833.13	1	1	0	0	0	1226	Missense_Mutation	muse;mutect2;varscan2								0.0104166666666667	FALSE
MYOF	ENSG00000138119.17	1	1	0	0	0	1730	Missense_Mutation	muse;mutect2;varscan2								0.0104166666666667	FALSE
MYOM1	ENSG00000101605.13	1	1	0	0	0	1449	Missense_Mutation	muse;mutect2;varscan2								0.0104166666666667	FALSE
MYORG	ENSG00000164976.9	1	1	0	0	0	326	Missense_Mutation	muse;mutect2								0.0104166666666667	FALSE
MYOT	ENSG00000120729.10	1	1	0	0	0	124	Missense_Mutation	muse;mutect2;varscan2								0.0104166666666667	FALSE
MYPN	ENSG00000138347.16	1	1	0	0	0	822	Missense_Mutation	muse;mutect2;varscan2								0.0104166666666667	FALSE
MYT1L	ENSG00000186487.20	1	1	0	0	0	417	Missense_Mutation	muse;mutect2;varscan2								0.0104166666666667	FALSE
MZT2B	ENSG00000152082.15	1	1	0	0	0	116	Missense_Mutation	muse;mutect2;varscan2								0.0104166666666667	FALSE
N4BP2L2	ENSG00000244754.9	1	1	0	0	0	678	Missense_Mutation	muse;mutect2;varscan2								0.0104166666666667	FALSE
NAA15	ENSG00000164134.13	1	1	0	0	0	530	Missense_Mutation	muse;mutect2;varscan2								0.0104166666666667	FALSE
NAA30	ENSG00000139977.14	1	1	0	0	0	307	Missense_Mutation	muse;mutect2;varscan2								0.0104166666666667	FALSE
NAALADL1	ENSG00000168060.16	1	1	0	0	0	502	Missense_Mutation	muse;mutect2;varscan2								0.0104166666666667	FALSE
NAALADL2	ENSG00000177694.16	1	1	0	0	0	120	Missense_Mutation	muse;mutect2;varscan2								0.0104166666666667	FALSE
NAB2	ENSG00000166886.13	1	1	1	1	0	115	Nonsense_Mutation	muse;mutect2;varscan2								0.0104166666666667	FALSE
NADK	ENSG00000008130.15	1	1	0	0	0	179	Missense_Mutation	mutect2;varscan2								0.0104166666666667	FALSE
NAE1	ENSG00000159593.15	1	1	1	1	0	323	Nonsense_Mutation	muse;mutect2;varscan2								0.0104166666666667	FALSE
NANS	ENSG00000095380.11	1	1	0	0	0	201	Missense_Mutation	muse;mutect2;varscan2								0.0104166666666667	FALSE
NASP	ENSG00000132780.17	1	1	0	0	0	202	Missense_Mutation	muse;mutect2;varscan2								0.0104166666666667	FALSE
NAT16	ENSG00000167011.9	1	1	1	1	0	104	Splice_Site	muse;mutect2								0.0104166666666667	FALSE
NAV1	ENSG00000134369.15	1	1	0	0	0	471	Missense_Mutation	muse;mutect2;varscan2								0.0104166666666667	FALSE
NBAS	ENSG00000151779.13	1	1	0	0	0	264	Missense_Mutation	muse;mutect2;varscan2								0.0104166666666667	FALSE
NBEA	ENSG00000172915.18	1	1	0	0	0	1072	Missense_Mutation	muse;mutect2;varscan2								0.0104166666666667	FALSE
NBEAL1	ENSG00000144426.18	1	1	0	0	0	2209	Missense_Mutation	muse;mutect2;varscan2								0.0104166666666667	FALSE
NBEAL2	ENSG00000160796.18	1	1	0	0	0	2622	Missense_Mutation	muse;mutect2;varscan2								0.0104166666666667	FALSE
NBPF11	ENSG00000263956.6	1	1	0	0	0	290	Missense_Mutation	muse;mutect2								0.0104166666666667	FALSE
NBPF3	ENSG00000142794.19	1	1	0	0	0	345	Missense_Mutation	muse;mutect2;varscan2								0.0104166666666667	FALSE
NBPF9	ENSG00000269713.7	1	1	0	0	0	79	Missense_Mutation	muse;varscan2								0.0104166666666667	FALSE
NCAM1	ENSG00000149294.17	1	1	0	0	0	511	Missense_Mutation	muse;mutect2;varscan2								0.0104166666666667	FALSE
NCAPD2	ENSG00000010292.13	1	1	0	0	0	213	Missense_Mutation	muse;mutect2;varscan2								0.0104166666666667	FALSE
NCAPD3	ENSG00000151503.13	1	1	0	0	0	480	Missense_Mutation	muse;mutect2;varscan2								0.0104166666666667	FALSE
NCAPG	ENSG00000109805.10	1	1	1	1	0	38	Splice_Site	muse;mutect2								0.0104166666666667	FALSE
NCAPG2	ENSG00000146918.20	1	1	0	0	0	798	Missense_Mutation	muse;mutect2;varscan2								0.0104166666666667	FALSE
NCEH1	ENSG00000144959.11	1	1	0	0	0	64	Missense_Mutation	muse;mutect2;varscan2								0.0104166666666667	FALSE
NCK1	ENSG00000158092.7	1	1	0	0	0	149	Missense_Mutation	muse;mutect2;varscan2								0.0104166666666667	FALSE
NCKAP1L	ENSG00000123338.13	1	1	0	0	0	273	Missense_Mutation	muse;mutect2;varscan2								0.0104166666666667	FALSE
NCKAP5L	ENSG00000167566.17	1	1	0	0	0	1212	Missense_Mutation	muse;mutect2;varscan2								0.0104166666666667	FALSE
NCL	ENSG00000115053.17	1	1	0	0	0	40	Missense_Mutation	muse;mutect2;varscan2								0.0104166666666667	FALSE
NCOA1	ENSG00000084676.15	1	1	0	0	0	74	Missense_Mutation	muse;mutect2;varscan2								0.0104166666666667	FALSE
NCOA3	ENSG00000124151.19	1	1	0	0	0	248	Missense_Mutation	muse;mutect2;varscan2								0.0104166666666667	FALSE
NCOR2	ENSG00000196498.13	1	1	0	0	0	1670	Missense_Mutation	muse;mutect2;varscan2								0.0104166666666667	FALSE
NDC80	ENSG00000080986.13	1	1	1	1	0	318	Nonsense_Mutation	muse;mutect2;varscan2								0.0104166666666667	FALSE
NDFIP2	ENSG00000102471.14	1	1	0	0	0	262	Missense_Mutation	muse;mutect2;varscan2								0.0104166666666667	FALSE
NDN	ENSG00000182636.8	1	1	0	0	0	315	Missense_Mutation	muse;mutect2;varscan2								0.0104166666666667	FALSE
NDRG2	ENSG00000165795.23	1	1	0	0	0	247	Missense_Mutation	muse;mutect2;varscan2								0.0104166666666667	FALSE
NDST1	ENSG00000070614.15	1	1	0	0	0	110	Missense_Mutation	muse;mutect2;varscan2								0.0104166666666667	FALSE
NDST2	ENSG00000166507.19	1	1	0	0	0	416	Missense_Mutation	muse;mutect2;varscan2								0.0104166666666667	FALSE
NDUFAF7	ENSG00000003509.16	1	1	1	1	0	165	Nonsense_Mutation	muse;mutect2								0.0104166666666667	FALSE
NDUFB7	ENSG00000099795.7	1	1	0	0	0	71	Missense_Mutation	muse;mutect2;varscan2								0.0104166666666667	FALSE
NDUFB8	ENSG00000166136.16	1	1	0	0	0	169	Missense_Mutation	muse;mutect2;varscan2								0.0104166666666667	FALSE
NDUFC2	ENSG00000151366.13	1	1	0	0	0	33	Missense_Mutation	muse;mutect2;varscan2								0.0104166666666667	FALSE
NDUFS1	ENSG00000023228.14	1	1	0	0	0	147	Missense_Mutation	muse;mutect2								0.0104166666666667	FALSE
NDUFS2	ENSG00000158864.13	1	1	0	0	0	235	Missense_Mutation	muse;mutect2;varscan2								0.0104166666666667	FALSE
NDUFS8	ENSG00000110717.13	1	1	0	0	0	48	Missense_Mutation	muse;mutect2;varscan2								0.0104166666666667	FALSE
NDUFV3	ENSG00000160194.18	1	1	0	0	0	100	Missense_Mutation	muse;mutect2;varscan2								0.0104166666666667	FALSE
NECAB3	ENSG00000125967.17	1	1	0	0	0	259	Missense_Mutation	muse;mutect2;varscan2								0.0104166666666667	FALSE
NEDD4	ENSG00000069869.16	1	1	0	0	0	370	Missense_Mutation	muse;mutect2								0.0104166666666667	FALSE
NEDD4L	ENSG00000049759.19	1	1	0	0	0	101	Missense_Mutation	muse;mutect2;varscan2								0.0104166666666667	FALSE
NEDD9	ENSG00000111859.17	1	1	0	0	0	470	Missense_Mutation	muse;mutect2;varscan2								0.0104166666666667	FALSE
NEFH	ENSG00000100285.10	1	1	0	0	0	323	Missense_Mutation	muse;mutect2;varscan2								0.0104166666666667	FALSE
NEGR1	ENSG00000172260.15	1	1	0	0	0	140	Missense_Mutation	muse;mutect2;varscan2								0.0104166666666667	FALSE
NEK1	ENSG00000137601.17	1	1	1	1	0	91	Nonsense_Mutation	muse;varscan2								0.0104166666666667	FALSE
NEK4	ENSG00000114904.13	1	1	0	0	0	732	Missense_Mutation	muse;mutect2;varscan2								0.0104166666666667	FALSE
NEK5	ENSG00000197168.13	1	1	0	0	0	581	Missense_Mutation	muse;mutect2;varscan2								0.0104166666666667	FALSE
NEK7	ENSG00000151414.15	1	1	0	0	0	50	Missense_Mutation	muse;mutect2;varscan2								0.0104166666666667	FALSE
NELFE	ENSG00000204356.14	1	1	0	0	0	256	Missense_Mutation	muse;mutect2;varscan2								0.0104166666666667	FALSE
NEO1	ENSG00000067141.17	1	1	0	0	0	292	Missense_Mutation	muse;mutect2;varscan2								0.0104166666666667	FALSE
NES	ENSG00000132688.11	1	1	0	0	0	238	Missense_Mutation	muse;mutect2;varscan2								0.0104166666666667	FALSE
NEU1	ENSG00000204386.12	1	1	0	0	0	238	Missense_Mutation	muse;mutect2								0.0104166666666667	FALSE
NEU4	ENSG00000204099.12	1	1	0	0	0	70	Missense_Mutation	muse;mutect2;varscan2								0.0104166666666667	FALSE
NEURL4	ENSG00000215041.10	1	1	0	0	0	1253	Missense_Mutation	muse;mutect2;varscan2								0.0104166666666667	FALSE
NEUROD4	ENSG00000123307.4	1	1	0	0	0	99	Missense_Mutation	muse;mutect2;varscan2								0.0104166666666667	FALSE
NEUROD6	ENSG00000164600.7	1	1	0	0	0	192	Missense_Mutation	muse;mutect2								0.0104166666666667	FALSE
NEXN	ENSG00000162614.19	1	1	0	0	0	588	Missense_Mutation	muse;mutect2								0.0104166666666667	FALSE
NFATC2IP	ENSG00000176953.12	1	1	0	0	0	243	Missense_Mutation	muse;mutect2;varscan2								0.0104166666666667	FALSE
NFATC3	ENSG00000072736.19	1	1	0	0	0	671	Missense_Mutation	muse;mutect2								0.0104166666666667	FALSE
NFE2L3	ENSG00000050344.9	1	1	0	0	0	651	Missense_Mutation	muse;mutect2;varscan2								0.0104166666666667	FALSE
NFIX	ENSG00000008441.18	1	1	0	0	0	84	Missense_Mutation	muse;mutect2;varscan2								0.0104166666666667	FALSE
NFKB1	ENSG00000109320.13	1	1	0	0	0	505	Missense_Mutation	muse;mutect2;varscan2								0.0104166666666667	FALSE
NFKB2	ENSG00000077150.20	1	1	1	1	0	725	Nonsense_Mutation	muse;varscan2								0.0104166666666667	FALSE
NFKBID	ENSG00000167604.15	1	1	0	0	0	80	Missense_Mutation	muse;mutect2;varscan2								0.0104166666666667	FALSE
NFKBIZ	ENSG00000144802.11	1	1	0	0	0	635	Missense_Mutation	muse;mutect2;varscan2								0.0104166666666667	FALSE
NFRKB	ENSG00000170322.14	1	1	0	0	0	18	Missense_Mutation	muse;mutect2;varscan2								0.0104166666666667	FALSE
NFYA	ENSG00000001167.14	1	1	1	1	0	188	Frame_Shift_Ins	mutect2;pindel;varscan2								0.0104166666666667	FALSE
NGEF	ENSG00000066248.15	1	1	0	0	0	436	Missense_Mutation	muse;mutect2;varscan2								0.0104166666666667	FALSE
NHLRC2	ENSG00000196865.4	1	1	0	0	0	80	Missense_Mutation	muse;mutect2;varscan2								0.0104166666666667	FALSE
NHLRC3	ENSG00000188811.14	1	1	0	0	0	337	Missense_Mutation	muse;mutect2;varscan2								0.0104166666666667	FALSE
NHS	ENSG00000188158.16	1	1	0	0	0	1188	Missense_Mutation	muse;varscan2								0.0104166666666667	FALSE
NHSL2	ENSG00000204131.9	1	1	0	0	0	245	Missense_Mutation	muse;mutect2;varscan2								0.0104166666666667	FALSE
NIBAN2	ENSG00000136830.12	1	1	0	0	0	150	Missense_Mutation	muse;mutect2;varscan2								0.0104166666666667	FALSE
NID1	ENSG00000116962.15	1	1	0	0	0	706	Missense_Mutation	muse;mutect2;varscan2								0.0104166666666667	FALSE
NID2	ENSG00000087303.18	1	1	0	0	0	679	Missense_Mutation	muse;mutect2;varscan2								0.0104166666666667	FALSE
NINL	ENSG00000101004.15	1	1	0	0	0	564	Missense_Mutation	muse;mutect2;varscan2								0.0104166666666667	FALSE
NIP7	ENSG00000132603.15	1	1	0	0	0	32	Missense_Mutation	muse;mutect2;varscan2								0.0104166666666667	FALSE
NIPA1	ENSG00000170113.16	1	1	1	1	0	172	Frame_Shift_Ins	mutect2;pindel;varscan2								0.0104166666666667	FALSE
NIPA2	ENSG00000140157.15	1	1	0	0	0	239	Missense_Mutation	muse;mutect2;varscan2								0.0104166666666667	FALSE
NIPAL3	ENSG00000001461.17	1	1	0	0	0	50	Missense_Mutation	muse;mutect2;varscan2								0.0104166666666667	FALSE
NIT2	ENSG00000114021.12	1	1	0	0	0	79	Missense_Mutation	muse;mutect2;varscan2								0.0104166666666667	FALSE
NKAIN4	ENSG00000101198.15	1	1	0	0	0	123	Missense_Mutation	muse;mutect2								0.0104166666666667	FALSE
NKAP	ENSG00000101882.10	1	1	0	0	0	247	Missense_Mutation	muse;mutect2;varscan2								0.0104166666666667	FALSE
NKD1	ENSG00000140807.7	1	1	1	1	0	288	Frame_Shift_Ins	mutect2;varscan2								0.0104166666666667	FALSE
NKTR	ENSG00000114857.18	1	1	0	0	0	38	Missense_Mutation	muse;mutect2;varscan2								0.0104166666666667	FALSE
NKX2-5	ENSG00000183072.10	1	1	0	0	0	101	Missense_Mutation	muse;mutect2;varscan2								0.0104166666666667	FALSE
NLGN1	ENSG00000169760.17	1	1	0	0	0	519	Missense_Mutation	muse;mutect2;varscan2								0.0104166666666667	FALSE
NLGN3	ENSG00000196338.13	1	1	0	0	0	16	Missense_Mutation	muse;mutect2;varscan2								0.0104166666666667	FALSE
NLGN4Y	ENSG00000165246.14	1	1	1	1	0	546	Frame_Shift_Del	mutect2;pindel;varscan2								0.0104166666666667	FALSE
NLK	ENSG00000087095.13	1	1	0	0	0	390	Missense_Mutation	muse;mutect2;varscan2								0.0104166666666667	FALSE
NLN	ENSG00000123213.23	1	1	1	1	0	509	Splice_Site	muse;mutect2								0.0104166666666667	FALSE
NLRP13	ENSG00000173572.11	1	1	0	0	0	371	Missense_Mutation	muse;mutect2;varscan2								0.0104166666666667	FALSE
NLRP14	ENSG00000158077.5	1	1	0	0	0	979	Missense_Mutation	muse;mutect2;varscan2								0.0104166666666667	FALSE
NLRP5	ENSG00000171487.15	1	1	0	0	0	334	Missense_Mutation	muse;mutect2;varscan2								0.0104166666666667	FALSE
NLRP7	ENSG00000167634.12	1	1	0	0	0	514	Missense_Mutation	muse;mutect2;varscan2								0.0104166666666667	FALSE
NLRP8	ENSG00000179709.8	1	1	0	0	0	633	Missense_Mutation	muse;mutect2								0.0104166666666667	FALSE
NLRP9	ENSG00000185792.10	1	1	0	0	0	406	Missense_Mutation	muse;mutect2;varscan2								0.0104166666666667	FALSE
NLRX1	ENSG00000160703.16	1	1	1	1	0	576	Nonsense_Mutation	muse;mutect2								0.0104166666666667	FALSE
NME7	ENSG00000143156.14	1	1	1	1	0	47	Frame_Shift_Ins	mutect2;pindel;varscan2								0.0104166666666667	FALSE
NME8	ENSG00000086288.12	1	1	0	0	0	484	Missense_Mutation	muse;mutect2;varscan2								0.0104166666666667	FALSE
NMS	ENSG00000204640.1	1	1	0	0	0	79	Missense_Mutation	muse;mutect2;varscan2								0.0104166666666667	FALSE
NOD2	ENSG00000167207.14	1	1	0	0	0	439	Missense_Mutation	muse;varscan2								0.0104166666666667	FALSE
NOL10	ENSG00000115761.16	1	1	0	0	0	242	Missense_Mutation	muse;mutect2;varscan2								0.0104166666666667	FALSE
NOL12	ENSG00000273899.5	1	1	1	1	0	40	Nonsense_Mutation	muse;mutect2;varscan2								0.0104166666666667	FALSE
NOL4	ENSG00000101746.15	1	1	0	0	0	348	Missense_Mutation	muse;mutect2;varscan2								0.0104166666666667	FALSE
NOL4L	ENSG00000197183.14	1	1	0	0	0	139	Missense_Mutation	muse;mutect2;varscan2								0.0104166666666667	FALSE
NOL7	ENSG00000225921.7	1	1	0	0	0	85	Missense_Mutation	muse;mutect2;varscan2								0.0104166666666667	FALSE
NOL9	ENSG00000162408.11	1	1	0	0	0	192	Missense_Mutation	muse;mutect2;varscan2								0.0104166666666667	FALSE
NOMO1	ENSG00000103512.15	1	1	1	1	0	1193	Nonsense_Mutation	muse;mutect2								0.0104166666666667	FALSE
NOMO2	ENSG00000185164.14	1	1	0	0	0	589	Missense_Mutation	muse;mutect2								0.0104166666666667	FALSE
NOP14	ENSG00000087269.16	1	1	1	1	0	306	Frame_Shift_Del	mutect2;pindel;varscan2								0.0104166666666667	FALSE
NOP2	ENSG00000111641.12	1	1	0	0	0	592	Missense_Mutation	muse;mutect2								0.0104166666666667	FALSE
NOP9	ENSG00000196943.14	1	1	0	0	0	91	Missense_Mutation	muse;mutect2;varscan2								0.0104166666666667	FALSE
NOS1	ENSG00000089250.19	1	1	0	0	0	486	Missense_Mutation	muse;mutect2;varscan2								0.0104166666666667	FALSE
NOS2	ENSG00000007171.18	1	1	0	0	0	986	Missense_Mutation	muse;mutect2;varscan2								0.0104166666666667	FALSE
NOTUM	ENSG00000185269.12	1	1	0	0	0	230	Missense_Mutation	muse;mutect2;varscan2								0.0104166666666667	FALSE
NOX1	ENSG00000007952.18	1	1	0	0	0	322	Missense_Mutation	muse;mutect2;varscan2								0.0104166666666667	FALSE
NOXO1	ENSG00000196408.12	1	1	0	0	0	151	Missense_Mutation	muse;mutect2;varscan2								0.0104166666666667	FALSE
NPBWR2	ENSG00000125522.3	1	1	0	0	0	123	Missense_Mutation	muse;mutect2;varscan2								0.0104166666666667	FALSE
NPC1L1	ENSG00000015520.15	1	1	0	0	0	913	Missense_Mutation	muse;mutect2;varscan2								0.0104166666666667	FALSE
NPEPPS	ENSG00000141279.17	1	1	0	0	0	409	Missense_Mutation	muse;mutect2;varscan2								0.0104166666666667	FALSE
NPHS1	ENSG00000161270.20	1	1	0	0	0	872	Missense_Mutation	muse;mutect2;varscan2								0.0104166666666667	FALSE
NPLOC4	ENSG00000182446.14	1	1	0	0	0	318	Missense_Mutation	muse;mutect2;varscan2								0.0104166666666667	FALSE
NPM1	ENSG00000181163.14	1	1	0	0	0	34	Missense_Mutation	muse;mutect2;varscan2								0.0104166666666667	FALSE
NPR1	ENSG00000169418.10	1	1	0	0	0	710	Missense_Mutation	muse;mutect2;varscan2								0.0104166666666667	FALSE
NPR2	ENSG00000159899.15	1	1	0	0	0	880	Missense_Mutation	muse;mutect2;varscan2								0.0104166666666667	FALSE
NPTX1	ENSG00000171246.6	1	1	0	0	0	324	Missense_Mutation	muse;mutect2								0.0104166666666667	FALSE
NPTX2	ENSG00000106236.4	1	1	0	0	0	333	Missense_Mutation	muse;mutect2;varscan2								0.0104166666666667	FALSE
NQO2	ENSG00000124588.21	1	1	1	1	0	1	Translation_Start_Site	muse;mutect2;varscan2								0.0104166666666667	FALSE
NR0B2	ENSG00000131910.5	1	1	0	0	0	45	Missense_Mutation	muse;mutect2;varscan2								0.0104166666666667	FALSE
NR1H4	ENSG00000012504.15	1	1	1	1	0	27	Frame_Shift_Ins	mutect2;pindel;varscan2								0.0104166666666667	FALSE
NR2C2	ENSG00000177463.15	1	1	0	0	0	15	Missense_Mutation	muse;mutect2;varscan2								0.0104166666666667	FALSE
NR2E3	ENSG00000278570.5	1	1	0	0	0	384	Missense_Mutation	muse;mutect2								0.0104166666666667	FALSE
NR2F2	ENSG00000185551.15	1	1	0	0	0	284	Missense_Mutation	muse;mutect2;varscan2								0.0104166666666667	FALSE
NR5A2	ENSG00000116833.14	1	1	0	0	0	91	Missense_Mutation	muse;mutect2;varscan2								0.0104166666666667	FALSE
NRBP1	ENSG00000115216.14	1	1	0	0	0	329	Missense_Mutation	muse;mutect2;varscan2								0.0104166666666667	FALSE
NRCAM	ENSG00000091129.21	1	1	0	0	0	132	Missense_Mutation	muse;mutect2								0.0104166666666667	FALSE
NRDC	ENSG00000078618.22	1	1	1	1	0	255	Splice_Site	muse;mutect2;varscan2								0.0104166666666667	FALSE
NRG1	ENSG00000157168.20	1	1	0	0	0	506	Missense_Mutation	muse;mutect2;varscan2								0.0104166666666667	FALSE
NRIP2	ENSG00000053702.15	1	1	0	0	0	78	Missense_Mutation	muse;mutect2;varscan2								0.0104166666666667	FALSE
NRM	ENSG00000137404.14	1	1	0	0	0	251	Missense_Mutation	mutect2;varscan2								0.0104166666666667	FALSE
NRP2	ENSG00000118257.17	1	1	1	1	0	753	Nonsense_Mutation	muse;mutect2;varscan2								0.0104166666666667	FALSE
NRXN2	ENSG00000110076.19	1	1	1	1	0	668	Nonsense_Mutation	muse;varscan2								0.0104166666666667	FALSE
NSD2	ENSG00000109685.19	1	1	1	1	0	1292	Frame_Shift_Ins	mutect2;pindel;varscan2								0.0104166666666667	FALSE
NSMCE1	ENSG00000169189.17	1	1	0	0	0	227	Missense_Mutation	muse;mutect2;varscan2								0.0104166666666667	FALSE
NSMF	ENSG00000165802.23	1	1	0	0	0	401	Missense_Mutation	muse;mutect2;varscan2								0.0104166666666667	FALSE
NSUN4	ENSG00000117481.10	1	1	1	1	0	254	Frame_Shift_Ins	mutect2;pindel;varscan2								0.0104166666666667	FALSE
NT5C1B	ENSG00000185013.16	1	1	0	0	0	47	Missense_Mutation	muse;varscan2								0.0104166666666667	FALSE
NT5DC3	ENSG00000111696.12	1	1	0	0	0	282	Missense_Mutation	muse;mutect2;varscan2								0.0104166666666667	FALSE
NTAN1	ENSG00000157045.9	1	1	0	0	0	243	Missense_Mutation	muse;mutect2;varscan2								0.0104166666666667	FALSE
NTN3	ENSG00000162068.2	1	1	0	0	0	94	Missense_Mutation	muse;mutect2;varscan2								0.0104166666666667	FALSE
NTNG1	ENSG00000162631.19	1	1	0	0	0	501	Missense_Mutation	muse;mutect2								0.0104166666666667	FALSE
NTRK3	ENSG00000140538.16	1	1	0	0	0	826	Missense_Mutation	muse;mutect2;varscan2								0.0104166666666667	FALSE
NUB1	ENSG00000013374.16	1	1	0	0	0	373	Missense_Mutation	muse;mutect2;varscan2								0.0104166666666667	FALSE
NUBPL	ENSG00000151413.17	1	1	0	0	0	19	In_Frame_Del	mutect2;pindel;varscan2								0.0104166666666667	FALSE
NUCB1	ENSG00000104805.16	1	1	1	1	0	460	Frame_Shift_Del	mutect2;pindel;varscan2								0.0104166666666667	FALSE
NUCB2	ENSG00000070081.17	1	1	0	0	0	286	Missense_Mutation	muse;mutect2;varscan2								0.0104166666666667	FALSE
NUDCD1	ENSG00000120526.12	1	1	0	0	0	185	Missense_Mutation	muse;mutect2;varscan2								0.0104166666666667	FALSE
NUDT12	ENSG00000112874.10	1	1	1	1	0	67	Frame_Shift_Del	mutect2;pindel;varscan2								0.0104166666666667	FALSE
NUDT16	ENSG00000198585.12	1	1	0	0	0	170	Missense_Mutation	muse;mutect2;varscan2								0.0104166666666667	FALSE
NUDT8	ENSG00000167799.10	1	1	0	0	0	180	Missense_Mutation	muse;mutect2;varscan2								0.0104166666666667	FALSE
NUF2	ENSG00000143228.13	1	1	0	0	0	435	Missense_Mutation	muse;mutect2;varscan2								0.0104166666666667	FALSE
NUFIP1	ENSG00000083635.8	1	1	1	1	0	165	Frame_Shift_Del	mutect2;varscan2								0.0104166666666667	FALSE
NUMA1	ENSG00000137497.18	1	1	1	1	0	723	Frame_Shift_Ins	mutect2;varscan2								0.0104166666666667	FALSE
NUP153	ENSG00000124789.12	1	1	0	0	0	29	Missense_Mutation	muse;mutect2;varscan2								0.0104166666666667	FALSE
NUP214	ENSG00000126883.17	1	1	1	1	0	533	Frame_Shift_Del	mutect2;pindel;varscan2								0.0104166666666667	FALSE
NUP35	ENSG00000163002.13	1	1	1	1	0	232	Frame_Shift_Del	mutect2;pindel;varscan2								0.0104166666666667	FALSE
NUP88	ENSG00000108559.12	1	1	0	0	0	734	Missense_Mutation	muse;mutect2;varscan2								0.0104166666666667	FALSE
NUTM2F	ENSG00000130950.14	1	1	0	0	0	619	Missense_Mutation	mutect2;varscan2								0.0104166666666667	FALSE
NWD1	ENSG00000188039.16	1	1	0	0	0	824	Missense_Mutation	muse;mutect2								0.0104166666666667	FALSE
NXF3	ENSG00000147206.17	1	1	1	1	0	2	Nonsense_Mutation	muse;mutect2;varscan2								0.0104166666666667	FALSE
NXN	ENSG00000167693.17	1	1	0	0	0	412	Missense_Mutation	muse;mutect2;varscan2								0.0104166666666667	FALSE
NXPH1	ENSG00000122584.13	1	1	0	0	0	220	Missense_Mutation	muse;mutect2;varscan2								0.0104166666666667	FALSE
NXPH2	ENSG00000144227.5	1	1	0	0	0	85	Missense_Mutation	muse;mutect2;varscan2								0.0104166666666667	FALSE
NYX	ENSG00000188937.6	1	1	0	0	0	17	Missense_Mutation	muse;mutect2								0.0104166666666667	FALSE
OAS2	ENSG00000111335.13	1	1	0	0	0	361	Missense_Mutation	muse;mutect2;varscan2								0.0104166666666667	FALSE
OASL	ENSG00000135114.12	1	1	0	0	0	8	Missense_Mutation	muse;mutect2								0.0104166666666667	FALSE
OAT	ENSG00000065154.12	1	1	0	0	0	158	Missense_Mutation	muse;mutect2;varscan2								0.0104166666666667	FALSE
OBSL1	ENSG00000124006.15	1	1	0	0	0	787	Missense_Mutation	muse;mutect2;varscan2								0.0104166666666667	FALSE
OCA2	ENSG00000104044.16	1	1	1	1	0	748	Splice_Site	muse;mutect2;varscan2								0.0104166666666667	FALSE
OCIAD1	ENSG00000109180.15	1	1	1	1	0	233	Frame_Shift_Ins	mutect2;varscan2								0.0104166666666667	FALSE
OCM	ENSG00000122543.11	1	1	1	1	0	4	Frame_Shift_Ins	mutect2;varscan2								0.0104166666666667	FALSE
ODC1	ENSG00000115758.13	1	1	1	1	0	426	Frame_Shift_Del	mutect2;pindel								0.0104166666666667	FALSE
ODF2L	ENSG00000122417.15	1	1	0	0	0	153	Missense_Mutation	muse;mutect2;varscan2								0.0104166666666667	FALSE
ODF3L1	ENSG00000182950.3	1	1	1	1	0	206	Nonsense_Mutation	muse;mutect2;varscan2								0.0104166666666667	FALSE
ODF3L2	ENSG00000181781.9	1	1	0	0	0	69	Missense_Mutation	muse;mutect2;varscan2								0.0104166666666667	FALSE
ODR4	ENSG00000157181.16	1	1	0	0	0	55	Missense_Mutation	muse;mutect2;varscan2								0.0104166666666667	FALSE
OFD1	ENSG00000046651.15	1	1	0	0	0	763	Missense_Mutation	muse;mutect2								0.0104166666666667	FALSE
OGFOD1	ENSG00000087263.17	1	1	0	0	0	475	Missense_Mutation	muse;mutect2								0.0104166666666667	FALSE
OGT	ENSG00000147162.14	1	1	0	0	0	867	Missense_Mutation	muse;mutect2;varscan2								0.0104166666666667	FALSE
OIT3	ENSG00000138315.13	1	1	0	0	0	337	Missense_Mutation	muse;mutect2;varscan2								0.0104166666666667	FALSE
OLFM3	ENSG00000118733.17	1	1	0	0	0	422	Missense_Mutation	muse;mutect2;varscan2								0.0104166666666667	FALSE
OPA3	ENSG00000125741.5	1	1	0	0	0	177	Missense_Mutation	muse;mutect2;varscan2								0.0104166666666667	FALSE
OPRL1	ENSG00000125510.18	1	1	0	0	0	354	Missense_Mutation	muse;mutect2;varscan2								0.0104166666666667	FALSE
OR10A6	ENSG00000279000.3	1	1	0	0	0	314	Missense_Mutation	muse;mutect2;varscan2								0.0104166666666667	FALSE
OR10G2	ENSG00000255582.1	1	1	0	0	0	48	Missense_Mutation	muse;mutect2;varscan2								0.0104166666666667	FALSE
OR10G8	ENSG00000234560.4	1	1	0	0	0	221	Missense_Mutation	muse;mutect2;varscan2								0.0104166666666667	FALSE
OR10H1	ENSG00000186723.4	1	1	0	0	0	181	Missense_Mutation	muse;mutect2								0.0104166666666667	FALSE
OR10H4	ENSG00000176231.2	1	1	0	0	0	28	Missense_Mutation	muse;mutect2;varscan2								0.0104166666666667	FALSE
OR10K1	ENSG00000173285.4	1	1	0	0	0	116	Missense_Mutation	muse;mutect2;varscan2								0.0104166666666667	FALSE
OR10R2	ENSG00000198965.4	1	1	0	0	0	80	Missense_Mutation	muse;mutect2;varscan2								0.0104166666666667	FALSE
OR10S1	ENSG00000196248.5	1	1	0	0	0	242	Missense_Mutation	mutect2;varscan2								0.0104166666666667	FALSE
OR10X1	ENSG00000279111.2	1	1	0	0	0	160	Missense_Mutation	muse;mutect2;varscan2								0.0104166666666667	FALSE
OR11A1	ENSG00000204694.11	1	1	0	0	0	194	Missense_Mutation	muse;mutect2;varscan2								0.0104166666666667	FALSE
OR11H1	ENSG00000130538.6	1	1	0	0	0	211	Missense_Mutation	muse;mutect2;varscan2								0.0104166666666667	FALSE
OR11H4	ENSG00000176198.3	1	1	0	0	0	262	Missense_Mutation	muse;mutect2;varscan2								0.0104166666666667	FALSE
OR11L1	ENSG00000197591.3	1	1	1	1	0	18	Nonsense_Mutation	muse;mutect2;varscan2								0.0104166666666667	FALSE
OR12D3	ENSG00000112462.8	1	1	0	0	0	129	Missense_Mutation	muse;mutect2;varscan2								0.0104166666666667	FALSE
OR13A1	ENSG00000256574.8	1	1	0	0	0	73	Missense_Mutation	muse;mutect2;varscan2								0.0104166666666667	FALSE
OR13C2	ENSG00000276119.1	1	1	1	1	0	193	Nonsense_Mutation	muse;mutect2;varscan2								0.0104166666666667	FALSE
OR13G1	ENSG00000197437.4	1	1	0	0	0	98	Missense_Mutation	muse;mutect2;varscan2								0.0104166666666667	FALSE
OR13H1	ENSG00000171054.8	1	1	0	0	0	246	Missense_Mutation	muse;mutect2;varscan2								0.0104166666666667	FALSE
OR14A16	ENSG00000196772.4	1	1	0	0	0	51	Missense_Mutation	mutect2;varscan2								0.0104166666666667	FALSE
OR14J1	ENSG00000204695.4	1	1	0	0	0	137	Missense_Mutation	muse;mutect2;varscan2								0.0104166666666667	FALSE
OR1C1	ENSG00000221888.4	1	1	0	0	0	279	Missense_Mutation	muse;mutect2;varscan2								0.0104166666666667	FALSE
OR1J1	ENSG00000136834.3	1	1	0	0	0	23	Missense_Mutation	muse;mutect2;varscan2								0.0104166666666667	FALSE
OR1L1	ENSG00000173679.2	1	1	0	0	0	175	Missense_Mutation	muse;mutect2;varscan2								0.0104166666666667	FALSE
OR1L6	ENSG00000171459.4	1	1	0	0	0	102	Missense_Mutation	muse;mutect2;varscan2								0.0104166666666667	FALSE
OR1M1	ENSG00000170929.6	1	1	0	0	0	258	Missense_Mutation	muse;mutect2;varscan2								0.0104166666666667	FALSE
OR1S1	ENSG00000280204.3	1	1	0	0	0	161	Missense_Mutation	muse;mutect2;varscan2								0.0104166666666667	FALSE
OR2A4	ENSG00000180658.4	1	1	0	0	0	251	Missense_Mutation	muse;mutect2;varscan2								0.0104166666666667	FALSE
OR2A5	ENSG00000221836.3	1	1	0	0	0	288	Missense_Mutation	muse;mutect2								0.0104166666666667	FALSE
OR2AK2	ENSG00000187080.10	1	1	0	0	0	215	Missense_Mutation	muse;mutect2;varscan2								0.0104166666666667	FALSE
OR2B6	ENSG00000124657.1	1	1	0	0	0	272	Missense_Mutation	muse;mutect2;varscan2								0.0104166666666667	FALSE
OR2C1	ENSG00000168158.4	1	1	0	0	0	277	Missense_Mutation	muse;mutect2;varscan2								0.0104166666666667	FALSE
OR2F1	ENSG00000213215.5	1	1	0	0	0	58	Missense_Mutation	muse;mutect2;varscan2								0.0104166666666667	FALSE
OR2G3	ENSG00000177476.3	1	1	0	0	0	215	Missense_Mutation	muse;mutect2;varscan2								0.0104166666666667	FALSE
OR2G6	ENSG00000188558.6	1	1	0	0	0	162	Missense_Mutation	muse;mutect2;varscan2								0.0104166666666667	FALSE
OR2J2	ENSG00000204700.5	1	1	0	0	0	258	Missense_Mutation	muse;mutect2;varscan2								0.0104166666666667	FALSE
OR2J3	ENSG00000204701.2	1	1	0	0	0	271	Missense_Mutation	muse;mutect2								0.0104166666666667	FALSE
OR2K2	ENSG00000171133.3	1	1	0	0	0	308	Missense_Mutation	muse;mutect2;varscan2								0.0104166666666667	FALSE
OR2L13	ENSG00000196071.5	1	1	0	0	0	66	Missense_Mutation	muse;mutect2;varscan2								0.0104166666666667	FALSE
OR2L2	ENSG00000203663.4	1	1	1	1	0	95	Nonsense_Mutation	muse;mutect2;varscan2								0.0104166666666667	FALSE
OR2L8	ENSG00000279263.1	1	1	0	0	0	227	Missense_Mutation	muse;mutect2								0.0104166666666667	FALSE
OR2M2	ENSG00000198601.3	1	1	0	0	0	293	Missense_Mutation	muse;mutect2;varscan2								0.0104166666666667	FALSE
OR2M3	ENSG00000228198.3	1	1	1	1	0	313	Nonstop_Mutation	muse;mutect2;varscan2								0.0104166666666667	FALSE
OR2M4	ENSG00000171180.3	1	1	0	0	0	193	Missense_Mutation	muse;mutect2;varscan2								0.0104166666666667	FALSE
OR2T2	ENSG00000196240.4	1	1	0	0	0	161	Missense_Mutation	muse;mutect2;varscan2								0.0104166666666667	FALSE
OR2T3	ENSG00000196539.3	1	1	0	0	0	59	Missense_Mutation	muse;mutect2;varscan2								0.0104166666666667	FALSE
OR2T4	ENSG00000196944.4	1	1	0	0	0	48	Missense_Mutation	muse;mutect2;varscan2								0.0104166666666667	FALSE
OR2T6	ENSG00000198104.3	1	1	0	0	0	24	Missense_Mutation	muse;mutect2								0.0104166666666667	FALSE
OR2V2	ENSG00000182613.3	1	1	0	0	0	144	Missense_Mutation	muse;mutect2;varscan2								0.0104166666666667	FALSE
OR2W3	ENSG00000238243.3	1	1	0	0	0	104	Missense_Mutation	muse;mutect2;varscan2								0.0104166666666667	FALSE
OR4A15	ENSG00000181958.5	1	1	0	0	0	128	Missense_Mutation	muse;mutect2;varscan2								0.0104166666666667	FALSE
OR4A16	ENSG00000181961.4	1	1	0	0	0	67	Missense_Mutation	muse;mutect2;varscan2								0.0104166666666667	FALSE
OR4A47	ENSG00000237388.2	1	1	0	0	0	187	Missense_Mutation	muse;mutect2;varscan2								0.0104166666666667	FALSE
OR4C12	ENSG00000221954.2	1	1	0	0	0	247	Missense_Mutation	muse;mutect2;varscan2								0.0104166666666667	FALSE
OR4C15	ENSG00000181939.3	1	1	0	0	0	9	Missense_Mutation	muse;mutect2;varscan2								0.0104166666666667	FALSE
OR4C16	ENSG00000279514.2	1	1	0	0	0	87	Missense_Mutation	muse;mutect2								0.0104166666666667	FALSE
OR4D5	ENSG00000171014.2	1	1	0	0	0	32	Missense_Mutation	muse;mutect2;varscan2								0.0104166666666667	FALSE
OR4D9	ENSG00000172742.6	1	1	0	0	0	75	Missense_Mutation	muse;mutect2;varscan2								0.0104166666666667	FALSE
OR4F5	ENSG00000186092.6	1	1	0	0	0	288	Missense_Mutation	mutect2;varscan2								0.0104166666666667	FALSE
OR4K13	ENSG00000176253.4	1	1	1	1	0	232	Nonsense_Mutation	muse;mutect2;varscan2								0.0104166666666667	FALSE
OR4L1	ENSG00000176246.1	1	1	1	1	0	183	Frame_Shift_Ins	mutect2;pindel;varscan2								0.0104166666666667	FALSE
OR4Q3	ENSG00000182652.4	1	1	0	0	0	236	Missense_Mutation	muse;mutect2;varscan2								0.0104166666666667	FALSE
OR4S1	ENSG00000176555.1	1	1	0	0	0	200	Missense_Mutation	muse;mutect2;varscan2								0.0104166666666667	FALSE
OR51A7	ENSG00000176895.9	1	1	0	0	0	54	Missense_Mutation	muse;mutect2;varscan2								0.0104166666666667	FALSE
OR51F2	ENSG00000176925.8	1	1	0	0	0	72	Missense_Mutation	muse;mutect2;varscan2								0.0104166666666667	FALSE
OR51L1	ENSG00000176798.3	1	1	0	0	0	173	Missense_Mutation	muse;mutect2;varscan2								0.0104166666666667	FALSE
OR51M1	ENSG00000184698.5	1	1	0	0	0	267	Missense_Mutation	muse;mutect2;varscan2								0.0104166666666667	FALSE
OR51Q1	ENSG00000167360.6	1	1	0	0	0	123	Missense_Mutation	muse;mutect2;varscan2								0.0104166666666667	FALSE
OR51S1	ENSG00000176922.4	1	1	0	0	0	81	Missense_Mutation	muse;mutect2								0.0104166666666667	FALSE
OR51V1	ENSG00000176742.3	1	1	0	0	0	251	Missense_Mutation	muse;mutect2								0.0104166666666667	FALSE
OR52B4	ENSG00000221996.6	1	1	0	0	0	83	Missense_Mutation	muse;mutect2;varscan2								0.0104166666666667	FALSE
OR52E6	ENSG00000205409.3	1	1	0	0	0	311	Missense_Mutation	muse;mutect2;varscan2								0.0104166666666667	FALSE
OR52I2	ENSG00000226288.2	1	1	0	0	0	13	Missense_Mutation	muse;mutect2;varscan2								0.0104166666666667	FALSE
OR52K1	ENSG00000196778.3	1	1	0	0	0	268	Missense_Mutation	muse;mutect2;varscan2								0.0104166666666667	FALSE
OR52N5	ENSG00000181009.5	1	1	0	0	0	140	Missense_Mutation	muse;mutect2;varscan2								0.0104166666666667	FALSE
OR56A3	ENSG00000184478.7	1	1	0	0	0	40	Missense_Mutation	muse;mutect2								0.0104166666666667	FALSE
OR5AR1	ENSG00000172459.4	1	1	0	0	0	58	Missense_Mutation	muse;mutect2;varscan2								0.0104166666666667	FALSE
OR5AS1	ENSG00000181785.3	1	1	0	0	0	50	Missense_Mutation	muse;mutect2;varscan2								0.0104166666666667	FALSE
OR5AU1	ENSG00000169327.5	1	1	0	0	0	93	Missense_Mutation	muse;mutect2								0.0104166666666667	FALSE
OR5B2	ENSG00000172365.3	1	1	0	0	0	228	Missense_Mutation	muse;mutect2;varscan2								0.0104166666666667	FALSE
OR5B21	ENSG00000198283.2	1	1	0	0	0	120	Missense_Mutation	muse;mutect2;varscan2								0.0104166666666667	FALSE
OR5B3	ENSG00000172769.4	1	1	0	0	0	158	Missense_Mutation	muse;mutect2								0.0104166666666667	FALSE
OR5C1	ENSG00000148215.4	1	1	0	0	0	311	Missense_Mutation	muse;mutect2;varscan2								0.0104166666666667	FALSE
OR5D14	ENSG00000186113.1	1	1	0	0	0	201	Missense_Mutation	muse;mutect2;varscan2								0.0104166666666667	FALSE
OR5H15	ENSG00000233412.5	1	1	1	1	0	300	Nonsense_Mutation	muse;mutect2;varscan2								0.0104166666666667	FALSE
OR5J2	ENSG00000174957.1	1	1	0	0	0	209	Missense_Mutation	muse;mutect2;varscan2								0.0104166666666667	FALSE
OR5K1	ENSG00000232382.2	1	1	0	0	0	143	Missense_Mutation	muse;mutect2;varscan2								0.0104166666666667	FALSE
OR5M11	ENSG00000255223.4	1	1	0	0	0	217	In_Frame_Del	mutect2;pindel								0.0104166666666667	FALSE
OR5M3	ENSG00000174937.5	1	1	0	0	0	146	Missense_Mutation	muse;mutect2;varscan2								0.0104166666666667	FALSE
OR5M8	ENSG00000181371.4	1	1	0	0	0	23	Missense_Mutation	muse;mutect2								0.0104166666666667	FALSE
OR5T1	ENSG00000181698.4	1	1	0	0	0	189	Missense_Mutation	muse;mutect2;varscan2								0.0104166666666667	FALSE
OR5T3	ENSG00000172489.7	1	1	1	1	0	172	Frame_Shift_Del	mutect2;pindel								0.0104166666666667	FALSE
OR5V1	ENSG00000243729.4	1	1	0	0	0	250	Missense_Mutation	muse;mutect2								0.0104166666666667	FALSE
OR5W2	ENSG00000187612.1	1	1	0	0	0	270	Missense_Mutation	muse;mutect2;varscan2								0.0104166666666667	FALSE
OR6B1	ENSG00000221813.4	1	1	0	0	0	227	Missense_Mutation	muse;mutect2;varscan2								0.0104166666666667	FALSE
OR6C65	ENSG00000205328.2	1	1	0	0	0	61	Missense_Mutation	muse;mutect2;varscan2								0.0104166666666667	FALSE
OR6C68	ENSG00000205327.3	1	1	0	0	0	271	Missense_Mutation	muse;mutect2;varscan2								0.0104166666666667	FALSE
OR6N1	ENSG00000197403.4	1	1	0	0	0	121	Missense_Mutation	muse;mutect2;varscan2								0.0104166666666667	FALSE
OR6N2	ENSG00000188340.2	1	1	0	0	0	272	Missense_Mutation	muse;mutect2;varscan2								0.0104166666666667	FALSE
OR6T1	ENSG00000181499.2	1	1	1	1	0	128	Nonsense_Mutation	muse;mutect2;varscan2								0.0104166666666667	FALSE
OR6X1	ENSG00000221931.2	1	1	0	0	0	174	Missense_Mutation	muse;mutect2;varscan2								0.0104166666666667	FALSE
OR6Y1	ENSG00000197532.2	1	1	0	0	0	147	Missense_Mutation	muse;mutect2;varscan2								0.0104166666666667	FALSE
OR7C2	ENSG00000127529.7	1	1	0	0	0	93	Missense_Mutation	muse;mutect2;varscan2								0.0104166666666667	FALSE
OR7D2	ENSG00000188000.5	1	1	1	1	0	108	Frame_Shift_Ins	mutect2;pindel;varscan2								0.0104166666666667	FALSE
OR7D4	ENSG00000174667.4	1	1	0	0	0	277	Missense_Mutation	muse;mutect2;varscan2								0.0104166666666667	FALSE
OR8B12	ENSG00000170953.3	1	1	1	1	0	86	Nonsense_Mutation	muse;mutect2;varscan2								0.0104166666666667	FALSE
OR8D2	ENSG00000279116.2	1	1	0	0	0	273	Missense_Mutation	muse;mutect2								0.0104166666666667	FALSE
OR8G1	ENSG00000197849.6	1	1	0	0	0	119	Missense_Mutation	muse;mutect2;varscan2								0.0104166666666667	FALSE
OR8H1	ENSG00000181693.8	1	1	0	0	0	163	Missense_Mutation	muse;mutect2;varscan2								0.0104166666666667	FALSE
OR8H3	ENSG00000181761.5	1	1	0	0	0	46	Missense_Mutation	muse;mutect2;varscan2								0.0104166666666667	FALSE
OR8J3	ENSG00000167822.3	1	1	0	0	0	229	Missense_Mutation	muse;mutect2;varscan2								0.0104166666666667	FALSE
OR8K3	ENSG00000280314.3	1	1	0	0	0	22	Missense_Mutation	muse;mutect2;varscan2								0.0104166666666667	FALSE
OR8K5	ENSG00000181752.3	1	1	0	0	0	107	Missense_Mutation	muse;mutect2;varscan2								0.0104166666666667	FALSE
OR9A4	ENSG00000258083.2	1	1	0	0	0	181	Missense_Mutation	muse;mutect2								0.0104166666666667	FALSE
OR9G1	ENSG00000174914.3	1	1	0	0	0	155	Missense_Mutation	muse;mutect2								0.0104166666666667	FALSE
OR9Q1	ENSG00000186509.4	1	1	0	0	0	109	Missense_Mutation	muse;mutect2								0.0104166666666667	FALSE
OS9	ENSG00000135506.16	1	1	0	0	0	437	Missense_Mutation	muse;mutect2;varscan2								0.0104166666666667	FALSE
OSBP	ENSG00000110048.12	1	1	0	0	0	237	Missense_Mutation	muse;mutect2;varscan2								0.0104166666666667	FALSE
OSBPL3	ENSG00000070882.13	1	1	1	1	0	247	Frame_Shift_Ins	mutect2;pindel;varscan2								0.0104166666666667	FALSE
OSGEPL1	ENSG00000128694.12	1	1	1	1	0	12	Frame_Shift_Del	mutect2;varscan2								0.0104166666666667	FALSE
OSTF1	ENSG00000134996.12	1	1	0	0	0	39	Missense_Mutation	muse;mutect2								0.0104166666666667	FALSE
OTOL1	ENSG00000182447.4	1	1	0	0	0	225	Missense_Mutation	muse;mutect2;varscan2								0.0104166666666667	FALSE
OTOP1	ENSG00000163982.6	1	1	0	0	0	324	Missense_Mutation	muse;mutect2;varscan2								0.0104166666666667	FALSE
OTOP2	ENSG00000183034.13	1	1	0	0	0	482	Missense_Mutation	muse;mutect2;varscan2								0.0104166666666667	FALSE
OTP	ENSG00000171540.8	1	1	0	0	0	149	Missense_Mutation	muse;mutect2;varscan2								0.0104166666666667	FALSE
OTUD7A	ENSG00000169918.10	1	1	0	0	0	208	Missense_Mutation	muse;mutect2								0.0104166666666667	FALSE
OTULIN	ENSG00000154124.5	1	1	1	1	0	310	Nonsense_Mutation	muse;mutect2;varscan2								0.0104166666666667	FALSE
OVCA2	ENSG00000262664.3	1	1	0	0	0	77	Missense_Mutation	muse;mutect2;varscan2								0.0104166666666667	FALSE
OVCH1	ENSG00000187950.8	1	1	0	0	0	709	Missense_Mutation	muse;mutect2;varscan2								0.0104166666666667	FALSE
OVGP1	ENSG00000085465.13	1	1	0	0	0	214	Missense_Mutation	muse;mutect2;varscan2								0.0104166666666667	FALSE
OXCT2	ENSG00000198754.5	1	1	1	1	0	20	Nonsense_Mutation	muse;mutect2								0.0104166666666667	FALSE
OXNAD1	ENSG00000154814.14	1	1	0	0	0	37	Missense_Mutation	muse;mutect2;varscan2								0.0104166666666667	FALSE
OXSR1	ENSG00000172939.9	1	1	0	0	0	121	Missense_Mutation	muse;mutect2;varscan2								0.0104166666666667	FALSE
P2RX2	ENSG00000187848.15	1	1	1	1	0	58	Splice_Site	pindel;varscan2*								0.0104166666666667	FALSE
P2RX3	ENSG00000109991.9	1	1	0	0	0	225	Missense_Mutation	muse;mutect2;varscan2								0.0104166666666667	FALSE
P2RX4	ENSG00000135124.15	1	1	0	0	0	7	Missense_Mutation	muse;varscan2								0.0104166666666667	FALSE
P2RY10	ENSG00000078589.13	1	1	0	0	0	278	Missense_Mutation	muse;mutect2;varscan2								0.0104166666666667	FALSE
P2RY14	ENSG00000174944.9	1	1	0	0	0	181	Missense_Mutation	muse;mutect2								0.0104166666666667	FALSE
P2RY4	ENSG00000186912.6	1	1	0	0	0	318	Missense_Mutation	muse;mutect2;varscan2								0.0104166666666667	FALSE
P3H1	ENSG00000117385.16	1	1	0	0	0	638	Missense_Mutation	muse;mutect2;varscan2								0.0104166666666667	FALSE
P3H3	ENSG00000110811.20	1	1	1	1	0	278	Frame_Shift_Del	mutect2;pindel;varscan2								0.0104166666666667	FALSE
P4HA1	ENSG00000122884.12	1	1	0	0	0	160	Missense_Mutation	muse;mutect2;varscan2								0.0104166666666667	FALSE
P4HB	ENSG00000185624.15	1	1	0	0	0	118	Missense_Mutation	muse;mutect2;varscan2								0.0104166666666667	FALSE
PABPC1	ENSG00000070756.17	1	1	0	0	0	247	Missense_Mutation	muse;mutect2;varscan2								0.0104166666666667	FALSE
PABPC4	ENSG00000090621.15	1	1	1	1	0	262	Frame_Shift_Del	pindel;varscan2								0.0104166666666667	FALSE
PACC1	ENSG00000065600.13	1	1	0	0	0	121	Missense_Mutation	muse;mutect2;varscan2								0.0104166666666667	FALSE
PACRG	ENSG00000112530.11	1	1	0	0	0	199	Missense_Mutation	muse;mutect2;varscan2								0.0104166666666667	FALSE
PACS1	ENSG00000175115.13	1	1	0	0	0	929	Missense_Mutation	muse;mutect2;varscan2								0.0104166666666667	FALSE
PADI1	ENSG00000142623.11	1	1	0	0	0	440	Missense_Mutation	muse;mutect2;varscan2								0.0104166666666667	FALSE
PADI4	ENSG00000159339.13	1	1	0	0	0	44	Missense_Mutation	muse;mutect2;varscan2								0.0104166666666667	FALSE
PADI6	ENSG00000276747.1	1	1	0	0	0	156	Missense_Mutation	muse;mutect2;varscan2								0.0104166666666667	FALSE
PAFAH2	ENSG00000158006.14	1	1	0	0	0	351	Missense_Mutation	muse;mutect2;varscan2								0.0104166666666667	FALSE
PAH	ENSG00000171759.10	1	1	0	0	0	335	Missense_Mutation	muse;mutect2;varscan2								0.0104166666666667	FALSE
PAK1	ENSG00000149269.10	1	1	1	1	0	306	Nonsense_Mutation	muse;mutect2;varscan2								0.0104166666666667	FALSE
PAK3	ENSG00000077264.15	1	1	0	0	0	237	Missense_Mutation	muse;mutect2;varscan2								0.0104166666666667	FALSE
PAK4	ENSG00000130669.17	1	1	0	0	0	390	Missense_Mutation	muse;mutect2;varscan2								0.0104166666666667	FALSE
PALD1	ENSG00000107719.9	1	1	0	0	0	252	In_Frame_Del	pindel;varscan2								0.0104166666666667	FALSE
PAM	ENSG00000145730.20	1	1	0	0	0	799	Missense_Mutation	muse;mutect2								0.0104166666666667	FALSE
PANK1	ENSG00000152782.16	1	1	0	0	0	457	Missense_Mutation	muse;mutect2;varscan2								0.0104166666666667	FALSE
PANK3	ENSG00000120137.7	1	1	0	0	0	200	Missense_Mutation	muse;mutect2								0.0104166666666667	FALSE
PANK4	ENSG00000157881.16	1	1	0	0	0	651	Missense_Mutation	muse;mutect2;varscan2								0.0104166666666667	FALSE
PAPOLB	ENSG00000218823.2	1	1	0	0	0	614	Missense_Mutation	muse;mutect2								0.0104166666666667	FALSE
PAPOLG	ENSG00000115421.13	1	1	0	0	0	370	Missense_Mutation	muse;mutect2;varscan2								0.0104166666666667	FALSE
PAPPA	ENSG00000182752.10	1	1	1	1	0	147	Frame_Shift_Ins	mutect2;pindel;varscan2								0.0104166666666667	FALSE
PAPSS2	ENSG00000198682.13	1	1	0	0	0	330	Missense_Mutation	muse;mutect2;varscan2								0.0104166666666667	FALSE
PAQR8	ENSG00000170915.9	1	1	0	0	0	235	Missense_Mutation	muse;mutect2;varscan2								0.0104166666666667	FALSE
PARD6B	ENSG00000124171.9	1	1	0	0	0	315	Missense_Mutation	muse;mutect2;varscan2								0.0104166666666667	FALSE
PARP1	ENSG00000143799.14	1	1	0	0	0	229	Missense_Mutation	muse;mutect2;varscan2								0.0104166666666667	FALSE
PARP16	ENSG00000138617.16	1	1	0	0	0	249	Missense_Mutation	muse;mutect2;varscan2								0.0104166666666667	FALSE
PARPBP	ENSG00000185480.12	1	1	1	1	0	214	Nonsense_Mutation	muse;mutect2;varscan2								0.0104166666666667	FALSE
PASD1	ENSG00000166049.11	1	1	0	0	0	420	Missense_Mutation	muse;mutect2;varscan2								0.0104166666666667	FALSE
PATE1	ENSG00000171053.10	1	1	1	1	0	30	Splice_Site	muse;varscan2								0.0104166666666667	FALSE
PATL1	ENSG00000166889.14	1	1	1	1	0	160	Frame_Shift_Del	mutect2;pindel;varscan2								0.0104166666666667	FALSE
PAX1	ENSG00000125813.13	1	1	0	0	0	105	Missense_Mutation	muse;mutect2;varscan2								0.0104166666666667	FALSE
PAX7	ENSG00000009709.12	1	1	0	0	0	201	Missense_Mutation	muse;mutect2;varscan2								0.0104166666666667	FALSE
PAXX	ENSG00000148362.11	1	1	0	0	0	202	Missense_Mutation	muse;mutect2;varscan2								0.0104166666666667	FALSE
PBDC1	ENSG00000102390.11	1	1	0	0	0	166	Missense_Mutation	muse;mutect2;varscan2								0.0104166666666667	FALSE
PBX1	ENSG00000185630.19	1	1	0	0	0	22	Missense_Mutation	muse;mutect2;varscan2								0.0104166666666667	FALSE
PCARE	ENSG00000179270.7	1	1	0	0	0	1017	Missense_Mutation	mutect2;varscan2								0.0104166666666667	FALSE
PCBP3	ENSG00000183570.16	1	1	0	0	0	49	Missense_Mutation	muse;mutect2;varscan2								0.0104166666666667	FALSE
PCCA	ENSG00000175198.17	1	1	0	0	0	221	Missense_Mutation	muse;mutect2;varscan2								0.0104166666666667	FALSE
PCDH12	ENSG00000113555.6	1	1	0	0	0	967	Missense_Mutation	muse;mutect2								0.0104166666666667	FALSE
PCDH17	ENSG00000118946.12	1	1	0	0	0	55	Missense_Mutation	muse;mutect2;varscan2								0.0104166666666667	FALSE
PCDH18	ENSG00000189184.12	1	1	0	0	0	121	Missense_Mutation	muse;mutect2								0.0104166666666667	FALSE
PCDH8	ENSG00000136099.13	1	1	0	0	0	991	Missense_Mutation	muse;mutect2;varscan2								0.0104166666666667	FALSE
PCDHA12	ENSG00000251664.5	1	1	0	0	0	47	Missense_Mutation	muse;mutect2								0.0104166666666667	FALSE
PCDHA2	ENSG00000204969.7	1	1	0	0	0	17	Missense_Mutation	muse;mutect2;varscan2								0.0104166666666667	FALSE
PCDHA6	ENSG00000081842.18	1	1	0	0	0	471	Missense_Mutation	muse;mutect2;varscan2								0.0104166666666667	FALSE
PCDHA8	ENSG00000204962.6	1	1	0	0	0	49	Missense_Mutation	muse;mutect2								0.0104166666666667	FALSE
PCDHAC1	ENSG00000248383.5	1	1	0	0	0	21	Missense_Mutation	muse;mutect2;varscan2								0.0104166666666667	FALSE
PCDHAC2	ENSG00000243232.6	1	1	0	0	0	348	Missense_Mutation	muse;mutect2								0.0104166666666667	FALSE
PCDHB1	ENSG00000171815.6	1	1	0	0	0	133	Missense_Mutation	muse;mutect2;varscan2								0.0104166666666667	FALSE
PCDHB10	ENSG00000120324.9	1	1	0	0	0	729	Missense_Mutation	muse;mutect2;varscan2								0.0104166666666667	FALSE
PCDHB12	ENSG00000120328.6	1	1	0	0	0	395	Missense_Mutation	muse;mutect2;varscan2								0.0104166666666667	FALSE
PCDHB13	ENSG00000187372.11	1	1	0	0	0	260	Missense_Mutation	muse;mutect2;varscan2								0.0104166666666667	FALSE
PCDHB16	ENSG00000272674.3	1	1	0	0	0	339	Missense_Mutation	muse;mutect2;varscan2								0.0104166666666667	FALSE
PCDHB2	ENSG00000112852.7	1	1	0	0	0	718	Missense_Mutation	muse;mutect2;varscan2								0.0104166666666667	FALSE
PCDHB4	ENSG00000081818.4	1	1	0	0	0	498	Missense_Mutation	muse;varscan2								0.0104166666666667	FALSE
PCDHB6	ENSG00000113211.5	1	1	0	0	0	252	Missense_Mutation	muse;mutect2;varscan2								0.0104166666666667	FALSE
PCDHGA1	ENSG00000204956.5	1	1	0	0	0	91	Missense_Mutation	muse;mutect2								0.0104166666666667	FALSE
PCDHGA10	ENSG00000253846.2	1	1	0	0	0	752	Missense_Mutation	muse;mutect2								0.0104166666666667	FALSE
PCDHGA2	ENSG00000081853.15	1	1	0	0	0		Splice_Region	mutect2;pindel								0.0104166666666667	FALSE
PCDHGA7	ENSG00000253537.3	1	1	0	0	0	670	Missense_Mutation	muse;mutect2;varscan2								0.0104166666666667	FALSE
PCDHGA8	ENSG00000253767.2	1	1	0	0	0	718	Missense_Mutation	muse;mutect2								0.0104166666666667	FALSE
PCDHGA9	ENSG00000261934.2	1	1	0	0	0	333	Missense_Mutation	mutect2;varscan2								0.0104166666666667	FALSE
PCDHGB1	ENSG00000254221.2	1	1	0	0	0	43	Missense_Mutation	muse;mutect2;varscan2								0.0104166666666667	FALSE
PCDHGB2	ENSG00000253910.2	1	1	0	0	0	498	Missense_Mutation	muse;mutect2;varscan2								0.0104166666666667	FALSE
PCDHGB4	ENSG00000253953.3	1	1	0	0	0	255	Missense_Mutation	muse;mutect2;varscan2								0.0104166666666667	FALSE
PCED1A	ENSG00000132635.17	1	1	0	0	0	271	Missense_Mutation	muse;mutect2;varscan2								0.0104166666666667	FALSE
PCGF2	ENSG00000277258.5	1	1	1	1	0	215	Frame_Shift_Del	mutect2;varscan2								0.0104166666666667	FALSE
PCIF1	ENSG00000100982.12	1	1	0	0	0	25	Missense_Mutation	muse;mutect2;varscan2								0.0104166666666667	FALSE
PCK1	ENSG00000124253.11	1	1	0	0	0	285	Missense_Mutation	muse;mutect2;varscan2								0.0104166666666667	FALSE
PCK2	ENSG00000100889.12	1	1	0	0	0	458	Splice_Region	muse;mutect2								0.0104166666666667	FALSE
PCM1	ENSG00000078674.18	1	1	0	0	0	453	Missense_Mutation	muse;mutect2;varscan2								0.0104166666666667	FALSE
PCMT1	ENSG00000120265.18	1	1	1	1	0	286	Nonstop_Mutation	muse;mutect2;varscan2								0.0104166666666667	FALSE
PCMTD1	ENSG00000168300.14	1	1	0	0	0	46	Missense_Mutation	muse;mutect2;varscan2								0.0104166666666667	FALSE
PCNT	ENSG00000160299.17	1	1	0	0	0	3066	In_Frame_Del	mutect2;pindel;varscan2								0.0104166666666667	FALSE
PCNX3	ENSG00000197136.4	1	1	0	0	0	1766	Missense_Mutation	muse;mutect2;varscan2								0.0104166666666667	FALSE
PCOLCE2	ENSG00000163710.9	1	1	0	0	0	225	Missense_Mutation	muse;mutect2								0.0104166666666667	FALSE
PCSK2	ENSG00000125851.10	1	1	0	0	0	58	Missense_Mutation	muse;mutect2								0.0104166666666667	FALSE
PCSK7	ENSG00000160613.14	1	1	0	0	0	204	Missense_Mutation	muse;mutect2;varscan2								0.0104166666666667	FALSE
PCSK9	ENSG00000169174.11	1	1	0	0	0	139	Missense_Mutation	muse;mutect2;varscan2								0.0104166666666667	FALSE
PCYT1A	ENSG00000161217.12	1	1	0	0	0	61	Missense_Mutation	muse;mutect2;varscan2								0.0104166666666667	FALSE
PCYT1B	ENSG00000102230.14	1	1	0	0	0	81	Missense_Mutation	muse;mutect2;varscan2								0.0104166666666667	FALSE
PDCD11	ENSG00000148843.15	1	1	0	0	0	1808	Missense_Mutation	muse;mutect2;varscan2								0.0104166666666667	FALSE
PDCD2	ENSG00000071994.11	1	1	0	0	0	203	Missense_Mutation	muse;mutect2;varscan2								0.0104166666666667	FALSE
PDCL	ENSG00000136940.14	1	1	0	0	0	235	Missense_Mutation	muse;mutect2;varscan2								0.0104166666666667	FALSE
PDE10A	ENSG00000112541.17	1	1	0	0	0	704	Missense_Mutation	muse;mutect2;varscan2								0.0104166666666667	FALSE
PDE11A	ENSG00000128655.18	1	1	0	0	0	571	Missense_Mutation	muse;varscan2								0.0104166666666667	FALSE
PDE2A	ENSG00000186642.16	1	1	0	0	0	241	Missense_Mutation	muse;mutect2;varscan2								0.0104166666666667	FALSE
PDE3B	ENSG00000152270.9	1	1	0	0	0	1027	Missense_Mutation	muse;mutect2;varscan2								0.0104166666666667	FALSE
PDE4DIP	ENSG00000178104.19	1	1	0	0	0	1156	Missense_Mutation	muse;mutect2;varscan2								0.0104166666666667	FALSE
PDE5A	ENSG00000138735.16	1	1	0	0	0	373	Missense_Mutation	muse;mutect2;varscan2								0.0104166666666667	FALSE
PDE6C	ENSG00000095464.10	1	1	0	0	0	508	Missense_Mutation	muse;mutect2;varscan2								0.0104166666666667	FALSE
PDE8B	ENSG00000113231.14	1	1	0	0	0	263	Missense_Mutation	muse;mutect2								0.0104166666666667	FALSE
PDE9A	ENSG00000160191.18	1	1	0	0	0	168	Missense_Mutation	muse;mutect2;varscan2								0.0104166666666667	FALSE
PDGFB	ENSG00000100311.17	1	1	0	0	0	217	In_Frame_Del	pindel;varscan2*								0.0104166666666667	FALSE
PDGFRA	ENSG00000134853.12	1	1	1	1	0	422	Frame_Shift_Ins	mutect2;pindel								0.0104166666666667	FALSE
PDHA2	ENSG00000163114.6	1	1	0	0	0	323	Missense_Mutation	muse;mutect2;varscan2								0.0104166666666667	FALSE
PDLIM2	ENSG00000120913.23	1	1	0	0	0	304	Missense_Mutation	muse;mutect2;varscan2								0.0104166666666667	FALSE
PDLIM3	ENSG00000154553.16	1	1	0	0	0	59	Missense_Mutation	muse;mutect2;varscan2								0.0104166666666667	FALSE
PDLIM5	ENSG00000163110.15	1	1	0	0	0	217	Missense_Mutation	mutect2;varscan2								0.0104166666666667	FALSE
PDLIM7	ENSG00000196923.14	1	1	0	0	0	432	Missense_Mutation	muse;mutect2;varscan2								0.0104166666666667	FALSE
PDP1	ENSG00000164951.16	1	1	0	0	0	424	Missense_Mutation	muse;mutect2;varscan2								0.0104166666666667	FALSE
PDPN	ENSG00000162493.16	1	1	0	0	0	57	Missense_Mutation	muse;mutect2;varscan2								0.0104166666666667	FALSE
PDZD8	ENSG00000165650.12	1	1	1	1	0	617	Nonsense_Mutation	muse;mutect2;varscan2								0.0104166666666667	FALSE
PDZK1	ENSG00000174827.14	1	1	0	0	0	162	Missense_Mutation	muse;mutect2;varscan2								0.0104166666666667	FALSE
PEAK3	ENSG00000188305.6	1	1	0	0	0	88	Missense_Mutation	muse;mutect2;varscan2								0.0104166666666667	FALSE
PENK	ENSG00000181195.11	1	1	0	0	0	130	Missense_Mutation	muse;mutect2;varscan2								0.0104166666666667	FALSE
PER1	ENSG00000179094.16	1	1	0	0	0	1152	Missense_Mutation	muse;mutect2;varscan2								0.0104166666666667	FALSE
PERP	ENSG00000112378.12	1	1	1	1	0	151	Nonsense_Mutation	muse;mutect2;varscan2								0.0104166666666667	FALSE
PEX2	ENSG00000164751.15	1	1	1	1	0	295	Nonsense_Mutation	muse;mutect2;varscan2								0.0104166666666667	FALSE
PF4V1	ENSG00000109272.4	1	1	0	0	0	6	Missense_Mutation	muse;mutect2;varscan2								0.0104166666666667	FALSE
PFAS	ENSG00000178921.14	1	1	0	0	0	185	Missense_Mutation	muse;mutect2;varscan2								0.0104166666666667	FALSE
PFDN1	ENSG00000113068.10	1	1	0	0	0	7	Missense_Mutation	muse;mutect2;varscan2								0.0104166666666667	FALSE
PFDN2	ENSG00000143256.5	1	1	0	0	0	128	Missense_Mutation	muse;mutect2								0.0104166666666667	FALSE
PFDN5	ENSG00000123349.15	1	1	0	0	0	69	Missense_Mutation	muse;mutect2;varscan2								0.0104166666666667	FALSE
PFKFB2	ENSG00000123836.15	1	1	0	0	0	92	Missense_Mutation	muse;mutect2;varscan2								0.0104166666666667	FALSE
PFKFB4	ENSG00000114268.12	1	1	0	0	0	402	Missense_Mutation	muse;mutect2;varscan2								0.0104166666666667	FALSE
PFKM	ENSG00000152556.17	1	1	0	0	0	352	Missense_Mutation	muse;mutect2;varscan2								0.0104166666666667	FALSE
PGAM5	ENSG00000247077.7	1	1	0	0	0	118	Missense_Mutation	mutect2;varscan2								0.0104166666666667	FALSE
PGAP2	ENSG00000148985.20	1	1	0	0	0	64	Missense_Mutation	muse;mutect2;varscan2								0.0104166666666667	FALSE
PGAP3	ENSG00000161395.14	1	1	0	0	0	71	Missense_Mutation	muse;mutect2								0.0104166666666667	FALSE
PGAP4	ENSG00000165152.9	1	1	0	0	0	281	Missense_Mutation	muse;mutect2;varscan2								0.0104166666666667	FALSE
PGBD5	ENSG00000177614.11	1	1	0	0	0	299	Missense_Mutation	muse;mutect2;varscan2								0.0104166666666667	FALSE
PGC	ENSG00000096088.16	1	1	0	0	0	187	Missense_Mutation	muse;mutect2;varscan2								0.0104166666666667	FALSE
PGF	ENSG00000119630.14	1	1	0	0	0	196	Missense_Mutation	muse;mutect2;varscan2								0.0104166666666667	FALSE
PGK2	ENSG00000170950.6	1	1	0	0	0	289	Missense_Mutation	muse;mutect2								0.0104166666666667	FALSE
PGLYRP1	ENSG00000008438.5	1	1	0	0	0	135	Missense_Mutation	muse;mutect2;varscan2								0.0104166666666667	FALSE
PGLYRP2	ENSG00000161031.13	1	1	0	0	0	411	Missense_Mutation	muse;mutect2								0.0104166666666667	FALSE
PGM5	ENSG00000154330.13	1	1	0	0	0	410	Missense_Mutation	muse;mutect2;varscan2								0.0104166666666667	FALSE
PGRMC2	ENSG00000164040.18	1	1	1	1	0	173	Nonsense_Mutation	muse;mutect2;varscan2								0.0104166666666667	FALSE
PGS1	ENSG00000087157.19	1	1	0	0	0	120	Missense_Mutation	muse;mutect2;varscan2								0.0104166666666667	FALSE
PHACTR1	ENSG00000112137.18	1	1	1	1	0	382	Nonsense_Mutation	muse;mutect2;varscan2								0.0104166666666667	FALSE
PHACTR2	ENSG00000112419.14	1	1	0	0	0	590	Missense_Mutation	muse;mutect2;varscan2								0.0104166666666667	FALSE
PHB	ENSG00000167085.13	1	1	1	1	0	132	Splice_Site	muse;mutect2								0.0104166666666667	FALSE
PHC2	ENSG00000134686.18	1	1	0	0	0	656	Missense_Mutation	muse;mutect2;varscan2								0.0104166666666667	FALSE
PHEX	ENSG00000102174.9	1	1	0	0	0	336	Missense_Mutation	muse;mutect2;varscan2								0.0104166666666667	FALSE
PHF1	ENSG00000112511.18	1	1	1	1	0	338	Frame_Shift_Del	mutect2;pindel								0.0104166666666667	FALSE
PHF12	ENSG00000109118.14	1	1	0	0	0	823	Missense_Mutation	muse;mutect2;varscan2								0.0104166666666667	FALSE
PHF20L1	ENSG00000129292.21	1	1	1	1	0	65	Frame_Shift_Del	mutect2;pindel;varscan2								0.0104166666666667	FALSE
PHF21A	ENSG00000135365.16	1	1	0	0	0	225	Missense_Mutation	muse;mutect2;varscan2								0.0104166666666667	FALSE
PHKA2	ENSG00000044446.12	1	1	1	1	0	373	Nonsense_Mutation	muse;varscan2								0.0104166666666667	FALSE
PHKB	ENSG00000102893.16	1	1	0	0	0	568	Missense_Mutation	muse;mutect2;varscan2								0.0104166666666667	FALSE
PHKG2	ENSG00000156873.16	1	1	0	0	0	170	Missense_Mutation	muse;mutect2;varscan2								0.0104166666666667	FALSE
PHLDB2	ENSG00000144824.21	1	1	0	0	0	303	Missense_Mutation	muse;mutect2;varscan2								0.0104166666666667	FALSE
PHLDB3	ENSG00000176531.10	1	1	0	0	0	557	Missense_Mutation	muse;mutect2								0.0104166666666667	FALSE
PHLPP1	ENSG00000081913.14	1	1	0	0	0	1202	Missense_Mutation	muse;mutect2;varscan2								0.0104166666666667	FALSE
PHOSPHO2	ENSG00000144362.12	1	1	1	1	0	129	Frame_Shift_Ins	mutect2;pindel;varscan2								0.0104166666666667	FALSE
PHOX2B	ENSG00000109132.7	1	1	0	0	0	88	Missense_Mutation	muse;mutect2								0.0104166666666667	FALSE
PHTF1	ENSG00000116793.16	1	1	0	0	0	373	Missense_Mutation	muse;mutect2;varscan2								0.0104166666666667	FALSE
PHTF2	ENSG00000006576.16	1	1	1	1	0	581	Nonsense_Mutation	muse;mutect2;varscan2								0.0104166666666667	FALSE
PHYHD1	ENSG00000175287.19	1	1	0	0	0	226	Missense_Mutation	muse;mutect2;varscan2								0.0104166666666667	FALSE
PHYHIPL	ENSG00000165443.12	1	1	1	1	0	69	Frame_Shift_Del	mutect2;pindel;varscan2								0.0104166666666667	FALSE
PIAS4	ENSG00000105229.7	1	1	0	0	0	349	Missense_Mutation	muse;mutect2;varscan2								0.0104166666666667	FALSE
PIBF1	ENSG00000083535.16	1	1	0	0	0	583	Missense_Mutation	muse;mutect2;varscan2								0.0104166666666667	FALSE
PIDD1	ENSG00000177595.18	1	1	0	0	0	489	Missense_Mutation	muse;mutect2;varscan2								0.0104166666666667	FALSE
PIF1	ENSG00000140451.13	1	1	0	0	0	601	Missense_Mutation	muse;mutect2;varscan2								0.0104166666666667	FALSE
PIGB	ENSG00000069943.10	1	1	0	0	0	185	Missense_Mutation	muse;mutect2;varscan2								0.0104166666666667	FALSE
PIGO	ENSG00000165282.14	1	1	0	0	0	219	Missense_Mutation	muse;mutect2;varscan2								0.0104166666666667	FALSE
PIGR	ENSG00000162896.6	1	1	0	0	0	400	Missense_Mutation	muse;mutect2;varscan2								0.0104166666666667	FALSE
PIGS	ENSG00000087111.21	1	1	1	1	0	384	Nonsense_Mutation	muse;mutect2;varscan2								0.0104166666666667	FALSE
PIGW	ENSG00000277161.2	1	1	0	0	0	348	Missense_Mutation	muse;mutect2								0.0104166666666667	FALSE
PIH1D2	ENSG00000150773.11	1	1	0	0	0	227	Missense_Mutation	muse;mutect2;varscan2								0.0104166666666667	FALSE
PIK3C2B	ENSG00000133056.13	1	1	0	0	0	37	Missense_Mutation	muse;mutect2;varscan2								0.0104166666666667	FALSE
PIK3C2G	ENSG00000139144.11	1	1	0	0	0	721	Missense_Mutation	muse;mutect2;varscan2								0.0104166666666667	FALSE
PIK3C3	ENSG00000078142.13	1	1	0	0	0	174	Missense_Mutation	muse;mutect2;varscan2								0.0104166666666667	FALSE
PIK3CG	ENSG00000105851.11	1	1	0	0	0	177	Missense_Mutation	muse;mutect2								0.0104166666666667	FALSE
PIK3R5	ENSG00000141506.14	1	1	0	0	0	421	Missense_Mutation	muse;mutect2;varscan2								0.0104166666666667	FALSE
PIK3R6	ENSG00000276231.5	1	1	0	0	0	289	Missense_Mutation	muse;mutect2;varscan2								0.0104166666666667	FALSE
PILRB	ENSG00000121716.20	1	1	0	0	0	81	In_Frame_Del	mutect2;pindel;varscan2								0.0104166666666667	FALSE
PINK1	ENSG00000158828.8	1	1	0	0	0	546	Missense_Mutation	muse;mutect2;varscan2								0.0104166666666667	FALSE
PIP	ENSG00000159763.4	1	1	0	0	0	64	Missense_Mutation	muse;mutect2;varscan2								0.0104166666666667	FALSE
PIP4K2A	ENSG00000150867.14	1	1	1	1	0	315	Frame_Shift_Ins	mutect2;varscan2								0.0104166666666667	FALSE
PIP4K2B	ENSG00000276293.4	1	1	0	0	0	186	Missense_Mutation	muse;mutect2;varscan2								0.0104166666666667	FALSE
PIP4P1	ENSG00000165782.11	1	1	0	0	0	243	Missense_Mutation	muse;mutect2;varscan2								0.0104166666666667	FALSE
PIP4P2	ENSG00000155099.8	1	1	0	0	0	120	Missense_Mutation	muse;mutect2;varscan2								0.0104166666666667	FALSE
PIP5K1A	ENSG00000143398.20	1	1	0	0	0	558	Missense_Mutation	muse;mutect2;varscan2								0.0104166666666667	FALSE
PIP5K1C	ENSG00000186111.10	1	1	0	0	0	484	Missense_Mutation	muse;mutect2;varscan2								0.0104166666666667	FALSE
PIR	ENSG00000087842.11	1	1	0	0	0	266	Missense_Mutation	muse;mutect2;varscan2								0.0104166666666667	FALSE
PITPNC1	ENSG00000154217.15	1	1	0	0	0	319	Missense_Mutation	muse;mutect2;varscan2								0.0104166666666667	FALSE
PITPNM1	ENSG00000110697.13	1	1	0	0	0	1173	In_Frame_Del	pindel;varscan2*								0.0104166666666667	FALSE
PITX2	ENSG00000164093.17	1	1	0	0	0	216	Missense_Mutation	muse;mutect2;varscan2								0.0104166666666667	FALSE
PJA1	ENSG00000181191.12	1	1	0	0	0	111	Missense_Mutation	muse;mutect2;varscan2								0.0104166666666667	FALSE
PKD2	ENSG00000118762.8	1	1	1	1	0	237	Splice_Site	muse;mutect2								0.0104166666666667	FALSE
PKD2L2	ENSG00000078795.17	1	1	0	0	0	159	Missense_Mutation	muse;mutect2;varscan2								0.0104166666666667	FALSE
PKIA	ENSG00000171033.13	1	1	0	0	0	74	Missense_Mutation	muse;mutect2;varscan2								0.0104166666666667	FALSE
PKN1	ENSG00000123143.13	1	1	0	0	0	778	Missense_Mutation	muse;mutect2								0.0104166666666667	FALSE
PKN2	ENSG00000065243.20	1	1	0	0	0	783	Missense_Mutation	muse;mutect2;varscan2								0.0104166666666667	FALSE
PKN3	ENSG00000160447.7	1	1	0	0	0	877	Missense_Mutation	muse;mutect2;varscan2								0.0104166666666667	FALSE
PKP4	ENSG00000144283.22	1	1	0	0	0	1084	Missense_Mutation	muse;mutect2;varscan2								0.0104166666666667	FALSE
PLA1A	ENSG00000144837.9	1	1	0	0	0	83	Missense_Mutation	muse;mutect2;varscan2								0.0104166666666667	FALSE
PLA2G12A	ENSG00000123739.11	1	1	0	0	0	59	Missense_Mutation	muse;mutect2;varscan2								0.0104166666666667	FALSE
PLA2G4F	ENSG00000168907.13	1	1	1	1	0	199	Nonsense_Mutation	muse;mutect2								0.0104166666666667	FALSE
PLA2G5	ENSG00000127472.11	1	1	0	0	0	12	Missense_Mutation	muse;mutect2;varscan2								0.0104166666666667	FALSE
PLA2G6	ENSG00000184381.20	1	1	0	0	0	501	Missense_Mutation	muse;mutect2;varscan2								0.0104166666666667	FALSE
PLA2G7	ENSG00000146070.17	1	1	0	0	0	111	Missense_Mutation	muse;mutect2;varscan2								0.0104166666666667	FALSE
PLAAT1	ENSG00000127252.7	1	1	0	0	0	216	Missense_Mutation	muse;mutect2;varscan2								0.0104166666666667	FALSE
PLAAT4	ENSG00000133321.11	1	1	1	1	0	162	Frame_Shift_Del	mutect2;varscan2								0.0104166666666667	FALSE
PLAC9	ENSG00000189129.14	1	1	0	0	0	67	Missense_Mutation	muse;mutect2;varscan2								0.0104166666666667	FALSE
PLAG1	ENSG00000181690.8	1	1	0	0	0	397	Missense_Mutation	muse;mutect2;varscan2								0.0104166666666667	FALSE
PLAGL2	ENSG00000126003.7	1	1	0	0	0	388	Missense_Mutation	muse;mutect2;varscan2								0.0104166666666667	FALSE
PLAU	ENSG00000122861.16	1	1	0	0	0	108	Missense_Mutation	muse;mutect2;varscan2								0.0104166666666667	FALSE
PLBD2	ENSG00000151176.8	1	1	0	0	0	430	Missense_Mutation	muse;mutect2;varscan2								0.0104166666666667	FALSE
PLCB3	ENSG00000149782.13	1	1	0	0	0	1109	Missense_Mutation	muse;mutect2;varscan2								0.0104166666666667	FALSE
PLCH1	ENSG00000114805.18	1	1	0	0	0	338	Missense_Mutation	muse;mutect2;varscan2								0.0104166666666667	FALSE
PLCZ1	ENSG00000139151.16	1	1	0	0	0	30	Missense_Mutation	muse;mutect2;varscan2								0.0104166666666667	FALSE
PLD2	ENSG00000129219.14	1	1	1	1	0	108	Frame_Shift_Del	mutect2;pindel;varscan2								0.0104166666666667	FALSE
PLEK	ENSG00000115956.10	1	1	0	0	0	255	Missense_Mutation	muse;mutect2;varscan2								0.0104166666666667	FALSE
PLEKHA3	ENSG00000116095.11	1	1	1	1	0	105	Splice_Site	muse;mutect2;varscan2								0.0104166666666667	FALSE
PLEKHA5	ENSG00000052126.14	1	1	0	0	0	128	Missense_Mutation	muse;mutect2;varscan2								0.0104166666666667	FALSE
PLEKHA6	ENSG00000143850.16	1	1	0	0	0	335	Missense_Mutation	muse;mutect2;varscan2								0.0104166666666667	FALSE
PLEKHG3	ENSG00000126822.17	1	1	0	0	0	206	Missense_Mutation	muse;mutect2;varscan2								0.0104166666666667	FALSE
PLEKHG4	ENSG00000196155.13	1	1	0	0	0	822	Missense_Mutation	muse;mutect2;varscan2								0.0104166666666667	FALSE
PLEKHG5	ENSG00000171680.23	1	1	0	0	0	218	Missense_Mutation	muse;mutect2;varscan2								0.0104166666666667	FALSE
PLEKHH1	ENSG00000054690.14	1	1	0	0	0	524	Missense_Mutation	muse;mutect2;varscan2								0.0104166666666667	FALSE
PLEKHH2	ENSG00000152527.14	1	1	0	0	0	174	Missense_Mutation	muse;varscan2								0.0104166666666667	FALSE
PLEKHM3	ENSG00000178385.15	1	1	0	0	0	236	Missense_Mutation	muse;mutect2;varscan2								0.0104166666666667	FALSE
PLEKHN1	ENSG00000187583.11	1	1	0	0	0	460	Missense_Mutation	mutect2;varscan2								0.0104166666666667	FALSE
PLGLB2	ENSG00000125551.19	1	1	1	1	0	1	Translation_Start_Site	mutect2;varscan2								0.0104166666666667	FALSE
PLK4	ENSG00000142731.11	1	1	0	0	0	940	Missense_Mutation	muse;mutect2;varscan2								0.0104166666666667	FALSE
PLOD2	ENSG00000152952.12	1	1	0	0	0	335	Missense_Mutation	muse;mutect2;varscan2								0.0104166666666667	FALSE
PLOD3	ENSG00000106397.12	1	1	0	0	0	181	Missense_Mutation	muse;mutect2;varscan2								0.0104166666666667	FALSE
PLP2	ENSG00000102007.11	1	1	0	0	0	20	Missense_Mutation	muse;mutect2;varscan2								0.0104166666666667	FALSE
PLPBP	ENSG00000147471.12	1	1	1	1	0	206	Nonsense_Mutation	muse;mutect2;varscan2								0.0104166666666667	FALSE
PLPP1	ENSG00000067113.17	1	1	0	0	0	62	Missense_Mutation	muse;mutect2;varscan2								0.0104166666666667	FALSE
PLPP3	ENSG00000162407.9	1	1	0	0	0	310	Missense_Mutation	muse;mutect2;varscan2								0.0104166666666667	FALSE
PLPPR4	ENSG00000117600.12	1	1	0	0	0	431	Missense_Mutation	muse;mutect2;varscan2								0.0104166666666667	FALSE
PLTP	ENSG00000100979.15	1	1	0	0	0	142	Missense_Mutation	muse;mutect2								0.0104166666666667	FALSE
PLVAP	ENSG00000130300.9	1	1	1	1	0	300	Nonsense_Mutation	muse;mutect2;varscan2								0.0104166666666667	FALSE
PLXNA1	ENSG00000114554.11	1	1	0	0	0	1254	Missense_Mutation	muse;mutect2;varscan2								0.0104166666666667	FALSE
PLXNA3	ENSG00000130827.6	1	1	0	0	0	1443	Missense_Mutation	muse;mutect2;varscan2								0.0104166666666667	FALSE
PLXNB1	ENSG00000164050.13	1	1	1	1	0	180	Frame_Shift_Ins	mutect2;varscan2								0.0104166666666667	FALSE
PLXNB3	ENSG00000198753.12	1	1	1	1	0	1875	Splice_Site	muse;mutect2;varscan2								0.0104166666666667	FALSE
PMPCB	ENSG00000105819.14	1	1	0	0	0	34	Splice_Region	muse;mutect2;varscan2								0.0104166666666667	FALSE
PNLIPRP1	ENSG00000187021.15	1	1	0	0	0	121	Missense_Mutation	muse;mutect2;varscan2								0.0104166666666667	FALSE
PNLIPRP2	ENSG00000266200.6	1	1	0	0	0	46	Missense_Mutation	muse;mutect2;varscan2								0.0104166666666667	FALSE
PNMA1	ENSG00000176903.5	1	1	0	0	0	310	Missense_Mutation	muse;mutect2;varscan2								0.0104166666666667	FALSE
PNMA8A	ENSG00000182013.18	1	1	0	0	0	340	Missense_Mutation	muse;mutect2;varscan2								0.0104166666666667	FALSE
PNPLA8	ENSG00000135241.17	1	1	0	0	0	632	Missense_Mutation	muse;mutect2;varscan2								0.0104166666666667	FALSE
PNPO	ENSG00000108439.11	1	1	0	0	0	24	Missense_Mutation	muse;mutect2;varscan2								0.0104166666666667	FALSE
POC5	ENSG00000152359.15	1	1	1	1	0	79	Frame_Shift_Ins	mutect2;pindel								0.0104166666666667	FALSE
PODXL	ENSG00000128567.17	1	1	0	0	0	192	Missense_Mutation	muse;mutect2;varscan2								0.0104166666666667	FALSE
PODXL2	ENSG00000114631.11	1	1	1	1	0	476	Splice_Site	muse;mutect2;varscan2								0.0104166666666667	FALSE
POFUT1	ENSG00000101346.14	1	1	0	0	0	280	Missense_Mutation	muse;mutect2								0.0104166666666667	FALSE
POGLUT1	ENSG00000163389.12	1	1	0	0	0	205	Missense_Mutation	muse;mutect2;varscan2								0.0104166666666667	FALSE
POGLUT2	ENSG00000134901.13	1	1	1	1	0	244	Frame_Shift_Del	mutect2;pindel;varscan2								0.0104166666666667	FALSE
POLD1	ENSG00000062822.15	1	1	0	0	0	311	Missense_Mutation	muse;mutect2;varscan2								0.0104166666666667	FALSE
POLD3	ENSG00000077514.9	1	1	0	0	0	116	Missense_Mutation	muse;mutect2;varscan2								0.0104166666666667	FALSE
POLDIP3	ENSG00000100227.18	1	1	0	0	0	250	Missense_Mutation	muse;mutect2;varscan2								0.0104166666666667	FALSE
POLE	ENSG00000177084.18	1	1	0	0	0	2025	Missense_Mutation	muse;mutect2;varscan2								0.0104166666666667	FALSE
POLH	ENSG00000170734.12	1	1	0	0	0	200	Missense_Mutation	muse;mutect2;varscan2								0.0104166666666667	FALSE
POLR1A	ENSG00000068654.16	1	1	0	0	0	88	Missense_Mutation	muse;mutect2;varscan2								0.0104166666666667	FALSE
POLR1F	ENSG00000105849.6	1	1	0	0	0	46	Missense_Mutation	muse;mutect2;varscan2								0.0104166666666667	FALSE
POLR2C	ENSG00000102978.13	1	1	1	1	0	203	Frame_Shift_Ins	mutect2;pindel;varscan2								0.0104166666666667	FALSE
POLR3A	ENSG00000148606.13	1	1	0	0	0	212	Missense_Mutation	muse;mutect2;varscan2								0.0104166666666667	FALSE
POLR3B	ENSG00000013503.10	1	1	0	0	0	978	Missense_Mutation	muse;mutect2;varscan2								0.0104166666666667	FALSE
POLR3G	ENSG00000113356.13	1	1	0	0	0	25	Missense_Mutation	muse;mutect2;varscan2								0.0104166666666667	FALSE
POM121L12	ENSG00000221900.6	1	1	0	0	0	189	Missense_Mutation	muse;mutect2;varscan2								0.0104166666666667	FALSE
POMGNT2	ENSG00000144647.6	1	1	0	0	0	27	Missense_Mutation	muse;mutect2;varscan2								0.0104166666666667	FALSE
POMT1	ENSG00000130714.18	1	1	1	1	0		Translation_Start_Site	mutect2;pindel;varscan2								0.0104166666666667	FALSE
POMZP3	ENSG00000146707.14	1	1	1	1	0	25	Nonsense_Mutation	muse;mutect2;varscan2								0.0104166666666667	FALSE
PON1	ENSG00000005421.9	1	1	0	0	0	245	Missense_Mutation	muse;mutect2;varscan2								0.0104166666666667	FALSE
PON2	ENSG00000105854.13	1	1	0	0	0	225	Missense_Mutation	muse;mutect2;varscan2								0.0104166666666667	FALSE
POSTN	ENSG00000133110.15	1	1	0	0	0	92	Missense_Mutation	muse;mutect2;varscan2								0.0104166666666667	FALSE
POTEE	ENSG00000188219.14	1	1	0	0	0	91	Missense_Mutation	muse;mutect2;varscan2								0.0104166666666667	FALSE
POTEH	ENSG00000198062.15	1	1	0	0	0	117	Missense_Mutation	muse;mutect2;varscan2								0.0104166666666667	FALSE
POU2F1	ENSG00000143190.23	1	1	0	0	0	173	Missense_Mutation	muse;mutect2;varscan2								0.0104166666666667	FALSE
POU3F2	ENSG00000184486.10	1	1	0	0	0	254	Missense_Mutation	muse;varscan2								0.0104166666666667	FALSE
POU3F3	ENSG00000198914.5	1	1	1	1	0	389	Nonsense_Mutation	muse;mutect2;varscan2								0.0104166666666667	FALSE
POU3F4	ENSG00000196767.9	1	1	0	0	0	23	Missense_Mutation	muse;mutect2;varscan2								0.0104166666666667	FALSE
POU4F3	ENSG00000091010.6	1	1	0	0	0	47	Missense_Mutation	muse;mutect2;varscan2								0.0104166666666667	FALSE
POU5F2	ENSG00000248483.7	1	1	1	1	0	93	Nonsense_Mutation	muse;mutect2;varscan2								0.0104166666666667	FALSE
POU6F2	ENSG00000106536.21	1	1	0	0	0	103	Missense_Mutation	muse;mutect2								0.0104166666666667	FALSE
PPFIA1	ENSG00000131626.19	1	1	1	1	0	956	Splice_Site	muse;mutect2;varscan2								0.0104166666666667	FALSE
PPFIA3	ENSG00000177380.14	1	1	0	0	0	1101	Missense_Mutation	muse;mutect2;varscan2								0.0104166666666667	FALSE
PPFIA4	ENSG00000143847.15	1	1	1	1	0	12	Frame_Shift_Del	mutect2;pindel;varscan2								0.0104166666666667	FALSE
PPFIBP1	ENSG00000110841.14	1	1	0	0	0	489	Missense_Mutation	muse;mutect2;varscan2								0.0104166666666667	FALSE
PPIB	ENSG00000166794.5	1	1	0	0	0	95	Missense_Mutation	muse;mutect2;varscan2								0.0104166666666667	FALSE
PPIL2	ENSG00000100023.19	1	1	0	0	0	343	Missense_Mutation	muse;mutect2;varscan2								0.0104166666666667	FALSE
PPIP5K1	ENSG00000168781.22	1	1	0	0	0	1325	Missense_Mutation	muse;mutect2;varscan2								0.0104166666666667	FALSE
PPIP5K2	ENSG00000145725.20	1	1	0	0	0	374	Missense_Mutation	muse;mutect2;varscan2								0.0104166666666667	FALSE
PPM1N	ENSG00000213889.10	1	1	0	0	0	34	In_Frame_Del	mutect2;varscan2								0.0104166666666667	FALSE
PPP1CA	ENSG00000172531.16	1	1	1	1	0	139	Nonsense_Mutation	muse;mutect2;varscan2								0.0104166666666667	FALSE
PPP1R12B	ENSG00000077157.22	1	1	0	0	0	868	Missense_Mutation	muse;mutect2								0.0104166666666667	FALSE
PPP1R13B	ENSG00000088808.18	1	1	0	0	0	165	Missense_Mutation	muse;mutect2;varscan2								0.0104166666666667	FALSE
PPP1R14D	ENSG00000166143.10	1	1	0	0	0	124	Missense_Mutation	muse;mutect2;varscan2								0.0104166666666667	FALSE
PPP1R15A	ENSG00000087074.8	1	1	0	0	0	447	Missense_Mutation	muse;mutect2;varscan2								0.0104166666666667	FALSE
PPP1R18	ENSG00000146112.12	1	1	0	0	0	129	Missense_Mutation	muse;mutect2;varscan2								0.0104166666666667	FALSE
PPP1R1A	ENSG00000135447.17	1	1	0	0	0	150	Missense_Mutation	muse;mutect2;varscan2								0.0104166666666667	FALSE
PPP1R2	ENSG00000184203.8	1	1	0	0	0	99	Missense_Mutation	muse;mutect2;varscan2								0.0104166666666667	FALSE
PPP1R21	ENSG00000162869.16	1	1	0	0	0	324	Missense_Mutation	muse;mutect2;varscan2								0.0104166666666667	FALSE
PPP2CA	ENSG00000113575.10	1	1	0	0	0	160	Missense_Mutation	muse;mutect2;varscan2								0.0104166666666667	FALSE
PPP2R1B	ENSG00000137713.16	1	1	1	1	0	69	Splice_Site	muse;mutect2;varscan2								0.0104166666666667	FALSE
PPP2R2B	ENSG00000156475.18	1	1	0	0	0	333	Missense_Mutation	muse;mutect2;varscan2								0.0104166666666667	FALSE
PPP2R5C	ENSG00000078304.19	1	1	0	0	0	193	Missense_Mutation	muse;mutect2;varscan2								0.0104166666666667	FALSE
PPP3CC	ENSG00000120910.15	1	1	0	0	0	192	Missense_Mutation	muse;mutect2;varscan2								0.0104166666666667	FALSE
PPP3R2	ENSG00000188386.8	1	1	0	0	0	102	Missense_Mutation	muse;mutect2;varscan2								0.0104166666666667	FALSE
PPP4R1	ENSG00000154845.16	1	1	0	0	0	827	Missense_Mutation	muse;mutect2;varscan2								0.0104166666666667	FALSE
PPP4R4	ENSG00000119698.12	1	1	0	0	0	520	Missense_Mutation	muse;mutect2;varscan2								0.0104166666666667	FALSE
PPRC1	ENSG00000148840.11	1	1	0	0	0	1052	Missense_Mutation	muse;mutect2;varscan2								0.0104166666666667	FALSE
PPT1	ENSG00000131238.18	1	1	0	0	0	233	Missense_Mutation	muse;mutect2;varscan2								0.0104166666666667	FALSE
PPWD1	ENSG00000113593.12	1	1	0	0	0	479	Missense_Mutation	muse;mutect2;varscan2								0.0104166666666667	FALSE
PQBP1	ENSG00000102103.17	1	1	0	0	0	153	Missense_Mutation	muse;mutect2;varscan2								0.0104166666666667	FALSE
PRAM1	ENSG00000133246.12	1	1	0	0	0	350	Missense_Mutation	muse;mutect2;varscan2								0.0104166666666667	FALSE
PRAMEF12	ENSG00000116726.5	1	1	0	0	0	3	Missense_Mutation	muse;mutect2								0.0104166666666667	FALSE
PRAMEF15	ENSG00000204501.7	1	1	0	0	0	8	Missense_Mutation	muse;mutect2								0.0104166666666667	FALSE
PRAMEF17	ENSG00000204479.4	1	1	0	0	0	39	Missense_Mutation	muse;mutect2;varscan2								0.0104166666666667	FALSE
PRAMEF19	ENSG00000204480.8	1	1	0	0	0	166	Missense_Mutation	muse;mutect2;varscan2								0.0104166666666667	FALSE
PRAMEF8	ENSG00000182330.10	1	1	0	0	0	51	Missense_Mutation	muse;mutect2;varscan2								0.0104166666666667	FALSE
PRC1	ENSG00000198901.14	1	1	0	0	0	100	Missense_Mutation	muse;mutect2;varscan2								0.0104166666666667	FALSE
PRCP	ENSG00000137509.11	1	1	0	0	0	51	Missense_Mutation	muse;mutect2;varscan2								0.0104166666666667	FALSE
PRDX2	ENSG00000167815.12	1	1	0	0	0	154	Missense_Mutation	muse;mutect2;varscan2								0.0104166666666667	FALSE
PRDX6	ENSG00000117592.9	1	1	0	0	0	102	Missense_Mutation	muse;mutect2;varscan2								0.0104166666666667	FALSE
PRELP	ENSG00000188783.6	1	1	0	0	0	293	Missense_Mutation	muse;mutect2;varscan2								0.0104166666666667	FALSE
PREX2	ENSG00000046889.19	1	1	0	0	0	1454	Missense_Mutation	muse;mutect2;varscan2								0.0104166666666667	FALSE
PRF1	ENSG00000180644.8	1	1	0	0	0	405	Missense_Mutation	muse;mutect2;varscan2								0.0104166666666667	FALSE
PRG2	ENSG00000186652.10	1	1	0	0	0	197	Missense_Mutation	muse;mutect2								0.0104166666666667	FALSE
PRG3	ENSG00000156575.2	1	1	0	0	0	111	Missense_Mutation	muse;mutect2;varscan2								0.0104166666666667	FALSE
PRG4	ENSG00000116690.13	1	1	0	0	0	344	Missense_Mutation	muse;mutect2;varscan2								0.0104166666666667	FALSE
PRICKLE1	ENSG00000139174.12	1	1	0	0	0	236	Missense_Mutation	muse;mutect2;varscan2								0.0104166666666667	FALSE
PRICKLE4	ENSG00000278224.7	1	1	1	1	0	311	Frame_Shift_Del	mutect2;pindel;varscan2								0.0104166666666667	FALSE
PRKAB2	ENSG00000131791.8	1	1	0	0	0	230	Missense_Mutation	muse;mutect2;varscan2								0.0104166666666667	FALSE
PRKAG3	ENSG00000115592.11	1	1	0	0	0	71	Missense_Mutation	muse;mutect2;varscan2								0.0104166666666667	FALSE
PRKAR1B	ENSG00000188191.15	1	1	1	1	0	147	Splice_Site	mutect2;varscan2								0.0104166666666667	FALSE
PRKAR2B	ENSG00000005249.13	1	1	1	1	0	374	Frame_Shift_Del	mutect2;pindel;varscan2								0.0104166666666667	FALSE
PRKCA	ENSG00000154229.12	1	1	0	0	0	652	Missense_Mutation	muse;mutect2								0.0104166666666667	FALSE
PRKCE	ENSG00000171132.14	1	1	0	0	0	573	Missense_Mutation	muse;mutect2;varscan2								0.0104166666666667	FALSE
PRKCG	ENSG00000126583.11	1	1	0	0	0	239	Missense_Mutation	muse;mutect2;varscan2								0.0104166666666667	FALSE
PRKCH	ENSG00000027075.15	1	1	0	0	0	9	Missense_Mutation	muse;mutect2;varscan2								0.0104166666666667	FALSE
PRKD1	ENSG00000184304.16	1	1	1	1	0	672	Nonsense_Mutation	muse;mutect2;varscan2								0.0104166666666667	FALSE
PRKD2	ENSG00000105287.13	1	1	0	0	0	405	Missense_Mutation	muse;mutect2;varscan2								0.0104166666666667	FALSE
PRKG1	ENSG00000185532.20	1	1	0	0	0	244	Missense_Mutation	muse;mutect2;varscan2								0.0104166666666667	FALSE
PRL	ENSG00000172179.12	1	1	0	0	0	220	Missense_Mutation	muse;mutect2;varscan2								0.0104166666666667	FALSE
PRLHR	ENSG00000119973.6	1	1	0	0	0	196	Missense_Mutation	muse;mutect2;varscan2								0.0104166666666667	FALSE
PRMT1	ENSG00000126457.22	1	1	0	0	0	97	Missense_Mutation	muse;mutect2;varscan2								0.0104166666666667	FALSE
PRMT5	ENSG00000100462.16	1	1	0	0	0	495	Missense_Mutation	muse;varscan2								0.0104166666666667	FALSE
PRMT7	ENSG00000132600.17	1	1	1	1	0	136	Frame_Shift_Ins	mutect2;pindel;varscan2								0.0104166666666667	FALSE
PRNP	ENSG00000171867.17	1	1	0	0	0	25	Missense_Mutation	muse;mutect2;varscan2								0.0104166666666667	FALSE
PROC	ENSG00000115718.18	1	1	0	0	0	211	Missense_Mutation	muse;varscan2								0.0104166666666667	FALSE
PROKR2	ENSG00000101292.8	1	1	0	0	0	353	Missense_Mutation	muse;mutect2;varscan2								0.0104166666666667	FALSE
PROM1	ENSG00000007062.12	1	1	0	0	0	392	Missense_Mutation	muse;mutect2;varscan2								0.0104166666666667	FALSE
PROSER3	ENSG00000167595.15	1	1	0	0	0	143	Missense_Mutation	muse;mutect2;varscan2								0.0104166666666667	FALSE
PROX1	ENSG00000117707.16	1	1	0	0	0	39	Missense_Mutation	muse;mutect2;varscan2								0.0104166666666667	FALSE
PRPF18	ENSG00000165630.14	1	1	0	0	0	340	Missense_Mutation	muse;mutect2;varscan2								0.0104166666666667	FALSE
PRPF38A	ENSG00000134748.13	1	1	0	0	0	89	Missense_Mutation	muse;mutect2;varscan2								0.0104166666666667	FALSE
PRPF40B	ENSG00000110844.14	1	1	0	0	0	636	Missense_Mutation	muse;mutect2								0.0104166666666667	FALSE
PRPH	ENSG00000135406.14	1	1	0	0	0	87	Missense_Mutation	muse;mutect2								0.0104166666666667	FALSE
PRPS2	ENSG00000101911.13	1	1	0	0	0	166	Missense_Mutation	muse;mutect2;varscan2								0.0104166666666667	FALSE
PRR11	ENSG00000068489.13	1	1	1	1	0	23	Frame_Shift_Del	mutect2;varscan2								0.0104166666666667	FALSE
PRR12	ENSG00000126464.14	1	1	0	0	0	587	Missense_Mutation	muse;mutect2;varscan2								0.0104166666666667	FALSE
PRR15	ENSG00000176532.4	1	1	0	0	0	105	Missense_Mutation	muse;mutect2;varscan2								0.0104166666666667	FALSE
PRR16	ENSG00000184838.15	1	1	0	0	0	115	Missense_Mutation	muse;mutect2;varscan2								0.0104166666666667	FALSE
PRR5L	ENSG00000135362.14	1	1	0	0	0	12	Missense_Mutation	muse;mutect2;varscan2								0.0104166666666667	FALSE
PRRC2C	ENSG00000117523.16	1	1	0	0	0	2816	Missense_Mutation	muse;mutect2;varscan2								0.0104166666666667	FALSE
PRRG2	ENSG00000126460.11	1	1	0	0	0	56	Missense_Mutation	muse;mutect2;varscan2								0.0104166666666667	FALSE
PRRG3	ENSG00000130032.17	1	1	0	0	0	170	Missense_Mutation	muse;mutect2;varscan2								0.0104166666666667	FALSE
PRRT3	ENSG00000163704.12	1	1	0	0	0	259	Missense_Mutation	muse;mutect2;varscan2								0.0104166666666667	FALSE
PRRX1	ENSG00000116132.12	1	1	0	0	0	114	Missense_Mutation	muse;mutect2;varscan2								0.0104166666666667	FALSE
PRSS21	ENSG00000007038.11	1	1	0	0	0	279	Missense_Mutation	muse;mutect2								0.0104166666666667	FALSE
PRSS36	ENSG00000178226.11	1	1	0	0	0	736	Missense_Mutation	muse;mutect2;varscan2								0.0104166666666667	FALSE
PRSS53	ENSG00000151006.7	1	1	0	0	0	98	Missense_Mutation	muse;mutect2;varscan2								0.0104166666666667	FALSE
PRSS58	ENSG00000258223.6	1	1	1	1	0	242	Nonstop_Mutation	muse;mutect2;varscan2								0.0104166666666667	FALSE
PRTFDC1	ENSG00000099256.19	1	1	0	0	0	218	Missense_Mutation	muse;mutect2;varscan2								0.0104166666666667	FALSE
PRTG	ENSG00000166450.13	1	1	1	1	0	661	Nonsense_Mutation	muse;mutect2;varscan2								0.0104166666666667	FALSE
PRX	ENSG00000105227.16	1	1	0	0	0	670	Missense_Mutation	muse;mutect2;varscan2								0.0104166666666667	FALSE
PSAP	ENSG00000197746.14	1	1	0	0	0	228	Missense_Mutation	muse;mutect2;varscan2								0.0104166666666667	FALSE
PSD	ENSG00000059915.17	1	1	0	0	0	419	Missense_Mutation	muse;mutect2;varscan2								0.0104166666666667	FALSE
PSD2	ENSG00000146005.4	1	1	1	1	0	130	Nonsense_Mutation	muse;mutect2;varscan2								0.0104166666666667	FALSE
PSD3	ENSG00000156011.17	1	1	0	0	0	750	Missense_Mutation	muse;mutect2;varscan2								0.0104166666666667	FALSE
PSG2	ENSG00000242221.9	1	1	1	1	0	237	Splice_Site	muse;mutect2;varscan2								0.0104166666666667	FALSE
PSG6	ENSG00000170848.16	1	1	0	0	0	319	Missense_Mutation	muse;mutect2;varscan2								0.0104166666666667	FALSE
PSKH2	ENSG00000147613.8	1	1	0	0	0	268	Missense_Mutation	muse;mutect2								0.0104166666666667	FALSE
PSMA5	ENSG00000143106.13	1	1	0	0	0	93	Missense_Mutation	muse;mutect2;varscan2								0.0104166666666667	FALSE
PSMA6	ENSG00000100902.11	1	1	0	0	0	216	Missense_Mutation	muse;mutect2;varscan2								0.0104166666666667	FALSE
PSMB10	ENSG00000205220.12	1	1	1	1	0	229	Frame_Shift_Del	mutect2;pindel;varscan2								0.0104166666666667	FALSE
PSMC3	ENSG00000165916.8	1	1	0	0	0	264	Missense_Mutation	muse;mutect2;varscan2								0.0104166666666667	FALSE
PSMD1	ENSG00000173692.14	1	1	0	0	0	114	Missense_Mutation	muse;mutect2;varscan2								0.0104166666666667	FALSE
PSMD3	ENSG00000108344.15	1	1	0	0	0	397	Missense_Mutation	muse;mutect2;varscan2								0.0104166666666667	FALSE
PSMD8	ENSG00000099341.11	1	1	0	0	0	112	Missense_Mutation	muse;mutect2;varscan2								0.0104166666666667	FALSE
PSMD9	ENSG00000110801.14	1	1	0	0	0	22	Missense_Mutation	muse;mutect2								0.0104166666666667	FALSE
PSME3	ENSG00000131467.11	1	1	0	0	0	244	Missense_Mutation	muse;mutect2;varscan2								0.0104166666666667	FALSE
PSME4	ENSG00000068878.15	1	1	0	0	0	961	Missense_Mutation	muse;mutect2;varscan2								0.0104166666666667	FALSE
PSMG2	ENSG00000128789.21	1	1	0	0	0	245	Missense_Mutation	muse;mutect2;varscan2								0.0104166666666667	FALSE
PSPN	ENSG00000125650.4	1	1	0	0	0	33	Missense_Mutation	muse;mutect2;varscan2								0.0104166666666667	FALSE
PSTK	ENSG00000179988.15	1	1	0	0	0	17	Missense_Mutation	muse;mutect2;varscan2								0.0104166666666667	FALSE
PSTPIP1	ENSG00000140368.13	1	1	0	0	0	62	Missense_Mutation	muse;mutect2;varscan2								0.0104166666666667	FALSE
PTBP1	ENSG00000011304.22	1	1	0	0	0	316	Missense_Mutation	muse;mutect2;varscan2								0.0104166666666667	FALSE
PTCHD1	ENSG00000165186.12	1	1	0	0	0	204	Missense_Mutation	muse;mutect2;varscan2								0.0104166666666667	FALSE
PTGDS	ENSG00000107317.13	1	1	0	0	0	99	Missense_Mutation	muse;mutect2;varscan2								0.0104166666666667	FALSE
PTGER2	ENSG00000125384.7	1	1	0	0	0	263	Missense_Mutation	muse;mutect2;varscan2								0.0104166666666667	FALSE
PTGER4	ENSG00000171522.6	1	1	0	0	0	283	Missense_Mutation	mutect2;varscan2								0.0104166666666667	FALSE
PTGIS	ENSG00000124212.6	1	1	0	0	0	310	Missense_Mutation	muse;mutect2;varscan2								0.0104166666666667	FALSE
PTH1R	ENSG00000160801.14	1	1	0	0	0	120	Missense_Mutation	muse;mutect2;varscan2								0.0104166666666667	FALSE
PTK7	ENSG00000112655.16	1	1	0	0	0	261	Missense_Mutation	muse;mutect2;varscan2								0.0104166666666667	FALSE
PTN	ENSG00000105894.12	1	1	0	0	0	126	Missense_Mutation	muse;mutect2;varscan2								0.0104166666666667	FALSE
PTP4A3	ENSG00000184489.12	1	1	0	0	0	105	Missense_Mutation	muse;mutect2;varscan2								0.0104166666666667	FALSE
PTPDC1	ENSG00000158079.16	1	1	0	0	0	741	Missense_Mutation	muse;mutect2;varscan2								0.0104166666666667	FALSE
PTPN1	ENSG00000196396.10	1	1	0	0	0	257	Missense_Mutation	muse;mutect2;varscan2								0.0104166666666667	FALSE
PTPN13	ENSG00000163629.13	1	1	1	1	0	1316	Nonsense_Mutation	muse;mutect2;varscan2								0.0104166666666667	FALSE
PTPN18	ENSG00000072135.13	1	1	0	0	0	267	Missense_Mutation	muse;mutect2;varscan2								0.0104166666666667	FALSE
PTPN2	ENSG00000175354.20	1	1	0	0	0	133	Missense_Mutation	muse;mutect2;varscan2								0.0104166666666667	FALSE
PTPN20	ENSG00000204179.10	1	1	0	0	0	10	Missense_Mutation	muse;mutect2								0.0104166666666667	FALSE
PTPN22	ENSG00000134242.16	1	1	0	0	0	5	Missense_Mutation	muse;mutect2;varscan2								0.0104166666666667	FALSE
PTPN23	ENSG00000076201.15	1	1	0	0	0	1604	Missense_Mutation	muse;mutect2;varscan2								0.0104166666666667	FALSE
PTPN3	ENSG00000070159.14	1	1	0	0	0	78	Missense_Mutation	muse;mutect2								0.0104166666666667	FALSE
PTPN4	ENSG00000088179.9	1	1	0	0	0	312	Missense_Mutation	muse;mutect2								0.0104166666666667	FALSE
PTPN9	ENSG00000169410.10	1	1	0	0	0	433	Missense_Mutation	muse;mutect2;varscan2								0.0104166666666667	FALSE
PTPRF	ENSG00000142949.17	1	1	0	0	0	691	Missense_Mutation	muse;mutect2;varscan2								0.0104166666666667	FALSE
PTPRH	ENSG00000080031.10	1	1	0	0	0	159	Missense_Mutation	muse;mutect2;varscan2								0.0104166666666667	FALSE
PTPRJ	ENSG00000149177.13	1	1	1	1	0	39	Splice_Site	mutect2;pindel;varscan2								0.0104166666666667	FALSE
PTPRK	ENSG00000152894.15	1	1	0	0	0	244	Missense_Mutation	muse;mutect2;varscan2								0.0104166666666667	FALSE
PTPRZ1	ENSG00000106278.12	1	1	1	1	0	1835	Splice_Site	muse;mutect2;varscan2								0.0104166666666667	FALSE
PTX4	ENSG00000251692.8	1	1	0	0	0	390	Missense_Mutation	muse;mutect2;varscan2								0.0104166666666667	FALSE
PUDP	ENSG00000130021.15	1	1	0	0	0	112	Missense_Mutation	muse;mutect2;varscan2								0.0104166666666667	FALSE
PUF60	ENSG00000179950.14	1	1	0	0	0	227	Missense_Mutation	muse;mutect2;varscan2								0.0104166666666667	FALSE
PUM3	ENSG00000080608.10	1	1	0	0	0	54	Missense_Mutation	muse;mutect2;varscan2								0.0104166666666667	FALSE
PURB	ENSG00000146676.10	1	1	0	0	0	285	Missense_Mutation	muse;mutect2;varscan2								0.0104166666666667	FALSE
PVR	ENSG00000073008.15	1	1	0	0	0	88	Missense_Mutation	muse;mutect2;varscan2								0.0104166666666667	FALSE
PWP1	ENSG00000136045.12	1	1	0	0	0	71	Missense_Mutation	muse;mutect2;varscan2								0.0104166666666667	FALSE
PWWP2B	ENSG00000171813.14	1	1	0	0	0	72	Missense_Mutation	muse;mutect2;varscan2								0.0104166666666667	FALSE
PWWP3B	ENSG00000157502.13	1	1	0	0	0	401	Missense_Mutation	muse;mutect2;varscan2								0.0104166666666667	FALSE
PXMP2	ENSG00000176894.10	1	1	0	0	0	159	Missense_Mutation	muse;mutect2;varscan2								0.0104166666666667	FALSE
PXMP4	ENSG00000101417.12	1	1	0	0	0	29	Missense_Mutation	muse;mutect2;varscan2								0.0104166666666667	FALSE
PXN	ENSG00000089159.16	1	1	0	0	0	437	Missense_Mutation	muse;mutect2;varscan2								0.0104166666666667	FALSE
PXYLP1	ENSG00000155893.13	1	1	0	0	0	163	Missense_Mutation	muse;mutect2;varscan2								0.0104166666666667	FALSE
PYCR2	ENSG00000143811.19	1	1	0	0	0	264	Missense_Mutation	muse;mutect2;varscan2								0.0104166666666667	FALSE
PYGM	ENSG00000068976.14	1	1	0	0	0	20	Missense_Mutation	muse;mutect2;varscan2								0.0104166666666667	FALSE
PZP	ENSG00000126838.10	1	1	0	0	0	145	Missense_Mutation	mutect2;varscan2								0.0104166666666667	FALSE
QDPR	ENSG00000151552.12	1	1	0	0	0	76	Missense_Mutation	muse;mutect2;varscan2								0.0104166666666667	FALSE
QRSL1	ENSG00000130348.11	1	1	0	0	0	135	Missense_Mutation	muse;mutect2;varscan2								0.0104166666666667	FALSE
QSER1	ENSG00000060749.16	1	1	0	0	0	1546	Missense_Mutation	muse;mutect2;varscan2								0.0104166666666667	FALSE
QSOX1	ENSG00000116260.17	1	1	0	0	0	685	Missense_Mutation	muse;mutect2								0.0104166666666667	FALSE
QSOX2	ENSG00000165661.17	1	1	0	0	0	513	Missense_Mutation	mutect2;varscan2								0.0104166666666667	FALSE
R3HDML	ENSG00000101074.5	1	1	0	0	0	59	Missense_Mutation	muse;mutect2								0.0104166666666667	FALSE
RAB10	ENSG00000084733.11	1	1	1	1	0	172	Nonsense_Mutation	muse;mutect2;varscan2								0.0104166666666667	FALSE
RAB2A	ENSG00000104388.15	1	1	0	0	0	87	Missense_Mutation	muse;mutect2;varscan2								0.0104166666666667	FALSE
RAB2B	ENSG00000129472.15	1	1	0	0	0	91	Missense_Mutation	muse;mutect2;varscan2								0.0104166666666667	FALSE
RAB32	ENSG00000118508.5	1	1	1	1	0	95	Frame_Shift_Ins	mutect2;pindel;varscan2								0.0104166666666667	FALSE
RAB39A	ENSG00000179331.3	1	1	0	0	0	73	Missense_Mutation	muse;mutect2;varscan2								0.0104166666666667	FALSE
RAB3C	ENSG00000152932.8	1	1	0	0	0	223	Missense_Mutation	muse;mutect2;varscan2								0.0104166666666667	FALSE
RAB3IL1	ENSG00000167994.13	1	1	0	0	0	191	Missense_Mutation	muse;mutect2;varscan2								0.0104166666666667	FALSE
RAB8B	ENSG00000166128.13	1	1	0	0	0	134	Missense_Mutation	muse;mutect2								0.0104166666666667	FALSE
RABEP2	ENSG00000177548.13	1	1	0	0	0	390	Missense_Mutation	muse;mutect2;varscan2								0.0104166666666667	FALSE
RABGEF1	ENSG00000154710.18	1	1	0	0	0	47	Missense_Mutation	muse;mutect2								0.0104166666666667	FALSE
RABIF	ENSG00000183155.5	1	1	0	0	0	20	Missense_Mutation	muse;mutect2;varscan2								0.0104166666666667	FALSE
RABL6	ENSG00000196642.19	1	1	1	1	0	571	Frame_Shift_Ins	mutect2;pindel;varscan2								0.0104166666666667	FALSE
RAC1	ENSG00000136238.18	1	1	0	0	0	33	Missense_Mutation	muse;mutect2								0.0104166666666667	FALSE
RACGAP1	ENSG00000161800.13	1	1	0	0	0	156	Missense_Mutation	muse;mutect2;varscan2								0.0104166666666667	FALSE
RAD18	ENSG00000070950.10	1	1	0	0	0	120	Missense_Mutation	muse;mutect2								0.0104166666666667	FALSE
RAD52	ENSG00000002016.18	1	1	0	0	0	364	In_Frame_Del	mutect2;pindel;varscan2								0.0104166666666667	FALSE
RAD54B	ENSG00000197275.14	1	1	0	0	0	328	Missense_Mutation	muse;mutect2								0.0104166666666667	FALSE
RADIL	ENSG00000157927.17	1	1	0	0	0	31	Missense_Mutation	muse;mutect2;varscan2								0.0104166666666667	FALSE
RADX	ENSG00000147231.14	1	1	0	0	0	206	Missense_Mutation	muse;mutect2								0.0104166666666667	FALSE
RAI1	ENSG00000108557.19	1	1	0	0	0	1800	Missense_Mutation	muse;mutect2;varscan2								0.0104166666666667	FALSE
RAI14	ENSG00000039560.14	1	1	0	0	0	370	Missense_Mutation	muse;mutect2;varscan2								0.0104166666666667	FALSE
RALGAPA1	ENSG00000174373.16	1	1	0	0	0	15	Missense_Mutation	muse;mutect2;varscan2								0.0104166666666667	FALSE
RALGAPA2	ENSG00000188559.15	1	1	0	0	0	854	Missense_Mutation	muse;mutect2;varscan2								0.0104166666666667	FALSE
RALGPS2	ENSG00000116191.17	1	1	0	0	0	378	Missense_Mutation	muse;mutect2;varscan2								0.0104166666666667	FALSE
RALY	ENSG00000125970.12	1	1	0	0	0	76	Missense_Mutation	muse;mutect2;varscan2								0.0104166666666667	FALSE
RAMP1	ENSG00000132329.11	1	1	0	0	0	38	Missense_Mutation	muse;mutect2;varscan2								0.0104166666666667	FALSE
RANBP17	ENSG00000204764.14	1	1	0	0	0	131	Missense_Mutation	muse;mutect2;varscan2								0.0104166666666667	FALSE
RANBP3	ENSG00000031823.14	1	1	0	0	0	99	Missense_Mutation	muse;mutect2;varscan2								0.0104166666666667	FALSE
RAP1GAP2	ENSG00000132359.15	1	1	0	0	0	373	Missense_Mutation	muse;mutect2;varscan2								0.0104166666666667	FALSE
RAP2C	ENSG00000123728.10	1	1	0	0	0	99	Missense_Mutation	muse;mutect2;varscan2								0.0104166666666667	FALSE
RAPGEF1	ENSG00000107263.18	1	1	0	0	0	55	Missense_Mutation	muse;mutect2;varscan2								0.0104166666666667	FALSE
RAPGEF4	ENSG00000091428.18	1	1	0	0	0	860	Missense_Mutation	muse;mutect2;varscan2								0.0104166666666667	FALSE
RAPSN	ENSG00000165917.10	1	1	0	0	0	337	Missense_Mutation	muse;mutect2;varscan2								0.0104166666666667	FALSE
RARRES1	ENSG00000118849.10	1	1	0	0	0	127	Missense_Mutation	muse;mutect2;varscan2								0.0104166666666667	FALSE
RARS2	ENSG00000146282.18	1	1	0	0	0	513	Missense_Mutation	muse;mutect2;varscan2								0.0104166666666667	FALSE
RASAL2	ENSG00000075391.17	1	1	0	0	0	393	Missense_Mutation	muse;mutect2;varscan2								0.0104166666666667	FALSE
RASAL3	ENSG00000105122.13	1	1	0	0	0	202	Missense_Mutation	muse;mutect2;varscan2								0.0104166666666667	FALSE
RASGEF1A	ENSG00000198915.12	1	1	0	0	0	4	Missense_Mutation	muse;mutect2;varscan2								0.0104166666666667	FALSE
RASGRF1	ENSG00000058335.16	1	1	1	1	0	567	Nonsense_Mutation	muse;mutect2;varscan2								0.0104166666666667	FALSE
RASGRF2	ENSG00000113319.13	1	1	0	0	0	462	Missense_Mutation	mutect2;varscan2								0.0104166666666667	FALSE
RASIP1	ENSG00000105538.10	1	1	0	0	0	756	Missense_Mutation	muse;mutect2;varscan2								0.0104166666666667	FALSE
RASSF10	ENSG00000189431.8	1	1	0	0	0	240	Missense_Mutation	muse;mutect2;varscan2								0.0104166666666667	FALSE
RASSF5	ENSG00000266094.8	1	1	1	1	0	370	Frame_Shift_Ins	mutect2;pindel;varscan2								0.0104166666666667	FALSE
RAVER1	ENSG00000161847.14	1	1	0	0	0	190	Missense_Mutation	muse;mutect2;varscan2								0.0104166666666667	FALSE
RBAK	ENSG00000146587.18	1	1	0	0	0	592	Missense_Mutation	muse;mutect2;varscan2								0.0104166666666667	FALSE
RBBP4	ENSG00000162521.19	1	1	0	0	0	329	Missense_Mutation	muse;mutect2;varscan2								0.0104166666666667	FALSE
RBBP5	ENSG00000117222.14	1	1	0	0	0	363	Missense_Mutation	muse;mutect2;varscan2								0.0104166666666667	FALSE
RBBP8	ENSG00000101773.19	1	1	0	0	0	810	Missense_Mutation	muse;mutect2;varscan2								0.0104166666666667	FALSE
RBKS	ENSG00000171174.15	1	1	0	0	0	168	Missense_Mutation	muse;mutect2;varscan2								0.0104166666666667	FALSE
RBL2	ENSG00000103479.16	1	1	0	0	0	604	Missense_Mutation	muse;mutect2;varscan2								0.0104166666666667	FALSE
RBM14	ENSG00000239306.5	1	1	0	0	0	70	Missense_Mutation	muse;mutect2;varscan2								0.0104166666666667	FALSE
RBM26	ENSG00000139746.16	1	1	0	0	0	634	Missense_Mutation	muse;mutect2								0.0104166666666667	FALSE
RBM27	ENSG00000091009.8	1	1	0	0	0	316	Missense_Mutation	muse;mutect2								0.0104166666666667	FALSE
RBM4	ENSG00000173933.21	1	1	0	0	0	17	Missense_Mutation	muse;mutect2;varscan2								0.0104166666666667	FALSE
RBM5	ENSG00000003756.17	1	1	0	0	0	511	Missense_Mutation	muse;mutect2;varscan2								0.0104166666666667	FALSE
RBMS2	ENSG00000076067.13	1	1	0	0	0	141	Missense_Mutation	muse;mutect2;varscan2								0.0104166666666667	FALSE
RBMS3	ENSG00000144642.22	1	1	1	1	0	297	Splice_Site	mutect2;pindel;varscan2								0.0104166666666667	FALSE
RBMXL1	ENSG00000213516.10	1	1	0	0	0	273	Missense_Mutation	muse;mutect2;varscan2								0.0104166666666667	FALSE
RBMY1A1	ENSG00000234414.7	1	1	1	1	0	131	Splice_Site	muse;mutect2;varscan2								0.0104166666666667	FALSE
RBP4	ENSG00000138207.14	1	1	0	0	0	173	Missense_Mutation	muse;mutect2;varscan2								0.0104166666666667	FALSE
RC3H1	ENSG00000135870.12	1	1	0	0	0	533	Missense_Mutation	muse;mutect2;varscan2								0.0104166666666667	FALSE
RCC1L	ENSG00000274523.5	1	1	0	0	0	259	Missense_Mutation	muse;mutect2;varscan2								0.0104166666666667	FALSE
RCC2	ENSG00000179051.14	1	1	0	0	0	267	Missense_Mutation	muse;mutect2								0.0104166666666667	FALSE
RCCD1	ENSG00000166965.12	1	1	0	0	0	127	Missense_Mutation	muse;mutect2;varscan2								0.0104166666666667	FALSE
RCHY1	ENSG00000163743.13	1	1	1	1	0	15	Nonsense_Mutation	muse;mutect2								0.0104166666666667	FALSE
RCL1	ENSG00000120158.12	1	1	0	0	0	36	Missense_Mutation	muse;mutect2;varscan2								0.0104166666666667	FALSE
RCN1	ENSG00000049449.10	1	1	0	0	0	75	Missense_Mutation	muse;mutect2								0.0104166666666667	FALSE
RCOR3	ENSG00000117625.14	1	1	0	0	0	54	Missense_Mutation	muse;mutect2;varscan2								0.0104166666666667	FALSE
RDH16	ENSG00000139547.7	1	1	0	0	0	183	Missense_Mutation	muse;mutect2;varscan2								0.0104166666666667	FALSE
RDX	ENSG00000137710.17	1	1	0	0	0	495	Missense_Mutation	muse;mutect2;varscan2								0.0104166666666667	FALSE
RECK	ENSG00000122707.12	1	1	0	0	0	647	Missense_Mutation	muse;mutect2;varscan2								0.0104166666666667	FALSE
RECQL5	ENSG00000108469.15	1	1	0	0	0	37	Missense_Mutation	muse;mutect2;varscan2								0.0104166666666667	FALSE
REG1A	ENSG00000115386.6	1	1	1	1	0	111	Nonsense_Mutation	muse;mutect2								0.0104166666666667	FALSE
REG1B	ENSG00000172023.8	1	1	0	0	0	111	Missense_Mutation	muse;mutect2								0.0104166666666667	FALSE
REG3A	ENSG00000172016.16	1	1	0	0	0	157	Missense_Mutation	muse;mutect2;varscan2								0.0104166666666667	FALSE
REL	ENSG00000162924.15	1	1	0	0	0	421	Missense_Mutation	muse;mutect2;varscan2								0.0104166666666667	FALSE
RELT	ENSG00000054967.13	1	1	0	0	0	215	Missense_Mutation	muse;mutect2;varscan2								0.0104166666666667	FALSE
REM2	ENSG00000139890.10	1	1	0	0	0	115	Missense_Mutation	muse;mutect2								0.0104166666666667	FALSE
RENBP	ENSG00000102032.13	1	1	0	0	0	222	Missense_Mutation	muse;mutect2;varscan2								0.0104166666666667	FALSE
REPS1	ENSG00000135597.19	1	1	0	0	0	534	Missense_Mutation	muse;mutect2;varscan2								0.0104166666666667	FALSE
RER1	ENSG00000157916.20	1	1	0	0	0	89	Missense_Mutation	muse;mutect2;varscan2								0.0104166666666667	FALSE
RERE	ENSG00000142599.19	1	1	0	0	0	337	Missense_Mutation	muse;mutect2;varscan2								0.0104166666666667	FALSE
RET	ENSG00000165731.20	1	1	0	0	0	277	Missense_Mutation	muse;mutect2;varscan2								0.0104166666666667	FALSE
RFPL3	ENSG00000128276.10	1	1	1	1	0	148	Nonsense_Mutation	muse;mutect2;varscan2								0.0104166666666667	FALSE
RFTN1	ENSG00000131378.14	1	1	0	0	0	389	Missense_Mutation	muse;mutect2;varscan2								0.0104166666666667	FALSE
RFX3	ENSG00000080298.15	1	1	1	1	0	1	Translation_Start_Site	muse;mutect2;varscan2								0.0104166666666667	FALSE
RFX4	ENSG00000111783.13	1	1	0	0	0	297	Missense_Mutation	muse;mutect2								0.0104166666666667	FALSE
RFX5	ENSG00000143390.18	1	1	0	0	0	583	Missense_Mutation	muse;mutect2;varscan2								0.0104166666666667	FALSE
RFX6	ENSG00000185002.10	1	1	0	0	0	823	Missense_Mutation	muse;mutect2;varscan2								0.0104166666666667	FALSE
RGL1	ENSG00000143344.16	1	1	0	0	0	410	Missense_Mutation	muse;mutect2;varscan2								0.0104166666666667	FALSE
RGL2	ENSG00000237441.10	1	1	0	0	0	183	Missense_Mutation	muse;varscan2								0.0104166666666667	FALSE
RGL3	ENSG00000205517.13	1	1	0	0	0	563	Missense_Mutation	muse;mutect2;varscan2								0.0104166666666667	FALSE
RGMA	ENSG00000182175.14	1	1	0	0	0	188	Missense_Mutation	muse;mutect2;varscan2								0.0104166666666667	FALSE
RGR	ENSG00000148604.15	1	1	0	0	0	257	Missense_Mutation	muse;mutect2;varscan2								0.0104166666666667	FALSE
RGS11	ENSG00000076344.16	1	1	1	1	0	340	Nonsense_Mutation	muse;mutect2;varscan2								0.0104166666666667	FALSE
RGS12	ENSG00000159788.19	1	1	0	0	0	813	Missense_Mutation	muse;mutect2;varscan2								0.0104166666666667	FALSE
RGS17	ENSG00000091844.8	1	1	0	0	0	36	Missense_Mutation	muse;mutect2;varscan2								0.0104166666666667	FALSE
RGS18	ENSG00000150681.10	1	1	0	0	0	88	Missense_Mutation	muse;mutect2;varscan2								0.0104166666666667	FALSE
RGS19	ENSG00000171700.14	1	1	0	0	0	63	Missense_Mutation	muse;mutect2;varscan2								0.0104166666666667	FALSE
RGS20	ENSG00000147509.14	1	1	0	0	0	15	Missense_Mutation	muse;mutect2;varscan2								0.0104166666666667	FALSE
RGS22	ENSG00000132554.20	1	1	0	0	0	461	Missense_Mutation	muse;mutect2								0.0104166666666667	FALSE
RGS7	ENSG00000182901.17	1	1	0	0	0	182	Missense_Mutation	muse;mutect2;varscan2								0.0104166666666667	FALSE
RGS8	ENSG00000135824.12	1	1	0	0	0	76	Missense_Mutation	muse;varscan2								0.0104166666666667	FALSE
RHBDF2	ENSG00000129667.13	1	1	0	0	0	769	Missense_Mutation	muse;mutect2;varscan2								0.0104166666666667	FALSE
RHBDL1	ENSG00000103269.14	1	1	0	0	0	294	Missense_Mutation	muse;mutect2;varscan2								0.0104166666666667	FALSE
RHBG	ENSG00000132677.13	1	1	0	0	0	126	Missense_Mutation	muse;mutect2;varscan2								0.0104166666666667	FALSE
RHCE	ENSG00000188672.19	1	1	0	0	0	122	Missense_Mutation	muse;mutect2;varscan2								0.0104166666666667	FALSE
RHOBTB3	ENSG00000164292.13	1	1	0	0	0	583	Missense_Mutation	muse;mutect2;varscan2								0.0104166666666667	FALSE
RIBC2	ENSG00000128408.9	1	1	0	0	0	243	Missense_Mutation	muse;mutect2								0.0104166666666667	FALSE
RIC3	ENSG00000166405.15	1	1	0	0	0	241	Missense_Mutation	muse;mutect2;varscan2								0.0104166666666667	FALSE
RILP	ENSG00000167705.12	1	1	0	0	0	295	Missense_Mutation	muse;mutect2								0.0104166666666667	FALSE
RILPL2	ENSG00000150977.10	1	1	0	0	0	177	Missense_Mutation	muse;mutect2;varscan2								0.0104166666666667	FALSE
RIMBP2	ENSG00000060709.15	1	1	0	0	0	864	Missense_Mutation	muse;mutect2;varscan2								0.0104166666666667	FALSE
RIMS4	ENSG00000101098.13	1	1	0	0	0	127	Missense_Mutation	muse;mutect2;varscan2								0.0104166666666667	FALSE
RIOK1	ENSG00000124784.9	1	1	0	0	0	281	Missense_Mutation	muse;mutect2;varscan2								0.0104166666666667	FALSE
RIPK2	ENSG00000104312.8	1	1	0	0	0	389	Missense_Mutation	muse;mutect2;varscan2								0.0104166666666667	FALSE
RMC1	ENSG00000141452.10	1	1	0	0	0	653	Missense_Mutation	muse;mutect2;varscan2								0.0104166666666667	FALSE
RMND1	ENSG00000155906.19	1	1	0	0	0	15	Missense_Mutation	muse;mutect2;varscan2								0.0104166666666667	FALSE
RMND5A	ENSG00000153561.13	1	1	0	0	0	387	Missense_Mutation	muse;mutect2;varscan2								0.0104166666666667	FALSE
RNASE2	ENSG00000169385.3	1	1	0	0	0	76	Missense_Mutation	muse;mutect2;varscan2								0.0104166666666667	FALSE
RNASE4	ENSG00000258818.4	1	1	0	0	0	69	Missense_Mutation	muse;mutect2;varscan2								0.0104166666666667	FALSE
RNF10	ENSG00000022840.16	1	1	1	1	0	74	Frame_Shift_Del	mutect2;pindel;varscan2								0.0104166666666667	FALSE
RNF103	ENSG00000239305.7	1	1	1	1	0	352	Frame_Shift_Ins	mutect2;pindel;varscan2								0.0104166666666667	FALSE
RNF115	ENSG00000265491.5	1	1	1	1	0	143	Splice_Site	muse;mutect2;varscan2								0.0104166666666667	FALSE
RNF123	ENSG00000164068.16	1	1	0	0	0	519	Missense_Mutation	muse;mutect2;varscan2								0.0104166666666667	FALSE
RNF145	ENSG00000145860.12	1	1	0	0	0	148	Missense_Mutation	muse;mutect2;varscan2								0.0104166666666667	FALSE
RNF148	ENSG00000235631.2	1	1	0	0	0	10	Missense_Mutation	muse;mutect2;varscan2								0.0104166666666667	FALSE
RNF168	ENSG00000163961.4	1	1	0	0	0	293	Missense_Mutation	muse;mutect2;varscan2								0.0104166666666667	FALSE
RNF17	ENSG00000132972.19	1	1	0	0	0	359	Missense_Mutation	muse;mutect2;varscan2								0.0104166666666667	FALSE
RNF185	ENSG00000138942.16	1	1	0	0	0	108	Missense_Mutation	muse;mutect2;varscan2								0.0104166666666667	FALSE
RNF19A	ENSG00000034677.13	1	1	0	0	0	35	Missense_Mutation	muse;mutect2;varscan2								0.0104166666666667	FALSE
RNF19B	ENSG00000116514.17	1	1	0	0	0	355	Missense_Mutation	muse;mutect2;varscan2								0.0104166666666667	FALSE
RNF207	ENSG00000158286.13	1	1	0	0	0	33	Missense_Mutation	muse;mutect2;varscan2								0.0104166666666667	FALSE
RNF216	ENSG00000011275.19	1	1	1	1	0	460	Nonsense_Mutation	muse;mutect2;varscan2								0.0104166666666667	FALSE
RNF31	ENSG00000092098.17	1	1	0	0	0	710	Missense_Mutation	muse;mutect2;varscan2								0.0104166666666667	FALSE
RNF32	ENSG00000105982.17	1	1	1	1	0	67	Frame_Shift_Del	mutect2;varscan2								0.0104166666666667	FALSE
RNF39	ENSG00000204618.8	1	1	0	0	0	190	Splice_Region	muse;mutect2;varscan2								0.0104166666666667	FALSE
RNF6	ENSG00000127870.17	1	1	0	0	0	655	Missense_Mutation	muse;mutect2;varscan2								0.0104166666666667	FALSE
RNLS	ENSG00000184719.12	1	1	0	0	0	224	Missense_Mutation	muse;mutect2;varscan2								0.0104166666666667	FALSE
RNPC3	ENSG00000185946.16	1	1	0	0	0	471	Missense_Mutation	muse;mutect2;varscan2								0.0104166666666667	FALSE
ROBO2	ENSG00000185008.17	1	1	0	0	0	1210	Missense_Mutation	muse;mutect2;varscan2								0.0104166666666667	FALSE
ROM1	ENSG00000149489.9	1	1	0	0	0	254	Missense_Mutation	muse;mutect2;varscan2								0.0104166666666667	FALSE
ROPN1L	ENSG00000145491.12	1	1	0	0	0	79	Missense_Mutation	muse;mutect2;varscan2								0.0104166666666667	FALSE
ROR1	ENSG00000185483.12	1	1	0	0	0	703	Missense_Mutation	muse;mutect2;varscan2								0.0104166666666667	FALSE
RP2	ENSG00000102218.6	1	1	0	0	0	71	Missense_Mutation	muse;mutect2;varscan2								0.0104166666666667	FALSE
RPA4	ENSG00000204086.4	1	1	0	0	0	249	Missense_Mutation	muse;mutect2;varscan2								0.0104166666666667	FALSE
RPAP2	ENSG00000122484.9	1	1	1	1	0	599	Nonsense_Mutation	muse;mutect2;varscan2								0.0104166666666667	FALSE
RPF1	ENSG00000117133.11	1	1	0	0	0	235	Missense_Mutation	muse;mutect2;varscan2								0.0104166666666667	FALSE
RPGRIP1L	ENSG00000103494.15	1	1	0	0	0	219	Missense_Mutation	muse;mutect2;varscan2								0.0104166666666667	FALSE
RPL11	ENSG00000142676.14	1	1	0	0	0	21	Missense_Mutation	muse;mutect2;varscan2								0.0104166666666667	FALSE
RPL13	ENSG00000167526.14	1	1	1	1	0	198	Frame_Shift_Del	mutect2;pindel;varscan2								0.0104166666666667	FALSE
RPL18A	ENSG00000105640.13	1	1	0	0	0	65	Missense_Mutation	muse;mutect2;varscan2								0.0104166666666667	FALSE
RPL22	ENSG00000116251.11	1	1	1	1	0	15	Frame_Shift_Del	mutect2;varscan2								0.0104166666666667	FALSE
RPL30	ENSG00000156482.11	1	1	1	1	0	96	Frame_Shift_Del	mutect2;pindel;varscan2								0.0104166666666667	FALSE
RPL32	ENSG00000144713.13	1	1	0	0	0	132	Missense_Mutation	muse;mutect2;varscan2								0.0104166666666667	FALSE
RPL34	ENSG00000109475.16	1	1	0	0	0	114	Missense_Mutation	muse;mutect2;varscan2								0.0104166666666667	FALSE
RPL37A	ENSG00000197756.10	1	1	0	0	0	25	Missense_Mutation	muse;mutect2;varscan2								0.0104166666666667	FALSE
RPP38	ENSG00000152464.15	1	1	0	0	0	74	Missense_Mutation	muse;mutect2								0.0104166666666667	FALSE
RPRD1A	ENSG00000141425.18	1	1	0	0	0	229	Missense_Mutation	muse;mutect2;varscan2								0.0104166666666667	FALSE
RPS13	ENSG00000110700.7	1	1	0	0	0	19	Missense_Mutation	muse;mutect2								0.0104166666666667	FALSE
RPS26	ENSG00000197728.11	1	1	1	1	0	44	Frame_Shift_Del	mutect2;pindel;varscan2								0.0104166666666667	FALSE
RPS6KA2	ENSG00000071242.12	1	1	0	0	0	75	Missense_Mutation	muse;mutect2;varscan2								0.0104166666666667	FALSE
RPS6KA6	ENSG00000072133.11	1	1	0	0	0	440	Missense_Mutation	muse;mutect2;varscan2								0.0104166666666667	FALSE
RPS6KL1	ENSG00000198208.12	1	1	0	0	0	43	Missense_Mutation	muse;mutect2;varscan2								0.0104166666666667	FALSE
RPTN	ENSG00000215853.3	1	1	0	0	0	500	Missense_Mutation	muse;mutect2;varscan2								0.0104166666666667	FALSE
RPUSD4	ENSG00000165526.9	1	1	0	0	0	93	Missense_Mutation	muse;mutect2;varscan2								0.0104166666666667	FALSE
RRAGB	ENSG00000083750.13	1	1	0	0	0	60	Missense_Mutation	muse;mutect2;varscan2								0.0104166666666667	FALSE
RRBP1	ENSG00000125844.16	1	1	1	1	0	633	Nonsense_Mutation	muse;mutect2;varscan2								0.0104166666666667	FALSE
RRP15	ENSG00000067533.6	1	1	0	0	0	224	Missense_Mutation	muse;mutect2;varscan2								0.0104166666666667	FALSE
RRS1	ENSG00000179041.4	1	1	0	0	0	210	Missense_Mutation	muse;mutect2;varscan2								0.0104166666666667	FALSE
RSPH10B	ENSG00000155026.16	1	1	0	0	0	146	Missense_Mutation	muse;mutect2;varscan2								0.0104166666666667	FALSE
RSPH10B2	ENSG00000169402.15	1	1	0	0	0	140	Missense_Mutation	muse;mutect2								0.0104166666666667	FALSE
RSPH6A	ENSG00000104941.8	1	1	0	0	0	655	Missense_Mutation	muse;mutect2;varscan2								0.0104166666666667	FALSE
RTBDN	ENSG00000132026.14	1	1	0	0	0	33	Missense_Mutation	muse;mutect2;varscan2								0.0104166666666667	FALSE
RTCB	ENSG00000100220.12	1	1	0	0	0	82	Missense_Mutation	muse;mutect2;varscan2								0.0104166666666667	FALSE
RTEL1	ENSG00000258366.9	1	1	0	0	0	336	Missense_Mutation	muse;mutect2;varscan2								0.0104166666666667	FALSE
RTKN	ENSG00000114993.17	1	1	0	0	0	107	Missense_Mutation	muse;mutect2								0.0104166666666667	FALSE
RTKN2	ENSG00000182010.11	1	1	1	1	0	450	Frame_Shift_Del	mutect2;varscan2								0.0104166666666667	FALSE
RTN2	ENSG00000125744.12	1	1	0	0	0	259	Missense_Mutation	muse;mutect2;varscan2								0.0104166666666667	FALSE
RTN4	ENSG00000115310.18	1	1	0	0	0	943	Missense_Mutation	mutect2;varscan2								0.0104166666666667	FALSE
RTN4RL1	ENSG00000185924.7	1	1	0	0	0	129	Missense_Mutation	muse;mutect2;varscan2								0.0104166666666667	FALSE
RTP5	ENSG00000188011.5	1	1	1	1	0	225	Frame_Shift_Del	mutect2;pindel;varscan2								0.0104166666666667	FALSE
RTTN	ENSG00000176225.15	1	1	0	0	0	154	Missense_Mutation	muse;mutect2;varscan2								0.0104166666666667	FALSE
RUFY3	ENSG00000018189.13	1	1	0	0	0	227	Missense_Mutation	muse;mutect2;varscan2								0.0104166666666667	FALSE
RUNDC3A	ENSG00000108309.14	1	1	0	0	0	199	Missense_Mutation	muse;mutect2;varscan2								0.0104166666666667	FALSE
RUNX2	ENSG00000124813.23	1	1	0	0	0	372	Missense_Mutation	muse;mutect2;varscan2								0.0104166666666667	FALSE
RXFP2	ENSG00000133105.8	1	1	0	0	0	388	Missense_Mutation	muse;mutect2;varscan2								0.0104166666666667	FALSE
RYK	ENSG00000163785.13	1	1	0	0	0	295	Missense_Mutation	muse;mutect2;varscan2								0.0104166666666667	FALSE
S100A4	ENSG00000196154.12	1	1	0	0	0	51	Missense_Mutation	muse;mutect2;varscan2								0.0104166666666667	FALSE
S100A8	ENSG00000143546.10	1	1	0	0	0	37	Missense_Mutation	muse;mutect2;varscan2								0.0104166666666667	FALSE
S1PR1	ENSG00000170989.10	1	1	0	0	0	217	Missense_Mutation	muse;mutect2;varscan2								0.0104166666666667	FALSE
SAAL1	ENSG00000166788.10	1	1	0	0	0	415	Missense_Mutation	muse;mutect2								0.0104166666666667	FALSE
SAMD14	ENSG00000167100.15	1	1	0	0	0	362	Missense_Mutation	muse;mutect2;varscan2								0.0104166666666667	FALSE
SAMD3	ENSG00000164483.17	1	1	1	1	0	274	Splice_Site	muse;mutect2;varscan2								0.0104166666666667	FALSE
SAMD4A	ENSG00000020577.14	1	1	0	0	0	279	Missense_Mutation	muse;mutect2								0.0104166666666667	FALSE
SAMD7	ENSG00000187033.9	1	1	0	0	0	54	Missense_Mutation	muse;mutect2;varscan2								0.0104166666666667	FALSE
SAMD9	ENSG00000205413.8	1	1	0	0	0	509	Missense_Mutation	muse;mutect2								0.0104166666666667	FALSE
SAMHD1	ENSG00000101347.10	1	1	0	0	0	433	Missense_Mutation	muse;mutect2								0.0104166666666667	FALSE
SAMM50	ENSG00000100347.15	1	1	0	0	0	269	Missense_Mutation	muse;mutect2;varscan2								0.0104166666666667	FALSE
SAPCD1	ENSG00000228727.9	1	1	0	0	0	48	Missense_Mutation	muse;mutect2								0.0104166666666667	FALSE
SARM1	ENSG00000004139.14	1	1	0	0	0	240	Missense_Mutation	muse;mutect2								0.0104166666666667	FALSE
SART3	ENSG00000075856.12	1	1	0	0	0	638	Missense_Mutation	muse;mutect2;varscan2								0.0104166666666667	FALSE
SATB1	ENSG00000182568.17	1	1	0	0	0	297	Missense_Mutation	muse;mutect2;varscan2								0.0104166666666667	FALSE
SAXO1	ENSG00000155875.15	1	1	0	0	0	242	Missense_Mutation	muse;mutect2								0.0104166666666667	FALSE
SCAF11	ENSG00000139218.18	1	1	0	0	0	1205	Missense_Mutation	muse;mutect2;varscan2								0.0104166666666667	FALSE
SCAF8	ENSG00000213079.10	1	1	0	0	0	546	Missense_Mutation	muse;mutect2								0.0104166666666667	FALSE
SCAMP3	ENSG00000116521.11	1	1	0	0	0	132	Missense_Mutation	muse;mutect2;varscan2								0.0104166666666667	FALSE
SCCPDH	ENSG00000143653.10	1	1	0	0	0	6	Missense_Mutation	muse;mutect2								0.0104166666666667	FALSE
SCFD2	ENSG00000184178.16	1	1	0	0	0	53	Missense_Mutation	muse;mutect2;varscan2								0.0104166666666667	FALSE
SCG2	ENSG00000171951.5	1	1	0	0	0	304	Missense_Mutation	muse;mutect2;varscan2								0.0104166666666667	FALSE
SCIN	ENSG00000006747.15	1	1	0	0	0	522	Missense_Mutation	muse;mutect2;varscan2								0.0104166666666667	FALSE
SCLT1	ENSG00000151466.12	1	1	0	0	0	497	Missense_Mutation	muse;mutect2;varscan2								0.0104166666666667	FALSE
SCN4A	ENSG00000007314.12	1	1	0	0	0	1148	Splice_Region	muse;mutect2;varscan2								0.0104166666666667	FALSE
SCN7A	ENSG00000136546.16	1	1	0	0	0	1528	Missense_Mutation	muse;mutect2;varscan2								0.0104166666666667	FALSE
SCNN1B	ENSG00000168447.11	1	1	0	0	0	100	Missense_Mutation	muse;varscan2								0.0104166666666667	FALSE
SCRT1	ENSG00000261678.3	1	1	0	0	0	14	Missense_Mutation	muse;mutect2;varscan2								0.0104166666666667	FALSE
SDAD1	ENSG00000198301.12	1	1	0	0	0	76	Missense_Mutation	muse;mutect2;varscan2								0.0104166666666667	FALSE
SDCBP	ENSG00000137575.12	1	1	0	0	0	44	Splice_Region	muse;mutect2;varscan2								0.0104166666666667	FALSE
SDHA	ENSG00000073578.17	1	1	0	0	0	355	Missense_Mutation	muse;mutect2;varscan2								0.0104166666666667	FALSE
SDHAF4	ENSG00000154079.6	1	1	0	0	0	39	Missense_Mutation	muse;mutect2;varscan2								0.0104166666666667	FALSE
SDHD	ENSG00000204370.13	1	1	0	0	0	157	Missense_Mutation	muse;mutect2;varscan2								0.0104166666666667	FALSE
SDK1	ENSG00000146555.19	1	1	1	1	0	1740	Nonsense_Mutation	muse;mutect2;varscan2								0.0104166666666667	FALSE
SDS	ENSG00000135094.11	1	1	0	0	0	253	Missense_Mutation	muse;mutect2;varscan2								0.0104166666666667	FALSE
SEBOX	ENSG00000274529.5	1	1	0	0	0	149	Missense_Mutation	muse;mutect2;varscan2								0.0104166666666667	FALSE
SEC14L1	ENSG00000129657.16	1	1	0	0	0	555	Missense_Mutation	muse;mutect2;varscan2								0.0104166666666667	FALSE
SEC14L5	ENSG00000103184.12	1	1	1	1	0	622	Frame_Shift_Ins	mutect2;varscan2								0.0104166666666667	FALSE
SEC16A	ENSG00000148396.18	1	1	0	0	0	2192	Missense_Mutation	muse;mutect2;varscan2								0.0104166666666667	FALSE
SEC23A	ENSG00000100934.15	1	1	1	1	0	737	Nonsense_Mutation	muse;mutect2								0.0104166666666667	FALSE
SEC24A	ENSG00000113615.13	1	1	0	0	0	265	Missense_Mutation	muse;mutect2;varscan2								0.0104166666666667	FALSE
SEC24C	ENSG00000176986.16	1	1	0	0	0	510	Missense_Mutation	muse;mutect2								0.0104166666666667	FALSE
SEC31A	ENSG00000138674.17	1	1	0	0	0	666	Missense_Mutation	muse;mutect2;varscan2								0.0104166666666667	FALSE
SEC63	ENSG00000025796.14	1	1	1	1	0	208	Splice_Site	muse;mutect2;varscan2								0.0104166666666667	FALSE
SECISBP2	ENSG00000187742.15	1	1	0	0	0	172	Missense_Mutation	muse;mutect2;varscan2								0.0104166666666667	FALSE
SECISBP2L	ENSG00000138593.9	1	1	0	0	0	333	Missense_Mutation	muse;mutect2;varscan2								0.0104166666666667	FALSE
SEL1L2	ENSG00000101251.13	1	1	1	1	0	372	Frame_Shift_Ins	pindel;varscan2								0.0104166666666667	FALSE
SELENOI	ENSG00000138018.18	1	1	0	0	0	146	Missense_Mutation	muse;mutect2;varscan2								0.0104166666666667	FALSE
SELENOK	ENSG00000113811.11	1	1	1	1	0	49	Frame_Shift_Del	mutect2;pindel;varscan2								0.0104166666666667	FALSE
SELP	ENSG00000174175.17	1	1	0	0	0	84	Missense_Mutation	muse;mutect2;varscan2								0.0104166666666667	FALSE
SEMA3E	ENSG00000170381.14	1	1	0	0	0	688	Missense_Mutation	muse;mutect2;varscan2								0.0104166666666667	FALSE
SEMA4C	ENSG00000168758.11	1	1	0	0	0	342	Missense_Mutation	muse;mutect2								0.0104166666666667	FALSE
SEMA6C	ENSG00000143434.16	1	1	0	0	0	253	Splice_Region	muse;mutect2;varscan2								0.0104166666666667	FALSE
SENP1	ENSG00000079387.14	1	1	0	0	0	11	Missense_Mutation	muse;mutect2;varscan2								0.0104166666666667	FALSE
SENP2	ENSG00000163904.13	1	1	0	0	0	579	Missense_Mutation	muse;mutect2								0.0104166666666667	FALSE
SENP7	ENSG00000138468.16	1	1	0	0	0	368	Missense_Mutation	muse;mutect2;varscan2								0.0104166666666667	FALSE
SENP8	ENSG00000166192.15	1	1	0	0	0	212	Missense_Mutation	muse;mutect2								0.0104166666666667	FALSE
SEPHS1	ENSG00000086475.15	1	1	0	0	0	312	Missense_Mutation	muse;mutect2;varscan2								0.0104166666666667	FALSE
SEPHS2	ENSG00000179918.19	1	1	0	0	0	229	Missense_Mutation	muse;mutect2;varscan2								0.0104166666666667	FALSE
SEPTIN1	ENSG00000180096.12	1	1	0	0	0	168	Missense_Mutation	muse;mutect2;varscan2								0.0104166666666667	FALSE
SEPTIN11	ENSG00000138758.12	1	1	1	1	0	320	Nonsense_Mutation	muse;mutect2;varscan2								0.0104166666666667	FALSE
SEPTIN12	ENSG00000140623.14	1	1	0	0	0	334	Missense_Mutation	muse;mutect2;varscan2								0.0104166666666667	FALSE
SEPTIN14	ENSG00000154997.9	1	1	0	0	0	253	Missense_Mutation	muse;mutect2;varscan2								0.0104166666666667	FALSE
SEPTIN8	ENSG00000164402.14	1	1	0	0	0	401	Missense_Mutation	muse;mutect2;varscan2								0.0104166666666667	FALSE
SERGEF	ENSG00000129158.11	1	1	0	0	0	373	Missense_Mutation	muse;mutect2;varscan2								0.0104166666666667	FALSE
SERINC1	ENSG00000111897.7	1	1	0	0	0	6	Missense_Mutation	muse;mutect2;varscan2								0.0104166666666667	FALSE
SERINC3	ENSG00000132824.14	1	1	1	1	0	261	Nonsense_Mutation	muse;mutect2;varscan2								0.0104166666666667	FALSE
SERPINA1	ENSG00000197249.14	1	1	0	0	0	254	Missense_Mutation	muse;mutect2;varscan2								0.0104166666666667	FALSE
SERPINA7	ENSG00000123561.15	1	1	0	0	0	294	Missense_Mutation	muse;varscan2								0.0104166666666667	FALSE
SERPINB11	ENSG00000206072.13	1	1	0	0	0	9	Missense_Mutation	muse;mutect2								0.0104166666666667	FALSE
SERPINB13	ENSG00000197641.12	1	1	0	0	0	286	Missense_Mutation	muse;mutect2;varscan2								0.0104166666666667	FALSE
SERPINB4	ENSG00000206073.11	1	1	0	0	0	314	Missense_Mutation	muse;mutect2;varscan2								0.0104166666666667	FALSE
SERPINE2	ENSG00000135919.14	1	1	0	0	0	21	Missense_Mutation	muse;mutect2;varscan2								0.0104166666666667	FALSE
SERPINH1	ENSG00000149257.16	1	1	0	0	0	44	Missense_Mutation	muse;mutect2;varscan2								0.0104166666666667	FALSE
SERPINI2	ENSG00000114204.15	1	1	0	0	0	86	Missense_Mutation	muse;mutect2;varscan2								0.0104166666666667	FALSE
SERTAD3	ENSG00000167565.13	1	1	0	0	0	181	Missense_Mutation	muse;mutect2;varscan2								0.0104166666666667	FALSE
SESN3	ENSG00000149212.12	1	1	1	1	0	493	Nonstop_Mutation	muse;mutect2;varscan2								0.0104166666666667	FALSE
SESTD1	ENSG00000187231.14	1	1	1	1	0	428	Splice_Site	muse;mutect2;varscan2								0.0104166666666667	FALSE
SET	ENSG00000119335.17	1	1	0	0	0	12	Missense_Mutation	muse;mutect2;varscan2								0.0104166666666667	FALSE
SETD3	ENSG00000183576.13	1	1	0	0	0	386	Missense_Mutation	muse;mutect2;varscan2								0.0104166666666667	FALSE
SETDB1	ENSG00000143379.12	1	1	1	1	0	366	Nonsense_Mutation	muse;mutect2;varscan2								0.0104166666666667	FALSE
SETX	ENSG00000107290.14	1	1	0	0	0	1913	Missense_Mutation	muse;mutect2;varscan2								0.0104166666666667	FALSE
SEZ6L2	ENSG00000174938.14	1	1	1	1	0	71	Splice_Site	muse;mutect2;varscan2								0.0104166666666667	FALSE
SF1	ENSG00000168066.20	1	1	1	1	0	279	Frame_Shift_Del	pindel;varscan2								0.0104166666666667	FALSE
SF3B2	ENSG00000087365.16	1	1	0	0	0	482	Missense_Mutation	muse;mutect2;varscan2								0.0104166666666667	FALSE
SF3B3	ENSG00000189091.13	1	1	0	0	0	600	Missense_Mutation	muse;mutect2;varscan2								0.0104166666666667	FALSE
SFI1	ENSG00000198089.16	1	1	0	0	0	995	Missense_Mutation	muse;mutect2;varscan2								0.0104166666666667	FALSE
SFRP4	ENSG00000106483.12	1	1	0	0	0	302	Missense_Mutation	muse;mutect2;varscan2								0.0104166666666667	FALSE
SFTPA1	ENSG00000122852.15	1	1	0	0	0	97	Missense_Mutation	muse;mutect2;varscan2								0.0104166666666667	FALSE
SFXN2	ENSG00000156398.13	1	1	0	0	0	183	Missense_Mutation	muse;mutect2;varscan2								0.0104166666666667	FALSE
SFXN3	ENSG00000107819.13	1	1	0	0	0	317	Missense_Mutation	muse;mutect2								0.0104166666666667	FALSE
SFXN5	ENSG00000144040.13	1	1	1	1	0	179	Splice_Site	muse;mutect2								0.0104166666666667	FALSE
SGIP1	ENSG00000118473.22	1	1	0	0	0	286	Missense_Mutation	muse;mutect2;varscan2								0.0104166666666667	FALSE
SGK1	ENSG00000118515.11	1	1	0	0	0	368	Missense_Mutation	muse;mutect2;varscan2								0.0104166666666667	FALSE
SGK2	ENSG00000101049.17	1	1	0	0	0	49	Missense_Mutation	muse;mutect2;varscan2								0.0104166666666667	FALSE
SGK3	ENSG00000104205.16	1	1	0	0	0	82	Missense_Mutation	muse;mutect2;varscan2								0.0104166666666667	FALSE
SGO1	ENSG00000129810.15	1	1	0	0	0	162	Missense_Mutation	muse;mutect2								0.0104166666666667	FALSE
SGO2	ENSG00000163535.18	1	1	0	0	0	722	Missense_Mutation	muse;mutect2;varscan2								0.0104166666666667	FALSE
SGSM1	ENSG00000167037.19	1	1	0	0	0	590	Missense_Mutation	muse;mutect2;varscan2								0.0104166666666667	FALSE
SGTB	ENSG00000197860.10	1	1	0	0	0	110	Missense_Mutation	muse;mutect2;varscan2								0.0104166666666667	FALSE
SH2D1B	ENSG00000198574.6	1	1	0	0	0	126	Missense_Mutation	muse;mutect2;varscan2								0.0104166666666667	FALSE
SH2D3A	ENSG00000125731.13	1	1	0	0	0	571	Missense_Mutation	muse;mutect2;varscan2								0.0104166666666667	FALSE
SH2D3C	ENSG00000095370.20	1	1	0	0	0	555	Missense_Mutation	muse;mutect2;varscan2								0.0104166666666667	FALSE
SH2D4A	ENSG00000104611.12	1	1	0	0	0	362	In_Frame_Del	pindel;varscan2								0.0104166666666667	FALSE
SH3BP5L	ENSG00000175137.11	1	1	0	0	0	213	Missense_Mutation	muse;mutect2;varscan2								0.0104166666666667	FALSE
SH3GL2	ENSG00000107295.10	1	1	0	0	0	54	Missense_Mutation	muse;mutect2								0.0104166666666667	FALSE
SH3GL3	ENSG00000140600.17	1	1	0	0	0	81	Missense_Mutation	muse;mutect2;varscan2								0.0104166666666667	FALSE
SH3KBP1	ENSG00000147010.18	1	1	1	1	0	481	Frame_Shift_Ins	mutect2;pindel*;varscan2								0.0104166666666667	FALSE
SH3PXD2A	ENSG00000107957.16	1	1	0	0	0	224	Missense_Mutation	muse;mutect2;varscan2								0.0104166666666667	FALSE
SH3RF1	ENSG00000154447.15	1	1	0	0	0	162	In_Frame_Del	pindel;varscan2								0.0104166666666667	FALSE
SH3TC1	ENSG00000125089.17	1	1	0	0	0	415	Missense_Mutation	muse;mutect2;varscan2								0.0104166666666667	FALSE
SHANK3	ENSG00000251322.9	1	1	0	0	0	272	Missense_Mutation	muse;mutect2;varscan2								0.0104166666666667	FALSE
SHOC1	ENSG00000165181.16	1	1	1	1	0	224	Splice_Site	muse;mutect2;varscan2								0.0104166666666667	FALSE
SHPRH	ENSG00000146414.16	1	1	0	0	0	404	Missense_Mutation	muse;mutect2;varscan2								0.0104166666666667	FALSE
SHROOM3	ENSG00000138771.16	1	1	0	0	0	621	Missense_Mutation	muse;mutect2;varscan2								0.0104166666666667	FALSE
SIGIRR	ENSG00000185187.13	1	1	0	0	0	376	Missense_Mutation	muse;mutect2;varscan2								0.0104166666666667	FALSE
SIGLEC5	ENSG00000105501.12	1	1	0	0	0	217	Missense_Mutation	muse;mutect2;varscan2								0.0104166666666667	FALSE
SIGLEC6	ENSG00000105492.16	1	1	0	0	0	335	Missense_Mutation	muse;mutect2;varscan2								0.0104166666666667	FALSE
SIGLEC7	ENSG00000168995.13	1	1	1	1	0	13	Frame_Shift_Ins	mutect2;pindel;varscan2								0.0104166666666667	FALSE
SIN3B	ENSG00000127511.10	1	1	0	0	0	708	Missense_Mutation	muse;varscan2								0.0104166666666667	FALSE
SIPA1L1	ENSG00000197555.9	1	1	0	0	0	403	Missense_Mutation	muse;mutect2;varscan2								0.0104166666666667	FALSE
SIRPB1	ENSG00000101307.16	1	1	1	1	0	79	Nonsense_Mutation	muse;mutect2;varscan2								0.0104166666666667	FALSE
SIRT1	ENSG00000096717.12	1	1	0	0	0	497	Missense_Mutation	muse;mutect2;varscan2								0.0104166666666667	FALSE
SIRT7	ENSG00000187531.14	1	1	0	0	0	205	Missense_Mutation	muse;mutect2;varscan2								0.0104166666666667	FALSE
SIVA1	ENSG00000184990.13	1	1	0	0	0	140	Missense_Mutation	muse;mutect2;varscan2								0.0104166666666667	FALSE
SKAP1	ENSG00000141293.16	1	1	0	0	0	124	Missense_Mutation	muse;mutect2;varscan2								0.0104166666666667	FALSE
SKAP2	ENSG00000005020.13	1	1	0	0	0	358	Missense_Mutation	muse;mutect2;varscan2								0.0104166666666667	FALSE
SKIDA1	ENSG00000180592.17	1	1	0	0	0	459	Missense_Mutation	muse;varscan2								0.0104166666666667	FALSE
SKIL	ENSG00000136603.14	1	1	0	0	0	656	Missense_Mutation	muse;mutect2;varscan2								0.0104166666666667	FALSE
SKP2	ENSG00000145604.17	1	1	0	0	0	86	In_Frame_Del	pindel;varscan2*								0.0104166666666667	FALSE
SLA2	ENSG00000101082.14	1	1	0	0	0	249	Missense_Mutation	muse;varscan2								0.0104166666666667	FALSE
SLAMF6	ENSG00000162739.14	1	1	1	1	0	128	Splice_Site	muse;mutect2;varscan2								0.0104166666666667	FALSE
SLC10A4	ENSG00000145248.7	1	1	0	0	0	282	Missense_Mutation	mutect2;varscan2								0.0104166666666667	FALSE
SLC10A7	ENSG00000120519.15	1	1	0	0	0		Splice_Region	muse;mutect2;varscan2								0.0104166666666667	FALSE
SLC12A3	ENSG00000070915.10	1	1	0	0	0	777	Missense_Mutation	muse;mutect2;varscan2								0.0104166666666667	FALSE
SLC12A8	ENSG00000221955.11	1	1	1	1	0	246	Nonsense_Mutation	muse;mutect2								0.0104166666666667	FALSE
SLC13A1	ENSG00000081800.9	1	1	0	0	0	282	Missense_Mutation	muse;mutect2;varscan2								0.0104166666666667	FALSE
SLC14A2	ENSG00000132874.15	1	1	0	0	0	672	Missense_Mutation	muse;mutect2;varscan2								0.0104166666666667	FALSE
SLC15A1	ENSG00000088386.17	1	1	1	1	0	384	Splice_Site	muse;mutect2								0.0104166666666667	FALSE
SLC16A1	ENSG00000155380.12	1	1	0	0	0	276	Missense_Mutation	muse;mutect2;varscan2								0.0104166666666667	FALSE
SLC16A13	ENSG00000174327.7	1	1	0	0	0	323	Missense_Mutation	muse;mutect2;varscan2								0.0104166666666667	FALSE
SLC16A2	ENSG00000147100.11	1	1	0	0	0	418	Missense_Mutation	muse;mutect2								0.0104166666666667	FALSE
SLC16A7	ENSG00000118596.12	1	1	0	0	0	472	Missense_Mutation	muse;mutect2								0.0104166666666667	FALSE
SLC16A8	ENSG00000100156.10	1	1	0	0	0	76	Missense_Mutation	muse;mutect2;varscan2								0.0104166666666667	FALSE
SLC16A9	ENSG00000165449.11	1	1	0	0	0	381	Missense_Mutation	muse;mutect2;varscan2								0.0104166666666667	FALSE
SLC17A2	ENSG00000112337.10	1	1	0	0	0	334	Missense_Mutation	muse;mutect2;varscan2								0.0104166666666667	FALSE
SLC17A4	ENSG00000146039.11	1	1	0	0	0	313	Missense_Mutation	muse;mutect2;varscan2								0.0104166666666667	FALSE
SLC17A9	ENSG00000101194.18	1	1	0	0	0	258	Missense_Mutation	muse;mutect2;varscan2								0.0104166666666667	FALSE
SLC19A1	ENSG00000173638.19	1	1	0	0	0	333	Missense_Mutation	muse;mutect2;varscan2								0.0104166666666667	FALSE
SLC19A3	ENSG00000135917.16	1	1	0	0	0	41	Missense_Mutation	muse;mutect2;varscan2								0.0104166666666667	FALSE
SLC1A5	ENSG00000105281.12	1	1	0	0	0	506	Missense_Mutation	muse;mutect2;varscan2								0.0104166666666667	FALSE
SLC22A2	ENSG00000112499.13	1	1	1	1	0	377	Nonsense_Mutation	muse;mutect2;varscan2								0.0104166666666667	FALSE
SLC22A25	ENSG00000196600.12	1	1	0	0	0	505	Missense_Mutation	muse;mutect2;varscan2								0.0104166666666667	FALSE
SLC22A6	ENSG00000197901.12	1	1	0	0	0	177	Missense_Mutation	muse;mutect2;varscan2								0.0104166666666667	FALSE
SLC22A9	ENSG00000149742.10	1	1	0	0	0	517	Missense_Mutation	muse;mutect2;varscan2								0.0104166666666667	FALSE
SLC24A5	ENSG00000188467.11	1	1	0	0	0	156	Missense_Mutation	muse;mutect2;varscan2								0.0104166666666667	FALSE
SLC25A15	ENSG00000102743.15	1	1	0	0	0	112	Missense_Mutation	muse;mutect2;varscan2								0.0104166666666667	FALSE
SLC25A18	ENSG00000182902.14	1	1	1	1	0	39	Nonsense_Mutation	muse;mutect2;varscan2								0.0104166666666667	FALSE
SLC25A2	ENSG00000120329.7	1	1	0	0	0	56	Missense_Mutation	muse;mutect2;varscan2								0.0104166666666667	FALSE
SLC25A3	ENSG00000075415.13	1	1	1	1	0	29	Frame_Shift_Del	mutect2;pindel;varscan2								0.0104166666666667	FALSE
SLC25A39	ENSG00000013306.16	1	1	0	0	0	326	Missense_Mutation	muse;mutect2;varscan2								0.0104166666666667	FALSE
SLC25A45	ENSG00000162241.12	1	1	0	0	0	150	Missense_Mutation	muse;mutect2;varscan2								0.0104166666666667	FALSE
SLC25A5	ENSG00000005022.6	1	1	0	0	0	239	Missense_Mutation	muse;mutect2;varscan2								0.0104166666666667	FALSE
SLC26A7	ENSG00000147606.9	1	1	0	0	0	111	Missense_Mutation	muse;mutect2;varscan2								0.0104166666666667	FALSE
SLC29A1	ENSG00000112759.19	1	1	0	0	0	256	Missense_Mutation	muse;mutect2;varscan2								0.0104166666666667	FALSE
SLC2A3	ENSG00000059804.16	1	1	0	0	0	336	Missense_Mutation	muse;mutect2								0.0104166666666667	FALSE
SLC2A4RG	ENSG00000125520.14	1	1	1	1	0	352	Nonsense_Mutation	muse;mutect2;varscan2								0.0104166666666667	FALSE
SLC2A6	ENSG00000160326.14	1	1	0	0	0	329	Missense_Mutation	muse;mutect2;varscan2								0.0104166666666667	FALSE
SLC30A10	ENSG00000196660.11	1	1	0	0	0	424	Missense_Mutation	muse;mutect2;varscan2								0.0104166666666667	FALSE
SLC30A2	ENSG00000158014.15	1	1	0	0	0	286	Missense_Mutation	muse;mutect2;varscan2								0.0104166666666667	FALSE
SLC30A5	ENSG00000145740.19	1	1	0	0	0	703	Missense_Mutation	muse;mutect2;varscan2								0.0104166666666667	FALSE
SLC35A5	ENSG00000138459.9	1	1	0	0	0	37	Missense_Mutation	muse;mutect2;varscan2								0.0104166666666667	FALSE
SLC35E3	ENSG00000175782.11	1	1	0	0	0	194	Missense_Mutation	muse;mutect2;varscan2								0.0104166666666667	FALSE
SLC35G5	ENSG00000177710.6	1	1	0	0	0	335	Missense_Mutation	muse;varscan2								0.0104166666666667	FALSE
SLC36A2	ENSG00000186335.9	1	1	0	0	0	314	Missense_Mutation	muse;mutect2;varscan2								0.0104166666666667	FALSE
SLC37A1	ENSG00000160190.14	1	1	0	0	0	116	Splice_Region	muse;mutect2;varscan2								0.0104166666666667	FALSE
SLC38A10	ENSG00000157637.13	1	1	0	0	0	631	Missense_Mutation	muse;mutect2								0.0104166666666667	FALSE
SLC38A3	ENSG00000188338.15	1	1	0	0	0	292	Missense_Mutation	muse;mutect2;varscan2								0.0104166666666667	FALSE
SLC38A7	ENSG00000103042.9	1	1	0	0	0	38	Missense_Mutation	muse;mutect2;varscan2								0.0104166666666667	FALSE
SLC38A8	ENSG00000166558.11	1	1	0	0	0	31	Missense_Mutation	muse;mutect2;varscan2								0.0104166666666667	FALSE
SLC39A7	ENSG00000112473.18	1	1	0	0	0	178	Missense_Mutation	muse;mutect2;varscan2								0.0104166666666667	FALSE
SLC39A8	ENSG00000138821.13	1	1	0	0	0	94	Missense_Mutation	muse;mutect2;varscan2								0.0104166666666667	FALSE
SLC3A2	ENSG00000168003.17	1	1	1	1	0	1	Frame_Shift_Del	mutect2;pindel;varscan2								0.0104166666666667	FALSE
SLC44A1	ENSG00000070214.16	1	1	1	1	0	418	Splice_Site	muse;mutect2;varscan2								0.0104166666666667	FALSE
SLC44A2	ENSG00000129353.15	1	1	0	0	0	478	Missense_Mutation	muse;mutect2;varscan2								0.0104166666666667	FALSE
SLC44A4	ENSG00000204385.13	1	1	0	0	0	536	Missense_Mutation	muse;mutect2;varscan2								0.0104166666666667	FALSE
SLC44A5	ENSG00000137968.16	1	1	0	0	0	122	Missense_Mutation	muse;mutect2								0.0104166666666667	FALSE
SLC45A1	ENSG00000162426.16	1	1	0	0	0	516	Missense_Mutation	muse;mutect2								0.0104166666666667	FALSE
SLC45A2	ENSG00000164175.15	1	1	1	1	0	46	Nonsense_Mutation	muse;mutect2;varscan2								0.0104166666666667	FALSE
SLC46A1	ENSG00000076351.13	1	1	0	0	0	385	Missense_Mutation	muse;mutect2;varscan2								0.0104166666666667	FALSE
SLC47A1	ENSG00000142494.13	1	1	0	0	0	521	Missense_Mutation	muse;mutect2;varscan2								0.0104166666666667	FALSE
SLC47A2	ENSG00000180638.19	1	1	0	0	0	269	Missense_Mutation	muse;mutect2;varscan2								0.0104166666666667	FALSE
SLC4A1	ENSG00000004939.15	1	1	0	0	0	384	Missense_Mutation	muse;mutect2;varscan2								0.0104166666666667	FALSE
SLC4A2	ENSG00000164889.15	1	1	0	0	0	181	Missense_Mutation	muse;mutect2								0.0104166666666667	FALSE
SLC4A3	ENSG00000114923.17	1	1	0	0	0	23	Missense_Mutation	muse;mutect2								0.0104166666666667	FALSE
SLC4A5	ENSG00000188687.17	1	1	0	0	0	42	Missense_Mutation	muse;mutect2;varscan2								0.0104166666666667	FALSE
SLC4A8	ENSG00000050438.17	1	1	1	1	0	588	Nonsense_Mutation	muse;mutect2								0.0104166666666667	FALSE
SLC50A1	ENSG00000169241.19	1	1	0	0	0	139	Missense_Mutation	muse;mutect2;varscan2								0.0104166666666667	FALSE
SLC5A10	ENSG00000154025.16	1	1	0	0	0	340	Missense_Mutation	muse;mutect2;varscan2								0.0104166666666667	FALSE
SLC5A12	ENSG00000148942.15	1	1	0	0	0	313	Missense_Mutation	muse;mutect2;varscan2								0.0104166666666667	FALSE
SLC6A1	ENSG00000157103.12	1	1	0	0	0	227	Missense_Mutation	muse;mutect2;varscan2								0.0104166666666667	FALSE
SLC6A12	ENSG00000111181.12	1	1	0	0	0	321	Missense_Mutation	mutect2;varscan2								0.0104166666666667	FALSE
SLC6A18	ENSG00000164363.10	1	1	0	0	0	232	Missense_Mutation	muse;mutect2;varscan2								0.0104166666666667	FALSE
SLC6A20	ENSG00000163817.16	1	1	0	0	0	36	Missense_Mutation	muse;mutect2;varscan2								0.0104166666666667	FALSE
SLC6A5	ENSG00000165970.12	1	1	0	0	0	121	Missense_Mutation	muse;mutect2;varscan2								0.0104166666666667	FALSE
SLC7A11	ENSG00000151012.13	1	1	0	0	0	362	Missense_Mutation	muse;mutect2;varscan2								0.0104166666666667	FALSE
SLC7A13	ENSG00000164893.9	1	1	0	0	0	375	Missense_Mutation	muse;mutect2;varscan2								0.0104166666666667	FALSE
SLC7A2	ENSG00000003989.18	1	1	0	0	0	364	Missense_Mutation	muse;mutect2;varscan2								0.0104166666666667	FALSE
SLC7A3	ENSG00000165349.12	1	1	0	0	0	145	Missense_Mutation	muse;mutect2;varscan2								0.0104166666666667	FALSE
SLC7A4	ENSG00000099960.13	1	1	0	0	0	512	Missense_Mutation	muse;mutect2;varscan2								0.0104166666666667	FALSE
SLC7A7	ENSG00000155465.20	1	1	1	1	0	315	Nonsense_Mutation	muse;mutect2								0.0104166666666667	FALSE
SLC8A1	ENSG00000183023.18	1	1	0	0	0	254	Missense_Mutation	muse;mutect2;varscan2								0.0104166666666667	FALSE
SLC8A2	ENSG00000118160.14	1	1	0	0	0	326	Missense_Mutation	muse;mutect2;varscan2								0.0104166666666667	FALSE
SLC9A6	ENSG00000198689.13	1	1	0	0	0	112	Missense_Mutation	muse;mutect2								0.0104166666666667	FALSE
SLC9A8	ENSG00000197818.12	1	1	0	0	0	198	Missense_Mutation	muse;mutect2;varscan2								0.0104166666666667	FALSE
SLC9A9	ENSG00000181804.15	1	1	0	0	0	197	Missense_Mutation	muse;mutect2;varscan2								0.0104166666666667	FALSE
SLC9C1	ENSG00000172139.15	1	1	0	0	0	74	Missense_Mutation	muse;mutect2								0.0104166666666667	FALSE
SLCO2A1	ENSG00000174640.15	1	1	0	0	0	465	Missense_Mutation	muse;mutect2;varscan2								0.0104166666666667	FALSE
SLCO6A1	ENSG00000205359.10	1	1	1	1	0	101	Nonsense_Mutation	muse;mutect2;varscan2								0.0104166666666667	FALSE
SLF1	ENSG00000133302.13	1	1	0	0	0	683	Missense_Mutation	muse;mutect2;varscan2								0.0104166666666667	FALSE
SLFN11	ENSG00000172716.16	1	1	0	0	0	110	Missense_Mutation	muse;mutect2								0.0104166666666667	FALSE
SLFNL1	ENSG00000171790.15	1	1	0	0	0	262	Missense_Mutation	muse;mutect2;varscan2								0.0104166666666667	FALSE
SLITRK1	ENSG00000178235.8	1	1	0	0	0	560	Missense_Mutation	muse;mutect2;varscan2								0.0104166666666667	FALSE
SLITRK6	ENSG00000184564.11	1	1	0	0	0	392	Missense_Mutation	muse;mutect2;varscan2								0.0104166666666667	FALSE
SLK	ENSG00000065613.15	1	1	0	0	0	542	Missense_Mutation	muse;mutect2;varscan2								0.0104166666666667	FALSE
SLTM	ENSG00000137776.17	1	1	0	0	0	399	Missense_Mutation	muse;mutect2;varscan2								0.0104166666666667	FALSE
SLU7	ENSG00000164609.10	1	1	0	0	0	139	Missense_Mutation	muse;mutect2;varscan2								0.0104166666666667	FALSE
SLX4IP	ENSG00000149346.15	1	1	0	0	0	100	Missense_Mutation	muse;mutect2;varscan2								0.0104166666666667	FALSE
SMAD2	ENSG00000175387.16	1	1	0	0	0	176	Missense_Mutation	muse;mutect2;varscan2								0.0104166666666667	FALSE
SMAD3	ENSG00000166949.16	1	1	0	0	0	416	Missense_Mutation	muse;mutect2;varscan2								0.0104166666666667	FALSE
SMAD7	ENSG00000101665.9	1	1	0	0	0	152	Missense_Mutation	muse;mutect2;varscan2								0.0104166666666667	FALSE
SMAD9	ENSG00000120693.14	1	1	1	1	0	455	Nonsense_Mutation	muse;mutect2;varscan2								0.0104166666666667	FALSE
SMARCA5	ENSG00000153147.6	1	1	0	0	0	357	Missense_Mutation	muse;mutect2;varscan2								0.0104166666666667	FALSE
SMARCAD1	ENSG00000163104.18	1	1	0	0	0	699	Missense_Mutation	muse;mutect2;varscan2								0.0104166666666667	FALSE
SMARCAL1	ENSG00000138375.13	1	1	0	0	0	532	In_Frame_Del	pindel;varscan2								0.0104166666666667	FALSE
SMARCC2	ENSG00000139613.12	1	1	0	0	0	320	Missense_Mutation	muse;mutect2;varscan2								0.0104166666666667	FALSE
SMARCD2	ENSG00000108604.16	1	1	0	0	0	352	Missense_Mutation	muse;mutect2;varscan2								0.0104166666666667	FALSE
SMCHD1	ENSG00000101596.16	1	1	0	0	0	229	Missense_Mutation	muse;mutect2;varscan2								0.0104166666666667	FALSE
SMCR8	ENSG00000176994.11	1	1	1	1	0	158	Frame_Shift_Del	mutect2;pindel;varscan2								0.0104166666666667	FALSE
SMG6	ENSG00000070366.14	1	1	0	0	0	162	Missense_Mutation	muse;mutect2;varscan2								0.0104166666666667	FALSE
SMG7	ENSG00000116698.21	1	1	0	0	0	410	Missense_Mutation	muse;mutect2;varscan2								0.0104166666666667	FALSE
SMIM21	ENSG00000206026.7	1	1	0	0	0	35	Missense_Mutation	muse;mutect2;varscan2								0.0104166666666667	FALSE
SMIM7	ENSG00000214046.9	1	1	0	0	0	23	Splice_Region	muse;mutect2								0.0104166666666667	FALSE
SMN2	ENSG00000205571.14	1	1	0	0	0	284	Missense_Mutation	mutect2;varscan2								0.0104166666666667	FALSE
SMOC1	ENSG00000198732.11	1	1	0	0	0	278	Missense_Mutation	muse;mutect2;varscan2								0.0104166666666667	FALSE
SMOC2	ENSG00000112562.19	1	1	0	0	0	401	Missense_Mutation	muse;mutect2;varscan2								0.0104166666666667	FALSE
SMPD1	ENSG00000166311.10	1	1	0	0	0	248	Missense_Mutation	muse;mutect2;varscan2								0.0104166666666667	FALSE
SMPD4	ENSG00000136699.19	1	1	0	0	0	715	Missense_Mutation	muse;mutect2;varscan2								0.0104166666666667	FALSE
SMR3A	ENSG00000109208.5	1	1	1	1	0	1	Translation_Start_Site	muse;mutect2								0.0104166666666667	FALSE
SMTN	ENSG00000183963.19	1	1	0	0	0	769	Missense_Mutation	muse;mutect2;varscan2								0.0104166666666667	FALSE
SMURF1	ENSG00000198742.10	1	1	0	0	0	223	Missense_Mutation	muse;mutect2;varscan2								0.0104166666666667	FALSE
SNAI1	ENSG00000124216.4	1	1	0	0	0	186	Missense_Mutation	mutect2;varscan2								0.0104166666666667	FALSE
SNAP91	ENSG00000065609.14	1	1	0	0	0	147	Missense_Mutation	muse;mutect2;varscan2								0.0104166666666667	FALSE
SNAPIN	ENSG00000143553.11	1	1	0	0	0	49	Missense_Mutation	muse;mutect2;varscan2								0.0104166666666667	FALSE
SNCAIP	ENSG00000064692.20	1	1	0	0	0	649	Missense_Mutation	muse;mutect2;varscan2								0.0104166666666667	FALSE
SNCG	ENSG00000173267.14	1	1	0	0	0	96	Missense_Mutation	muse;mutect2;varscan2								0.0104166666666667	FALSE
SNF8	ENSG00000159210.10	1	1	0	0	0	251	Missense_Mutation	muse;mutect2;varscan2								0.0104166666666667	FALSE
SNRNP200	ENSG00000144028.15	1	1	0	0	0	890	Missense_Mutation	muse;mutect2;varscan2								0.0104166666666667	FALSE
SNRPC	ENSG00000124562.10	1	1	0	0	0	28	Missense_Mutation	muse;mutect2;varscan2								0.0104166666666667	FALSE
SNRPD2	ENSG00000125743.10	1	1	0	0	0	73	Missense_Mutation	muse;mutect2;varscan2								0.0104166666666667	FALSE
SNRPF	ENSG00000139343.10	1	1	0	0	0	73	Missense_Mutation	muse;mutect2;varscan2								0.0104166666666667	FALSE
SNTG2	ENSG00000172554.12	1	1	0	0	0	239	Missense_Mutation	muse;mutect2;varscan2								0.0104166666666667	FALSE
SNX1	ENSG00000028528.15	1	1	0	0	0	407	Missense_Mutation	muse;mutect2;varscan2								0.0104166666666667	FALSE
SNX17	ENSG00000115234.11	1	1	0	0	0	420	Missense_Mutation	muse;mutect2;varscan2								0.0104166666666667	FALSE
SNX19	ENSG00000120451.11	1	1	1	1	0	786	Frame_Shift_Del	mutect2;pindel;varscan2								0.0104166666666667	FALSE
SNX25	ENSG00000109762.16	1	1	1	1	0	407	Frame_Shift_Del	mutect2;pindel;varscan2								0.0104166666666667	FALSE
SNX29	ENSG00000048471.14	1	1	0	0	0	420	Missense_Mutation	muse;mutect2;varscan2								0.0104166666666667	FALSE
SNX7	ENSG00000162627.17	1	1	0	0	0	164	Missense_Mutation	muse;mutect2;varscan2								0.0104166666666667	FALSE
SOAT2	ENSG00000167780.12	1	1	0	0	0	46	Splice_Region	muse;mutect2;varscan2								0.0104166666666667	FALSE
SOCS1	ENSG00000185338.6	1	1	0	0	0	203	Missense_Mutation	muse;mutect2;varscan2								0.0104166666666667	FALSE
SOCS6	ENSG00000170677.6	1	1	0	0	0	171	Missense_Mutation	muse;mutect2;varscan2								0.0104166666666667	FALSE
SOGA3	ENSG00000214338.10	1	1	0	0	0	462	Missense_Mutation	muse;mutect2;varscan2								0.0104166666666667	FALSE
SOHLH2	ENSG00000120669.16	1	1	0	0	0	278	Missense_Mutation	muse;mutect2;varscan2								0.0104166666666667	FALSE
SORBS1	ENSG00000095637.22	1	1	0	0	0	975	Missense_Mutation	muse;mutect2;varscan2								0.0104166666666667	FALSE
SOS1	ENSG00000115904.14	1	1	0	0	0	813	Missense_Mutation	muse;mutect2;varscan2								0.0104166666666667	FALSE
SOS2	ENSG00000100485.12	1	1	0	0	0	1098	Missense_Mutation	muse;mutect2;varscan2								0.0104166666666667	FALSE
SOWAHA	ENSG00000198944.6	1	1	0	0	0	440	Missense_Mutation	muse;varscan2								0.0104166666666667	FALSE
SOWAHB	ENSG00000186212.4	1	1	0	0	0	684	Missense_Mutation	mutect2;varscan2								0.0104166666666667	FALSE
SOWAHD	ENSG00000187808.5	1	1	0	0	0	297	Missense_Mutation	muse;mutect2;varscan2								0.0104166666666667	FALSE
SOX1	ENSG00000182968.5	1	1	0	0	0	101	Missense_Mutation	muse;mutect2;varscan2								0.0104166666666667	FALSE
SOX11	ENSG00000176887.7	1	1	0	0	0	95	Missense_Mutation	muse;mutect2;varscan2								0.0104166666666667	FALSE
SOX14	ENSG00000168875.3	1	1	0	0	0	233	Missense_Mutation	muse;mutect2								0.0104166666666667	FALSE
SOX30	ENSG00000039600.11	1	1	0	0	0	339	Missense_Mutation	muse;mutect2;varscan2								0.0104166666666667	FALSE
SOX5	ENSG00000134532.19	1	1	0	0	0	132	Missense_Mutation	muse;mutect2;varscan2								0.0104166666666667	FALSE
SOX6	ENSG00000110693.18	1	1	0	0	0	445	Missense_Mutation	muse;mutect2;varscan2								0.0104166666666667	FALSE
SP3	ENSG00000172845.17	1	1	0	0	0	756	Missense_Mutation	muse;mutect2;varscan2								0.0104166666666667	FALSE
SPACA9	ENSG00000165698.16	1	1	1	1	0	164	Nonsense_Mutation	muse;mutect2;varscan2								0.0104166666666667	FALSE
SPAG1	ENSG00000104450.13	1	1	0	0	0	167	Missense_Mutation	muse;mutect2								0.0104166666666667	FALSE
SPAG5	ENSG00000076382.17	1	1	0	0	0	1134	Missense_Mutation	muse;mutect2;varscan2								0.0104166666666667	FALSE
SPAG6	ENSG00000077327.16	1	1	0	0	0	421	Missense_Mutation	muse;mutect2								0.0104166666666667	FALSE
SPANXB1	ENSG00000227234.2	1	1	1	1	0	79	Nonsense_Mutation	muse;varscan2								0.0104166666666667	FALSE
SPANXC	ENSG00000198573.7	1	1	1	1	0	98	Nonstop_Mutation	mutect2;varscan2								0.0104166666666667	FALSE
SPANXN1	ENSG00000203923.5	1	1	0	0	0	69	Missense_Mutation	muse;mutect2;varscan2								0.0104166666666667	FALSE
SPANXN3	ENSG00000189252.4	1	1	0	0	0	132	Missense_Mutation	muse;mutect2;varscan2								0.0104166666666667	FALSE
SPATA16	ENSG00000144962.7	1	1	1	1	0	71	Nonsense_Mutation	muse;mutect2;varscan2								0.0104166666666667	FALSE
SPATA18	ENSG00000163071.11	1	1	0	0	0	35	Missense_Mutation	muse;mutect2;varscan2								0.0104166666666667	FALSE
SPATA22	ENSG00000141255.13	1	1	1	1	0	181	Nonsense_Mutation	muse;mutect2								0.0104166666666667	FALSE
SPATA25	ENSG00000149634.4	1	1	0	0	0	182	Missense_Mutation	muse;mutect2;varscan2								0.0104166666666667	FALSE
SPATA2L	ENSG00000158792.16	1	1	1	1	0	215	Frame_Shift_Ins	mutect2;varscan2								0.0104166666666667	FALSE
SPATA31A3	ENSG00000275969.2	1	1	0	0	0	1167	Missense_Mutation	muse;mutect2;varscan2								0.0104166666666667	FALSE
SPATA31E1	ENSG00000177992.10	1	1	0	0	0	942	Missense_Mutation	muse;mutect2;varscan2								0.0104166666666667	FALSE
SPATA33	ENSG00000167523.14	1	1	0	0	0	114	Missense_Mutation	muse;mutect2;varscan2								0.0104166666666667	FALSE
SPATA46	ENSG00000171722.13	1	1	1	1	0	151	Nonsense_Mutation	muse;mutect2;varscan2								0.0104166666666667	FALSE
SPATA5	ENSG00000145375.9	1	1	0	0	0	180	Missense_Mutation	muse;mutect2;varscan2								0.0104166666666667	FALSE
SPATA6	ENSG00000132122.12	1	1	0	0	0	80	Missense_Mutation	muse;mutect2								0.0104166666666667	FALSE
SPATA7	ENSG00000042317.17	1	1	0	0	0	52	Missense_Mutation	muse;mutect2;varscan2								0.0104166666666667	FALSE
SPATA9	ENSG00000145757.16	1	1	0	0	0	38	Missense_Mutation	muse;mutect2								0.0104166666666667	FALSE
SPATC1	ENSG00000186583.12	1	1	0	0	0	150	Missense_Mutation	muse;mutect2								0.0104166666666667	FALSE
SPATS2L	ENSG00000196141.14	1	1	0	0	0	65	Missense_Mutation	muse;mutect2;varscan2								0.0104166666666667	FALSE
SPEG	ENSG00000072195.15	1	1	0	0	0	1140	Missense_Mutation	muse;mutect2;varscan2								0.0104166666666667	FALSE
SPHKAP	ENSG00000153820.13	1	1	0	0	0	369	Missense_Mutation	muse;mutect2;varscan2								0.0104166666666667	FALSE
SPICE1	ENSG00000163611.11	1	1	1	1	0	241	Nonsense_Mutation	muse;mutect2;varscan2								0.0104166666666667	FALSE
SPIN4	ENSG00000186767.7	1	1	0	0	0	46	Missense_Mutation	muse;mutect2;varscan2								0.0104166666666667	FALSE
SPIRE1	ENSG00000134278.15	1	1	0	0	0	353	Splice_Region	muse;mutect2;varscan2								0.0104166666666667	FALSE
SPIRE2	ENSG00000204991.11	1	1	0	0	0	395	Missense_Mutation	muse;mutect2;varscan2								0.0104166666666667	FALSE
SPON1	ENSG00000262655.4	1	1	1	1	0	399	Nonsense_Mutation	muse;mutect2;varscan2								0.0104166666666667	FALSE
SPOPL	ENSG00000144228.9	1	1	0	0	0	104	Missense_Mutation	muse;mutect2;varscan2								0.0104166666666667	FALSE
SPPL2B	ENSG00000005206.17	1	1	0	0	0	28	Missense_Mutation	muse;mutect2;varscan2								0.0104166666666667	FALSE
SPRTN	ENSG00000010072.16	1	1	0	0	0	460	Missense_Mutation	muse;mutect2;varscan2								0.0104166666666667	FALSE
SPRY4	ENSG00000187678.10	1	1	0	0	0	236	Missense_Mutation	muse;mutect2;varscan2								0.0104166666666667	FALSE
SPSB3	ENSG00000162032.16	1	1	0	0	0	203	Missense_Mutation	muse;mutect2;varscan2								0.0104166666666667	FALSE
SPTAN1	ENSG00000197694.18	1	1	1	1	0	1427	Frame_Shift_Del	mutect2;pindel;varscan2								0.0104166666666667	FALSE
SPTBN5	ENSG00000137877.10	1	1	0	0	0	2371	Missense_Mutation	muse;mutect2;varscan2								0.0104166666666667	FALSE
SPTLC2	ENSG00000100596.7	1	1	1	1	0	284	Splice_Site	muse;mutect2;varscan2								0.0104166666666667	FALSE
SPTY2D1	ENSG00000179119.15	1	1	0	0	0	78	Missense_Mutation	muse;mutect2								0.0104166666666667	FALSE
SQLE	ENSG00000104549.12	1	1	0	0	0	186	Missense_Mutation	muse;mutect2;varscan2								0.0104166666666667	FALSE
SRCIN1	ENSG00000277363.5	1	1	0	0	0	233	Missense_Mutation	muse;mutect2;varscan2								0.0104166666666667	FALSE
SREBF2	ENSG00000198911.12	1	1	1	1	0	547	Frame_Shift_Del	pindel;varscan2								0.0104166666666667	FALSE
SRGAP3	ENSG00000196220.16	1	1	0	0	0	300	Missense_Mutation	muse;mutect2;varscan2								0.0104166666666667	FALSE
SRP54	ENSG00000100883.13	1	1	0	0	0	163	Missense_Mutation	muse;mutect2;varscan2								0.0104166666666667	FALSE
SRP72	ENSG00000174780.17	1	1	1	1	0	9	Frame_Shift_Del	mutect2;varscan2								0.0104166666666667	FALSE
SRSF10	ENSG00000188529.15	1	1	1	1	0	263	Nonstop_Mutation	muse;mutect2;varscan2								0.0104166666666667	FALSE
SRSF12	ENSG00000154548.9	1	1	0	0	0	218	Missense_Mutation	muse;mutect2;varscan2								0.0104166666666667	FALSE
SRSF7	ENSG00000115875.19	1	1	0	0	0	218	Missense_Mutation	muse;mutect2;varscan2								0.0104166666666667	FALSE
SS18L1	ENSG00000184402.15	1	1	0	0	0	127	Missense_Mutation	muse;mutect2;varscan2								0.0104166666666667	FALSE
SSBP1	ENSG00000106028.11	1	1	0	0	0	68	Missense_Mutation	muse;mutect2;varscan2								0.0104166666666667	FALSE
SSBP4	ENSG00000130511.16	1	1	0	0	0	322	Missense_Mutation	muse;varscan2								0.0104166666666667	FALSE
SSC4D	ENSG00000146700.9	1	1	0	0	0	314	Missense_Mutation	muse;mutect2;varscan2								0.0104166666666667	FALSE
SSH2	ENSG00000141298.19	1	1	0	0	0	1347	Missense_Mutation	muse;mutect2;varscan2								0.0104166666666667	FALSE
SSH3	ENSG00000172830.13	1	1	0	0	0	264	Splice_Region	muse;mutect2;varscan2								0.0104166666666667	FALSE
SSPN	ENSG00000123096.12	1	1	1	1	0	144	Frame_Shift_Del	mutect2;pindel;varscan2								0.0104166666666667	FALSE
SSTR5	ENSG00000162009.8	1	1	0	0	0	91	In_Frame_Ins	mutect2;pindel;varscan2								0.0104166666666667	FALSE
SSX5	ENSG00000165583.15	1	1	0	0	0	85	Missense_Mutation	muse;mutect2;varscan2								0.0104166666666667	FALSE
ST14	ENSG00000149418.11	1	1	0	0	0	509	Missense_Mutation	muse;mutect2;varscan2								0.0104166666666667	FALSE
ST3GAL2	ENSG00000157350.13	1	1	0	0	0	151	Missense_Mutation	muse;mutect2								0.0104166666666667	FALSE
ST6GALNAC1	ENSG00000070526.15	1	1	0	0	0	44	Splice_Region	muse;mutect2								0.0104166666666667	FALSE
ST6GALNAC3	ENSG00000184005.11	1	1	0	0	0	275	Missense_Mutation	muse;mutect2;varscan2								0.0104166666666667	FALSE
ST6GALNAC5	ENSG00000117069.15	1	1	0	0	0	20	Missense_Mutation	muse;mutect2;varscan2								0.0104166666666667	FALSE
ST8SIA3	ENSG00000177511.6	1	1	0	0	0	94	Missense_Mutation	muse;mutect2;varscan2								0.0104166666666667	FALSE
ST8SIA4	ENSG00000113532.13	1	1	0	0	0	176	Missense_Mutation	muse;mutect2								0.0104166666666667	FALSE
STAB1	ENSG00000010327.10	1	1	1	1	0	1569	Nonsense_Mutation	muse;mutect2;varscan2								0.0104166666666667	FALSE
STAB2	ENSG00000136011.15	1	1	0	0	0	747	Missense_Mutation	muse;mutect2;varscan2								0.0104166666666667	FALSE
STAC	ENSG00000144681.10	1	1	0	0	0	252	Missense_Mutation	muse;mutect2;varscan2								0.0104166666666667	FALSE
STAC2	ENSG00000141750.7	1	1	0	0	0	20	Missense_Mutation	muse;varscan2								0.0104166666666667	FALSE
STAM	ENSG00000136738.15	1	1	0	0	0	220	Missense_Mutation	muse;mutect2;varscan2								0.0104166666666667	FALSE
STAMBP	ENSG00000124356.16	1	1	0	0	0	100	Missense_Mutation	muse;mutect2;varscan2								0.0104166666666667	FALSE
STARD10	ENSG00000214530.9	1	1	1	1	0	193	Splice_Site	muse;mutect2;varscan2								0.0104166666666667	FALSE
STARD13	ENSG00000133121.21	1	1	0	0	0	759	Missense_Mutation	muse;mutect2;varscan2								0.0104166666666667	FALSE
STARD3	ENSG00000131748.16	1	1	0	0	0	169	Missense_Mutation	muse;mutect2;varscan2								0.0104166666666667	FALSE
STARD3NL	ENSG00000010270.14	1	1	0	0	0	194	Missense_Mutation	muse;mutect2;varscan2								0.0104166666666667	FALSE
STARD5	ENSG00000172345.14	1	1	0	0	0	81	Missense_Mutation	muse;mutect2;varscan2								0.0104166666666667	FALSE
STAT1	ENSG00000115415.20	1	1	0	0	0	77	Missense_Mutation	muse;mutect2;varscan2								0.0104166666666667	FALSE
STAT2	ENSG00000170581.14	1	1	0	0	0	687	Missense_Mutation	muse;mutect2								0.0104166666666667	FALSE
STAT4	ENSG00000138378.19	1	1	0	0	0	687	Missense_Mutation	muse;mutect2;varscan2								0.0104166666666667	FALSE
STEAP4	ENSG00000127954.13	1	1	0	0	0	86	Missense_Mutation	muse;mutect2;varscan2								0.0104166666666667	FALSE
STIL	ENSG00000123473.16	1	1	0	0	0	455	Missense_Mutation	muse;mutect2;varscan2								0.0104166666666667	FALSE
STING1	ENSG00000184584.13	1	1	0	0	0	191	Missense_Mutation	muse;mutect2;varscan2								0.0104166666666667	FALSE
STK10	ENSG00000072786.13	1	1	0	0	0	32	Missense_Mutation	muse;mutect2;varscan2								0.0104166666666667	FALSE
STK17A	ENSG00000164543.7	1	1	0	0	0	180	Missense_Mutation	muse;mutect2;varscan2								0.0104166666666667	FALSE
STK17B	ENSG00000081320.11	1	1	0	0	0	116	Missense_Mutation	muse;mutect2;varscan2								0.0104166666666667	FALSE
STK35	ENSG00000125834.13	1	1	0	0	0	364	Missense_Mutation	muse;mutect2								0.0104166666666667	FALSE
STK36	ENSG00000163482.12	1	1	1	1	0	639	Nonsense_Mutation	muse;mutect2								0.0104166666666667	FALSE
STK4	ENSG00000101109.12	1	1	0	0	0	313	Missense_Mutation	muse;mutect2;varscan2								0.0104166666666667	FALSE
STKLD1	ENSG00000198870.8	1	1	0	0	0	246	Missense_Mutation	muse;mutect2;varscan2								0.0104166666666667	FALSE
STMN1	ENSG00000117632.23	1	1	0	0	0	110	Missense_Mutation	muse;mutect2;varscan2								0.0104166666666667	FALSE
STMN4	ENSG00000015592.16	1	1	0	0	0	166	Missense_Mutation	muse;mutect2;varscan2								0.0104166666666667	FALSE
STOML2	ENSG00000165283.16	1	1	0	0	0	238	Missense_Mutation	muse;mutect2;varscan2								0.0104166666666667	FALSE
STOML3	ENSG00000133115.12	1	1	1	1	0	66	Nonsense_Mutation	muse;mutect2;varscan2								0.0104166666666667	FALSE
STON1	ENSG00000243244.7	1	1	1	1	0	244	Nonsense_Mutation	muse;mutect2;varscan2								0.0104166666666667	FALSE
STPG1	ENSG00000001460.18	1	1	0	0	0	79	Missense_Mutation	muse;mutect2;varscan2								0.0104166666666667	FALSE
STRADA	ENSG00000266173.7	1	1	0	0	0	425	Missense_Mutation	muse;mutect2;varscan2								0.0104166666666667	FALSE
STRAP	ENSG00000023734.11	1	1	0	0	0	114	Missense_Mutation	muse;mutect2;varscan2								0.0104166666666667	FALSE
STT3B	ENSG00000163527.10	1	1	0	0	0	823	Missense_Mutation	muse;mutect2;varscan2								0.0104166666666667	FALSE
STX10	ENSG00000104915.15	1	1	0	0	0	203	Missense_Mutation	muse;mutect2;varscan2								0.0104166666666667	FALSE
STX17	ENSG00000136874.11	1	1	0	0	0	125	Missense_Mutation	muse;mutect2;varscan2								0.0104166666666667	FALSE
STX1B	ENSG00000099365.11	1	1	0	0	0	202	Missense_Mutation	muse;mutect2;varscan2								0.0104166666666667	FALSE
STX6	ENSG00000135823.14	1	1	0	0	0	227	Missense_Mutation	muse;mutect2								0.0104166666666667	FALSE
STX7	ENSG00000079950.14	1	1	0	0	0	220	Missense_Mutation	muse;mutect2								0.0104166666666667	FALSE
STXBP3	ENSG00000116266.11	1	1	0	0	0	580	Missense_Mutation	muse;mutect2								0.0104166666666667	FALSE
STXBP6	ENSG00000168952.15	1	1	0	0	0	107	Missense_Mutation	muse;mutect2;varscan2								0.0104166666666667	FALSE
STYXL1	ENSG00000127952.17	1	1	1	1	0	16	Frame_Shift_Ins	mutect2;pindel;varscan2								0.0104166666666667	FALSE
SUCNR1	ENSG00000198829.6	1	1	0	0	0	52	Missense_Mutation	muse;mutect2;varscan2								0.0104166666666667	FALSE
SUGP2	ENSG00000064607.17	1	1	0	0	0	676	Missense_Mutation	muse;mutect2								0.0104166666666667	FALSE
SULF1	ENSG00000137573.14	1	1	0	0	0	758	Missense_Mutation	muse;mutect2;varscan2								0.0104166666666667	FALSE
SULT1A1	ENSG00000196502.12	1	1	0	0	0	271	Missense_Mutation	muse;mutect2;varscan2								0.0104166666666667	FALSE
SUMF2	ENSG00000129103.19	1	1	0	0	0	218	Missense_Mutation	muse;mutect2;varscan2								0.0104166666666667	FALSE
SUMO4	ENSG00000177688.7	1	1	0	0	0	11	Missense_Mutation	muse;mutect2;varscan2								0.0104166666666667	FALSE
SUN1	ENSG00000164828.18	1	1	0	0	0	226	Missense_Mutation	mutect2;varscan2								0.0104166666666667	FALSE
SUN2	ENSG00000100242.15	1	1	1	1	0	356	Frame_Shift_Ins	mutect2;pindel;varscan2								0.0104166666666667	FALSE
SUN5	ENSG00000167098.12	1	1	0	0	0	366	Missense_Mutation	muse;mutect2								0.0104166666666667	FALSE
SUPT16H	ENSG00000092201.10	1	1	0	0	0	76	Missense_Mutation	muse;mutect2;varscan2								0.0104166666666667	FALSE
SUPT5H	ENSG00000196235.14	1	1	0	0	0	378	Missense_Mutation	muse;mutect2;varscan2								0.0104166666666667	FALSE
SUSD1	ENSG00000106868.17	1	1	0	0	0	633	Missense_Mutation	muse;mutect2;varscan2								0.0104166666666667	FALSE
SUSD2	ENSG00000099994.11	1	1	0	0	0	662	Missense_Mutation	muse;mutect2;varscan2								0.0104166666666667	FALSE
SVIL	ENSG00000197321.15	1	1	0	0	0	165	Missense_Mutation	muse;mutect2;varscan2								0.0104166666666667	FALSE
SWT1	ENSG00000116668.13	1	1	0	0	0	302	Missense_Mutation	muse;mutect2;varscan2								0.0104166666666667	FALSE
SYCE1	ENSG00000171772.17	1	1	0	0	0	112	Missense_Mutation	muse;mutect2								0.0104166666666667	FALSE
SYCP1	ENSG00000198765.12	1	1	1	1	0	974	Nonsense_Mutation	muse;mutect2;varscan2								0.0104166666666667	FALSE
SYCP2L	ENSG00000153157.13	1	1	1	1	0	530	Nonsense_Mutation	muse;mutect2;varscan2								0.0104166666666667	FALSE
SYCP3	ENSG00000139351.15	1	1	1	1	0	215	Frame_Shift_Del	mutect2;varscan2								0.0104166666666667	FALSE
SYDE1	ENSG00000105137.13	1	1	0	0	0	443	Missense_Mutation	muse;mutect2;varscan2								0.0104166666666667	FALSE
SYMPK	ENSG00000125755.19	1	1	0	0	0	581	Missense_Mutation	muse;mutect2;varscan2								0.0104166666666667	FALSE
SYNCRIP	ENSG00000135316.19	1	1	0	0	0	473	Missense_Mutation	muse;mutect2;varscan2								0.0104166666666667	FALSE
SYNDIG1	ENSG00000101463.6	1	1	0	0	0	158	Missense_Mutation	muse;mutect2								0.0104166666666667	FALSE
SYNDIG1L	ENSG00000183379.9	1	1	0	0	0	111	Missense_Mutation	muse;mutect2;varscan2								0.0104166666666667	FALSE
SYNJ2	ENSG00000078269.15	1	1	1	1	0	1323	Frame_Shift_Ins	mutect2;varscan2								0.0104166666666667	FALSE
SYNM	ENSG00000182253.15	1	1	0	0	0	937	Missense_Mutation	muse;mutect2;varscan2								0.0104166666666667	FALSE
SYNPO2	ENSG00000172403.11	1	1	1	1	0	1085	Splice_Site	muse;mutect2;varscan2								0.0104166666666667	FALSE
SYT10	ENSG00000110975.8	1	1	0	0	0	94	Missense_Mutation	muse;mutect2								0.0104166666666667	FALSE
SYT12	ENSG00000173227.14	1	1	0	0	0	381	Missense_Mutation	muse;mutect2								0.0104166666666667	FALSE
SYT14	ENSG00000143469.20	1	1	0	0	0	475	Missense_Mutation	muse;mutect2;varscan2								0.0104166666666667	FALSE
SYT3	ENSG00000213023.11	1	1	0	0	0	312	Missense_Mutation	muse;mutect2;varscan2								0.0104166666666667	FALSE
SYT4	ENSG00000132872.12	1	1	1	1	0	405	Nonsense_Mutation	muse;mutect2;varscan2								0.0104166666666667	FALSE
SYTL4	ENSG00000102362.15	1	1	1	1	0	146	Splice_Site	muse;mutect2								0.0104166666666667	FALSE
TAAR5	ENSG00000135569.4	1	1	0	0	0	200	Missense_Mutation	muse;mutect2;varscan2								0.0104166666666667	FALSE
TAAR8	ENSG00000146385.1	1	1	1	1	0	94	Nonsense_Mutation	muse;mutect2;varscan2								0.0104166666666667	FALSE
TAB1	ENSG00000100324.14	1	1	0	0	0	242	Missense_Mutation	muse;mutect2;varscan2								0.0104166666666667	FALSE
TACC1	ENSG00000147526.20	1	1	0	0	0	345	Missense_Mutation	muse;mutect2;varscan2								0.0104166666666667	FALSE
TACC3	ENSG00000013810.20	1	1	0	0	0	522	Missense_Mutation	muse;mutect2;varscan2								0.0104166666666667	FALSE
TACO1	ENSG00000136463.8	1	1	0	0	0	139	Missense_Mutation	muse;mutect2;varscan2								0.0104166666666667	FALSE
TADA1	ENSG00000152382.6	1	1	1	1	0	124	Nonsense_Mutation	muse;mutect2;varscan2								0.0104166666666667	FALSE
TADA2B	ENSG00000173011.12	1	1	0	0	0	189	Missense_Mutation	muse;varscan2								0.0104166666666667	FALSE
TAF1A	ENSG00000143498.18	1	1	0	0	0	115	Missense_Mutation	muse;mutect2;varscan2								0.0104166666666667	FALSE
TAF1D	ENSG00000166012.17	1	1	1	1	0	231	Splice_Site	muse;mutect2								0.0104166666666667	FALSE
TAF2	ENSG00000064313.12	1	1	0	0	0	655	Missense_Mutation	muse;mutect2;varscan2								0.0104166666666667	FALSE
TAF3	ENSG00000165632.8	1	1	0	0	0	769	Missense_Mutation	muse;mutect2;varscan2								0.0104166666666667	FALSE
TAF4	ENSG00000130699.18	1	1	0	0	0	441	Missense_Mutation	muse;mutect2;varscan2								0.0104166666666667	FALSE
TAF6L	ENSG00000162227.8	1	1	0	0	0	200	Missense_Mutation	muse;mutect2;varscan2								0.0104166666666667	FALSE
TAF7	ENSG00000178913.8	1	1	0	0	0	234	Missense_Mutation	muse;mutect2;varscan2								0.0104166666666667	FALSE
TAF7L	ENSG00000102387.16	1	1	0	0	0	318	Missense_Mutation	muse;mutect2;varscan2								0.0104166666666667	FALSE
TAFA2	ENSG00000198673.10	1	1	1	1	0	101	Frame_Shift_Del	mutect2;pindel;varscan2								0.0104166666666667	FALSE
TAFA4	ENSG00000163377.16	1	1	0	0	0	51	Missense_Mutation	muse;mutect2;varscan2								0.0104166666666667	FALSE
TAGAP	ENSG00000164691.18	1	1	0	0	0	467	Missense_Mutation	muse;mutect2;varscan2								0.0104166666666667	FALSE
TANC1	ENSG00000115183.15	1	1	1	1	0	1744	Frame_Shift_Ins	mutect2;pindel								0.0104166666666667	FALSE
TANK	ENSG00000136560.14	1	1	0	0	0	7	Missense_Mutation	muse;mutect2;varscan2								0.0104166666666667	FALSE
TAPBP	ENSG00000231925.12	1	1	0	0	0	350	Missense_Mutation	muse;mutect2;varscan2								0.0104166666666667	FALSE
TARBP1	ENSG00000059588.10	1	1	0	0	0	1367	Missense_Mutation	muse;mutect2								0.0104166666666667	FALSE
TARS3	ENSG00000185418.16	1	1	0	0	0	579	Missense_Mutation	muse;mutect2								0.0104166666666667	FALSE
TAS1R3	ENSG00000169962.5	1	1	0	0	0	453	Missense_Mutation	muse;mutect2;varscan2								0.0104166666666667	FALSE
TAS2R4	ENSG00000127364.4	1	1	0	0	0	44	Missense_Mutation	mutect2;varscan2								0.0104166666666667	FALSE
TAS2R46	ENSG00000226761.3	1	1	0	0	0	172	Missense_Mutation	muse;mutect2;varscan2								0.0104166666666667	FALSE
TAS2R50	ENSG00000212126.3	1	1	0	0	0	256	Missense_Mutation	muse;mutect2;varscan2								0.0104166666666667	FALSE
TASOR2	ENSG00000108021.20	1	1	0	0	0	1894	Missense_Mutation	muse;mutect2;varscan2								0.0104166666666667	FALSE
TATDN2	ENSG00000157014.11	1	1	0	0	0	383	Missense_Mutation	muse;mutect2;varscan2								0.0104166666666667	FALSE
TBC1D10B	ENSG00000169221.14	1	1	0	0	0	307	Missense_Mutation	muse;mutect2;varscan2								0.0104166666666667	FALSE
TBC1D14	ENSG00000132405.19	1	1	0	0	0	477	Missense_Mutation	muse;mutect2;varscan2								0.0104166666666667	FALSE
TBC1D16	ENSG00000167291.16	1	1	0	0	0	637	Missense_Mutation	muse;varscan2								0.0104166666666667	FALSE
TBC1D19	ENSG00000109680.11	1	1	1	1	0	423	Nonsense_Mutation	muse;mutect2;varscan2								0.0104166666666667	FALSE
TBC1D25	ENSG00000068354.16	1	1	0	0	0	212	Missense_Mutation	muse;mutect2;varscan2								0.0104166666666667	FALSE
TBC1D4	ENSG00000136111.14	1	1	1	1	0	44	Frame_Shift_Del	mutect2;pindel;varscan2								0.0104166666666667	FALSE
TBC1D5	ENSG00000131374.14	1	1	0	0	0	33	Missense_Mutation	muse;mutect2;varscan2								0.0104166666666667	FALSE
TBC1D9B	ENSG00000197226.13	1	1	0	0	0	427	Missense_Mutation	muse;mutect2;varscan2								0.0104166666666667	FALSE
TBCEL	ENSG00000154114.12	1	1	0	0	0	282	Missense_Mutation	muse;mutect2;varscan2								0.0104166666666667	FALSE
TBL1XR1	ENSG00000177565.18	1	1	0	0	0	369	Missense_Mutation	muse;mutect2;varscan2								0.0104166666666667	FALSE
TBL3	ENSG00000183751.15	1	1	0	0	0	325	Missense_Mutation	mutect2;varscan2								0.0104166666666667	FALSE
TBRG4	ENSG00000136270.14	1	1	0	0	0	311	In_Frame_Del	mutect2;pindel;varscan2								0.0104166666666667	FALSE
TBX10	ENSG00000167800.9	1	1	0	0	0	362	Missense_Mutation	muse;mutect2								0.0104166666666667	FALSE
TBX15	ENSG00000092607.15	1	1	0	0	0	225	Missense_Mutation	muse;mutect2;varscan2								0.0104166666666667	FALSE
TBX4	ENSG00000121075.11	1	1	0	0	0	454	Missense_Mutation	muse;mutect2;varscan2								0.0104166666666667	FALSE
TBXT	ENSG00000164458.10	1	1	1	1	0	223	Splice_Site	muse;mutect2								0.0104166666666667	FALSE
TCF25	ENSG00000141002.20	1	1	0	0	0	557	Missense_Mutation	muse;mutect2;varscan2								0.0104166666666667	FALSE
TCF3	ENSG00000071564.17	1	1	0	0	0	51	Missense_Mutation	muse;mutect2;varscan2								0.0104166666666667	FALSE
TCF7	ENSG00000081059.20	1	1	0	0	0	306	In_Frame_Ins	mutect2;varscan2								0.0104166666666667	FALSE
TCHHL1	ENSG00000182898.4	1	1	0	0	0	452	Missense_Mutation	muse;mutect2;varscan2								0.0104166666666667	FALSE
TCHP	ENSG00000139437.18	1	1	0	0	0	444	Missense_Mutation	muse;mutect2;varscan2								0.0104166666666667	FALSE
TCP1	ENSG00000120438.12	1	1	0	0	0	137	Missense_Mutation	muse;mutect2;varscan2								0.0104166666666667	FALSE
TCTEX1D2	ENSG00000213123.11	1	1	0	0	0	29	Missense_Mutation	muse;mutect2;varscan2								0.0104166666666667	FALSE
TDP1	ENSG00000042088.14	1	1	0	0	0	607	Missense_Mutation	muse;mutect2;varscan2								0.0104166666666667	FALSE
TDRD5	ENSG00000162782.16	1	1	0	0	0	896	Missense_Mutation	muse;mutect2;varscan2								0.0104166666666667	FALSE
TDRD9	ENSG00000156414.19	1	1	0	0	0	848	Missense_Mutation	muse;mutect2								0.0104166666666667	FALSE
TEAD4	ENSG00000197905.10	1	1	0	0	0	42	Missense_Mutation	muse;mutect2;varscan2								0.0104166666666667	FALSE
TECPR2	ENSG00000196663.16	1	1	0	0	0	1298	Missense_Mutation	muse;mutect2;varscan2								0.0104166666666667	FALSE
TECRL	ENSG00000205678.8	1	1	0	0	0	324	Missense_Mutation	muse;mutect2;varscan2								0.0104166666666667	FALSE
TECTB	ENSG00000119913.6	1	1	0	0	0	321	Missense_Mutation	muse;mutect2;varscan2								0.0104166666666667	FALSE
TEK	ENSG00000120156.22	1	1	0	0	0	89	Missense_Mutation	muse;mutect2;varscan2								0.0104166666666667	FALSE
TEKT2	ENSG00000092850.12	1	1	0	0	0	203	Missense_Mutation	muse;mutect2;varscan2								0.0104166666666667	FALSE
TENM1	ENSG00000009694.13	1	1	0	0	0	871	Missense_Mutation	muse;mutect2;varscan2								0.0104166666666667	FALSE
TENT2	ENSG00000164329.13	1	1	0	0	0	258	Missense_Mutation	muse;mutect2;varscan2								0.0104166666666667	FALSE
TENT4B	ENSG00000121274.14	1	1	0	0	0	633	Missense_Mutation	muse;mutect2;varscan2								0.0104166666666667	FALSE
TEPSIN	ENSG00000167302.11	1	1	0	0	0	245	Missense_Mutation	muse;mutect2;varscan2								0.0104166666666667	FALSE
TERF2IP	ENSG00000166848.7	1	1	0	0	0	357	Missense_Mutation	muse;mutect2;varscan2								0.0104166666666667	FALSE
TERT	ENSG00000164362.21	1	1	0	0	0	696	Missense_Mutation	muse;mutect2;varscan2								0.0104166666666667	FALSE
TESK1	ENSG00000107140.16	1	1	0	0	0	465	Missense_Mutation	muse;mutect2;varscan2								0.0104166666666667	FALSE
TESPA1	ENSG00000135426.16	1	1	0	0	0	95	Missense_Mutation	muse;mutect2								0.0104166666666667	FALSE
TEX101	ENSG00000131126.19	1	1	0	0	0	57	Missense_Mutation	muse;mutect2								0.0104166666666667	FALSE
TEX15	ENSG00000133863.9	1	1	0	0	0	1692	Missense_Mutation	muse;mutect2;varscan2								0.0104166666666667	FALSE
TEX2	ENSG00000136478.8	1	1	0	0	0	320	Missense_Mutation	muse;mutect2								0.0104166666666667	FALSE
TEX9	ENSG00000151575.14	1	1	1	1	0	367	Splice_Site	muse;varscan2								0.0104166666666667	FALSE
TF	ENSG00000091513.16	1	1	0	0	0	352	Missense_Mutation	muse;mutect2;varscan2								0.0104166666666667	FALSE
TFAP2B	ENSG00000008196.13	1	1	0	0	0	254	Missense_Mutation	muse;mutect2;varscan2								0.0104166666666667	FALSE
TFAP2D	ENSG00000008197.5	1	1	0	0	0	217	Missense_Mutation	muse;mutect2								0.0104166666666667	FALSE
TFCP2	ENSG00000135457.10	1	1	0	0	0	312	Missense_Mutation	muse;mutect2								0.0104166666666667	FALSE
TFF3	ENSG00000160180.15	1	1	0	0	0	9	Missense_Mutation	muse;mutect2;varscan2								0.0104166666666667	FALSE
TFIP11	ENSG00000100109.17	1	1	0	0	0	49	Missense_Mutation	muse;mutect2;varscan2								0.0104166666666667	FALSE
TFPI	ENSG00000003436.16	1	1	0	0	0	195	Missense_Mutation	muse;mutect2;varscan2								0.0104166666666667	FALSE
TFPI2	ENSG00000105825.14	1	1	0	0	0	12	Missense_Mutation	muse;mutect2;varscan2								0.0104166666666667	FALSE
TFPT	ENSG00000105619.13	1	1	0	0	0	45	Missense_Mutation	muse;mutect2;varscan2								0.0104166666666667	FALSE
TFRC	ENSG00000072274.13	1	1	0	0	0	719	Missense_Mutation	muse;mutect2								0.0104166666666667	FALSE
TGDS	ENSG00000088451.11	1	1	1	1	0	288	Frame_Shift_Ins	mutect2;pindel;varscan2								0.0104166666666667	FALSE
TGFB3	ENSG00000119699.8	1	1	0	0	0	47	Missense_Mutation	muse;mutect2;varscan2								0.0104166666666667	FALSE
TGFBR1	ENSG00000106799.13	1	1	0	0	0	374	Missense_Mutation	muse;mutect2;varscan2								0.0104166666666667	FALSE
TGFBR3	ENSG00000069702.11	1	1	0	0	0	106	Missense_Mutation	mutect2;varscan2								0.0104166666666667	FALSE
TGM5	ENSG00000104055.16	1	1	0	0	0	692	Missense_Mutation	muse;mutect2;varscan2								0.0104166666666667	FALSE
TGS1	ENSG00000137574.11	1	1	0	0	0	36	Missense_Mutation	muse;mutect2;varscan2								0.0104166666666667	FALSE
THADA	ENSG00000115970.18	1	1	0	0	0	81	Missense_Mutation	muse;mutect2;varscan2								0.0104166666666667	FALSE
THAP3	ENSG00000041988.15	1	1	0	0	0	223	Missense_Mutation	muse;mutect2								0.0104166666666667	FALSE
THAP4	ENSG00000176946.12	1	1	1	1	0	94	Frame_Shift_Ins	mutect2;pindel;varscan2								0.0104166666666667	FALSE
THNSL2	ENSG00000144115.17	1	1	0	0	0	190	Splice_Region	muse;mutect2;varscan2								0.0104166666666667	FALSE
THOC2	ENSG00000125676.20	1	1	0	0	0	415	Missense_Mutation	muse;mutect2;varscan2								0.0104166666666667	FALSE
THSD1	ENSG00000136114.17	1	1	0	0	0	821	Missense_Mutation	muse;mutect2								0.0104166666666667	FALSE
TIA1	ENSG00000116001.17	1	1	0	0	0	263	Missense_Mutation	muse;mutect2;varscan2								0.0104166666666667	FALSE
TIE1	ENSG00000066056.14	1	1	0	0	0	595	Missense_Mutation	muse;mutect2								0.0104166666666667	FALSE
TIGD4	ENSG00000169989.3	1	1	1	1	0	376	Frame_Shift_Ins	mutect2;pindel;varscan2								0.0104166666666667	FALSE
TIGD5	ENSG00000179886.6	1	1	0	0	0	78	Missense_Mutation	muse;mutect2								0.0104166666666667	FALSE
TIGD6	ENSG00000164296.7	1	1	1	1	0	242	Frame_Shift_Del	pindel;varscan2								0.0104166666666667	FALSE
TIGD7	ENSG00000140993.11	1	1	0	0	0	102	Missense_Mutation	muse;mutect2;varscan2								0.0104166666666667	FALSE
TIMM23	ENSG00000265354.4	1	1	0	0	0	100	Missense_Mutation	muse;mutect2								0.0104166666666667	FALSE
TIMM44	ENSG00000104980.8	1	1	1	1	0	124	Nonsense_Mutation	muse;mutect2;varscan2								0.0104166666666667	FALSE
TIMP3	ENSG00000100234.12	1	1	1	1	0	201	Frame_Shift_Del	pindel;varscan2								0.0104166666666667	FALSE
TINAG	ENSG00000137251.16	1	1	0	0	0	290	Missense_Mutation	muse;mutect2;varscan2								0.0104166666666667	FALSE
TINAGL1	ENSG00000142910.16	1	1	1	1	0	428	Frame_Shift_Del	mutect2;pindel;varscan2								0.0104166666666667	FALSE
TINF2	ENSG00000092330.18	1	1	1	1	0	406	Frame_Shift_Ins	mutect2;pindel;varscan2								0.0104166666666667	FALSE
TIPRL	ENSG00000143155.13	1	1	0	0	0	117	Missense_Mutation	muse;mutect2								0.0104166666666667	FALSE
TJAP1	ENSG00000137221.14	1	1	0	0	0	62	Missense_Mutation	muse;mutect2;varscan2								0.0104166666666667	FALSE
TLCD1	ENSG00000160606.11	1	1	0	0	0	151	Missense_Mutation	muse;mutect2;varscan2								0.0104166666666667	FALSE
TLE1	ENSG00000196781.16	1	1	0	0	0	79	Splice_Region	muse;mutect2;varscan2								0.0104166666666667	FALSE
TLE3	ENSG00000140332.17	1	1	1	1	0	490	Frame_Shift_Ins	mutect2;varscan2								0.0104166666666667	FALSE
TLE6	ENSG00000104953.20	1	1	0	0	0	184	Missense_Mutation	muse;mutect2;varscan2								0.0104166666666667	FALSE
TLL2	ENSG00000095587.9	1	1	0	0	0	793	Missense_Mutation	muse;mutect2;varscan2								0.0104166666666667	FALSE
TLR1	ENSG00000174125.8	1	1	0	0	0	532	Missense_Mutation	muse;mutect2;varscan2								0.0104166666666667	FALSE
TLR7	ENSG00000196664.5	1	1	1	1	0	600	Nonsense_Mutation	muse;mutect2;varscan2								0.0104166666666667	FALSE
TLR8	ENSG00000101916.12	1	1	0	0	0	377	Missense_Mutation	muse;mutect2;varscan2								0.0104166666666667	FALSE
TM7SF3	ENSG00000064115.11	1	1	0	0	0	333	Missense_Mutation	muse;mutect2;varscan2								0.0104166666666667	FALSE
TMA7	ENSG00000232112.3	1	1	0	0	0	52	Missense_Mutation	muse;mutect2;varscan2								0.0104166666666667	FALSE
TMBIM4	ENSG00000155957.18	1	1	0	0	0	83	Missense_Mutation	muse;mutect2;varscan2								0.0104166666666667	FALSE
TMC1	ENSG00000165091.18	1	1	0	0	0	352	Missense_Mutation	muse;mutect2;varscan2								0.0104166666666667	FALSE
TMC2	ENSG00000149488.13	1	1	0	0	0	683	Missense_Mutation	muse;mutect2;varscan2								0.0104166666666667	FALSE
TMC6	ENSG00000141524.17	1	1	0	0	0	776	Missense_Mutation	muse;mutect2;varscan2								0.0104166666666667	FALSE
TMCC1	ENSG00000172765.17	1	1	0	0	0	49	Missense_Mutation	muse;mutect2;varscan2								0.0104166666666667	FALSE
TMCO4	ENSG00000162542.13	1	1	0	0	0	372	Missense_Mutation	muse;mutect2;varscan2								0.0104166666666667	FALSE
TMCO6	ENSG00000113119.13	1	1	0	0	0	186	Missense_Mutation	muse;mutect2;varscan2								0.0104166666666667	FALSE
TMED10	ENSG00000170348.9	1	1	0	0	0	193	Missense_Mutation	muse;varscan2								0.0104166666666667	FALSE
TMED3	ENSG00000166557.14	1	1	0	0	0	169	Missense_Mutation	muse;mutect2;varscan2								0.0104166666666667	FALSE
TMED9	ENSG00000184840.12	1	1	0	0	0	210	Missense_Mutation	muse;mutect2;varscan2								0.0104166666666667	FALSE
TMEM101	ENSG00000091947.10	1	1	1	1	0	7	Nonsense_Mutation	muse;mutect2;varscan2								0.0104166666666667	FALSE
TMEM106B	ENSG00000106460.19	1	1	0	0	0	113	Missense_Mutation	muse;mutect2								0.0104166666666667	FALSE
TMEM11	ENSG00000178307.10	1	1	0	0	0	66	Missense_Mutation	muse;mutect2;varscan2								0.0104166666666667	FALSE
TMEM127	ENSG00000135956.9	1	1	0	0	0	205	Missense_Mutation	muse;mutect2								0.0104166666666667	FALSE
TMEM129	ENSG00000168936.11	1	1	1	1	0	130	Frame_Shift_Ins	mutect2;pindel;varscan2								0.0104166666666667	FALSE
TMEM132B	ENSG00000139364.10	1	1	0	0	0	742	Missense_Mutation	muse;mutect2;varscan2								0.0104166666666667	FALSE
TMEM132E	ENSG00000181291.8	1	1	0	0	0	138	Missense_Mutation	muse;mutect2;varscan2								0.0104166666666667	FALSE
TMEM134	ENSG00000172663.9	1	1	0	0	0	106	In_Frame_Del	pindel;varscan2								0.0104166666666667	FALSE
TMEM135	ENSG00000166575.17	1	1	0	0	0	400	Missense_Mutation	muse;mutect2								0.0104166666666667	FALSE
TMEM145	ENSG00000167619.13	1	1	0	0	0	296	Missense_Mutation	muse;mutect2								0.0104166666666667	FALSE
TMEM150A	ENSG00000168890.14	1	1	0	0	0	104	Missense_Mutation	muse;mutect2								0.0104166666666667	FALSE
TMEM154	ENSG00000170006.12	1	1	0	0	0	150	Missense_Mutation	muse;mutect2;varscan2								0.0104166666666667	FALSE
TMEM155	ENSG00000164112.13	1	1	0	0	0	86	Missense_Mutation	muse;mutect2;varscan2								0.0104166666666667	FALSE
TMEM159	ENSG00000011638.11	1	1	0	0	0	84	Missense_Mutation	muse;mutect2;varscan2								0.0104166666666667	FALSE
TMEM161A	ENSG00000064545.15	1	1	0	0	0	67	Missense_Mutation	muse;mutect2;varscan2								0.0104166666666667	FALSE
TMEM181	ENSG00000146433.9	1	1	0	0	0	128	Missense_Mutation	mutect2;varscan2								0.0104166666666667	FALSE
TMEM190	ENSG00000160472.5	1	1	0	0	0	133	Missense_Mutation	muse;mutect2;varscan2								0.0104166666666667	FALSE
TMEM199	ENSG00000244045.13	1	1	0	0	0	85	Missense_Mutation	mutect2;varscan2								0.0104166666666667	FALSE
TMEM200A	ENSG00000164484.12	1	1	0	0	0	484	Missense_Mutation	muse;mutect2;varscan2								0.0104166666666667	FALSE
TMEM209	ENSG00000146842.17	1	1	0	0	0	215	Missense_Mutation	muse;mutect2;varscan2								0.0104166666666667	FALSE
TMEM245	ENSG00000106771.13	1	1	0	0	0	423	Missense_Mutation	muse;mutect2;varscan2								0.0104166666666667	FALSE
TMEM26	ENSG00000196932.12	1	1	0	0	0	139	Missense_Mutation	muse;mutect2;varscan2								0.0104166666666667	FALSE
TMEM266	ENSG00000169758.13	1	1	0	0	0	496	Missense_Mutation	muse;mutect2;varscan2								0.0104166666666667	FALSE
TMEM39A	ENSG00000176142.13	1	1	0	0	0	255	Missense_Mutation	muse;mutect2;varscan2								0.0104166666666667	FALSE
TMEM41B	ENSG00000166471.11	1	1	0	0	0	291	Missense_Mutation	muse;mutect2								0.0104166666666667	FALSE
TMEM47	ENSG00000147027.4	1	1	0	0	0	167	Missense_Mutation	muse;mutect2;varscan2								0.0104166666666667	FALSE
TMEM53	ENSG00000126106.14	1	1	0	0	0	243	Missense_Mutation	muse;mutect2;varscan2								0.0104166666666667	FALSE
TMEM70	ENSG00000175606.11	1	1	0	0	0	204	Missense_Mutation	muse;mutect2;varscan2								0.0104166666666667	FALSE
TMEM94	ENSG00000177728.17	1	1	0	0	0	1212	Splice_Region	muse;mutect2;varscan2								0.0104166666666667	FALSE
TMEM97	ENSG00000109084.14	1	1	0	0	0	83	Missense_Mutation	muse;mutect2;varscan2								0.0104166666666667	FALSE
TMIGD1	ENSG00000182271.13	1	1	0	0	0	114	Missense_Mutation	muse;mutect2;varscan2								0.0104166666666667	FALSE
TMPRSS4	ENSG00000137648.19	1	1	0	0	0	64	Missense_Mutation	muse;mutect2;varscan2								0.0104166666666667	FALSE
TMPRSS7	ENSG00000176040.13	1	1	0	0	0	819	Missense_Mutation	muse;mutect2								0.0104166666666667	FALSE
TMTC4	ENSG00000125247.16	1	1	0	0	0	597	Missense_Mutation	muse;mutect2;varscan2								0.0104166666666667	FALSE
TMX3	ENSG00000166479.10	1	1	0	0	0	18	In_Frame_Del	pindel;varscan2								0.0104166666666667	FALSE
TNC	ENSG00000041982.16	1	1	0	0	0	1292	Missense_Mutation	muse;mutect2;varscan2								0.0104166666666667	FALSE
TNFRSF25	ENSG00000215788.11	1	1	0	0	0	352	Missense_Mutation	mutect2;varscan2								0.0104166666666667	FALSE
TNFSF10	ENSG00000121858.11	1	1	1	1	0	37	Nonsense_Mutation	muse;mutect2								0.0104166666666667	FALSE
TNFSF13B	ENSG00000102524.11	1	1	0	0	0	44	Missense_Mutation	muse;mutect2;varscan2								0.0104166666666667	FALSE
TNFSF9	ENSG00000125657.5	1	1	0	0	0	181	Missense_Mutation	muse;mutect2;varscan2								0.0104166666666667	FALSE
TNIK	ENSG00000154310.17	1	1	1	1	0	549	Frame_Shift_Del	mutect2;varscan2								0.0104166666666667	FALSE
TNIP1	ENSG00000145901.16	1	1	0	0	0	634	Missense_Mutation	muse;mutect2;varscan2								0.0104166666666667	FALSE
TNK2	ENSG00000061938.20	1	1	1	1	0	1	Translation_Start_Site	muse;mutect2;varscan2								0.0104166666666667	FALSE
TNKS1BP1	ENSG00000149115.14	1	1	0	0	0	98	Missense_Mutation	muse;mutect2;varscan2								0.0104166666666667	FALSE
TNNI3	ENSG00000129991.13	1	1	0	0	0	21	Missense_Mutation	muse;mutect2;varscan2								0.0104166666666667	FALSE
TNNI3K	ENSG00000116783.15	1	1	0	0	0	758	Missense_Mutation	muse;mutect2								0.0104166666666667	FALSE
TNNT2	ENSG00000118194.20	1	1	0	0	0	57	Missense_Mutation	muse;mutect2;varscan2								0.0104166666666667	FALSE
TNRC18	ENSG00000182095.14	1	1	0	0	0	2882	Missense_Mutation	muse;mutect2;varscan2								0.0104166666666667	FALSE
TNRC6A	ENSG00000090905.19	1	1	0	0	0	1479	Missense_Mutation	muse;mutect2;varscan2								0.0104166666666667	FALSE
TNRC6C	ENSG00000078687.17	1	1	0	0	0	1610	Missense_Mutation	muse;varscan2								0.0104166666666667	FALSE
TNS2	ENSG00000111077.18	1	1	0	0	0	686	Missense_Mutation	muse;mutect2;varscan2								0.0104166666666667	FALSE
TNS4	ENSG00000131746.13	1	1	0	0	0	49	Missense_Mutation	muse;mutect2;varscan2								0.0104166666666667	FALSE
TOB1	ENSG00000141232.5	1	1	0	0	0	33	Missense_Mutation	muse;mutect2;varscan2								0.0104166666666667	FALSE
TOB2	ENSG00000183864.5	1	1	0	0	0	147	Missense_Mutation	muse;mutect2;varscan2								0.0104166666666667	FALSE
TOE1	ENSG00000132773.12	1	1	0	0	0	483	Missense_Mutation	muse;mutect2;varscan2								0.0104166666666667	FALSE
TOGARAM1	ENSG00000198718.13	1	1	0	0	0	1709	Missense_Mutation	muse;mutect2;varscan2								0.0104166666666667	FALSE
TOGARAM2	ENSG00000189350.13	1	1	0	0	0	575	Missense_Mutation	muse;mutect2;varscan2								0.0104166666666667	FALSE
TOM1	ENSG00000100284.21	1	1	0	0	0	391	Missense_Mutation	muse;mutect2;varscan2								0.0104166666666667	FALSE
TOMM34	ENSG00000025772.8	1	1	0	0	0	287	Missense_Mutation	muse;mutect2								0.0104166666666667	FALSE
TOMM40	ENSG00000130204.13	1	1	0	0	0	347	Missense_Mutation	muse;mutect2;varscan2								0.0104166666666667	FALSE
TOMM70	ENSG00000154174.8	1	1	0	0	0	541	Missense_Mutation	muse;mutect2;varscan2								0.0104166666666667	FALSE
TOP1	ENSG00000198900.6	1	1	0	0	0		In_Frame_Del	mutect2;pindel;varscan2								0.0104166666666667	FALSE
TOP1MT	ENSG00000184428.13	1	1	1	1	0	443	Frame_Shift_Ins	mutect2;pindel;varscan2								0.0104166666666667	FALSE
TOP2A	ENSG00000131747.15	1	1	0	0	0	387	Missense_Mutation	muse;mutect2;varscan2								0.0104166666666667	FALSE
TOP2B	ENSG00000077097.15	1	1	0	0	0	440	Missense_Mutation	muse;mutect2;varscan2								0.0104166666666667	FALSE
TOP3A	ENSG00000177302.15	1	1	0	0	0	324	Missense_Mutation	muse;mutect2;varscan2								0.0104166666666667	FALSE
TOP3B	ENSG00000100038.20	1	1	0	0	0	509	Missense_Mutation	muse;mutect2;varscan2								0.0104166666666667	FALSE
TOPORS	ENSG00000197579.8	1	1	0	0	0	251	Missense_Mutation	muse;mutect2;varscan2								0.0104166666666667	FALSE
TOR1AIP2	ENSG00000169905.13	1	1	0	0	0	288	Missense_Mutation	muse;mutect2;varscan2								0.0104166666666667	FALSE
TOX3	ENSG00000103460.17	1	1	0	0	0	547	Missense_Mutation	muse;mutect2;varscan2								0.0104166666666667	FALSE
TOX4	ENSG00000092203.15	1	1	0	0	0	430	Missense_Mutation	mutect2;varscan2								0.0104166666666667	FALSE
TP53BP1	ENSG00000067369.14	1	1	0	0	0	684	Missense_Mutation	muse;mutect2;varscan2								0.0104166666666667	FALSE
TP63	ENSG00000073282.14	1	1	0	0	0	330	Missense_Mutation	muse;mutect2;varscan2								0.0104166666666667	FALSE
TP73	ENSG00000078900.15	1	1	1	1	0	185	Frame_Shift_Del	mutect2;pindel								0.0104166666666667	FALSE
TPCN1	ENSG00000186815.13	1	1	0	0	0	434	Missense_Mutation	muse;mutect2;varscan2								0.0104166666666667	FALSE
TPD52L2	ENSG00000101150.18	1	1	1	1	0	102	Splice_Site	mutect2;varscan2								0.0104166666666667	FALSE
TPGS2	ENSG00000134779.15	1	1	1	1	0	301	Nonstop_Mutation	muse;mutect2;varscan2								0.0104166666666667	FALSE
TPH1	ENSG00000129167.9	1	1	0	0	0	2	Missense_Mutation	muse;mutect2;varscan2								0.0104166666666667	FALSE
TPM4	ENSG00000167460.17	1	1	0	0	0	33	Missense_Mutation	muse;mutect2;varscan2								0.0104166666666667	FALSE
TPMT	ENSG00000137364.5	1	1	0	0	0	225	Missense_Mutation	muse;mutect2;varscan2								0.0104166666666667	FALSE
TPR	ENSG00000047410.14	1	1	0	0	0	683	Missense_Mutation	muse;mutect2;varscan2								0.0104166666666667	FALSE
TPRG1	ENSG00000188001.10	1	1	0	0	0	87	Missense_Mutation	muse;mutect2;varscan2								0.0104166666666667	FALSE
TPX2	ENSG00000088325.16	1	1	0	0	0	475	Missense_Mutation	muse;mutect2;varscan2								0.0104166666666667	FALSE
TRA2B	ENSG00000136527.18	1	1	1	1	0	175	Splice_Site	muse;mutect2;varscan2								0.0104166666666667	FALSE
TRAC	ENSG00000277734.8	1	1	0	0	0	86	Missense_Mutation	muse;mutect2;varscan2								0.0104166666666667	FALSE
TRAF1	ENSG00000056558.11	1	1	0	0	0	26	Missense_Mutation	muse;mutect2;varscan2								0.0104166666666667	FALSE
TRAF3	ENSG00000131323.16	1	1	0	0	0	390	Missense_Mutation	muse;mutect2;varscan2								0.0104166666666667	FALSE
TRAF6	ENSG00000175104.15	1	1	1	1	0	78	Nonsense_Mutation	muse;mutect2;varscan2								0.0104166666666667	FALSE
TRAF7	ENSG00000131653.13	1	1	0	0	0	543	Splice_Region	muse;mutect2;varscan2								0.0104166666666667	FALSE
TRAJ29	ENSG00000211860.1	1	1	0	0	0		Missense_Mutation	pindel;varscan2								0.0104166666666667	FALSE
TRAM1L1	ENSG00000174599.5	1	1	0	0	0	32	In_Frame_Del	mutect2;pindel;varscan2								0.0104166666666667	FALSE
TRANK1	ENSG00000168016.15	1	1	0	0	0	2455	Missense_Mutation	muse;mutect2;varscan2								0.0104166666666667	FALSE
TRAPPC4	ENSG00000196655.12	1	1	0	0	0	121	Missense_Mutation	muse;mutect2								0.0104166666666667	FALSE
TRARG1	ENSG00000184811.4	1	1	0	0	0	150	Missense_Mutation	muse;mutect2;varscan2								0.0104166666666667	FALSE
TRAV1-2	ENSG00000256553.1	1	1	0	0	0	54	Missense_Mutation	muse;mutect2;varscan2								0.0104166666666667	FALSE
TRAV12-1	ENSG00000211785.1	1	1	0	0	0	104	Missense_Mutation	muse;mutect2;varscan2								0.0104166666666667	FALSE
TRAV14DV4	ENSG00000211792.2	1	1	0	0	0	100	Missense_Mutation	muse;mutect2								0.0104166666666667	FALSE
TRAV16	ENSG00000211796.1	1	1	0	0	0	90	Missense_Mutation	muse;mutect2;varscan2								0.0104166666666667	FALSE
TRAV17	ENSG00000211797.2	1	1	0	0	0	39	Missense_Mutation	muse;mutect2;varscan2								0.0104166666666667	FALSE
TRAV19	ENSG00000211799.3	1	1	0	0	0	80	Missense_Mutation	muse;mutect2								0.0104166666666667	FALSE
TRAV20	ENSG00000211800.3	1	1	0	0	0	65	Missense_Mutation	muse;mutect2;varscan2								0.0104166666666667	FALSE
TRAV23DV6	ENSG00000211803.2	1	1	0	0	0	15	Missense_Mutation	muse;mutect2;varscan2								0.0104166666666667	FALSE
TRAV29DV5	ENSG00000211810.3	1	1	0	0	0	72	Missense_Mutation	muse;mutect2								0.0104166666666667	FALSE
TRAV9-1	ENSG00000211783.3	1	1	0	0	0	54	Missense_Mutation	muse;mutect2;varscan2								0.0104166666666667	FALSE
TRGC2	ENSG00000227191.8	1	1	0	0	0	10	Missense_Mutation	muse;mutect2								0.0104166666666667	FALSE
TRGJP2	ENSG00000211688.1	1	1	0	0	0	8	Missense_Mutation	muse;mutect2;varscan2								0.0104166666666667	FALSE
TRIM10	ENSG00000204613.11	1	1	0	0	0	55	Missense_Mutation	muse;mutect2;varscan2								0.0104166666666667	FALSE
TRIM16L	ENSG00000108448.21	1	1	0	0	0	261	Missense_Mutation	muse;mutect2;varscan2								0.0104166666666667	FALSE
TRIM22	ENSG00000132274.16	1	1	1	1	0	117	Nonsense_Mutation	muse;mutect2								0.0104166666666667	FALSE
TRIM23	ENSG00000113595.15	1	1	0	0	0	315	Missense_Mutation	muse;mutect2;varscan2								0.0104166666666667	FALSE
TRIM25	ENSG00000121060.18	1	1	0	0	0	337	Missense_Mutation	muse;mutect2;varscan2								0.0104166666666667	FALSE
TRIM3	ENSG00000110171.20	1	1	0	0	0	356	Missense_Mutation	muse;mutect2;varscan2								0.0104166666666667	FALSE
TRIM33	ENSG00000197323.12	1	1	0	0	0	179	Missense_Mutation	muse;mutect2								0.0104166666666667	FALSE
TRIM35	ENSG00000104228.13	1	1	0	0	0	161	Missense_Mutation	muse;mutect2;varscan2								0.0104166666666667	FALSE
TRIM36	ENSG00000152503.10	1	1	0	0	0	631	Missense_Mutation	muse;mutect2;varscan2								0.0104166666666667	FALSE
TRIM4	ENSG00000146833.16	1	1	0	0	0	440	Missense_Mutation	muse;mutect2;varscan2								0.0104166666666667	FALSE
TRIM41	ENSG00000146063.20	1	1	1	1	0	591	Frame_Shift_Del	mutect2;pindel;varscan2								0.0104166666666667	FALSE
TRIM42	ENSG00000155890.4	1	1	0	0	0	315	Missense_Mutation	muse;mutect2;varscan2								0.0104166666666667	FALSE
TRIM55	ENSG00000147573.17	1	1	1	1	0	508	Splice_Site	muse;mutect2								0.0104166666666667	FALSE
TRIM56	ENSG00000169871.13	1	1	0	0	0	190	Missense_Mutation	muse;mutect2;varscan2								0.0104166666666667	FALSE
TRIM6-TRIM34	ENSG00000258588.3	1	1	0	0	0	528	Missense_Mutation	muse;mutect2;varscan2								0.0104166666666667	FALSE
TRIM60	ENSG00000176979.14	1	1	0	0	0	210	Missense_Mutation	muse;mutect2;varscan2								0.0104166666666667	FALSE
TRIM9	ENSG00000100505.13	1	1	0	0	0	49	Missense_Mutation	muse;mutect2;varscan2								0.0104166666666667	FALSE
TRIML1	ENSG00000184108.8	1	1	0	0	0	184	Missense_Mutation	muse;mutect2								0.0104166666666667	FALSE
TRIML2	ENSG00000179046.8	1	1	0	0	0	63	Missense_Mutation	muse;mutect2;varscan2								0.0104166666666667	FALSE
TRIOBP	ENSG00000100106.22	1	1	0	0	0	144	Missense_Mutation	muse;mutect2								0.0104166666666667	FALSE
TRIP4	ENSG00000103671.10	1	1	1	1	0	220	Nonsense_Mutation	muse;mutect2;varscan2								0.0104166666666667	FALSE
TRMT112	ENSG00000173113.7	1	1	0	0	0	14	Missense_Mutation	muse;mutect2;varscan2								0.0104166666666667	FALSE
TRMT12	ENSG00000183665.5	1	1	0	0	0	206	Missense_Mutation	muse;mutect2;varscan2								0.0104166666666667	FALSE
TRMT13	ENSG00000122435.10	1	1	0	0	0	298	Missense_Mutation	muse;mutect2								0.0104166666666667	FALSE
TRMT5	ENSG00000126814.7	1	1	0	0	0	80	Missense_Mutation	muse;mutect2;varscan2								0.0104166666666667	FALSE
TRMU	ENSG00000100416.15	1	1	0	0	0	413	Missense_Mutation	muse;mutect2;varscan2								0.0104166666666667	FALSE
TRNAU1AP	ENSG00000180098.9	1	1	0	0	0	209	Missense_Mutation	muse;mutect2;varscan2								0.0104166666666667	FALSE
TRO	ENSG00000067445.21	1	1	0	0	0	565	Missense_Mutation	muse;mutect2;varscan2								0.0104166666666667	FALSE
TRPC6	ENSG00000137672.13	1	1	0	0	0	882	Splice_Region	muse;mutect2;varscan2								0.0104166666666667	FALSE
TRPC7	ENSG00000069018.19	1	1	0	0	0	86	Missense_Mutation	muse;mutect2;varscan2								0.0104166666666667	FALSE
TRPM1	ENSG00000134160.14	1	1	0	0	0	647	Missense_Mutation	muse;mutect2;varscan2								0.0104166666666667	FALSE
TRPM6	ENSG00000119121.22	1	1	0	0	0	1345	Missense_Mutation	muse;mutect2								0.0104166666666667	FALSE
TRPM7	ENSG00000092439.16	1	1	0	0	0	1662	Missense_Mutation	muse;mutect2;varscan2								0.0104166666666667	FALSE
TRPM8	ENSG00000144481.17	1	1	0	0	0	244	Missense_Mutation	muse;mutect2;varscan2								0.0104166666666667	FALSE
TRPV5	ENSG00000127412.7	1	1	0	0	0	428	Splice_Region	muse;mutect2;varscan2								0.0104166666666667	FALSE
TSFM	ENSG00000123297.20	1	1	0	0	0	6	Missense_Mutation	muse;mutect2;varscan2								0.0104166666666667	FALSE
TSHZ2	ENSG00000182463.16	1	1	0	0	0	844	Missense_Mutation	muse;mutect2;varscan2								0.0104166666666667	FALSE
TSKS	ENSG00000126467.11	1	1	1	1	0	134	Splice_Site	muse;mutect2;varscan2								0.0104166666666667	FALSE
TSLP	ENSG00000145777.15	1	1	0	0	0	127	Missense_Mutation	muse;mutect2;varscan2								0.0104166666666667	FALSE
TSPAN33	ENSG00000158457.6	1	1	0	0	0	95	Missense_Mutation	muse;mutect2;varscan2								0.0104166666666667	FALSE
TSPAN8	ENSG00000127324.9	1	1	0	0	0	153	Missense_Mutation	muse;mutect2;varscan2								0.0104166666666667	FALSE
TSPEAR	ENSG00000175894.18	1	1	0	0	0	225	Missense_Mutation	muse;mutect2;varscan2								0.0104166666666667	FALSE
TSPYL1	ENSG00000189241.8	1	1	0	0	0	160	Missense_Mutation	muse;mutect2;varscan2								0.0104166666666667	FALSE
TSPYL5	ENSG00000180543.5	1	1	0	0	0	156	Missense_Mutation	muse;mutect2;varscan2								0.0104166666666667	FALSE
TSPYL6	ENSG00000178021.11	1	1	0	0	0	77	Missense_Mutation	muse;mutect2								0.0104166666666667	FALSE
TSSC4	ENSG00000184281.15	1	1	0	0	0	15	Missense_Mutation	muse;mutect2;varscan2								0.0104166666666667	FALSE
TTBK1	ENSG00000146216.13	1	1	0	0	0	590	Missense_Mutation	muse;mutect2;varscan2								0.0104166666666667	FALSE
TTC14	ENSG00000163728.11	1	1	0	0	0	690	Missense_Mutation	muse;mutect2;varscan2								0.0104166666666667	FALSE
TTC16	ENSG00000167094.16	1	1	0	0	0	6	Missense_Mutation	muse;varscan2								0.0104166666666667	FALSE
TTC21A	ENSG00000168026.18	1	1	0	0	0	262	Missense_Mutation	muse;mutect2								0.0104166666666667	FALSE
TTC23	ENSG00000103852.13	1	1	0	0	0	24	Missense_Mutation	muse;mutect2;varscan2								0.0104166666666667	FALSE
TTC29	ENSG00000137473.18	1	1	0	0	0	176	Missense_Mutation	muse;mutect2;varscan2								0.0104166666666667	FALSE
TTC3	ENSG00000182670.13	1	1	0	0	0	146	Missense_Mutation	muse;mutect2;varscan2								0.0104166666666667	FALSE
TTC30A	ENSG00000197557.7	1	1	0	0	0	415	Missense_Mutation	mutect2;varscan2								0.0104166666666667	FALSE
TTC31	ENSG00000115282.21	1	1	0	0	0	78	Missense_Mutation	muse;mutect2;varscan2								0.0104166666666667	FALSE
TTC7B	ENSG00000165914.15	1	1	0	0	0	543	Missense_Mutation	muse;mutect2;varscan2								0.0104166666666667	FALSE
TTF1	ENSG00000125482.13	1	1	1	1	0	224	Frame_Shift_Ins	mutect2;varscan2								0.0104166666666667	FALSE
TTF2	ENSG00000116830.12	1	1	1	1	0	832	Splice_Site	mutect2;pindel;varscan2								0.0104166666666667	FALSE
TTI1	ENSG00000101407.13	1	1	0	0	0	658	Missense_Mutation	muse;mutect2;varscan2								0.0104166666666667	FALSE
TTK	ENSG00000112742.10	1	1	0	0	0	727	Missense_Mutation	muse;mutect2;varscan2								0.0104166666666667	FALSE
TTLL12	ENSG00000100304.13	1	1	0	0	0	382	Missense_Mutation	muse;varscan2								0.0104166666666667	FALSE
TTLL9	ENSG00000131044.17	1	1	0	0	0	113	Missense_Mutation	muse;mutect2;varscan2								0.0104166666666667	FALSE
TTPA	ENSG00000137561.5	1	1	0	0	0	87	Missense_Mutation	muse;mutect2;varscan2								0.0104166666666667	FALSE
TTYH2	ENSG00000141540.11	1	1	0	0	0	407	Missense_Mutation	muse;mutect2;varscan2								0.0104166666666667	FALSE
TUB	ENSG00000166402.9	1	1	0	0	0	415	Missense_Mutation	muse;mutect2;varscan2								0.0104166666666667	FALSE
TUBA1C	ENSG00000167553.16	1	1	0	0	0	279	Missense_Mutation	muse;mutect2;varscan2								0.0104166666666667	FALSE
TUBA3C	ENSG00000198033.12	1	1	0	0	0	366	Missense_Mutation	muse;mutect2;varscan2								0.0104166666666667	FALSE
TUBB	ENSG00000196230.13	1	1	1	1	0	50	Frame_Shift_Del	pindel;varscan2								0.0104166666666667	FALSE
TUBB1	ENSG00000101162.4	1	1	0	0	0	450	Missense_Mutation	muse;mutect2;varscan2								0.0104166666666667	FALSE
TUBB2A	ENSG00000137267.6	1	1	0	0	0	158	Missense_Mutation	muse;mutect2;varscan2								0.0104166666666667	FALSE
TUBB8	ENSG00000261456.6	1	1	0	0	0	210	Missense_Mutation	muse;mutect2;varscan2								0.0104166666666667	FALSE
TUBG2	ENSG00000037042.9	1	1	0	0	0	422	Missense_Mutation	muse;mutect2;varscan2								0.0104166666666667	FALSE
TUBGCP5	ENSG00000275835.5	1	1	0	0	0	267	Missense_Mutation	muse;mutect2;varscan2								0.0104166666666667	FALSE
TUBGCP6	ENSG00000128159.12	1	1	1	1	0	1759	Frame_Shift_Del	mutect2;pindel;varscan2								0.0104166666666667	FALSE
TUFM	ENSG00000178952.11	1	1	1	1	0	339	Frame_Shift_Del	mutect2;pindel;varscan2								0.0104166666666667	FALSE
TULP1	ENSG00000112041.13	1	1	0	0	0	420	Missense_Mutation	muse;mutect2;varscan2								0.0104166666666667	FALSE
TULP3	ENSG00000078246.17	1	1	0	0	0	9	Missense_Mutation	muse;mutect2;varscan2								0.0104166666666667	FALSE
TULP4	ENSG00000130338.13	1	1	0	0	0	1121	Missense_Mutation	muse;mutect2;varscan2								0.0104166666666667	FALSE
TUT1	ENSG00000149016.16	1	1	0	0	0	528	Missense_Mutation	muse;mutect2								0.0104166666666667	FALSE
TWNK	ENSG00000107815.10	1	1	1	1	0	673	Frame_Shift_Ins	mutect2;pindel;varscan2								0.0104166666666667	FALSE
TXNDC16	ENSG00000087301.9	1	1	0	0	0	773	Missense_Mutation	muse;mutect2;varscan2								0.0104166666666667	FALSE
TXNL4A	ENSG00000141759.15	1	1	0	0	0	133	Missense_Mutation	muse;mutect2;varscan2								0.0104166666666667	FALSE
TXNRD2	ENSG00000184470.21	1	1	0	0	0	258	Missense_Mutation	muse;mutect2;varscan2								0.0104166666666667	FALSE
TYK2	ENSG00000105397.14	1	1	0	0	0	1156	Missense_Mutation	muse;mutect2;varscan2								0.0104166666666667	FALSE
U2SURP	ENSG00000163714.18	1	1	0	0	0	909	Missense_Mutation	muse;mutect2;varscan2								0.0104166666666667	FALSE
UBA1	ENSG00000130985.17	1	1	0	0	0	1013	Missense_Mutation	muse;mutect2;varscan2								0.0104166666666667	FALSE
UBA3	ENSG00000144744.17	1	1	0	0	0	347	Missense_Mutation	muse;mutect2;varscan2								0.0104166666666667	FALSE
UBAC2	ENSG00000134882.16	1	1	1	1	0	19	Frame_Shift_Del	mutect2;pindel;varscan2								0.0104166666666667	FALSE
UBAP1	ENSG00000165006.14	1	1	0	0	0	266	Missense_Mutation	muse;mutect2;varscan2								0.0104166666666667	FALSE
UBAP2L	ENSG00000143569.19	1	1	0	0	0	269	Missense_Mutation	muse;mutect2;varscan2								0.0104166666666667	FALSE
UBE2D2	ENSG00000131508.16	1	1	0	0	0	130	Missense_Mutation	muse;mutect2;varscan2								0.0104166666666667	FALSE
UBE2D3	ENSG00000109332.20	1	1	0	0	0	112	Missense_Mutation	muse;mutect2;varscan2								0.0104166666666667	FALSE
UBE2E1	ENSG00000170142.12	1	1	0	0	0	32	In_Frame_Del	pindel;varscan2								0.0104166666666667	FALSE
UBE2F	ENSG00000184182.19	1	1	0	0	0	185	Missense_Mutation	muse;mutect2;varscan2								0.0104166666666667	FALSE
UBE2G2	ENSG00000184787.19	1	1	0	0	0	26	Missense_Mutation	muse;mutect2								0.0104166666666667	FALSE
UBE2K	ENSG00000078140.14	1	1	0	0	0	116	Missense_Mutation	muse;varscan2								0.0104166666666667	FALSE
UBE2L6	ENSG00000156587.16	1	1	1	1	0	46	Nonsense_Mutation	muse;mutect2;varscan2								0.0104166666666667	FALSE
UBE2M	ENSG00000130725.8	1	1	0	0	0	66	Missense_Mutation	muse;mutect2;varscan2								0.0104166666666667	FALSE
UBE2T	ENSG00000077152.11	1	1	0	0	0	101	Missense_Mutation	muse;mutect2;varscan2								0.0104166666666667	FALSE
UBE3A	ENSG00000114062.22	1	1	0	0	0	582	Missense_Mutation	muse;mutect2;varscan2								0.0104166666666667	FALSE
UBE3D	ENSG00000118420.17	1	1	0	0	0	256	Missense_Mutation	muse;mutect2;varscan2								0.0104166666666667	FALSE
UBIAD1	ENSG00000120942.14	1	1	0	0	0	91	Missense_Mutation	muse;mutect2;varscan2								0.0104166666666667	FALSE
UBQLN1	ENSG00000135018.14	1	1	0	0	0	185	Missense_Mutation	muse;mutect2;varscan2								0.0104166666666667	FALSE
UBQLN3	ENSG00000175520.9	1	1	0	0	0	328	Missense_Mutation	muse;mutect2;varscan2								0.0104166666666667	FALSE
UBQLN4	ENSG00000160803.8	1	1	0	0	0	220	Missense_Mutation	muse;mutect2;varscan2								0.0104166666666667	FALSE
UBQLNL	ENSG00000175518.8	1	1	0	0	0	186	Missense_Mutation	muse;mutect2								0.0104166666666667	FALSE
UBR2	ENSG00000024048.11	1	1	0	0	0	1597	Missense_Mutation	muse;mutect2								0.0104166666666667	FALSE
UBR7	ENSG00000012963.15	1	1	1	1	0	95	Nonsense_Mutation	muse;mutect2;varscan2								0.0104166666666667	FALSE
UBXN4	ENSG00000144224.17	1	1	0	0	0	416	Missense_Mutation	muse;mutect2;varscan2								0.0104166666666667	FALSE
UCHL5	ENSG00000116750.14	1	1	0	0	0	85	Missense_Mutation	muse;mutect2;varscan2								0.0104166666666667	FALSE
UFC1	ENSG00000143222.12	1	1	1	1	0	35	Nonsense_Mutation	muse;mutect2;varscan2								0.0104166666666667	FALSE
UFSP2	ENSG00000109775.11	1	1	0	0	0	410	Missense_Mutation	muse;mutect2;varscan2								0.0104166666666667	FALSE
UGDH	ENSG00000109814.12	1	1	0	0	0	102	Missense_Mutation	muse;mutect2;varscan2								0.0104166666666667	FALSE
UGT1A6	ENSG00000167165.19	1	1	0	0	0	141	Missense_Mutation	muse;mutect2;varscan2								0.0104166666666667	FALSE
UGT1A7	ENSG00000244122.2	1	1	0	0	0	240	Missense_Mutation	muse;mutect2;varscan2								0.0104166666666667	FALSE
UGT2B15	ENSG00000196620.10	1	1	0	0	0	204	Missense_Mutation	muse;mutect2;varscan2								0.0104166666666667	FALSE
UGT2B17	ENSG00000197888.2	1	1	1	1	0	460	Nonsense_Mutation	muse;mutect2;varscan2								0.0104166666666667	FALSE
UGT2B4	ENSG00000156096.14	1	1	0	0	0	368	Missense_Mutation	muse;mutect2								0.0104166666666667	FALSE
UGT3A1	ENSG00000145626.12	1	1	1	1	0	230	Frame_Shift_Del	mutect2;pindel								0.0104166666666667	FALSE
UGT3A2	ENSG00000168671.10	1	1	1	1	0	13	Frame_Shift_Del	pindel;varscan2*								0.0104166666666667	FALSE
UGT8	ENSG00000174607.11	1	1	0	0	0	282	Missense_Mutation	muse;mutect2;varscan2								0.0104166666666667	FALSE
UHRF1	ENSG00000276043.5	1	1	1	1	0	620	Nonsense_Mutation	muse;mutect2;varscan2								0.0104166666666667	FALSE
ULK1	ENSG00000177169.10	1	1	0	0	0	1010	Missense_Mutation	muse;mutect2								0.0104166666666667	FALSE
ULK2	ENSG00000083290.20	1	1	0	0	0	774	Missense_Mutation	muse;mutect2								0.0104166666666667	FALSE
UMPS	ENSG00000114491.14	1	1	0	0	0	384	Missense_Mutation	muse;mutect2;varscan2								0.0104166666666667	FALSE
UNC13B	ENSG00000198722.14	1	1	0	0	0	1069	Missense_Mutation	muse;mutect2;varscan2								0.0104166666666667	FALSE
UNC5B	ENSG00000107731.12	1	1	0	0	0	60	Missense_Mutation	muse;mutect2;varscan2								0.0104166666666667	FALSE
UNC79	ENSG00000133958.13	1	1	0	0	0	395	Missense_Mutation	muse;mutect2;varscan2								0.0104166666666667	FALSE
UNC93B1	ENSG00000110057.8	1	1	0	0	0	187	Missense_Mutation	muse;mutect2;varscan2								0.0104166666666667	FALSE
UNCX	ENSG00000164853.9	1	1	0	0	0	92	Missense_Mutation	muse;mutect2								0.0104166666666667	FALSE
UPF3A	ENSG00000169062.15	1	1	1	1	0	267	Frame_Shift_Del	mutect2;varscan2								0.0104166666666667	FALSE
UPF3B	ENSG00000125351.12	1	1	0	0	0	126	Missense_Mutation	muse;mutect2;varscan2								0.0104166666666667	FALSE
UPK1B	ENSG00000114638.8	1	1	0	0	0	193	Missense_Mutation	muse;mutect2;varscan2								0.0104166666666667	FALSE
UPK3A	ENSG00000100373.10	1	1	0	0	0	177	Missense_Mutation	muse;mutect2;varscan2								0.0104166666666667	FALSE
UPP1	ENSG00000183696.14	1	1	0	0	0	275	Missense_Mutation	muse;mutect2;varscan2								0.0104166666666667	FALSE
UQCRC2	ENSG00000140740.11	1	1	0	0	0	9	Missense_Mutation	muse;mutect2;varscan2								0.0104166666666667	FALSE
URB2	ENSG00000135763.10	1	1	0	0	0	369	Missense_Mutation	muse;mutect2;varscan2								0.0104166666666667	FALSE
URM1	ENSG00000167118.11	1	1	0	0	0	11	Splice_Region	muse;varscan2								0.0104166666666667	FALSE
UROD	ENSG00000126088.14	1	1	1	1	0	171	Nonsense_Mutation	muse;mutect2;varscan2								0.0104166666666667	FALSE
USHBP1	ENSG00000130307.12	1	1	0	0	0	174	Missense_Mutation	muse;mutect2;varscan2								0.0104166666666667	FALSE
USP1	ENSG00000162607.13	1	1	0	0	0	91	Missense_Mutation	muse;mutect2;varscan2								0.0104166666666667	FALSE
USP17L2	ENSG00000223443.2	1	1	0	0	0	63	Missense_Mutation	muse;mutect2								0.0104166666666667	FALSE
USP19	ENSG00000172046.19	1	1	0	0	0	973	Missense_Mutation	mutect2;varscan2								0.0104166666666667	FALSE
USP21	ENSG00000143258.16	1	1	0	0	0	398	Missense_Mutation	muse;mutect2;varscan2								0.0104166666666667	FALSE
USP24	ENSG00000162402.14	1	1	0	0	0	1259	Missense_Mutation	muse;mutect2;varscan2								0.0104166666666667	FALSE
USP25	ENSG00000155313.15	1	1	0	0	0	350	Missense_Mutation	muse;mutect2;varscan2								0.0104166666666667	FALSE
USP3	ENSG00000140455.17	1	1	0	0	0	349	Missense_Mutation	muse;mutect2;varscan2								0.0104166666666667	FALSE
USP32	ENSG00000170832.13	1	1	0	0	0	1090	Missense_Mutation	muse;mutect2;varscan2								0.0104166666666667	FALSE
USP33	ENSG00000077254.14	1	1	0	0	0	898	Missense_Mutation	muse;mutect2;varscan2								0.0104166666666667	FALSE
USP35	ENSG00000118369.13	1	1	1	1	0	354	Frame_Shift_Del	mutect2;pindel;varscan2								0.0104166666666667	FALSE
USP38	ENSG00000170185.10	1	1	0	0	0	70	Missense_Mutation	muse;mutect2								0.0104166666666667	FALSE
USP39	ENSG00000168883.20	1	1	0	0	0	10	Missense_Mutation	muse;mutect2								0.0104166666666667	FALSE
USP45	ENSG00000123552.18	1	1	0	0	0	507	Missense_Mutation	muse;mutect2;varscan2								0.0104166666666667	FALSE
USP51	ENSG00000247746.4	1	1	0	0	0	16	Missense_Mutation	muse;mutect2								0.0104166666666667	FALSE
USP7	ENSG00000187555.16	1	1	0	0	0	586	Missense_Mutation	muse;mutect2;varscan2								0.0104166666666667	FALSE
USPL1	ENSG00000132952.12	1	1	0	0	0	845	Missense_Mutation	muse;varscan2								0.0104166666666667	FALSE
UTP23	ENSG00000147679.12	1	1	0	0	0	8	Missense_Mutation	muse;mutect2;varscan2								0.0104166666666667	FALSE
UTRN	ENSG00000152818.18	1	1	1	1	0	3102	Nonsense_Mutation	muse;mutect2;varscan2								0.0104166666666667	FALSE
UTS2B	ENSG00000188958.9	1	1	0	0	0	16	Missense_Mutation	muse;mutect2								0.0104166666666667	FALSE
VAMP8	ENSG00000118640.11	1	1	0	0	0	55	Missense_Mutation	muse;mutect2;varscan2								0.0104166666666667	FALSE
VAPA	ENSG00000101558.14	1	1	0	0	0	40	Missense_Mutation	muse;mutect2;varscan2								0.0104166666666667	FALSE
VARS1	ENSG00000204394.13	1	1	0	0	0	1124	Missense_Mutation	muse;mutect2;varscan2								0.0104166666666667	FALSE
VAV1	ENSG00000141968.8	1	1	0	0	0	566	Missense_Mutation	muse;mutect2;varscan2								0.0104166666666667	FALSE
VCP	ENSG00000165280.17	1	1	0	0	0	84	Missense_Mutation	muse;mutect2;varscan2								0.0104166666666667	FALSE
VCPIP1	ENSG00000175073.8	1	1	0	0	0	1114	Missense_Mutation	mutect2;varscan2								0.0104166666666667	FALSE
VDR	ENSG00000111424.12	1	1	0	0	0	402	Missense_Mutation	muse;mutect2;varscan2								0.0104166666666667	FALSE
VEPH1	ENSG00000197415.12	1	1	0	0	0	410	Missense_Mutation	muse;mutect2;varscan2								0.0104166666666667	FALSE
VGLL4	ENSG00000144560.15	1	1	0	0	0	268	Missense_Mutation	muse;mutect2;varscan2								0.0104166666666667	FALSE
VHLL	ENSG00000189030.10	1	1	0	0	0	100	Missense_Mutation	muse;mutect2								0.0104166666666667	FALSE
VIRMA	ENSG00000164944.12	1	1	1	1	0	644	Frame_Shift_Ins	mutect2;pindel;varscan2								0.0104166666666667	FALSE
VKORC1	ENSG00000167397.15	1	1	0	0	0	45	Missense_Mutation	muse;mutect2								0.0104166666666667	FALSE
VMP1	ENSG00000062716.13	1	1	0	0	0	290	Missense_Mutation	muse;mutect2;varscan2								0.0104166666666667	FALSE
VN1R2	ENSG00000196131.6	1	1	0	0	0	14	Missense_Mutation	muse;mutect2;varscan2								0.0104166666666667	FALSE
VNN1	ENSG00000112299.8	1	1	0	0	0	273	Missense_Mutation	muse;mutect2;varscan2								0.0104166666666667	FALSE
VPS16	ENSG00000215305.10	1	1	0	0	0	540	Missense_Mutation	muse;mutect2;varscan2								0.0104166666666667	FALSE
VPS26C	ENSG00000157538.14	1	1	0	0	0	107	Missense_Mutation	muse;mutect2;varscan2								0.0104166666666667	FALSE
VPS29	ENSG00000111237.19	1	1	0	0	0	82	Missense_Mutation	muse;mutect2;varscan2								0.0104166666666667	FALSE
VPS33A	ENSG00000139719.11	1	1	0	0	0	475	Missense_Mutation	muse;mutect2								0.0104166666666667	FALSE
VPS35L	ENSG00000103544.15	1	1	1	1	0	380	Nonsense_Mutation	muse;mutect2;varscan2								0.0104166666666667	FALSE
VPS36	ENSG00000136100.14	1	1	0	0	0	211	Missense_Mutation	muse;mutect2;varscan2								0.0104166666666667	FALSE
VPS37B	ENSG00000139722.7	1	1	0	0	0	181	Missense_Mutation	muse;mutect2;varscan2								0.0104166666666667	FALSE
VPS37C	ENSG00000167987.11	1	1	0	0	0	154	Missense_Mutation	muse;mutect2								0.0104166666666667	FALSE
VPS41	ENSG00000006715.16	1	1	0	0	0	576	Missense_Mutation	muse;varscan2								0.0104166666666667	FALSE
VPS45	ENSG00000136631.15	1	1	0	0	0	14	Missense_Mutation	muse;mutect2								0.0104166666666667	FALSE
VPS8	ENSG00000156931.16	1	1	0	0	0	1214	Missense_Mutation	muse;mutect2;varscan2								0.0104166666666667	FALSE
VRK2	ENSG00000028116.18	1	1	0	0	0	38	Missense_Mutation	muse;mutect2;varscan2								0.0104166666666667	FALSE
VSIG10	ENSG00000176834.14	1	1	0	0	0	451	Missense_Mutation	muse;mutect2								0.0104166666666667	FALSE
VSTM2A	ENSG00000170419.11	1	1	0	0	0	178	Missense_Mutation	muse;mutect2;varscan2								0.0104166666666667	FALSE
VTCN1	ENSG00000134258.17	1	1	0	0	0	116	Missense_Mutation	muse;mutect2;varscan2								0.0104166666666667	FALSE
VWA8	ENSG00000102763.18	1	1	0	0	0	452	Missense_Mutation	muse;mutect2;varscan2								0.0104166666666667	FALSE
VWCE	ENSG00000167992.13	1	1	1	1	0	489	Frame_Shift_Del	mutect2;pindel;varscan2								0.0104166666666667	FALSE
VXN	ENSG00000169085.13	1	1	0	0	0	146	Missense_Mutation	muse;mutect2;varscan2								0.0104166666666667	FALSE
WAC	ENSG00000095787.23	1	1	0	0	0	455	Missense_Mutation	muse;mutect2;varscan2								0.0104166666666667	FALSE
WARS1	ENSG00000140105.18	1	1	0	0	0	459	Missense_Mutation	muse;mutect2;varscan2								0.0104166666666667	FALSE
WASF3	ENSG00000132970.14	1	1	0	0	0	398	Missense_Mutation	muse;varscan2								0.0104166666666667	FALSE
WASHC2A	ENSG00000099290.17	1	1	0	0	0	1268	Missense_Mutation	muse;mutect2;varscan2								0.0104166666666667	FALSE
WASHC2C	ENSG00000172661.19	1	1	0	0	0	741	Missense_Mutation	muse;mutect2;varscan2								0.0104166666666667	FALSE
WASL	ENSG00000106299.8	1	1	0	0	0	20	Missense_Mutation	muse;mutect2;varscan2								0.0104166666666667	FALSE
WBP2	ENSG00000132471.12	1	1	1	1	0	185	Frame_Shift_Ins	mutect2;pindel;varscan2								0.0104166666666667	FALSE
WBP4	ENSG00000120688.9	1	1	0	0	0	299	Missense_Mutation	muse;mutect2								0.0104166666666667	FALSE
WDPCP	ENSG00000143951.16	1	1	0	0	0	436	Missense_Mutation	muse;mutect2;varscan2								0.0104166666666667	FALSE
WDR36	ENSG00000134987.11	1	1	0	0	0	176	Missense_Mutation	muse;mutect2;varscan2								0.0104166666666667	FALSE
WDR41	ENSG00000164253.14	1	1	0	0	0	282	Missense_Mutation	muse;mutect2;varscan2								0.0104166666666667	FALSE
WDR43	ENSG00000163811.12	1	1	0	0	0	415	Missense_Mutation	muse;mutect2;varscan2								0.0104166666666667	FALSE
WDR45	ENSG00000196998.19	1	1	1	1	0	46	Nonsense_Mutation	muse;mutect2;varscan2								0.0104166666666667	FALSE
WDR46	ENSG00000227057.10	1	1	0	0	0	183	Missense_Mutation	muse;mutect2;varscan2								0.0104166666666667	FALSE
WDR6	ENSG00000178252.18	1	1	0	0	0	858	Missense_Mutation	muse;mutect2;varscan2								0.0104166666666667	FALSE
WDR61	ENSG00000140395.9	1	1	0	0	0	196	Missense_Mutation	muse;mutect2								0.0104166666666667	FALSE
WDR64	ENSG00000162843.17	1	1	0	0	0	936	Missense_Mutation	muse;mutect2;varscan2								0.0104166666666667	FALSE
WDR70	ENSG00000082068.9	1	1	0	0	0	542	Missense_Mutation	muse;mutect2;varscan2								0.0104166666666667	FALSE
WDR72	ENSG00000166415.15	1	1	0	0	0	749	Missense_Mutation	muse;mutect2;varscan2								0.0104166666666667	FALSE
WDR76	ENSG00000092470.12	1	1	0	0	0	601	Missense_Mutation	muse;mutect2;varscan2								0.0104166666666667	FALSE
WDR83	ENSG00000123154.12	1	1	0	0	0	12	Missense_Mutation	muse;mutect2;varscan2								0.0104166666666667	FALSE
WDR89	ENSG00000140006.11	1	1	0	0	0	83	Missense_Mutation	muse;mutect2;varscan2								0.0104166666666667	FALSE
WDR90	ENSG00000161996.19	1	1	0	0	0	1094	Missense_Mutation	muse;mutect2;varscan2								0.0104166666666667	FALSE
WDSUB1	ENSG00000196151.11	1	1	1	1	0	301	Frame_Shift_Ins	mutect2;pindel;varscan2								0.0104166666666667	FALSE
WFIKKN1	ENSG00000127578.7	1	1	0	0	0	212	Missense_Mutation	muse;varscan2								0.0104166666666667	FALSE
WFS1	ENSG00000109501.14	1	1	0	0	0	211	Missense_Mutation	muse;varscan2								0.0104166666666667	FALSE
WHRN	ENSG00000095397.16	1	1	0	0	0	670	Missense_Mutation	muse;mutect2;varscan2								0.0104166666666667	FALSE
WIPF1	ENSG00000115935.18	1	1	0	0	0	250	Missense_Mutation	muse;mutect2;varscan2								0.0104166666666667	FALSE
WNK1	ENSG00000060237.18	1	1	0	0	0	284	Missense_Mutation	muse;mutect2								0.0104166666666667	FALSE
WNT3A	ENSG00000154342.6	1	1	0	0	0	76	Missense_Mutation	muse;mutect2;varscan2								0.0104166666666667	FALSE
WNT5B	ENSG00000111186.13	1	1	0	0	0	254	Missense_Mutation	muse;mutect2;varscan2								0.0104166666666667	FALSE
WNT8B	ENSG00000075290.8	1	1	0	0	0	148	Missense_Mutation	muse;varscan2								0.0104166666666667	FALSE
WNT9A	ENSG00000143816.8	1	1	0	0	0	189	Missense_Mutation	muse;mutect2;varscan2								0.0104166666666667	FALSE
WSCD1	ENSG00000179314.14	1	1	0	0	0	420	Missense_Mutation	muse;mutect2;varscan2								0.0104166666666667	FALSE
WSCD2	ENSG00000075035.10	1	1	0	0	0	239	Missense_Mutation	muse;mutect2;varscan2								0.0104166666666667	FALSE
WT1	ENSG00000184937.16	1	1	0	0	0	321	Missense_Mutation	muse;mutect2;varscan2								0.0104166666666667	FALSE
WWP1	ENSG00000123124.14	1	1	0	0	0	99	Missense_Mutation	muse;mutect2;varscan2								0.0104166666666667	FALSE
WWP2	ENSG00000198373.13	1	1	0	0	0	8	Missense_Mutation	muse;mutect2;varscan2								0.0104166666666667	FALSE
XCR1	ENSG00000173578.8	1	1	0	0	0	303	Missense_Mutation	muse;mutect2;varscan2								0.0104166666666667	FALSE
XDH	ENSG00000158125.10	1	1	0	0	0	324	Missense_Mutation	muse;mutect2								0.0104166666666667	FALSE
XPNPEP2	ENSG00000122121.11	1	1	0	0	0	255	Missense_Mutation	muse;mutect2;varscan2								0.0104166666666667	FALSE
XPNPEP3	ENSG00000196236.13	1	1	0	0	0	132	Missense_Mutation	muse;mutect2								0.0104166666666667	FALSE
XPO4	ENSG00000132953.16	1	1	1	1	0	168	Nonsense_Mutation	muse;mutect2;varscan2								0.0104166666666667	FALSE
XPO5	ENSG00000124571.18	1	1	0	0	0	203	Missense_Mutation	muse;mutect2;varscan2								0.0104166666666667	FALSE
XPOT	ENSG00000184575.12	1	1	1	1	0	592	Nonsense_Mutation	muse;mutect2								0.0104166666666667	FALSE
XPR1	ENSG00000143324.14	1	1	0	0	0	18	Missense_Mutation	muse;mutect2;varscan2								0.0104166666666667	FALSE
XRCC6	ENSG00000196419.13	1	1	0	0	0	247	Missense_Mutation	muse;mutect2;varscan2								0.0104166666666667	FALSE
XYLB	ENSG00000093217.11	1	1	0	0	0	438	Missense_Mutation	muse;mutect2								0.0104166666666667	FALSE
XYLT1	ENSG00000103489.12	1	1	0	0	0	198	Missense_Mutation	muse;mutect2								0.0104166666666667	FALSE
YAE1	ENSG00000241127.8	1	1	0	0	0	50	Missense_Mutation	muse;mutect2;varscan2								0.0104166666666667	FALSE
YBX1	ENSG00000065978.19	1	1	0	0	0	148	Missense_Mutation	muse;mutect2;varscan2								0.0104166666666667	FALSE
YOD1	ENSG00000180667.10	1	1	0	0	0	301	In_Frame_Del	mutect2;pindel;varscan2								0.0104166666666667	FALSE
YTHDC2	ENSG00000047188.16	1	1	0	0	0	205	Missense_Mutation	muse;mutect2;varscan2								0.0104166666666667	FALSE
YTHDF1	ENSG00000149658.18	1	1	0	0	0	317	Missense_Mutation	muse;mutect2;varscan2								0.0104166666666667	FALSE
YTHDF3	ENSG00000185728.17	1	1	0	0	0	574	In_Frame_Del	pindel;varscan2								0.0104166666666667	FALSE
YWHAB	ENSG00000166913.13	1	1	0	0	0	162	Missense_Mutation	muse;mutect2;varscan2								0.0104166666666667	FALSE
YWHAG	ENSG00000170027.7	1	1	0	0	0	207	Missense_Mutation	muse;mutect2;varscan2								0.0104166666666667	FALSE
YWHAQ	ENSG00000134308.14	1	1	0	0	0	35	Missense_Mutation	muse;mutect2;varscan2								0.0104166666666667	FALSE
YY1	ENSG00000100811.14	1	1	0	0	0	377	Missense_Mutation	muse;mutect2;varscan2								0.0104166666666667	FALSE
YY1AP1	ENSG00000163374.19	1	1	0	0	0	525	Missense_Mutation	muse;mutect2;varscan2								0.0104166666666667	FALSE
ZADH2	ENSG00000180011.7	1	1	0	0	0	157	Missense_Mutation	muse;varscan2								0.0104166666666667	FALSE
ZAN	ENSG00000146839.19	1	1	0	0	0	88	Missense_Mutation	muse;mutect2;varscan2								0.0104166666666667	FALSE
ZBED1	ENSG00000214717.12	1	1	0	0	0	198	In_Frame_Del	pindel;varscan2*								0.0104166666666667	FALSE
ZBED6CL	ENSG00000188707.6	1	1	1	1	0	164	Frame_Shift_Del	mutect2;pindel								0.0104166666666667	FALSE
ZBED9	ENSG00000232040.4	1	1	0	0	0	188	Missense_Mutation	muse;mutect2;varscan2								0.0104166666666667	FALSE
ZBP1	ENSG00000124256.15	1	1	0	0	0	368	Missense_Mutation	muse;mutect2;varscan2								0.0104166666666667	FALSE
ZBTB14	ENSG00000198081.11	1	1	1	1	0	144	Nonsense_Mutation	muse;mutect2;varscan2								0.0104166666666667	FALSE
ZBTB16	ENSG00000109906.14	1	1	0	0	0	435	Missense_Mutation	muse;mutect2								0.0104166666666667	FALSE
ZBTB17	ENSG00000116809.12	1	1	0	0	0	579	Missense_Mutation	muse;mutect2;varscan2								0.0104166666666667	FALSE
ZBTB18	ENSG00000179456.10	1	1	0	0	0	61	Missense_Mutation	muse;mutect2;varscan2								0.0104166666666667	FALSE
ZBTB2	ENSG00000181472.5	1	1	0	0	0	219	Missense_Mutation	muse;mutect2;varscan2								0.0104166666666667	FALSE
ZBTB39	ENSG00000166860.3	1	1	0	0	0	478	Missense_Mutation	muse;mutect2;varscan2								0.0104166666666667	FALSE
ZBTB4	ENSG00000174282.12	1	1	0	0	0	312	Missense_Mutation	muse;mutect2;varscan2								0.0104166666666667	FALSE
ZBTB48	ENSG00000204859.13	1	1	0	0	0	282	Missense_Mutation	muse;mutect2;varscan2								0.0104166666666667	FALSE
ZBTB7A	ENSG00000178951.9	1	1	0	0	0	489	Missense_Mutation	muse;mutect2								0.0104166666666667	FALSE
ZBTB7B	ENSG00000160685.13	1	1	0	0	0	44	Missense_Mutation	muse;mutect2;varscan2								0.0104166666666667	FALSE
ZC3H10	ENSG00000135482.7	1	1	0	0	0	400	Missense_Mutation	muse;mutect2;varscan2								0.0104166666666667	FALSE
ZC3H14	ENSG00000100722.20	1	1	0	0	0	377	Missense_Mutation	muse;mutect2;varscan2								0.0104166666666667	FALSE
ZC3H3	ENSG00000014164.7	1	1	1	1	0	168	Frame_Shift_Ins	mutect2;pindel;varscan2								0.0104166666666667	FALSE
ZC3H4	ENSG00000130749.10	1	1	0	0	0	370	Splice_Region	muse;mutect2;varscan2								0.0104166666666667	FALSE
ZC3H8	ENSG00000144161.13	1	1	0	0	0	27	Missense_Mutation	muse;mutect2;varscan2								0.0104166666666667	FALSE
ZCWPW1	ENSG00000078487.17	1	1	0	0	0	371	Missense_Mutation	muse;varscan2								0.0104166666666667	FALSE
ZDHHC11	ENSG00000188818.12	1	1	0	0	0	411	Missense_Mutation	muse;mutect2								0.0104166666666667	FALSE
ZDHHC13	ENSG00000177054.14	1	1	0	0	0	235	Missense_Mutation	muse;mutect2;varscan2								0.0104166666666667	FALSE
ZDHHC16	ENSG00000171307.19	1	1	0	0	0	306	In_Frame_Del	pindel;varscan2								0.0104166666666667	FALSE
ZDHHC20	ENSG00000180776.16	1	1	0	0	0	152	Missense_Mutation	muse;mutect2;varscan2								0.0104166666666667	FALSE
ZDHHC23	ENSG00000184307.16	1	1	0	0	0	150	Missense_Mutation	muse;mutect2;varscan2								0.0104166666666667	FALSE
ZFP36L2	ENSG00000152518.8	1	1	1	1	0	169	Frame_Shift_Ins	mutect2;pindel;varscan2								0.0104166666666667	FALSE
ZFP37	ENSG00000136866.14	1	1	0	0	0	121	Missense_Mutation	muse;mutect2;varscan2								0.0104166666666667	FALSE
ZFP57	ENSG00000204644.10	1	1	0	0	0	298	Missense_Mutation	muse;mutect2;varscan2								0.0104166666666667	FALSE
ZFP64	ENSG00000020256.20	1	1	0	0	0	466	Missense_Mutation	muse;mutect2;varscan2								0.0104166666666667	FALSE
ZFP69B	ENSG00000187801.15	1	1	0	0	0	503	Missense_Mutation	muse;mutect2;varscan2								0.0104166666666667	FALSE
ZFP90	ENSG00000184939.16	1	1	0	0	0	594	Missense_Mutation	muse;mutect2;varscan2								0.0104166666666667	FALSE
ZFP91	ENSG00000186660.15	1	1	0	0	0	474	Missense_Mutation	muse;mutect2;varscan2								0.0104166666666667	FALSE
ZFR2	ENSG00000105278.12	1	1	0	0	0	839	Missense_Mutation	muse;mutect2;varscan2								0.0104166666666667	FALSE
ZFYVE1	ENSG00000165861.14	1	1	0	0	0	331	Missense_Mutation	muse;mutect2								0.0104166666666667	FALSE
ZFYVE26	ENSG00000072121.17	1	1	0	0	0	1843	Missense_Mutation	muse;mutect2;varscan2								0.0104166666666667	FALSE
ZIC1	ENSG00000152977.10	1	1	0	0	0	355	Missense_Mutation	muse;mutect2;varscan2								0.0104166666666667	FALSE
ZIC4	ENSG00000174963.18	1	1	1	1	0	12	Nonsense_Mutation	muse;mutect2;varscan2								0.0104166666666667	FALSE
ZIM3	ENSG00000141946.1	1	1	0	0	0	106	Missense_Mutation	muse;mutect2								0.0104166666666667	FALSE
ZKSCAN2	ENSG00000155592.16	1	1	0	0	0	721	Missense_Mutation	muse;mutect2								0.0104166666666667	FALSE
ZKSCAN3	ENSG00000189298.14	1	1	0	0	0	330	Missense_Mutation	muse;mutect2;varscan2								0.0104166666666667	FALSE
ZMIZ1	ENSG00000108175.17	1	1	0	0	0	1037	Missense_Mutation	muse;mutect2;varscan2								0.0104166666666667	FALSE
ZMYM3	ENSG00000147130.14	1	1	0	0	0	230	Missense_Mutation	muse;mutect2;varscan2								0.0104166666666667	FALSE
ZMYM4	ENSG00000146463.12	1	1	0	0	0	886	Missense_Mutation	muse;mutect2;varscan2								0.0104166666666667	FALSE
ZMYM6	ENSG00000163867.17	1	1	1	1	0	564	Nonsense_Mutation	muse;mutect2;varscan2								0.0104166666666667	FALSE
ZMYND12	ENSG00000066185.13	1	1	0	0	0	212	Missense_Mutation	muse;mutect2								0.0104166666666667	FALSE
ZNF101	ENSG00000181896.12	1	1	0	0	0	354	Missense_Mutation	muse;mutect2;varscan2								0.0104166666666667	FALSE
ZNF106	ENSG00000103994.18	1	1	0	0	0	35	Missense_Mutation	muse;mutect2;varscan2								0.0104166666666667	FALSE
ZNF12	ENSG00000164631.19	1	1	0	0	0	390	In_Frame_Del	mutect2;pindel;varscan2								0.0104166666666667	FALSE
ZNF135	ENSG00000176293.20	1	1	0	0	0	342	Missense_Mutation	muse;mutect2;varscan2								0.0104166666666667	FALSE
ZNF14	ENSG00000105708.9	1	1	0	0	0	69	Missense_Mutation	muse;mutect2;varscan2								0.0104166666666667	FALSE
ZNF142	ENSG00000115568.16	1	1	0	0	0	1700	Missense_Mutation	muse;mutect2;varscan2								0.0104166666666667	FALSE
ZNF148	ENSG00000163848.20	1	1	0	0	0	102	Missense_Mutation	muse;mutect2								0.0104166666666667	FALSE
ZNF160	ENSG00000170949.17	1	1	1	1	0	780	Frame_Shift_Ins	mutect2;pindel;varscan2								0.0104166666666667	FALSE
ZNF165	ENSG00000197279.4	1	1	0	0	0	384	In_Frame_Del	mutect2;pindel;varscan2								0.0104166666666667	FALSE
ZNF17	ENSG00000186272.13	1	1	0	0	0	621	Missense_Mutation	muse;mutect2								0.0104166666666667	FALSE
ZNF175	ENSG00000105497.8	1	1	0	0	0	210	Missense_Mutation	muse;mutect2;varscan2								0.0104166666666667	FALSE
ZNF185	ENSG00000147394.18	1	1	0	0	0	366	Missense_Mutation	muse;mutect2;varscan2								0.0104166666666667	FALSE
ZNF195	ENSG00000005801.18	1	1	1	1	0	591	Nonsense_Mutation	muse;mutect2;varscan2								0.0104166666666667	FALSE
ZNF197	ENSG00000186448.15	1	1	0	0	0	119	Missense_Mutation	muse;mutect2;varscan2								0.0104166666666667	FALSE
ZNF202	ENSG00000166261.11	1	1	0	0	0	367	Missense_Mutation	muse;mutect2;varscan2								0.0104166666666667	FALSE
ZNF211	ENSG00000121417.14	1	1	0	0	0	415	Missense_Mutation	muse;mutect2;varscan2								0.0104166666666667	FALSE
ZNF212	ENSG00000170260.9	1	1	0	0	0	358	Missense_Mutation	muse;mutect2;varscan2								0.0104166666666667	FALSE
ZNF213	ENSG00000085644.14	1	1	0	0	0	305	Missense_Mutation	muse;mutect2								0.0104166666666667	FALSE
ZNF223	ENSG00000178386.13	1	1	0	0	0	431	Missense_Mutation	muse;mutect2;varscan2								0.0104166666666667	FALSE
ZNF229	ENSG00000278318.5	1	1	0	0	0	14	Missense_Mutation	muse;mutect2;varscan2								0.0104166666666667	FALSE
ZNF23	ENSG00000167377.18	1	1	0	0	0	384	Missense_Mutation	muse;mutect2;varscan2								0.0104166666666667	FALSE
ZNF250	ENSG00000196150.14	1	1	0	0	0	230	Missense_Mutation	muse;mutect2;varscan2								0.0104166666666667	FALSE
ZNF254	ENSG00000213096.11	1	1	0	0	0	92	Missense_Mutation	muse;mutect2;varscan2								0.0104166666666667	FALSE
ZNF257	ENSG00000197134.13	1	1	1	1	0	233	Nonsense_Mutation	muse;mutect2;varscan2								0.0104166666666667	FALSE
ZNF260	ENSG00000254004.7	1	1	0	0	0	187	Missense_Mutation	muse;mutect2;varscan2								0.0104166666666667	FALSE
ZNF264	ENSG00000083844.10	1	1	1	1	0	528	Nonsense_Mutation	muse;mutect2;varscan2								0.0104166666666667	FALSE
ZNF280A	ENSG00000169548.3	1	1	0	0	0	197	Missense_Mutation	muse;mutect2								0.0104166666666667	FALSE
ZNF280B	ENSG00000275004.4	1	1	0	0	0	522	Missense_Mutation	mutect2;varscan2								0.0104166666666667	FALSE
ZNF311	ENSG00000197935.7	1	1	1	1	0	568	Nonsense_Mutation	muse;mutect2;varscan2								0.0104166666666667	FALSE
ZNF317	ENSG00000130803.15	1	1	0	0	0	473	Missense_Mutation	muse;mutect2								0.0104166666666667	FALSE
ZNF320	ENSG00000182986.14	1	1	0	0	0	91	Missense_Mutation	muse;mutect2;varscan2								0.0104166666666667	FALSE
ZNF324	ENSG00000083812.12	1	1	0	0	0	462	Missense_Mutation	muse;mutect2;varscan2								0.0104166666666667	FALSE
ZNF326	ENSG00000162664.17	1	1	0	0	0	534	Missense_Mutation	muse;mutect2;varscan2								0.0104166666666667	FALSE
ZNF335	ENSG00000198026.8	1	1	0	0	0	101	Missense_Mutation	muse;mutect2;varscan2								0.0104166666666667	FALSE
ZNF337	ENSG00000130684.14	1	1	1	1	0	490	Frame_Shift_Ins	mutect2;pindel								0.0104166666666667	FALSE
ZNF343	ENSG00000088876.13	1	1	1	1	0	360	Nonsense_Mutation	muse;mutect2;varscan2								0.0104166666666667	FALSE
ZNF347	ENSG00000197937.13	1	1	0	0	0	15	Missense_Mutation	muse;mutect2;varscan2								0.0104166666666667	FALSE
ZNF350	ENSG00000256683.7	1	1	0	0	0	402	Missense_Mutation	muse;mutect2;varscan2								0.0104166666666667	FALSE
ZNF354A	ENSG00000169131.13	1	1	0	0	0	597	Missense_Mutation	muse;mutect2;varscan2								0.0104166666666667	FALSE
ZNF354C	ENSG00000177932.7	1	1	1	1	0	479	Nonsense_Mutation	muse;mutect2;varscan2								0.0104166666666667	FALSE
ZNF358	ENSG00000198816.7	1	1	0	0	0	320	Missense_Mutation	muse;mutect2;varscan2								0.0104166666666667	FALSE
ZNF382	ENSG00000161298.18	1	1	0	0	0	299	Missense_Mutation	muse;mutect2;varscan2								0.0104166666666667	FALSE
ZNF384	ENSG00000126746.17	1	1	0	0	0	400	Missense_Mutation	mutect2;varscan2								0.0104166666666667	FALSE
ZNF385B	ENSG00000144331.20	1	1	0	0	0	145	Missense_Mutation	muse;mutect2;varscan2								0.0104166666666667	FALSE
ZNF385D	ENSG00000151789.12	1	1	0	0	0	124	Missense_Mutation	muse;mutect2;varscan2								0.0104166666666667	FALSE
ZNF391	ENSG00000124613.8	1	1	0	0	0	96	Missense_Mutation	muse;mutect2;varscan2								0.0104166666666667	FALSE
ZNF394	ENSG00000160908.15	1	1	0	0	0	530	Missense_Mutation	muse;mutect2;varscan2								0.0104166666666667	FALSE
ZNF395	ENSG00000186918.14	1	1	0	0	0	463	Missense_Mutation	muse;mutect2;varscan2								0.0104166666666667	FALSE
ZNF404	ENSG00000176222.9	1	1	1	1	0	61	Frame_Shift_Ins	mutect2;pindel;varscan2								0.0104166666666667	FALSE
ZNF407	ENSG00000215421.9	1	1	0	0	0	33	Missense_Mutation	muse;mutect2;varscan2								0.0104166666666667	FALSE
ZNF41	ENSG00000147124.12	1	1	0	0	0	596	Missense_Mutation	muse;mutect2;varscan2								0.0104166666666667	FALSE
ZNF423	ENSG00000102935.12	1	1	0	0	0	812	Missense_Mutation	muse;mutect2;varscan2								0.0104166666666667	FALSE
ZNF43	ENSG00000198521.12	1	1	0	0	0	598	Missense_Mutation	muse;mutect2;varscan2								0.0104166666666667	FALSE
ZNF430	ENSG00000118620.13	1	1	1	1	0	343	Nonsense_Mutation	muse;mutect2;varscan2								0.0104166666666667	FALSE
ZNF431	ENSG00000196705.8	1	1	0	0	0	140	Missense_Mutation	muse;mutect2;varscan2								0.0104166666666667	FALSE
ZNF436	ENSG00000125945.15	1	1	1	1	0	409	Nonsense_Mutation	muse;mutect2;varscan2								0.0104166666666667	FALSE
ZNF438	ENSG00000183621.15	1	1	0	0	0	213	Missense_Mutation	muse;mutect2								0.0104166666666667	FALSE
ZNF439	ENSG00000171291.8	1	1	0	0	0	376	Missense_Mutation	muse;mutect2;varscan2								0.0104166666666667	FALSE
ZNF440	ENSG00000171295.13	1	1	0	0	0	223	Missense_Mutation	muse;mutect2;varscan2								0.0104166666666667	FALSE
ZNF441	ENSG00000197044.11	1	1	0	0	0	404	Missense_Mutation	muse;mutect2;varscan2								0.0104166666666667	FALSE
ZNF443	ENSG00000180855.16	1	1	1	1	0	505	Nonsense_Mutation	muse;varscan2								0.0104166666666667	FALSE
ZNF451	ENSG00000112200.17	1	1	1	1	0	968	Nonsense_Mutation	muse;mutect2;varscan2								0.0104166666666667	FALSE
ZNF462	ENSG00000148143.13	1	1	0	0	0	242	Missense_Mutation	muse;mutect2;varscan2								0.0104166666666667	FALSE
ZNF467	ENSG00000181444.13	1	1	0	0	0	299	Missense_Mutation	muse;mutect2;varscan2								0.0104166666666667	FALSE
ZNF480	ENSG00000198464.14	1	1	1	1	0	412	Nonsense_Mutation	muse;mutect2;varscan2								0.0104166666666667	FALSE
ZNF484	ENSG00000127081.14	1	1	0	0	0	192	Missense_Mutation	muse;mutect2;varscan2								0.0104166666666667	FALSE
ZNF485	ENSG00000198298.13	1	1	0	0	0	177	Missense_Mutation	muse;mutect2;varscan2								0.0104166666666667	FALSE
ZNF488	ENSG00000265763.4	1	1	0	0	0	146	Missense_Mutation	muse;mutect2;varscan2								0.0104166666666667	FALSE
ZNF492	ENSG00000229676.3	1	1	0	0	0	387	Missense_Mutation	muse;mutect2;varscan2								0.0104166666666667	FALSE
ZNF500	ENSG00000103199.14	1	1	0	0	0	262	Missense_Mutation	muse;mutect2;varscan2								0.0104166666666667	FALSE
ZNF510	ENSG00000081386.12	1	1	1	1	0	460	Nonsense_Mutation	muse;mutect2;varscan2								0.0104166666666667	FALSE
ZNF512B	ENSG00000196700.9	1	1	0	0	0	804	Missense_Mutation	muse;mutect2;varscan2								0.0104166666666667	FALSE
ZNF517	ENSG00000197363.9	1	1	0	0	0	209	Missense_Mutation	muse;mutect2;varscan2								0.0104166666666667	FALSE
ZNF518B	ENSG00000178163.8	1	1	0	0	0	921	Missense_Mutation	muse;mutect2;varscan2								0.0104166666666667	FALSE
ZNF524	ENSG00000171443.7	1	1	0	0	0	217	Missense_Mutation	muse;mutect2;varscan2								0.0104166666666667	FALSE
ZNF527	ENSG00000189164.15	1	1	1	1	0	40	Frame_Shift_Ins	mutect2;varscan2								0.0104166666666667	FALSE
ZNF528	ENSG00000167555.14	1	1	0	0	0	546	Missense_Mutation	muse;mutect2;varscan2								0.0104166666666667	FALSE
ZNF534	ENSG00000198633.10	1	1	0	0	0	164	Missense_Mutation	muse;mutect2;varscan2								0.0104166666666667	FALSE
ZNF546	ENSG00000187187.14	1	1	0	0	0	718	Missense_Mutation	muse;mutect2;varscan2								0.0104166666666667	FALSE
ZNF549	ENSG00000121406.9	1	1	0	0	0	53	Missense_Mutation	muse;mutect2;varscan2								0.0104166666666667	FALSE
ZNF551	ENSG00000204519.11	1	1	0	0	0	199	Missense_Mutation	muse;mutect2;varscan2								0.0104166666666667	FALSE
ZNF556	ENSG00000172000.7	1	1	0	0	0	227	Missense_Mutation	muse;mutect2;varscan2								0.0104166666666667	FALSE
ZNF557	ENSG00000130544.12	1	1	0	0	0	330	Missense_Mutation	muse;mutect2;varscan2								0.0104166666666667	FALSE
ZNF559	ENSG00000188321.13	1	1	0	0	0	40	Missense_Mutation	muse;mutect2;varscan2								0.0104166666666667	FALSE
ZNF561	ENSG00000171469.11	1	1	0	0	0	214	Missense_Mutation	muse;mutect2;varscan2								0.0104166666666667	FALSE
ZNF562	ENSG00000171466.10	1	1	0	0	0	6	Missense_Mutation	muse;mutect2;varscan2								0.0104166666666667	FALSE
ZNF563	ENSG00000188868.14	1	1	0	0	0	176	Missense_Mutation	muse;mutect2;varscan2								0.0104166666666667	FALSE
ZNF565	ENSG00000196357.12	1	1	0	0	0	162	Missense_Mutation	muse;varscan2								0.0104166666666667	FALSE
ZNF569	ENSG00000196437.12	1	1	0	0	0	625	Missense_Mutation	muse;mutect2;varscan2								0.0104166666666667	FALSE
ZNF571	ENSG00000180479.14	1	1	0	0	0	126	Missense_Mutation	muse;mutect2;varscan2								0.0104166666666667	FALSE
ZNF581	ENSG00000171425.10	1	1	0	0	0	171	Missense_Mutation	muse;mutect2;varscan2								0.0104166666666667	FALSE
ZNF585B	ENSG00000245680.11	1	1	0	0	0	337	Missense_Mutation	muse;mutect2;varscan2								0.0104166666666667	FALSE
ZNF587	ENSG00000198466.12	1	1	0	0	0	481	Missense_Mutation	muse;mutect2;varscan2								0.0104166666666667	FALSE
ZNF592	ENSG00000166716.10	1	1	0	0	0	1147	Missense_Mutation	muse;mutect2;varscan2								0.0104166666666667	FALSE
ZNF594	ENSG00000180626.10	1	1	0	0	0	610	Missense_Mutation	muse;mutect2;varscan2								0.0104166666666667	FALSE
ZNF597	ENSG00000167981.7	1	1	0	0	0	226	Missense_Mutation	muse;mutect2;varscan2								0.0104166666666667	FALSE
ZNF599	ENSG00000153896.19	1	1	0	0	0	237	Missense_Mutation	muse;mutect2;varscan2								0.0104166666666667	FALSE
ZNF605	ENSG00000196458.11	1	1	0	0	0	460	Missense_Mutation	muse;mutect2;varscan2								0.0104166666666667	FALSE
ZNF606	ENSG00000166704.11	1	1	1	1	0	140	Nonsense_Mutation	muse;mutect2								0.0104166666666667	FALSE
ZNF607	ENSG00000198182.13	1	1	0	0	0	601	Missense_Mutation	muse;mutect2;varscan2								0.0104166666666667	FALSE
ZNF608	ENSG00000168916.15	1	1	0	0	0	91	Missense_Mutation	muse;mutect2;varscan2								0.0104166666666667	FALSE
ZNF609	ENSG00000180357.9	1	1	0	0	0	610	Missense_Mutation	muse;mutect2								0.0104166666666667	FALSE
ZNF618	ENSG00000157657.14	1	1	0	0	0	607	Missense_Mutation	muse;mutect2;varscan2								0.0104166666666667	FALSE
ZNF622	ENSG00000173545.5	1	1	0	0	0	253	Missense_Mutation	muse;mutect2;varscan2								0.0104166666666667	FALSE
ZNF624	ENSG00000197566.10	1	1	0	0	0	308	Missense_Mutation	muse;mutect2;varscan2								0.0104166666666667	FALSE
ZNF625	ENSG00000257591.6	1	1	0	0	0	304	Missense_Mutation	muse;mutect2;varscan2								0.0104166666666667	FALSE
ZNF626	ENSG00000188171.16	1	1	0	0	0	169	Missense_Mutation	muse;mutect2;varscan2								0.0104166666666667	FALSE
ZNF638	ENSG00000075292.19	1	1	0	0	0	1629	Missense_Mutation	muse;varscan2								0.0104166666666667	FALSE
ZNF646	ENSG00000167395.10	1	1	0	0	0	381	Missense_Mutation	muse;mutect2;varscan2								0.0104166666666667	FALSE
ZNF653	ENSG00000161914.10	1	1	0	0	0	377	Missense_Mutation	muse;mutect2								0.0104166666666667	FALSE
ZNF665	ENSG00000197497.11	1	1	0	0	0	117	Missense_Mutation	muse;mutect2;varscan2								0.0104166666666667	FALSE
ZNF667	ENSG00000198046.12	1	1	1	1	0	54	Frame_Shift_Del	mutect2;pindel;varscan2								0.0104166666666667	FALSE
ZNF668	ENSG00000167394.13	1	1	1	1	0	381	Nonsense_Mutation	muse;mutect2;varscan2								0.0104166666666667	FALSE
ZNF678	ENSG00000181450.18	1	1	0	0	0	514	Missense_Mutation	muse;mutect2;varscan2								0.0104166666666667	FALSE
ZNF681	ENSG00000196172.9	1	1	0	0	0	25	Missense_Mutation	muse;mutect2;varscan2								0.0104166666666667	FALSE
ZNF688	ENSG00000229809.8	1	1	0	0	0	222	Missense_Mutation	muse;mutect2;varscan2								0.0104166666666667	FALSE
ZNF696	ENSG00000185730.8	1	1	0	0	0	191	Missense_Mutation	muse;mutect2;varscan2								0.0104166666666667	FALSE
ZNF697	ENSG00000143067.5	1	1	0	0	0	429	Missense_Mutation	muse;mutect2;varscan2								0.0104166666666667	FALSE
ZNF70	ENSG00000187792.5	1	1	0	0	0	439	Missense_Mutation	muse;mutect2;varscan2								0.0104166666666667	FALSE
ZNF709	ENSG00000242852.7	1	1	0	0	0	83	Missense_Mutation	muse;mutect2;varscan2								0.0104166666666667	FALSE
ZNF71	ENSG00000197951.10	1	1	0	0	0	442	Missense_Mutation	muse;mutect2;varscan2								0.0104166666666667	FALSE
ZNF710	ENSG00000140548.10	1	1	0	0	0	92	Missense_Mutation	muse;mutect2;varscan2								0.0104166666666667	FALSE
ZNF77	ENSG00000175691.9	1	1	0	0	0	291	Missense_Mutation	muse;mutect2								0.0104166666666667	FALSE
ZNF773	ENSG00000152439.13	1	1	0	0	0	391	Missense_Mutation	muse;mutect2;varscan2								0.0104166666666667	FALSE
ZNF776	ENSG00000152443.13	1	1	0	0	0	130	Missense_Mutation	muse;mutect2;varscan2								0.0104166666666667	FALSE
ZNF780A	ENSG00000197782.14	1	1	0	0	0	199	Missense_Mutation	muse;mutect2;varscan2								0.0104166666666667	FALSE
ZNF780B	ENSG00000128000.17	1	1	0	0	0	144	Missense_Mutation	muse;mutect2;varscan2								0.0104166666666667	FALSE
ZNF789	ENSG00000198556.14	1	1	0	0	0	8	Missense_Mutation	muse;mutect2								0.0104166666666667	FALSE
ZNF79	ENSG00000196152.10	1	1	0	0	0	326	Missense_Mutation	muse;mutect2;varscan2								0.0104166666666667	FALSE
ZNF790	ENSG00000197863.9	1	1	0	0	0	95	Missense_Mutation	muse;mutect2								0.0104166666666667	FALSE
ZNF793	ENSG00000188227.13	1	1	0	0	0	322	Missense_Mutation	muse;mutect2;varscan2								0.0104166666666667	FALSE
ZNF81	ENSG00000197779.15	1	1	0	0	0	402	Missense_Mutation	muse;mutect2;varscan2								0.0104166666666667	FALSE
ZNF823	ENSG00000197933.13	1	1	0	0	0	59	Missense_Mutation	muse;mutect2;varscan2								0.0104166666666667	FALSE
ZNF829	ENSG00000185869.15	1	1	0	0	0	320	Missense_Mutation	muse;mutect2;varscan2								0.0104166666666667	FALSE
ZNF836	ENSG00000196267.12	1	1	0	0	0	480	Missense_Mutation	muse;mutect2;varscan2								0.0104166666666667	FALSE
ZNF84	ENSG00000198040.11	1	1	0	0	0	400	Missense_Mutation	muse;mutect2;varscan2								0.0104166666666667	FALSE
ZNF862	ENSG00000106479.11	1	1	1	1	0	271	Frame_Shift_Del	mutect2;pindel								0.0104166666666667	FALSE
ZNF880	ENSG00000221923.9	1	1	1	1	0	292	Nonsense_Mutation	muse;mutect2;varscan2								0.0104166666666667	FALSE
ZNF93	ENSG00000184635.16	1	1	0	0	0	525	Missense_Mutation	muse;mutect2;varscan2								0.0104166666666667	FALSE
ZNF98	ENSG00000197360.9	1	1	1	1	0	514	Nonsense_Mutation	muse;mutect2;varscan2								0.0104166666666667	FALSE
ZNF99	ENSG00000213973.9	1	1	0	0	0	500	Missense_Mutation	muse;mutect2;varscan2								0.0104166666666667	FALSE
ZNRD2	ENSG00000173465.8	1	1	0	0	0	122	Missense_Mutation	muse;varscan2								0.0104166666666667	FALSE
ZNRF3	ENSG00000183579.16	1	1	1	1	0	859	Nonsense_Mutation	muse;mutect2;varscan2								0.0104166666666667	FALSE
ZPBP2	ENSG00000186075.13	1	1	0	0	0	113	Missense_Mutation	muse;mutect2;varscan2								0.0104166666666667	FALSE
ZPR1	ENSG00000109917.11	1	1	0	0	0	382	Missense_Mutation	muse;mutect2;varscan2								0.0104166666666667	FALSE
ZSCAN18	ENSG00000121413.13	1	1	0	0	0	341	Missense_Mutation	muse;mutect2;varscan2								0.0104166666666667	FALSE
ZSCAN20	ENSG00000121903.14	1	1	0	0	0	78	Missense_Mutation	muse;varscan2								0.0104166666666667	FALSE
ZSCAN29	ENSG00000140265.12	1	1	0	0	0	599	Missense_Mutation	muse;mutect2;varscan2								0.0104166666666667	FALSE
ZSWIM1	ENSG00000168612.4	1	1	0	0	0	151	Missense_Mutation	muse;mutect2;varscan2								0.0104166666666667	FALSE
ZSWIM5	ENSG00000162415.7	1	1	0	0	0	1144	Missense_Mutation	muse;mutect2;varscan2								0.0104166666666667	FALSE
ZUP1	ENSG00000153975.10	1	1	0	0	0	159	Missense_Mutation	muse;mutect2;varscan2								0.0104166666666667	FALSE
ZW10	ENSG00000086827.9	1	1	0	0	0	56	Missense_Mutation	muse;mutect2;varscan2								0.0104166666666667	FALSE
