model_id	reference_factor	candidate_factor	raw_shared_loading_correlation	absolute_shared_loading_correlation	patient_score_correlation_diagnostic_raw	patient_score_correlation_diagnostic_aligned	absolute_patient_score_correlation_diagnostic	sign_multiplier	sign_flipped	reference_margin	candidate_margin	minimum_match_margin	low_margin_flag	match_reliable	matching_status	loading_alignment_is_event_blind	loading_alignment_views	loading_standardization	reference_factor_count	candidate_factor_count	loading_alignment_method	patient_score_diagnostic_method	minimum_absolute_correlation	minimum_margin_required	high_confidence_override	override_margin_requirement	seed	scenario_order	scenario_id	scenario_class	target_gene_id	target_gene_name	scenario_no_op	expected_model_action	mutation_action	cnv_action	model_completed	model_converged	training_iteration_count	final_elbo	counts_toward_sensitivity
baseline__seed_20260711	Factor1	Factor1	1	1	1	1	1	1	FALSE	0.880888682098358	0.880888682098358	0.880888682098358	FALSE	TRUE	reliable_hungarian_match	TRUE	RNA;miRNA;HM450	per-view per-factor center then unit-L2; concatenate shared features	8	8	Pearson correlation of standardized loadings	spearman	0.35	0.05	0.7	0.05	20260711	1	baseline	baseline_multi_seed			FALSE	fit_new_mofa_model	retained	retained	TRUE	TRUE	300	-554116.37722269	TRUE
baseline__seed_20260711	Factor2	Factor2	1	1	1	1	1	1	FALSE	0.744260954164839	0.744260954164839	0.744260954164839	FALSE	TRUE	reliable_hungarian_match	TRUE	RNA;miRNA;HM450	per-view per-factor center then unit-L2; concatenate shared features	8	8	Pearson correlation of standardized loadings	spearman	0.35	0.05	0.7	0.05	20260711	1	baseline	baseline_multi_seed			FALSE	fit_new_mofa_model	retained	retained	TRUE	TRUE	300	-554116.37722269	TRUE
baseline__seed_20260711	Factor3	Factor3	1	1	1	1	1	1	FALSE	0.866943659076289	0.866943659076289	0.866943659076289	FALSE	TRUE	reliable_hungarian_match	TRUE	RNA;miRNA;HM450	per-view per-factor center then unit-L2; concatenate shared features	8	8	Pearson correlation of standardized loadings	spearman	0.35	0.05	0.7	0.05	20260711	1	baseline	baseline_multi_seed			FALSE	fit_new_mofa_model	retained	retained	TRUE	TRUE	300	-554116.37722269	TRUE
baseline__seed_20260711	Factor4	Factor4	1	1	1	1	1	1	FALSE	0.744260954164839	0.744260954164839	0.744260954164839	FALSE	TRUE	reliable_hungarian_match	TRUE	RNA;miRNA;HM450	per-view per-factor center then unit-L2; concatenate shared features	8	8	Pearson correlation of standardized loadings	spearman	0.35	0.05	0.7	0.05	20260711	1	baseline	baseline_multi_seed			FALSE	fit_new_mofa_model	retained	retained	TRUE	TRUE	300	-554116.37722269	TRUE
baseline__seed_20260711	Factor5	Factor5	1	1	1	1	1	1	FALSE	0.853956674700346	0.853956674700346	0.853956674700346	FALSE	TRUE	reliable_hungarian_match	TRUE	RNA;miRNA;HM450	per-view per-factor center then unit-L2; concatenate shared features	8	8	Pearson correlation of standardized loadings	spearman	0.35	0.05	0.7	0.05	20260711	1	baseline	baseline_multi_seed			FALSE	fit_new_mofa_model	retained	retained	TRUE	TRUE	300	-554116.37722269	TRUE
baseline__seed_20260711	Factor6	Factor6	1	1	1	1	1	1	FALSE	0.839062620711808	0.839062620711808	0.839062620711808	FALSE	TRUE	reliable_hungarian_match	TRUE	RNA;miRNA;HM450	per-view per-factor center then unit-L2; concatenate shared features	8	8	Pearson correlation of standardized loadings	spearman	0.35	0.05	0.7	0.05	20260711	1	baseline	baseline_multi_seed			FALSE	fit_new_mofa_model	retained	retained	TRUE	TRUE	300	-554116.37722269	TRUE
baseline__seed_20260711	Factor7	Factor7	1	1	1	1	1	1	FALSE	0.92234986222424	0.92234986222424	0.92234986222424	FALSE	TRUE	reliable_hungarian_match	TRUE	RNA;miRNA;HM450	per-view per-factor center then unit-L2; concatenate shared features	8	8	Pearson correlation of standardized loadings	spearman	0.35	0.05	0.7	0.05	20260711	1	baseline	baseline_multi_seed			FALSE	fit_new_mofa_model	retained	retained	TRUE	TRUE	300	-554116.37722269	TRUE
baseline__seed_20260711	Factor8	Factor8	1	1	1	1	1	1	FALSE	0.824337383240004	0.824337383240004	0.824337383240004	FALSE	TRUE	reliable_hungarian_match	TRUE	RNA;miRNA;HM450	per-view per-factor center then unit-L2; concatenate shared features	8	8	Pearson correlation of standardized loadings	spearman	0.35	0.05	0.7	0.05	20260711	1	baseline	baseline_multi_seed			FALSE	fit_new_mofa_model	retained	retained	TRUE	TRUE	300	-554116.37722269	TRUE
drop_mutation_view__seed_20260711	Factor1	Factor1	-0.626100009716627	0.626100009716627	-0.652046382256258	0.652046382256258	0.652046382256258	-1	TRUE	-0.076887356961315	-0.125309590657946	-0.125309590657946	TRUE	FALSE	assigned_low_margin_unmatched	TRUE	RNA;miRNA;HM450	per-view per-factor center then unit-L2; concatenate shared features	8	8	Pearson correlation of standardized loadings	spearman	0.35	0.05	0.7	0.05	20260711	2	drop_mutation_view	global_view_drop			FALSE	fit_new_mofa_model	view_removed	retained	TRUE	TRUE	345	-550821.481719845	TRUE
drop_mutation_view__seed_20260711	Factor2	Factor2	0.998236495543582	0.998236495543582	0.996734457970595	0.996734457970595	0.996734457970595	1	FALSE	0.733050118303427	0.751656145432383	0.733050118303427	FALSE	TRUE	reliable_hungarian_match	TRUE	RNA;miRNA;HM450	per-view per-factor center then unit-L2; concatenate shared features	8	8	Pearson correlation of standardized loadings	spearman	0.35	0.05	0.7	0.05	20260711	2	drop_mutation_view	global_view_drop			FALSE	fit_new_mofa_model	view_removed	retained	TRUE	TRUE	345	-550821.481719845	TRUE
drop_mutation_view__seed_20260711	Factor3	Factor6	-0.675872769692935	0.675872769692935	-0.637510385435105	0.637510385435105	0.637510385435105	-1	TRUE	-0.0755368306816378	0.143554552522605	-0.0755368306816378	TRUE	FALSE	assigned_low_margin_unmatched	TRUE	RNA;miRNA;HM450	per-view per-factor center then unit-L2; concatenate shared features	8	8	Pearson correlation of standardized loadings	spearman	0.35	0.05	0.7	0.05	20260711	2	drop_mutation_view	global_view_drop			FALSE	fit_new_mofa_model	view_removed	retained	TRUE	TRUE	345	-550821.481719845	TRUE
drop_mutation_view__seed_20260711	Factor4	Factor4	0.986520865413592	0.986520865413592	0.991995087237655	0.991995087237655	0.991995087237655	1	FALSE	0.739940515302394	0.681312963677034	0.681312963677034	FALSE	TRUE	reliable_hungarian_match	TRUE	RNA;miRNA;HM450	per-view per-factor center then unit-L2; concatenate shared features	8	8	Pearson correlation of standardized loadings	spearman	0.35	0.05	0.7	0.05	20260711	2	drop_mutation_view	global_view_drop			FALSE	fit_new_mofa_model	view_removed	retained	TRUE	TRUE	345	-550821.481719845	TRUE
drop_mutation_view__seed_20260711	Factor5	Factor5	-0.997816103677328	0.997816103677328	-0.997904851352816	0.997904851352816	0.997904851352816	-1	TRUE	0.850921235122495	0.848627382000142	0.848627382000142	FALSE	TRUE	reliable_hungarian_match	TRUE	RNA;miRNA;HM450	per-view per-factor center then unit-L2; concatenate shared features	8	8	Pearson correlation of standardized loadings	spearman	0.35	0.05	0.7	0.05	20260711	2	drop_mutation_view	global_view_drop			FALSE	fit_new_mofa_model	view_removed	retained	TRUE	TRUE	345	-550821.481719845	TRUE
drop_mutation_view__seed_20260711	Factor6	Factor7	0.99718962324442	0.99718962324442	0.997890402051801	0.997890402051801	0.997890402051801	1	FALSE	0.829808931501121	0.842235519892576	0.829808931501121	FALSE	TRUE	reliable_hungarian_match	TRUE	RNA;miRNA;HM450	per-view per-factor center then unit-L2; concatenate shared features	8	8	Pearson correlation of standardized loadings	spearman	0.35	0.05	0.7	0.05	20260711	2	drop_mutation_view	global_view_drop			FALSE	fit_new_mofa_model	view_removed	retained	TRUE	TRUE	345	-550821.481719845	TRUE
drop_mutation_view__seed_20260711	Factor7	Factor8	-0.977033416772979	0.977033416772979	-0.934978145432215	0.934978145432215	0.934978145432215	-1	TRUE	0.857511074626118	0.801570498032983	0.801570498032983	FALSE	TRUE	reliable_hungarian_match	TRUE	RNA;miRNA;HM450	per-view per-factor center then unit-L2; concatenate shared features	8	8	Pearson correlation of standardized loadings	spearman	0.35	0.05	0.7	0.05	20260711	2	drop_mutation_view	global_view_drop			FALSE	fit_new_mofa_model	view_removed	retained	TRUE	TRUE	345	-550821.481719845	TRUE
drop_mutation_view__seed_20260711	Factor8	Factor3	0.707054180616254	0.707054180616254	0.764895423183904	0.764895423183904	0.764895423183904	1	FALSE	0.401846278879696	0.00406681393831232	0.00406681393831232	TRUE	FALSE	assigned_low_margin_unmatched	TRUE	RNA;miRNA;HM450	per-view per-factor center then unit-L2; concatenate shared features	8	8	Pearson correlation of standardized loadings	spearman	0.35	0.05	0.7	0.05	20260711	2	drop_mutation_view	global_view_drop			FALSE	fit_new_mofa_model	view_removed	retained	TRUE	TRUE	345	-550821.481719845	TRUE
drop_cnv_view__seed_20260711	Factor1	Factor1	0.996616587876539	0.996616587876539	0.996561066358415	0.996561066358415	0.996561066358415	1	FALSE	0.823537801580823	0.855834264488207	0.823537801580823	FALSE	TRUE	reliable_hungarian_match	TRUE	RNA;miRNA;HM450	per-view per-factor center then unit-L2; concatenate shared features	8	8	Pearson correlation of standardized loadings	spearman	0.35	0.05	0.7	0.05	20260711	3	drop_cnv_view	global_view_drop			FALSE	fit_new_mofa_model	retained	view_removed	TRUE	TRUE	220	-476686.718559611	TRUE
drop_cnv_view__seed_20260711	Factor2	Factor2	0.998401309625071	0.998401309625071	0.99660441426146	0.99660441426146	0.99660441426146	1	FALSE	0.783543372489051	0.748830506966578	0.748830506966578	FALSE	TRUE	reliable_hungarian_match	TRUE	RNA;miRNA;HM450	per-view per-factor center then unit-L2; concatenate shared features	8	8	Pearson correlation of standardized loadings	spearman	0.35	0.05	0.7	0.05	20260711	3	drop_cnv_view	global_view_drop			FALSE	fit_new_mofa_model	retained	view_removed	TRUE	TRUE	220	-476686.718559611	TRUE
drop_cnv_view__seed_20260711	Factor3	Factor3	-0.997993292483045	0.997993292483045	-0.99663331286349	0.99663331286349	0.99663331286349	-1	TRUE	0.870840198831712	0.860105727625917	0.860105727625917	FALSE	TRUE	reliable_hungarian_match	TRUE	RNA;miRNA;HM450	per-view per-factor center then unit-L2; concatenate shared features	8	8	Pearson correlation of standardized loadings	spearman	0.35	0.05	0.7	0.05	20260711	3	drop_cnv_view	global_view_drop			FALSE	fit_new_mofa_model	retained	view_removed	TRUE	TRUE	220	-476686.718559611	TRUE
drop_cnv_view__seed_20260711	Factor4	Factor7	0.594785506573292	0.594785506573292	0.740837336993823	0.740837336993823	0.740837336993823	1	FALSE	-0.111079882153891	-0.033840598880764	-0.111079882153891	TRUE	FALSE	assigned_low_margin_unmatched	TRUE	RNA;miRNA;HM450	per-view per-factor center then unit-L2; concatenate shared features	8	8	Pearson correlation of standardized loadings	spearman	0.35	0.05	0.7	0.05	20260711	3	drop_cnv_view	global_view_drop			FALSE	fit_new_mofa_model	retained	view_removed	TRUE	TRUE	220	-476686.718559611	TRUE
drop_cnv_view__seed_20260711	Factor5	Factor4	0.999419669571916	0.999419669571916	0.999335332153307	0.999335332153307	0.999335332153307	1	FALSE	0.853330733785131	0.857446945168836	0.853330733785131	FALSE	TRUE	reliable_hungarian_match	TRUE	RNA;miRNA;HM450	per-view per-factor center then unit-L2; concatenate shared features	8	8	Pearson correlation of standardized loadings	spearman	0.35	0.05	0.7	0.05	20260711	3	drop_cnv_view	global_view_drop			FALSE	fit_new_mofa_model	retained	view_removed	TRUE	TRUE	220	-476686.718559611	TRUE
drop_cnv_view__seed_20260711	Factor6	Factor6	0.998243437089464	0.998243437089464	0.999205288444171	0.999205288444171	0.999205288444171	1	FALSE	0.802891234826803	0.847120207073275	0.802891234826803	FALSE	TRUE	reliable_hungarian_match	TRUE	RNA;miRNA;HM450	per-view per-factor center then unit-L2; concatenate shared features	8	8	Pearson correlation of standardized loadings	spearman	0.35	0.05	0.7	0.05	20260711	3	drop_cnv_view	global_view_drop			FALSE	fit_new_mofa_model	retained	view_removed	TRUE	TRUE	220	-476686.718559611	TRUE
drop_cnv_view__seed_20260711	Factor7	Factor8	0.995645980129931	0.995645980129931	0.985406205974786	0.985406205974786	0.985406205974786	1	FALSE	0.923519314641101	0.91129040295228	0.91129040295228	FALSE	TRUE	reliable_hungarian_match	TRUE	RNA;miRNA;HM450	per-view per-factor center then unit-L2; concatenate shared features	8	8	Pearson correlation of standardized loadings	spearman	0.35	0.05	0.7	0.05	20260711	3	drop_cnv_view	global_view_drop			FALSE	fit_new_mofa_model	retained	view_removed	TRUE	TRUE	220	-476686.718559611	TRUE
drop_cnv_view__seed_20260711	Factor8	Factor5	-0.799998610829623	0.799998610829623	-0.660744861467327	0.660744861467327	0.660744861467327	-1	TRUE	0.171372505375567	0.0941332221024402	0.0941332221024402	FALSE	TRUE	reliable_hungarian_match	TRUE	RNA;miRNA;HM450	per-view per-factor center then unit-L2; concatenate shared features	8	8	Pearson correlation of standardized loadings	spearman	0.35	0.05	0.7	0.05	20260711	3	drop_cnv_view	global_view_drop			FALSE	fit_new_mofa_model	retained	view_removed	TRUE	TRUE	220	-476686.718559611	TRUE
drop_both_event_views__seed_20260711	Factor1	Factor1	0.997105913287103	0.997105913287103	0.996821153776686	0.996821153776686	0.996821153776686	1	FALSE	0.87947246643578	0.860416436779059	0.860416436779059	FALSE	TRUE	reliable_hungarian_match	TRUE	RNA;miRNA;HM450	per-view per-factor center then unit-L2; concatenate shared features	8	8	Pearson correlation of standardized loadings	spearman	0.35	0.05	0.7	0.05	20260711	4	drop_both_event_views	global_view_drop			FALSE	fit_new_mofa_model	view_removed	view_removed	TRUE	TRUE	230	-473182.169390733	TRUE
drop_both_event_views__seed_20260711	Factor2	Factor2	0.998148371137398	0.998148371137398	0.996011992919842	0.996011992919842	0.996011992919842	1	FALSE	0.785258235534478	0.756087850193059	0.756087850193059	FALSE	TRUE	reliable_hungarian_match	TRUE	RNA;miRNA;HM450	per-view per-factor center then unit-L2; concatenate shared features	8	8	Pearson correlation of standardized loadings	spearman	0.35	0.05	0.7	0.05	20260711	4	drop_both_event_views	global_view_drop			FALSE	fit_new_mofa_model	view_removed	view_removed	TRUE	TRUE	230	-473182.169390733	TRUE
drop_both_event_views__seed_20260711	Factor3	Factor3	-0.997116738410294	0.997116738410294	-0.995636311093451	0.995636311093451	0.995636311093451	-1	TRUE	0.871812912184936	0.860121915023584	0.860121915023584	FALSE	TRUE	reliable_hungarian_match	TRUE	RNA;miRNA;HM450	per-view per-factor center then unit-L2; concatenate shared features	8	8	Pearson correlation of standardized loadings	spearman	0.35	0.05	0.7	0.05	20260711	4	drop_both_event_views	global_view_drop			FALSE	fit_new_mofa_model	view_removed	view_removed	TRUE	TRUE	230	-473182.169390733	TRUE
drop_both_event_views__seed_20260711	Factor4	Factor4	0.881283744038965	0.881283744038965	0.927883538633818	0.927883538633818	0.927883538633818	1	FALSE	0.586995839055708	0.27710648144252	0.27710648144252	FALSE	TRUE	reliable_hungarian_match	TRUE	RNA;miRNA;HM450	per-view per-factor center then unit-L2; concatenate shared features	8	8	Pearson correlation of standardized loadings	spearman	0.35	0.05	0.7	0.05	20260711	4	drop_both_event_views	global_view_drop			FALSE	fit_new_mofa_model	view_removed	view_removed	TRUE	TRUE	230	-473182.169390733	TRUE
drop_both_event_views__seed_20260711	Factor5	Factor5	0.999252549838101	0.999252549838101	0.999306433551277	0.999306433551277	0.999306433551277	1	FALSE	0.853278050248111	0.858153288044267	0.853278050248111	FALSE	TRUE	reliable_hungarian_match	TRUE	RNA;miRNA;HM450	per-view per-factor center then unit-L2; concatenate shared features	8	8	Pearson correlation of standardized loadings	spearman	0.35	0.05	0.7	0.05	20260711	4	drop_both_event_views	global_view_drop			FALSE	fit_new_mofa_model	view_removed	view_removed	TRUE	TRUE	230	-473182.169390733	TRUE
drop_both_event_views__seed_20260711	Factor6	Factor6	0.997750228728005	0.997750228728005	0.999234187046202	0.999234187046202	0.999234187046202	1	FALSE	0.801571057458171	0.844085762027393	0.801571057458171	FALSE	TRUE	reliable_hungarian_match	TRUE	RNA;miRNA;HM450	per-view per-factor center then unit-L2; concatenate shared features	8	8	Pearson correlation of standardized loadings	spearman	0.35	0.05	0.7	0.05	20260711	4	drop_both_event_views	global_view_drop			FALSE	fit_new_mofa_model	view_removed	view_removed	TRUE	TRUE	230	-473182.169390733	TRUE
drop_both_event_views__seed_20260711	Factor7	Factor8	-0.995347852193533	0.995347852193533	-0.981692735613915	0.981692735613915	0.981692735613915	-1	TRUE	0.921170925504346	0.907354725828851	0.907354725828851	FALSE	TRUE	reliable_hungarian_match	TRUE	RNA;miRNA;HM450	per-view per-factor center then unit-L2; concatenate shared features	8	8	Pearson correlation of standardized loadings	spearman	0.35	0.05	0.7	0.05	20260711	4	drop_both_event_views	global_view_drop			FALSE	fit_new_mofa_model	view_removed	view_removed	TRUE	TRUE	230	-473182.169390733	TRUE
drop_both_event_views__seed_20260711	Factor8	Factor7	-0.873642525676316	0.873642525676316	-0.839179279702344	0.839179279702344	0.839179279702344	-1	TRUE	0.269465263079872	0.57935462069306	0.269465263079872	FALSE	TRUE	reliable_hungarian_match	TRUE	RNA;miRNA;HM450	per-view per-factor center then unit-L2; concatenate shared features	8	8	Pearson correlation of standardized loadings	spearman	0.35	0.05	0.7	0.05	20260711	4	drop_both_event_views	global_view_drop			FALSE	fit_new_mofa_model	view_removed	view_removed	TRUE	TRUE	230	-473182.169390733	TRUE
drop_gene_event_features_PIK3CA__seed_20260711	Factor1	Factor1	0.999998233873094	0.999998233873094	0.999956652096955	0.999956652096955	0.999956652096955	1	FALSE	0.880751681707255	0.881177517163117	0.880751681707255	FALSE	TRUE	reliable_hungarian_match	TRUE	RNA;miRNA;HM450	per-view per-factor center then unit-L2; concatenate shared features	8	8	Pearson correlation of standardized loadings	spearman	0.35	0.05	0.7	0.05	20260711	5	drop_gene_event_features_PIK3CA	gene_event_feature_drop	ENSG00000121879.6	PIK3CA	FALSE	fit_new_mofa_model	gene_feature_removed	no_op_gene_feature_not_in_reference_model	TRUE	TRUE	305	-554049.883373287	TRUE
drop_gene_event_features_PIK3CA__seed_20260711	Factor2	Factor2	0.999999915697665	0.999999915697665	0.999985550698985	0.999985550698985	0.999985550698985	1	FALSE	0.744472510365453	0.74415992734536	0.74415992734536	FALSE	TRUE	reliable_hungarian_match	TRUE	RNA;miRNA;HM450	per-view per-factor center then unit-L2; concatenate shared features	8	8	Pearson correlation of standardized loadings	spearman	0.35	0.05	0.7	0.05	20260711	5	drop_gene_event_features_PIK3CA	gene_event_feature_drop	ENSG00000121879.6	PIK3CA	FALSE	fit_new_mofa_model	gene_feature_removed	no_op_gene_feature_not_in_reference_model	TRUE	TRUE	305	-554049.883373287	TRUE
drop_gene_event_features_PIK3CA__seed_20260711	Factor3	Factor3	0.999998660280934	0.999998660280934	0.99997110139797	0.99997110139797	0.99997110139797	1	FALSE	0.866840756345073	0.866918952694912	0.866840756345073	FALSE	TRUE	reliable_hungarian_match	TRUE	RNA;miRNA;HM450	per-view per-factor center then unit-L2; concatenate shared features	8	8	Pearson correlation of standardized loadings	spearman	0.35	0.05	0.7	0.05	20260711	5	drop_gene_event_features_PIK3CA	gene_event_feature_drop	ENSG00000121879.6	PIK3CA	FALSE	fit_new_mofa_model	gene_feature_removed	no_op_gene_feature_not_in_reference_model	TRUE	TRUE	305	-554049.883373287	TRUE
drop_gene_event_features_PIK3CA__seed_20260711	Factor4	Factor4	0.999996674251565	0.999996674251565	1	1	1	1	FALSE	0.74415668589926	0.744469268919353	0.74415668589926	FALSE	TRUE	reliable_hungarian_match	TRUE	RNA;miRNA;HM450	per-view per-factor center then unit-L2; concatenate shared features	8	8	Pearson correlation of standardized loadings	spearman	0.35	0.05	0.7	0.05	20260711	5	drop_gene_event_features_PIK3CA	gene_event_feature_drop	ENSG00000121879.6	PIK3CA	FALSE	fit_new_mofa_model	gene_feature_removed	no_op_gene_feature_not_in_reference_model	TRUE	TRUE	305	-554049.883373287	TRUE
drop_gene_event_features_PIK3CA__seed_20260711	Factor5	Factor5	0.999999135511654	0.999999135511654	1	1	1	1	FALSE	0.853939054330476	0.853909894162219	0.853909894162219	FALSE	TRUE	reliable_hungarian_match	TRUE	RNA;miRNA;HM450	per-view per-factor center then unit-L2; concatenate shared features	8	8	Pearson correlation of standardized loadings	spearman	0.35	0.05	0.7	0.05	20260711	5	drop_gene_event_features_PIK3CA	gene_event_feature_drop	ENSG00000121879.6	PIK3CA	FALSE	fit_new_mofa_model	gene_feature_removed	no_op_gene_feature_not_in_reference_model	TRUE	TRUE	305	-554049.883373287	TRUE
drop_gene_event_features_PIK3CA__seed_20260711	Factor6	Factor6	0.999999906875943	0.999999906875943	1	1	1	1	FALSE	0.839369005016073	0.839072582166498	0.839072582166498	FALSE	TRUE	reliable_hungarian_match	TRUE	RNA;miRNA;HM450	per-view per-factor center then unit-L2; concatenate shared features	8	8	Pearson correlation of standardized loadings	spearman	0.35	0.05	0.7	0.05	20260711	5	drop_gene_event_features_PIK3CA	gene_event_feature_drop	ENSG00000121879.6	PIK3CA	FALSE	fit_new_mofa_model	gene_feature_removed	no_op_gene_feature_not_in_reference_model	TRUE	TRUE	305	-554049.883373287	TRUE
drop_gene_event_features_PIK3CA__seed_20260711	Factor7	Factor7	0.999999698630081	0.999999698630081	0.999985550698985	0.999985550698985	0.999985550698985	1	FALSE	0.922329931809103	0.922409631036633	0.922329931809103	FALSE	TRUE	reliable_hungarian_match	TRUE	RNA;miRNA;HM450	per-view per-factor center then unit-L2; concatenate shared features	8	8	Pearson correlation of standardized loadings	spearman	0.35	0.05	0.7	0.05	20260711	5	drop_gene_event_features_PIK3CA	gene_event_feature_drop	ENSG00000121879.6	PIK3CA	FALSE	fit_new_mofa_model	gene_feature_removed	no_op_gene_feature_not_in_reference_model	TRUE	TRUE	305	-554049.883373287	TRUE
drop_gene_event_features_PIK3CA__seed_20260711	Factor8	Factor8	0.999996502009005	0.999996502009005	0.99997110139797	0.99997110139797	0.99997110139797	1	FALSE	0.82666110056603	0.822688199282647	0.822688199282647	FALSE	TRUE	reliable_hungarian_match	TRUE	RNA;miRNA;HM450	per-view per-factor center then unit-L2; concatenate shared features	8	8	Pearson correlation of standardized loadings	spearman	0.35	0.05	0.7	0.05	20260711	5	drop_gene_event_features_PIK3CA	gene_event_feature_drop	ENSG00000121879.6	PIK3CA	FALSE	fit_new_mofa_model	gene_feature_removed	no_op_gene_feature_not_in_reference_model	TRUE	TRUE	305	-554049.883373287	TRUE
drop_gene_event_features_NFE2L2__seed_20260711	Factor1	Factor1	0.999972326789718	0.999972326789718	0.999898854892895	0.999898854892895	0.999898854892895	1	FALSE	0.880228785239256	0.881164935595905	0.880228785239256	FALSE	TRUE	reliable_hungarian_match	TRUE	RNA;miRNA;HM450	per-view per-factor center then unit-L2; concatenate shared features	8	8	Pearson correlation of standardized loadings	spearman	0.35	0.05	0.7	0.05	20260711	6	drop_gene_event_features_NFE2L2	gene_event_feature_drop	ENSG00000116044.16	NFE2L2	FALSE	fit_new_mofa_model	gene_feature_removed	no_op_gene_feature_not_in_reference_model	TRUE	TRUE	345	-554057.529875157	TRUE
drop_gene_event_features_NFE2L2__seed_20260711	Factor2	Factor2	0.999783115653114	0.999783115653114	0.999161940541126	0.999161940541126	0.999161940541126	1	FALSE	0.747597418639146	0.744409994257877	0.744409994257877	FALSE	TRUE	reliable_hungarian_match	TRUE	RNA;miRNA;HM450	per-view per-factor center then unit-L2; concatenate shared features	8	8	Pearson correlation of standardized loadings	spearman	0.35	0.05	0.7	0.05	20260711	6	drop_gene_event_features_NFE2L2	gene_event_feature_drop	ENSG00000116044.16	NFE2L2	FALSE	fit_new_mofa_model	gene_feature_removed	no_op_gene_feature_not_in_reference_model	TRUE	TRUE	345	-554057.529875157	TRUE
drop_gene_event_features_NFE2L2__seed_20260711	Factor3	Factor3	0.999970401552068	0.999970401552068	0.999855506989849	0.999855506989849	0.999855506989849	1	FALSE	0.867121392330439	0.866497024327928	0.866497024327928	FALSE	TRUE	reliable_hungarian_match	TRUE	RNA;miRNA;HM450	per-view per-factor center then unit-L2; concatenate shared features	8	8	Pearson correlation of standardized loadings	spearman	0.35	0.05	0.7	0.05	20260711	6	drop_gene_event_features_NFE2L2	gene_event_feature_drop	ENSG00000116044.16	NFE2L2	FALSE	fit_new_mofa_model	gene_feature_removed	no_op_gene_feature_not_in_reference_model	TRUE	TRUE	345	-554057.529875157	TRUE
drop_gene_event_features_NFE2L2__seed_20260711	Factor4	Factor4	0.988869989893066	0.988869989893066	0.994278076798035	0.994278076798035	0.994278076798035	1	FALSE	0.733496868497829	0.67649091065253	0.67649091065253	FALSE	TRUE	reliable_hungarian_match	TRUE	RNA;miRNA;HM450	per-view per-factor center then unit-L2; concatenate shared features	8	8	Pearson correlation of standardized loadings	spearman	0.35	0.05	0.7	0.05	20260711	6	drop_gene_event_features_NFE2L2	gene_event_feature_drop	ENSG00000116044.16	NFE2L2	FALSE	fit_new_mofa_model	gene_feature_removed	no_op_gene_feature_not_in_reference_model	TRUE	TRUE	345	-554057.529875157	TRUE
drop_gene_event_features_NFE2L2__seed_20260711	Factor5	Factor5	0.999915568397684	0.999915568397684	0.999711013979699	0.999711013979699	0.999711013979699	1	FALSE	0.854524242724816	0.853247849026981	0.853247849026981	FALSE	TRUE	reliable_hungarian_match	TRUE	RNA;miRNA;HM450	per-view per-factor center then unit-L2; concatenate shared features	8	8	Pearson correlation of standardized loadings	spearman	0.35	0.05	0.7	0.05	20260711	6	drop_gene_event_features_NFE2L2	gene_event_feature_drop	ENSG00000116044.16	NFE2L2	FALSE	fit_new_mofa_model	gene_feature_removed	no_op_gene_feature_not_in_reference_model	TRUE	TRUE	345	-554057.529875157	TRUE
drop_gene_event_features_NFE2L2__seed_20260711	Factor6	Factor6	0.999978559649113	0.999978559649113	0.999956652096955	0.999956652096955	0.999956652096955	1	FALSE	0.824970510358349	0.839709751053625	0.824970510358349	FALSE	TRUE	reliable_hungarian_match	TRUE	RNA;miRNA;HM450	per-view per-factor center then unit-L2; concatenate shared features	8	8	Pearson correlation of standardized loadings	spearman	0.35	0.05	0.7	0.05	20260711	6	drop_gene_event_features_NFE2L2	gene_event_feature_drop	ENSG00000116044.16	NFE2L2	FALSE	fit_new_mofa_model	gene_feature_removed	no_op_gene_feature_not_in_reference_model	TRUE	TRUE	345	-554057.529875157	TRUE
drop_gene_event_features_NFE2L2__seed_20260711	Factor7	Factor7	0.999945329820207	0.999945329820207	0.999667666076653	0.999667666076653	0.999667666076653	1	FALSE	0.922194558760769	0.923438820139242	0.922194558760769	FALSE	TRUE	reliable_hungarian_match	TRUE	RNA;miRNA;HM450	per-view per-factor center then unit-L2; concatenate shared features	8	8	Pearson correlation of standardized loadings	spearman	0.35	0.05	0.7	0.05	20260711	6	drop_gene_event_features_NFE2L2	gene_event_feature_drop	ENSG00000116044.16	NFE2L2	FALSE	fit_new_mofa_model	gene_feature_removed	no_op_gene_feature_not_in_reference_model	TRUE	TRUE	345	-554057.529875157	TRUE
drop_gene_event_features_NFE2L2__seed_20260711	Factor8	Factor8	0.990934414596133	0.990934414596133	0.987862587147347	0.987862587147347	0.987862587147347	1	FALSE	0.678555335355598	0.878630218369833	0.678555335355598	FALSE	TRUE	reliable_hungarian_match	TRUE	RNA;miRNA;HM450	per-view per-factor center then unit-L2; concatenate shared features	8	8	Pearson correlation of standardized loadings	spearman	0.35	0.05	0.7	0.05	20260711	6	drop_gene_event_features_NFE2L2	gene_event_feature_drop	ENSG00000116044.16	NFE2L2	FALSE	fit_new_mofa_model	gene_feature_removed	no_op_gene_feature_not_in_reference_model	TRUE	TRUE	345	-554057.529875157	TRUE
drop_gene_event_features_GNAS__seed_20260711	Factor1	Factor1	1	1	1	1	1	1	FALSE	0.880888682098358	0.880888682098358	0.880888682098358	FALSE	TRUE	reliable_hungarian_match	TRUE	RNA;miRNA;HM450	per-view per-factor center then unit-L2; concatenate shared features	8	8	Pearson correlation of standardized loadings	spearman	0.35	0.05	0.7	0.05	20260711	7	drop_gene_event_features_GNAS	gene_event_feature_drop	ENSG00000087460.27	GNAS	TRUE	reuse_seed_matched_baseline_no_op	no_op_gene_feature_not_in_reference_model	no_op_gene_feature_not_in_reference_model	TRUE	TRUE	300	-554116.37722269	FALSE
drop_gene_event_features_GNAS__seed_20260711	Factor2	Factor2	1	1	1	1	1	1	FALSE	0.744260954164839	0.744260954164839	0.744260954164839	FALSE	TRUE	reliable_hungarian_match	TRUE	RNA;miRNA;HM450	per-view per-factor center then unit-L2; concatenate shared features	8	8	Pearson correlation of standardized loadings	spearman	0.35	0.05	0.7	0.05	20260711	7	drop_gene_event_features_GNAS	gene_event_feature_drop	ENSG00000087460.27	GNAS	TRUE	reuse_seed_matched_baseline_no_op	no_op_gene_feature_not_in_reference_model	no_op_gene_feature_not_in_reference_model	TRUE	TRUE	300	-554116.37722269	FALSE
drop_gene_event_features_GNAS__seed_20260711	Factor3	Factor3	1	1	1	1	1	1	FALSE	0.866943659076289	0.866943659076289	0.866943659076289	FALSE	TRUE	reliable_hungarian_match	TRUE	RNA;miRNA;HM450	per-view per-factor center then unit-L2; concatenate shared features	8	8	Pearson correlation of standardized loadings	spearman	0.35	0.05	0.7	0.05	20260711	7	drop_gene_event_features_GNAS	gene_event_feature_drop	ENSG00000087460.27	GNAS	TRUE	reuse_seed_matched_baseline_no_op	no_op_gene_feature_not_in_reference_model	no_op_gene_feature_not_in_reference_model	TRUE	TRUE	300	-554116.37722269	FALSE
drop_gene_event_features_GNAS__seed_20260711	Factor4	Factor4	1	1	1	1	1	1	FALSE	0.744260954164839	0.744260954164839	0.744260954164839	FALSE	TRUE	reliable_hungarian_match	TRUE	RNA;miRNA;HM450	per-view per-factor center then unit-L2; concatenate shared features	8	8	Pearson correlation of standardized loadings	spearman	0.35	0.05	0.7	0.05	20260711	7	drop_gene_event_features_GNAS	gene_event_feature_drop	ENSG00000087460.27	GNAS	TRUE	reuse_seed_matched_baseline_no_op	no_op_gene_feature_not_in_reference_model	no_op_gene_feature_not_in_reference_model	TRUE	TRUE	300	-554116.37722269	FALSE
drop_gene_event_features_GNAS__seed_20260711	Factor5	Factor5	1	1	1	1	1	1	FALSE	0.853956674700346	0.853956674700346	0.853956674700346	FALSE	TRUE	reliable_hungarian_match	TRUE	RNA;miRNA;HM450	per-view per-factor center then unit-L2; concatenate shared features	8	8	Pearson correlation of standardized loadings	spearman	0.35	0.05	0.7	0.05	20260711	7	drop_gene_event_features_GNAS	gene_event_feature_drop	ENSG00000087460.27	GNAS	TRUE	reuse_seed_matched_baseline_no_op	no_op_gene_feature_not_in_reference_model	no_op_gene_feature_not_in_reference_model	TRUE	TRUE	300	-554116.37722269	FALSE
drop_gene_event_features_GNAS__seed_20260711	Factor6	Factor6	1	1	1	1	1	1	FALSE	0.839062620711808	0.839062620711808	0.839062620711808	FALSE	TRUE	reliable_hungarian_match	TRUE	RNA;miRNA;HM450	per-view per-factor center then unit-L2; concatenate shared features	8	8	Pearson correlation of standardized loadings	spearman	0.35	0.05	0.7	0.05	20260711	7	drop_gene_event_features_GNAS	gene_event_feature_drop	ENSG00000087460.27	GNAS	TRUE	reuse_seed_matched_baseline_no_op	no_op_gene_feature_not_in_reference_model	no_op_gene_feature_not_in_reference_model	TRUE	TRUE	300	-554116.37722269	FALSE
drop_gene_event_features_GNAS__seed_20260711	Factor7	Factor7	1	1	1	1	1	1	FALSE	0.92234986222424	0.92234986222424	0.92234986222424	FALSE	TRUE	reliable_hungarian_match	TRUE	RNA;miRNA;HM450	per-view per-factor center then unit-L2; concatenate shared features	8	8	Pearson correlation of standardized loadings	spearman	0.35	0.05	0.7	0.05	20260711	7	drop_gene_event_features_GNAS	gene_event_feature_drop	ENSG00000087460.27	GNAS	TRUE	reuse_seed_matched_baseline_no_op	no_op_gene_feature_not_in_reference_model	no_op_gene_feature_not_in_reference_model	TRUE	TRUE	300	-554116.37722269	FALSE
drop_gene_event_features_GNAS__seed_20260711	Factor8	Factor8	1	1	1	1	1	1	FALSE	0.824337383240004	0.824337383240004	0.824337383240004	FALSE	TRUE	reliable_hungarian_match	TRUE	RNA;miRNA;HM450	per-view per-factor center then unit-L2; concatenate shared features	8	8	Pearson correlation of standardized loadings	spearman	0.35	0.05	0.7	0.05	20260711	7	drop_gene_event_features_GNAS	gene_event_feature_drop	ENSG00000087460.27	GNAS	TRUE	reuse_seed_matched_baseline_no_op	no_op_gene_feature_not_in_reference_model	no_op_gene_feature_not_in_reference_model	TRUE	TRUE	300	-554116.37722269	FALSE
drop_gene_event_features_ZNF750__seed_20260711	Factor1	Factor1	0.999999962166444	0.999999962166444	1	1	1	1	FALSE	0.880893193812907	0.880903483680581	0.880893193812907	FALSE	TRUE	reliable_hungarian_match	TRUE	RNA;miRNA;HM450	per-view per-factor center then unit-L2; concatenate shared features	8	8	Pearson correlation of standardized loadings	spearman	0.35	0.05	0.7	0.05	20260711	8	drop_gene_event_features_ZNF750	gene_event_feature_drop	ENSG00000141579.7	ZNF750	FALSE	fit_new_mofa_model	gene_feature_removed	no_op_gene_feature_not_in_reference_model	TRUE	TRUE	300	-554050.368557517	TRUE
drop_gene_event_features_ZNF750__seed_20260711	Factor2	Factor2	0.999999403800519	0.999999403800519	0.999956652096955	0.999956652096955	0.999956652096955	1	FALSE	0.744122172835537	0.744441441352808	0.744122172835537	FALSE	TRUE	reliable_hungarian_match	TRUE	RNA;miRNA;HM450	per-view per-factor center then unit-L2; concatenate shared features	8	8	Pearson correlation of standardized loadings	spearman	0.35	0.05	0.7	0.05	20260711	8	drop_gene_event_features_ZNF750	gene_event_feature_drop	ENSG00000141579.7	ZNF750	FALSE	fit_new_mofa_model	gene_feature_removed	no_op_gene_feature_not_in_reference_model	TRUE	TRUE	300	-554050.368557517	TRUE
drop_gene_event_features_ZNF750__seed_20260711	Factor3	Factor3	0.999999966630112	0.999999966630112	0.999985550698985	0.999985550698985	0.999985550698985	1	FALSE	0.866953060736861	0.866952622962927	0.866952622962927	FALSE	TRUE	reliable_hungarian_match	TRUE	RNA;miRNA;HM450	per-view per-factor center then unit-L2; concatenate shared features	8	8	Pearson correlation of standardized loadings	spearman	0.35	0.05	0.7	0.05	20260711	8	drop_gene_event_features_ZNF750	gene_event_feature_drop	ENSG00000141579.7	ZNF750	FALSE	fit_new_mofa_model	gene_feature_removed	no_op_gene_feature_not_in_reference_model	TRUE	TRUE	300	-554050.368557517	TRUE
drop_gene_event_features_ZNF750__seed_20260711	Factor4	Factor4	0.99998135136385	0.99998135136385	0.999985550698985	0.999985550698985	0.999985550698985	1	FALSE	0.74442338891614	0.744104120398868	0.744104120398868	FALSE	TRUE	reliable_hungarian_match	TRUE	RNA;miRNA;HM450	per-view per-factor center then unit-L2; concatenate shared features	8	8	Pearson correlation of standardized loadings	spearman	0.35	0.05	0.7	0.05	20260711	8	drop_gene_event_features_ZNF750	gene_event_feature_drop	ENSG00000141579.7	ZNF750	FALSE	fit_new_mofa_model	gene_feature_removed	no_op_gene_feature_not_in_reference_model	TRUE	TRUE	300	-554050.368557517	TRUE
drop_gene_event_features_ZNF750__seed_20260711	Factor5	Factor5	0.999999857024426	0.999999857024426	1	1	1	1	FALSE	0.853955769058546	0.853936720321178	0.853936720321178	FALSE	TRUE	reliable_hungarian_match	TRUE	RNA;miRNA;HM450	per-view per-factor center then unit-L2; concatenate shared features	8	8	Pearson correlation of standardized loadings	spearman	0.35	0.05	0.7	0.05	20260711	8	drop_gene_event_features_ZNF750	gene_event_feature_drop	ENSG00000141579.7	ZNF750	FALSE	fit_new_mofa_model	gene_feature_removed	no_op_gene_feature_not_in_reference_model	TRUE	TRUE	300	-554050.368557517	TRUE
drop_gene_event_features_ZNF750__seed_20260711	Factor6	Factor6	0.999999962003168	0.999999962003168	1	1	1	1	FALSE	0.839684115607956	0.839068044930317	0.839068044930317	FALSE	TRUE	reliable_hungarian_match	TRUE	RNA;miRNA;HM450	per-view per-factor center then unit-L2; concatenate shared features	8	8	Pearson correlation of standardized loadings	spearman	0.35	0.05	0.7	0.05	20260711	8	drop_gene_event_features_ZNF750	gene_event_feature_drop	ENSG00000141579.7	ZNF750	FALSE	fit_new_mofa_model	gene_feature_removed	no_op_gene_feature_not_in_reference_model	TRUE	TRUE	300	-554050.368557517	TRUE
drop_gene_event_features_ZNF750__seed_20260711	Factor7	Factor7	0.999999863530291	0.999999863530291	1	1	1	1	FALSE	0.922353253390391	0.922345514834713	0.922345514834713	FALSE	TRUE	reliable_hungarian_match	TRUE	RNA;miRNA;HM450	per-view per-factor center then unit-L2; concatenate shared features	8	8	Pearson correlation of standardized loadings	spearman	0.35	0.05	0.7	0.05	20260711	8	drop_gene_event_features_ZNF750	gene_event_feature_drop	ENSG00000141579.7	ZNF750	FALSE	fit_new_mofa_model	gene_feature_removed	no_op_gene_feature_not_in_reference_model	TRUE	TRUE	300	-554050.368557517	TRUE
drop_gene_event_features_ZNF750__seed_20260711	Factor8	Factor8	0.999985876276271	0.999985876276271	0.999898854892895	0.999898854892895	0.999898854892895	1	FALSE	0.829975955390732	0.819485100109154	0.819485100109154	FALSE	TRUE	reliable_hungarian_match	TRUE	RNA;miRNA;HM450	per-view per-factor center then unit-L2; concatenate shared features	8	8	Pearson correlation of standardized loadings	spearman	0.35	0.05	0.7	0.05	20260711	8	drop_gene_event_features_ZNF750	gene_event_feature_drop	ENSG00000141579.7	ZNF750	FALSE	fit_new_mofa_model	gene_feature_removed	no_op_gene_feature_not_in_reference_model	TRUE	TRUE	300	-554050.368557517	TRUE
baseline__seed_20260712	Factor1	Factor1	-0.996667925361895	0.996667925361895	-0.995535165986345	0.995535165986345	0.995535165986345	-1	TRUE	0.854370064106936	0.861748476900963	0.854370064106936	FALSE	TRUE	reliable_hungarian_match	TRUE	RNA;miRNA;HM450	per-view per-factor center then unit-L2; concatenate shared features	8	8	Pearson correlation of standardized loadings	spearman	0.35	0.05	0.7	0.05	20260712	1	baseline	baseline_multi_seed			FALSE	fit_new_mofa_model	retained	retained	TRUE	TRUE	560	-554096.128120147	TRUE
baseline__seed_20260712	Factor2	Factor2	0.998924467226342	0.998924467226342	0.997297980710183	0.997297980710183	0.997297980710183	1	FALSE	0.732037364857281	0.758223365261949	0.732037364857281	FALSE	TRUE	reliable_hungarian_match	TRUE	RNA;miRNA;HM450	per-view per-factor center then unit-L2; concatenate shared features	8	8	Pearson correlation of standardized loadings	spearman	0.35	0.05	0.7	0.05	20260712	1	baseline	baseline_multi_seed			FALSE	fit_new_mofa_model	retained	retained	TRUE	TRUE	560	-554096.128120147	TRUE
baseline__seed_20260712	Factor3	Factor3	-0.997678508614193	0.997678508614193	-0.996199833833038	0.996199833833038	0.996199833833038	-1	TRUE	0.860488460826382	0.863109152442563	0.860488460826382	FALSE	TRUE	reliable_hungarian_match	TRUE	RNA;miRNA;HM450	per-view per-factor center then unit-L2; concatenate shared features	8	8	Pearson correlation of standardized loadings	spearman	0.35	0.05	0.7	0.05	20260712	1	baseline	baseline_multi_seed			FALSE	fit_new_mofa_model	retained	retained	TRUE	TRUE	560	-554096.128120147	TRUE
baseline__seed_20260712	Factor4	Factor4	0.991874075737422	0.991874075737422	0.995361774374165	0.995361774374165	0.995361774374165	1	FALSE	0.732046442689656	0.724986973368361	0.724986973368361	FALSE	TRUE	reliable_hungarian_match	TRUE	RNA;miRNA;HM450	per-view per-factor center then unit-L2; concatenate shared features	8	8	Pearson correlation of standardized loadings	spearman	0.35	0.05	0.7	0.05	20260712	1	baseline	baseline_multi_seed			FALSE	fit_new_mofa_model	retained	retained	TRUE	TRUE	560	-554096.128120147	TRUE
baseline__seed_20260712	Factor5	Factor5	-0.999457598772549	0.999457598772549	-0.999797709785789	0.999797709785789	0.999797709785789	-1	TRUE	0.854667856391245	0.851458093630057	0.851458093630057	FALSE	TRUE	reliable_hungarian_match	TRUE	RNA;miRNA;HM450	per-view per-factor center then unit-L2; concatenate shared features	8	8	Pearson correlation of standardized loadings	spearman	0.35	0.05	0.7	0.05	20260712	1	baseline	baseline_multi_seed			FALSE	fit_new_mofa_model	retained	retained	TRUE	TRUE	560	-554096.128120147	TRUE
baseline__seed_20260712	Factor6	Factor6	0.999813940956675	0.999813940956675	0.999754361882744	0.999754361882744	0.999754361882744	1	FALSE	0.838103438575222	0.840538203612355	0.838103438575222	FALSE	TRUE	reliable_hungarian_match	TRUE	RNA;miRNA;HM450	per-view per-factor center then unit-L2; concatenate shared features	8	8	Pearson correlation of standardized loadings	spearman	0.35	0.05	0.7	0.05	20260712	1	baseline	baseline_multi_seed			FALSE	fit_new_mofa_model	retained	retained	TRUE	TRUE	560	-554096.128120147	TRUE
baseline__seed_20260712	Factor7	Factor8	-0.999818522208016	0.999818522208016	-0.999263085648232	0.999263085648232	0.999263085648232	-1	TRUE	0.921542614803516	0.924070413726305	0.921542614803516	FALSE	TRUE	reliable_hungarian_match	TRUE	RNA;miRNA;HM450	per-view per-factor center then unit-L2; concatenate shared features	8	8	Pearson correlation of standardized loadings	spearman	0.35	0.05	0.7	0.05	20260712	1	baseline	baseline_multi_seed			FALSE	fit_new_mofa_model	retained	retained	TRUE	TRUE	560	-554096.128120147	TRUE
baseline__seed_20260712	Factor8	Factor7	0.991009230860003	0.991009230860003	0.992211826752881	0.992211826752881	0.992211826752881	1	FALSE	0.857048718795504	0.731181597812236	0.731181597812236	FALSE	TRUE	reliable_hungarian_match	TRUE	RNA;miRNA;HM450	per-view per-factor center then unit-L2; concatenate shared features	8	8	Pearson correlation of standardized loadings	spearman	0.35	0.05	0.7	0.05	20260712	1	baseline	baseline_multi_seed			FALSE	fit_new_mofa_model	retained	retained	TRUE	TRUE	560	-554096.128120147	TRUE
drop_mutation_view__seed_20260712	Factor1	Factor6	-0.638615370148529	0.638615370148529	-0.661062746089658	0.661062746089658	0.661062746089658	-1	TRUE	-0.0816508425619327	0.0867407402945474	-0.0816508425619327	TRUE	FALSE	assigned_low_margin_unmatched	TRUE	RNA;miRNA;HM450	per-view per-factor center then unit-L2; concatenate shared features	8	8	Pearson correlation of standardized loadings	spearman	0.35	0.05	0.7	0.05	20260712	2	drop_mutation_view	global_view_drop			FALSE	fit_new_mofa_model	view_removed	retained	TRUE	TRUE	305	-550826.04406491	TRUE
drop_mutation_view__seed_20260712	Factor2	Factor2	0.998525545261377	0.998525545261377	0.997355777914243	0.997355777914243	0.997355777914243	1	FALSE	0.73266537414455	0.75347602582658	0.73266537414455	FALSE	TRUE	reliable_hungarian_match	TRUE	RNA;miRNA;HM450	per-view per-factor center then unit-L2; concatenate shared features	8	8	Pearson correlation of standardized loadings	spearman	0.35	0.05	0.7	0.05	20260712	2	drop_mutation_view	global_view_drop			FALSE	fit_new_mofa_model	view_removed	retained	TRUE	TRUE	305	-550826.04406491	TRUE
drop_mutation_view__seed_20260712	Factor3	Factor1	0.8255558582601	0.8255558582601	0.79947260051295	0.79947260051295	0.79947260051295	1	FALSE	0.273681228406118	0.283474424730936	0.273681228406118	FALSE	TRUE	reliable_hungarian_match	TRUE	RNA;miRNA;HM450	per-view per-factor center then unit-L2; concatenate shared features	8	8	Pearson correlation of standardized loadings	spearman	0.35	0.05	0.7	0.05	20260712	2	drop_mutation_view	global_view_drop			FALSE	fit_new_mofa_model	view_removed	retained	TRUE	TRUE	305	-550826.04406491	TRUE
drop_mutation_view__seed_20260712	Factor4	Factor4	0.985440590290708	0.985440590290708	0.991258172885886	0.991258172885886	0.991258172885886	1	FALSE	0.74039107085591	0.662906325756575	0.662906325756575	FALSE	TRUE	reliable_hungarian_match	TRUE	RNA;miRNA;HM450	per-view per-factor center then unit-L2; concatenate shared features	8	8	Pearson correlation of standardized loadings	spearman	0.35	0.05	0.7	0.05	20260712	2	drop_mutation_view	global_view_drop			FALSE	fit_new_mofa_model	view_removed	retained	TRUE	TRUE	305	-550826.04406491	TRUE
drop_mutation_view__seed_20260712	Factor5	Factor5	-0.998913020425008	0.998913020425008	-0.999263085648232	0.999263085648232	0.999263085648232	-1	TRUE	0.852420075924114	0.850669263331687	0.850669263331687	FALSE	TRUE	reliable_hungarian_match	TRUE	RNA;miRNA;HM450	per-view per-factor center then unit-L2; concatenate shared features	8	8	Pearson correlation of standardized loadings	spearman	0.35	0.05	0.7	0.05	20260712	2	drop_mutation_view	global_view_drop			FALSE	fit_new_mofa_model	view_removed	retained	TRUE	TRUE	305	-550826.04406491	TRUE
drop_mutation_view__seed_20260712	Factor6	Factor7	0.997437168009455	0.997437168009455	0.997875952750786	0.997875952750786	0.997875952750786	1	FALSE	0.825824901119875	0.842716921003969	0.825824901119875	FALSE	TRUE	reliable_hungarian_match	TRUE	RNA;miRNA;HM450	per-view per-factor center then unit-L2; concatenate shared features	8	8	Pearson correlation of standardized loadings	spearman	0.35	0.05	0.7	0.05	20260712	2	drop_mutation_view	global_view_drop			FALSE	fit_new_mofa_model	view_removed	retained	TRUE	TRUE	305	-550826.04406491	TRUE
drop_mutation_view__seed_20260712	Factor7	Factor8	-0.992314148022101	0.992314148022101	-0.975869667304844	0.975869667304844	0.975869667304844	-1	TRUE	0.903622266600743	0.887147400492729	0.887147400492729	FALSE	TRUE	reliable_hungarian_match	TRUE	RNA;miRNA;HM450	per-view per-factor center then unit-L2; concatenate shared features	8	8	Pearson correlation of standardized loadings	spearman	0.35	0.05	0.7	0.05	20260712	2	drop_mutation_view	global_view_drop			FALSE	fit_new_mofa_model	view_removed	retained	TRUE	TRUE	305	-550826.04406491	TRUE
drop_mutation_view__seed_20260712	Factor8	Factor3	0.691002087714637	0.691002087714637	0.749434671097786	0.749434671097786	0.749434671097786	1	FALSE	0.368467823180505	-0.0292641249958245	-0.0292641249958245	TRUE	FALSE	assigned_low_margin_unmatched	TRUE	RNA;miRNA;HM450	per-view per-factor center then unit-L2; concatenate shared features	8	8	Pearson correlation of standardized loadings	spearman	0.35	0.05	0.7	0.05	20260712	2	drop_mutation_view	global_view_drop			FALSE	fit_new_mofa_model	view_removed	retained	TRUE	TRUE	305	-550826.04406491	TRUE
drop_cnv_view__seed_20260712	Factor1	Factor1	0.996600719700229	0.996600719700229	0.99651771845537	0.99651771845537	0.99651771845537	1	FALSE	0.824328323018032	0.855244115263516	0.824328323018032	FALSE	TRUE	reliable_hungarian_match	TRUE	RNA;miRNA;HM450	per-view per-factor center then unit-L2; concatenate shared features	8	8	Pearson correlation of standardized loadings	spearman	0.35	0.05	0.7	0.05	20260712	3	drop_cnv_view	global_view_drop			FALSE	fit_new_mofa_model	retained	view_removed	TRUE	TRUE	230	-476683.758062262	TRUE
drop_cnv_view__seed_20260712	Factor2	Factor2	0.998411482009601	0.998411482009601	0.99666221146552	0.99666221146552	0.99666221146552	1	FALSE	0.783146960963714	0.749347010172806	0.749347010172806	FALSE	TRUE	reliable_hungarian_match	TRUE	RNA;miRNA;HM450	per-view per-factor center then unit-L2; concatenate shared features	8	8	Pearson correlation of standardized loadings	spearman	0.35	0.05	0.7	0.05	20260712	3	drop_cnv_view	global_view_drop			FALSE	fit_new_mofa_model	retained	view_removed	TRUE	TRUE	230	-476683.758062262	TRUE
drop_cnv_view__seed_20260712	Factor3	Factor3	-0.997955929137155	0.997955929137155	-0.99663331286349	0.99663331286349	0.99663331286349	-1	TRUE	0.870940903600556	0.860080904002504	0.860080904002504	FALSE	TRUE	reliable_hungarian_match	TRUE	RNA;miRNA;HM450	per-view per-factor center then unit-L2; concatenate shared features	8	8	Pearson correlation of standardized loadings	spearman	0.35	0.05	0.7	0.05	20260712	3	drop_cnv_view	global_view_drop			FALSE	fit_new_mofa_model	retained	view_removed	TRUE	TRUE	230	-476683.758062262	TRUE
drop_cnv_view__seed_20260712	Factor4	Factor7	0.593152065372342	0.593152065372342	0.738352057219232	0.738352057219232	0.738352057219232	1	FALSE	-0.114794059165783	-0.0400004419110419	-0.114794059165783	TRUE	FALSE	assigned_low_margin_unmatched	TRUE	RNA;miRNA;HM450	per-view per-factor center then unit-L2; concatenate shared features	8	8	Pearson correlation of standardized loadings	spearman	0.35	0.05	0.7	0.05	20260712	3	drop_cnv_view	global_view_drop			FALSE	fit_new_mofa_model	retained	view_removed	TRUE	TRUE	230	-476683.758062262	TRUE
drop_cnv_view__seed_20260712	Factor5	Factor4	0.999427977911788	0.999427977911788	0.999306433551277	0.999306433551277	0.999306433551277	1	FALSE	0.85339399938485	0.857390922565381	0.85339399938485	FALSE	TRUE	reliable_hungarian_match	TRUE	RNA;miRNA;HM450	per-view per-factor center then unit-L2; concatenate shared features	8	8	Pearson correlation of standardized loadings	spearman	0.35	0.05	0.7	0.05	20260712	3	drop_cnv_view	global_view_drop			FALSE	fit_new_mofa_model	retained	view_removed	TRUE	TRUE	230	-476683.758062262	TRUE
drop_cnv_view__seed_20260712	Factor6	Factor6	0.998215590521335	0.998215590521335	0.999205288444171	0.999205288444171	0.999205288444171	1	FALSE	0.802711125001202	0.847099692348101	0.802711125001202	FALSE	TRUE	reliable_hungarian_match	TRUE	RNA;miRNA;HM450	per-view per-factor center then unit-L2; concatenate shared features	8	8	Pearson correlation of standardized loadings	spearman	0.35	0.05	0.7	0.05	20260712	3	drop_cnv_view	global_view_drop			FALSE	fit_new_mofa_model	retained	view_removed	TRUE	TRUE	230	-476683.758062262	TRUE
drop_cnv_view__seed_20260712	Factor7	Factor8	0.995623411386344	0.995623411386344	0.985406205974786	0.985406205974786	0.985406205974786	1	FALSE	0.923139478797701	0.911355846924079	0.911355846924079	FALSE	TRUE	reliable_hungarian_match	TRUE	RNA;miRNA;HM450	per-view per-factor center then unit-L2; concatenate shared features	8	8	Pearson correlation of standardized loadings	spearman	0.35	0.05	0.7	0.05	20260712	3	drop_cnv_view	global_view_drop			FALSE	fit_new_mofa_model	retained	view_removed	TRUE	TRUE	230	-476683.758062262	TRUE
drop_cnv_view__seed_20260712	Factor8	Factor5	-0.79820305758115	0.79820305758115	-0.656193331647581	0.656193331647581	0.656193331647581	-1	TRUE	0.165050550297766	0.0902569330430253	0.0902569330430253	FALSE	TRUE	reliable_hungarian_match	TRUE	RNA;miRNA;HM450	per-view per-factor center then unit-L2; concatenate shared features	8	8	Pearson correlation of standardized loadings	spearman	0.35	0.05	0.7	0.05	20260712	3	drop_cnv_view	global_view_drop			FALSE	fit_new_mofa_model	retained	view_removed	TRUE	TRUE	230	-476683.758062262	TRUE
drop_both_event_views__seed_20260712	Factor1	Factor1	0.99788062376189	0.99788062376189	0.997442473720334	0.997442473720334	0.997442473720334	1	FALSE	0.879359882975764	0.86435689456873	0.86435689456873	FALSE	TRUE	reliable_hungarian_match	TRUE	RNA;miRNA;HM450	per-view per-factor center then unit-L2; concatenate shared features	8	8	Pearson correlation of standardized loadings	spearman	0.35	0.05	0.7	0.05	20260712	4	drop_both_event_views	global_view_drop			FALSE	fit_new_mofa_model	view_removed	view_removed	TRUE	TRUE	255	-473173.393555419	TRUE
drop_both_event_views__seed_20260712	Factor2	Factor2	0.998141320627606	0.998141320627606	0.996503269154355	0.996503269154355	0.996503269154355	1	FALSE	0.779564757057353	0.750483331418376	0.750483331418376	FALSE	TRUE	reliable_hungarian_match	TRUE	RNA;miRNA;HM450	per-view per-factor center then unit-L2; concatenate shared features	8	8	Pearson correlation of standardized loadings	spearman	0.35	0.05	0.7	0.05	20260712	4	drop_both_event_views	global_view_drop			FALSE	fit_new_mofa_model	view_removed	view_removed	TRUE	TRUE	255	-473173.393555419	TRUE
drop_both_event_views__seed_20260712	Factor3	Factor3	-0.997538222217793	0.997538222217793	-0.996127587327963	0.996127587327963	0.996127587327963	-1	TRUE	0.871438131027189	0.860946886611295	0.860946886611295	FALSE	TRUE	reliable_hungarian_match	TRUE	RNA;miRNA;HM450	per-view per-factor center then unit-L2; concatenate shared features	8	8	Pearson correlation of standardized loadings	spearman	0.35	0.05	0.7	0.05	20260712	4	drop_both_event_views	global_view_drop			FALSE	fit_new_mofa_model	view_removed	view_removed	TRUE	TRUE	255	-473173.393555419	TRUE
drop_both_event_views__seed_20260712	Factor4	Factor4	0.907724413079301	0.907724413079301	0.947476790810244	0.947476790810244	0.947476790810244	1	FALSE	0.660066423870071	0.349340280629319	0.349340280629319	FALSE	TRUE	reliable_hungarian_match	TRUE	RNA;miRNA;HM450	per-view per-factor center then unit-L2; concatenate shared features	8	8	Pearson correlation of standardized loadings	spearman	0.35	0.05	0.7	0.05	20260712	4	drop_both_event_views	global_view_drop			FALSE	fit_new_mofa_model	view_removed	view_removed	TRUE	TRUE	255	-473173.393555419	TRUE
drop_both_event_views__seed_20260712	Factor5	Factor5	0.999355263440041	0.999355263440041	0.999479825163458	0.999479825163458	0.999479825163458	1	FALSE	0.852599582050423	0.858523058748895	0.852599582050423	FALSE	TRUE	reliable_hungarian_match	TRUE	RNA;miRNA;HM450	per-view per-factor center then unit-L2; concatenate shared features	8	8	Pearson correlation of standardized loadings	spearman	0.35	0.05	0.7	0.05	20260712	4	drop_both_event_views	global_view_drop			FALSE	fit_new_mofa_model	view_removed	view_removed	TRUE	TRUE	255	-473173.393555419	TRUE
drop_both_event_views__seed_20260712	Factor6	Factor6	0.997950801414186	0.997950801414186	0.999277534949247	0.999277534949247	0.999277534949247	1	FALSE	0.80443551708189	0.843609207831059	0.80443551708189	FALSE	TRUE	reliable_hungarian_match	TRUE	RNA;miRNA;HM450	per-view per-factor center then unit-L2; concatenate shared features	8	8	Pearson correlation of standardized loadings	spearman	0.35	0.05	0.7	0.05	20260712	4	drop_both_event_views	global_view_drop			FALSE	fit_new_mofa_model	view_removed	view_removed	TRUE	TRUE	255	-473173.393555419	TRUE
drop_both_event_views__seed_20260712	Factor7	Factor8	-0.995924851590014	0.995924851590014	-0.983831232164144	0.983831232164144	0.983831232164144	-1	TRUE	0.927750802771299	0.906768910420738	0.906768910420738	FALSE	TRUE	reliable_hungarian_match	TRUE	RNA;miRNA;HM450	per-view per-factor center then unit-L2; concatenate shared features	8	8	Pearson correlation of standardized loadings	spearman	0.35	0.05	0.7	0.05	20260712	4	drop_both_event_views	global_view_drop			FALSE	fit_new_mofa_model	view_removed	view_removed	TRUE	TRUE	255	-473173.393555419	TRUE
drop_both_event_views__seed_20260712	Factor8	Factor7	-0.905448312409044	0.905448312409044	-0.884810172307915	0.884810172307915	0.884810172307915	-1	TRUE	0.347064179959061	0.674025576057749	0.347064179959061	FALSE	TRUE	reliable_hungarian_match	TRUE	RNA;miRNA;HM450	per-view per-factor center then unit-L2; concatenate shared features	8	8	Pearson correlation of standardized loadings	spearman	0.35	0.05	0.7	0.05	20260712	4	drop_both_event_views	global_view_drop			FALSE	fit_new_mofa_model	view_removed	view_removed	TRUE	TRUE	255	-473173.393555419	TRUE
drop_gene_event_features_PIK3CA__seed_20260712	Factor1	Factor1	-0.996366812690369	0.996366812690369	-0.995246179966044	0.995246179966044	0.995246179966044	-1	TRUE	0.853978776297134	0.858739449442368	0.853978776297134	FALSE	TRUE	reliable_hungarian_match	TRUE	RNA;miRNA;HM450	per-view per-factor center then unit-L2; concatenate shared features	8	8	Pearson correlation of standardized loadings	spearman	0.35	0.05	0.7	0.05	20260712	5	drop_gene_event_features_PIK3CA	gene_event_feature_drop	ENSG00000121879.6	PIK3CA	FALSE	fit_new_mofa_model	gene_feature_removed	no_op_gene_feature_not_in_reference_model	TRUE	TRUE	550	-554032.057338535	TRUE
drop_gene_event_features_PIK3CA__seed_20260712	Factor2	Factor2	0.998936328767437	0.998936328767437	0.997399125817289	0.997399125817289	0.997399125817289	1	FALSE	0.731893362091322	0.75809395178659	0.731893362091322	FALSE	TRUE	reliable_hungarian_match	TRUE	RNA;miRNA;HM450	per-view per-factor center then unit-L2; concatenate shared features	8	8	Pearson correlation of standardized loadings	spearman	0.35	0.05	0.7	0.05	20260712	5	drop_gene_event_features_PIK3CA	gene_event_feature_drop	ENSG00000121879.6	PIK3CA	FALSE	fit_new_mofa_model	gene_feature_removed	no_op_gene_feature_not_in_reference_model	TRUE	TRUE	550	-554032.057338535	TRUE
drop_gene_event_features_PIK3CA__seed_20260712	Factor3	Factor3	-0.997473038811477	0.997473038811477	-0.995881949210707	0.995881949210707	0.995881949210707	-1	TRUE	0.859845675563476	0.862944618996136	0.859845675563476	FALSE	TRUE	reliable_hungarian_match	TRUE	RNA;miRNA;HM450	per-view per-factor center then unit-L2; concatenate shared features	8	8	Pearson correlation of standardized loadings	spearman	0.35	0.05	0.7	0.05	20260712	5	drop_gene_event_features_PIK3CA	gene_event_feature_drop	ENSG00000121879.6	PIK3CA	FALSE	fit_new_mofa_model	gene_feature_removed	no_op_gene_feature_not_in_reference_model	TRUE	TRUE	550	-554032.057338535	TRUE
drop_gene_event_features_PIK3CA__seed_20260712	Factor4	Factor4	0.992552508297892	0.992552508297892	0.995737456200556	0.995737456200556	0.995737456200556	1	FALSE	0.737750201682545	0.725509541621777	0.725509541621777	FALSE	TRUE	reliable_hungarian_match	TRUE	RNA;miRNA;HM450	per-view per-factor center then unit-L2; concatenate shared features	8	8	Pearson correlation of standardized loadings	spearman	0.35	0.05	0.7	0.05	20260712	5	drop_gene_event_features_PIK3CA	gene_event_feature_drop	ENSG00000121879.6	PIK3CA	FALSE	fit_new_mofa_model	gene_feature_removed	no_op_gene_feature_not_in_reference_model	TRUE	TRUE	550	-554032.057338535	TRUE
drop_gene_event_features_PIK3CA__seed_20260712	Factor5	Factor5	-0.999460938807218	0.999460938807218	-0.999826608387819	0.999826608387819	0.999826608387819	-1	TRUE	0.854698881770477	0.851445878971046	0.851445878971046	FALSE	TRUE	reliable_hungarian_match	TRUE	RNA;miRNA;HM450	per-view per-factor center then unit-L2; concatenate shared features	8	8	Pearson correlation of standardized loadings	spearman	0.35	0.05	0.7	0.05	20260712	5	drop_gene_event_features_PIK3CA	gene_event_feature_drop	ENSG00000121879.6	PIK3CA	FALSE	fit_new_mofa_model	gene_feature_removed	no_op_gene_feature_not_in_reference_model	TRUE	TRUE	550	-554032.057338535	TRUE
drop_gene_event_features_PIK3CA__seed_20260712	Factor6	Factor6	0.999803292432964	0.999803292432964	0.999711013979699	0.999711013979699	0.999711013979699	1	FALSE	0.838856248317692	0.840535818838153	0.838856248317692	FALSE	TRUE	reliable_hungarian_match	TRUE	RNA;miRNA;HM450	per-view per-factor center then unit-L2; concatenate shared features	8	8	Pearson correlation of standardized loadings	spearman	0.35	0.05	0.7	0.05	20260712	5	drop_gene_event_features_PIK3CA	gene_event_feature_drop	ENSG00000121879.6	PIK3CA	FALSE	fit_new_mofa_model	gene_feature_removed	no_op_gene_feature_not_in_reference_model	TRUE	TRUE	550	-554032.057338535	TRUE
drop_gene_event_features_PIK3CA__seed_20260712	Factor7	Factor8	-0.999811829629254	0.999811829629254	-0.999277534949247	0.999277534949247	0.999277534949247	-1	TRUE	0.921518599744747	0.924006117367881	0.921518599744747	FALSE	TRUE	reliable_hungarian_match	TRUE	RNA;miRNA;HM450	per-view per-factor center then unit-L2; concatenate shared features	8	8	Pearson correlation of standardized loadings	spearman	0.35	0.05	0.7	0.05	20260712	5	drop_gene_event_features_PIK3CA	gene_event_feature_drop	ENSG00000121879.6	PIK3CA	FALSE	fit_new_mofa_model	gene_feature_removed	no_op_gene_feature_not_in_reference_model	TRUE	TRUE	550	-554032.057338535	TRUE
drop_gene_event_features_PIK3CA__seed_20260712	Factor8	Factor7	0.991048764701251	0.991048764701251	0.992356319763031	0.992356319763031	0.992356319763031	1	FALSE	0.85703743440517	0.736246458085903	0.736246458085903	FALSE	TRUE	reliable_hungarian_match	TRUE	RNA;miRNA;HM450	per-view per-factor center then unit-L2; concatenate shared features	8	8	Pearson correlation of standardized loadings	spearman	0.35	0.05	0.7	0.05	20260712	5	drop_gene_event_features_PIK3CA	gene_event_feature_drop	ENSG00000121879.6	PIK3CA	FALSE	fit_new_mofa_model	gene_feature_removed	no_op_gene_feature_not_in_reference_model	TRUE	TRUE	550	-554032.057338535	TRUE
drop_gene_event_features_NFE2L2__seed_20260712	Factor1	Factor1	0.999891639181392	0.999891639181392	0.999812159086804	0.999812159086804	0.999812159086804	1	FALSE	0.881692147458669	0.879369011079391	0.879369011079391	FALSE	TRUE	reliable_hungarian_match	TRUE	RNA;miRNA;HM450	per-view per-factor center then unit-L2; concatenate shared features	8	8	Pearson correlation of standardized loadings	spearman	0.35	0.05	0.7	0.05	20260712	6	drop_gene_event_features_NFE2L2	gene_event_feature_drop	ENSG00000116044.16	NFE2L2	FALSE	fit_new_mofa_model	gene_feature_removed	no_op_gene_feature_not_in_reference_model	TRUE	TRUE	330	-554041.043898343	TRUE
drop_gene_event_features_NFE2L2__seed_20260712	Factor2	Factor2	0.999621954788678	0.999621954788678	0.999190839143156	0.999190839143156	0.999190839143156	1	FALSE	0.740011589879806	0.751756863053321	0.740011589879806	FALSE	TRUE	reliable_hungarian_match	TRUE	RNA;miRNA;HM450	per-view per-factor center then unit-L2; concatenate shared features	8	8	Pearson correlation of standardized loadings	spearman	0.35	0.05	0.7	0.05	20260712	6	drop_gene_event_features_NFE2L2	gene_event_feature_drop	ENSG00000116044.16	NFE2L2	FALSE	fit_new_mofa_model	gene_feature_removed	no_op_gene_feature_not_in_reference_model	TRUE	TRUE	330	-554041.043898343	TRUE
drop_gene_event_features_NFE2L2__seed_20260712	Factor3	Factor3	0.999948056452039	0.999948056452039	0.999508723765488	0.999508723765488	0.999508723765488	1	FALSE	0.868336775201118	0.866156063996543	0.866156063996543	FALSE	TRUE	reliable_hungarian_match	TRUE	RNA;miRNA;HM450	per-view per-factor center then unit-L2; concatenate shared features	8	8	Pearson correlation of standardized loadings	spearman	0.35	0.05	0.7	0.05	20260712	6	drop_gene_event_features_NFE2L2	gene_event_feature_drop	ENSG00000116044.16	NFE2L2	FALSE	fit_new_mofa_model	gene_feature_removed	no_op_gene_feature_not_in_reference_model	TRUE	TRUE	330	-554041.043898343	TRUE
drop_gene_event_features_NFE2L2__seed_20260712	Factor4	Factor4	0.99296195854552	0.99296195854552	0.995347325073149	0.995347325073149	0.995347325073149	1	FALSE	0.721701598820262	0.733351593636648	0.721701598820262	FALSE	TRUE	reliable_hungarian_match	TRUE	RNA;miRNA;HM450	per-view per-factor center then unit-L2; concatenate shared features	8	8	Pearson correlation of standardized loadings	spearman	0.35	0.05	0.7	0.05	20260712	6	drop_gene_event_features_NFE2L2	gene_event_feature_drop	ENSG00000116044.16	NFE2L2	FALSE	fit_new_mofa_model	gene_feature_removed	no_op_gene_feature_not_in_reference_model	TRUE	TRUE	330	-554041.043898343	TRUE
drop_gene_event_features_NFE2L2__seed_20260712	Factor5	Factor5	0.999980038748034	0.999980038748034	0.999783260484774	0.999783260484774	0.999783260484774	1	FALSE	0.854233988232808	0.853499006266505	0.853499006266505	FALSE	TRUE	reliable_hungarian_match	TRUE	RNA;miRNA;HM450	per-view per-factor center then unit-L2; concatenate shared features	8	8	Pearson correlation of standardized loadings	spearman	0.35	0.05	0.7	0.05	20260712	6	drop_gene_event_features_NFE2L2	gene_event_feature_drop	ENSG00000116044.16	NFE2L2	FALSE	fit_new_mofa_model	gene_feature_removed	no_op_gene_feature_not_in_reference_model	TRUE	TRUE	330	-554041.043898343	TRUE
drop_gene_event_features_NFE2L2__seed_20260712	Factor6	Factor6	0.999986709272991	0.999986709272991	0.99994220279594	0.99994220279594	0.99994220279594	1	FALSE	0.842918906943549	0.839264670011698	0.839264670011698	FALSE	TRUE	reliable_hungarian_match	TRUE	RNA;miRNA;HM450	per-view per-factor center then unit-L2; concatenate shared features	8	8	Pearson correlation of standardized loadings	spearman	0.35	0.05	0.7	0.05	20260712	6	drop_gene_event_features_NFE2L2	gene_event_feature_drop	ENSG00000116044.16	NFE2L2	FALSE	fit_new_mofa_model	gene_feature_removed	no_op_gene_feature_not_in_reference_model	TRUE	TRUE	330	-554041.043898343	TRUE
drop_gene_event_features_NFE2L2__seed_20260712	Factor7	Factor8	0.999851055877069	0.999851055877069	0.999234187046202	0.999234187046202	0.999234187046202	1	FALSE	0.922298938261765	0.92316552072064	0.922298938261765	FALSE	TRUE	reliable_hungarian_match	TRUE	RNA;miRNA;HM450	per-view per-factor center then unit-L2; concatenate shared features	8	8	Pearson correlation of standardized loadings	spearman	0.35	0.05	0.7	0.05	20260712	6	drop_gene_event_features_NFE2L2	gene_event_feature_drop	ENSG00000116044.16	NFE2L2	FALSE	fit_new_mofa_model	gene_feature_removed	no_op_gene_feature_not_in_reference_model	TRUE	TRUE	330	-554041.043898343	TRUE
drop_gene_event_features_NFE2L2__seed_20260712	Factor8	Factor7	0.99388265773955	0.99388265773955	0.991821695625474	0.991821695625474	0.991821695625474	1	FALSE	0.858949774552471	0.722622298014292	0.722622298014292	FALSE	TRUE	reliable_hungarian_match	TRUE	RNA;miRNA;HM450	per-view per-factor center then unit-L2; concatenate shared features	8	8	Pearson correlation of standardized loadings	spearman	0.35	0.05	0.7	0.05	20260712	6	drop_gene_event_features_NFE2L2	gene_event_feature_drop	ENSG00000116044.16	NFE2L2	FALSE	fit_new_mofa_model	gene_feature_removed	no_op_gene_feature_not_in_reference_model	TRUE	TRUE	330	-554041.043898343	TRUE
drop_gene_event_features_GNAS__seed_20260712	Factor1	Factor1	-0.996667925361895	0.996667925361895	-0.995535165986345	0.995535165986345	0.995535165986345	-1	TRUE	0.854370064106936	0.861748476900963	0.854370064106936	FALSE	TRUE	reliable_hungarian_match	TRUE	RNA;miRNA;HM450	per-view per-factor center then unit-L2; concatenate shared features	8	8	Pearson correlation of standardized loadings	spearman	0.35	0.05	0.7	0.05	20260712	7	drop_gene_event_features_GNAS	gene_event_feature_drop	ENSG00000087460.27	GNAS	TRUE	reuse_seed_matched_baseline_no_op	no_op_gene_feature_not_in_reference_model	no_op_gene_feature_not_in_reference_model	TRUE	TRUE	560	-554096.128120147	FALSE
drop_gene_event_features_GNAS__seed_20260712	Factor2	Factor2	0.998924467226342	0.998924467226342	0.997297980710183	0.997297980710183	0.997297980710183	1	FALSE	0.732037364857281	0.758223365261949	0.732037364857281	FALSE	TRUE	reliable_hungarian_match	TRUE	RNA;miRNA;HM450	per-view per-factor center then unit-L2; concatenate shared features	8	8	Pearson correlation of standardized loadings	spearman	0.35	0.05	0.7	0.05	20260712	7	drop_gene_event_features_GNAS	gene_event_feature_drop	ENSG00000087460.27	GNAS	TRUE	reuse_seed_matched_baseline_no_op	no_op_gene_feature_not_in_reference_model	no_op_gene_feature_not_in_reference_model	TRUE	TRUE	560	-554096.128120147	FALSE
drop_gene_event_features_GNAS__seed_20260712	Factor3	Factor3	-0.997678508614193	0.997678508614193	-0.996199833833038	0.996199833833038	0.996199833833038	-1	TRUE	0.860488460826382	0.863109152442563	0.860488460826382	FALSE	TRUE	reliable_hungarian_match	TRUE	RNA;miRNA;HM450	per-view per-factor center then unit-L2; concatenate shared features	8	8	Pearson correlation of standardized loadings	spearman	0.35	0.05	0.7	0.05	20260712	7	drop_gene_event_features_GNAS	gene_event_feature_drop	ENSG00000087460.27	GNAS	TRUE	reuse_seed_matched_baseline_no_op	no_op_gene_feature_not_in_reference_model	no_op_gene_feature_not_in_reference_model	TRUE	TRUE	560	-554096.128120147	FALSE
drop_gene_event_features_GNAS__seed_20260712	Factor4	Factor4	0.991874075737422	0.991874075737422	0.995361774374165	0.995361774374165	0.995361774374165	1	FALSE	0.732046442689656	0.724986973368361	0.724986973368361	FALSE	TRUE	reliable_hungarian_match	TRUE	RNA;miRNA;HM450	per-view per-factor center then unit-L2; concatenate shared features	8	8	Pearson correlation of standardized loadings	spearman	0.35	0.05	0.7	0.05	20260712	7	drop_gene_event_features_GNAS	gene_event_feature_drop	ENSG00000087460.27	GNAS	TRUE	reuse_seed_matched_baseline_no_op	no_op_gene_feature_not_in_reference_model	no_op_gene_feature_not_in_reference_model	TRUE	TRUE	560	-554096.128120147	FALSE
drop_gene_event_features_GNAS__seed_20260712	Factor5	Factor5	-0.999457598772549	0.999457598772549	-0.999797709785789	0.999797709785789	0.999797709785789	-1	TRUE	0.854667856391245	0.851458093630057	0.851458093630057	FALSE	TRUE	reliable_hungarian_match	TRUE	RNA;miRNA;HM450	per-view per-factor center then unit-L2; concatenate shared features	8	8	Pearson correlation of standardized loadings	spearman	0.35	0.05	0.7	0.05	20260712	7	drop_gene_event_features_GNAS	gene_event_feature_drop	ENSG00000087460.27	GNAS	TRUE	reuse_seed_matched_baseline_no_op	no_op_gene_feature_not_in_reference_model	no_op_gene_feature_not_in_reference_model	TRUE	TRUE	560	-554096.128120147	FALSE
drop_gene_event_features_GNAS__seed_20260712	Factor6	Factor6	0.999813940956675	0.999813940956675	0.999754361882744	0.999754361882744	0.999754361882744	1	FALSE	0.838103438575222	0.840538203612355	0.838103438575222	FALSE	TRUE	reliable_hungarian_match	TRUE	RNA;miRNA;HM450	per-view per-factor center then unit-L2; concatenate shared features	8	8	Pearson correlation of standardized loadings	spearman	0.35	0.05	0.7	0.05	20260712	7	drop_gene_event_features_GNAS	gene_event_feature_drop	ENSG00000087460.27	GNAS	TRUE	reuse_seed_matched_baseline_no_op	no_op_gene_feature_not_in_reference_model	no_op_gene_feature_not_in_reference_model	TRUE	TRUE	560	-554096.128120147	FALSE
drop_gene_event_features_GNAS__seed_20260712	Factor7	Factor8	-0.999818522208016	0.999818522208016	-0.999263085648232	0.999263085648232	0.999263085648232	-1	TRUE	0.921542614803516	0.924070413726305	0.921542614803516	FALSE	TRUE	reliable_hungarian_match	TRUE	RNA;miRNA;HM450	per-view per-factor center then unit-L2; concatenate shared features	8	8	Pearson correlation of standardized loadings	spearman	0.35	0.05	0.7	0.05	20260712	7	drop_gene_event_features_GNAS	gene_event_feature_drop	ENSG00000087460.27	GNAS	TRUE	reuse_seed_matched_baseline_no_op	no_op_gene_feature_not_in_reference_model	no_op_gene_feature_not_in_reference_model	TRUE	TRUE	560	-554096.128120147	FALSE
drop_gene_event_features_GNAS__seed_20260712	Factor8	Factor7	0.991009230860003	0.991009230860003	0.992211826752881	0.992211826752881	0.992211826752881	1	FALSE	0.857048718795504	0.731181597812236	0.731181597812236	FALSE	TRUE	reliable_hungarian_match	TRUE	RNA;miRNA;HM450	per-view per-factor center then unit-L2; concatenate shared features	8	8	Pearson correlation of standardized loadings	spearman	0.35	0.05	0.7	0.05	20260712	7	drop_gene_event_features_GNAS	gene_event_feature_drop	ENSG00000087460.27	GNAS	TRUE	reuse_seed_matched_baseline_no_op	no_op_gene_feature_not_in_reference_model	no_op_gene_feature_not_in_reference_model	TRUE	TRUE	560	-554096.128120147	FALSE
drop_gene_event_features_ZNF750__seed_20260712	Factor1	Factor1	-0.996863538894628	0.996863538894628	-0.995665209695481	0.995665209695481	0.995665209695481	-1	TRUE	0.855202476891287	0.863792382246851	0.855202476891287	FALSE	TRUE	reliable_hungarian_match	TRUE	RNA;miRNA;HM450	per-view per-factor center then unit-L2; concatenate shared features	8	8	Pearson correlation of standardized loadings	spearman	0.35	0.05	0.7	0.05	20260712	8	drop_gene_event_features_ZNF750	gene_event_feature_drop	ENSG00000141579.7	ZNF750	FALSE	fit_new_mofa_model	gene_feature_removed	no_op_gene_feature_not_in_reference_model	TRUE	TRUE	555	-554030.39341354	TRUE
drop_gene_event_features_ZNF750__seed_20260712	Factor2	Factor2	0.998944368501168	0.998944368501168	0.997399125817289	0.997399125817289	0.997399125817289	1	FALSE	0.732163984175743	0.758115653478311	0.732163984175743	FALSE	TRUE	reliable_hungarian_match	TRUE	RNA;miRNA;HM450	per-view per-factor center then unit-L2; concatenate shared features	8	8	Pearson correlation of standardized loadings	spearman	0.35	0.05	0.7	0.05	20260712	8	drop_gene_event_features_ZNF750	gene_event_feature_drop	ENSG00000141579.7	ZNF750	FALSE	fit_new_mofa_model	gene_feature_removed	no_op_gene_feature_not_in_reference_model	TRUE	TRUE	555	-554030.39341354	TRUE
drop_gene_event_features_ZNF750__seed_20260712	Factor3	Factor3	-0.997814301757717	0.997814301757717	-0.996286529639129	0.996286529639129	0.996286529639129	-1	TRUE	0.860790896217233	0.863266365236762	0.860790896217233	FALSE	TRUE	reliable_hungarian_match	TRUE	RNA;miRNA;HM450	per-view per-factor center then unit-L2; concatenate shared features	8	8	Pearson correlation of standardized loadings	spearman	0.35	0.05	0.7	0.05	20260712	8	drop_gene_event_features_ZNF750	gene_event_feature_drop	ENSG00000141579.7	ZNF750	FALSE	fit_new_mofa_model	gene_feature_removed	no_op_gene_feature_not_in_reference_model	TRUE	TRUE	555	-554030.39341354	TRUE
drop_gene_event_features_ZNF750__seed_20260712	Factor4	Factor4	0.991871724067033	0.991871724067033	0.995318426471119	0.995318426471119	0.995318426471119	1	FALSE	0.731452433611085	0.725091339741608	0.725091339741608	FALSE	TRUE	reliable_hungarian_match	TRUE	RNA;miRNA;HM450	per-view per-factor center then unit-L2; concatenate shared features	8	8	Pearson correlation of standardized loadings	spearman	0.35	0.05	0.7	0.05	20260712	8	drop_gene_event_features_ZNF750	gene_event_feature_drop	ENSG00000141579.7	ZNF750	FALSE	fit_new_mofa_model	gene_feature_removed	no_op_gene_feature_not_in_reference_model	TRUE	TRUE	555	-554030.39341354	TRUE
drop_gene_event_features_ZNF750__seed_20260712	Factor5	Factor5	-0.999464634172956	0.999464634172956	-0.999797709785789	0.999797709785789	0.999797709785789	-1	TRUE	0.854658352107841	0.851486402591652	0.851486402591652	FALSE	TRUE	reliable_hungarian_match	TRUE	RNA;miRNA;HM450	per-view per-factor center then unit-L2; concatenate shared features	8	8	Pearson correlation of standardized loadings	spearman	0.35	0.05	0.7	0.05	20260712	8	drop_gene_event_features_ZNF750	gene_event_feature_drop	ENSG00000141579.7	ZNF750	FALSE	fit_new_mofa_model	gene_feature_removed	no_op_gene_feature_not_in_reference_model	TRUE	TRUE	555	-554030.39341354	TRUE
drop_gene_event_features_ZNF750__seed_20260712	Factor6	Factor6	0.999820623388428	0.999820623388428	0.999783260484774	0.999783260484774	0.999783260484774	1	FALSE	0.83816220331826	0.840517357399968	0.83816220331826	FALSE	TRUE	reliable_hungarian_match	TRUE	RNA;miRNA;HM450	per-view per-factor center then unit-L2; concatenate shared features	8	8	Pearson correlation of standardized loadings	spearman	0.35	0.05	0.7	0.05	20260712	8	drop_gene_event_features_ZNF750	gene_event_feature_drop	ENSG00000141579.7	ZNF750	FALSE	fit_new_mofa_model	gene_feature_removed	no_op_gene_feature_not_in_reference_model	TRUE	TRUE	555	-554030.39341354	TRUE
drop_gene_event_features_ZNF750__seed_20260712	Factor7	Factor8	-0.999826464066347	0.999826464066347	-0.999234187046202	0.999234187046202	0.999234187046202	-1	TRUE	0.921561526394898	0.924069774867812	0.921561526394898	FALSE	TRUE	reliable_hungarian_match	TRUE	RNA;miRNA;HM450	per-view per-factor center then unit-L2; concatenate shared features	8	8	Pearson correlation of standardized loadings	spearman	0.35	0.05	0.7	0.05	20260712	8	drop_gene_event_features_ZNF750	gene_event_feature_drop	ENSG00000141579.7	ZNF750	FALSE	fit_new_mofa_model	gene_feature_removed	no_op_gene_feature_not_in_reference_model	TRUE	TRUE	555	-554030.39341354	TRUE
drop_gene_event_features_ZNF750__seed_20260712	Factor8	Factor7	0.991204518108332	0.991204518108332	0.992269623956941	0.992269623956941	0.992269623956941	1	FALSE	0.857178995480166	0.730785227652384	0.730785227652384	FALSE	TRUE	reliable_hungarian_match	TRUE	RNA;miRNA;HM450	per-view per-factor center then unit-L2; concatenate shared features	8	8	Pearson correlation of standardized loadings	spearman	0.35	0.05	0.7	0.05	20260712	8	drop_gene_event_features_ZNF750	gene_event_feature_drop	ENSG00000141579.7	ZNF750	FALSE	fit_new_mofa_model	gene_feature_removed	no_op_gene_feature_not_in_reference_model	TRUE	TRUE	555	-554030.39341354	TRUE
baseline__seed_20260713	Factor1	Factor1	0.999831609903007	0.999831609903007	0.999783260484774	0.999783260484774	0.999783260484774	1	FALSE	0.881798579049495	0.879049292613326	0.879049292613326	FALSE	TRUE	reliable_hungarian_match	TRUE	RNA;miRNA;HM450	per-view per-factor center then unit-L2; concatenate shared features	8	8	Pearson correlation of standardized loadings	spearman	0.35	0.05	0.7	0.05	20260713	1	baseline	baseline_multi_seed			FALSE	fit_new_mofa_model	retained	retained	TRUE	TRUE	290	-554102.797822681	TRUE
baseline__seed_20260713	Factor2	Factor2	0.999928793988097	0.999928793988097	0.999739912581729	0.999739912581729	0.999739912581729	1	FALSE	0.74347665397015	0.7463026714051	0.74347665397015	FALSE	TRUE	reliable_hungarian_match	TRUE	RNA;miRNA;HM450	per-view per-factor center then unit-L2; concatenate shared features	8	8	Pearson correlation of standardized loadings	spearman	0.35	0.05	0.7	0.05	20260713	1	baseline	baseline_multi_seed			FALSE	fit_new_mofa_model	retained	retained	TRUE	TRUE	290	-554102.797822681	TRUE
baseline__seed_20260713	Factor3	Factor3	0.999958010079992	0.999958010079992	0.999624318173608	0.999624318173608	0.999624318173608	1	FALSE	0.868937080444954	0.865220573395979	0.865220573395979	FALSE	TRUE	reliable_hungarian_match	TRUE	RNA;miRNA;HM450	per-view per-factor center then unit-L2; concatenate shared features	8	8	Pearson correlation of standardized loadings	spearman	0.35	0.05	0.7	0.05	20260713	1	baseline	baseline_multi_seed			FALSE	fit_new_mofa_model	retained	retained	TRUE	TRUE	290	-554102.797822681	TRUE
baseline__seed_20260713	Factor4	Factor4	0.998204408578741	0.998204408578741	0.998540620597479	0.998540620597479	0.998540620597479	1	FALSE	0.744578285995744	0.741752268560795	0.741752268560795	FALSE	TRUE	reliable_hungarian_match	TRUE	RNA;miRNA;HM450	per-view per-factor center then unit-L2; concatenate shared features	8	8	Pearson correlation of standardized loadings	spearman	0.35	0.05	0.7	0.05	20260713	1	baseline	baseline_multi_seed			FALSE	fit_new_mofa_model	retained	retained	TRUE	TRUE	290	-554102.797822681	TRUE
baseline__seed_20260713	Factor5	Factor5	0.99997128435452	0.99997128435452	0.999927753494925	0.999927753494925	0.999927753494925	1	FALSE	0.853464922510603	0.854089634406839	0.853464922510603	FALSE	TRUE	reliable_hungarian_match	TRUE	RNA;miRNA;HM450	per-view per-factor center then unit-L2; concatenate shared features	8	8	Pearson correlation of standardized loadings	spearman	0.35	0.05	0.7	0.05	20260713	1	baseline	baseline_multi_seed			FALSE	fit_new_mofa_model	retained	retained	TRUE	TRUE	290	-554102.797822681	TRUE
baseline__seed_20260713	Factor6	Factor6	0.999985511186886	0.999985511186886	0.999927753494925	0.999927753494925	0.999927753494925	1	FALSE	0.84487684749914	0.838842691472558	0.838842691472558	FALSE	TRUE	reliable_hungarian_match	TRUE	RNA;miRNA;HM450	per-view per-factor center then unit-L2; concatenate shared features	8	8	Pearson correlation of standardized loadings	spearman	0.35	0.05	0.7	0.05	20260713	1	baseline	baseline_multi_seed			FALSE	fit_new_mofa_model	retained	retained	TRUE	TRUE	290	-554102.797822681	TRUE
baseline__seed_20260713	Factor7	Factor7	-0.999817313011878	0.999817313011878	-0.999306433551277	0.999306433551277	0.999306433551277	-1	TRUE	0.923112513197396	0.919462521026282	0.919462521026282	FALSE	TRUE	reliable_hungarian_match	TRUE	RNA;miRNA;HM450	per-view per-factor center then unit-L2; concatenate shared features	8	8	Pearson correlation of standardized loadings	spearman	0.35	0.05	0.7	0.05	20260713	1	baseline	baseline_multi_seed			FALSE	fit_new_mofa_model	retained	retained	TRUE	TRUE	290	-554102.797822681	TRUE
baseline__seed_20260713	Factor8	Factor8	0.99798752661386	0.99798752661386	0.997558068128454	0.997558068128454	0.997558068128454	1	FALSE	0.861294206358191	0.772423645072942	0.772423645072942	FALSE	TRUE	reliable_hungarian_match	TRUE	RNA;miRNA;HM450	per-view per-factor center then unit-L2; concatenate shared features	8	8	Pearson correlation of standardized loadings	spearman	0.35	0.05	0.7	0.05	20260713	1	baseline	baseline_multi_seed			FALSE	fit_new_mofa_model	retained	retained	TRUE	TRUE	290	-554102.797822681	TRUE
drop_mutation_view__seed_20260713	Factor1	Factor1	0.999774252926148	0.999774252926148	0.999696564678684	0.999696564678684	0.999696564678684	1	FALSE	0.881840165721001	0.878777517342093	0.878777517342093	FALSE	TRUE	reliable_hungarian_match	TRUE	RNA;miRNA;HM450	per-view per-factor center then unit-L2; concatenate shared features	8	8	Pearson correlation of standardized loadings	spearman	0.35	0.05	0.7	0.05	20260713	2	drop_mutation_view	global_view_drop			FALSE	fit_new_mofa_model	view_removed	retained	TRUE	TRUE	290	-550566.516315279	TRUE
drop_mutation_view__seed_20260713	Factor2	Factor2	0.999930301078151	0.999930301078151	0.999754361882744	0.999754361882744	0.999754361882744	1	FALSE	0.743360485937494	0.746350941221457	0.743360485937494	FALSE	TRUE	reliable_hungarian_match	TRUE	RNA;miRNA;HM450	per-view per-factor center then unit-L2; concatenate shared features	8	8	Pearson correlation of standardized loadings	spearman	0.35	0.05	0.7	0.05	20260713	2	drop_mutation_view	global_view_drop			FALSE	fit_new_mofa_model	view_removed	retained	TRUE	TRUE	290	-550566.516315279	TRUE
drop_mutation_view__seed_20260713	Factor3	Factor3	0.999943158235604	0.999943158235604	0.999523173066503	0.999523173066503	0.999523173066503	1	FALSE	0.869049722435614	0.865243326131647	0.865243326131647	FALSE	TRUE	reliable_hungarian_match	TRUE	RNA;miRNA;HM450	per-view per-factor center then unit-L2; concatenate shared features	8	8	Pearson correlation of standardized loadings	spearman	0.35	0.05	0.7	0.05	20260713	2	drop_mutation_view	global_view_drop			FALSE	fit_new_mofa_model	view_removed	retained	TRUE	TRUE	290	-550566.516315279	TRUE
drop_mutation_view__seed_20260713	Factor4	Factor4	0.998284898788311	0.998284898788311	0.998511721995448	0.998511721995448	0.998511721995448	1	FALSE	0.744705538931617	0.741715083647654	0.741715083647654	FALSE	TRUE	reliable_hungarian_match	TRUE	RNA;miRNA;HM450	per-view per-factor center then unit-L2; concatenate shared features	8	8	Pearson correlation of standardized loadings	spearman	0.35	0.05	0.7	0.05	20260713	2	drop_mutation_view	global_view_drop			FALSE	fit_new_mofa_model	view_removed	retained	TRUE	TRUE	290	-550566.516315279	TRUE
drop_mutation_view__seed_20260713	Factor5	Factor5	0.999970663287402	0.999970663287402	0.999927753494925	0.999927753494925	0.999927753494925	1	FALSE	0.853476789459839	0.854102229508333	0.853476789459839	FALSE	TRUE	reliable_hungarian_match	TRUE	RNA;miRNA;HM450	per-view per-factor center then unit-L2; concatenate shared features	8	8	Pearson correlation of standardized loadings	spearman	0.35	0.05	0.7	0.05	20260713	2	drop_mutation_view	global_view_drop			FALSE	fit_new_mofa_model	view_removed	retained	TRUE	TRUE	290	-550566.516315279	TRUE
drop_mutation_view__seed_20260713	Factor6	Factor6	0.999983456772842	0.999983456772842	0.999927753494925	0.999927753494925	0.999927753494925	1	FALSE	0.844641221552697	0.838810775392218	0.838810775392218	FALSE	TRUE	reliable_hungarian_match	TRUE	RNA;miRNA;HM450	per-view per-factor center then unit-L2; concatenate shared features	8	8	Pearson correlation of standardized loadings	spearman	0.35	0.05	0.7	0.05	20260713	2	drop_mutation_view	global_view_drop			FALSE	fit_new_mofa_model	view_removed	retained	TRUE	TRUE	290	-550566.516315279	TRUE
drop_mutation_view__seed_20260713	Factor7	Factor7	-0.999795133119026	0.999795133119026	-0.999291984250262	0.999291984250262	0.999291984250262	-1	TRUE	0.923136092205857	0.919256661721206	0.919256661721206	FALSE	TRUE	reliable_hungarian_match	TRUE	RNA;miRNA;HM450	per-view per-factor center then unit-L2; concatenate shared features	8	8	Pearson correlation of standardized loadings	spearman	0.35	0.05	0.7	0.05	20260713	2	drop_mutation_view	global_view_drop			FALSE	fit_new_mofa_model	view_removed	retained	TRUE	TRUE	290	-550566.516315279	TRUE
drop_mutation_view__seed_20260713	Factor8	Factor8	0.99784713717832	0.99784713717832	0.997413575118303	0.997413575118303	0.997413575118303	1	FALSE	0.861100589703195	0.772659343569503	0.772659343569503	FALSE	TRUE	reliable_hungarian_match	TRUE	RNA;miRNA;HM450	per-view per-factor center then unit-L2; concatenate shared features	8	8	Pearson correlation of standardized loadings	spearman	0.35	0.05	0.7	0.05	20260713	2	drop_mutation_view	global_view_drop			FALSE	fit_new_mofa_model	view_removed	retained	TRUE	TRUE	290	-550566.516315279	TRUE
drop_cnv_view__seed_20260713	Factor1	Factor1	0.998034687757796	0.998034687757796	0.997586966730484	0.997586966730484	0.997586966730484	1	FALSE	0.878950242754764	0.865374445098528	0.865374445098528	FALSE	TRUE	reliable_hungarian_match	TRUE	RNA;miRNA;HM450	per-view per-factor center then unit-L2; concatenate shared features	8	8	Pearson correlation of standardized loadings	spearman	0.35	0.05	0.7	0.05	20260713	3	drop_cnv_view	global_view_drop			FALSE	fit_new_mofa_model	retained	view_removed	TRUE	TRUE	265	-476704.072458997	TRUE
drop_cnv_view__seed_20260713	Factor2	Factor2	0.998128164107663	0.998128164107663	0.996387674746234	0.996387674746234	0.996387674746234	1	FALSE	0.776654686828474	0.747586978475876	0.747586978475876	FALSE	TRUE	reliable_hungarian_match	TRUE	RNA;miRNA;HM450	per-view per-factor center then unit-L2; concatenate shared features	8	8	Pearson correlation of standardized loadings	spearman	0.35	0.05	0.7	0.05	20260713	3	drop_cnv_view	global_view_drop			FALSE	fit_new_mofa_model	retained	view_removed	TRUE	TRUE	265	-476704.072458997	TRUE
drop_cnv_view__seed_20260713	Factor3	Factor3	-0.997599715580116	0.997599715580116	-0.996257631037098	0.996257631037098	0.996257631037098	-1	TRUE	0.871257058303852	0.861244932203677	0.861244932203677	FALSE	TRUE	reliable_hungarian_match	TRUE	RNA;miRNA;HM450	per-view per-factor center then unit-L2; concatenate shared features	8	8	Pearson correlation of standardized loadings	spearman	0.35	0.05	0.7	0.05	20260713	3	drop_cnv_view	global_view_drop			FALSE	fit_new_mofa_model	retained	view_removed	TRUE	TRUE	265	-476704.072458997	TRUE
drop_cnv_view__seed_20260713	Factor4	Factor4	0.921332262027643	0.921332262027643	0.955871834699996	0.955871834699996	0.955871834699996	1	FALSE	0.670791076395856	0.390132040202872	0.390132040202872	FALSE	TRUE	reliable_hungarian_match	TRUE	RNA;miRNA;HM450	per-view per-factor center then unit-L2; concatenate shared features	8	8	Pearson correlation of standardized loadings	spearman	0.35	0.05	0.7	0.05	20260713	3	drop_cnv_view	global_view_drop			FALSE	fit_new_mofa_model	retained	view_removed	TRUE	TRUE	265	-476704.072458997	TRUE
drop_cnv_view__seed_20260713	Factor5	Factor5	0.999360937970359	0.999360937970359	0.999465375862443	0.999465375862443	0.999465375862443	1	FALSE	0.852191872236829	0.858796740470071	0.852191872236829	FALSE	TRUE	reliable_hungarian_match	TRUE	RNA;miRNA;HM450	per-view per-factor center then unit-L2; concatenate shared features	8	8	Pearson correlation of standardized loadings	spearman	0.35	0.05	0.7	0.05	20260713	3	drop_cnv_view	global_view_drop			FALSE	fit_new_mofa_model	retained	view_removed	TRUE	TRUE	265	-476704.072458997	TRUE
drop_cnv_view__seed_20260713	Factor6	Factor6	0.998031950839543	0.998031950839543	0.999277534949247	0.999277534949247	0.999277534949247	1	FALSE	0.806189780090009	0.843248323961581	0.806189780090009	FALSE	TRUE	reliable_hungarian_match	TRUE	RNA;miRNA;HM450	per-view per-factor center then unit-L2; concatenate shared features	8	8	Pearson correlation of standardized loadings	spearman	0.35	0.05	0.7	0.05	20260713	3	drop_cnv_view	global_view_drop			FALSE	fit_new_mofa_model	retained	view_removed	TRUE	TRUE	265	-476704.072458997	TRUE
drop_cnv_view__seed_20260713	Factor7	Factor7	-0.996058477813957	0.996058477813957	-0.983585594046888	0.983585594046888	0.983585594046888	-1	TRUE	0.928945756754757	0.906249635427407	0.906249635427407	FALSE	TRUE	reliable_hungarian_match	TRUE	RNA;miRNA;HM450	per-view per-factor center then unit-L2; concatenate shared features	8	8	Pearson correlation of standardized loadings	spearman	0.35	0.05	0.7	0.05	20260713	3	drop_cnv_view	global_view_drop			FALSE	fit_new_mofa_model	retained	view_removed	TRUE	TRUE	265	-476704.072458997	TRUE
drop_cnv_view__seed_20260713	Factor8	Factor8	-0.920508505678614	0.920508505678614	-0.908434779467543	0.908434779467543	0.908434779467543	-1	TRUE	0.389308283853843	0.724677467139976	0.389308283853843	FALSE	TRUE	reliable_hungarian_match	TRUE	RNA;miRNA;HM450	per-view per-factor center then unit-L2; concatenate shared features	8	8	Pearson correlation of standardized loadings	spearman	0.35	0.05	0.7	0.05	20260713	3	drop_cnv_view	global_view_drop			FALSE	fit_new_mofa_model	retained	view_removed	TRUE	TRUE	265	-476704.072458997	TRUE
drop_both_event_views__seed_20260713	Factor1	Factor1	0.998297050769415	0.998297050769415	0.997977097857891	0.997977097857891	0.997977097857891	1	FALSE	0.878619082298837	0.867168521888843	0.867168521888843	FALSE	TRUE	reliable_hungarian_match	TRUE	RNA;miRNA;HM450	per-view per-factor center then unit-L2; concatenate shared features	8	8	Pearson correlation of standardized loadings	spearman	0.35	0.05	0.7	0.05	20260713	4	drop_both_event_views	global_view_drop			FALSE	fit_new_mofa_model	view_removed	view_removed	TRUE	TRUE	280	-473160.430351832	TRUE
drop_both_event_views__seed_20260713	Factor2	Factor2	0.998123108885465	0.998123108885465	0.996199833833038	0.996199833833038	0.996199833833038	1	FALSE	0.775067606508068	0.742448135812384	0.742448135812384	FALSE	TRUE	reliable_hungarian_match	TRUE	RNA;miRNA;HM450	per-view per-factor center then unit-L2; concatenate shared features	8	8	Pearson correlation of standardized loadings	spearman	0.35	0.05	0.7	0.05	20260713	4	drop_both_event_views	global_view_drop			FALSE	fit_new_mofa_model	view_removed	view_removed	TRUE	TRUE	280	-473160.430351832	TRUE
drop_both_event_views__seed_20260713	Factor3	Factor3	-0.997800874953059	0.997800874953059	-0.996459921251309	0.996459921251309	0.996459921251309	-1	TRUE	0.87109475772034	0.861719352132983	0.861719352132983	FALSE	TRUE	reliable_hungarian_match	TRUE	RNA;miRNA;HM450	per-view per-factor center then unit-L2; concatenate shared features	8	8	Pearson correlation of standardized loadings	spearman	0.35	0.05	0.7	0.05	20260713	4	drop_both_event_views	global_view_drop			FALSE	fit_new_mofa_model	view_removed	view_removed	TRUE	TRUE	280	-473160.430351832	TRUE
drop_both_event_views__seed_20260713	Factor4	Factor4	0.939114796357305	0.939114796357305	0.967893653144529	0.967893653144529	0.967893653144529	1	FALSE	0.683439823284225	0.448222565229708	0.448222565229708	FALSE	TRUE	reliable_hungarian_match	TRUE	RNA;miRNA;HM450	per-view per-factor center then unit-L2; concatenate shared features	8	8	Pearson correlation of standardized loadings	spearman	0.35	0.05	0.7	0.05	20260713	4	drop_both_event_views	global_view_drop			FALSE	fit_new_mofa_model	view_removed	view_removed	TRUE	TRUE	280	-473160.430351832	TRUE
drop_both_event_views__seed_20260713	Factor5	Factor5	0.999396013071762	0.999396013071762	0.999580970270563	0.999580970270563	0.999580970270563	1	FALSE	0.851513202013561	0.859161290655633	0.851513202013561	FALSE	TRUE	reliable_hungarian_match	TRUE	RNA;miRNA;HM450	per-view per-factor center then unit-L2; concatenate shared features	8	8	Pearson correlation of standardized loadings	spearman	0.35	0.05	0.7	0.05	20260713	4	drop_both_event_views	global_view_drop			FALSE	fit_new_mofa_model	view_removed	view_removed	TRUE	TRUE	280	-473160.430351832	TRUE
drop_both_event_views__seed_20260713	Factor6	Factor6	0.998106499268804	0.998106499268804	0.999277534949247	0.999277534949247	0.999277534949247	1	FALSE	0.809079014263084	0.842509811120337	0.809079014263084	FALSE	TRUE	reliable_hungarian_match	TRUE	RNA;miRNA;HM450	per-view per-factor center then unit-L2; concatenate shared features	8	8	Pearson correlation of standardized loadings	spearman	0.35	0.05	0.7	0.05	20260713	4	drop_both_event_views	global_view_drop			FALSE	fit_new_mofa_model	view_removed	view_removed	TRUE	TRUE	280	-473160.430351832	TRUE
drop_both_event_views__seed_20260713	Factor7	Factor7	-0.996192656003433	0.996192656003433	-0.983773434960084	0.983773434960084	0.983773434960084	-1	TRUE	0.929157479647959	0.905510945866944	0.905510945866944	FALSE	TRUE	reliable_hungarian_match	TRUE	RNA;miRNA;HM450	per-view per-factor center then unit-L2; concatenate shared features	8	8	Pearson correlation of standardized loadings	spearman	0.35	0.05	0.7	0.05	20260713	4	drop_both_event_views	global_view_drop			FALSE	fit_new_mofa_model	view_removed	view_removed	TRUE	TRUE	280	-473160.430351832	TRUE
drop_both_event_views__seed_20260713	Factor8	Factor8	-0.940096404281302	0.940096404281302	-0.932420619152548	0.932420619152548	0.932420619152548	-1	TRUE	0.449204173153705	0.79514266031868	0.449204173153705	FALSE	TRUE	reliable_hungarian_match	TRUE	RNA;miRNA;HM450	per-view per-factor center then unit-L2; concatenate shared features	8	8	Pearson correlation of standardized loadings	spearman	0.35	0.05	0.7	0.05	20260713	4	drop_both_event_views	global_view_drop			FALSE	fit_new_mofa_model	view_removed	view_removed	TRUE	TRUE	280	-473160.430351832	TRUE
drop_gene_event_features_PIK3CA__seed_20260713	Factor1	Factor1	0.999832814686329	0.999832814686329	0.999826608387819	0.999826608387819	0.999826608387819	1	FALSE	0.881797256452139	0.879055446896156	0.879055446896156	FALSE	TRUE	reliable_hungarian_match	TRUE	RNA;miRNA;HM450	per-view per-factor center then unit-L2; concatenate shared features	8	8	Pearson correlation of standardized loadings	spearman	0.35	0.05	0.7	0.05	20260713	5	drop_gene_event_features_PIK3CA	gene_event_feature_drop	ENSG00000121879.6	PIK3CA	FALSE	fit_new_mofa_model	gene_feature_removed	no_op_gene_feature_not_in_reference_model	TRUE	TRUE	290	-554037.453974558	TRUE
drop_gene_event_features_PIK3CA__seed_20260713	Factor2	Factor2	0.999929006513594	0.999929006513594	0.999739912581729	0.999739912581729	0.999739912581729	1	FALSE	0.743475770975524	0.746301201689332	0.743475770975524	FALSE	TRUE	reliable_hungarian_match	TRUE	RNA;miRNA;HM450	per-view per-factor center then unit-L2; concatenate shared features	8	8	Pearson correlation of standardized loadings	spearman	0.35	0.05	0.7	0.05	20260713	5	drop_gene_event_features_PIK3CA	gene_event_feature_drop	ENSG00000121879.6	PIK3CA	FALSE	fit_new_mofa_model	gene_feature_removed	no_op_gene_feature_not_in_reference_model	TRUE	TRUE	290	-554037.453974558	TRUE
drop_gene_event_features_PIK3CA__seed_20260713	Factor3	Factor3	0.999958304159551	0.999958304159551	0.999624318173608	0.999624318173608	0.999624318173608	1	FALSE	0.868934629166107	0.865220184439543	0.865220184439543	FALSE	TRUE	reliable_hungarian_match	TRUE	RNA;miRNA;HM450	per-view per-factor center then unit-L2; concatenate shared features	8	8	Pearson correlation of standardized loadings	spearman	0.35	0.05	0.7	0.05	20260713	5	drop_gene_event_features_PIK3CA	gene_event_feature_drop	ENSG00000121879.6	PIK3CA	FALSE	fit_new_mofa_model	gene_feature_removed	no_op_gene_feature_not_in_reference_model	TRUE	TRUE	290	-554037.453974558	TRUE
drop_gene_event_features_PIK3CA__seed_20260713	Factor4	Factor4	0.998205981454474	0.998205981454474	0.998540620597479	0.998540620597479	0.998540620597479	1	FALSE	0.744578176630212	0.741752745916405	0.741752745916405	FALSE	TRUE	reliable_hungarian_match	TRUE	RNA;miRNA;HM450	per-view per-factor center then unit-L2; concatenate shared features	8	8	Pearson correlation of standardized loadings	spearman	0.35	0.05	0.7	0.05	20260713	5	drop_gene_event_features_PIK3CA	gene_event_feature_drop	ENSG00000121879.6	PIK3CA	FALSE	fit_new_mofa_model	gene_feature_removed	no_op_gene_feature_not_in_reference_model	TRUE	TRUE	290	-554037.453974558	TRUE
drop_gene_event_features_PIK3CA__seed_20260713	Factor5	Factor5	0.999971311914848	0.999971311914848	0.999927753494925	0.999927753494925	0.999927753494925	1	FALSE	0.85346564303705	0.854089009900659	0.85346564303705	FALSE	TRUE	reliable_hungarian_match	TRUE	RNA;miRNA;HM450	per-view per-factor center then unit-L2; concatenate shared features	8	8	Pearson correlation of standardized loadings	spearman	0.35	0.05	0.7	0.05	20260713	5	drop_gene_event_features_PIK3CA	gene_event_feature_drop	ENSG00000121879.6	PIK3CA	FALSE	fit_new_mofa_model	gene_feature_removed	no_op_gene_feature_not_in_reference_model	TRUE	TRUE	290	-554037.453974558	TRUE
drop_gene_event_features_PIK3CA__seed_20260713	Factor6	Factor6	0.99998560773141	0.99998560773141	0.999927753494925	0.999927753494925	0.999927753494925	1	FALSE	0.84487507307186	0.838843475110546	0.838843475110546	FALSE	TRUE	reliable_hungarian_match	TRUE	RNA;miRNA;HM450	per-view per-factor center then unit-L2; concatenate shared features	8	8	Pearson correlation of standardized loadings	spearman	0.35	0.05	0.7	0.05	20260713	5	drop_gene_event_features_PIK3CA	gene_event_feature_drop	ENSG00000121879.6	PIK3CA	FALSE	fit_new_mofa_model	gene_feature_removed	no_op_gene_feature_not_in_reference_model	TRUE	TRUE	290	-554037.453974558	TRUE
drop_gene_event_features_PIK3CA__seed_20260713	Factor7	Factor7	-0.999819078256424	0.999819078256424	-0.999306433551277	0.999306433551277	0.999306433551277	-1	TRUE	0.92310932994486	0.919478905687667	0.919478905687667	FALSE	TRUE	reliable_hungarian_match	TRUE	RNA;miRNA;HM450	per-view per-factor center then unit-L2; concatenate shared features	8	8	Pearson correlation of standardized loadings	spearman	0.35	0.05	0.7	0.05	20260713	5	drop_gene_event_features_PIK3CA	gene_event_feature_drop	ENSG00000121879.6	PIK3CA	FALSE	fit_new_mofa_model	gene_feature_removed	no_op_gene_feature_not_in_reference_model	TRUE	TRUE	290	-554037.453974558	TRUE
drop_gene_event_features_PIK3CA__seed_20260713	Factor8	Factor8	0.99799342907814	0.99799342907814	0.997543618827439	0.997543618827439	0.997543618827439	1	FALSE	0.861298295376765	0.772458570538382	0.772458570538382	FALSE	TRUE	reliable_hungarian_match	TRUE	RNA;miRNA;HM450	per-view per-factor center then unit-L2; concatenate shared features	8	8	Pearson correlation of standardized loadings	spearman	0.35	0.05	0.7	0.05	20260713	5	drop_gene_event_features_PIK3CA	gene_event_feature_drop	ENSG00000121879.6	PIK3CA	FALSE	fit_new_mofa_model	gene_feature_removed	no_op_gene_feature_not_in_reference_model	TRUE	TRUE	290	-554037.453974558	TRUE
drop_gene_event_features_NFE2L2__seed_20260713	Factor1	Factor1	0.999811248644167	0.999811248644167	0.999754361882744	0.999754361882744	0.999754361882744	1	FALSE	0.881819655420803	0.878942787939218	0.878942787939218	FALSE	TRUE	reliable_hungarian_match	TRUE	RNA;miRNA;HM450	per-view per-factor center then unit-L2; concatenate shared features	8	8	Pearson correlation of standardized loadings	spearman	0.35	0.05	0.7	0.05	20260713	6	drop_gene_event_features_NFE2L2	gene_event_feature_drop	ENSG00000116044.16	NFE2L2	FALSE	fit_new_mofa_model	gene_feature_removed	no_op_gene_feature_not_in_reference_model	TRUE	TRUE	290	-554037.65964279	TRUE
drop_gene_event_features_NFE2L2__seed_20260713	Factor2	Factor2	0.99992876574326	0.99992876574326	0.999739912581729	0.999739912581729	0.999739912581729	1	FALSE	0.743417984730427	0.746339560257757	0.743417984730427	FALSE	TRUE	reliable_hungarian_match	TRUE	RNA;miRNA;HM450	per-view per-factor center then unit-L2; concatenate shared features	8	8	Pearson correlation of standardized loadings	spearman	0.35	0.05	0.7	0.05	20260713	6	drop_gene_event_features_NFE2L2	gene_event_feature_drop	ENSG00000116044.16	NFE2L2	FALSE	fit_new_mofa_model	gene_feature_removed	no_op_gene_feature_not_in_reference_model	TRUE	TRUE	290	-554037.65964279	TRUE
drop_gene_event_features_NFE2L2__seed_20260713	Factor3	Factor3	0.999952637300776	0.999952637300776	0.999595419571578	0.999595419571578	0.999595419571578	1	FALSE	0.868991088954722	0.865215612553052	0.865215612553052	FALSE	TRUE	reliable_hungarian_match	TRUE	RNA;miRNA;HM450	per-view per-factor center then unit-L2; concatenate shared features	8	8	Pearson correlation of standardized loadings	spearman	0.35	0.05	0.7	0.05	20260713	6	drop_gene_event_features_NFE2L2	gene_event_feature_drop	ENSG00000116044.16	NFE2L2	FALSE	fit_new_mofa_model	gene_feature_removed	no_op_gene_feature_not_in_reference_model	TRUE	TRUE	290	-554037.65964279	TRUE
drop_gene_event_features_NFE2L2__seed_20260713	Factor4	Factor4	0.998225094886211	0.998225094886211	0.998497272694433	0.998497272694433	0.998497272694433	1	FALSE	0.744635889400708	0.741714313873378	0.741714313873378	FALSE	TRUE	reliable_hungarian_match	TRUE	RNA;miRNA;HM450	per-view per-factor center then unit-L2; concatenate shared features	8	8	Pearson correlation of standardized loadings	spearman	0.35	0.05	0.7	0.05	20260713	6	drop_gene_event_features_NFE2L2	gene_event_feature_drop	ENSG00000116044.16	NFE2L2	FALSE	fit_new_mofa_model	gene_feature_removed	no_op_gene_feature_not_in_reference_model	TRUE	TRUE	290	-554037.65964279	TRUE
drop_gene_event_features_NFE2L2__seed_20260713	Factor5	Factor5	0.999970642020666	0.999970642020666	0.999927753494925	0.999927753494925	0.999927753494925	1	FALSE	0.853469282458144	0.854094391135166	0.853469282458144	FALSE	TRUE	reliable_hungarian_match	TRUE	RNA;miRNA;HM450	per-view per-factor center then unit-L2; concatenate shared features	8	8	Pearson correlation of standardized loadings	spearman	0.35	0.05	0.7	0.05	20260713	6	drop_gene_event_features_NFE2L2	gene_event_feature_drop	ENSG00000116044.16	NFE2L2	FALSE	fit_new_mofa_model	gene_feature_removed	no_op_gene_feature_not_in_reference_model	TRUE	TRUE	290	-554037.65964279	TRUE
drop_gene_event_features_NFE2L2__seed_20260713	Factor6	Factor6	0.999984602821423	0.999984602821423	0.999927753494925	0.999927753494925	0.999927753494925	1	FALSE	0.844805323122329	0.838827664325754	0.838827664325754	FALSE	TRUE	reliable_hungarian_match	TRUE	RNA;miRNA;HM450	per-view per-factor center then unit-L2; concatenate shared features	8	8	Pearson correlation of standardized loadings	spearman	0.35	0.05	0.7	0.05	20260713	6	drop_gene_event_features_NFE2L2	gene_event_feature_drop	ENSG00000116044.16	NFE2L2	FALSE	fit_new_mofa_model	gene_feature_removed	no_op_gene_feature_not_in_reference_model	TRUE	TRUE	290	-554037.65964279	TRUE
drop_gene_event_features_NFE2L2__seed_20260713	Factor7	Factor7	-0.999810492317191	0.999810492317191	-0.999306433551277	0.999306433551277	0.999306433551277	-1	TRUE	0.923123894365159	0.919393614528352	0.919393614528352	FALSE	TRUE	reliable_hungarian_match	TRUE	RNA;miRNA;HM450	per-view per-factor center then unit-L2; concatenate shared features	8	8	Pearson correlation of standardized loadings	spearman	0.35	0.05	0.7	0.05	20260713	6	drop_gene_event_features_NFE2L2	gene_event_feature_drop	ENSG00000116044.16	NFE2L2	FALSE	fit_new_mofa_model	gene_feature_removed	no_op_gene_feature_not_in_reference_model	TRUE	TRUE	290	-554037.65964279	TRUE
drop_gene_event_features_NFE2L2__seed_20260713	Factor8	Factor8	0.99793113623279	0.99793113623279	0.997543618827439	0.997543618827439	0.997543618827439	1	FALSE	0.861225142786234	0.772376595319432	0.772376595319432	FALSE	TRUE	reliable_hungarian_match	TRUE	RNA;miRNA;HM450	per-view per-factor center then unit-L2; concatenate shared features	8	8	Pearson correlation of standardized loadings	spearman	0.35	0.05	0.7	0.05	20260713	6	drop_gene_event_features_NFE2L2	gene_event_feature_drop	ENSG00000116044.16	NFE2L2	FALSE	fit_new_mofa_model	gene_feature_removed	no_op_gene_feature_not_in_reference_model	TRUE	TRUE	290	-554037.65964279	TRUE
drop_gene_event_features_GNAS__seed_20260713	Factor1	Factor1	0.999831609903007	0.999831609903007	0.999783260484774	0.999783260484774	0.999783260484774	1	FALSE	0.881798579049495	0.879049292613326	0.879049292613326	FALSE	TRUE	reliable_hungarian_match	TRUE	RNA;miRNA;HM450	per-view per-factor center then unit-L2; concatenate shared features	8	8	Pearson correlation of standardized loadings	spearman	0.35	0.05	0.7	0.05	20260713	7	drop_gene_event_features_GNAS	gene_event_feature_drop	ENSG00000087460.27	GNAS	TRUE	reuse_seed_matched_baseline_no_op	no_op_gene_feature_not_in_reference_model	no_op_gene_feature_not_in_reference_model	TRUE	TRUE	290	-554102.797822681	FALSE
drop_gene_event_features_GNAS__seed_20260713	Factor2	Factor2	0.999928793988097	0.999928793988097	0.999739912581729	0.999739912581729	0.999739912581729	1	FALSE	0.74347665397015	0.7463026714051	0.74347665397015	FALSE	TRUE	reliable_hungarian_match	TRUE	RNA;miRNA;HM450	per-view per-factor center then unit-L2; concatenate shared features	8	8	Pearson correlation of standardized loadings	spearman	0.35	0.05	0.7	0.05	20260713	7	drop_gene_event_features_GNAS	gene_event_feature_drop	ENSG00000087460.27	GNAS	TRUE	reuse_seed_matched_baseline_no_op	no_op_gene_feature_not_in_reference_model	no_op_gene_feature_not_in_reference_model	TRUE	TRUE	290	-554102.797822681	FALSE
drop_gene_event_features_GNAS__seed_20260713	Factor3	Factor3	0.999958010079992	0.999958010079992	0.999624318173608	0.999624318173608	0.999624318173608	1	FALSE	0.868937080444954	0.865220573395979	0.865220573395979	FALSE	TRUE	reliable_hungarian_match	TRUE	RNA;miRNA;HM450	per-view per-factor center then unit-L2; concatenate shared features	8	8	Pearson correlation of standardized loadings	spearman	0.35	0.05	0.7	0.05	20260713	7	drop_gene_event_features_GNAS	gene_event_feature_drop	ENSG00000087460.27	GNAS	TRUE	reuse_seed_matched_baseline_no_op	no_op_gene_feature_not_in_reference_model	no_op_gene_feature_not_in_reference_model	TRUE	TRUE	290	-554102.797822681	FALSE
drop_gene_event_features_GNAS__seed_20260713	Factor4	Factor4	0.998204408578741	0.998204408578741	0.998540620597479	0.998540620597479	0.998540620597479	1	FALSE	0.744578285995744	0.741752268560795	0.741752268560795	FALSE	TRUE	reliable_hungarian_match	TRUE	RNA;miRNA;HM450	per-view per-factor center then unit-L2; concatenate shared features	8	8	Pearson correlation of standardized loadings	spearman	0.35	0.05	0.7	0.05	20260713	7	drop_gene_event_features_GNAS	gene_event_feature_drop	ENSG00000087460.27	GNAS	TRUE	reuse_seed_matched_baseline_no_op	no_op_gene_feature_not_in_reference_model	no_op_gene_feature_not_in_reference_model	TRUE	TRUE	290	-554102.797822681	FALSE
drop_gene_event_features_GNAS__seed_20260713	Factor5	Factor5	0.99997128435452	0.99997128435452	0.999927753494925	0.999927753494925	0.999927753494925	1	FALSE	0.853464922510603	0.854089634406839	0.853464922510603	FALSE	TRUE	reliable_hungarian_match	TRUE	RNA;miRNA;HM450	per-view per-factor center then unit-L2; concatenate shared features	8	8	Pearson correlation of standardized loadings	spearman	0.35	0.05	0.7	0.05	20260713	7	drop_gene_event_features_GNAS	gene_event_feature_drop	ENSG00000087460.27	GNAS	TRUE	reuse_seed_matched_baseline_no_op	no_op_gene_feature_not_in_reference_model	no_op_gene_feature_not_in_reference_model	TRUE	TRUE	290	-554102.797822681	FALSE
drop_gene_event_features_GNAS__seed_20260713	Factor6	Factor6	0.999985511186886	0.999985511186886	0.999927753494925	0.999927753494925	0.999927753494925	1	FALSE	0.84487684749914	0.838842691472558	0.838842691472558	FALSE	TRUE	reliable_hungarian_match	TRUE	RNA;miRNA;HM450	per-view per-factor center then unit-L2; concatenate shared features	8	8	Pearson correlation of standardized loadings	spearman	0.35	0.05	0.7	0.05	20260713	7	drop_gene_event_features_GNAS	gene_event_feature_drop	ENSG00000087460.27	GNAS	TRUE	reuse_seed_matched_baseline_no_op	no_op_gene_feature_not_in_reference_model	no_op_gene_feature_not_in_reference_model	TRUE	TRUE	290	-554102.797822681	FALSE
drop_gene_event_features_GNAS__seed_20260713	Factor7	Factor7	-0.999817313011878	0.999817313011878	-0.999306433551277	0.999306433551277	0.999306433551277	-1	TRUE	0.923112513197396	0.919462521026282	0.919462521026282	FALSE	TRUE	reliable_hungarian_match	TRUE	RNA;miRNA;HM450	per-view per-factor center then unit-L2; concatenate shared features	8	8	Pearson correlation of standardized loadings	spearman	0.35	0.05	0.7	0.05	20260713	7	drop_gene_event_features_GNAS	gene_event_feature_drop	ENSG00000087460.27	GNAS	TRUE	reuse_seed_matched_baseline_no_op	no_op_gene_feature_not_in_reference_model	no_op_gene_feature_not_in_reference_model	TRUE	TRUE	290	-554102.797822681	FALSE
drop_gene_event_features_GNAS__seed_20260713	Factor8	Factor8	0.99798752661386	0.99798752661386	0.997558068128454	0.997558068128454	0.997558068128454	1	FALSE	0.861294206358191	0.772423645072942	0.772423645072942	FALSE	TRUE	reliable_hungarian_match	TRUE	RNA;miRNA;HM450	per-view per-factor center then unit-L2; concatenate shared features	8	8	Pearson correlation of standardized loadings	spearman	0.35	0.05	0.7	0.05	20260713	7	drop_gene_event_features_GNAS	gene_event_feature_drop	ENSG00000087460.27	GNAS	TRUE	reuse_seed_matched_baseline_no_op	no_op_gene_feature_not_in_reference_model	no_op_gene_feature_not_in_reference_model	TRUE	TRUE	290	-554102.797822681	FALSE
drop_gene_event_features_ZNF750__seed_20260713	Factor1	Factor1	0.999830454629489	0.999830454629489	0.999783260484774	0.999783260484774	0.999783260484774	1	FALSE	0.881797386639311	0.879044070478358	0.879044070478358	FALSE	TRUE	reliable_hungarian_match	TRUE	RNA;miRNA;HM450	per-view per-factor center then unit-L2; concatenate shared features	8	8	Pearson correlation of standardized loadings	spearman	0.35	0.05	0.7	0.05	20260713	8	drop_gene_event_features_ZNF750	gene_event_feature_drop	ENSG00000141579.7	ZNF750	FALSE	fit_new_mofa_model	gene_feature_removed	no_op_gene_feature_not_in_reference_model	TRUE	TRUE	290	-554037.528581987	TRUE
drop_gene_event_features_ZNF750__seed_20260713	Factor2	Factor2	0.999928921534643	0.999928921534643	0.999739912581729	0.999739912581729	0.999739912581729	1	FALSE	0.743472367526457	0.74630356435059	0.743472367526457	FALSE	TRUE	reliable_hungarian_match	TRUE	RNA;miRNA;HM450	per-view per-factor center then unit-L2; concatenate shared features	8	8	Pearson correlation of standardized loadings	spearman	0.35	0.05	0.7	0.05	20260713	8	drop_gene_event_features_ZNF750	gene_event_feature_drop	ENSG00000141579.7	ZNF750	FALSE	fit_new_mofa_model	gene_feature_removed	no_op_gene_feature_not_in_reference_model	TRUE	TRUE	290	-554037.528581987	TRUE
drop_gene_event_features_ZNF750__seed_20260713	Factor3	Factor3	0.999957749726813	0.999957749726813	0.999624318173608	0.999624318173608	0.999624318173608	1	FALSE	0.868934085460221	0.865228955839737	0.865228955839737	FALSE	TRUE	reliable_hungarian_match	TRUE	RNA;miRNA;HM450	per-view per-factor center then unit-L2; concatenate shared features	8	8	Pearson correlation of standardized loadings	spearman	0.35	0.05	0.7	0.05	20260713	8	drop_gene_event_features_ZNF750	gene_event_feature_drop	ENSG00000141579.7	ZNF750	FALSE	fit_new_mofa_model	gene_feature_removed	no_op_gene_feature_not_in_reference_model	TRUE	TRUE	290	-554037.528581987	TRUE
drop_gene_event_features_ZNF750__seed_20260713	Factor4	Factor4	0.998209704620473	0.998209704620473	0.998540620597479	0.998540620597479	0.998540620597479	1	FALSE	0.74458434743642	0.741753150612286	0.741753150612286	FALSE	TRUE	reliable_hungarian_match	TRUE	RNA;miRNA;HM450	per-view per-factor center then unit-L2; concatenate shared features	8	8	Pearson correlation of standardized loadings	spearman	0.35	0.05	0.7	0.05	20260713	8	drop_gene_event_features_ZNF750	gene_event_feature_drop	ENSG00000141579.7	ZNF750	FALSE	fit_new_mofa_model	gene_feature_removed	no_op_gene_feature_not_in_reference_model	TRUE	TRUE	290	-554037.528581987	TRUE
drop_gene_event_features_ZNF750__seed_20260713	Factor5	Factor5	0.999971431303221	0.999971431303221	0.999927753494925	0.999927753494925	0.999927753494925	1	FALSE	0.853467808151063	0.854089364489091	0.853467808151063	FALSE	TRUE	reliable_hungarian_match	TRUE	RNA;miRNA;HM450	per-view per-factor center then unit-L2; concatenate shared features	8	8	Pearson correlation of standardized loadings	spearman	0.35	0.05	0.7	0.05	20260713	8	drop_gene_event_features_ZNF750	gene_event_feature_drop	ENSG00000141579.7	ZNF750	FALSE	fit_new_mofa_model	gene_feature_removed	no_op_gene_feature_not_in_reference_model	TRUE	TRUE	290	-554037.528581987	TRUE
drop_gene_event_features_ZNF750__seed_20260713	Factor6	Factor6	0.999985458916038	0.999985458916038	0.999927753494925	0.999927753494925	0.999927753494925	1	FALSE	0.844865676966396	0.838841683441234	0.838841683441234	FALSE	TRUE	reliable_hungarian_match	TRUE	RNA;miRNA;HM450	per-view per-factor center then unit-L2; concatenate shared features	8	8	Pearson correlation of standardized loadings	spearman	0.35	0.05	0.7	0.05	20260713	8	drop_gene_event_features_ZNF750	gene_event_feature_drop	ENSG00000141579.7	ZNF750	FALSE	fit_new_mofa_model	gene_feature_removed	no_op_gene_feature_not_in_reference_model	TRUE	TRUE	290	-554037.528581987	TRUE
drop_gene_event_features_ZNF750__seed_20260713	Factor7	Factor7	-0.99981653796971	0.99981653796971	-0.999306433551277	0.999306433551277	0.999306433551277	-1	TRUE	0.923113772008161	0.919455617851983	0.919455617851983	FALSE	TRUE	reliable_hungarian_match	TRUE	RNA;miRNA;HM450	per-view per-factor center then unit-L2; concatenate shared features	8	8	Pearson correlation of standardized loadings	spearman	0.35	0.05	0.7	0.05	20260713	8	drop_gene_event_features_ZNF750	gene_event_feature_drop	ENSG00000141579.7	ZNF750	FALSE	fit_new_mofa_model	gene_feature_removed	no_op_gene_feature_not_in_reference_model	TRUE	TRUE	290	-554037.528581987	TRUE
drop_gene_event_features_ZNF750__seed_20260713	Factor8	Factor8	0.997987096837547	0.997987096837547	0.997558068128454	0.997558068128454	0.997558068128454	1	FALSE	0.861290927782942	0.772477213861056	0.772477213861056	FALSE	TRUE	reliable_hungarian_match	TRUE	RNA;miRNA;HM450	per-view per-factor center then unit-L2; concatenate shared features	8	8	Pearson correlation of standardized loadings	spearman	0.35	0.05	0.7	0.05	20260713	8	drop_gene_event_features_ZNF750	gene_event_feature_drop	ENSG00000141579.7	ZNF750	FALSE	fit_new_mofa_model	gene_feature_removed	no_op_gene_feature_not_in_reference_model	TRUE	TRUE	290	-554037.528581987	TRUE
