gene_id	gene_name	tcga_driver_tier	event_type	target_type	target	n_complete	n_event	n_reference	effect_measure	effect	p_value	mutation_evidence_unit	cnv_expression_evidence_unit	distinct_event_unit_count_recomputed	independence_group	independent_validation	analysis_eligible	q_value	level_factor_soft_flag	predictor_feature_selected_in_target_model	target_model_overlap_class	bootstrap_iterations	valid_bootstraps	effect_ci95_low	effect_ci95_high	bootstrap_direction_consistency	association_status	discordance_code	eligible_as_independent_validation
ENSG00000185920.16	PTCH1	strong_patient_level_candidate	relative_cnv	MOFA_factor	Factor3	94			Spearman rho	0.201646363246005	0.0513019306666409	TRUE	FALSE	1	TCGA_ESCC_DR45_driver_state_shared_patients	FALSE	TRUE	0.289705020235148	FALSE	FALSE	predictor_layer_in_mofa_input	500	500	-0.0203236789651007	0.404131782065139	0.964	directional_exploratory	same_direction_nonsignificant	FALSE
ENSG00000127616.19	SMARCA4	strong_patient_level_candidate	mutation	MOFA_factor	Factor7	94	7	87	rank-biserial correlation: event minus reference	0.428571428571429	0.0611722111413373	TRUE	FALSE	1	TCGA_ESCC_DR45_driver_state_shared_patients	FALSE	TRUE	0.293626613478419	FALSE	TRUE	predictor_feature_in_mofa_input	500	500	0.0336617405582924	0.704597701149425	0.984	directional_exploratory	same_direction_nonsignificant	FALSE
ENSG00000121879.6	PIK3CA	strong_patient_level_candidate	mutation	MOFA_factor	Factor6	94	11	83	rank-biserial correlation: event minus reference	-0.325301204819277	0.0817142358660419	TRUE	TRUE	2	TCGA_ESCC_DR45_driver_state_shared_patients	FALSE	TRUE	0.367714061397188	FALSE	TRUE	predictor_feature_in_mofa_input	500	500	-0.558762322015334	-0.0699342825848851	0.992	directional_exploratory	same_direction_nonsignificant	FALSE
ENSG00000127616.19	SMARCA4	strong_patient_level_candidate	mutation	MOFA_factor	Factor2	94	7	87	rank-biserial correlation: event minus reference	0.382594417077176	0.0947963892595824	TRUE	FALSE	1	TCGA_ESCC_DR45_driver_state_shared_patients	FALSE	TRUE	0.383822420524153	FALSE	TRUE	predictor_feature_in_mofa_input	500	500	-0.0182266009852216	0.719293924466338	0.966	directional_exploratory	same_direction_nonsignificant	FALSE
ENSG00000148400.12	NOTCH1	strong_patient_level_candidate	mutation	MOFA_factor	Factor7	94	13	81	rank-biserial correlation: event minus reference	-0.289648622981956	0.0959556051310382	TRUE	FALSE	1	TCGA_ESCC_DR45_driver_state_shared_patients	FALSE	TRUE	0.383822420524153	FALSE	TRUE	predictor_feature_in_mofa_input	500	500	-0.588841405508072	0.0561253561253561	0.946	directional_exploratory	same_direction_nonsignificant	FALSE
ENSG00000185920.16	PTCH1	strong_patient_level_candidate	amplification	MOFA_factor	Factor5	94	6	88	rank-biserial correlation: event minus reference	0.439393939393939	0.0740244443366027	TRUE	FALSE	1	TCGA_ESCC_DR45_driver_state_shared_patients	FALSE	TRUE	0.394797036461881	FALSE	FALSE	predictor_layer_in_mofa_input	500	500	0.119223484848485	0.716098484848485	1	directional_exploratory	same_direction_nonsignificant	FALSE
ENSG00000127616.19	SMARCA4	strong_patient_level_candidate	mutation	MOFA_factor	Factor4	94	7	87	rank-biserial correlation: event minus reference	0.520525451559934	0.0228758204504946	TRUE	FALSE	1	TCGA_ESCC_DR45_driver_state_shared_patients	FALSE	TRUE	0.167683937944865	TRUE	TRUE	predictor_feature_in_mofa_input	500	500	-0.00353037766830863	0.885057471264368	0.974	directional_exploratory_level_factor_qc	same_direction_nonsignificant	FALSE
ENSG00000141510.18	TP53	strong_patient_level_candidate	relative_cnv	MOFA_factor	Factor4	94			Spearman rho	0.208790276539727	0.0434323854449104	TRUE	FALSE	1	TCGA_ESCC_DR45_driver_state_shared_patients	FALSE	TRUE	0.283940830828338	TRUE	FALSE	predictor_layer_in_mofa_input	500	500	0.0171048560175124	0.401122886603031	0.982	directional_exploratory_level_factor_qc	same_direction_nonsignificant	FALSE
ENSG00000087460.27	GNAS	strong_patient_level_candidate	mutation	MOFA_factor	Factor1	94	4	90	rank-biserial correlation: event minus reference	-0.711111111111111	0.0169268030919366	TRUE	FALSE	1	TCGA_ESCC_DR45_driver_state_shared_patients	FALSE	FALSE		FALSE	FALSE	predictor_layer_in_mofa_input	500					insufficient_event_count_descriptive	not_comparable	FALSE
ENSG00000148400.12	NOTCH1	strong_patient_level_candidate	amplification	MOFA_factor	Factor3	94	4	90	rank-biserial correlation: event minus reference	0.677777777777778	0.0228517846472587	TRUE	FALSE	1	TCGA_ESCC_DR45_driver_state_shared_patients	FALSE	FALSE		FALSE	FALSE	predictor_layer_in_mofa_input	500					insufficient_event_count_descriptive	not_comparable	FALSE
ENSG00000087460.27	GNAS	strong_patient_level_candidate	mutation	MOFA_factor	Factor4	94	4	90	rank-biserial correlation: event minus reference	0.655555555555555	0.0277376763935575	TRUE	FALSE	1	TCGA_ESCC_DR45_driver_state_shared_patients	FALSE	FALSE		TRUE	FALSE	predictor_layer_in_mofa_input	500					insufficient_event_count_descriptive	not_comparable	FALSE
ENSG00000148400.12	NOTCH1	strong_patient_level_candidate	amplification	MOFA_factor	Factor6	94	4	90	rank-biserial correlation: event minus reference	0.633333333333333	0.033499113808781	TRUE	FALSE	1	TCGA_ESCC_DR45_driver_state_shared_patients	FALSE	FALSE		FALSE	FALSE	predictor_layer_in_mofa_input	500					insufficient_event_count_descriptive	not_comparable	FALSE
ENSG00000148400.12	NOTCH1	strong_patient_level_candidate	amplification	MOFA_factor	Factor5	94	4	90	rank-biserial correlation: event minus reference	0.55	0.0650267676653002	TRUE	FALSE	1	TCGA_ESCC_DR45_driver_state_shared_patients	FALSE	FALSE		FALSE	FALSE	predictor_layer_in_mofa_input	500					insufficient_event_count_descriptive	not_comparable	FALSE
ENSG00000141510.18	TP53	strong_patient_level_candidate	amplification	MOFA_factor	Factor8	94	3	91	rank-biserial correlation: event minus reference	0.626373626373626	0.0674925657803087	TRUE	FALSE	1	TCGA_ESCC_DR45_driver_state_shared_patients	FALSE	FALSE		FALSE	FALSE	predictor_layer_in_mofa_input	500					insufficient_event_count_descriptive	not_comparable	FALSE
ENSG00000148400.12	NOTCH1	strong_patient_level_candidate	amplification	MOFA_factor	Factor7	94	4	90	rank-biserial correlation: event minus reference	0.544444444444445	0.067798712428923	TRUE	FALSE	1	TCGA_ESCC_DR45_driver_state_shared_patients	FALSE	FALSE		FALSE	FALSE	predictor_layer_in_mofa_input	500					insufficient_event_count_descriptive	not_comparable	FALSE
ENSG00000087460.27	GNAS	strong_patient_level_candidate	mutation	MOFA_factor	Factor5	94	4	90	rank-biserial correlation: event minus reference	0.505555555555556	0.0900336337625922	TRUE	FALSE	1	TCGA_ESCC_DR45_driver_state_shared_patients	FALSE	FALSE		FALSE	FALSE	predictor_layer_in_mofa_input	500					insufficient_event_count_descriptive	not_comparable	FALSE
ENSG00000087460.27	GNAS	strong_patient_level_candidate	mutation	MOFA_factor	Factor6	94	4	90	rank-biserial correlation: event minus reference	-0.494444444444445	0.0973665466158953	TRUE	FALSE	1	TCGA_ESCC_DR45_driver_state_shared_patients	FALSE	FALSE		FALSE	FALSE	predictor_layer_in_mofa_input	500					insufficient_event_count_descriptive	not_comparable	FALSE
ENSG00000141510.18	TP53	strong_patient_level_candidate	amplification	MOFA_factor	Factor6	94	3	91	rank-biserial correlation: event minus reference	0.56043956043956	0.102093775085236	TRUE	FALSE	1	TCGA_ESCC_DR45_driver_state_shared_patients	FALSE	FALSE		FALSE	FALSE	predictor_layer_in_mofa_input	500					insufficient_event_count_descriptive	not_comparable	FALSE
ENSG00000074181.9	NOTCH3	strong_patient_level_candidate	amplification	MOFA_factor	Factor3	94	4	90	rank-biserial correlation: event minus reference	-0.461111111111111	0.122257617042001	TRUE	FALSE	1	TCGA_ESCC_DR45_driver_state_shared_patients	FALSE	FALSE		FALSE	FALSE	predictor_layer_in_mofa_input	500					insufficient_event_count_descriptive	not_comparable	FALSE
ENSG00000100393.14	EP300	strong_patient_level_candidate	mutation	MOFA_factor	Factor1	94	4	90	rank-biserial correlation: event minus reference	-0.455555555555556	0.12685183036869	TRUE	FALSE	1	TCGA_ESCC_DR45_driver_state_shared_patients	FALSE	FALSE		FALSE	FALSE	predictor_layer_in_mofa_input	500					insufficient_event_count_descriptive	not_comparable	FALSE
ENSG00000087460.27	GNAS	strong_patient_level_candidate	mutation	MOFA_factor	Factor3	94	4	90	rank-biserial correlation: event minus reference	0.444444444444444	0.136442229298515	TRUE	FALSE	1	TCGA_ESCC_DR45_driver_state_shared_patients	FALSE	FALSE		FALSE	FALSE	predictor_layer_in_mofa_input	500					insufficient_event_count_descriptive	not_comparable	FALSE
ENSG00000141510.18	TP53	strong_patient_level_candidate	amplification	MOFA_factor	Factor7	94	3	91	rank-biserial correlation: event minus reference	0.501831501831502	0.143548427574837	TRUE	FALSE	1	TCGA_ESCC_DR45_driver_state_shared_patients	FALSE	FALSE		FALSE	FALSE	predictor_layer_in_mofa_input	500					insufficient_event_count_descriptive	not_comparable	FALSE
ENSG00000127616.19	SMARCA4	strong_patient_level_candidate	amplification	MOFA_factor	Factor3	94	3	91	rank-biserial correlation: event minus reference	-0.465201465201465	0.175369098375823	TRUE	FALSE	1	TCGA_ESCC_DR45_driver_state_shared_patients	FALSE	FALSE		FALSE	FALSE	predictor_layer_in_mofa_input	500					insufficient_event_count_descriptive	not_comparable	FALSE
ENSG00000074181.9	NOTCH3	strong_patient_level_candidate	amplification	MOFA_factor	Factor7	94	4	90	rank-biserial correlation: event minus reference	0.383333333333333	0.199449140470967	TRUE	FALSE	1	TCGA_ESCC_DR45_driver_state_shared_patients	FALSE	FALSE		FALSE	FALSE	predictor_layer_in_mofa_input	500					insufficient_event_count_descriptive	not_comparable	FALSE
ENSG00000087460.27	GNAS	strong_patient_level_candidate	mutation	MOFA_factor	Factor8	94	4	90	rank-biserial correlation: event minus reference	-0.383333333333333	0.199449140470967	TRUE	FALSE	1	TCGA_ESCC_DR45_driver_state_shared_patients	FALSE	FALSE		FALSE	FALSE	predictor_layer_in_mofa_input	500					insufficient_event_count_descriptive	not_comparable	FALSE
ENSG00000100393.14	EP300	strong_patient_level_candidate	mutation	MOFA_factor	Factor4	94	4	90	rank-biserial correlation: event minus reference	-0.377777777777778	0.206089776985139	TRUE	FALSE	1	TCGA_ESCC_DR45_driver_state_shared_patients	FALSE	FALSE		TRUE	FALSE	predictor_layer_in_mofa_input	500					insufficient_event_count_descriptive	not_comparable	FALSE
ENSG00000074181.9	NOTCH3	strong_patient_level_candidate	amplification	MOFA_factor	Factor2	94	4	90	rank-biserial correlation: event minus reference	0.372222222222222	0.212889564320506	TRUE	FALSE	1	TCGA_ESCC_DR45_driver_state_shared_patients	FALSE	FALSE		FALSE	FALSE	predictor_layer_in_mofa_input	500					insufficient_event_count_descriptive	not_comparable	FALSE
ENSG00000100393.14	EP300	strong_patient_level_candidate	mutation	MOFA_factor	Factor5	94	4	90	rank-biserial correlation: event minus reference	-0.366666666666667	0.219849874146388	TRUE	FALSE	1	TCGA_ESCC_DR45_driver_state_shared_patients	FALSE	FALSE		FALSE	FALSE	predictor_layer_in_mofa_input	500					insufficient_event_count_descriptive	not_comparable	FALSE
ENSG00000074181.9	NOTCH3	strong_patient_level_candidate	amplification	MOFA_factor	Factor5	94	4	90	rank-biserial correlation: event minus reference	-0.366666666666667	0.219849874146388	TRUE	FALSE	1	TCGA_ESCC_DR45_driver_state_shared_patients	FALSE	FALSE		FALSE	FALSE	predictor_layer_in_mofa_input	500					insufficient_event_count_descriptive	not_comparable	FALSE
ENSG00000148400.12	NOTCH1	strong_patient_level_candidate	amplification	MOFA_factor	Factor1	94	4	90	rank-biserial correlation: event minus reference	-0.344444444444444	0.249320848040645	TRUE	FALSE	1	TCGA_ESCC_DR45_driver_state_shared_patients	FALSE	FALSE		FALSE	FALSE	predictor_layer_in_mofa_input	500					insufficient_event_count_descriptive	not_comparable	FALSE
ENSG00000087460.27	GNAS	strong_patient_level_candidate	mutation	MOFA_factor	Factor2	94	4	90	rank-biserial correlation: event minus reference	0.316666666666667	0.289899566495249	TRUE	FALSE	1	TCGA_ESCC_DR45_driver_state_shared_patients	FALSE	FALSE		FALSE	FALSE	predictor_layer_in_mofa_input	500					insufficient_event_count_descriptive	not_comparable	FALSE
ENSG00000127616.19	SMARCA4	strong_patient_level_candidate	amplification	MOFA_factor	Factor2	94	3	91	rank-biserial correlation: event minus reference	0.326007326007326	0.343916338032908	TRUE	FALSE	1	TCGA_ESCC_DR45_driver_state_shared_patients	FALSE	FALSE		FALSE	FALSE	predictor_layer_in_mofa_input	500					insufficient_event_count_descriptive	not_comparable	FALSE
ENSG00000148400.12	NOTCH1	strong_patient_level_candidate	amplification	MOFA_factor	Factor4	94	4	90	rank-biserial correlation: event minus reference	0.283333333333333	0.344173237591577	TRUE	FALSE	1	TCGA_ESCC_DR45_driver_state_shared_patients	FALSE	FALSE		TRUE	FALSE	predictor_layer_in_mofa_input	500					insufficient_event_count_descriptive	not_comparable	FALSE
ENSG00000127616.19	SMARCA4	strong_patient_level_candidate	amplification	MOFA_factor	Factor7	94	3	91	rank-biserial correlation: event minus reference	0.282051282051282	0.413703681933454	TRUE	FALSE	1	TCGA_ESCC_DR45_driver_state_shared_patients	FALSE	FALSE		FALSE	FALSE	predictor_layer_in_mofa_input	500					insufficient_event_count_descriptive	not_comparable	FALSE
ENSG00000127616.19	SMARCA4	strong_patient_level_candidate	amplification	MOFA_factor	Factor1	94	3	91	rank-biserial correlation: event minus reference	-0.252747252747253	0.464564216617939	TRUE	FALSE	1	TCGA_ESCC_DR45_driver_state_shared_patients	FALSE	FALSE		FALSE	FALSE	predictor_layer_in_mofa_input	500					insufficient_event_count_descriptive	not_comparable	FALSE
ENSG00000127616.19	SMARCA4	strong_patient_level_candidate	amplification	MOFA_factor	Factor6	94	3	91	rank-biserial correlation: event minus reference	0.238095238095238	0.491244218533004	TRUE	FALSE	1	TCGA_ESCC_DR45_driver_state_shared_patients	FALSE	FALSE		FALSE	FALSE	predictor_layer_in_mofa_input	500					insufficient_event_count_descriptive	not_comparable	FALSE
ENSG00000074181.9	NOTCH3	strong_patient_level_candidate	amplification	MOFA_factor	Factor8	94	4	90	rank-biserial correlation: event minus reference	-0.177777777777778	0.555157757994667	TRUE	FALSE	1	TCGA_ESCC_DR45_driver_state_shared_patients	FALSE	FALSE		FALSE	FALSE	predictor_layer_in_mofa_input	500					insufficient_event_count_descriptive	not_comparable	FALSE
ENSG00000141510.18	TP53	strong_patient_level_candidate	amplification	MOFA_factor	Factor2	94	3	91	rank-biserial correlation: event minus reference	0.201465201465201	0.56138908888847	TRUE	FALSE	1	TCGA_ESCC_DR45_driver_state_shared_patients	FALSE	FALSE		FALSE	FALSE	predictor_layer_in_mofa_input	500					insufficient_event_count_descriptive	not_comparable	FALSE
ENSG00000127616.19	SMARCA4	strong_patient_level_candidate	amplification	MOFA_factor	Factor5	94	3	91	rank-biserial correlation: event minus reference	-0.194139194139194	0.575978062936986	TRUE	FALSE	1	TCGA_ESCC_DR45_driver_state_shared_patients	FALSE	FALSE		FALSE	FALSE	predictor_layer_in_mofa_input	500					insufficient_event_count_descriptive	not_comparable	FALSE
ENSG00000100393.14	EP300	strong_patient_level_candidate	mutation	MOFA_factor	Factor2	94	4	90	rank-biserial correlation: event minus reference	-0.161111111111111	0.593442610271221	TRUE	FALSE	1	TCGA_ESCC_DR45_driver_state_shared_patients	FALSE	FALSE		FALSE	FALSE	predictor_layer_in_mofa_input	500					insufficient_event_count_descriptive	not_comparable	FALSE
ENSG00000141510.18	TP53	strong_patient_level_candidate	amplification	MOFA_factor	Factor5	94	3	91	rank-biserial correlation: event minus reference	-0.157509157509158	0.651472602670172	TRUE	FALSE	1	TCGA_ESCC_DR45_driver_state_shared_patients	FALSE	FALSE		FALSE	FALSE	predictor_layer_in_mofa_input	500					insufficient_event_count_descriptive	not_comparable	FALSE
ENSG00000100393.14	EP300	strong_patient_level_candidate	mutation	MOFA_factor	Factor7	94	4	90	rank-biserial correlation: event minus reference	0.133333333333333	0.659795640742834	TRUE	FALSE	1	TCGA_ESCC_DR45_driver_state_shared_patients	FALSE	FALSE		FALSE	FALSE	predictor_layer_in_mofa_input	500					insufficient_event_count_descriptive	not_comparable	FALSE
ENSG00000087460.27	GNAS	strong_patient_level_candidate	mutation	MOFA_factor	Factor7	94	4	90	rank-biserial correlation: event minus reference	0.127777777777778	0.673416574633767	TRUE	FALSE	1	TCGA_ESCC_DR45_driver_state_shared_patients	FALSE	FALSE		FALSE	FALSE	predictor_layer_in_mofa_input	500					insufficient_event_count_descriptive	not_comparable	FALSE
ENSG00000148400.12	NOTCH1	strong_patient_level_candidate	amplification	MOFA_factor	Factor2	94	4	90	rank-biserial correlation: event minus reference	0.127777777777778	0.673416574633767	TRUE	FALSE	1	TCGA_ESCC_DR45_driver_state_shared_patients	FALSE	FALSE		FALSE	FALSE	predictor_layer_in_mofa_input	500					insufficient_event_count_descriptive	not_comparable	FALSE
ENSG00000100393.14	EP300	strong_patient_level_candidate	mutation	MOFA_factor	Factor8	94	4	90	rank-biserial correlation: event minus reference	-0.111111111111111	0.714911014668065	TRUE	FALSE	1	TCGA_ESCC_DR45_driver_state_shared_patients	FALSE	FALSE		FALSE	FALSE	predictor_layer_in_mofa_input	500					insufficient_event_count_descriptive	not_comparable	FALSE
ENSG00000074181.9	NOTCH3	strong_patient_level_candidate	amplification	MOFA_factor	Factor4	94	4	90	rank-biserial correlation: event minus reference	-0.105555555555556	0.728939370368321	TRUE	FALSE	1	TCGA_ESCC_DR45_driver_state_shared_patients	FALSE	FALSE		TRUE	FALSE	predictor_layer_in_mofa_input	500					insufficient_event_count_descriptive	not_comparable	FALSE
ENSG00000127616.19	SMARCA4	strong_patient_level_candidate	amplification	MOFA_factor	Factor4	94	3	91	rank-biserial correlation: event minus reference	-0.113553113553114	0.746956335000199	TRUE	FALSE	1	TCGA_ESCC_DR45_driver_state_shared_patients	FALSE	FALSE		TRUE	FALSE	predictor_layer_in_mofa_input	500					insufficient_event_count_descriptive	not_comparable	FALSE
ENSG00000074181.9	NOTCH3	strong_patient_level_candidate	amplification	MOFA_factor	Factor1	94	4	90	rank-biserial correlation: event minus reference	-0.0888888888888889	0.771554915380092	TRUE	FALSE	1	TCGA_ESCC_DR45_driver_state_shared_patients	FALSE	FALSE		FALSE	FALSE	predictor_layer_in_mofa_input	500					insufficient_event_count_descriptive	not_comparable	FALSE
ENSG00000141510.18	TP53	strong_patient_level_candidate	amplification	MOFA_factor	Factor3	94	3	91	rank-biserial correlation: event minus reference	0.098901098901099	0.779757887232259	TRUE	FALSE	1	TCGA_ESCC_DR45_driver_state_shared_patients	FALSE	FALSE		FALSE	FALSE	predictor_layer_in_mofa_input	500					insufficient_event_count_descriptive	not_comparable	FALSE
ENSG00000148400.12	NOTCH1	strong_patient_level_candidate	amplification	MOFA_factor	Factor8	94	4	90	rank-biserial correlation: event minus reference	0.0666666666666667	0.829443981499599	TRUE	FALSE	1	TCGA_ESCC_DR45_driver_state_shared_patients	FALSE	FALSE		FALSE	FALSE	predictor_layer_in_mofa_input	500					insufficient_event_count_descriptive	not_comparable	FALSE
ENSG00000141510.18	TP53	strong_patient_level_candidate	amplification	MOFA_factor	Factor4	94	3	91	rank-biserial correlation: event minus reference	0.0622710622710623	0.863372428458666	TRUE	FALSE	1	TCGA_ESCC_DR45_driver_state_shared_patients	FALSE	FALSE		TRUE	FALSE	predictor_layer_in_mofa_input	500					insufficient_event_count_descriptive	not_comparable	FALSE
ENSG00000141510.18	TP53	strong_patient_level_candidate	amplification	MOFA_factor	Factor1	94	3	91	rank-biserial correlation: event minus reference	0.0476190476190477	0.897308506272889	TRUE	FALSE	1	TCGA_ESCC_DR45_driver_state_shared_patients	FALSE	FALSE		FALSE	FALSE	predictor_layer_in_mofa_input	500					insufficient_event_count_descriptive	not_comparable	FALSE
ENSG00000100393.14	EP300	strong_patient_level_candidate	mutation	MOFA_factor	Factor6	94	4	90	rank-biserial correlation: event minus reference	0.0111111111111111	0.977584328701393	TRUE	FALSE	1	TCGA_ESCC_DR45_driver_state_shared_patients	FALSE	FALSE		FALSE	FALSE	predictor_layer_in_mofa_input	500					insufficient_event_count_descriptive	not_comparable	FALSE
ENSG00000100393.14	EP300	strong_patient_level_candidate	mutation	MOFA_factor	Factor3	94	4	90	rank-biserial correlation: event minus reference	-0.0111111111111111	0.977584328701393	TRUE	FALSE	1	TCGA_ESCC_DR45_driver_state_shared_patients	FALSE	FALSE		FALSE	FALSE	predictor_layer_in_mofa_input	500					insufficient_event_count_descriptive	not_comparable	FALSE
ENSG00000127616.19	SMARCA4	strong_patient_level_candidate	amplification	MOFA_factor	Factor8	94	3	91	rank-biserial correlation: event minus reference	0.010989010989011	0.982838546481451	TRUE	FALSE	1	TCGA_ESCC_DR45_driver_state_shared_patients	FALSE	FALSE		FALSE	FALSE	predictor_layer_in_mofa_input	500					insufficient_event_count_descriptive	not_comparable	FALSE
ENSG00000074181.9	NOTCH3	strong_patient_level_candidate	amplification	MOFA_factor	Factor6	94	4	90	rank-biserial correlation: event minus reference	-0.00555555555555554	0.99252723566182	TRUE	FALSE	1	TCGA_ESCC_DR45_driver_state_shared_patients	FALSE	FALSE		FALSE	FALSE	predictor_layer_in_mofa_input	500					insufficient_event_count_descriptive	not_comparable	FALSE
ENSG00000100393.14	EP300	strong_patient_level_candidate	amplification	MOFA_factor	Factor1	94	0	94	rank-biserial correlation: event minus reference			TRUE	FALSE	1	TCGA_ESCC_DR45_driver_state_shared_patients	FALSE	FALSE		FALSE	FALSE	predictor_layer_in_mofa_input	500					insufficient_event_count_descriptive	not_comparable	FALSE
ENSG00000100393.14	EP300	strong_patient_level_candidate	amplification	MOFA_factor	Factor2	94	0	94	rank-biserial correlation: event minus reference			TRUE	FALSE	1	TCGA_ESCC_DR45_driver_state_shared_patients	FALSE	FALSE		FALSE	FALSE	predictor_layer_in_mofa_input	500					insufficient_event_count_descriptive	not_comparable	FALSE
ENSG00000100393.14	EP300	strong_patient_level_candidate	amplification	MOFA_factor	Factor3	94	0	94	rank-biserial correlation: event minus reference			TRUE	FALSE	1	TCGA_ESCC_DR45_driver_state_shared_patients	FALSE	FALSE		FALSE	FALSE	predictor_layer_in_mofa_input	500					insufficient_event_count_descriptive	not_comparable	FALSE
ENSG00000100393.14	EP300	strong_patient_level_candidate	amplification	MOFA_factor	Factor4	94	0	94	rank-biserial correlation: event minus reference			TRUE	FALSE	1	TCGA_ESCC_DR45_driver_state_shared_patients	FALSE	FALSE		TRUE	FALSE	predictor_layer_in_mofa_input	500					insufficient_event_count_descriptive	not_comparable	FALSE
ENSG00000100393.14	EP300	strong_patient_level_candidate	amplification	MOFA_factor	Factor5	94	0	94	rank-biserial correlation: event minus reference			TRUE	FALSE	1	TCGA_ESCC_DR45_driver_state_shared_patients	FALSE	FALSE		FALSE	FALSE	predictor_layer_in_mofa_input	500					insufficient_event_count_descriptive	not_comparable	FALSE
ENSG00000100393.14	EP300	strong_patient_level_candidate	amplification	MOFA_factor	Factor6	94	0	94	rank-biserial correlation: event minus reference			TRUE	FALSE	1	TCGA_ESCC_DR45_driver_state_shared_patients	FALSE	FALSE		FALSE	FALSE	predictor_layer_in_mofa_input	500					insufficient_event_count_descriptive	not_comparable	FALSE
ENSG00000100393.14	EP300	strong_patient_level_candidate	amplification	MOFA_factor	Factor7	94	0	94	rank-biserial correlation: event minus reference			TRUE	FALSE	1	TCGA_ESCC_DR45_driver_state_shared_patients	FALSE	FALSE		FALSE	FALSE	predictor_layer_in_mofa_input	500					insufficient_event_count_descriptive	not_comparable	FALSE
ENSG00000100393.14	EP300	strong_patient_level_candidate	amplification	MOFA_factor	Factor8	94	0	94	rank-biserial correlation: event minus reference			TRUE	FALSE	1	TCGA_ESCC_DR45_driver_state_shared_patients	FALSE	FALSE		FALSE	FALSE	predictor_layer_in_mofa_input	500					insufficient_event_count_descriptive	not_comparable	FALSE
ENSG00000100393.14	EP300	strong_patient_level_candidate	homozygous_deletion	MOFA_factor	Factor1	94	0	94	rank-biserial correlation: event minus reference			TRUE	FALSE	1	TCGA_ESCC_DR45_driver_state_shared_patients	FALSE	FALSE		FALSE	FALSE	predictor_layer_in_mofa_input	500					insufficient_event_count_descriptive	not_comparable	FALSE
ENSG00000100393.14	EP300	strong_patient_level_candidate	homozygous_deletion	MOFA_factor	Factor2	94	0	94	rank-biserial correlation: event minus reference			TRUE	FALSE	1	TCGA_ESCC_DR45_driver_state_shared_patients	FALSE	FALSE		FALSE	FALSE	predictor_layer_in_mofa_input	500					insufficient_event_count_descriptive	not_comparable	FALSE
ENSG00000100393.14	EP300	strong_patient_level_candidate	homozygous_deletion	MOFA_factor	Factor3	94	0	94	rank-biserial correlation: event minus reference			TRUE	FALSE	1	TCGA_ESCC_DR45_driver_state_shared_patients	FALSE	FALSE		FALSE	FALSE	predictor_layer_in_mofa_input	500					insufficient_event_count_descriptive	not_comparable	FALSE
ENSG00000100393.14	EP300	strong_patient_level_candidate	homozygous_deletion	MOFA_factor	Factor4	94	0	94	rank-biserial correlation: event minus reference			TRUE	FALSE	1	TCGA_ESCC_DR45_driver_state_shared_patients	FALSE	FALSE		TRUE	FALSE	predictor_layer_in_mofa_input	500					insufficient_event_count_descriptive	not_comparable	FALSE
ENSG00000100393.14	EP300	strong_patient_level_candidate	homozygous_deletion	MOFA_factor	Factor5	94	0	94	rank-biserial correlation: event minus reference			TRUE	FALSE	1	TCGA_ESCC_DR45_driver_state_shared_patients	FALSE	FALSE		FALSE	FALSE	predictor_layer_in_mofa_input	500					insufficient_event_count_descriptive	not_comparable	FALSE
ENSG00000100393.14	EP300	strong_patient_level_candidate	homozygous_deletion	MOFA_factor	Factor6	94	0	94	rank-biserial correlation: event minus reference			TRUE	FALSE	1	TCGA_ESCC_DR45_driver_state_shared_patients	FALSE	FALSE		FALSE	FALSE	predictor_layer_in_mofa_input	500					insufficient_event_count_descriptive	not_comparable	FALSE
ENSG00000100393.14	EP300	strong_patient_level_candidate	homozygous_deletion	MOFA_factor	Factor7	94	0	94	rank-biserial correlation: event minus reference			TRUE	FALSE	1	TCGA_ESCC_DR45_driver_state_shared_patients	FALSE	FALSE		FALSE	FALSE	predictor_layer_in_mofa_input	500					insufficient_event_count_descriptive	not_comparable	FALSE
ENSG00000100393.14	EP300	strong_patient_level_candidate	homozygous_deletion	MOFA_factor	Factor8	94	0	94	rank-biserial correlation: event minus reference			TRUE	FALSE	1	TCGA_ESCC_DR45_driver_state_shared_patients	FALSE	FALSE		FALSE	FALSE	predictor_layer_in_mofa_input	500					insufficient_event_count_descriptive	not_comparable	FALSE
ENSG00000109670.16	FBXW7	strong_patient_level_candidate	amplification	MOFA_factor	Factor1	94	1	93	rank-biserial correlation: event minus reference	-0.591397849462366		TRUE	FALSE	1	TCGA_ESCC_DR45_driver_state_shared_patients	FALSE	FALSE		FALSE	FALSE	predictor_layer_in_mofa_input	500					insufficient_event_count_descriptive	not_comparable	FALSE
ENSG00000109670.16	FBXW7	strong_patient_level_candidate	amplification	MOFA_factor	Factor2	94	1	93	rank-biserial correlation: event minus reference	-0.182795698924731		TRUE	FALSE	1	TCGA_ESCC_DR45_driver_state_shared_patients	FALSE	FALSE		FALSE	FALSE	predictor_layer_in_mofa_input	500					insufficient_event_count_descriptive	not_comparable	FALSE
ENSG00000109670.16	FBXW7	strong_patient_level_candidate	amplification	MOFA_factor	Factor3	94	1	93	rank-biserial correlation: event minus reference	-0.483870967741936		TRUE	FALSE	1	TCGA_ESCC_DR45_driver_state_shared_patients	FALSE	FALSE		FALSE	FALSE	predictor_layer_in_mofa_input	500					insufficient_event_count_descriptive	not_comparable	FALSE
ENSG00000109670.16	FBXW7	strong_patient_level_candidate	amplification	MOFA_factor	Factor4	94	1	93	rank-biserial correlation: event minus reference	-0.483870967741936		TRUE	FALSE	1	TCGA_ESCC_DR45_driver_state_shared_patients	FALSE	FALSE		TRUE	FALSE	predictor_layer_in_mofa_input	500					insufficient_event_count_descriptive	not_comparable	FALSE
ENSG00000109670.16	FBXW7	strong_patient_level_candidate	amplification	MOFA_factor	Factor5	94	1	93	rank-biserial correlation: event minus reference	0.290322580645161		TRUE	FALSE	1	TCGA_ESCC_DR45_driver_state_shared_patients	FALSE	FALSE		FALSE	FALSE	predictor_layer_in_mofa_input	500					insufficient_event_count_descriptive	not_comparable	FALSE
ENSG00000109670.16	FBXW7	strong_patient_level_candidate	amplification	MOFA_factor	Factor6	94	1	93	rank-biserial correlation: event minus reference	0.483870967741936		TRUE	FALSE	1	TCGA_ESCC_DR45_driver_state_shared_patients	FALSE	FALSE		FALSE	FALSE	predictor_layer_in_mofa_input	500					insufficient_event_count_descriptive	not_comparable	FALSE
ENSG00000109670.16	FBXW7	strong_patient_level_candidate	amplification	MOFA_factor	Factor7	94	1	93	rank-biserial correlation: event minus reference	-0.67741935483871		TRUE	FALSE	1	TCGA_ESCC_DR45_driver_state_shared_patients	FALSE	FALSE		FALSE	FALSE	predictor_layer_in_mofa_input	500					insufficient_event_count_descriptive	not_comparable	FALSE
ENSG00000109670.16	FBXW7	strong_patient_level_candidate	amplification	MOFA_factor	Factor8	94	1	93	rank-biserial correlation: event minus reference	-0.397849462365591		TRUE	FALSE	1	TCGA_ESCC_DR45_driver_state_shared_patients	FALSE	FALSE		FALSE	FALSE	predictor_layer_in_mofa_input	500					insufficient_event_count_descriptive	not_comparable	FALSE
ENSG00000109670.16	FBXW7	strong_patient_level_candidate	homozygous_deletion	MOFA_factor	Factor1	94	1	93	rank-biserial correlation: event minus reference	0.698924731182796		TRUE	FALSE	1	TCGA_ESCC_DR45_driver_state_shared_patients	FALSE	FALSE		FALSE	FALSE	predictor_layer_in_mofa_input	500					insufficient_event_count_descriptive	not_comparable	FALSE
ENSG00000109670.16	FBXW7	strong_patient_level_candidate	homozygous_deletion	MOFA_factor	Factor2	94	1	93	rank-biserial correlation: event minus reference	-0.46236559139785		TRUE	FALSE	1	TCGA_ESCC_DR45_driver_state_shared_patients	FALSE	FALSE		FALSE	FALSE	predictor_layer_in_mofa_input	500					insufficient_event_count_descriptive	not_comparable	FALSE
ENSG00000109670.16	FBXW7	strong_patient_level_candidate	homozygous_deletion	MOFA_factor	Factor3	94	1	93	rank-biserial correlation: event minus reference	-0.247311827956989		TRUE	FALSE	1	TCGA_ESCC_DR45_driver_state_shared_patients	FALSE	FALSE		FALSE	FALSE	predictor_layer_in_mofa_input	500					insufficient_event_count_descriptive	not_comparable	FALSE
ENSG00000109670.16	FBXW7	strong_patient_level_candidate	homozygous_deletion	MOFA_factor	Factor4	94	1	93	rank-biserial correlation: event minus reference	0.483870967741936		TRUE	FALSE	1	TCGA_ESCC_DR45_driver_state_shared_patients	FALSE	FALSE		TRUE	FALSE	predictor_layer_in_mofa_input	500					insufficient_event_count_descriptive	not_comparable	FALSE
ENSG00000109670.16	FBXW7	strong_patient_level_candidate	homozygous_deletion	MOFA_factor	Factor5	94	1	93	rank-biserial correlation: event minus reference	-0.827956989247312		TRUE	FALSE	1	TCGA_ESCC_DR45_driver_state_shared_patients	FALSE	FALSE		FALSE	FALSE	predictor_layer_in_mofa_input	500					insufficient_event_count_descriptive	not_comparable	FALSE
ENSG00000109670.16	FBXW7	strong_patient_level_candidate	homozygous_deletion	MOFA_factor	Factor6	94	1	93	rank-biserial correlation: event minus reference	0.053763440860215		TRUE	FALSE	1	TCGA_ESCC_DR45_driver_state_shared_patients	FALSE	FALSE		FALSE	FALSE	predictor_layer_in_mofa_input	500					insufficient_event_count_descriptive	not_comparable	FALSE
ENSG00000109670.16	FBXW7	strong_patient_level_candidate	homozygous_deletion	MOFA_factor	Factor7	94	1	93	rank-biserial correlation: event minus reference	0.46236559139785		TRUE	FALSE	1	TCGA_ESCC_DR45_driver_state_shared_patients	FALSE	FALSE		FALSE	FALSE	predictor_layer_in_mofa_input	500					insufficient_event_count_descriptive	not_comparable	FALSE
ENSG00000109670.16	FBXW7	strong_patient_level_candidate	homozygous_deletion	MOFA_factor	Factor8	94	1	93	rank-biserial correlation: event minus reference	-0.161290322580645		TRUE	FALSE	1	TCGA_ESCC_DR45_driver_state_shared_patients	FALSE	FALSE		FALSE	FALSE	predictor_layer_in_mofa_input	500					insufficient_event_count_descriptive	not_comparable	FALSE
ENSG00000109670.16	FBXW7	strong_patient_level_candidate	mutation	MOFA_factor	Factor1	94	2	92	rank-biserial correlation: event minus reference	0.16304347826087		TRUE	FALSE	1	TCGA_ESCC_DR45_driver_state_shared_patients	FALSE	FALSE		FALSE	FALSE	predictor_layer_in_mofa_input	500					insufficient_event_count_descriptive	not_comparable	FALSE
ENSG00000109670.16	FBXW7	strong_patient_level_candidate	mutation	MOFA_factor	Factor2	94	2	92	rank-biserial correlation: event minus reference	-0.58695652173913		TRUE	FALSE	1	TCGA_ESCC_DR45_driver_state_shared_patients	FALSE	FALSE		FALSE	FALSE	predictor_layer_in_mofa_input	500					insufficient_event_count_descriptive	not_comparable	FALSE
ENSG00000109670.16	FBXW7	strong_patient_level_candidate	mutation	MOFA_factor	Factor3	94	2	92	rank-biserial correlation: event minus reference	-0.402173913043478		TRUE	FALSE	1	TCGA_ESCC_DR45_driver_state_shared_patients	FALSE	FALSE		FALSE	FALSE	predictor_layer_in_mofa_input	500					insufficient_event_count_descriptive	not_comparable	FALSE
ENSG00000109670.16	FBXW7	strong_patient_level_candidate	mutation	MOFA_factor	Factor4	94	2	92	rank-biserial correlation: event minus reference	0.978260869565217		TRUE	FALSE	1	TCGA_ESCC_DR45_driver_state_shared_patients	FALSE	FALSE		TRUE	FALSE	predictor_layer_in_mofa_input	500					insufficient_event_count_descriptive	not_comparable	FALSE
ENSG00000109670.16	FBXW7	strong_patient_level_candidate	mutation	MOFA_factor	Factor5	94	2	92	rank-biserial correlation: event minus reference	-0.33695652173913		TRUE	FALSE	1	TCGA_ESCC_DR45_driver_state_shared_patients	FALSE	FALSE		FALSE	FALSE	predictor_layer_in_mofa_input	500					insufficient_event_count_descriptive	not_comparable	FALSE
ENSG00000109670.16	FBXW7	strong_patient_level_candidate	mutation	MOFA_factor	Factor6	94	2	92	rank-biserial correlation: event minus reference	0		TRUE	FALSE	1	TCGA_ESCC_DR45_driver_state_shared_patients	FALSE	FALSE		FALSE	FALSE	predictor_layer_in_mofa_input	500					insufficient_event_count_descriptive	not_comparable	FALSE
ENSG00000109670.16	FBXW7	strong_patient_level_candidate	mutation	MOFA_factor	Factor7	94	2	92	rank-biserial correlation: event minus reference	0.728260869565217		TRUE	FALSE	1	TCGA_ESCC_DR45_driver_state_shared_patients	FALSE	FALSE		FALSE	FALSE	predictor_layer_in_mofa_input	500					insufficient_event_count_descriptive	not_comparable	FALSE
ENSG00000109670.16	FBXW7	strong_patient_level_candidate	mutation	MOFA_factor	Factor8	94	2	92	rank-biserial correlation: event minus reference	0.206521739130435		TRUE	FALSE	1	TCGA_ESCC_DR45_driver_state_shared_patients	FALSE	FALSE		FALSE	FALSE	predictor_layer_in_mofa_input	500					insufficient_event_count_descriptive	not_comparable	FALSE
ENSG00000087460.27	GNAS	strong_patient_level_candidate	homozygous_deletion	MOFA_factor	Factor1	94	0	94	rank-biserial correlation: event minus reference			TRUE	FALSE	1	TCGA_ESCC_DR45_driver_state_shared_patients	FALSE	FALSE		FALSE	FALSE	predictor_layer_in_mofa_input	500					insufficient_event_count_descriptive	not_comparable	FALSE
ENSG00000087460.27	GNAS	strong_patient_level_candidate	homozygous_deletion	MOFA_factor	Factor2	94	0	94	rank-biserial correlation: event minus reference			TRUE	FALSE	1	TCGA_ESCC_DR45_driver_state_shared_patients	FALSE	FALSE		FALSE	FALSE	predictor_layer_in_mofa_input	500					insufficient_event_count_descriptive	not_comparable	FALSE
ENSG00000087460.27	GNAS	strong_patient_level_candidate	homozygous_deletion	MOFA_factor	Factor3	94	0	94	rank-biserial correlation: event minus reference			TRUE	FALSE	1	TCGA_ESCC_DR45_driver_state_shared_patients	FALSE	FALSE		FALSE	FALSE	predictor_layer_in_mofa_input	500					insufficient_event_count_descriptive	not_comparable	FALSE
ENSG00000087460.27	GNAS	strong_patient_level_candidate	homozygous_deletion	MOFA_factor	Factor4	94	0	94	rank-biserial correlation: event minus reference			TRUE	FALSE	1	TCGA_ESCC_DR45_driver_state_shared_patients	FALSE	FALSE		TRUE	FALSE	predictor_layer_in_mofa_input	500					insufficient_event_count_descriptive	not_comparable	FALSE
ENSG00000087460.27	GNAS	strong_patient_level_candidate	homozygous_deletion	MOFA_factor	Factor5	94	0	94	rank-biserial correlation: event minus reference			TRUE	FALSE	1	TCGA_ESCC_DR45_driver_state_shared_patients	FALSE	FALSE		FALSE	FALSE	predictor_layer_in_mofa_input	500					insufficient_event_count_descriptive	not_comparable	FALSE
ENSG00000087460.27	GNAS	strong_patient_level_candidate	homozygous_deletion	MOFA_factor	Factor6	94	0	94	rank-biserial correlation: event minus reference			TRUE	FALSE	1	TCGA_ESCC_DR45_driver_state_shared_patients	FALSE	FALSE		FALSE	FALSE	predictor_layer_in_mofa_input	500					insufficient_event_count_descriptive	not_comparable	FALSE
ENSG00000087460.27	GNAS	strong_patient_level_candidate	homozygous_deletion	MOFA_factor	Factor7	94	0	94	rank-biserial correlation: event minus reference			TRUE	FALSE	1	TCGA_ESCC_DR45_driver_state_shared_patients	FALSE	FALSE		FALSE	FALSE	predictor_layer_in_mofa_input	500					insufficient_event_count_descriptive	not_comparable	FALSE
ENSG00000087460.27	GNAS	strong_patient_level_candidate	homozygous_deletion	MOFA_factor	Factor8	94	0	94	rank-biserial correlation: event minus reference			TRUE	FALSE	1	TCGA_ESCC_DR45_driver_state_shared_patients	FALSE	FALSE		FALSE	FALSE	predictor_layer_in_mofa_input	500					insufficient_event_count_descriptive	not_comparable	FALSE
ENSG00000167548.16	KMT2D	strong_patient_level_candidate	amplification	MOFA_factor	Factor1	94	1	93	rank-biserial correlation: event minus reference	0.526881720430108		TRUE	FALSE	1	TCGA_ESCC_DR45_driver_state_shared_patients	FALSE	FALSE		FALSE	FALSE	predictor_layer_in_mofa_input	500					insufficient_event_count_descriptive	not_comparable	FALSE
ENSG00000167548.16	KMT2D	strong_patient_level_candidate	amplification	MOFA_factor	Factor2	94	1	93	rank-biserial correlation: event minus reference	0.741935483870968		TRUE	FALSE	1	TCGA_ESCC_DR45_driver_state_shared_patients	FALSE	FALSE		FALSE	FALSE	predictor_layer_in_mofa_input	500					insufficient_event_count_descriptive	not_comparable	FALSE
ENSG00000167548.16	KMT2D	strong_patient_level_candidate	amplification	MOFA_factor	Factor3	94	1	93	rank-biserial correlation: event minus reference	0.182795698924731		TRUE	FALSE	1	TCGA_ESCC_DR45_driver_state_shared_patients	FALSE	FALSE		FALSE	FALSE	predictor_layer_in_mofa_input	500					insufficient_event_count_descriptive	not_comparable	FALSE
ENSG00000167548.16	KMT2D	strong_patient_level_candidate	amplification	MOFA_factor	Factor4	94	1	93	rank-biserial correlation: event minus reference	0.268817204301075		TRUE	FALSE	1	TCGA_ESCC_DR45_driver_state_shared_patients	FALSE	FALSE		TRUE	FALSE	predictor_layer_in_mofa_input	500					insufficient_event_count_descriptive	not_comparable	FALSE
ENSG00000167548.16	KMT2D	strong_patient_level_candidate	amplification	MOFA_factor	Factor5	94	1	93	rank-biserial correlation: event minus reference	-0.698924731182796		TRUE	FALSE	1	TCGA_ESCC_DR45_driver_state_shared_patients	FALSE	FALSE		FALSE	FALSE	predictor_layer_in_mofa_input	500					insufficient_event_count_descriptive	not_comparable	FALSE
ENSG00000167548.16	KMT2D	strong_patient_level_candidate	amplification	MOFA_factor	Factor6	94	1	93	rank-biserial correlation: event minus reference	-0.118279569892473		TRUE	FALSE	1	TCGA_ESCC_DR45_driver_state_shared_patients	FALSE	FALSE		FALSE	FALSE	predictor_layer_in_mofa_input	500					insufficient_event_count_descriptive	not_comparable	FALSE
ENSG00000167548.16	KMT2D	strong_patient_level_candidate	amplification	MOFA_factor	Factor7	94	1	93	rank-biserial correlation: event minus reference	-0.139784946236559		TRUE	FALSE	1	TCGA_ESCC_DR45_driver_state_shared_patients	FALSE	FALSE		FALSE	FALSE	predictor_layer_in_mofa_input	500					insufficient_event_count_descriptive	not_comparable	FALSE
ENSG00000167548.16	KMT2D	strong_patient_level_candidate	amplification	MOFA_factor	Factor8	94	1	93	rank-biserial correlation: event minus reference	0.440860215053764		TRUE	FALSE	1	TCGA_ESCC_DR45_driver_state_shared_patients	FALSE	FALSE		FALSE	FALSE	predictor_layer_in_mofa_input	500					insufficient_event_count_descriptive	not_comparable	FALSE
ENSG00000167548.16	KMT2D	strong_patient_level_candidate	homozygous_deletion	MOFA_factor	Factor1	94	0	94	rank-biserial correlation: event minus reference			TRUE	FALSE	1	TCGA_ESCC_DR45_driver_state_shared_patients	FALSE	FALSE		FALSE	FALSE	predictor_layer_in_mofa_input	500					insufficient_event_count_descriptive	not_comparable	FALSE
ENSG00000167548.16	KMT2D	strong_patient_level_candidate	homozygous_deletion	MOFA_factor	Factor2	94	0	94	rank-biserial correlation: event minus reference			TRUE	FALSE	1	TCGA_ESCC_DR45_driver_state_shared_patients	FALSE	FALSE		FALSE	FALSE	predictor_layer_in_mofa_input	500					insufficient_event_count_descriptive	not_comparable	FALSE
ENSG00000167548.16	KMT2D	strong_patient_level_candidate	homozygous_deletion	MOFA_factor	Factor3	94	0	94	rank-biserial correlation: event minus reference			TRUE	FALSE	1	TCGA_ESCC_DR45_driver_state_shared_patients	FALSE	FALSE		FALSE	FALSE	predictor_layer_in_mofa_input	500					insufficient_event_count_descriptive	not_comparable	FALSE
ENSG00000167548.16	KMT2D	strong_patient_level_candidate	homozygous_deletion	MOFA_factor	Factor4	94	0	94	rank-biserial correlation: event minus reference			TRUE	FALSE	1	TCGA_ESCC_DR45_driver_state_shared_patients	FALSE	FALSE		TRUE	FALSE	predictor_layer_in_mofa_input	500					insufficient_event_count_descriptive	not_comparable	FALSE
ENSG00000167548.16	KMT2D	strong_patient_level_candidate	homozygous_deletion	MOFA_factor	Factor5	94	0	94	rank-biserial correlation: event minus reference			TRUE	FALSE	1	TCGA_ESCC_DR45_driver_state_shared_patients	FALSE	FALSE		FALSE	FALSE	predictor_layer_in_mofa_input	500					insufficient_event_count_descriptive	not_comparable	FALSE
ENSG00000167548.16	KMT2D	strong_patient_level_candidate	homozygous_deletion	MOFA_factor	Factor6	94	0	94	rank-biserial correlation: event minus reference			TRUE	FALSE	1	TCGA_ESCC_DR45_driver_state_shared_patients	FALSE	FALSE		FALSE	FALSE	predictor_layer_in_mofa_input	500					insufficient_event_count_descriptive	not_comparable	FALSE
ENSG00000167548.16	KMT2D	strong_patient_level_candidate	homozygous_deletion	MOFA_factor	Factor7	94	0	94	rank-biserial correlation: event minus reference			TRUE	FALSE	1	TCGA_ESCC_DR45_driver_state_shared_patients	FALSE	FALSE		FALSE	FALSE	predictor_layer_in_mofa_input	500					insufficient_event_count_descriptive	not_comparable	FALSE
ENSG00000167548.16	KMT2D	strong_patient_level_candidate	homozygous_deletion	MOFA_factor	Factor8	94	0	94	rank-biserial correlation: event minus reference			TRUE	FALSE	1	TCGA_ESCC_DR45_driver_state_shared_patients	FALSE	FALSE		FALSE	FALSE	predictor_layer_in_mofa_input	500					insufficient_event_count_descriptive	not_comparable	FALSE
ENSG00000116044.16	NFE2L2	strong_patient_level_candidate	homozygous_deletion	MOFA_factor	Factor1	94	0	94	rank-biserial correlation: event minus reference			TRUE	FALSE	1	TCGA_ESCC_DR45_driver_state_shared_patients	FALSE	FALSE		FALSE	FALSE	predictor_layer_in_mofa_input	500					insufficient_event_count_descriptive	not_comparable	FALSE
ENSG00000116044.16	NFE2L2	strong_patient_level_candidate	homozygous_deletion	MOFA_factor	Factor2	94	0	94	rank-biserial correlation: event minus reference			TRUE	FALSE	1	TCGA_ESCC_DR45_driver_state_shared_patients	FALSE	FALSE		FALSE	FALSE	predictor_layer_in_mofa_input	500					insufficient_event_count_descriptive	not_comparable	FALSE
ENSG00000116044.16	NFE2L2	strong_patient_level_candidate	homozygous_deletion	MOFA_factor	Factor3	94	0	94	rank-biserial correlation: event minus reference			TRUE	FALSE	1	TCGA_ESCC_DR45_driver_state_shared_patients	FALSE	FALSE		FALSE	FALSE	predictor_layer_in_mofa_input	500					insufficient_event_count_descriptive	not_comparable	FALSE
ENSG00000116044.16	NFE2L2	strong_patient_level_candidate	homozygous_deletion	MOFA_factor	Factor4	94	0	94	rank-biserial correlation: event minus reference			TRUE	FALSE	1	TCGA_ESCC_DR45_driver_state_shared_patients	FALSE	FALSE		TRUE	FALSE	predictor_layer_in_mofa_input	500					insufficient_event_count_descriptive	not_comparable	FALSE
ENSG00000116044.16	NFE2L2	strong_patient_level_candidate	homozygous_deletion	MOFA_factor	Factor5	94	0	94	rank-biserial correlation: event minus reference			TRUE	FALSE	1	TCGA_ESCC_DR45_driver_state_shared_patients	FALSE	FALSE		FALSE	FALSE	predictor_layer_in_mofa_input	500					insufficient_event_count_descriptive	not_comparable	FALSE
ENSG00000116044.16	NFE2L2	strong_patient_level_candidate	homozygous_deletion	MOFA_factor	Factor6	94	0	94	rank-biserial correlation: event minus reference			TRUE	FALSE	1	TCGA_ESCC_DR45_driver_state_shared_patients	FALSE	FALSE		FALSE	FALSE	predictor_layer_in_mofa_input	500					insufficient_event_count_descriptive	not_comparable	FALSE
ENSG00000116044.16	NFE2L2	strong_patient_level_candidate	homozygous_deletion	MOFA_factor	Factor7	94	0	94	rank-biserial correlation: event minus reference			TRUE	FALSE	1	TCGA_ESCC_DR45_driver_state_shared_patients	FALSE	FALSE		FALSE	FALSE	predictor_layer_in_mofa_input	500					insufficient_event_count_descriptive	not_comparable	FALSE
ENSG00000116044.16	NFE2L2	strong_patient_level_candidate	homozygous_deletion	MOFA_factor	Factor8	94	0	94	rank-biserial correlation: event minus reference			TRUE	FALSE	1	TCGA_ESCC_DR45_driver_state_shared_patients	FALSE	FALSE		FALSE	FALSE	predictor_layer_in_mofa_input	500					insufficient_event_count_descriptive	not_comparable	FALSE
ENSG00000148400.12	NOTCH1	strong_patient_level_candidate	homozygous_deletion	MOFA_factor	Factor1	94	0	94	rank-biserial correlation: event minus reference			TRUE	FALSE	1	TCGA_ESCC_DR45_driver_state_shared_patients	FALSE	FALSE		FALSE	FALSE	predictor_layer_in_mofa_input	500					insufficient_event_count_descriptive	not_comparable	FALSE
ENSG00000148400.12	NOTCH1	strong_patient_level_candidate	homozygous_deletion	MOFA_factor	Factor2	94	0	94	rank-biserial correlation: event minus reference			TRUE	FALSE	1	TCGA_ESCC_DR45_driver_state_shared_patients	FALSE	FALSE		FALSE	FALSE	predictor_layer_in_mofa_input	500					insufficient_event_count_descriptive	not_comparable	FALSE
ENSG00000148400.12	NOTCH1	strong_patient_level_candidate	homozygous_deletion	MOFA_factor	Factor3	94	0	94	rank-biserial correlation: event minus reference			TRUE	FALSE	1	TCGA_ESCC_DR45_driver_state_shared_patients	FALSE	FALSE		FALSE	FALSE	predictor_layer_in_mofa_input	500					insufficient_event_count_descriptive	not_comparable	FALSE
ENSG00000148400.12	NOTCH1	strong_patient_level_candidate	homozygous_deletion	MOFA_factor	Factor4	94	0	94	rank-biserial correlation: event minus reference			TRUE	FALSE	1	TCGA_ESCC_DR45_driver_state_shared_patients	FALSE	FALSE		TRUE	FALSE	predictor_layer_in_mofa_input	500					insufficient_event_count_descriptive	not_comparable	FALSE
ENSG00000148400.12	NOTCH1	strong_patient_level_candidate	homozygous_deletion	MOFA_factor	Factor5	94	0	94	rank-biserial correlation: event minus reference			TRUE	FALSE	1	TCGA_ESCC_DR45_driver_state_shared_patients	FALSE	FALSE		FALSE	FALSE	predictor_layer_in_mofa_input	500					insufficient_event_count_descriptive	not_comparable	FALSE
ENSG00000148400.12	NOTCH1	strong_patient_level_candidate	homozygous_deletion	MOFA_factor	Factor6	94	0	94	rank-biserial correlation: event minus reference			TRUE	FALSE	1	TCGA_ESCC_DR45_driver_state_shared_patients	FALSE	FALSE		FALSE	FALSE	predictor_layer_in_mofa_input	500					insufficient_event_count_descriptive	not_comparable	FALSE
ENSG00000148400.12	NOTCH1	strong_patient_level_candidate	homozygous_deletion	MOFA_factor	Factor7	94	0	94	rank-biserial correlation: event minus reference			TRUE	FALSE	1	TCGA_ESCC_DR45_driver_state_shared_patients	FALSE	FALSE		FALSE	FALSE	predictor_layer_in_mofa_input	500					insufficient_event_count_descriptive	not_comparable	FALSE
ENSG00000148400.12	NOTCH1	strong_patient_level_candidate	homozygous_deletion	MOFA_factor	Factor8	94	0	94	rank-biserial correlation: event minus reference			TRUE	FALSE	1	TCGA_ESCC_DR45_driver_state_shared_patients	FALSE	FALSE		FALSE	FALSE	predictor_layer_in_mofa_input	500					insufficient_event_count_descriptive	not_comparable	FALSE
ENSG00000074181.9	NOTCH3	strong_patient_level_candidate	homozygous_deletion	MOFA_factor	Factor1	94	0	94	rank-biserial correlation: event minus reference			TRUE	FALSE	1	TCGA_ESCC_DR45_driver_state_shared_patients	FALSE	FALSE		FALSE	FALSE	predictor_layer_in_mofa_input	500					insufficient_event_count_descriptive	not_comparable	FALSE
ENSG00000074181.9	NOTCH3	strong_patient_level_candidate	homozygous_deletion	MOFA_factor	Factor2	94	0	94	rank-biserial correlation: event minus reference			TRUE	FALSE	1	TCGA_ESCC_DR45_driver_state_shared_patients	FALSE	FALSE		FALSE	FALSE	predictor_layer_in_mofa_input	500					insufficient_event_count_descriptive	not_comparable	FALSE
ENSG00000074181.9	NOTCH3	strong_patient_level_candidate	homozygous_deletion	MOFA_factor	Factor3	94	0	94	rank-biserial correlation: event minus reference			TRUE	FALSE	1	TCGA_ESCC_DR45_driver_state_shared_patients	FALSE	FALSE		FALSE	FALSE	predictor_layer_in_mofa_input	500					insufficient_event_count_descriptive	not_comparable	FALSE
ENSG00000074181.9	NOTCH3	strong_patient_level_candidate	homozygous_deletion	MOFA_factor	Factor4	94	0	94	rank-biserial correlation: event minus reference			TRUE	FALSE	1	TCGA_ESCC_DR45_driver_state_shared_patients	FALSE	FALSE		TRUE	FALSE	predictor_layer_in_mofa_input	500					insufficient_event_count_descriptive	not_comparable	FALSE
ENSG00000074181.9	NOTCH3	strong_patient_level_candidate	homozygous_deletion	MOFA_factor	Factor5	94	0	94	rank-biserial correlation: event minus reference			TRUE	FALSE	1	TCGA_ESCC_DR45_driver_state_shared_patients	FALSE	FALSE		FALSE	FALSE	predictor_layer_in_mofa_input	500					insufficient_event_count_descriptive	not_comparable	FALSE
ENSG00000074181.9	NOTCH3	strong_patient_level_candidate	homozygous_deletion	MOFA_factor	Factor6	94	0	94	rank-biserial correlation: event minus reference			TRUE	FALSE	1	TCGA_ESCC_DR45_driver_state_shared_patients	FALSE	FALSE		FALSE	FALSE	predictor_layer_in_mofa_input	500					insufficient_event_count_descriptive	not_comparable	FALSE
ENSG00000074181.9	NOTCH3	strong_patient_level_candidate	homozygous_deletion	MOFA_factor	Factor7	94	0	94	rank-biserial correlation: event minus reference			TRUE	FALSE	1	TCGA_ESCC_DR45_driver_state_shared_patients	FALSE	FALSE		FALSE	FALSE	predictor_layer_in_mofa_input	500					insufficient_event_count_descriptive	not_comparable	FALSE
ENSG00000074181.9	NOTCH3	strong_patient_level_candidate	homozygous_deletion	MOFA_factor	Factor8	94	0	94	rank-biserial correlation: event minus reference			TRUE	FALSE	1	TCGA_ESCC_DR45_driver_state_shared_patients	FALSE	FALSE		FALSE	FALSE	predictor_layer_in_mofa_input	500					insufficient_event_count_descriptive	not_comparable	FALSE
ENSG00000121879.6	PIK3CA	strong_patient_level_candidate	homozygous_deletion	MOFA_factor	Factor1	94	0	94	rank-biserial correlation: event minus reference			TRUE	TRUE	2	TCGA_ESCC_DR45_driver_state_shared_patients	FALSE	FALSE		FALSE	FALSE	predictor_layer_in_mofa_input	500					insufficient_event_count_descriptive	not_comparable	FALSE
ENSG00000121879.6	PIK3CA	strong_patient_level_candidate	homozygous_deletion	MOFA_factor	Factor2	94	0	94	rank-biserial correlation: event minus reference			TRUE	TRUE	2	TCGA_ESCC_DR45_driver_state_shared_patients	FALSE	FALSE		FALSE	FALSE	predictor_layer_in_mofa_input	500					insufficient_event_count_descriptive	not_comparable	FALSE
ENSG00000121879.6	PIK3CA	strong_patient_level_candidate	homozygous_deletion	MOFA_factor	Factor3	94	0	94	rank-biserial correlation: event minus reference			TRUE	TRUE	2	TCGA_ESCC_DR45_driver_state_shared_patients	FALSE	FALSE		FALSE	FALSE	predictor_layer_in_mofa_input	500					insufficient_event_count_descriptive	not_comparable	FALSE
ENSG00000121879.6	PIK3CA	strong_patient_level_candidate	homozygous_deletion	MOFA_factor	Factor4	94	0	94	rank-biserial correlation: event minus reference			TRUE	TRUE	2	TCGA_ESCC_DR45_driver_state_shared_patients	FALSE	FALSE		TRUE	FALSE	predictor_layer_in_mofa_input	500					insufficient_event_count_descriptive	not_comparable	FALSE
ENSG00000121879.6	PIK3CA	strong_patient_level_candidate	homozygous_deletion	MOFA_factor	Factor5	94	0	94	rank-biserial correlation: event minus reference			TRUE	TRUE	2	TCGA_ESCC_DR45_driver_state_shared_patients	FALSE	FALSE		FALSE	FALSE	predictor_layer_in_mofa_input	500					insufficient_event_count_descriptive	not_comparable	FALSE
ENSG00000121879.6	PIK3CA	strong_patient_level_candidate	homozygous_deletion	MOFA_factor	Factor6	94	0	94	rank-biserial correlation: event minus reference			TRUE	TRUE	2	TCGA_ESCC_DR45_driver_state_shared_patients	FALSE	FALSE		FALSE	FALSE	predictor_layer_in_mofa_input	500					insufficient_event_count_descriptive	not_comparable	FALSE
ENSG00000121879.6	PIK3CA	strong_patient_level_candidate	homozygous_deletion	MOFA_factor	Factor7	94	0	94	rank-biserial correlation: event minus reference			TRUE	TRUE	2	TCGA_ESCC_DR45_driver_state_shared_patients	FALSE	FALSE		FALSE	FALSE	predictor_layer_in_mofa_input	500					insufficient_event_count_descriptive	not_comparable	FALSE
ENSG00000121879.6	PIK3CA	strong_patient_level_candidate	homozygous_deletion	MOFA_factor	Factor8	94	0	94	rank-biserial correlation: event minus reference			TRUE	TRUE	2	TCGA_ESCC_DR45_driver_state_shared_patients	FALSE	FALSE		FALSE	FALSE	predictor_layer_in_mofa_input	500					insufficient_event_count_descriptive	not_comparable	FALSE
ENSG00000185920.16	PTCH1	strong_patient_level_candidate	homozygous_deletion	MOFA_factor	Factor1	94	0	94	rank-biserial correlation: event minus reference			TRUE	FALSE	1	TCGA_ESCC_DR45_driver_state_shared_patients	FALSE	FALSE		FALSE	FALSE	predictor_layer_in_mofa_input	500					insufficient_event_count_descriptive	not_comparable	FALSE
ENSG00000185920.16	PTCH1	strong_patient_level_candidate	homozygous_deletion	MOFA_factor	Factor2	94	0	94	rank-biserial correlation: event minus reference			TRUE	FALSE	1	TCGA_ESCC_DR45_driver_state_shared_patients	FALSE	FALSE		FALSE	FALSE	predictor_layer_in_mofa_input	500					insufficient_event_count_descriptive	not_comparable	FALSE
ENSG00000185920.16	PTCH1	strong_patient_level_candidate	homozygous_deletion	MOFA_factor	Factor3	94	0	94	rank-biserial correlation: event minus reference			TRUE	FALSE	1	TCGA_ESCC_DR45_driver_state_shared_patients	FALSE	FALSE		FALSE	FALSE	predictor_layer_in_mofa_input	500					insufficient_event_count_descriptive	not_comparable	FALSE
ENSG00000185920.16	PTCH1	strong_patient_level_candidate	homozygous_deletion	MOFA_factor	Factor4	94	0	94	rank-biserial correlation: event minus reference			TRUE	FALSE	1	TCGA_ESCC_DR45_driver_state_shared_patients	FALSE	FALSE		TRUE	FALSE	predictor_layer_in_mofa_input	500					insufficient_event_count_descriptive	not_comparable	FALSE
ENSG00000185920.16	PTCH1	strong_patient_level_candidate	homozygous_deletion	MOFA_factor	Factor5	94	0	94	rank-biserial correlation: event minus reference			TRUE	FALSE	1	TCGA_ESCC_DR45_driver_state_shared_patients	FALSE	FALSE		FALSE	FALSE	predictor_layer_in_mofa_input	500					insufficient_event_count_descriptive	not_comparable	FALSE
ENSG00000185920.16	PTCH1	strong_patient_level_candidate	homozygous_deletion	MOFA_factor	Factor6	94	0	94	rank-biserial correlation: event minus reference			TRUE	FALSE	1	TCGA_ESCC_DR45_driver_state_shared_patients	FALSE	FALSE		FALSE	FALSE	predictor_layer_in_mofa_input	500					insufficient_event_count_descriptive	not_comparable	FALSE
ENSG00000185920.16	PTCH1	strong_patient_level_candidate	homozygous_deletion	MOFA_factor	Factor7	94	0	94	rank-biserial correlation: event minus reference			TRUE	FALSE	1	TCGA_ESCC_DR45_driver_state_shared_patients	FALSE	FALSE		FALSE	FALSE	predictor_layer_in_mofa_input	500					insufficient_event_count_descriptive	not_comparable	FALSE
ENSG00000185920.16	PTCH1	strong_patient_level_candidate	homozygous_deletion	MOFA_factor	Factor8	94	0	94	rank-biserial correlation: event minus reference			TRUE	FALSE	1	TCGA_ESCC_DR45_driver_state_shared_patients	FALSE	FALSE		FALSE	FALSE	predictor_layer_in_mofa_input	500					insufficient_event_count_descriptive	not_comparable	FALSE
ENSG00000127616.19	SMARCA4	strong_patient_level_candidate	homozygous_deletion	MOFA_factor	Factor1	94	0	94	rank-biserial correlation: event minus reference			TRUE	FALSE	1	TCGA_ESCC_DR45_driver_state_shared_patients	FALSE	FALSE		FALSE	FALSE	predictor_layer_in_mofa_input	500					insufficient_event_count_descriptive	not_comparable	FALSE
ENSG00000127616.19	SMARCA4	strong_patient_level_candidate	homozygous_deletion	MOFA_factor	Factor2	94	0	94	rank-biserial correlation: event minus reference			TRUE	FALSE	1	TCGA_ESCC_DR45_driver_state_shared_patients	FALSE	FALSE		FALSE	FALSE	predictor_layer_in_mofa_input	500					insufficient_event_count_descriptive	not_comparable	FALSE
ENSG00000127616.19	SMARCA4	strong_patient_level_candidate	homozygous_deletion	MOFA_factor	Factor3	94	0	94	rank-biserial correlation: event minus reference			TRUE	FALSE	1	TCGA_ESCC_DR45_driver_state_shared_patients	FALSE	FALSE		FALSE	FALSE	predictor_layer_in_mofa_input	500					insufficient_event_count_descriptive	not_comparable	FALSE
ENSG00000127616.19	SMARCA4	strong_patient_level_candidate	homozygous_deletion	MOFA_factor	Factor4	94	0	94	rank-biserial correlation: event minus reference			TRUE	FALSE	1	TCGA_ESCC_DR45_driver_state_shared_patients	FALSE	FALSE		TRUE	FALSE	predictor_layer_in_mofa_input	500					insufficient_event_count_descriptive	not_comparable	FALSE
ENSG00000127616.19	SMARCA4	strong_patient_level_candidate	homozygous_deletion	MOFA_factor	Factor5	94	0	94	rank-biserial correlation: event minus reference			TRUE	FALSE	1	TCGA_ESCC_DR45_driver_state_shared_patients	FALSE	FALSE		FALSE	FALSE	predictor_layer_in_mofa_input	500					insufficient_event_count_descriptive	not_comparable	FALSE
ENSG00000127616.19	SMARCA4	strong_patient_level_candidate	homozygous_deletion	MOFA_factor	Factor6	94	0	94	rank-biserial correlation: event minus reference			TRUE	FALSE	1	TCGA_ESCC_DR45_driver_state_shared_patients	FALSE	FALSE		FALSE	FALSE	predictor_layer_in_mofa_input	500					insufficient_event_count_descriptive	not_comparable	FALSE
ENSG00000127616.19	SMARCA4	strong_patient_level_candidate	homozygous_deletion	MOFA_factor	Factor7	94	0	94	rank-biserial correlation: event minus reference			TRUE	FALSE	1	TCGA_ESCC_DR45_driver_state_shared_patients	FALSE	FALSE		FALSE	FALSE	predictor_layer_in_mofa_input	500					insufficient_event_count_descriptive	not_comparable	FALSE
ENSG00000127616.19	SMARCA4	strong_patient_level_candidate	homozygous_deletion	MOFA_factor	Factor8	94	0	94	rank-biserial correlation: event minus reference			TRUE	FALSE	1	TCGA_ESCC_DR45_driver_state_shared_patients	FALSE	FALSE		FALSE	FALSE	predictor_layer_in_mofa_input	500					insufficient_event_count_descriptive	not_comparable	FALSE
ENSG00000141510.18	TP53	strong_patient_level_candidate	homozygous_deletion	MOFA_factor	Factor1	94	0	94	rank-biserial correlation: event minus reference			TRUE	FALSE	1	TCGA_ESCC_DR45_driver_state_shared_patients	FALSE	FALSE		FALSE	FALSE	predictor_layer_in_mofa_input	500					insufficient_event_count_descriptive	not_comparable	FALSE
ENSG00000141510.18	TP53	strong_patient_level_candidate	homozygous_deletion	MOFA_factor	Factor2	94	0	94	rank-biserial correlation: event minus reference			TRUE	FALSE	1	TCGA_ESCC_DR45_driver_state_shared_patients	FALSE	FALSE		FALSE	FALSE	predictor_layer_in_mofa_input	500					insufficient_event_count_descriptive	not_comparable	FALSE
ENSG00000141510.18	TP53	strong_patient_level_candidate	homozygous_deletion	MOFA_factor	Factor3	94	0	94	rank-biserial correlation: event minus reference			TRUE	FALSE	1	TCGA_ESCC_DR45_driver_state_shared_patients	FALSE	FALSE		FALSE	FALSE	predictor_layer_in_mofa_input	500					insufficient_event_count_descriptive	not_comparable	FALSE
ENSG00000141510.18	TP53	strong_patient_level_candidate	homozygous_deletion	MOFA_factor	Factor4	94	0	94	rank-biserial correlation: event minus reference			TRUE	FALSE	1	TCGA_ESCC_DR45_driver_state_shared_patients	FALSE	FALSE		TRUE	FALSE	predictor_layer_in_mofa_input	500					insufficient_event_count_descriptive	not_comparable	FALSE
ENSG00000141510.18	TP53	strong_patient_level_candidate	homozygous_deletion	MOFA_factor	Factor5	94	0	94	rank-biserial correlation: event minus reference			TRUE	FALSE	1	TCGA_ESCC_DR45_driver_state_shared_patients	FALSE	FALSE		FALSE	FALSE	predictor_layer_in_mofa_input	500					insufficient_event_count_descriptive	not_comparable	FALSE
ENSG00000141510.18	TP53	strong_patient_level_candidate	homozygous_deletion	MOFA_factor	Factor6	94	0	94	rank-biserial correlation: event minus reference			TRUE	FALSE	1	TCGA_ESCC_DR45_driver_state_shared_patients	FALSE	FALSE		FALSE	FALSE	predictor_layer_in_mofa_input	500					insufficient_event_count_descriptive	not_comparable	FALSE
ENSG00000141510.18	TP53	strong_patient_level_candidate	homozygous_deletion	MOFA_factor	Factor7	94	0	94	rank-biserial correlation: event minus reference			TRUE	FALSE	1	TCGA_ESCC_DR45_driver_state_shared_patients	FALSE	FALSE		FALSE	FALSE	predictor_layer_in_mofa_input	500					insufficient_event_count_descriptive	not_comparable	FALSE
ENSG00000141510.18	TP53	strong_patient_level_candidate	homozygous_deletion	MOFA_factor	Factor8	94	0	94	rank-biserial correlation: event minus reference			TRUE	FALSE	1	TCGA_ESCC_DR45_driver_state_shared_patients	FALSE	FALSE		FALSE	FALSE	predictor_layer_in_mofa_input	500					insufficient_event_count_descriptive	not_comparable	FALSE
ENSG00000141579.7	ZNF750	strong_patient_level_candidate	amplification	MOFA_factor	Factor1	94	1	93	rank-biserial correlation: event minus reference	-0.139784946236559		TRUE	FALSE	1	TCGA_ESCC_DR45_driver_state_shared_patients	FALSE	FALSE		FALSE	FALSE	predictor_layer_in_mofa_input	500					insufficient_event_count_descriptive	not_comparable	FALSE
ENSG00000141579.7	ZNF750	strong_patient_level_candidate	amplification	MOFA_factor	Factor2	94	1	93	rank-biserial correlation: event minus reference	0.591397849462366		TRUE	FALSE	1	TCGA_ESCC_DR45_driver_state_shared_patients	FALSE	FALSE		FALSE	FALSE	predictor_layer_in_mofa_input	500					insufficient_event_count_descriptive	not_comparable	FALSE
ENSG00000141579.7	ZNF750	strong_patient_level_candidate	amplification	MOFA_factor	Factor3	94	1	93	rank-biserial correlation: event minus reference	0.075268817204301		TRUE	FALSE	1	TCGA_ESCC_DR45_driver_state_shared_patients	FALSE	FALSE		FALSE	FALSE	predictor_layer_in_mofa_input	500					insufficient_event_count_descriptive	not_comparable	FALSE
ENSG00000141579.7	ZNF750	strong_patient_level_candidate	amplification	MOFA_factor	Factor4	94	1	93	rank-biserial correlation: event minus reference	-0.913978494623656		TRUE	FALSE	1	TCGA_ESCC_DR45_driver_state_shared_patients	FALSE	FALSE		TRUE	FALSE	predictor_layer_in_mofa_input	500					insufficient_event_count_descriptive	not_comparable	FALSE
ENSG00000141579.7	ZNF750	strong_patient_level_candidate	amplification	MOFA_factor	Factor5	94	1	93	rank-biserial correlation: event minus reference	0.698924731182796		TRUE	FALSE	1	TCGA_ESCC_DR45_driver_state_shared_patients	FALSE	FALSE		FALSE	FALSE	predictor_layer_in_mofa_input	500					insufficient_event_count_descriptive	not_comparable	FALSE
ENSG00000141579.7	ZNF750	strong_patient_level_candidate	amplification	MOFA_factor	Factor6	94	1	93	rank-biserial correlation: event minus reference	0.956989247311828		TRUE	FALSE	1	TCGA_ESCC_DR45_driver_state_shared_patients	FALSE	FALSE		FALSE	FALSE	predictor_layer_in_mofa_input	500					insufficient_event_count_descriptive	not_comparable	FALSE
ENSG00000141579.7	ZNF750	strong_patient_level_candidate	amplification	MOFA_factor	Factor7	94	1	93	rank-biserial correlation: event minus reference	0.741935483870968		TRUE	FALSE	1	TCGA_ESCC_DR45_driver_state_shared_patients	FALSE	FALSE		FALSE	FALSE	predictor_layer_in_mofa_input	500					insufficient_event_count_descriptive	not_comparable	FALSE
ENSG00000141579.7	ZNF750	strong_patient_level_candidate	amplification	MOFA_factor	Factor8	94	1	93	rank-biserial correlation: event minus reference	0.526881720430108		TRUE	FALSE	1	TCGA_ESCC_DR45_driver_state_shared_patients	FALSE	FALSE		FALSE	FALSE	predictor_layer_in_mofa_input	500					insufficient_event_count_descriptive	not_comparable	FALSE
ENSG00000141579.7	ZNF750	strong_patient_level_candidate	homozygous_deletion	MOFA_factor	Factor1	94	0	94	rank-biserial correlation: event minus reference			TRUE	FALSE	1	TCGA_ESCC_DR45_driver_state_shared_patients	FALSE	FALSE		FALSE	FALSE	predictor_layer_in_mofa_input	500					insufficient_event_count_descriptive	not_comparable	FALSE
ENSG00000141579.7	ZNF750	strong_patient_level_candidate	homozygous_deletion	MOFA_factor	Factor2	94	0	94	rank-biserial correlation: event minus reference			TRUE	FALSE	1	TCGA_ESCC_DR45_driver_state_shared_patients	FALSE	FALSE		FALSE	FALSE	predictor_layer_in_mofa_input	500					insufficient_event_count_descriptive	not_comparable	FALSE
ENSG00000141579.7	ZNF750	strong_patient_level_candidate	homozygous_deletion	MOFA_factor	Factor3	94	0	94	rank-biserial correlation: event minus reference			TRUE	FALSE	1	TCGA_ESCC_DR45_driver_state_shared_patients	FALSE	FALSE		FALSE	FALSE	predictor_layer_in_mofa_input	500					insufficient_event_count_descriptive	not_comparable	FALSE
ENSG00000141579.7	ZNF750	strong_patient_level_candidate	homozygous_deletion	MOFA_factor	Factor4	94	0	94	rank-biserial correlation: event minus reference			TRUE	FALSE	1	TCGA_ESCC_DR45_driver_state_shared_patients	FALSE	FALSE		TRUE	FALSE	predictor_layer_in_mofa_input	500					insufficient_event_count_descriptive	not_comparable	FALSE
ENSG00000141579.7	ZNF750	strong_patient_level_candidate	homozygous_deletion	MOFA_factor	Factor5	94	0	94	rank-biserial correlation: event minus reference			TRUE	FALSE	1	TCGA_ESCC_DR45_driver_state_shared_patients	FALSE	FALSE		FALSE	FALSE	predictor_layer_in_mofa_input	500					insufficient_event_count_descriptive	not_comparable	FALSE
ENSG00000141579.7	ZNF750	strong_patient_level_candidate	homozygous_deletion	MOFA_factor	Factor6	94	0	94	rank-biserial correlation: event minus reference			TRUE	FALSE	1	TCGA_ESCC_DR45_driver_state_shared_patients	FALSE	FALSE		FALSE	FALSE	predictor_layer_in_mofa_input	500					insufficient_event_count_descriptive	not_comparable	FALSE
ENSG00000141579.7	ZNF750	strong_patient_level_candidate	homozygous_deletion	MOFA_factor	Factor7	94	0	94	rank-biserial correlation: event minus reference			TRUE	FALSE	1	TCGA_ESCC_DR45_driver_state_shared_patients	FALSE	FALSE		FALSE	FALSE	predictor_layer_in_mofa_input	500					insufficient_event_count_descriptive	not_comparable	FALSE
ENSG00000141579.7	ZNF750	strong_patient_level_candidate	homozygous_deletion	MOFA_factor	Factor8	94	0	94	rank-biserial correlation: event minus reference			TRUE	FALSE	1	TCGA_ESCC_DR45_driver_state_shared_patients	FALSE	FALSE		FALSE	FALSE	predictor_layer_in_mofa_input	500					insufficient_event_count_descriptive	not_comparable	FALSE
ENSG00000148400.12	NOTCH1	strong_patient_level_candidate	relative_cnv	MOFA_factor	Factor6	94			Spearman rho	0.194358682905509	0.0605034463386756	TRUE	FALSE	1	TCGA_ESCC_DR45_driver_state_shared_patients	FALSE	TRUE	0.322685047139603	FALSE	FALSE	predictor_layer_in_mofa_input	500	500	-0.0132513439971364	0.377690941374536	0.964	no_clear_internal_association	same_direction_nonsignificant	FALSE
ENSG00000100393.14	EP300	strong_patient_level_candidate	relative_cnv	MOFA_factor	Factor6	94			Spearman rho	-0.191583651369597	0.0643432411233627	TRUE	FALSE	1	TCGA_ESCC_DR45_driver_state_shared_patients	FALSE	TRUE	0.322735579071153	FALSE	FALSE	predictor_layer_in_mofa_input	500	500	-0.371476070325478	0.0376536603930992	0.948	no_clear_internal_association	same_direction_nonsignificant	FALSE
ENSG00000116044.16	NFE2L2	strong_patient_level_candidate	relative_cnv	MOFA_factor	Factor1	94			Spearman rho	0.187834034553648	0.0698434036039741	TRUE	FALSE	1	TCGA_ESCC_DR45_driver_state_shared_patients	FALSE	TRUE	0.322735579071153	FALSE	FALSE	predictor_layer_in_mofa_input	500	500	-0.0333047252474083	0.380754862813993	0.954	no_clear_internal_association	same_direction_nonsignificant	FALSE
ENSG00000074181.9	NOTCH3	strong_patient_level_candidate	relative_cnv	MOFA_factor	Factor4	94			Spearman rho	0.18733814576312	0.0705984079218148	TRUE	FALSE	1	TCGA_ESCC_DR45_driver_state_shared_patients	FALSE	TRUE	0.322735579071153	TRUE	FALSE	predictor_layer_in_mofa_input	500	500	-0.0107560730325968	0.343328488918521	0.966	no_clear_internal_association	same_direction_nonsignificant	FALSE
ENSG00000185920.16	PTCH1	strong_patient_level_candidate	relative_cnv	MOFA_factor	Factor1	94			Spearman rho	0.184535030379731	0.0749908901115332	TRUE	FALSE	1	TCGA_ESCC_DR45_driver_state_shared_patients	FALSE	TRUE	0.327232975032145	FALSE	FALSE	predictor_layer_in_mofa_input	500	500	-0.0164155633986263	0.381509290405467	0.966	no_clear_internal_association	same_direction_nonsignificant	FALSE
ENSG00000185920.16	PTCH1	strong_patient_level_candidate	relative_cnv	MOFA_factor	Factor4	94			Spearman rho	0.179898164732486	0.0827362585642774	TRUE	FALSE	1	TCGA_ESCC_DR45_driver_state_shared_patients	FALSE	TRUE	0.333394398410184	TRUE	FALSE	predictor_layer_in_mofa_input	500	500	-0.0344967081565932	0.375190913262278	0.958	no_clear_internal_association	same_direction_nonsignificant	FALSE
ENSG00000148400.12	NOTCH1	strong_patient_level_candidate	relative_cnv	MOFA_factor	Factor2	94			Spearman rho	-0.179546597429658	0.0833485996025459	TRUE	FALSE	1	TCGA_ESCC_DR45_driver_state_shared_patients	FALSE	TRUE	0.333394398410184	FALSE	FALSE	predictor_layer_in_mofa_input	500	500	-0.353629571083315	0.016640179248341	0.97	no_clear_internal_association	same_direction_nonsignificant	FALSE
ENSG00000109670.16	FBXW7	strong_patient_level_candidate	relative_cnv	MOFA_factor	Factor1	94			Spearman rho	-0.171761759117633	0.0978561242798182	TRUE	FALSE	1	TCGA_ESCC_DR45_driver_state_shared_patients	FALSE	TRUE	0.375767517234502	FALSE	FALSE	predictor_layer_in_mofa_input	500	500	-0.379826791523552	0.00587563921544615	0.974	no_clear_internal_association	same_direction_nonsignificant	FALSE
ENSG00000116044.16	NFE2L2	strong_patient_level_candidate	mutation	MOFA_factor	Factor4	94	16	78	rank-biserial correlation: event minus reference	0.261217948717949	0.102082878898344	TRUE	FALSE	1	TCGA_ESCC_DR45_driver_state_shared_patients	FALSE	TRUE	0.386840383193725	TRUE	TRUE	predictor_feature_in_mofa_input	500	500	-0.0144230769230769	0.5265625	0.966	no_clear_internal_association	same_direction_nonsignificant	FALSE
ENSG00000141579.7	ZNF750	strong_patient_level_candidate	relative_cnv	MOFA_factor	Factor2	94			Spearman rho	0.167090201078238	0.107471644339869	TRUE	FALSE	1	TCGA_ESCC_DR45_driver_state_shared_patients	FALSE	TRUE	0.393183423904204	FALSE	FALSE	predictor_layer_in_mofa_input	500	500	-0.0309291082309511	0.350424447365113	0.956	no_clear_internal_association	same_direction_nonsignificant	FALSE
ENSG00000121879.6	PIK3CA	strong_patient_level_candidate	relative_cnv	MOFA_factor	Factor8	94			Spearman rho	0.165648654411524	0.110582837973057	TRUE	TRUE	2	TCGA_ESCC_DR45_driver_state_shared_patients	FALSE	TRUE	0.393183423904204	FALSE	FALSE	predictor_layer_in_mofa_input	500	500	-0.0644000268976032	0.386529878313463	0.934	no_clear_internal_association	same_direction_nonsignificant	FALSE
ENSG00000167548.16	KMT2D	strong_patient_level_candidate	mutation	MOFA_factor	Factor6	94	16	78	rank-biserial correlation: event minus reference	-0.251602564102564	0.115377592660922	TRUE	FALSE	1	TCGA_ESCC_DR45_driver_state_shared_patients	FALSE	TRUE	0.415359333579321	FALSE	TRUE	predictor_feature_in_mofa_input	500	500	-0.518469551282051	0.0168669871794871	0.964	no_clear_internal_association	same_direction_nonsignificant	FALSE
ENSG00000109670.16	FBXW7	strong_patient_level_candidate	relative_cnv	MOFA_factor	Factor8	94			Spearman rho	-0.159531116309142	0.124570041916527	TRUE	FALSE	1	TCGA_ESCC_DR45_driver_state_shared_patients	FALSE	TRUE	0.427097286570949	FALSE	FALSE	predictor_layer_in_mofa_input	500	500	-0.334541246698315	0.039543640712409	0.948	no_clear_internal_association	same_direction_nonsignificant	FALSE
ENSG00000074181.9	NOTCH3	strong_patient_level_candidate	relative_cnv	MOFA_factor	Factor3	94			Spearman rho	-0.157063014571104	0.130582826282701	TRUE	FALSE	1	TCGA_ESCC_DR45_driver_state_shared_patients	FALSE	TRUE	0.432274183556526	FALSE	FALSE	predictor_layer_in_mofa_input	500	500	-0.379675922695148	0.0608810040014158	0.894	no_clear_internal_association	same_direction_nonsignificant	FALSE
ENSG00000185920.16	PTCH1	strong_patient_level_candidate	mutation	MOFA_factor	Factor4	94	7	87	rank-biserial correlation: event minus reference	0.346469622331691	0.130482779040632	TRUE	FALSE	1	TCGA_ESCC_DR45_driver_state_shared_patients	FALSE	TRUE	0.447369528139311	TRUE	TRUE	predictor_feature_in_mofa_input	500	500	-0.0870279146141215	0.691461412151067	0.936	no_clear_internal_association	same_direction_nonsignificant	FALSE
ENSG00000148400.12	NOTCH1	strong_patient_level_candidate	relative_cnv	MOFA_factor	Factor4	94			Spearman rho	0.148784194973198	0.152374407179196	TRUE	FALSE	1	TCGA_ESCC_DR45_driver_state_shared_patients	FALSE	TRUE	0.468953252052376	TRUE	FALSE	predictor_layer_in_mofa_input	500	500	-0.0416220972149976	0.332069127090479	0.928	no_clear_internal_association	same_direction_nonsignificant	FALSE
ENSG00000141579.7	ZNF750	strong_patient_level_candidate	relative_cnv	MOFA_factor	Factor4	94			Spearman rho	0.14674015498943	0.158151669291247	TRUE	FALSE	1	TCGA_ESCC_DR45_driver_state_shared_patients	FALSE	TRUE	0.468953252052376	TRUE	FALSE	predictor_layer_in_mofa_input	500	500	-0.052322736155913	0.329453895483378	0.928	no_clear_internal_association	same_direction_nonsignificant	FALSE
ENSG00000116044.16	NFE2L2	strong_patient_level_candidate	relative_cnv	MOFA_factor	Factor4	94			Spearman rho	0.142987359664794	0.169180765185319	TRUE	FALSE	1	TCGA_ESCC_DR45_driver_state_shared_patients	FALSE	TRUE	0.468953252052376	TRUE	FALSE	predictor_layer_in_mofa_input	500	500	-0.0808309435935446	0.346350428741473	0.896	no_clear_internal_association	same_direction_nonsignificant	FALSE
ENSG00000121879.6	PIK3CA	strong_patient_level_candidate	relative_cnv	MOFA_factor	Factor4	94			Spearman rho	0.142819337228165	0.169687510599324	TRUE	TRUE	2	TCGA_ESCC_DR45_driver_state_shared_patients	FALSE	TRUE	0.468953252052376	TRUE	FALSE	predictor_layer_in_mofa_input	500	500	-0.0955928167605128	0.347372140189893	0.924	no_clear_internal_association	same_direction_nonsignificant	FALSE
ENSG00000141510.18	TP53	strong_patient_level_candidate	relative_cnv	MOFA_factor	Factor5	94			Spearman rho	-0.142409183572981	0.170929208596308	TRUE	FALSE	1	TCGA_ESCC_DR45_driver_state_shared_patients	FALSE	TRUE	0.468953252052376	FALSE	FALSE	predictor_layer_in_mofa_input	500	500	-0.355227970896894	0.0547362948742303	0.902	no_clear_internal_association	same_direction_nonsignificant	FALSE
ENSG00000087460.27	GNAS	strong_patient_level_candidate	relative_cnv	MOFA_factor	Factor3	94			Spearman rho	-0.142394910248649	0.170972539810762	TRUE	FALSE	1	TCGA_ESCC_DR45_driver_state_shared_patients	FALSE	TRUE	0.468953252052376	FALSE	FALSE	predictor_layer_in_mofa_input	500	500	-0.356369392191606	0.0658187194333444	0.91	no_clear_internal_association	same_direction_nonsignificant	FALSE
ENSG00000148400.12	NOTCH1	strong_patient_level_candidate	mutation	MOFA_factor	Factor2	94	13	81	rank-biserial correlation: event minus reference	-0.253561253561254	0.145202770889183	TRUE	FALSE	1	TCGA_ESCC_DR45_driver_state_shared_patients	FALSE	TRUE	0.475209068364597	FALSE	TRUE	predictor_feature_in_mofa_input	500	500	-0.547958214624881	0.107407407407407	0.932	no_clear_internal_association	same_direction_nonsignificant	FALSE
ENSG00000116044.16	NFE2L2	strong_patient_level_candidate	amplification	MOFA_factor	Factor6	94	9	85	rank-biserial correlation: event minus reference	0.328104575163399	0.108223073199435	TRUE	FALSE	1	TCGA_ESCC_DR45_driver_state_shared_patients	FALSE	TRUE	0.493420002023107	FALSE	FALSE	predictor_layer_in_mofa_input	500	500	0.0522222222222223	0.598758169934641	0.99	no_clear_internal_association	same_direction_nonsignificant	FALSE
ENSG00000121879.6	PIK3CA	strong_patient_level_candidate	amplification	MOFA_factor	Factor8	94	49	45	rank-biserial correlation: event minus reference	0.177324263038549	0.139968730237783	TRUE	TRUE	2	TCGA_ESCC_DR45_driver_state_shared_patients	FALSE	TRUE	0.493420002023107	FALSE	FALSE	predictor_layer_in_mofa_input	500	500	-0.0409297052154195	0.391859410430839	0.938	no_clear_internal_association	same_direction_nonsignificant	FALSE
ENSG00000121879.6	PIK3CA	strong_patient_level_candidate	amplification	MOFA_factor	Factor4	94	49	45	rank-biserial correlation: event minus reference	0.174603174603175	0.146167895041339	TRUE	TRUE	2	TCGA_ESCC_DR45_driver_state_shared_patients	FALSE	TRUE	0.493420002023107	TRUE	FALSE	predictor_layer_in_mofa_input	500	500	-0.0640362811791384	0.417528344671202	0.918	no_clear_internal_association	same_direction_nonsignificant	FALSE
ENSG00000185920.16	PTCH1	strong_patient_level_candidate	amplification	MOFA_factor	Factor2	94	6	88	rank-biserial correlation: event minus reference	-0.333333333333333	0.175934106383069	TRUE	FALSE	1	TCGA_ESCC_DR45_driver_state_shared_patients	FALSE	TRUE	0.493420002023107	FALSE	FALSE	predictor_layer_in_mofa_input	500	500	-0.644318181818182	0.0815340909090908	0.944	no_clear_internal_association	same_direction_nonsignificant	FALSE
ENSG00000087460.27	GNAS	strong_patient_level_candidate	amplification	MOFA_factor	Factor6	94	6	88	rank-biserial correlation: event minus reference	0.306818181818182	0.213091299452798	TRUE	FALSE	1	TCGA_ESCC_DR45_driver_state_shared_patients	FALSE	TRUE	0.493420002023107	FALSE	FALSE	predictor_layer_in_mofa_input	500	500	-0.0229166666666666	0.628787878787879	0.962	no_clear_internal_association	same_direction_nonsignificant	FALSE
ENSG00000116044.16	NFE2L2	strong_patient_level_candidate	amplification	MOFA_factor	Factor8	94	9	85	rank-biserial correlation: event minus reference	0.249673202614379	0.222186039663368	TRUE	FALSE	1	TCGA_ESCC_DR45_driver_state_shared_patients	FALSE	TRUE	0.493420002023107	FALSE	FALSE	predictor_layer_in_mofa_input	500	500	-0.176601307189543	0.598758169934641	0.864	no_clear_internal_association	same_direction_nonsignificant	FALSE
ENSG00000185920.16	PTCH1	strong_patient_level_candidate	amplification	MOFA_factor	Factor3	94	6	88	rank-biserial correlation: event minus reference	0.295454545454545	0.230641336762797	TRUE	FALSE	1	TCGA_ESCC_DR45_driver_state_shared_patients	FALSE	TRUE	0.493420002023107	FALSE	FALSE	predictor_layer_in_mofa_input	500	500	-0.297443181818182	0.789867424242424	0.862	no_clear_internal_association	same_direction_nonsignificant	FALSE
ENSG00000185920.16	PTCH1	strong_patient_level_candidate	amplification	MOFA_factor	Factor4	94	6	88	rank-biserial correlation: event minus reference	0.291666666666667	0.236713556985599	TRUE	FALSE	1	TCGA_ESCC_DR45_driver_state_shared_patients	FALSE	TRUE	0.493420002023107	TRUE	FALSE	predictor_layer_in_mofa_input	500	500	-0.27092803030303	0.670454545454545	0.854	no_clear_internal_association	same_direction_nonsignificant	FALSE
ENSG00000116044.16	NFE2L2	strong_patient_level_candidate	amplification	MOFA_factor	Factor1	94	9	85	rank-biserial correlation: event minus reference	0.23921568627451	0.242268094744763	TRUE	FALSE	1	TCGA_ESCC_DR45_driver_state_shared_patients	FALSE	TRUE	0.493420002023107	FALSE	FALSE	predictor_layer_in_mofa_input	500	500	-0.158300653594771	0.664248366013072	0.868	no_clear_internal_association	same_direction_nonsignificant	FALSE
ENSG00000087460.27	GNAS	strong_patient_level_candidate	amplification	MOFA_factor	Factor5	94	6	88	rank-biserial correlation: event minus reference	-0.276515151515151	0.262129376074775	TRUE	FALSE	1	TCGA_ESCC_DR45_driver_state_shared_patients	FALSE	TRUE	0.493420002023107	FALSE	FALSE	predictor_layer_in_mofa_input	500	500	-0.717897727272727	0.246401515151515	0.86	no_clear_internal_association	same_direction_nonsignificant	FALSE
ENSG00000087460.27	GNAS	strong_patient_level_candidate	amplification	MOFA_factor	Factor7	94	6	88	rank-biserial correlation: event minus reference	-0.276515151515151	0.262129376074775	TRUE	FALSE	1	TCGA_ESCC_DR45_driver_state_shared_patients	FALSE	TRUE	0.493420002023107	FALSE	FALSE	predictor_layer_in_mofa_input	500	500	-0.721685606060606	0.225852272727272	0.878	no_clear_internal_association	same_direction_nonsignificant	FALSE
ENSG00000074181.9	NOTCH3	strong_patient_level_candidate	relative_cnv	MOFA_factor	Factor7	94			Spearman rho	0.132245449723	0.203870744598651	TRUE	FALSE	1	TCGA_ESCC_DR45_driver_state_shared_patients	FALSE	TRUE	0.53251477095926	FALSE	FALSE	predictor_layer_in_mofa_input	500	500	-0.0952824161279982	0.328435998591522	0.882	no_clear_internal_association	same_direction_nonsignificant	FALSE
ENSG00000185920.16	PTCH1	strong_patient_level_candidate	relative_cnv	MOFA_factor	Factor6	94			Spearman rho	0.130282938408176	0.210722452313642	TRUE	FALSE	1	TCGA_ESCC_DR45_driver_state_shared_patients	FALSE	TRUE	0.53251477095926	FALSE	FALSE	predictor_layer_in_mofa_input	500	500	-0.0451152234363917	0.308287193083954	0.918	no_clear_internal_association	same_direction_nonsignificant	FALSE
ENSG00000100393.14	EP300	strong_patient_level_candidate	relative_cnv	MOFA_factor	Factor3	94			Spearman rho	0.130264640635914	0.21078709683804	TRUE	FALSE	1	TCGA_ESCC_DR45_driver_state_shared_patients	FALSE	TRUE	0.53251477095926	FALSE	FALSE	predictor_layer_in_mofa_input	500	500	-0.0742517819618172	0.310314722295771	0.914	no_clear_internal_association	same_direction_nonsignificant	FALSE
ENSG00000148400.12	NOTCH1	strong_patient_level_candidate	mutation	MOFA_factor	Factor3	94	13	81	rank-biserial correlation: event minus reference	0.236467236467236	0.174427420432686	TRUE	FALSE	1	TCGA_ESCC_DR45_driver_state_shared_patients	FALSE	TRUE	0.546033663963191	FALSE	TRUE	predictor_feature_in_mofa_input	500	500	-0.0959164292497626	0.529059829059829	0.912	no_clear_internal_association	same_direction_nonsignificant	FALSE
ENSG00000141579.7	ZNF750	strong_patient_level_candidate	mutation	MOFA_factor	Factor4	94	11	83	rank-biserial correlation: event minus reference	-0.24644030668127	0.18771088669198	TRUE	FALSE	1	TCGA_ESCC_DR45_driver_state_shared_patients	FALSE	TRUE	0.563132660075939	TRUE	TRUE	predictor_feature_in_mofa_input	500	500	-0.572946330777656	0.0843373493975903	0.926	no_clear_internal_association	same_direction_nonsignificant	FALSE
ENSG00000141579.7	ZNF750	strong_patient_level_candidate	mutation	MOFA_factor	Factor6	94	11	83	rank-biserial correlation: event minus reference	0.237677984665937	0.203966447372183	TRUE	FALSE	1	TCGA_ESCC_DR45_driver_state_shared_patients	FALSE	TRUE	0.566581879384889	FALSE	TRUE	predictor_feature_in_mofa_input	500	500	-0.149233296823658	0.567853231106243	0.864	no_clear_internal_association	same_direction_nonsignificant	FALSE
ENSG00000185920.16	PTCH1	strong_patient_level_candidate	mutation	MOFA_factor	Factor3	94	7	87	rank-biserial correlation: event minus reference	0.29064039408867	0.205023622805759	TRUE	FALSE	1	TCGA_ESCC_DR45_driver_state_shared_patients	FALSE	TRUE	0.566581879384889	FALSE	TRUE	predictor_feature_in_mofa_input	500	500	0.0194581280788178	0.558538587848933	0.982	no_clear_internal_association	same_direction_nonsignificant	FALSE
ENSG00000141579.7	ZNF750	strong_patient_level_candidate	mutation	MOFA_factor	Factor1	94	11	83	rank-biserial correlation: event minus reference	-0.233296823658269	0.212468204769333	TRUE	FALSE	1	TCGA_ESCC_DR45_driver_state_shared_patients	FALSE	TRUE	0.566581879384889	FALSE	TRUE	predictor_feature_in_mofa_input	500	500	-0.483132530120482	0.00662650602409632	0.966	no_clear_internal_association	same_direction_nonsignificant	FALSE
ENSG00000141510.18	TP53	strong_patient_level_candidate	mutation	MOFA_factor	Factor8	94	84	10	rank-biserial correlation: event minus reference	0.235714285714286	0.227091692903986	TRUE	FALSE	1	TCGA_ESCC_DR45_driver_state_shared_patients	FALSE	TRUE	0.569228081984397	FALSE	TRUE	predictor_feature_in_mofa_input	500	500	-0.11202380952381	0.571547619047619	0.9	no_clear_internal_association	same_direction_nonsignificant	FALSE
ENSG00000167548.16	KMT2D	strong_patient_level_candidate	mutation	MOFA_factor	Factor4	94	16	78	rank-biserial correlation: event minus reference	0.192307692307692	0.229272421910382	TRUE	FALSE	1	TCGA_ESCC_DR45_driver_state_shared_patients	FALSE	TRUE	0.569228081984397	TRUE	TRUE	predictor_feature_in_mofa_input	500	500	-0.123477564102564	0.485576923076923	0.894	no_clear_internal_association	same_direction_nonsignificant	FALSE
ENSG00000148400.12	NOTCH1	strong_patient_level_candidate	mutation	MOFA_factor	Factor4	94	13	81	rank-biserial correlation: event minus reference	0.204178537511871	0.241228692762266	TRUE	FALSE	1	TCGA_ESCC_DR45_driver_state_shared_patients	FALSE	TRUE	0.578948862629438	TRUE	TRUE	predictor_feature_in_mofa_input	500	500	-0.119468186134853	0.5005698005698	0.902	no_clear_internal_association	same_direction_nonsignificant	FALSE
ENSG00000074181.9	NOTCH3	strong_patient_level_candidate	relative_cnv	MOFA_factor	Factor8	94			Spearman rho	-0.121568316168971	0.243124243221549	TRUE	FALSE	1	TCGA_ESCC_DR45_driver_state_shared_patients	FALSE	TRUE	0.585279512340566	FALSE	FALSE	predictor_layer_in_mofa_input	500	500	-0.319678181685587	0.118955660941544	0.836	no_clear_internal_association	same_direction_nonsignificant	FALSE
ENSG00000141579.7	ZNF750	strong_patient_level_candidate	relative_cnv	MOFA_factor	Factor7	94			Spearman rho	0.121378469174599	0.243866463475236	TRUE	FALSE	1	TCGA_ESCC_DR45_driver_state_shared_patients	FALSE	TRUE	0.585279512340566	FALSE	FALSE	predictor_layer_in_mofa_input	500	500	-0.0698767139483427	0.304559836181991	0.894	no_clear_internal_association	same_direction_nonsignificant	FALSE
ENSG00000121879.6	PIK3CA	strong_patient_level_candidate	mutation	MOFA_factor	Factor5	94	11	83	rank-biserial correlation: event minus reference	0.211391018619934	0.258820277892859	TRUE	TRUE	2	TCGA_ESCC_DR45_driver_state_shared_patients	FALSE	TRUE	0.600959001330341	FALSE	TRUE	predictor_feature_in_mofa_input	500	500	-0.18105147864184	0.608105147864184	0.88	no_clear_internal_association	same_direction_nonsignificant	FALSE
ENSG00000074181.9	NOTCH3	strong_patient_level_candidate	mutation	MOFA_factor	Factor5	94	10	84	rank-biserial correlation: event minus reference	0.216666666666667	0.267092889480152	TRUE	FALSE	1	TCGA_ESCC_DR45_driver_state_shared_patients	FALSE	TRUE	0.600959001330341	FALSE	TRUE	predictor_feature_in_mofa_input	500	500	-0.238571428571429	0.588095238095238	0.836	no_clear_internal_association	same_direction_nonsignificant	FALSE
ENSG00000127616.19	SMARCA4	strong_patient_level_candidate	mutation	MOFA_factor	Factor3	94	7	87	rank-biserial correlation: event minus reference	0.247947454844007	0.280078304689886	TRUE	FALSE	1	TCGA_ESCC_DR45_driver_state_shared_patients	FALSE	TRUE	0.611079937505206	FALSE	TRUE	predictor_feature_in_mofa_input	500	500	-0.235139573070608	0.719293924466338	0.852	no_clear_internal_association	same_direction_nonsignificant	FALSE
ENSG00000141579.7	ZNF750	strong_patient_level_candidate	mutation	MOFA_factor	Factor3	94	11	83	rank-biserial correlation: event minus reference	-0.198247535596933	0.289777487567523	TRUE	FALSE	1	TCGA_ESCC_DR45_driver_state_shared_patients	FALSE	TRUE	0.613646444260636	FALSE	TRUE	predictor_feature_in_mofa_input	500	500	-0.68789704271632	0.293592552026287	0.802	no_clear_internal_association	same_direction_nonsignificant	FALSE
ENSG00000167548.16	KMT2D	strong_patient_level_candidate	mutation	MOFA_factor	Factor7	94	16	78	rank-biserial correlation: event minus reference	0.161858974358974	0.311975835864563	TRUE	FALSE	1	TCGA_ESCC_DR45_driver_state_shared_patients	FALSE	TRUE	0.626780380885948	FALSE	TRUE	predictor_feature_in_mofa_input	500	500	-0.125841346153846	0.440184294871795	0.868	no_clear_internal_association	same_direction_nonsignificant	FALSE
ENSG00000185920.16	PTCH1	strong_patient_level_candidate	mutation	MOFA_factor	Factor7	94	7	87	rank-biserial correlation: event minus reference	-0.231527093596059	0.313390190442974	TRUE	FALSE	1	TCGA_ESCC_DR45_driver_state_shared_patients	FALSE	TRUE	0.626780380885948	FALSE	TRUE	predictor_feature_in_mofa_input	500	500	-0.662233169129721	0.233251231527094	0.822	no_clear_internal_association	same_direction_nonsignificant	FALSE
ENSG00000185920.16	PTCH1	strong_patient_level_candidate	mutation	MOFA_factor	Factor5	94	7	87	rank-biserial correlation: event minus reference	0.221674876847291	0.334580800229077	TRUE	FALSE	1	TCGA_ESCC_DR45_driver_state_shared_patients	FALSE	TRUE	0.645569652992663	FALSE	TRUE	predictor_feature_in_mofa_input	500	500	-0.144581280788177	0.589490968801314	0.882	no_clear_internal_association	same_direction_nonsignificant	FALSE
ENSG00000121879.6	PIK3CA	strong_patient_level_candidate	mutation	MOFA_factor	Factor3	94	11	83	rank-biserial correlation: event minus reference	0.178532311062432	0.340717316857239	TRUE	TRUE	2	TCGA_ESCC_DR45_driver_state_shared_patients	FALSE	TRUE	0.645569652992663	FALSE	TRUE	predictor_feature_in_mofa_input	500	500	-0.137130339539978	0.519331872946331	0.89	no_clear_internal_association	same_direction_nonsignificant	FALSE
ENSG00000141510.18	TP53	strong_patient_level_candidate	mutation	MOFA_factor	Factor2	94	84	10	rank-biserial correlation: event minus reference	0.171428571428571	0.380601116137494	TRUE	FALSE	1	TCGA_ESCC_DR45_driver_state_shared_patients	FALSE	TRUE	0.691507440410206	FALSE	TRUE	predictor_feature_in_mofa_input	500	500	-0.222678571428571	0.558392857142857	0.808	no_clear_internal_association	same_direction_nonsignificant	FALSE
ENSG00000167548.16	KMT2D	strong_patient_level_candidate	mutation	MOFA_factor	Factor8	94	16	78	rank-biserial correlation: event minus reference	0.139423076923077	0.384170800227892	TRUE	FALSE	1	TCGA_ESCC_DR45_driver_state_shared_patients	FALSE	TRUE	0.691507440410206	FALSE	TRUE	predictor_feature_in_mofa_input	500	500	-0.175520833333333	0.433854166666666	0.812	no_clear_internal_association	same_direction_nonsignificant	FALSE
ENSG00000116044.16	NFE2L2	strong_patient_level_candidate	amplification	MOFA_factor	Factor5	94	9	85	rank-biserial correlation: event minus reference	0.168627450980392	0.410854693094318	TRUE	FALSE	1	TCGA_ESCC_DR45_driver_state_shared_patients	FALSE	TRUE	0.70193750860385	FALSE	FALSE	predictor_layer_in_mofa_input	500	500	-0.269346405228758	0.584444444444444	0.786	no_clear_internal_association	same_direction_nonsignificant	FALSE
ENSG00000185920.16	PTCH1	strong_patient_level_candidate	amplification	MOFA_factor	Factor1	94	6	88	rank-biserial correlation: event minus reference	-0.200757575757576	0.416775395733536	TRUE	FALSE	1	TCGA_ESCC_DR45_driver_state_shared_patients	FALSE	TRUE	0.70193750860385	FALSE	FALSE	predictor_layer_in_mofa_input	500	500	-0.621212121212121	0.320170454545454	0.794	no_clear_internal_association	same_direction_nonsignificant	FALSE
ENSG00000121879.6	PIK3CA	strong_patient_level_candidate	relative_cnv	MOFA_factor	Factor3	94			Spearman rho	-0.107874875250204	0.300708374605902	TRUE	TRUE	2	TCGA_ESCC_DR45_driver_state_shared_patients	FALSE	TRUE	0.70409765761382	FALSE	FALSE	predictor_layer_in_mofa_input	500	500	-0.298130505872936	0.100780849758825	0.848	no_clear_internal_association	same_direction_nonsignificant	FALSE
ENSG00000127616.19	SMARCA4	strong_patient_level_candidate	mutation	MOFA_factor	Factor6	94	7	87	rank-biserial correlation: event minus reference	-0.185550082101806	0.419950509346113	TRUE	FALSE	1	TCGA_ESCC_DR45_driver_state_shared_patients	FALSE	TRUE	0.71126178107468	FALSE	TRUE	predictor_feature_in_mofa_input	500	500	-0.717569786535304	0.323481116584565	0.784	no_clear_internal_association	same_direction_nonsignificant	FALSE
ENSG00000167548.16	KMT2D	strong_patient_level_candidate	mutation	MOFA_factor	Factor1	94	16	78	rank-biserial correlation: event minus reference	-0.128205128205128	0.423818939067447	TRUE	FALSE	1	TCGA_ESCC_DR45_driver_state_shared_patients	FALSE	TRUE	0.71126178107468	FALSE	TRUE	predictor_feature_in_mofa_input	500	500	-0.447115384615385	0.178725961538462	0.758	no_clear_internal_association	same_direction_nonsignificant	FALSE
ENSG00000074181.9	NOTCH3	strong_patient_level_candidate	mutation	MOFA_factor	Factor3	94	10	84	rank-biserial correlation: event minus reference	-0.154761904761905	0.428973316465918	TRUE	FALSE	1	TCGA_ESCC_DR45_driver_state_shared_patients	FALSE	TRUE	0.71126178107468	FALSE	TRUE	predictor_feature_in_mofa_input	500	500	-0.522797619047619	0.216785714285714	0.79	no_clear_internal_association	same_direction_nonsignificant	FALSE
ENSG00000185920.16	PTCH1	strong_patient_level_candidate	mutation	MOFA_factor	Factor2	94	7	87	rank-biserial correlation: event minus reference	-0.178981937602627	0.436743954648639	TRUE	FALSE	1	TCGA_ESCC_DR45_driver_state_shared_patients	FALSE	TRUE	0.71126178107468	FALSE	TRUE	predictor_feature_in_mofa_input	500	500	-0.558374384236453	0.195730706075533	0.828	no_clear_internal_association	same_direction_nonsignificant	FALSE
ENSG00000121879.6	PIK3CA	strong_patient_level_candidate	mutation	MOFA_factor	Factor7	94	11	83	rank-biserial correlation: event minus reference	-0.143483023001095	0.444538613171675	TRUE	TRUE	2	TCGA_ESCC_DR45_driver_state_shared_patients	FALSE	TRUE	0.71126178107468	FALSE	TRUE	predictor_feature_in_mofa_input	500	500	-0.428368017524644	0.193975903614458	0.818	no_clear_internal_association	same_direction_nonsignificant	FALSE
ENSG00000074181.9	NOTCH3	strong_patient_level_candidate	mutation	MOFA_factor	Factor2	94	10	84	rank-biserial correlation: event minus reference	0.145238095238095	0.458148773663321	TRUE	FALSE	1	TCGA_ESCC_DR45_driver_state_shared_patients	FALSE	TRUE	0.717102428342589	FALSE	TRUE	predictor_feature_in_mofa_input	500	500	-0.271785714285714	0.568035714285714	0.752	no_clear_internal_association	same_direction_nonsignificant	FALSE
ENSG00000121879.6	PIK3CA	strong_patient_level_candidate	relative_cnv	MOFA_factor	Factor7	94			Spearman rho	-0.104056681024943	0.31824008485725	TRUE	TRUE	2	TCGA_ESCC_DR45_driver_state_shared_patients	FALSE	TRUE	0.727405908245142	FALSE	FALSE	predictor_layer_in_mofa_input	500	500	-0.279366204679487	0.0931830731231899	0.832	no_clear_internal_association	same_direction_nonsignificant	FALSE
ENSG00000167548.16	KMT2D	strong_patient_level_candidate	mutation	MOFA_factor	Factor3	94	16	78	rank-biserial correlation: event minus reference	0.110576923076923	0.49073053665024	TRUE	FALSE	1	TCGA_ESCC_DR45_driver_state_shared_patients	FALSE	TRUE	0.741791106738512	FALSE	TRUE	predictor_feature_in_mofa_input	500	500	-0.229166666666667	0.42948717948718	0.75	no_clear_internal_association	same_direction_nonsignificant	FALSE
ENSG00000167548.16	KMT2D	strong_patient_level_candidate	mutation	MOFA_factor	Factor2	94	16	78	rank-biserial correlation: event minus reference	0.108974358974359	0.497082854044322	TRUE	FALSE	1	TCGA_ESCC_DR45_driver_state_shared_patients	FALSE	TRUE	0.741791106738512	FALSE	TRUE	predictor_feature_in_mofa_input	500	500	-0.213541666666667	0.431089743589744	0.744	no_clear_internal_association	same_direction_nonsignificant	FALSE
ENSG00000116044.16	NFE2L2	strong_patient_level_candidate	mutation	MOFA_factor	Factor3	94	16	78	rank-biserial correlation: event minus reference	-0.102564102564103	0.522924007116484	TRUE	FALSE	1	TCGA_ESCC_DR45_driver_state_shared_patients	FALSE	TRUE	0.741791106738512	FALSE	TRUE	predictor_feature_in_mofa_input	500	500	-0.3953125	0.192307692307692	0.712	no_clear_internal_association	same_direction_nonsignificant	FALSE
ENSG00000148400.12	NOTCH1	strong_patient_level_candidate	mutation	MOFA_factor	Factor5	94	13	81	rank-biserial correlation: event minus reference	-0.109211775878443	0.532434212632495	TRUE	FALSE	1	TCGA_ESCC_DR45_driver_state_shared_patients	FALSE	TRUE	0.741791106738512	FALSE	TRUE	predictor_feature_in_mofa_input	500	500	-0.446486229819563	0.259259259259259	0.71	no_clear_internal_association	same_direction_nonsignificant	FALSE
ENSG00000141579.7	ZNF750	strong_patient_level_candidate	mutation	MOFA_factor	Factor5	94	11	83	rank-biserial correlation: event minus reference	-0.117196056955093	0.53301933727453	TRUE	FALSE	1	TCGA_ESCC_DR45_driver_state_shared_patients	FALSE	TRUE	0.741791106738512	FALSE	TRUE	predictor_feature_in_mofa_input	500	500	-0.422946330777656	0.163198247535597	0.778	no_clear_internal_association	same_direction_nonsignificant	FALSE
ENSG00000141510.18	TP53	strong_patient_level_candidate	mutation	MOFA_factor	Factor3	94	84	10	rank-biserial correlation: event minus reference	0.121428571428571	0.53573802153337	TRUE	FALSE	1	TCGA_ESCC_DR45_driver_state_shared_patients	FALSE	TRUE	0.741791106738512	FALSE	TRUE	predictor_feature_in_mofa_input	500	500	-0.232202380952381	0.438333333333333	0.758	no_clear_internal_association	same_direction_nonsignificant	FALSE
ENSG00000074181.9	NOTCH3	strong_patient_level_candidate	relative_cnv	MOFA_factor	Factor6	94			Spearman rho	0.100082739193992	0.337172211695749	TRUE	FALSE	1	TCGA_ESCC_DR45_driver_state_shared_patients	FALSE	TRUE	0.747065286750923	FALSE	FALSE	predictor_layer_in_mofa_input	500	500	-0.0901056373736314	0.316407444364924	0.82	no_clear_internal_association	same_direction_nonsignificant	FALSE
ENSG00000141510.18	TP53	strong_patient_level_candidate	relative_cnv	MOFA_factor	Factor3	94			Spearman rho	0.0990094875909317	0.342404923094173	TRUE	FALSE	1	TCGA_ESCC_DR45_driver_state_shared_patients	FALSE	TRUE	0.747065286750923	FALSE	FALSE	predictor_layer_in_mofa_input	500	500	-0.0777374245290205	0.270397173131612	0.84	no_clear_internal_association	same_direction_nonsignificant	FALSE
ENSG00000141510.18	TP53	strong_patient_level_candidate	mutation	MOFA_factor	Factor4	94	84	10	rank-biserial correlation: event minus reference	0.107142857142857	0.585276288635147	TRUE	FALSE	1	TCGA_ESCC_DR45_driver_state_shared_patients	FALSE	TRUE	0.795092316636426	TRUE	TRUE	predictor_feature_in_mofa_input	500	500	-0.313154761904762	0.566666666666667	0.67	no_clear_internal_association	same_direction_nonsignificant	FALSE
ENSG00000087460.27	GNAS	strong_patient_level_candidate	amplification	MOFA_factor	Factor4	94	6	88	rank-biserial correlation: event minus reference	-0.166666666666667	0.501059620638605	TRUE	FALSE	1	TCGA_ESCC_DR45_driver_state_shared_patients	FALSE	TRUE	0.801695393021768	TRUE	FALSE	predictor_layer_in_mofa_input	500	500	-0.623200757575758	0.303030303030303	0.77	no_clear_internal_association	same_direction_nonsignificant	FALSE
ENSG00000141510.18	TP53	strong_patient_level_candidate	mutation	MOFA_factor	Factor7	94	84	10	rank-biserial correlation: event minus reference	-0.102380952380952	0.602249438452998	TRUE	FALSE	1	TCGA_ESCC_DR45_driver_state_shared_patients	FALSE	TRUE	0.802999251270665	FALSE	TRUE	predictor_feature_in_mofa_input	500	500	-0.517916666666667	0.347738095238095	0.656	no_clear_internal_association	same_direction_nonsignificant	FALSE
ENSG00000121879.6	PIK3CA	strong_patient_level_candidate	amplification	MOFA_factor	Factor7	94	49	45	rank-biserial correlation: event minus reference	-0.0757369614512472	0.529868492601091	TRUE	TRUE	2	TCGA_ESCC_DR45_driver_state_shared_patients	FALSE	TRUE	0.807418655392138	FALSE	FALSE	predictor_layer_in_mofa_input	500	500	-0.306643990929705	0.151632653061224	0.748	no_clear_internal_association	same_direction_nonsignificant	FALSE
ENSG00000087460.27	GNAS	strong_patient_level_candidate	relative_cnv	MOFA_factor	Factor5	94			Spearman rho	-0.0893931908788694	0.391544418062647	TRUE	FALSE	1	TCGA_ESCC_DR45_driver_state_shared_patients	FALSE	TRUE	0.822387108074885	FALSE	FALSE	predictor_layer_in_mofa_input	500	500	-0.293055746181037	0.132750859161337	0.808	no_clear_internal_association	same_direction_nonsignificant	FALSE
ENSG00000087460.27	GNAS	strong_patient_level_candidate	relative_cnv	MOFA_factor	Factor1	94			Spearman rho	-0.0889210853025353	0.394060489285882	TRUE	FALSE	1	TCGA_ESCC_DR45_driver_state_shared_patients	FALSE	TRUE	0.822387108074885	FALSE	FALSE	predictor_layer_in_mofa_input	500	500	-0.282957574284833	0.102283467117455	0.84	no_clear_internal_association	same_direction_nonsignificant	FALSE
ENSG00000148400.12	NOTCH1	strong_patient_level_candidate	relative_cnv	MOFA_factor	Factor5	94			Spearman rho	0.0868071126411665	0.405444351893184	TRUE	FALSE	1	TCGA_ESCC_DR45_driver_state_shared_patients	FALSE	TRUE	0.828141654930759	FALSE	FALSE	predictor_layer_in_mofa_input	500	500	-0.0993056848942414	0.264542142314473	0.806	no_clear_internal_association	same_direction_nonsignificant	FALSE
ENSG00000141579.7	ZNF750	strong_patient_level_candidate	mutation	MOFA_factor	Factor8	94	11	83	rank-biserial correlation: event minus reference	0.0865279299014239	0.646427388500779	TRUE	FALSE	1	TCGA_ESCC_DR45_driver_state_shared_patients	FALSE	TRUE	0.830529518444143	FALSE	TRUE	predictor_feature_in_mofa_input	500	500	-0.247590361445783	0.460295728368017	0.67	no_clear_internal_association	same_direction_nonsignificant	FALSE
ENSG00000148400.12	NOTCH1	strong_patient_level_candidate	mutation	MOFA_factor	Factor8	94	13	81	rank-biserial correlation: event minus reference	0.0788224121557455	0.653392760698526	TRUE	FALSE	1	TCGA_ESCC_DR45_driver_state_shared_patients	FALSE	TRUE	0.830529518444143	FALSE	TRUE	predictor_feature_in_mofa_input	500	500	-0.262155745489079	0.429487179487179	0.654	no_clear_internal_association	same_direction_nonsignificant	FALSE
ENSG00000185920.16	PTCH1	strong_patient_level_candidate	mutation	MOFA_factor	Factor6	94	7	87	rank-biserial correlation: event minus reference	-0.100164203612479	0.665699709126106	TRUE	FALSE	1	TCGA_ESCC_DR45_driver_state_shared_patients	FALSE	TRUE	0.830529518444143	FALSE	TRUE	predictor_feature_in_mofa_input	500	500	-0.440147783251232	0.279228243021346	0.718	no_clear_internal_association	same_direction_nonsignificant	FALSE
ENSG00000148400.12	NOTCH1	strong_patient_level_candidate	mutation	MOFA_factor	Factor6	94	13	81	rank-biserial correlation: event minus reference	0.0750237416904083	0.669270914069184	TRUE	FALSE	1	TCGA_ESCC_DR45_driver_state_shared_patients	FALSE	TRUE	0.830529518444143	FALSE	TRUE	predictor_feature_in_mofa_input	500	500	-0.293542260208927	0.396106362773029	0.698	no_clear_internal_association	same_direction_nonsignificant	FALSE
ENSG00000141579.7	ZNF750	strong_patient_level_candidate	mutation	MOFA_factor	Factor7	94	11	83	rank-biserial correlation: event minus reference	0.0777656078860898	0.680572799836173	TRUE	FALSE	1	TCGA_ESCC_DR45_driver_state_shared_patients	FALSE	TRUE	0.830529518444143	FALSE	TRUE	predictor_feature_in_mofa_input	500	500	-0.228094194961665	0.366922234392114	0.72	no_clear_internal_association	same_direction_nonsignificant	FALSE
ENSG00000148400.12	NOTCH1	strong_patient_level_candidate	mutation	MOFA_factor	Factor1	94	13	81	rank-biserial correlation: event minus reference	0.0655270655270654	0.70960534408092	TRUE	FALSE	1	TCGA_ESCC_DR45_driver_state_shared_patients	FALSE	TRUE	0.835762472619031	FALSE	TRUE	predictor_feature_in_mofa_input	500	500	-0.226163342830009	0.32962962962963	0.676	no_clear_internal_association	same_direction_nonsignificant	FALSE
ENSG00000121879.6	PIK3CA	strong_patient_level_candidate	mutation	MOFA_factor	Factor1	94	11	83	rank-biserial correlation: event minus reference	-0.0690032858707558	0.71538590773749	TRUE	TRUE	2	TCGA_ESCC_DR45_driver_state_shared_patients	FALSE	TRUE	0.835762472619031	FALSE	TRUE	predictor_feature_in_mofa_input	500	500	-0.477710843373494	0.384446878422782	0.61	no_clear_internal_association	same_direction_nonsignificant	FALSE
ENSG00000121879.6	PIK3CA	strong_patient_level_candidate	mutation	MOFA_factor	Factor2	94	11	83	rank-biserial correlation: event minus reference	0.0624315443592551	0.741894711838999	TRUE	TRUE	2	TCGA_ESCC_DR45_driver_state_shared_patients	FALSE	TRUE	0.835762472619031	FALSE	TRUE	predictor_feature_in_mofa_input	500	500	-0.297973713033954	0.403121577217963	0.628	no_clear_internal_association	same_direction_nonsignificant	FALSE
ENSG00000121879.6	PIK3CA	strong_patient_level_candidate	mutation	MOFA_factor	Factor4	94	11	83	rank-biserial correlation: event minus reference	0.0624315443592551	0.741894711838999	TRUE	TRUE	2	TCGA_ESCC_DR45_driver_state_shared_patients	FALSE	TRUE	0.835762472619031	TRUE	TRUE	predictor_feature_in_mofa_input	500	500	-0.336473165388828	0.445892661555312	0.65	no_clear_internal_association	same_direction_nonsignificant	FALSE
ENSG00000185920.16	PTCH1	strong_patient_level_candidate	mutation	MOFA_factor	Factor8	94	7	87	rank-biserial correlation: event minus reference	-0.0738916256157636	0.751363433132844	TRUE	FALSE	1	TCGA_ESCC_DR45_driver_state_shared_patients	FALSE	TRUE	0.835762472619031	FALSE	TRUE	predictor_feature_in_mofa_input	500	500	-0.683825944170772	0.517405582922824	0.656	no_clear_internal_association	same_direction_nonsignificant	FALSE
ENSG00000074181.9	NOTCH3	strong_patient_level_candidate	mutation	MOFA_factor	Factor6	94	10	84	rank-biserial correlation: event minus reference	0.0619047619047619	0.754507787781069	TRUE	FALSE	1	TCGA_ESCC_DR45_driver_state_shared_patients	FALSE	TRUE	0.835762472619031	FALSE	TRUE	predictor_feature_in_mofa_input	500	500	-0.333809523809524	0.394345238095238	0.614	no_clear_internal_association	same_direction_nonsignificant	FALSE
ENSG00000074181.9	NOTCH3	strong_patient_level_candidate	mutation	MOFA_factor	Factor7	94	10	84	rank-biserial correlation: event minus reference	0.0571428571428572	0.773212409814968	TRUE	FALSE	1	TCGA_ESCC_DR45_driver_state_shared_patients	FALSE	TRUE	0.843504447070874	FALSE	TRUE	predictor_feature_in_mofa_input	500	500	-0.35375	0.470773809523809	0.594	no_clear_internal_association	same_direction_nonsignificant	FALSE
ENSG00000109670.16	FBXW7	strong_patient_level_candidate	relative_cnv	MOFA_factor	Factor4	94			Spearman rho	0.0836813426753978	0.42262636731907	TRUE	FALSE	1	TCGA_ESCC_DR45_driver_state_shared_patients	FALSE	TRUE	0.84525273463814	TRUE	FALSE	predictor_layer_in_mofa_input	500	500	-0.116252586081753	0.262727785375369	0.8	no_clear_internal_association	same_direction_nonsignificant	FALSE
ENSG00000116044.16	NFE2L2	strong_patient_level_candidate	mutation	MOFA_factor	Factor5	94	16	78	rank-biserial correlation: event minus reference	0.0432692307692308	0.789773725457485	TRUE	FALSE	1	TCGA_ESCC_DR45_driver_state_shared_patients	FALSE	TRUE	0.848712063178192	FALSE	TRUE	predictor_feature_in_mofa_input	500	500	-0.209935897435897	0.339383012820512	0.64	no_clear_internal_association	same_direction_nonsignificant	FALSE
ENSG00000167548.16	KMT2D	strong_patient_level_candidate	relative_cnv	MOFA_factor	Factor1	94			Spearman rho	-0.0804450178767528	0.440850315169396	TRUE	FALSE	1	TCGA_ESCC_DR45_driver_state_shared_patients	FALSE	TRUE	0.85535254461423	FALSE	FALSE	predictor_layer_in_mofa_input	500	500	-0.278660648235995	0.116099897496177	0.78	no_clear_internal_association	same_direction_nonsignificant	FALSE
ENSG00000087460.27	GNAS	strong_patient_level_candidate	relative_cnv	MOFA_factor	Factor8	94			Spearman rho	0.0791012893147852	0.448545130635617	TRUE	FALSE	1	TCGA_ESCC_DR45_driver_state_shared_patients	FALSE	TRUE	0.85535254461423	FALSE	FALSE	predictor_layer_in_mofa_input	500	500	-0.0959478500478037	0.276036482438933	0.806	no_clear_internal_association	same_direction_nonsignificant	FALSE
ENSG00000141579.7	ZNF750	strong_patient_level_candidate	relative_cnv	MOFA_factor	Factor5	94			Spearman rho	0.0780864323923628	0.45440603932631	TRUE	FALSE	1	TCGA_ESCC_DR45_driver_state_shared_patients	FALSE	TRUE	0.85535254461423	FALSE	FALSE	predictor_layer_in_mofa_input	500	500	-0.10962889373836	0.268375515553547	0.786	no_clear_internal_association	same_direction_nonsignificant	FALSE
ENSG00000116044.16	NFE2L2	strong_patient_level_candidate	amplification	MOFA_factor	Factor3	94	9	85	rank-biserial correlation: event minus reference	0.108496732026144	0.598301991354103	TRUE	FALSE	1	TCGA_ESCC_DR45_driver_state_shared_patients	FALSE	TRUE	0.870257441969605	FALSE	FALSE	predictor_layer_in_mofa_input	500	500	-0.247058823529412	0.469411764705882	0.768	no_clear_internal_association	same_direction_nonsignificant	FALSE
ENSG00000074181.9	NOTCH3	strong_patient_level_candidate	mutation	MOFA_factor	Factor4	94	10	84	rank-biserial correlation: event minus reference	0.0357142857142858	0.858871872850605	TRUE	FALSE	1	TCGA_ESCC_DR45_driver_state_shared_patients	FALSE	TRUE	0.90939374772417	TRUE	TRUE	predictor_feature_in_mofa_input	500	500	-0.336964285714286	0.408392857142857	0.582	no_clear_internal_association	same_direction_nonsignificant	FALSE
ENSG00000087460.27	GNAS	strong_patient_level_candidate	amplification	MOFA_factor	Factor3	94	6	88	rank-biserial correlation: event minus reference	0.109848484848485	0.659346672539809	TRUE	FALSE	1	TCGA_ESCC_DR45_driver_state_shared_patients	FALSE	TRUE	0.9173518922293	FALSE	FALSE	predictor_layer_in_mofa_input	500	500	-0.386363636363636	0.50435606060606	0.678	no_clear_internal_association	same_direction_nonsignificant	FALSE
ENSG00000087460.27	GNAS	strong_patient_level_candidate	amplification	MOFA_factor	Factor8	94	6	88	rank-biserial correlation: event minus reference	-0.0909090909090909	0.716246849296886	TRUE	FALSE	1	TCGA_ESCC_DR45_driver_state_shared_patients	FALSE	TRUE	0.954995799062515	FALSE	FALSE	predictor_layer_in_mofa_input	500	500	-0.560606060606061	0.413068181818182	0.634	no_clear_internal_association	same_direction_nonsignificant	FALSE
ENSG00000074181.9	NOTCH3	strong_patient_level_candidate	mutation	MOFA_factor	Factor1	94	10	84	rank-biserial correlation: event minus reference	-0.0190476190476191	0.926721159278614	TRUE	FALSE	1	TCGA_ESCC_DR45_driver_state_shared_patients	FALSE	TRUE	0.958476610223792	FALSE	TRUE	predictor_feature_in_mofa_input	500	500	-0.370535714285714	0.367916666666667	0.54	no_clear_internal_association	same_direction_nonsignificant	FALSE
ENSG00000116044.16	NFE2L2	strong_patient_level_candidate	mutation	MOFA_factor	Factor6	94	16	78	rank-biserial correlation: event minus reference	-0.0144230769230769	0.931852259939798	TRUE	FALSE	1	TCGA_ESCC_DR45_driver_state_shared_patients	FALSE	TRUE	0.958476610223792	FALSE	TRUE	predictor_feature_in_mofa_input	500	500	-0.302283653846154	0.259094551282051	0.556	no_clear_internal_association	same_direction_nonsignificant	FALSE
ENSG00000121879.6	PIK3CA	strong_patient_level_candidate	amplification	MOFA_factor	Factor3	94	49	45	rank-biserial correlation: event minus reference	-0.0267573696145125	0.826265305056157	TRUE	TRUE	2	TCGA_ESCC_DR45_driver_state_shared_patients	FALSE	TRUE	0.978122614942957	FALSE	FALSE	predictor_layer_in_mofa_input	500	500	-0.27031746031746	0.222766439909297	0.606	no_clear_internal_association	same_direction_nonsignificant	FALSE
ENSG00000121879.6	PIK3CA	strong_patient_level_candidate	amplification	MOFA_factor	Factor5	94	49	45	rank-biserial correlation: event minus reference	0.0240362811791384	0.843993704686226	TRUE	TRUE	2	TCGA_ESCC_DR45_driver_state_shared_patients	FALSE	TRUE	0.978122614942957	FALSE	FALSE	predictor_layer_in_mofa_input	500	500	-0.20687074829932	0.247687074829932	0.602	no_clear_internal_association	same_direction_nonsignificant	FALSE
ENSG00000121879.6	PIK3CA	strong_patient_level_candidate	amplification	MOFA_factor	Factor6	94	49	45	rank-biserial correlation: event minus reference	0.0222222222222221	0.855857288075087	TRUE	TRUE	2	TCGA_ESCC_DR45_driver_state_shared_patients	FALSE	TRUE	0.978122614942957	FALSE	FALSE	predictor_layer_in_mofa_input	500	500	-0.232222222222222	0.258185941043084	0.566	no_clear_internal_association	same_direction_nonsignificant	FALSE
ENSG00000121879.6	PIK3CA	strong_patient_level_candidate	amplification	MOFA_factor	Factor2	94	49	45	rank-biserial correlation: event minus reference	-0.0222222222222223	0.855857288075087	TRUE	TRUE	2	TCGA_ESCC_DR45_driver_state_shared_patients	FALSE	TRUE	0.978122614942957	FALSE	FALSE	predictor_layer_in_mofa_input	500	500	-0.260816326530612	0.18108843537415	0.596	no_clear_internal_association	same_direction_nonsignificant	FALSE
ENSG00000167548.16	KMT2D	strong_patient_level_candidate	relative_cnv	MOFA_factor	Factor5	94			Spearman rho	-0.065481755099156	0.530627657647863	TRUE	FALSE	1	TCGA_ESCC_DR45_driver_state_shared_patients	FALSE	TRUE	0.979620291042209	FALSE	FALSE	predictor_layer_in_mofa_input	500	500	-0.274845693986645	0.128486618433392	0.748	no_clear_internal_association	same_direction_nonsignificant	FALSE
ENSG00000148400.12	NOTCH1	strong_patient_level_candidate	relative_cnv	MOFA_factor	Factor8	94			Spearman rho	0.0616378742676988	0.555078651430053	TRUE	FALSE	1	TCGA_ESCC_DR45_driver_state_shared_patients	FALSE	TRUE	0.980624645788488	FALSE	FALSE	predictor_layer_in_mofa_input	500	500	-0.151348482473125	0.255873501859223	0.702	no_clear_internal_association	same_direction_nonsignificant	FALSE
ENSG00000100393.14	EP300	strong_patient_level_candidate	relative_cnv	MOFA_factor	Factor2	94			Spearman rho	0.0610543124545138	0.558837489697789	TRUE	FALSE	1	TCGA_ESCC_DR45_driver_state_shared_patients	FALSE	TRUE	0.980624645788488	FALSE	FALSE	predictor_layer_in_mofa_input	500	500	-0.124984460077507	0.281000668651015	0.722	no_clear_internal_association	same_direction_nonsignificant	FALSE
ENSG00000141510.18	TP53	strong_patient_level_candidate	relative_cnv	MOFA_factor	Factor7	94			Spearman rho	0.0598790008332038	0.566444605820716	TRUE	FALSE	1	TCGA_ESCC_DR45_driver_state_shared_patients	FALSE	TRUE	0.980624645788488	FALSE	FALSE	predictor_layer_in_mofa_input	500	500	-0.136499615785821	0.244391783195474	0.734	no_clear_internal_association	same_direction_nonsignificant	FALSE
ENSG00000141510.18	TP53	strong_patient_level_candidate	relative_cnv	MOFA_factor	Factor2	94			Spearman rho	0.0556176538726476	0.594427762542964	TRUE	FALSE	1	TCGA_ESCC_DR45_driver_state_shared_patients	FALSE	TRUE	0.980624645788488	FALSE	FALSE	predictor_layer_in_mofa_input	500	500	-0.142715837953743	0.236014149630772	0.718	no_clear_internal_association	same_direction_nonsignificant	FALSE
ENSG00000116044.16	NFE2L2	strong_patient_level_candidate	relative_cnv	MOFA_factor	Factor5	94			Spearman rho	-0.0553882613020035	0.595951589652865	TRUE	FALSE	1	TCGA_ESCC_DR45_driver_state_shared_patients	FALSE	TRUE	0.980624645788488	FALSE	FALSE	predictor_layer_in_mofa_input	500	500	-0.263172250418179	0.153760438302585	0.728	no_clear_internal_association	same_direction_nonsignificant	FALSE
ENSG00000185920.16	PTCH1	strong_patient_level_candidate	relative_cnv	MOFA_factor	Factor5	94			Spearman rho	-0.054045839298613	0.604904028291814	TRUE	FALSE	1	TCGA_ESCC_DR45_driver_state_shared_patients	FALSE	TRUE	0.980624645788488	FALSE	FALSE	predictor_layer_in_mofa_input	500	500	-0.242458439864337	0.128017942446894	0.716	no_clear_internal_association	same_direction_nonsignificant	FALSE
ENSG00000167548.16	KMT2D	strong_patient_level_candidate	relative_cnv	MOFA_factor	Factor6	94			Spearman rho	0.0520043303310169	0.618630965872847	TRUE	FALSE	1	TCGA_ESCC_DR45_driver_state_shared_patients	FALSE	TRUE	0.980624645788488	FALSE	FALSE	predictor_layer_in_mofa_input	500	500	-0.147318014525922	0.266716485012705	0.702	no_clear_internal_association	same_direction_nonsignificant	FALSE
ENSG00000109670.16	FBXW7	strong_patient_level_candidate	relative_cnv	MOFA_factor	Factor3	94			Spearman rho	-0.0506502351527761	0.627808928902832	TRUE	FALSE	1	TCGA_ESCC_DR45_driver_state_shared_patients	FALSE	TRUE	0.980624645788488	FALSE	FALSE	predictor_layer_in_mofa_input	500	500	-0.245300894770488	0.167801905628733	0.672	no_clear_internal_association	same_direction_nonsignificant	FALSE
ENSG00000141579.7	ZNF750	strong_patient_level_candidate	relative_cnv	MOFA_factor	Factor1	94			Spearman rho	0.0495340299598192	0.635417381266836	TRUE	FALSE	1	TCGA_ESCC_DR45_driver_state_shared_patients	FALSE	TRUE	0.980624645788488	FALSE	FALSE	predictor_layer_in_mofa_input	500	500	-0.143058167524777	0.249160542873626	0.704	no_clear_internal_association	same_direction_nonsignificant	FALSE
ENSG00000127616.19	SMARCA4	strong_patient_level_candidate	relative_cnv	MOFA_factor	Factor2	94			Spearman rho	-0.0485401964391591	0.642223745292523	TRUE	FALSE	1	TCGA_ESCC_DR45_driver_state_shared_patients	FALSE	TRUE	0.980624645788488	FALSE	FALSE	predictor_layer_in_mofa_input	500	500	-0.228405586435523	0.132397859748767	0.654	no_clear_internal_association	same_direction_nonsignificant	FALSE
ENSG00000116044.16	NFE2L2	strong_patient_level_candidate	relative_cnv	MOFA_factor	Factor6	94			Spearman rho	0.0480896388335962	0.645319240666077	TRUE	FALSE	1	TCGA_ESCC_DR45_driver_state_shared_patients	FALSE	TRUE	0.980624645788488	FALSE	FALSE	predictor_layer_in_mofa_input	500	500	-0.170788451890501	0.237539524564311	0.676	no_clear_internal_association	same_direction_nonsignificant	FALSE
ENSG00000127616.19	SMARCA4	strong_patient_level_candidate	relative_cnv	MOFA_factor	Factor8	94			Spearman rho	-0.0468669764337213	0.653749763858992	TRUE	FALSE	1	TCGA_ESCC_DR45_driver_state_shared_patients	FALSE	TRUE	0.980624645788488	FALSE	FALSE	predictor_layer_in_mofa_input	500	500	-0.254195736707203	0.176875407924941	0.67	no_clear_internal_association	same_direction_nonsignificant	FALSE
ENSG00000116044.16	NFE2L2	strong_patient_level_candidate	amplification	MOFA_factor	Factor4	94	9	85	rank-biserial correlation: event minus reference	-0.0248366013071896	0.907930994985789	TRUE	FALSE	1	TCGA_ESCC_DR45_driver_state_shared_patients	FALSE	TRUE	0.981490093745482	TRUE	FALSE	predictor_layer_in_mofa_input	500	500	-0.438169934640523	0.372941176470588	0.53	no_clear_internal_association	same_direction_nonsignificant	FALSE
ENSG00000116044.16	NFE2L2	strong_patient_level_candidate	amplification	MOFA_factor	Factor7	94	9	85	rank-biserial correlation: event minus reference	0.0196078431372548	0.928327774933336	TRUE	FALSE	1	TCGA_ESCC_DR45_driver_state_shared_patients	FALSE	TRUE	0.981490093745482	FALSE	FALSE	predictor_layer_in_mofa_input	500	500	-0.390980392156863	0.42359477124183	0.518	no_clear_internal_association	same_direction_nonsignificant	FALSE
ENSG00000087460.27	GNAS	strong_patient_level_candidate	amplification	MOFA_factor	Factor1	94	6	88	rank-biserial correlation: event minus reference	0.0151515151515151	0.956827432132151	TRUE	FALSE	1	TCGA_ESCC_DR45_driver_state_shared_patients	FALSE	TRUE	0.981490093745482	FALSE	FALSE	predictor_layer_in_mofa_input	500	500	-0.369602272727273	0.433996212121212	0.486	no_clear_internal_association	same_direction_nonsignificant	FALSE
ENSG00000087460.27	GNAS	strong_patient_level_candidate	amplification	MOFA_factor	Factor2	94	6	88	rank-biserial correlation: event minus reference	-0.00757575757575757	0.981490093745482	TRUE	FALSE	1	TCGA_ESCC_DR45_driver_state_shared_patients	FALSE	TRUE	0.981490093745482	FALSE	FALSE	predictor_layer_in_mofa_input	500	500	-0.33532196969697	0.363825757575757	0.488	no_clear_internal_association	same_direction_nonsignificant	FALSE
ENSG00000167548.16	KMT2D	strong_patient_level_candidate	relative_cnv	MOFA_factor	Factor8	94			Spearman rho	-0.0442604922346671	0.671866704927735	TRUE	FALSE	1	TCGA_ESCC_DR45_driver_state_shared_patients	FALSE	TRUE	0.987903073982721	FALSE	FALSE	predictor_layer_in_mofa_input	500	500	-0.276700327107002	0.21279682566733	0.642	no_clear_internal_association	same_direction_nonsignificant	FALSE
ENSG00000121879.6	PIK3CA	strong_patient_level_candidate	relative_cnv	MOFA_factor	Factor2	94			Spearman rho	-0.0421961274362045	0.686350424463539	TRUE	TRUE	2	TCGA_ESCC_DR45_driver_state_shared_patients	FALSE	TRUE	0.987903073982721	FALSE	FALSE	predictor_layer_in_mofa_input	500	500	-0.248316677702735	0.158765109282303	0.666	no_clear_internal_association	same_direction_nonsignificant	FALSE
ENSG00000127616.19	SMARCA4	strong_patient_level_candidate	relative_cnv	MOFA_factor	Factor3	94			Spearman rho	-0.0373657774078682	0.720678348253588	TRUE	FALSE	1	TCGA_ESCC_DR45_driver_state_shared_patients	FALSE	TRUE	0.987903073982721	FALSE	FALSE	predictor_layer_in_mofa_input	500	500	-0.244957873281056	0.183728978511739	0.608	no_clear_internal_association	same_direction_nonsignificant	FALSE
ENSG00000109670.16	FBXW7	strong_patient_level_candidate	relative_cnv	MOFA_factor	Factor5	94			Spearman rho	-0.037194244807155	0.721908108337993	TRUE	FALSE	1	TCGA_ESCC_DR45_driver_state_shared_patients	FALSE	TRUE	0.987903073982721	FALSE	FALSE	predictor_layer_in_mofa_input	500	500	-0.237934659443286	0.138008096859767	0.654	no_clear_internal_association	same_direction_nonsignificant	FALSE
ENSG00000167548.16	KMT2D	strong_patient_level_candidate	relative_cnv	MOFA_factor	Factor4	94			Spearman rho	-0.0349783747873495	0.737856790799668	TRUE	FALSE	1	TCGA_ESCC_DR45_driver_state_shared_patients	FALSE	TRUE	0.987903073982721	TRUE	FALSE	predictor_layer_in_mofa_input	500	500	-0.226999502280989	0.183546712052396	0.598	no_clear_internal_association	same_direction_nonsignificant	FALSE
ENSG00000087460.27	GNAS	strong_patient_level_candidate	relative_cnv	MOFA_factor	Factor6	94			Spearman rho	0.0341489700215028	0.743855504300219	TRUE	FALSE	1	TCGA_ESCC_DR45_driver_state_shared_patients	FALSE	TRUE	0.987903073982721	FALSE	FALSE	predictor_layer_in_mofa_input	500	500	-0.177589714416868	0.232568501413633	0.592	no_clear_internal_association	same_direction_nonsignificant	FALSE
ENSG00000100393.14	EP300	strong_patient_level_candidate	relative_cnv	MOFA_factor	Factor5	94			Spearman rho	0.0298281873338269	0.775346060929898	TRUE	FALSE	1	TCGA_ESCC_DR45_driver_state_shared_patients	FALSE	TRUE	0.987903073982721	FALSE	FALSE	predictor_layer_in_mofa_input	500	500	-0.202811987451331	0.225407253228961	0.578	no_clear_internal_association	same_direction_nonsignificant	FALSE
ENSG00000116044.16	NFE2L2	strong_patient_level_candidate	relative_cnv	MOFA_factor	Factor3	94			Spearman rho	0.028967873116045	0.781661628581439	TRUE	FALSE	1	TCGA_ESCC_DR45_driver_state_shared_patients	FALSE	TRUE	0.987903073982721	FALSE	FALSE	predictor_layer_in_mofa_input	500	500	-0.181622759913908	0.214211830343493	0.624	no_clear_internal_association	same_direction_nonsignificant	FALSE
ENSG00000185920.16	PTCH1	strong_patient_level_candidate	relative_cnv	MOFA_factor	Factor8	94			Spearman rho	0.0278517498350167	0.789876184003196	TRUE	FALSE	1	TCGA_ESCC_DR45_driver_state_shared_patients	FALSE	TRUE	0.987903073982721	FALSE	FALSE	predictor_layer_in_mofa_input	500	500	-0.173752294323757	0.227285345044042	0.662	no_clear_internal_association	same_direction_nonsignificant	FALSE
ENSG00000109670.16	FBXW7	strong_patient_level_candidate	relative_cnv	MOFA_factor	Factor2	94			Spearman rho	-0.0263944426010259	0.800636355881319	TRUE	FALSE	1	TCGA_ESCC_DR45_driver_state_shared_patients	FALSE	TRUE	0.987903073982721	FALSE	FALSE	predictor_layer_in_mofa_input	500	500	-0.215613090827054	0.204257083855543	0.592	no_clear_internal_association	same_direction_nonsignificant	FALSE
ENSG00000116044.16	NFE2L2	strong_patient_level_candidate	relative_cnv	MOFA_factor	Factor8	94			Spearman rho	0.0235212565630686	0.821958344672949	TRUE	FALSE	1	TCGA_ESCC_DR45_driver_state_shared_patients	FALSE	TRUE	0.987903073982721	FALSE	FALSE	predictor_layer_in_mofa_input	500	500	-0.186201815869545	0.266289718609211	0.582	no_clear_internal_association	same_direction_nonsignificant	FALSE
ENSG00000074181.9	NOTCH3	strong_patient_level_candidate	relative_cnv	MOFA_factor	Factor2	94			Spearman rho	0.0221503331762676	0.832178798184421	TRUE	FALSE	1	TCGA_ESCC_DR45_driver_state_shared_patients	FALSE	TRUE	0.987903073982721	FALSE	FALSE	predictor_layer_in_mofa_input	500	500	-0.193317917306265	0.210523858336357	0.596	no_clear_internal_association	same_direction_nonsignificant	FALSE
ENSG00000121879.6	PIK3CA	strong_patient_level_candidate	relative_cnv	MOFA_factor	Factor6	94			Spearman rho	-0.0218856570136172	0.834155275613121	TRUE	TRUE	2	TCGA_ESCC_DR45_driver_state_shared_patients	FALSE	TRUE	0.987903073982721	FALSE	FALSE	predictor_layer_in_mofa_input	500	500	-0.23670140254575	0.173738815608475	0.578	no_clear_internal_association	same_direction_nonsignificant	FALSE
ENSG00000127616.19	SMARCA4	strong_patient_level_candidate	relative_cnv	MOFA_factor	Factor6	94			Spearman rho	0.021482799567305	0.837165601281364	TRUE	FALSE	1	TCGA_ESCC_DR45_driver_state_shared_patients	FALSE	TRUE	0.987903073982721	FALSE	FALSE	predictor_layer_in_mofa_input	500	500	-0.191066862595552	0.257683468166954	0.586	no_clear_internal_association	same_direction_nonsignificant	FALSE
ENSG00000141579.7	ZNF750	strong_patient_level_candidate	relative_cnv	MOFA_factor	Factor6	94			Spearman rho	-0.0206371285608387	0.843492405350962	TRUE	FALSE	1	TCGA_ESCC_DR45_driver_state_shared_patients	FALSE	TRUE	0.987903073982721	FALSE	FALSE	predictor_layer_in_mofa_input	500	500	-0.213823215156972	0.150454351336207	0.546	no_clear_internal_association	same_direction_nonsignificant	FALSE
ENSG00000141579.7	ZNF750	strong_patient_level_candidate	relative_cnv	MOFA_factor	Factor8	94			Spearman rho	-0.0204156649395579	0.84515092346484	TRUE	FALSE	1	TCGA_ESCC_DR45_driver_state_shared_patients	FALSE	TRUE	0.987903073982721	FALSE	FALSE	predictor_layer_in_mofa_input	500	500	-0.230778533934282	0.186364646228259	0.56	no_clear_internal_association	same_direction_nonsignificant	FALSE
ENSG00000141510.18	TP53	strong_patient_level_candidate	relative_cnv	MOFA_factor	Factor8	94			Spearman rho	0.0204025744698219	0.845248977843545	TRUE	FALSE	1	TCGA_ESCC_DR45_driver_state_shared_patients	FALSE	TRUE	0.987903073982721	FALSE	FALSE	predictor_layer_in_mofa_input	500	500	-0.188988947031171	0.232131975982646	0.562	no_clear_internal_association	same_direction_nonsignificant	FALSE
ENSG00000141510.18	TP53	strong_patient_level_candidate	relative_cnv	MOFA_factor	Factor1	94			Spearman rho	-0.0158817728050252	0.879243072527677	TRUE	FALSE	1	TCGA_ESCC_DR45_driver_state_shared_patients	FALSE	TRUE	0.987903073982721	FALSE	FALSE	predictor_layer_in_mofa_input	500	500	-0.198136452677941	0.184398753156568	0.542	no_clear_internal_association	same_direction_nonsignificant	FALSE
ENSG00000100393.14	EP300	strong_patient_level_candidate	relative_cnv	MOFA_factor	Factor8	94			Spearman rho	0.0142523479689916	0.891552753652169	TRUE	FALSE	1	TCGA_ESCC_DR45_driver_state_shared_patients	FALSE	TRUE	0.987903073982721	FALSE	FALSE	predictor_layer_in_mofa_input	500	500	-0.165752211878912	0.182115519738298	0.55	no_clear_internal_association	same_direction_nonsignificant	FALSE
ENSG00000167548.16	KMT2D	strong_patient_level_candidate	relative_cnv	MOFA_factor	Factor7	94			Spearman rho	0.0113448102133882	0.913580198581106	TRUE	FALSE	1	TCGA_ESCC_DR45_driver_state_shared_patients	FALSE	TRUE	0.987903073982721	FALSE	FALSE	predictor_layer_in_mofa_input	500	500	-0.1783886567967	0.213841347206231	0.51	no_clear_internal_association	same_direction_nonsignificant	FALSE
ENSG00000116044.16	NFE2L2	strong_patient_level_candidate	relative_cnv	MOFA_factor	Factor7	94			Spearman rho	-0.0100414666722735	0.923476553210273	TRUE	FALSE	1	TCGA_ESCC_DR45_driver_state_shared_patients	FALSE	TRUE	0.987903073982721	FALSE	FALSE	predictor_layer_in_mofa_input	500	500	-0.19861601627692	0.174905124703167	0.6	no_clear_internal_association	same_direction_nonsignificant	FALSE
ENSG00000074181.9	NOTCH3	strong_patient_level_candidate	relative_cnv	MOFA_factor	Factor5	94			Spearman rho	-0.00913424261770503	0.930372127523442	TRUE	FALSE	1	TCGA_ESCC_DR45_driver_state_shared_patients	FALSE	TRUE	0.987903073982721	FALSE	FALSE	predictor_layer_in_mofa_input	500	500	-0.220956920755913	0.169950693924412	0.562	no_clear_internal_association	same_direction_nonsignificant	FALSE
ENSG00000127616.19	SMARCA4	strong_patient_level_candidate	relative_cnv	MOFA_factor	Factor5	94			Spearman rho	0.00904715942638753	0.931034302914451	TRUE	FALSE	1	TCGA_ESCC_DR45_driver_state_shared_patients	FALSE	TRUE	0.987903073982721	FALSE	FALSE	predictor_layer_in_mofa_input	500	500	-0.187599562490893	0.232772530625982	0.55	no_clear_internal_association	same_direction_nonsignificant	FALSE
ENSG00000141579.7	ZNF750	strong_patient_level_candidate	relative_cnv	MOFA_factor	Factor3	94			Spearman rho	-0.00879292600048455	0.932967745734351	TRUE	FALSE	1	TCGA_ESCC_DR45_driver_state_shared_patients	FALSE	TRUE	0.987903073982721	FALSE	FALSE	predictor_layer_in_mofa_input	500	500	-0.239647419306993	0.203575913153326	0.558	no_clear_internal_association	same_direction_nonsignificant	FALSE
ENSG00000087460.27	GNAS	strong_patient_level_candidate	relative_cnv	MOFA_factor	Factor4	94			Spearman rho	-0.00805726850276932	0.938564566079501	TRUE	FALSE	1	TCGA_ESCC_DR45_driver_state_shared_patients	FALSE	TRUE	0.987903073982721	TRUE	FALSE	predictor_layer_in_mofa_input	500	500	-0.232641406603571	0.20698231168661	0.492	no_clear_internal_association	same_direction_nonsignificant	FALSE
ENSG00000127616.19	SMARCA4	strong_patient_level_candidate	relative_cnv	MOFA_factor	Factor1	94			Spearman rho	0.00617998343716992	0.952859691998503	TRUE	FALSE	1	TCGA_ESCC_DR45_driver_state_shared_patients	FALSE	TRUE	0.987903073982721	FALSE	FALSE	predictor_layer_in_mofa_input	500	500	-0.192988217906018	0.185298810995979	0.52	no_clear_internal_association	same_direction_nonsignificant	FALSE
ENSG00000109670.16	FBXW7	strong_patient_level_candidate	relative_cnv	MOFA_factor	Factor6	94			Spearman rho	-0.00598974230882566	0.954309246642272	TRUE	FALSE	1	TCGA_ESCC_DR45_driver_state_shared_patients	FALSE	TRUE	0.987903073982721	FALSE	FALSE	predictor_layer_in_mofa_input	500	500	-0.206268192298263	0.204392287852443	0.532	no_clear_internal_association	same_direction_nonsignificant	FALSE
ENSG00000127616.19	SMARCA4	strong_patient_level_candidate	relative_cnv	MOFA_factor	Factor7	94			Spearman rho	0.00538961820847064	0.958882883298825	TRUE	FALSE	1	TCGA_ESCC_DR45_driver_state_shared_patients	FALSE	TRUE	0.987903073982721	FALSE	FALSE	predictor_layer_in_mofa_input	500	500	-0.221099632692283	0.220897414721205	0.54	no_clear_internal_association	same_direction_nonsignificant	FALSE
ENSG00000127616.19	SMARCA4	strong_patient_level_candidate	relative_cnv	MOFA_factor	Factor4	94			Spearman rho	-0.00470855880927232	0.964074945172751	TRUE	FALSE	1	TCGA_ESCC_DR45_driver_state_shared_patients	FALSE	TRUE	0.987903073982721	TRUE	FALSE	predictor_layer_in_mofa_input	500	500	-0.164296331354282	0.17191976326726	0.49	no_clear_internal_association	same_direction_nonsignificant	FALSE
ENSG00000121879.6	PIK3CA	strong_patient_level_candidate	relative_cnv	MOFA_factor	Factor5	94			Spearman rho	0.00428276538574929	0.967321759941414	TRUE	TRUE	2	TCGA_ESCC_DR45_driver_state_shared_patients	FALSE	TRUE	0.987903073982721	FALSE	FALSE	predictor_layer_in_mofa_input	500	500	-0.202237643676051	0.219733310942824	0.498	no_clear_internal_association	same_direction_nonsignificant	FALSE
ENSG00000074181.9	NOTCH3	strong_patient_level_candidate	mutation	MOFA_factor	Factor8	94	10	84	rank-biserial correlation: event minus reference	-0.00476190476190475	0.985324395198488	TRUE	FALSE	1	TCGA_ESCC_DR45_driver_state_shared_patients	FALSE	TRUE	0.987959726155458	FALSE	TRUE	predictor_feature_in_mofa_input	500	500	-0.41702380952381	0.363273809523809	0.548	no_clear_internal_association	same_direction_nonsignificant	FALSE
ENSG00000116044.16	NFE2L2	strong_patient_level_candidate	mutation	MOFA_factor	Factor2	94	16	78	rank-biserial correlation: event minus reference	0.00320512820512819	0.987959726155458	TRUE	FALSE	1	TCGA_ESCC_DR45_driver_state_shared_patients	FALSE	TRUE	0.987959726155458	FALSE	TRUE	predictor_feature_in_mofa_input	500	500	-0.266105769230769	0.284495192307692	0.52	no_clear_internal_association	same_direction_nonsignificant	FALSE
ENSG00000100393.14	EP300	strong_patient_level_candidate	relative_cnv	MOFA_factor	Factor4	94			Spearman rho	0.00157164603256437	0.988005214111648	TRUE	FALSE	1	TCGA_ESCC_DR45_driver_state_shared_patients	FALSE	TRUE	0.99639677378458	TRUE	FALSE	predictor_layer_in_mofa_input	500	500	-0.205684864001202	0.20558904648789	0.48	no_clear_internal_association	same_direction_nonsignificant	FALSE
ENSG00000087460.27	GNAS	strong_patient_level_candidate	relative_cnv	MOFA_factor	Factor2	94			Spearman rho	0.00047210557633414	0.99639677378458	TRUE	FALSE	1	TCGA_ESCC_DR45_driver_state_shared_patients	FALSE	TRUE	0.99639677378458	FALSE	FALSE	predictor_layer_in_mofa_input	500	500	-0.218433959704234	0.212185157171243	0.478	no_clear_internal_association	same_direction_nonsignificant	FALSE
ENSG00000127616.19	SMARCA4	strong_patient_level_candidate	mutation	MOFA_factor	Factor5	94	7	87	rank-biserial correlation: event minus reference	0.586206896551724	0.0103610623814736	TRUE	FALSE	1	TCGA_ESCC_DR45_driver_state_shared_patients	FALSE	TRUE	0.124332748577683	FALSE	TRUE	predictor_feature_in_mofa_input	500	500	0.221510673234811	0.883497536945813	1	within_tcga_conditional	support	FALSE
ENSG00000141579.7	ZNF750	strong_patient_level_candidate	mutation	MOFA_factor	Factor2	94	11	83	rank-biserial correlation: event minus reference	0.463307776560789	0.0130701533283653	TRUE	FALSE	1	TCGA_ESCC_DR45_driver_state_shared_patients	FALSE	TRUE	0.129852383590817	FALSE	TRUE	predictor_feature_in_mofa_input	500	500	0.146604600219058	0.752573932092004	1	within_tcga_conditional	support	FALSE
ENSG00000141510.18	TP53	strong_patient_level_candidate	mutation	MOFA_factor	Factor5	94	84	10	rank-biserial correlation: event minus reference	-0.476190476190476	0.0144280426212019	TRUE	FALSE	1	TCGA_ESCC_DR45_driver_state_shared_patients	FALSE	TRUE	0.129852383590817	FALSE	TRUE	predictor_feature_in_mofa_input	500	500	-0.783571428571429	-0.171428571428571	1	within_tcga_conditional	support	FALSE
ENSG00000167548.16	KMT2D	strong_patient_level_candidate	relative_cnv	MOFA_factor	Factor2	94			Spearman rho	0.275430665835518	0.00721294093890031	TRUE	FALSE	1	TCGA_ESCC_DR45_driver_state_shared_patients	FALSE	TRUE	0.138488466026886	FALSE	FALSE	predictor_layer_in_mofa_input	500	500	0.107988698570191	0.439386143002934	0.996	within_tcga_conditional	support	FALSE
ENSG00000185920.16	PTCH1	strong_patient_level_candidate	relative_cnv	MOFA_factor	Factor2	94			Spearman rho	-0.261558945241627	0.0108817600723787	TRUE	FALSE	1	TCGA_ESCC_DR45_driver_state_shared_patients	FALSE	TRUE	0.16303172875576	FALSE	FALSE	predictor_layer_in_mofa_input	500	500	-0.428344661462597	-0.0863161975990669	1	within_tcga_conditional	support	FALSE
ENSG00000074181.9	NOTCH3	strong_patient_level_candidate	relative_cnv	MOFA_factor	Factor1	94			Spearman rho	0.254109213092543	0.0134574916525378	TRUE	FALSE	1	TCGA_ESCC_DR45_driver_state_shared_patients	FALSE	TRUE	0.16303172875576	FALSE	FALSE	predictor_layer_in_mofa_input	500	500	0.0561209719885997	0.418745871894018	0.998	within_tcga_conditional	support	FALSE
ENSG00000100393.14	EP300	strong_patient_level_candidate	relative_cnv	MOFA_factor	Factor1	94			Spearman rho	0.253771203331802	0.0135859773963133	TRUE	FALSE	1	TCGA_ESCC_DR45_driver_state_shared_patients	FALSE	TRUE	0.16303172875576	FALSE	FALSE	predictor_layer_in_mofa_input	500	500	0.0595595613174008	0.435746377036173	0.994	within_tcga_conditional	support	FALSE
ENSG00000167548.16	KMT2D	strong_patient_level_candidate	mutation	MOFA_factor	Factor5	94	16	78	rank-biserial correlation: event minus reference	0.362179487179487	0.0232894358256757	TRUE	FALSE	1	TCGA_ESCC_DR45_driver_state_shared_patients	FALSE	TRUE	0.167683937944865	FALSE	TRUE	predictor_feature_in_mofa_input	500	500	0.11698717948718	0.597075320512821	1	within_tcga_conditional	support	FALSE
ENSG00000185920.16	PTCH1	strong_patient_level_candidate	mutation	MOFA_factor	Factor1	94	7	87	rank-biserial correlation: event minus reference	0.500821018062397	0.0285902461314485	TRUE	FALSE	1	TCGA_ESCC_DR45_driver_state_shared_patients	FALSE	TRUE	0.173841101375178	FALSE	TRUE	predictor_feature_in_mofa_input	500	500	0.121100164203612	0.839244663382594	0.99	within_tcga_conditional	support	FALSE
ENSG00000116044.16	NFE2L2	strong_patient_level_candidate	mutation	MOFA_factor	Factor8	94	16	78	rank-biserial correlation: event minus reference	0.346153846153846	0.0301550691802388	TRUE	FALSE	1	TCGA_ESCC_DR45_driver_state_shared_patients	FALSE	TRUE	0.173841101375178	FALSE	TRUE	predictor_feature_in_mofa_input	500	500	0.0341746794871795	0.672315705128205	0.986	within_tcga_conditional	support	FALSE
ENSG00000141510.18	TP53	strong_patient_level_candidate	mutation	MOFA_factor	Factor6	94	84	10	rank-biserial correlation: event minus reference	0.419047619047619	0.031387976637185	TRUE	FALSE	1	TCGA_ESCC_DR45_driver_state_shared_patients	FALSE	TRUE	0.173841101375178	FALSE	TRUE	predictor_feature_in_mofa_input	500	500	-0.00523809523809519	0.770297619047619	0.974	within_tcga_conditional	support	FALSE
ENSG00000121879.6	PIK3CA	strong_patient_level_candidate	mutation	MOFA_factor	Factor8	94	11	83	rank-biserial correlation: event minus reference	-0.391018619934283	0.0362871508841317	TRUE	TRUE	2	TCGA_ESCC_DR45_driver_state_shared_patients	FALSE	TRUE	0.186619633118392	FALSE	TRUE	predictor_feature_in_mofa_input	500	500	-0.738280394304491	0.0133077765607885	0.966	within_tcga_conditional	support	FALSE
ENSG00000109670.16	FBXW7	strong_patient_level_candidate	relative_cnv	MOFA_factor	Factor7	94			Spearman rho	-0.243303789235754	0.0181285799340948	TRUE	FALSE	1	TCGA_ESCC_DR45_driver_state_shared_patients	FALSE	TRUE	0.193371519297011	FALSE	FALSE	predictor_layer_in_mofa_input	500	500	-0.428032403108772	-0.0484426382990103	0.992	within_tcga_conditional	support	FALSE
ENSG00000185920.16	PTCH1	strong_patient_level_candidate	amplification	MOFA_factor	Factor7	94	6	88	rank-biserial correlation: event minus reference	0.59469696969697	0.0154941633363392	TRUE	FALSE	1	TCGA_ESCC_DR45_driver_state_shared_patients	FALSE	TRUE	0.247906613381428	FALSE	FALSE	predictor_layer_in_mofa_input	500	500	0.395738636363636	0.763352272727273	1	within_tcga_conditional	support	FALSE
ENSG00000185920.16	PTCH1	strong_patient_level_candidate	amplification	MOFA_factor	Factor6	94	6	88	rank-biserial correlation: event minus reference	0.53030303030303	0.0309530946513674	TRUE	FALSE	1	TCGA_ESCC_DR45_driver_state_shared_patients	FALSE	TRUE	0.254622778770024	FALSE	FALSE	predictor_layer_in_mofa_input	500	500	0.149526515151515	0.810606060606061	0.992	within_tcga_conditional	support	FALSE
ENSG00000185920.16	PTCH1	strong_patient_level_candidate	amplification	MOFA_factor	Factor8	94	6	88	rank-biserial correlation: event minus reference	0.507575757575758	0.0389351177220323	TRUE	FALSE	1	TCGA_ESCC_DR45_driver_state_shared_patients	FALSE	TRUE	0.254622778770024	FALSE	FALSE	predictor_layer_in_mofa_input	500	500	0.0757575757575757	0.829734848484848	0.99	within_tcga_conditional	support	FALSE
ENSG00000116044.16	NFE2L2	strong_patient_level_candidate	amplification	MOFA_factor	Factor2	94	9	85	rank-biserial correlation: event minus reference	-0.419607843137255	0.0397848091828163	TRUE	FALSE	1	TCGA_ESCC_DR45_driver_state_shared_patients	FALSE	TRUE	0.254622778770024	FALSE	FALSE	predictor_layer_in_mofa_input	500	500	-0.759607843137255	-0.0349019607843141	0.976	within_tcga_conditional	support	FALSE
ENSG00000087460.27	GNAS	strong_patient_level_candidate	relative_cnv	MOFA_factor	Factor7	94			Spearman rho	-0.225737281324169	0.0286957588586433	TRUE	FALSE	1	TCGA_ESCC_DR45_driver_state_shared_patients	FALSE	TRUE	0.275479285042975	FALSE	FALSE	predictor_layer_in_mofa_input	500	500	-0.414632156734928	-0.0472948093845851	0.996	within_tcga_conditional	support	FALSE
ENSG00000148400.12	NOTCH1	strong_patient_level_candidate	relative_cnv	MOFA_factor	Factor3	94			Spearman rho	0.221306879127476	0.0320652206196652	TRUE	FALSE	1	TCGA_ESCC_DR45_driver_state_shared_patients	FALSE	TRUE	0.279841925407987	FALSE	FALSE	predictor_layer_in_mofa_input	500	500	0.0173507722587712	0.423029905982294	0.982	within_tcga_conditional	support	FALSE
ENSG00000148400.12	NOTCH1	strong_patient_level_candidate	relative_cnv	MOFA_factor	Factor1	94			Spearman rho	0.215133292356625	0.0373117827081742	TRUE	FALSE	1	TCGA_ESCC_DR45_driver_state_shared_patients	FALSE	TRUE	0.283940830828338	FALSE	FALSE	predictor_layer_in_mofa_input	500	500	0.0388436259743144	0.378856971187249	0.986	within_tcga_conditional	support	FALSE
ENSG00000100393.14	EP300	strong_patient_level_candidate	relative_cnv	MOFA_factor	Factor7	94			Spearman rho	-0.208400263918035	0.0438344652131573	TRUE	FALSE	1	TCGA_ESCC_DR45_driver_state_shared_patients	FALSE	TRUE	0.283940830828338	FALSE	FALSE	predictor_layer_in_mofa_input	500	500	-0.392089344556892	0.0099200358242417	0.964	within_tcga_conditional	support	FALSE
ENSG00000141510.18	TP53	strong_patient_level_candidate	relative_cnv	MOFA_factor	Factor6	94			Spearman rho	0.206282214398735	0.0460723924581816	TRUE	FALSE	1	TCGA_ESCC_DR45_driver_state_shared_patients	FALSE	TRUE	0.283940830828338	FALSE	FALSE	predictor_layer_in_mofa_input	500	500	0.0374066373662753	0.379816806161962	0.99	within_tcga_conditional	support	FALSE
ENSG00000116044.16	NFE2L2	strong_patient_level_candidate	relative_cnv	MOFA_factor	Factor2	94			Spearman rho	-0.205135051839573	0.047323471804723	TRUE	FALSE	1	TCGA_ESCC_DR45_driver_state_shared_patients	FALSE	TRUE	0.283940830828338	FALSE	FALSE	predictor_layer_in_mofa_input	500	500	-0.399751799758131	0.00556593174156077	0.97	within_tcga_conditional	support	FALSE
ENSG00000121879.6	PIK3CA	strong_patient_level_candidate	relative_cnv	MOFA_factor	Factor1	94			Spearman rho	0.578587085765964	1.01079153014674e-09	TRUE	TRUE	2	TCGA_ESCC_DR45_driver_state_shared_patients	FALSE	TRUE	9.70359868940868e-08	FALSE	FALSE	predictor_layer_in_mofa_input	500	500	0.436423543973877	0.6986495306864	1	within_tcga_supported	support	FALSE
ENSG00000121879.6	PIK3CA	strong_patient_level_candidate	amplification	MOFA_factor	Factor1	94	49	45	rank-biserial correlation: event minus reference	0.557369614512472	3.36444195836449e-06	TRUE	TRUE	2	TCGA_ESCC_DR45_driver_state_shared_patients	FALSE	TRUE	0.000107662142667664	FALSE	FALSE	predictor_layer_in_mofa_input	500	500	0.368095238095238	0.740816326530612	1	within_tcga_supported	support	FALSE
ENSG00000116044.16	NFE2L2	strong_patient_level_candidate	mutation	MOFA_factor	Factor1	94	16	78	rank-biserial correlation: event minus reference	0.753205128205128	2.31904260816762e-06	TRUE	FALSE	1	TCGA_ESCC_DR45_driver_state_shared_patients	FALSE	TRUE	0.000166971067788069	FALSE	TRUE	predictor_feature_in_mofa_input	500	500	0.587900641025641	0.918269230769231	1	within_tcga_supported	support	FALSE
ENSG00000127616.19	SMARCA4	strong_patient_level_candidate	mutation	MOFA_factor	Factor1	94	7	87	rank-biserial correlation: event minus reference	-0.947454844006568	3.35757486745582e-05	TRUE	FALSE	1	TCGA_ESCC_DR45_driver_state_shared_patients	FALSE	TRUE	0.0012087269522841	FALSE	TRUE	predictor_feature_in_mofa_input	500	500	-1	-0.881773399014778	1	within_tcga_supported	support	FALSE
ENSG00000116044.16	NFE2L2	strong_patient_level_candidate	mutation	MOFA_factor	Factor7	94	16	78	rank-biserial correlation: event minus reference	0.642628205128205	5.59554546888386e-05	TRUE	FALSE	1	TCGA_ESCC_DR45_driver_state_shared_patients	FALSE	TRUE	0.00134293091253213	FALSE	TRUE	predictor_feature_in_mofa_input	500	500	0.406209935897436	0.837459935897436	1	within_tcga_supported	support	FALSE
ENSG00000185920.16	PTCH1	strong_patient_level_candidate	relative_cnv	MOFA_factor	Factor7	94			Spearman rho	0.391559241097994	9.51892271711032e-05	TRUE	FALSE	1	TCGA_ESCC_DR45_driver_state_shared_patients	FALSE	TRUE	0.00456908290421296	FALSE	FALSE	predictor_layer_in_mofa_input	500	500	0.222416197943881	0.537485359938024	1	within_tcga_supported	support	FALSE
ENSG00000148400.12	NOTCH1	strong_patient_level_candidate	relative_cnv	MOFA_factor	Factor7	94			Spearman rho	0.358889670020717	0.000382146349607281	TRUE	FALSE	1	TCGA_ESCC_DR45_driver_state_shared_patients	FALSE	TRUE	0.012228683187433	FALSE	FALSE	predictor_layer_in_mofa_input	500	500	0.194853964725771	0.498037153898827	1	within_tcga_supported	support	FALSE
ENSG00000141510.18	TP53	strong_patient_level_candidate	mutation	MOFA_factor	Factor1	94	84	10	rank-biserial correlation: event minus reference	0.619047619047619	0.00146164295293039	TRUE	FALSE	1	TCGA_ESCC_DR45_driver_state_shared_patients	FALSE	TRUE	0.026309573152747	FALSE	TRUE	predictor_feature_in_mofa_input	500	500	0.235476190476191	0.894107142857143	1	within_tcga_supported	support	FALSE
ENSG00000167548.16	KMT2D	strong_patient_level_candidate	relative_cnv	MOFA_factor	Factor3	94			Spearman rho	-0.312270708246483	0.00218342557712684	TRUE	FALSE	1	TCGA_ESCC_DR45_driver_state_shared_patients	FALSE	TRUE	0.0524022138510443	FALSE	FALSE	predictor_layer_in_mofa_input	500	500	-0.478209178933505	-0.12865848105553	1	within_tcga_supported	support	FALSE
ENSG00000127616.19	SMARCA4	strong_patient_level_candidate	mutation	MOFA_factor	Factor8	94	7	87	rank-biserial correlation: event minus reference	-0.635467980295567	0.0054431063055489	TRUE	FALSE	1	TCGA_ESCC_DR45_driver_state_shared_patients	FALSE	TRUE	0.0783807307999041	FALSE	TRUE	predictor_feature_in_mofa_input	500	500	-0.916338259441708	-0.280788177339901	1	within_tcga_supported	support	FALSE
ENSG00000185920.16	PTCH1	strong_patient_level_candidate	amplification	PROGENy_pathway	NFkB	94	6	88	rank-biserial correlation: event minus reference	0.473484848484848	0.054145954434953	TRUE	FALSE	1	TCGA_ESCC_DR45_driver_state_shared_patients	FALSE	TRUE	0.322729860638368	FALSE	FALSE	same_patient_rna_derived_target	500	500	0.0508522727272727	0.837121212121212	0.98	directional_exploratory	same_direction_nonsignificant	FALSE
ENSG00000185920.16	PTCH1	strong_patient_level_candidate	amplification	PROGENy_pathway	MAPK	94	6	88	rank-biserial correlation: event minus reference	0.462121212121212	0.0602082522639389	TRUE	FALSE	1	TCGA_ESCC_DR45_driver_state_shared_patients	FALSE	TRUE	0.322729860638368	FALSE	FALSE	same_patient_rna_derived_target	500	500	-0.0360795454545454	0.886363636363637	0.964	directional_exploratory	same_direction_nonsignificant	FALSE
ENSG00000185920.16	PTCH1	strong_patient_level_candidate	amplification	PROGENy_pathway	EGFR	94	6	88	rank-biserial correlation: event minus reference	0.454545454545455	0.0645544633944768	TRUE	FALSE	1	TCGA_ESCC_DR45_driver_state_shared_patients	FALSE	TRUE	0.322729860638368	FALSE	FALSE	same_patient_rna_derived_target	500	500	-0.165056818181818	0.880776515151515	0.928	directional_exploratory	same_direction_nonsignificant	FALSE
ENSG00000185920.16	PTCH1	strong_patient_level_candidate	amplification	PROGENy_pathway	Estrogen	94	6	88	rank-biserial correlation: event minus reference	0.446969696969697	0.0691563987082218	TRUE	FALSE	1	TCGA_ESCC_DR45_driver_state_shared_patients	FALSE	TRUE	0.322729860638368	FALSE	FALSE	same_patient_rna_derived_target	500	500	0.0568181818181819	0.748200757575757	0.982	directional_exploratory	same_direction_nonsignificant	FALSE
ENSG00000185920.16	PTCH1	strong_patient_level_candidate	amplification	PROGENy_pathway	TNFa	94	6	88	rank-biserial correlation: event minus reference	0.420454545454545	0.0874275714497337	TRUE	FALSE	1	TCGA_ESCC_DR45_driver_state_shared_patients	FALSE	TRUE	0.371623922690854	FALSE	FALSE	same_patient_rna_derived_target	500	500	-0.0476325757575757	0.808806818181818	0.952	directional_exploratory	same_direction_nonsignificant	FALSE
ENSG00000121879.6	PIK3CA	strong_patient_level_candidate	amplification	PROGENy_pathway	EGFR	94	49	45	rank-biserial correlation: event minus reference	-0.201814058956916	0.0929059806727134	TRUE	TRUE	2	TCGA_ESCC_DR45_driver_state_shared_patients	FALSE	TRUE	0.371623922690854	FALSE	FALSE	same_patient_rna_derived_target	500	500	-0.429092970521542	0.00589569160997727	0.968	directional_exploratory	same_direction_nonsignificant	FALSE
ENSG00000127616.19	SMARCA4	strong_patient_level_candidate	mutation	PROGENy_pathway	PI3K	94	7	87	rank-biserial correlation: event minus reference	0.448275862068966	0.0501526029134356	TRUE	FALSE	1	TCGA_ESCC_DR45_driver_state_shared_patients	FALSE	TRUE	0.68017875724909	FALSE	FALSE	same_patient_rna_derived_target	500	500	0.0621510673234812	0.801395730706076	0.988	directional_exploratory	same_direction_nonsignificant	FALSE
ENSG00000127616.19	SMARCA4	strong_patient_level_candidate	mutation	PROGENy_pathway	MAPK	94	7	87	rank-biserial correlation: event minus reference	0.425287356321839	0.0631907817438302	TRUE	FALSE	1	TCGA_ESCC_DR45_driver_state_shared_patients	FALSE	TRUE	0.68017875724909	FALSE	FALSE	same_patient_rna_derived_target	500	500	-0.095320197044335	0.870361247947455	0.932	directional_exploratory	same_direction_nonsignificant	FALSE
ENSG00000167548.16	KMT2D	strong_patient_level_candidate	mutation	PROGENy_pathway	VEGF	94	16	78	rank-biserial correlation: event minus reference	0.290064102564103	0.0693813476972767	TRUE	FALSE	1	TCGA_ESCC_DR45_driver_state_shared_patients	FALSE	TRUE	0.68017875724909	FALSE	FALSE	same_patient_rna_derived_target	500	500	0.0446314102564103	0.53525641025641	0.986	directional_exploratory	same_direction_nonsignificant	FALSE
ENSG00000167548.16	KMT2D	strong_patient_level_candidate	mutation	PROGENy_pathway	TGFb	94	16	78	rank-biserial correlation: event minus reference	-0.290064102564103	0.0693813476972767	TRUE	FALSE	1	TCGA_ESCC_DR45_driver_state_shared_patients	FALSE	TRUE	0.68017875724909	FALSE	FALSE	same_patient_rna_derived_target	500	500	-0.577764423076923	0.0306089743589742	0.96	directional_exploratory	same_direction_nonsignificant	FALSE
ENSG00000141510.18	TP53	strong_patient_level_candidate	mutation	PROGENy_pathway	VEGF	94	84	10	rank-biserial correlation: event minus reference	-0.345238095238095	0.0763990905368145	TRUE	FALSE	1	TCGA_ESCC_DR45_driver_state_shared_patients	FALSE	TRUE	0.68017875724909	FALSE	FALSE	same_patient_rna_derived_target	500	500	-0.672797619047619	0.0358333333333333	0.956	directional_exploratory	same_direction_nonsignificant	FALSE
ENSG00000167548.16	KMT2D	strong_patient_level_candidate	mutation	PROGENy_pathway	Estrogen	94	16	78	rank-biserial correlation: event minus reference	-0.278846153846154	0.0808970660316116	TRUE	FALSE	1	TCGA_ESCC_DR45_driver_state_shared_patients	FALSE	TRUE	0.68017875724909	FALSE	FALSE	same_patient_rna_derived_target	500	500	-0.582732371794872	0.00168269230769223	0.972	directional_exploratory	same_direction_nonsignificant	FALSE
ENSG00000127616.19	SMARCA4	strong_patient_level_candidate	mutation	PROGENy_pathway	Estrogen	94	7	87	rank-biserial correlation: event minus reference	-0.389162561576355	0.0892390032723827	TRUE	FALSE	1	TCGA_ESCC_DR45_driver_state_shared_patients	FALSE	TRUE	0.68017875724909	FALSE	FALSE	same_patient_rna_derived_target	500	500	-0.755582922824302	-0.0376026272577998	0.982	directional_exploratory	same_direction_nonsignificant	FALSE
ENSG00000148400.12	NOTCH1	strong_patient_level_candidate	mutation	PROGENy_pathway	TGFb	94	13	81	rank-biserial correlation: event minus reference	0.295346628679962	0.0895751870315973	TRUE	FALSE	1	TCGA_ESCC_DR45_driver_state_shared_patients	FALSE	TRUE	0.68017875724909	FALSE	FALSE	same_patient_rna_derived_target	500	500	-0.0666191832858499	0.62022792022792	0.942	directional_exploratory	same_direction_nonsignificant	FALSE
ENSG00000141510.18	TP53	strong_patient_level_candidate	mutation	PROGENy_pathway	WNT	94	84	10	rank-biserial correlation: event minus reference	0.328571428571429	0.0917701497875756	TRUE	FALSE	1	TCGA_ESCC_DR45_driver_state_shared_patients	FALSE	TRUE	0.68017875724909	FALSE	FALSE	same_patient_rna_derived_target	500	500	0.0141666666666666	0.647738095238095	0.982	directional_exploratory	same_direction_nonsignificant	FALSE
ENSG00000148400.12	NOTCH1	strong_patient_level_candidate	amplification	PROGENy_pathway	VEGF	94	4	90	rank-biserial correlation: event minus reference	0.877777777777778	0.00317521716113189	TRUE	FALSE	1	TCGA_ESCC_DR45_driver_state_shared_patients	FALSE	FALSE		FALSE	FALSE	same_patient_rna_derived_target	500					insufficient_event_count_descriptive	not_comparable	FALSE
ENSG00000148400.12	NOTCH1	strong_patient_level_candidate	amplification	PROGENy_pathway	EGFR	94	4	90	rank-biserial correlation: event minus reference	0.8	0.00718811212796244	TRUE	FALSE	1	TCGA_ESCC_DR45_driver_state_shared_patients	FALSE	FALSE		FALSE	FALSE	same_patient_rna_derived_target	500					insufficient_event_count_descriptive	not_comparable	FALSE
ENSG00000148400.12	NOTCH1	strong_patient_level_candidate	amplification	PROGENy_pathway	MAPK	94	4	90	rank-biserial correlation: event minus reference	0.716666666666667	0.0160830452570324	TRUE	FALSE	1	TCGA_ESCC_DR45_driver_state_shared_patients	FALSE	FALSE		FALSE	FALSE	same_patient_rna_derived_target	500					insufficient_event_count_descriptive	not_comparable	FALSE
ENSG00000148400.12	NOTCH1	strong_patient_level_candidate	amplification	PROGENy_pathway	WNT	94	4	90	rank-biserial correlation: event minus reference	0.711111111111111	0.0169268030919365	TRUE	FALSE	1	TCGA_ESCC_DR45_driver_state_shared_patients	FALSE	FALSE		FALSE	FALSE	same_patient_rna_derived_target	500					insufficient_event_count_descriptive	not_comparable	FALSE
ENSG00000087460.27	GNAS	strong_patient_level_candidate	mutation	PROGENy_pathway	Trail	94	4	90	rank-biserial correlation: event minus reference	-0.661111111111111	0.026438570079143	TRUE	FALSE	1	TCGA_ESCC_DR45_driver_state_shared_patients	FALSE	FALSE		FALSE	FALSE	same_patient_rna_derived_target	500					insufficient_event_count_descriptive	not_comparable	FALSE
ENSG00000087460.27	GNAS	strong_patient_level_candidate	mutation	PROGENy_pathway	VEGF	94	4	90	rank-biserial correlation: event minus reference	0.627777777777778	0.0350900175284123	TRUE	FALSE	1	TCGA_ESCC_DR45_driver_state_shared_patients	FALSE	FALSE		FALSE	FALSE	same_patient_rna_derived_target	500					insufficient_event_count_descriptive	not_comparable	FALSE
ENSG00000148400.12	NOTCH1	strong_patient_level_candidate	amplification	PROGENy_pathway	p53	94	4	90	rank-biserial correlation: event minus reference	-0.616666666666667	0.0384659584428473	TRUE	FALSE	1	TCGA_ESCC_DR45_driver_state_shared_patients	FALSE	FALSE		FALSE	FALSE	same_patient_rna_derived_target	500					insufficient_event_count_descriptive	not_comparable	FALSE
ENSG00000074181.9	NOTCH3	strong_patient_level_candidate	amplification	PROGENy_pathway	VEGF	94	4	90	rank-biserial correlation: event minus reference	-0.616666666666667	0.0384659584428473	TRUE	FALSE	1	TCGA_ESCC_DR45_driver_state_shared_patients	FALSE	FALSE		FALSE	FALSE	same_patient_rna_derived_target	500					insufficient_event_count_descriptive	not_comparable	FALSE
ENSG00000148400.12	NOTCH1	strong_patient_level_candidate	amplification	PROGENy_pathway	Androgen	94	4	90	rank-biserial correlation: event minus reference	-0.588888888888889	0.0481325756971296	TRUE	FALSE	1	TCGA_ESCC_DR45_driver_state_shared_patients	FALSE	FALSE		FALSE	FALSE	same_patient_rna_derived_target	500					insufficient_event_count_descriptive	not_comparable	FALSE
ENSG00000148400.12	NOTCH1	strong_patient_level_candidate	amplification	PROGENy_pathway	Estrogen	94	4	90	rank-biserial correlation: event minus reference	0.561111111111111	0.0597630758110075	TRUE	FALSE	1	TCGA_ESCC_DR45_driver_state_shared_patients	FALSE	FALSE		FALSE	FALSE	same_patient_rna_derived_target	500					insufficient_event_count_descriptive	not_comparable	FALSE
ENSG00000087460.27	GNAS	strong_patient_level_candidate	mutation	PROGENy_pathway	EGFR	94	4	90	rank-biserial correlation: event minus reference	0.544444444444445	0.067798712428923	TRUE	FALSE	1	TCGA_ESCC_DR45_driver_state_shared_patients	FALSE	FALSE		FALSE	FALSE	same_patient_rna_derived_target	500					insufficient_event_count_descriptive	not_comparable	FALSE
ENSG00000127616.19	SMARCA4	strong_patient_level_candidate	amplification	PROGENy_pathway	Hypoxia	94	3	91	rank-biserial correlation: event minus reference	-0.575091575091575	0.09338470877763	TRUE	FALSE	1	TCGA_ESCC_DR45_driver_state_shared_patients	FALSE	FALSE		FALSE	FALSE	same_patient_rna_derived_target	500					insufficient_event_count_descriptive	not_comparable	FALSE
ENSG00000148400.12	NOTCH1	strong_patient_level_candidate	amplification	PROGENy_pathway	Trail	94	4	90	rank-biserial correlation: event minus reference	-0.494444444444445	0.0973665466158953	TRUE	FALSE	1	TCGA_ESCC_DR45_driver_state_shared_patients	FALSE	FALSE		FALSE	FALSE	same_patient_rna_derived_target	500					insufficient_event_count_descriptive	not_comparable	FALSE
ENSG00000087460.27	GNAS	strong_patient_level_candidate	mutation	PROGENy_pathway	Androgen	94	4	90	rank-biserial correlation: event minus reference	0.488888888888889	0.101208017757189	TRUE	FALSE	1	TCGA_ESCC_DR45_driver_state_shared_patients	FALSE	FALSE		FALSE	FALSE	same_patient_rna_derived_target	500					insufficient_event_count_descriptive	not_comparable	FALSE
ENSG00000074181.9	NOTCH3	strong_patient_level_candidate	amplification	PROGENy_pathway	EGFR	94	4	90	rank-biserial correlation: event minus reference	-0.477777777777778	0.109252557519574	TRUE	FALSE	1	TCGA_ESCC_DR45_driver_state_shared_patients	FALSE	FALSE		FALSE	FALSE	same_patient_rna_derived_target	500					insufficient_event_count_descriptive	not_comparable	FALSE
ENSG00000087460.27	GNAS	strong_patient_level_candidate	mutation	PROGENy_pathway	p53	94	4	90	rank-biserial correlation: event minus reference	0.466666666666667	0.117794483902258	TRUE	FALSE	1	TCGA_ESCC_DR45_driver_state_shared_patients	FALSE	FALSE		FALSE	FALSE	same_patient_rna_derived_target	500					insufficient_event_count_descriptive	not_comparable	FALSE
ENSG00000100393.14	EP300	strong_patient_level_candidate	mutation	PROGENy_pathway	JAK-STAT	94	4	90	rank-biserial correlation: event minus reference	0.455555555555556	0.12685183036869	TRUE	FALSE	1	TCGA_ESCC_DR45_driver_state_shared_patients	FALSE	FALSE		FALSE	FALSE	same_patient_rna_derived_target	500					insufficient_event_count_descriptive	not_comparable	FALSE
ENSG00000127616.19	SMARCA4	strong_patient_level_candidate	amplification	PROGENy_pathway	VEGF	94	3	91	rank-biserial correlation: event minus reference	-0.516483516483516	0.132137894142569	TRUE	FALSE	1	TCGA_ESCC_DR45_driver_state_shared_patients	FALSE	FALSE		FALSE	FALSE	same_patient_rna_derived_target	500					insufficient_event_count_descriptive	not_comparable	FALSE
ENSG00000127616.19	SMARCA4	strong_patient_level_candidate	amplification	PROGENy_pathway	NFkB	94	3	91	rank-biserial correlation: event minus reference	-0.501831501831502	0.143548427574837	TRUE	FALSE	1	TCGA_ESCC_DR45_driver_state_shared_patients	FALSE	FALSE		FALSE	FALSE	same_patient_rna_derived_target	500					insufficient_event_count_descriptive	not_comparable	FALSE
ENSG00000148400.12	NOTCH1	strong_patient_level_candidate	amplification	PROGENy_pathway	TNFa	94	4	90	rank-biserial correlation: event minus reference	0.433333333333333	0.146582811732832	TRUE	FALSE	1	TCGA_ESCC_DR45_driver_state_shared_patients	FALSE	FALSE		FALSE	FALSE	same_patient_rna_derived_target	500					insufficient_event_count_descriptive	not_comparable	FALSE
ENSG00000074181.9	NOTCH3	strong_patient_level_candidate	amplification	PROGENy_pathway	MAPK	94	4	90	rank-biserial correlation: event minus reference	-0.433333333333333	0.146582811732832	TRUE	FALSE	1	TCGA_ESCC_DR45_driver_state_shared_patients	FALSE	FALSE		FALSE	FALSE	same_patient_rna_derived_target	500					insufficient_event_count_descriptive	not_comparable	FALSE
ENSG00000074181.9	NOTCH3	strong_patient_level_candidate	amplification	PROGENy_pathway	JAK-STAT	94	4	90	rank-biserial correlation: event minus reference	-0.422222222222222	0.157290104115133	TRUE	FALSE	1	TCGA_ESCC_DR45_driver_state_shared_patients	FALSE	FALSE		FALSE	FALSE	same_patient_rna_derived_target	500					insufficient_event_count_descriptive	not_comparable	FALSE
ENSG00000087460.27	GNAS	strong_patient_level_candidate	mutation	PROGENy_pathway	TNFa	94	4	90	rank-biserial correlation: event minus reference	0.422222222222222	0.157290104115133	TRUE	FALSE	1	TCGA_ESCC_DR45_driver_state_shared_patients	FALSE	FALSE		FALSE	FALSE	same_patient_rna_derived_target	500					insufficient_event_count_descriptive	not_comparable	FALSE
ENSG00000127616.19	SMARCA4	strong_patient_level_candidate	amplification	PROGENy_pathway	EGFR	94	3	91	rank-biserial correlation: event minus reference	-0.47985347985348	0.162061178426269	TRUE	FALSE	1	TCGA_ESCC_DR45_driver_state_shared_patients	FALSE	FALSE		FALSE	FALSE	same_patient_rna_derived_target	500					insufficient_event_count_descriptive	not_comparable	FALSE
ENSG00000148400.12	NOTCH1	strong_patient_level_candidate	amplification	PROGENy_pathway	NFkB	94	4	90	rank-biserial correlation: event minus reference	0.416666666666667	0.162861239760244	TRUE	FALSE	1	TCGA_ESCC_DR45_driver_state_shared_patients	FALSE	FALSE		FALSE	FALSE	same_patient_rna_derived_target	500					insufficient_event_count_descriptive	not_comparable	FALSE
ENSG00000141510.18	TP53	strong_patient_level_candidate	amplification	PROGENy_pathway	JAK-STAT	94	3	91	rank-biserial correlation: event minus reference	0.472527472527473	0.168616629226738	TRUE	FALSE	1	TCGA_ESCC_DR45_driver_state_shared_patients	FALSE	FALSE		FALSE	FALSE	same_patient_rna_derived_target	500					insufficient_event_count_descriptive	not_comparable	FALSE
ENSG00000127616.19	SMARCA4	strong_patient_level_candidate	amplification	PROGENy_pathway	TNFa	94	3	91	rank-biserial correlation: event minus reference	-0.457875457875458	0.182321289722146	TRUE	FALSE	1	TCGA_ESCC_DR45_driver_state_shared_patients	FALSE	FALSE		FALSE	FALSE	same_patient_rna_derived_target	500					insufficient_event_count_descriptive	not_comparable	FALSE
ENSG00000141510.18	TP53	strong_patient_level_candidate	amplification	PROGENy_pathway	WNT	94	3	91	rank-biserial correlation: event minus reference	0.435897435897436	0.204401581635081	TRUE	FALSE	1	TCGA_ESCC_DR45_driver_state_shared_patients	FALSE	FALSE		FALSE	FALSE	same_patient_rna_derived_target	500					insufficient_event_count_descriptive	not_comparable	FALSE
ENSG00000141510.18	TP53	strong_patient_level_candidate	amplification	PROGENy_pathway	Androgen	94	3	91	rank-biserial correlation: event minus reference	-0.428571428571429	0.212177447619547	TRUE	FALSE	1	TCGA_ESCC_DR45_driver_state_shared_patients	FALSE	FALSE		FALSE	FALSE	same_patient_rna_derived_target	500					insufficient_event_count_descriptive	not_comparable	FALSE
ENSG00000074181.9	NOTCH3	strong_patient_level_candidate	amplification	PROGENy_pathway	Hypoxia	94	4	90	rank-biserial correlation: event minus reference	-0.366666666666667	0.219849874146388	TRUE	FALSE	1	TCGA_ESCC_DR45_driver_state_shared_patients	FALSE	FALSE		FALSE	FALSE	same_patient_rna_derived_target	500					insufficient_event_count_descriptive	not_comparable	FALSE
ENSG00000127616.19	SMARCA4	strong_patient_level_candidate	amplification	PROGENy_pathway	MAPK	94	3	91	rank-biserial correlation: event minus reference	-0.406593406593407	0.236781681960641	TRUE	FALSE	1	TCGA_ESCC_DR45_driver_state_shared_patients	FALSE	FALSE		FALSE	FALSE	same_patient_rna_derived_target	500					insufficient_event_count_descriptive	not_comparable	FALSE
ENSG00000087460.27	GNAS	strong_patient_level_candidate	mutation	PROGENy_pathway	PI3K	94	4	90	rank-biserial correlation: event minus reference	0.338888888888889	0.257101376334606	TRUE	FALSE	1	TCGA_ESCC_DR45_driver_state_shared_patients	FALSE	FALSE		FALSE	FALSE	same_patient_rna_derived_target	500					insufficient_event_count_descriptive	not_comparable	FALSE
ENSG00000148400.12	NOTCH1	strong_patient_level_candidate	amplification	PROGENy_pathway	JAK-STAT	94	4	90	rank-biserial correlation: event minus reference	0.338888888888889	0.257101376334606	TRUE	FALSE	1	TCGA_ESCC_DR45_driver_state_shared_patients	FALSE	FALSE		FALSE	FALSE	same_patient_rna_derived_target	500					insufficient_event_count_descriptive	not_comparable	FALSE
ENSG00000074181.9	NOTCH3	strong_patient_level_candidate	amplification	PROGENy_pathway	NFkB	94	4	90	rank-biserial correlation: event minus reference	-0.327777777777778	0.273163945028108	TRUE	FALSE	1	TCGA_ESCC_DR45_driver_state_shared_patients	FALSE	FALSE		FALSE	FALSE	same_patient_rna_derived_target	500					insufficient_event_count_descriptive	not_comparable	FALSE
ENSG00000141510.18	TP53	strong_patient_level_candidate	amplification	PROGENy_pathway	p53	94	3	91	rank-biserial correlation: event minus reference	-0.36996336996337	0.282143079465523	TRUE	FALSE	1	TCGA_ESCC_DR45_driver_state_shared_patients	FALSE	FALSE		FALSE	FALSE	same_patient_rna_derived_target	500					insufficient_event_count_descriptive	not_comparable	FALSE
ENSG00000100393.14	EP300	strong_patient_level_candidate	mutation	PROGENy_pathway	Androgen	94	4	90	rank-biserial correlation: event minus reference	-0.316666666666667	0.289899566495249	TRUE	FALSE	1	TCGA_ESCC_DR45_driver_state_shared_patients	FALSE	FALSE		FALSE	FALSE	same_patient_rna_derived_target	500					insufficient_event_count_descriptive	not_comparable	FALSE
ENSG00000127616.19	SMARCA4	strong_patient_level_candidate	amplification	PROGENy_pathway	JAK-STAT	94	3	91	rank-biserial correlation: event minus reference	-0.362637362637363	0.291879621517796	TRUE	FALSE	1	TCGA_ESCC_DR45_driver_state_shared_patients	FALSE	FALSE		FALSE	FALSE	same_patient_rna_derived_target	500					insufficient_event_count_descriptive	not_comparable	FALSE
ENSG00000100393.14	EP300	strong_patient_level_candidate	mutation	PROGENy_pathway	Estrogen	94	4	90	rank-biserial correlation: event minus reference	-0.311111111111111	0.298521012478403	TRUE	FALSE	1	TCGA_ESCC_DR45_driver_state_shared_patients	FALSE	FALSE		FALSE	FALSE	same_patient_rna_derived_target	500					insufficient_event_count_descriptive	not_comparable	FALSE
ENSG00000087460.27	GNAS	strong_patient_level_candidate	mutation	PROGENy_pathway	NFkB	94	4	90	rank-biserial correlation: event minus reference	0.311111111111111	0.298521012478403	TRUE	FALSE	1	TCGA_ESCC_DR45_driver_state_shared_patients	FALSE	FALSE		FALSE	FALSE	same_patient_rna_derived_target	500					insufficient_event_count_descriptive	not_comparable	FALSE
ENSG00000127616.19	SMARCA4	strong_patient_level_candidate	amplification	PROGENy_pathway	p53	94	3	91	rank-biserial correlation: event minus reference	-0.340659340659341	0.322430235459691	TRUE	FALSE	1	TCGA_ESCC_DR45_driver_state_shared_patients	FALSE	FALSE		FALSE	FALSE	same_patient_rna_derived_target	500					insufficient_event_count_descriptive	not_comparable	FALSE
ENSG00000100393.14	EP300	strong_patient_level_candidate	mutation	PROGENy_pathway	PI3K	94	4	90	rank-biserial correlation: event minus reference	-0.294444444444444	0.325403180480112	TRUE	FALSE	1	TCGA_ESCC_DR45_driver_state_shared_patients	FALSE	FALSE		FALSE	FALSE	same_patient_rna_derived_target	500					insufficient_event_count_descriptive	not_comparable	FALSE
ENSG00000087460.27	GNAS	strong_patient_level_candidate	mutation	PROGENy_pathway	Estrogen	94	4	90	rank-biserial correlation: event minus reference	-0.294444444444444	0.325403180480112	TRUE	FALSE	1	TCGA_ESCC_DR45_driver_state_shared_patients	FALSE	FALSE		FALSE	FALSE	same_patient_rna_derived_target	500					insufficient_event_count_descriptive	not_comparable	FALSE
ENSG00000087460.27	GNAS	strong_patient_level_candidate	mutation	PROGENy_pathway	MAPK	94	4	90	rank-biserial correlation: event minus reference	0.294444444444445	0.325403180480112	TRUE	FALSE	1	TCGA_ESCC_DR45_driver_state_shared_patients	FALSE	FALSE		FALSE	FALSE	same_patient_rna_derived_target	500					insufficient_event_count_descriptive	not_comparable	FALSE
ENSG00000141510.18	TP53	strong_patient_level_candidate	amplification	PROGENy_pathway	PI3K	94	3	91	rank-biserial correlation: event minus reference	-0.333333333333333	0.333061453037673	TRUE	FALSE	1	TCGA_ESCC_DR45_driver_state_shared_patients	FALSE	FALSE		FALSE	FALSE	same_patient_rna_derived_target	500					insufficient_event_count_descriptive	not_comparable	FALSE
ENSG00000100393.14	EP300	strong_patient_level_candidate	mutation	PROGENy_pathway	TGFb	94	4	90	rank-biserial correlation: event minus reference	0.283333333333333	0.344173237591577	TRUE	FALSE	1	TCGA_ESCC_DR45_driver_state_shared_patients	FALSE	FALSE		FALSE	FALSE	same_patient_rna_derived_target	500					insufficient_event_count_descriptive	not_comparable	FALSE
ENSG00000074181.9	NOTCH3	strong_patient_level_candidate	amplification	PROGENy_pathway	TNFa	94	4	90	rank-biserial correlation: event minus reference	-0.272222222222222	0.363620325660961	TRUE	FALSE	1	TCGA_ESCC_DR45_driver_state_shared_patients	FALSE	FALSE		FALSE	FALSE	same_patient_rna_derived_target	500					insufficient_event_count_descriptive	not_comparable	FALSE
ENSG00000141510.18	TP53	strong_patient_level_candidate	amplification	PROGENy_pathway	Estrogen	94	3	91	rank-biserial correlation: event minus reference	0.311355311355311	0.366295208532618	TRUE	FALSE	1	TCGA_ESCC_DR45_driver_state_shared_patients	FALSE	FALSE		FALSE	FALSE	same_patient_rna_derived_target	500					insufficient_event_count_descriptive	not_comparable	FALSE
ENSG00000141510.18	TP53	strong_patient_level_candidate	amplification	PROGENy_pathway	Trail	94	3	91	rank-biserial correlation: event minus reference	0.311355311355311	0.366295208532618	TRUE	FALSE	1	TCGA_ESCC_DR45_driver_state_shared_patients	FALSE	FALSE		FALSE	FALSE	same_patient_rna_derived_target	500					insufficient_event_count_descriptive	not_comparable	FALSE
ENSG00000074181.9	NOTCH3	strong_patient_level_candidate	amplification	PROGENy_pathway	TGFb	94	4	90	rank-biserial correlation: event minus reference	-0.244444444444444	0.41516982301757	TRUE	FALSE	1	TCGA_ESCC_DR45_driver_state_shared_patients	FALSE	FALSE		FALSE	FALSE	same_patient_rna_derived_target	500					insufficient_event_count_descriptive	not_comparable	FALSE
ENSG00000074181.9	NOTCH3	strong_patient_level_candidate	amplification	PROGENy_pathway	PI3K	94	4	90	rank-biserial correlation: event minus reference	-0.238888888888889	0.425975111513606	TRUE	FALSE	1	TCGA_ESCC_DR45_driver_state_shared_patients	FALSE	FALSE		FALSE	FALSE	same_patient_rna_derived_target	500					insufficient_event_count_descriptive	not_comparable	FALSE
ENSG00000127616.19	SMARCA4	strong_patient_level_candidate	amplification	PROGENy_pathway	TGFb	94	3	91	rank-biserial correlation: event minus reference	-0.267399267399267	0.438710461101207	TRUE	FALSE	1	TCGA_ESCC_DR45_driver_state_shared_patients	FALSE	FALSE		FALSE	FALSE	same_patient_rna_derived_target	500					insufficient_event_count_descriptive	not_comparable	FALSE
ENSG00000148400.12	NOTCH1	strong_patient_level_candidate	amplification	PROGENy_pathway	PI3K	94	4	90	rank-biserial correlation: event minus reference	0.227777777777778	0.448071224420112	TRUE	FALSE	1	TCGA_ESCC_DR45_driver_state_shared_patients	FALSE	FALSE		FALSE	FALSE	same_patient_rna_derived_target	500					insufficient_event_count_descriptive	not_comparable	FALSE
ENSG00000141510.18	TP53	strong_patient_level_candidate	amplification	PROGENy_pathway	TGFb	94	3	91	rank-biserial correlation: event minus reference	0.245421245421245	0.47780237963299	TRUE	FALSE	1	TCGA_ESCC_DR45_driver_state_shared_patients	FALSE	FALSE		FALSE	FALSE	same_patient_rna_derived_target	500					insufficient_event_count_descriptive	not_comparable	FALSE
ENSG00000141510.18	TP53	strong_patient_level_candidate	amplification	PROGENy_pathway	Hypoxia	94	3	91	rank-biserial correlation: event minus reference	-0.238095238095238	0.491244218533004	TRUE	FALSE	1	TCGA_ESCC_DR45_driver_state_shared_patients	FALSE	FALSE		FALSE	FALSE	same_patient_rna_derived_target	500					insufficient_event_count_descriptive	not_comparable	FALSE
ENSG00000141510.18	TP53	strong_patient_level_candidate	amplification	PROGENy_pathway	MAPK	94	3	91	rank-biserial correlation: event minus reference	-0.223443223443223	0.518725970477463	TRUE	FALSE	1	TCGA_ESCC_DR45_driver_state_shared_patients	FALSE	FALSE		FALSE	FALSE	same_patient_rna_derived_target	500					insufficient_event_count_descriptive	not_comparable	FALSE
ENSG00000074181.9	NOTCH3	strong_patient_level_candidate	amplification	PROGENy_pathway	Androgen	94	4	90	rank-biserial correlation: event minus reference	0.188888888888889	0.530323349104687	TRUE	FALSE	1	TCGA_ESCC_DR45_driver_state_shared_patients	FALSE	FALSE		FALSE	FALSE	same_patient_rna_derived_target	500					insufficient_event_count_descriptive	not_comparable	FALSE
ENSG00000087460.27	GNAS	strong_patient_level_candidate	mutation	PROGENy_pathway	WNT	94	4	90	rank-biserial correlation: event minus reference	-0.166666666666667	0.580547184922375	TRUE	FALSE	1	TCGA_ESCC_DR45_driver_state_shared_patients	FALSE	FALSE		FALSE	FALSE	same_patient_rna_derived_target	500					insufficient_event_count_descriptive	not_comparable	FALSE
ENSG00000127616.19	SMARCA4	strong_patient_level_candidate	amplification	PROGENy_pathway	WNT	94	3	91	rank-biserial correlation: event minus reference	-0.17948717948718	0.605680913634784	TRUE	FALSE	1	TCGA_ESCC_DR45_driver_state_shared_patients	FALSE	FALSE		FALSE	FALSE	same_patient_rna_derived_target	500					insufficient_event_count_descriptive	not_comparable	FALSE
ENSG00000100393.14	EP300	strong_patient_level_candidate	mutation	PROGENy_pathway	MAPK	94	4	90	rank-biserial correlation: event minus reference	-0.155555555555556	0.606467632991008	TRUE	FALSE	1	TCGA_ESCC_DR45_driver_state_shared_patients	FALSE	FALSE		FALSE	FALSE	same_patient_rna_derived_target	500					insufficient_event_count_descriptive	not_comparable	FALSE
ENSG00000100393.14	EP300	strong_patient_level_candidate	mutation	PROGENy_pathway	WNT	94	4	90	rank-biserial correlation: event minus reference	0.138888888888889	0.646286554783969	TRUE	FALSE	1	TCGA_ESCC_DR45_driver_state_shared_patients	FALSE	FALSE		FALSE	FALSE	same_patient_rna_derived_target	500					insufficient_event_count_descriptive	not_comparable	FALSE
ENSG00000100393.14	EP300	strong_patient_level_candidate	mutation	PROGENy_pathway	Trail	94	4	90	rank-biserial correlation: event minus reference	0.127777777777778	0.673416574633767	TRUE	FALSE	1	TCGA_ESCC_DR45_driver_state_shared_patients	FALSE	FALSE		FALSE	FALSE	same_patient_rna_derived_target	500					insufficient_event_count_descriptive	not_comparable	FALSE
ENSG00000148400.12	NOTCH1	strong_patient_level_candidate	amplification	PROGENy_pathway	Hypoxia	94	4	90	rank-biserial correlation: event minus reference	-0.127777777777778	0.673416574633767	TRUE	FALSE	1	TCGA_ESCC_DR45_driver_state_shared_patients	FALSE	FALSE		FALSE	FALSE	same_patient_rna_derived_target	500					insufficient_event_count_descriptive	not_comparable	FALSE
ENSG00000127616.19	SMARCA4	strong_patient_level_candidate	amplification	PROGENy_pathway	Estrogen	94	3	91	rank-biserial correlation: event minus reference	0.135531135531136	0.698618278599583	TRUE	FALSE	1	TCGA_ESCC_DR45_driver_state_shared_patients	FALSE	FALSE		FALSE	FALSE	same_patient_rna_derived_target	500					insufficient_event_count_descriptive	not_comparable	FALSE
ENSG00000141510.18	TP53	strong_patient_level_candidate	amplification	PROGENy_pathway	NFkB	94	3	91	rank-biserial correlation: event minus reference	0.135531135531136	0.698618278599583	TRUE	FALSE	1	TCGA_ESCC_DR45_driver_state_shared_patients	FALSE	FALSE		FALSE	FALSE	same_patient_rna_derived_target	500					insufficient_event_count_descriptive	not_comparable	FALSE
ENSG00000074181.9	NOTCH3	strong_patient_level_candidate	amplification	PROGENy_pathway	p53	94	4	90	rank-biserial correlation: event minus reference	-0.116666666666667	0.70097831204988	TRUE	FALSE	1	TCGA_ESCC_DR45_driver_state_shared_patients	FALSE	FALSE		FALSE	FALSE	same_patient_rna_derived_target	500					insufficient_event_count_descriptive	not_comparable	FALSE
ENSG00000087460.27	GNAS	strong_patient_level_candidate	mutation	PROGENy_pathway	JAK-STAT	94	4	90	rank-biserial correlation: event minus reference	-0.111111111111111	0.714911014668065	TRUE	FALSE	1	TCGA_ESCC_DR45_driver_state_shared_patients	FALSE	FALSE		FALSE	FALSE	same_patient_rna_derived_target	500					insufficient_event_count_descriptive	not_comparable	FALSE
ENSG00000074181.9	NOTCH3	strong_patient_level_candidate	amplification	PROGENy_pathway	WNT	94	4	90	rank-biserial correlation: event minus reference	-0.111111111111111	0.714911014668065	TRUE	FALSE	1	TCGA_ESCC_DR45_driver_state_shared_patients	FALSE	FALSE		FALSE	FALSE	same_patient_rna_derived_target	500					insufficient_event_count_descriptive	not_comparable	FALSE
ENSG00000127616.19	SMARCA4	strong_patient_level_candidate	amplification	PROGENy_pathway	Trail	94	3	91	rank-biserial correlation: event minus reference	-0.106227106227106	0.763303993427472	TRUE	FALSE	1	TCGA_ESCC_DR45_driver_state_shared_patients	FALSE	FALSE		FALSE	FALSE	same_patient_rna_derived_target	500					insufficient_event_count_descriptive	not_comparable	FALSE
ENSG00000141510.18	TP53	strong_patient_level_candidate	amplification	PROGENy_pathway	EGFR	94	3	91	rank-biserial correlation: event minus reference	-0.106227106227106	0.763303993427472	TRUE	FALSE	1	TCGA_ESCC_DR45_driver_state_shared_patients	FALSE	FALSE		FALSE	FALSE	same_patient_rna_derived_target	500					insufficient_event_count_descriptive	not_comparable	FALSE
ENSG00000141510.18	TP53	strong_patient_level_candidate	amplification	PROGENy_pathway	VEGF	94	3	91	rank-biserial correlation: event minus reference	-0.106227106227106	0.763303993427472	TRUE	FALSE	1	TCGA_ESCC_DR45_driver_state_shared_patients	FALSE	FALSE		FALSE	FALSE	same_patient_rna_derived_target	500					insufficient_event_count_descriptive	not_comparable	FALSE
ENSG00000148400.12	NOTCH1	strong_patient_level_candidate	amplification	PROGENy_pathway	TGFb	94	4	90	rank-biserial correlation: event minus reference	0.0888888888888888	0.771554915380092	TRUE	FALSE	1	TCGA_ESCC_DR45_driver_state_shared_patients	FALSE	FALSE		FALSE	FALSE	same_patient_rna_derived_target	500					insufficient_event_count_descriptive	not_comparable	FALSE
ENSG00000127616.19	SMARCA4	strong_patient_level_candidate	amplification	PROGENy_pathway	PI3K	94	3	91	rank-biserial correlation: event minus reference	-0.0989010989010989	0.779757887232259	TRUE	FALSE	1	TCGA_ESCC_DR45_driver_state_shared_patients	FALSE	FALSE		FALSE	FALSE	same_patient_rna_derived_target	500					insufficient_event_count_descriptive	not_comparable	FALSE
ENSG00000100393.14	EP300	strong_patient_level_candidate	mutation	PROGENy_pathway	p53	94	4	90	rank-biserial correlation: event minus reference	-0.0833333333333334	0.785921997701183	TRUE	FALSE	1	TCGA_ESCC_DR45_driver_state_shared_patients	FALSE	FALSE		FALSE	FALSE	same_patient_rna_derived_target	500					insufficient_event_count_descriptive	not_comparable	FALSE
ENSG00000100393.14	EP300	strong_patient_level_candidate	mutation	PROGENy_pathway	Hypoxia	94	4	90	rank-biserial correlation: event minus reference	0.05	0.873495871753648	TRUE	FALSE	1	TCGA_ESCC_DR45_driver_state_shared_patients	FALSE	FALSE		FALSE	FALSE	same_patient_rna_derived_target	500					insufficient_event_count_descriptive	not_comparable	FALSE
ENSG00000087460.27	GNAS	strong_patient_level_candidate	mutation	PROGENy_pathway	Hypoxia	94	4	90	rank-biserial correlation: event minus reference	0.05	0.873495871753648	TRUE	FALSE	1	TCGA_ESCC_DR45_driver_state_shared_patients	FALSE	FALSE		FALSE	FALSE	same_patient_rna_derived_target	500					insufficient_event_count_descriptive	not_comparable	FALSE
ENSG00000100393.14	EP300	strong_patient_level_candidate	mutation	PROGENy_pathway	NFkB	94	4	90	rank-biserial correlation: event minus reference	0.038888888888889	0.903092138359549	TRUE	FALSE	1	TCGA_ESCC_DR45_driver_state_shared_patients	FALSE	FALSE		FALSE	FALSE	same_patient_rna_derived_target	500					insufficient_event_count_descriptive	not_comparable	FALSE
ENSG00000100393.14	EP300	strong_patient_level_candidate	mutation	PROGENy_pathway	TNFa	94	4	90	rank-biserial correlation: event minus reference	-0.0277777777777778	0.932823697983414	TRUE	FALSE	1	TCGA_ESCC_DR45_driver_state_shared_patients	FALSE	FALSE		FALSE	FALSE	same_patient_rna_derived_target	500					insufficient_event_count_descriptive	not_comparable	FALSE
ENSG00000100393.14	EP300	strong_patient_level_candidate	mutation	PROGENy_pathway	VEGF	94	4	90	rank-biserial correlation: event minus reference	-0.0277777777777778	0.932823697983414	TRUE	FALSE	1	TCGA_ESCC_DR45_driver_state_shared_patients	FALSE	FALSE		FALSE	FALSE	same_patient_rna_derived_target	500					insufficient_event_count_descriptive	not_comparable	FALSE
ENSG00000087460.27	GNAS	strong_patient_level_candidate	mutation	PROGENy_pathway	TGFb	94	4	90	rank-biserial correlation: event minus reference	0.0277777777777777	0.932823697983414	TRUE	FALSE	1	TCGA_ESCC_DR45_driver_state_shared_patients	FALSE	FALSE		FALSE	FALSE	same_patient_rna_derived_target	500					insufficient_event_count_descriptive	not_comparable	FALSE
ENSG00000127616.19	SMARCA4	strong_patient_level_candidate	amplification	PROGENy_pathway	Androgen	94	3	91	rank-biserial correlation: event minus reference	-0.0183150183150184	0.965685031342301	TRUE	FALSE	1	TCGA_ESCC_DR45_driver_state_shared_patients	FALSE	FALSE		FALSE	FALSE	same_patient_rna_derived_target	500					insufficient_event_count_descriptive	not_comparable	FALSE
ENSG00000100393.14	EP300	strong_patient_level_candidate	mutation	PROGENy_pathway	EGFR	94	4	90	rank-biserial correlation: event minus reference	0.00555555555555554	0.99252723566182	TRUE	FALSE	1	TCGA_ESCC_DR45_driver_state_shared_patients	FALSE	FALSE		FALSE	FALSE	same_patient_rna_derived_target	500					insufficient_event_count_descriptive	not_comparable	FALSE
ENSG00000074181.9	NOTCH3	strong_patient_level_candidate	amplification	PROGENy_pathway	Estrogen	94	4	90	rank-biserial correlation: event minus reference	0	1	TRUE	FALSE	1	TCGA_ESCC_DR45_driver_state_shared_patients	FALSE	FALSE		FALSE	FALSE	same_patient_rna_derived_target	500					insufficient_event_count_descriptive	not_comparable	FALSE
ENSG00000074181.9	NOTCH3	strong_patient_level_candidate	amplification	PROGENy_pathway	Trail	94	4	90	rank-biserial correlation: event minus reference	0	1	TRUE	FALSE	1	TCGA_ESCC_DR45_driver_state_shared_patients	FALSE	FALSE		FALSE	FALSE	same_patient_rna_derived_target	500					insufficient_event_count_descriptive	not_comparable	FALSE
ENSG00000141510.18	TP53	strong_patient_level_candidate	amplification	PROGENy_pathway	TNFa	94	3	91	rank-biserial correlation: event minus reference	-0.00366300366300365	1	TRUE	FALSE	1	TCGA_ESCC_DR45_driver_state_shared_patients	FALSE	FALSE		FALSE	FALSE	same_patient_rna_derived_target	500					insufficient_event_count_descriptive	not_comparable	FALSE
ENSG00000100393.14	EP300	strong_patient_level_candidate	amplification	PROGENy_pathway	Androgen	94	0	94	rank-biserial correlation: event minus reference			TRUE	FALSE	1	TCGA_ESCC_DR45_driver_state_shared_patients	FALSE	FALSE		FALSE	FALSE	same_patient_rna_derived_target	500					insufficient_event_count_descriptive	not_comparable	FALSE
ENSG00000100393.14	EP300	strong_patient_level_candidate	amplification	PROGENy_pathway	EGFR	94	0	94	rank-biserial correlation: event minus reference			TRUE	FALSE	1	TCGA_ESCC_DR45_driver_state_shared_patients	FALSE	FALSE		FALSE	FALSE	same_patient_rna_derived_target	500					insufficient_event_count_descriptive	not_comparable	FALSE
ENSG00000100393.14	EP300	strong_patient_level_candidate	amplification	PROGENy_pathway	Estrogen	94	0	94	rank-biserial correlation: event minus reference			TRUE	FALSE	1	TCGA_ESCC_DR45_driver_state_shared_patients	FALSE	FALSE		FALSE	FALSE	same_patient_rna_derived_target	500					insufficient_event_count_descriptive	not_comparable	FALSE
ENSG00000100393.14	EP300	strong_patient_level_candidate	amplification	PROGENy_pathway	Hypoxia	94	0	94	rank-biserial correlation: event minus reference			TRUE	FALSE	1	TCGA_ESCC_DR45_driver_state_shared_patients	FALSE	FALSE		FALSE	FALSE	same_patient_rna_derived_target	500					insufficient_event_count_descriptive	not_comparable	FALSE
ENSG00000100393.14	EP300	strong_patient_level_candidate	amplification	PROGENy_pathway	JAK-STAT	94	0	94	rank-biserial correlation: event minus reference			TRUE	FALSE	1	TCGA_ESCC_DR45_driver_state_shared_patients	FALSE	FALSE		FALSE	FALSE	same_patient_rna_derived_target	500					insufficient_event_count_descriptive	not_comparable	FALSE
ENSG00000100393.14	EP300	strong_patient_level_candidate	amplification	PROGENy_pathway	MAPK	94	0	94	rank-biserial correlation: event minus reference			TRUE	FALSE	1	TCGA_ESCC_DR45_driver_state_shared_patients	FALSE	FALSE		FALSE	FALSE	same_patient_rna_derived_target	500					insufficient_event_count_descriptive	not_comparable	FALSE
ENSG00000100393.14	EP300	strong_patient_level_candidate	amplification	PROGENy_pathway	NFkB	94	0	94	rank-biserial correlation: event minus reference			TRUE	FALSE	1	TCGA_ESCC_DR45_driver_state_shared_patients	FALSE	FALSE		FALSE	FALSE	same_patient_rna_derived_target	500					insufficient_event_count_descriptive	not_comparable	FALSE
ENSG00000100393.14	EP300	strong_patient_level_candidate	amplification	PROGENy_pathway	PI3K	94	0	94	rank-biserial correlation: event minus reference			TRUE	FALSE	1	TCGA_ESCC_DR45_driver_state_shared_patients	FALSE	FALSE		FALSE	FALSE	same_patient_rna_derived_target	500					insufficient_event_count_descriptive	not_comparable	FALSE
ENSG00000100393.14	EP300	strong_patient_level_candidate	amplification	PROGENy_pathway	TGFb	94	0	94	rank-biserial correlation: event minus reference			TRUE	FALSE	1	TCGA_ESCC_DR45_driver_state_shared_patients	FALSE	FALSE		FALSE	FALSE	same_patient_rna_derived_target	500					insufficient_event_count_descriptive	not_comparable	FALSE
ENSG00000100393.14	EP300	strong_patient_level_candidate	amplification	PROGENy_pathway	TNFa	94	0	94	rank-biserial correlation: event minus reference			TRUE	FALSE	1	TCGA_ESCC_DR45_driver_state_shared_patients	FALSE	FALSE		FALSE	FALSE	same_patient_rna_derived_target	500					insufficient_event_count_descriptive	not_comparable	FALSE
ENSG00000100393.14	EP300	strong_patient_level_candidate	amplification	PROGENy_pathway	Trail	94	0	94	rank-biserial correlation: event minus reference			TRUE	FALSE	1	TCGA_ESCC_DR45_driver_state_shared_patients	FALSE	FALSE		FALSE	FALSE	same_patient_rna_derived_target	500					insufficient_event_count_descriptive	not_comparable	FALSE
ENSG00000100393.14	EP300	strong_patient_level_candidate	amplification	PROGENy_pathway	VEGF	94	0	94	rank-biserial correlation: event minus reference			TRUE	FALSE	1	TCGA_ESCC_DR45_driver_state_shared_patients	FALSE	FALSE		FALSE	FALSE	same_patient_rna_derived_target	500					insufficient_event_count_descriptive	not_comparable	FALSE
ENSG00000100393.14	EP300	strong_patient_level_candidate	amplification	PROGENy_pathway	WNT	94	0	94	rank-biserial correlation: event minus reference			TRUE	FALSE	1	TCGA_ESCC_DR45_driver_state_shared_patients	FALSE	FALSE		FALSE	FALSE	same_patient_rna_derived_target	500					insufficient_event_count_descriptive	not_comparable	FALSE
ENSG00000100393.14	EP300	strong_patient_level_candidate	amplification	PROGENy_pathway	p53	94	0	94	rank-biserial correlation: event minus reference			TRUE	FALSE	1	TCGA_ESCC_DR45_driver_state_shared_patients	FALSE	FALSE		FALSE	FALSE	same_patient_rna_derived_target	500					insufficient_event_count_descriptive	not_comparable	FALSE
ENSG00000100393.14	EP300	strong_patient_level_candidate	homozygous_deletion	PROGENy_pathway	Androgen	94	0	94	rank-biserial correlation: event minus reference			TRUE	FALSE	1	TCGA_ESCC_DR45_driver_state_shared_patients	FALSE	FALSE		FALSE	FALSE	same_patient_rna_derived_target	500					insufficient_event_count_descriptive	not_comparable	FALSE
ENSG00000100393.14	EP300	strong_patient_level_candidate	homozygous_deletion	PROGENy_pathway	EGFR	94	0	94	rank-biserial correlation: event minus reference			TRUE	FALSE	1	TCGA_ESCC_DR45_driver_state_shared_patients	FALSE	FALSE		FALSE	FALSE	same_patient_rna_derived_target	500					insufficient_event_count_descriptive	not_comparable	FALSE
ENSG00000100393.14	EP300	strong_patient_level_candidate	homozygous_deletion	PROGENy_pathway	Estrogen	94	0	94	rank-biserial correlation: event minus reference			TRUE	FALSE	1	TCGA_ESCC_DR45_driver_state_shared_patients	FALSE	FALSE		FALSE	FALSE	same_patient_rna_derived_target	500					insufficient_event_count_descriptive	not_comparable	FALSE
ENSG00000100393.14	EP300	strong_patient_level_candidate	homozygous_deletion	PROGENy_pathway	Hypoxia	94	0	94	rank-biserial correlation: event minus reference			TRUE	FALSE	1	TCGA_ESCC_DR45_driver_state_shared_patients	FALSE	FALSE		FALSE	FALSE	same_patient_rna_derived_target	500					insufficient_event_count_descriptive	not_comparable	FALSE
ENSG00000100393.14	EP300	strong_patient_level_candidate	homozygous_deletion	PROGENy_pathway	JAK-STAT	94	0	94	rank-biserial correlation: event minus reference			TRUE	FALSE	1	TCGA_ESCC_DR45_driver_state_shared_patients	FALSE	FALSE		FALSE	FALSE	same_patient_rna_derived_target	500					insufficient_event_count_descriptive	not_comparable	FALSE
ENSG00000100393.14	EP300	strong_patient_level_candidate	homozygous_deletion	PROGENy_pathway	MAPK	94	0	94	rank-biserial correlation: event minus reference			TRUE	FALSE	1	TCGA_ESCC_DR45_driver_state_shared_patients	FALSE	FALSE		FALSE	FALSE	same_patient_rna_derived_target	500					insufficient_event_count_descriptive	not_comparable	FALSE
ENSG00000100393.14	EP300	strong_patient_level_candidate	homozygous_deletion	PROGENy_pathway	NFkB	94	0	94	rank-biserial correlation: event minus reference			TRUE	FALSE	1	TCGA_ESCC_DR45_driver_state_shared_patients	FALSE	FALSE		FALSE	FALSE	same_patient_rna_derived_target	500					insufficient_event_count_descriptive	not_comparable	FALSE
ENSG00000100393.14	EP300	strong_patient_level_candidate	homozygous_deletion	PROGENy_pathway	PI3K	94	0	94	rank-biserial correlation: event minus reference			TRUE	FALSE	1	TCGA_ESCC_DR45_driver_state_shared_patients	FALSE	FALSE		FALSE	FALSE	same_patient_rna_derived_target	500					insufficient_event_count_descriptive	not_comparable	FALSE
ENSG00000100393.14	EP300	strong_patient_level_candidate	homozygous_deletion	PROGENy_pathway	TGFb	94	0	94	rank-biserial correlation: event minus reference			TRUE	FALSE	1	TCGA_ESCC_DR45_driver_state_shared_patients	FALSE	FALSE		FALSE	FALSE	same_patient_rna_derived_target	500					insufficient_event_count_descriptive	not_comparable	FALSE
ENSG00000100393.14	EP300	strong_patient_level_candidate	homozygous_deletion	PROGENy_pathway	TNFa	94	0	94	rank-biserial correlation: event minus reference			TRUE	FALSE	1	TCGA_ESCC_DR45_driver_state_shared_patients	FALSE	FALSE		FALSE	FALSE	same_patient_rna_derived_target	500					insufficient_event_count_descriptive	not_comparable	FALSE
ENSG00000100393.14	EP300	strong_patient_level_candidate	homozygous_deletion	PROGENy_pathway	Trail	94	0	94	rank-biserial correlation: event minus reference			TRUE	FALSE	1	TCGA_ESCC_DR45_driver_state_shared_patients	FALSE	FALSE		FALSE	FALSE	same_patient_rna_derived_target	500					insufficient_event_count_descriptive	not_comparable	FALSE
ENSG00000100393.14	EP300	strong_patient_level_candidate	homozygous_deletion	PROGENy_pathway	VEGF	94	0	94	rank-biserial correlation: event minus reference			TRUE	FALSE	1	TCGA_ESCC_DR45_driver_state_shared_patients	FALSE	FALSE		FALSE	FALSE	same_patient_rna_derived_target	500					insufficient_event_count_descriptive	not_comparable	FALSE
ENSG00000100393.14	EP300	strong_patient_level_candidate	homozygous_deletion	PROGENy_pathway	WNT	94	0	94	rank-biserial correlation: event minus reference			TRUE	FALSE	1	TCGA_ESCC_DR45_driver_state_shared_patients	FALSE	FALSE		FALSE	FALSE	same_patient_rna_derived_target	500					insufficient_event_count_descriptive	not_comparable	FALSE
ENSG00000100393.14	EP300	strong_patient_level_candidate	homozygous_deletion	PROGENy_pathway	p53	94	0	94	rank-biserial correlation: event minus reference			TRUE	FALSE	1	TCGA_ESCC_DR45_driver_state_shared_patients	FALSE	FALSE		FALSE	FALSE	same_patient_rna_derived_target	500					insufficient_event_count_descriptive	not_comparable	FALSE
ENSG00000109670.16	FBXW7	strong_patient_level_candidate	amplification	PROGENy_pathway	Androgen	94	1	93	rank-biserial correlation: event minus reference	-0.913978494623656		TRUE	FALSE	1	TCGA_ESCC_DR45_driver_state_shared_patients	FALSE	FALSE		FALSE	FALSE	same_patient_rna_derived_target	500					insufficient_event_count_descriptive	not_comparable	FALSE
ENSG00000109670.16	FBXW7	strong_patient_level_candidate	amplification	PROGENy_pathway	EGFR	94	1	93	rank-biserial correlation: event minus reference	0.397849462365592		TRUE	FALSE	1	TCGA_ESCC_DR45_driver_state_shared_patients	FALSE	FALSE		FALSE	FALSE	same_patient_rna_derived_target	500					insufficient_event_count_descriptive	not_comparable	FALSE
ENSG00000109670.16	FBXW7	strong_patient_level_candidate	amplification	PROGENy_pathway	Estrogen	94	1	93	rank-biserial correlation: event minus reference	-0.010752688172043		TRUE	FALSE	1	TCGA_ESCC_DR45_driver_state_shared_patients	FALSE	FALSE		FALSE	FALSE	same_patient_rna_derived_target	500					insufficient_event_count_descriptive	not_comparable	FALSE
ENSG00000109670.16	FBXW7	strong_patient_level_candidate	amplification	PROGENy_pathway	Hypoxia	94	1	93	rank-biserial correlation: event minus reference	-0.67741935483871		TRUE	FALSE	1	TCGA_ESCC_DR45_driver_state_shared_patients	FALSE	FALSE		FALSE	FALSE	same_patient_rna_derived_target	500					insufficient_event_count_descriptive	not_comparable	FALSE
ENSG00000109670.16	FBXW7	strong_patient_level_candidate	amplification	PROGENy_pathway	JAK-STAT	94	1	93	rank-biserial correlation: event minus reference	-0.354838709677419		TRUE	FALSE	1	TCGA_ESCC_DR45_driver_state_shared_patients	FALSE	FALSE		FALSE	FALSE	same_patient_rna_derived_target	500					insufficient_event_count_descriptive	not_comparable	FALSE
ENSG00000109670.16	FBXW7	strong_patient_level_candidate	amplification	PROGENy_pathway	MAPK	94	1	93	rank-biserial correlation: event minus reference	0.139784946236559		TRUE	FALSE	1	TCGA_ESCC_DR45_driver_state_shared_patients	FALSE	FALSE		FALSE	FALSE	same_patient_rna_derived_target	500					insufficient_event_count_descriptive	not_comparable	FALSE
ENSG00000109670.16	FBXW7	strong_patient_level_candidate	amplification	PROGENy_pathway	NFkB	94	1	93	rank-biserial correlation: event minus reference	0.225806451612903		TRUE	FALSE	1	TCGA_ESCC_DR45_driver_state_shared_patients	FALSE	FALSE		FALSE	FALSE	same_patient_rna_derived_target	500					insufficient_event_count_descriptive	not_comparable	FALSE
ENSG00000109670.16	FBXW7	strong_patient_level_candidate	amplification	PROGENy_pathway	PI3K	94	1	93	rank-biserial correlation: event minus reference	0.956989247311828		TRUE	FALSE	1	TCGA_ESCC_DR45_driver_state_shared_patients	FALSE	FALSE		FALSE	FALSE	same_patient_rna_derived_target	500					insufficient_event_count_descriptive	not_comparable	FALSE
ENSG00000109670.16	FBXW7	strong_patient_level_candidate	amplification	PROGENy_pathway	TGFb	94	1	93	rank-biserial correlation: event minus reference	-1		TRUE	FALSE	1	TCGA_ESCC_DR45_driver_state_shared_patients	FALSE	FALSE		FALSE	FALSE	same_patient_rna_derived_target	500					insufficient_event_count_descriptive	not_comparable	FALSE
ENSG00000109670.16	FBXW7	strong_patient_level_candidate	amplification	PROGENy_pathway	TNFa	94	1	93	rank-biserial correlation: event minus reference	0.032258064516129		TRUE	FALSE	1	TCGA_ESCC_DR45_driver_state_shared_patients	FALSE	FALSE		FALSE	FALSE	same_patient_rna_derived_target	500					insufficient_event_count_descriptive	not_comparable	FALSE
ENSG00000109670.16	FBXW7	strong_patient_level_candidate	amplification	PROGENy_pathway	Trail	94	1	93	rank-biserial correlation: event minus reference	1		TRUE	FALSE	1	TCGA_ESCC_DR45_driver_state_shared_patients	FALSE	FALSE		FALSE	FALSE	same_patient_rna_derived_target	500					insufficient_event_count_descriptive	not_comparable	FALSE
ENSG00000109670.16	FBXW7	strong_patient_level_candidate	amplification	PROGENy_pathway	VEGF	94	1	93	rank-biserial correlation: event minus reference	-0.849462365591398		TRUE	FALSE	1	TCGA_ESCC_DR45_driver_state_shared_patients	FALSE	FALSE		FALSE	FALSE	same_patient_rna_derived_target	500					insufficient_event_count_descriptive	not_comparable	FALSE
ENSG00000109670.16	FBXW7	strong_patient_level_candidate	amplification	PROGENy_pathway	WNT	94	1	93	rank-biserial correlation: event minus reference	-0.548387096774194		TRUE	FALSE	1	TCGA_ESCC_DR45_driver_state_shared_patients	FALSE	FALSE		FALSE	FALSE	same_patient_rna_derived_target	500					insufficient_event_count_descriptive	not_comparable	FALSE
ENSG00000109670.16	FBXW7	strong_patient_level_candidate	amplification	PROGENy_pathway	p53	94	1	93	rank-biserial correlation: event minus reference	-0.720430107526882		TRUE	FALSE	1	TCGA_ESCC_DR45_driver_state_shared_patients	FALSE	FALSE		FALSE	FALSE	same_patient_rna_derived_target	500					insufficient_event_count_descriptive	not_comparable	FALSE
ENSG00000109670.16	FBXW7	strong_patient_level_candidate	homozygous_deletion	PROGENy_pathway	Androgen	94	1	93	rank-biserial correlation: event minus reference	-0.182795698924731		TRUE	FALSE	1	TCGA_ESCC_DR45_driver_state_shared_patients	FALSE	FALSE		FALSE	FALSE	same_patient_rna_derived_target	500					insufficient_event_count_descriptive	not_comparable	FALSE
ENSG00000109670.16	FBXW7	strong_patient_level_candidate	homozygous_deletion	PROGENy_pathway	EGFR	94	1	93	rank-biserial correlation: event minus reference	-0.397849462365591		TRUE	FALSE	1	TCGA_ESCC_DR45_driver_state_shared_patients	FALSE	FALSE		FALSE	FALSE	same_patient_rna_derived_target	500					insufficient_event_count_descriptive	not_comparable	FALSE
ENSG00000109670.16	FBXW7	strong_patient_level_candidate	homozygous_deletion	PROGENy_pathway	Estrogen	94	1	93	rank-biserial correlation: event minus reference	0.46236559139785		TRUE	FALSE	1	TCGA_ESCC_DR45_driver_state_shared_patients	FALSE	FALSE		FALSE	FALSE	same_patient_rna_derived_target	500					insufficient_event_count_descriptive	not_comparable	FALSE
ENSG00000109670.16	FBXW7	strong_patient_level_candidate	homozygous_deletion	PROGENy_pathway	Hypoxia	94	1	93	rank-biserial correlation: event minus reference	-0.741935483870968		TRUE	FALSE	1	TCGA_ESCC_DR45_driver_state_shared_patients	FALSE	FALSE		FALSE	FALSE	same_patient_rna_derived_target	500					insufficient_event_count_descriptive	not_comparable	FALSE
ENSG00000109670.16	FBXW7	strong_patient_level_candidate	homozygous_deletion	PROGENy_pathway	JAK-STAT	94	1	93	rank-biserial correlation: event minus reference	0.290322580645161		TRUE	FALSE	1	TCGA_ESCC_DR45_driver_state_shared_patients	FALSE	FALSE		FALSE	FALSE	same_patient_rna_derived_target	500					insufficient_event_count_descriptive	not_comparable	FALSE
ENSG00000109670.16	FBXW7	strong_patient_level_candidate	homozygous_deletion	PROGENy_pathway	MAPK	94	1	93	rank-biserial correlation: event minus reference	-0.0752688172043011		TRUE	FALSE	1	TCGA_ESCC_DR45_driver_state_shared_patients	FALSE	FALSE		FALSE	FALSE	same_patient_rna_derived_target	500					insufficient_event_count_descriptive	not_comparable	FALSE
ENSG00000109670.16	FBXW7	strong_patient_level_candidate	homozygous_deletion	PROGENy_pathway	NFkB	94	1	93	rank-biserial correlation: event minus reference	0.053763440860215		TRUE	FALSE	1	TCGA_ESCC_DR45_driver_state_shared_patients	FALSE	FALSE		FALSE	FALSE	same_patient_rna_derived_target	500					insufficient_event_count_descriptive	not_comparable	FALSE
ENSG00000109670.16	FBXW7	strong_patient_level_candidate	homozygous_deletion	PROGENy_pathway	PI3K	94	1	93	rank-biserial correlation: event minus reference	-0.182795698924731		TRUE	FALSE	1	TCGA_ESCC_DR45_driver_state_shared_patients	FALSE	FALSE		FALSE	FALSE	same_patient_rna_derived_target	500					insufficient_event_count_descriptive	not_comparable	FALSE
ENSG00000109670.16	FBXW7	strong_patient_level_candidate	homozygous_deletion	PROGENy_pathway	TGFb	94	1	93	rank-biserial correlation: event minus reference	-0.419354838709677		TRUE	FALSE	1	TCGA_ESCC_DR45_driver_state_shared_patients	FALSE	FALSE		FALSE	FALSE	same_patient_rna_derived_target	500					insufficient_event_count_descriptive	not_comparable	FALSE
ENSG00000109670.16	FBXW7	strong_patient_level_candidate	homozygous_deletion	PROGENy_pathway	TNFa	94	1	93	rank-biserial correlation: event minus reference	-0.118279569892473		TRUE	FALSE	1	TCGA_ESCC_DR45_driver_state_shared_patients	FALSE	FALSE		FALSE	FALSE	same_patient_rna_derived_target	500					insufficient_event_count_descriptive	not_comparable	FALSE
ENSG00000109670.16	FBXW7	strong_patient_level_candidate	homozygous_deletion	PROGENy_pathway	Trail	94	1	93	rank-biserial correlation: event minus reference	0.655913978494624		TRUE	FALSE	1	TCGA_ESCC_DR45_driver_state_shared_patients	FALSE	FALSE		FALSE	FALSE	same_patient_rna_derived_target	500					insufficient_event_count_descriptive	not_comparable	FALSE
ENSG00000109670.16	FBXW7	strong_patient_level_candidate	homozygous_deletion	PROGENy_pathway	VEGF	94	1	93	rank-biserial correlation: event minus reference	-0.56989247311828		TRUE	FALSE	1	TCGA_ESCC_DR45_driver_state_shared_patients	FALSE	FALSE		FALSE	FALSE	same_patient_rna_derived_target	500					insufficient_event_count_descriptive	not_comparable	FALSE
ENSG00000109670.16	FBXW7	strong_patient_level_candidate	homozygous_deletion	PROGENy_pathway	WNT	94	1	93	rank-biserial correlation: event minus reference	-0.182795698924731		TRUE	FALSE	1	TCGA_ESCC_DR45_driver_state_shared_patients	FALSE	FALSE		FALSE	FALSE	same_patient_rna_derived_target	500					insufficient_event_count_descriptive	not_comparable	FALSE
ENSG00000109670.16	FBXW7	strong_patient_level_candidate	homozygous_deletion	PROGENy_pathway	p53	94	1	93	rank-biserial correlation: event minus reference	-0.311827956989247		TRUE	FALSE	1	TCGA_ESCC_DR45_driver_state_shared_patients	FALSE	FALSE		FALSE	FALSE	same_patient_rna_derived_target	500					insufficient_event_count_descriptive	not_comparable	FALSE
ENSG00000109670.16	FBXW7	strong_patient_level_candidate	mutation	PROGENy_pathway	Androgen	94	2	92	rank-biserial correlation: event minus reference	0.347826086956522		TRUE	FALSE	1	TCGA_ESCC_DR45_driver_state_shared_patients	FALSE	FALSE		FALSE	FALSE	same_patient_rna_derived_target	500					insufficient_event_count_descriptive	not_comparable	FALSE
ENSG00000109670.16	FBXW7	strong_patient_level_candidate	mutation	PROGENy_pathway	EGFR	94	2	92	rank-biserial correlation: event minus reference	-0.565217391304348		TRUE	FALSE	1	TCGA_ESCC_DR45_driver_state_shared_patients	FALSE	FALSE		FALSE	FALSE	same_patient_rna_derived_target	500					insufficient_event_count_descriptive	not_comparable	FALSE
ENSG00000109670.16	FBXW7	strong_patient_level_candidate	mutation	PROGENy_pathway	Estrogen	94	2	92	rank-biserial correlation: event minus reference	-0.402173913043478		TRUE	FALSE	1	TCGA_ESCC_DR45_driver_state_shared_patients	FALSE	FALSE		FALSE	FALSE	same_patient_rna_derived_target	500					insufficient_event_count_descriptive	not_comparable	FALSE
ENSG00000109670.16	FBXW7	strong_patient_level_candidate	mutation	PROGENy_pathway	Hypoxia	94	2	92	rank-biserial correlation: event minus reference	-0.826086956521739		TRUE	FALSE	1	TCGA_ESCC_DR45_driver_state_shared_patients	FALSE	FALSE		FALSE	FALSE	same_patient_rna_derived_target	500					insufficient_event_count_descriptive	not_comparable	FALSE
ENSG00000109670.16	FBXW7	strong_patient_level_candidate	mutation	PROGENy_pathway	JAK-STAT	94	2	92	rank-biserial correlation: event minus reference	-0.25		TRUE	FALSE	1	TCGA_ESCC_DR45_driver_state_shared_patients	FALSE	FALSE		FALSE	FALSE	same_patient_rna_derived_target	500					insufficient_event_count_descriptive	not_comparable	FALSE
ENSG00000109670.16	FBXW7	strong_patient_level_candidate	mutation	PROGENy_pathway	MAPK	94	2	92	rank-biserial correlation: event minus reference	-0.565217391304348		TRUE	FALSE	1	TCGA_ESCC_DR45_driver_state_shared_patients	FALSE	FALSE		FALSE	FALSE	same_patient_rna_derived_target	500					insufficient_event_count_descriptive	not_comparable	FALSE
ENSG00000109670.16	FBXW7	strong_patient_level_candidate	mutation	PROGENy_pathway	NFkB	94	2	92	rank-biserial correlation: event minus reference	-0.467391304347826		TRUE	FALSE	1	TCGA_ESCC_DR45_driver_state_shared_patients	FALSE	FALSE		FALSE	FALSE	same_patient_rna_derived_target	500					insufficient_event_count_descriptive	not_comparable	FALSE
ENSG00000109670.16	FBXW7	strong_patient_level_candidate	mutation	PROGENy_pathway	PI3K	94	2	92	rank-biserial correlation: event minus reference	-0.760869565217391		TRUE	FALSE	1	TCGA_ESCC_DR45_driver_state_shared_patients	FALSE	FALSE		FALSE	FALSE	same_patient_rna_derived_target	500					insufficient_event_count_descriptive	not_comparable	FALSE
ENSG00000109670.16	FBXW7	strong_patient_level_candidate	mutation	PROGENy_pathway	TGFb	94	2	92	rank-biserial correlation: event minus reference	-0.239130434782609		TRUE	FALSE	1	TCGA_ESCC_DR45_driver_state_shared_patients	FALSE	FALSE		FALSE	FALSE	same_patient_rna_derived_target	500					insufficient_event_count_descriptive	not_comparable	FALSE
ENSG00000109670.16	FBXW7	strong_patient_level_candidate	mutation	PROGENy_pathway	TNFa	94	2	92	rank-biserial correlation: event minus reference	-0.445652173913043		TRUE	FALSE	1	TCGA_ESCC_DR45_driver_state_shared_patients	FALSE	FALSE		FALSE	FALSE	same_patient_rna_derived_target	500					insufficient_event_count_descriptive	not_comparable	FALSE
ENSG00000109670.16	FBXW7	strong_patient_level_candidate	mutation	PROGENy_pathway	Trail	94	2	92	rank-biserial correlation: event minus reference	0.260869565217391		TRUE	FALSE	1	TCGA_ESCC_DR45_driver_state_shared_patients	FALSE	FALSE		FALSE	FALSE	same_patient_rna_derived_target	500					insufficient_event_count_descriptive	not_comparable	FALSE
ENSG00000109670.16	FBXW7	strong_patient_level_candidate	mutation	PROGENy_pathway	VEGF	94	2	92	rank-biserial correlation: event minus reference	-0.326086956521739		TRUE	FALSE	1	TCGA_ESCC_DR45_driver_state_shared_patients	FALSE	FALSE		FALSE	FALSE	same_patient_rna_derived_target	500					insufficient_event_count_descriptive	not_comparable	FALSE
ENSG00000109670.16	FBXW7	strong_patient_level_candidate	mutation	PROGENy_pathway	WNT	94	2	92	rank-biserial correlation: event minus reference	-0.130434782608696		TRUE	FALSE	1	TCGA_ESCC_DR45_driver_state_shared_patients	FALSE	FALSE		FALSE	FALSE	same_patient_rna_derived_target	500					insufficient_event_count_descriptive	not_comparable	FALSE
ENSG00000109670.16	FBXW7	strong_patient_level_candidate	mutation	PROGENy_pathway	p53	94	2	92	rank-biserial correlation: event minus reference	0.869565217391305		TRUE	FALSE	1	TCGA_ESCC_DR45_driver_state_shared_patients	FALSE	FALSE		FALSE	FALSE	same_patient_rna_derived_target	500					insufficient_event_count_descriptive	not_comparable	FALSE
ENSG00000087460.27	GNAS	strong_patient_level_candidate	homozygous_deletion	PROGENy_pathway	Androgen	94	0	94	rank-biserial correlation: event minus reference			TRUE	FALSE	1	TCGA_ESCC_DR45_driver_state_shared_patients	FALSE	FALSE		FALSE	FALSE	same_patient_rna_derived_target	500					insufficient_event_count_descriptive	not_comparable	FALSE
ENSG00000087460.27	GNAS	strong_patient_level_candidate	homozygous_deletion	PROGENy_pathway	EGFR	94	0	94	rank-biserial correlation: event minus reference			TRUE	FALSE	1	TCGA_ESCC_DR45_driver_state_shared_patients	FALSE	FALSE		FALSE	FALSE	same_patient_rna_derived_target	500					insufficient_event_count_descriptive	not_comparable	FALSE
ENSG00000087460.27	GNAS	strong_patient_level_candidate	homozygous_deletion	PROGENy_pathway	Estrogen	94	0	94	rank-biserial correlation: event minus reference			TRUE	FALSE	1	TCGA_ESCC_DR45_driver_state_shared_patients	FALSE	FALSE		FALSE	FALSE	same_patient_rna_derived_target	500					insufficient_event_count_descriptive	not_comparable	FALSE
ENSG00000087460.27	GNAS	strong_patient_level_candidate	homozygous_deletion	PROGENy_pathway	Hypoxia	94	0	94	rank-biserial correlation: event minus reference			TRUE	FALSE	1	TCGA_ESCC_DR45_driver_state_shared_patients	FALSE	FALSE		FALSE	FALSE	same_patient_rna_derived_target	500					insufficient_event_count_descriptive	not_comparable	FALSE
ENSG00000087460.27	GNAS	strong_patient_level_candidate	homozygous_deletion	PROGENy_pathway	JAK-STAT	94	0	94	rank-biserial correlation: event minus reference			TRUE	FALSE	1	TCGA_ESCC_DR45_driver_state_shared_patients	FALSE	FALSE		FALSE	FALSE	same_patient_rna_derived_target	500					insufficient_event_count_descriptive	not_comparable	FALSE
ENSG00000087460.27	GNAS	strong_patient_level_candidate	homozygous_deletion	PROGENy_pathway	MAPK	94	0	94	rank-biserial correlation: event minus reference			TRUE	FALSE	1	TCGA_ESCC_DR45_driver_state_shared_patients	FALSE	FALSE		FALSE	FALSE	same_patient_rna_derived_target	500					insufficient_event_count_descriptive	not_comparable	FALSE
ENSG00000087460.27	GNAS	strong_patient_level_candidate	homozygous_deletion	PROGENy_pathway	NFkB	94	0	94	rank-biserial correlation: event minus reference			TRUE	FALSE	1	TCGA_ESCC_DR45_driver_state_shared_patients	FALSE	FALSE		FALSE	FALSE	same_patient_rna_derived_target	500					insufficient_event_count_descriptive	not_comparable	FALSE
ENSG00000087460.27	GNAS	strong_patient_level_candidate	homozygous_deletion	PROGENy_pathway	PI3K	94	0	94	rank-biserial correlation: event minus reference			TRUE	FALSE	1	TCGA_ESCC_DR45_driver_state_shared_patients	FALSE	FALSE		FALSE	FALSE	same_patient_rna_derived_target	500					insufficient_event_count_descriptive	not_comparable	FALSE
ENSG00000087460.27	GNAS	strong_patient_level_candidate	homozygous_deletion	PROGENy_pathway	TGFb	94	0	94	rank-biserial correlation: event minus reference			TRUE	FALSE	1	TCGA_ESCC_DR45_driver_state_shared_patients	FALSE	FALSE		FALSE	FALSE	same_patient_rna_derived_target	500					insufficient_event_count_descriptive	not_comparable	FALSE
ENSG00000087460.27	GNAS	strong_patient_level_candidate	homozygous_deletion	PROGENy_pathway	TNFa	94	0	94	rank-biserial correlation: event minus reference			TRUE	FALSE	1	TCGA_ESCC_DR45_driver_state_shared_patients	FALSE	FALSE		FALSE	FALSE	same_patient_rna_derived_target	500					insufficient_event_count_descriptive	not_comparable	FALSE
ENSG00000087460.27	GNAS	strong_patient_level_candidate	homozygous_deletion	PROGENy_pathway	Trail	94	0	94	rank-biserial correlation: event minus reference			TRUE	FALSE	1	TCGA_ESCC_DR45_driver_state_shared_patients	FALSE	FALSE		FALSE	FALSE	same_patient_rna_derived_target	500					insufficient_event_count_descriptive	not_comparable	FALSE
ENSG00000087460.27	GNAS	strong_patient_level_candidate	homozygous_deletion	PROGENy_pathway	VEGF	94	0	94	rank-biserial correlation: event minus reference			TRUE	FALSE	1	TCGA_ESCC_DR45_driver_state_shared_patients	FALSE	FALSE		FALSE	FALSE	same_patient_rna_derived_target	500					insufficient_event_count_descriptive	not_comparable	FALSE
ENSG00000087460.27	GNAS	strong_patient_level_candidate	homozygous_deletion	PROGENy_pathway	WNT	94	0	94	rank-biserial correlation: event minus reference			TRUE	FALSE	1	TCGA_ESCC_DR45_driver_state_shared_patients	FALSE	FALSE		FALSE	FALSE	same_patient_rna_derived_target	500					insufficient_event_count_descriptive	not_comparable	FALSE
ENSG00000087460.27	GNAS	strong_patient_level_candidate	homozygous_deletion	PROGENy_pathway	p53	94	0	94	rank-biserial correlation: event minus reference			TRUE	FALSE	1	TCGA_ESCC_DR45_driver_state_shared_patients	FALSE	FALSE		FALSE	FALSE	same_patient_rna_derived_target	500					insufficient_event_count_descriptive	not_comparable	FALSE
ENSG00000167548.16	KMT2D	strong_patient_level_candidate	amplification	PROGENy_pathway	Androgen	94	1	93	rank-biserial correlation: event minus reference	-0.505376344086022		TRUE	FALSE	1	TCGA_ESCC_DR45_driver_state_shared_patients	FALSE	FALSE		FALSE	FALSE	same_patient_rna_derived_target	500					insufficient_event_count_descriptive	not_comparable	FALSE
ENSG00000167548.16	KMT2D	strong_patient_level_candidate	amplification	PROGENy_pathway	EGFR	94	1	93	rank-biserial correlation: event minus reference	-0.655913978494624		TRUE	FALSE	1	TCGA_ESCC_DR45_driver_state_shared_patients	FALSE	FALSE		FALSE	FALSE	same_patient_rna_derived_target	500					insufficient_event_count_descriptive	not_comparable	FALSE
ENSG00000167548.16	KMT2D	strong_patient_level_candidate	amplification	PROGENy_pathway	Estrogen	94	1	93	rank-biserial correlation: event minus reference	-0.333333333333333		TRUE	FALSE	1	TCGA_ESCC_DR45_driver_state_shared_patients	FALSE	FALSE		FALSE	FALSE	same_patient_rna_derived_target	500					insufficient_event_count_descriptive	not_comparable	FALSE
ENSG00000167548.16	KMT2D	strong_patient_level_candidate	amplification	PROGENy_pathway	Hypoxia	94	1	93	rank-biserial correlation: event minus reference	0.720430107526882		TRUE	FALSE	1	TCGA_ESCC_DR45_driver_state_shared_patients	FALSE	FALSE		FALSE	FALSE	same_patient_rna_derived_target	500					insufficient_event_count_descriptive	not_comparable	FALSE
ENSG00000167548.16	KMT2D	strong_patient_level_candidate	amplification	PROGENy_pathway	JAK-STAT	94	1	93	rank-biserial correlation: event minus reference	-0.698924731182796		TRUE	FALSE	1	TCGA_ESCC_DR45_driver_state_shared_patients	FALSE	FALSE		FALSE	FALSE	same_patient_rna_derived_target	500					insufficient_event_count_descriptive	not_comparable	FALSE
ENSG00000167548.16	KMT2D	strong_patient_level_candidate	amplification	PROGENy_pathway	MAPK	94	1	93	rank-biserial correlation: event minus reference	-0.67741935483871		TRUE	FALSE	1	TCGA_ESCC_DR45_driver_state_shared_patients	FALSE	FALSE		FALSE	FALSE	same_patient_rna_derived_target	500					insufficient_event_count_descriptive	not_comparable	FALSE
ENSG00000167548.16	KMT2D	strong_patient_level_candidate	amplification	PROGENy_pathway	NFkB	94	1	93	rank-biserial correlation: event minus reference	-0.956989247311828		TRUE	FALSE	1	TCGA_ESCC_DR45_driver_state_shared_patients	FALSE	FALSE		FALSE	FALSE	same_patient_rna_derived_target	500					insufficient_event_count_descriptive	not_comparable	FALSE
ENSG00000167548.16	KMT2D	strong_patient_level_candidate	amplification	PROGENy_pathway	PI3K	94	1	93	rank-biserial correlation: event minus reference	-0.46236559139785		TRUE	FALSE	1	TCGA_ESCC_DR45_driver_state_shared_patients	FALSE	FALSE		FALSE	FALSE	same_patient_rna_derived_target	500					insufficient_event_count_descriptive	not_comparable	FALSE
ENSG00000167548.16	KMT2D	strong_patient_level_candidate	amplification	PROGENy_pathway	TGFb	94	1	93	rank-biserial correlation: event minus reference	0.655913978494624		TRUE	FALSE	1	TCGA_ESCC_DR45_driver_state_shared_patients	FALSE	FALSE		FALSE	FALSE	same_patient_rna_derived_target	500					insufficient_event_count_descriptive	not_comparable	FALSE
ENSG00000167548.16	KMT2D	strong_patient_level_candidate	amplification	PROGENy_pathway	TNFa	94	1	93	rank-biserial correlation: event minus reference	-0.935483870967742		TRUE	FALSE	1	TCGA_ESCC_DR45_driver_state_shared_patients	FALSE	FALSE		FALSE	FALSE	same_patient_rna_derived_target	500					insufficient_event_count_descriptive	not_comparable	FALSE
ENSG00000167548.16	KMT2D	strong_patient_level_candidate	amplification	PROGENy_pathway	Trail	94	1	93	rank-biserial correlation: event minus reference	0.548387096774194		TRUE	FALSE	1	TCGA_ESCC_DR45_driver_state_shared_patients	FALSE	FALSE		FALSE	FALSE	same_patient_rna_derived_target	500					insufficient_event_count_descriptive	not_comparable	FALSE
ENSG00000167548.16	KMT2D	strong_patient_level_candidate	amplification	PROGENy_pathway	VEGF	94	1	93	rank-biserial correlation: event minus reference	-0.0967741935483871		TRUE	FALSE	1	TCGA_ESCC_DR45_driver_state_shared_patients	FALSE	FALSE		FALSE	FALSE	same_patient_rna_derived_target	500					insufficient_event_count_descriptive	not_comparable	FALSE
ENSG00000167548.16	KMT2D	strong_patient_level_candidate	amplification	PROGENy_pathway	WNT	94	1	93	rank-biserial correlation: event minus reference	-0.376344086021505		TRUE	FALSE	1	TCGA_ESCC_DR45_driver_state_shared_patients	FALSE	FALSE		FALSE	FALSE	same_patient_rna_derived_target	500					insufficient_event_count_descriptive	not_comparable	FALSE
ENSG00000167548.16	KMT2D	strong_patient_level_candidate	amplification	PROGENy_pathway	p53	94	1	93	rank-biserial correlation: event minus reference	0.311827956989247		TRUE	FALSE	1	TCGA_ESCC_DR45_driver_state_shared_patients	FALSE	FALSE		FALSE	FALSE	same_patient_rna_derived_target	500					insufficient_event_count_descriptive	not_comparable	FALSE
ENSG00000167548.16	KMT2D	strong_patient_level_candidate	homozygous_deletion	PROGENy_pathway	Androgen	94	0	94	rank-biserial correlation: event minus reference			TRUE	FALSE	1	TCGA_ESCC_DR45_driver_state_shared_patients	FALSE	FALSE		FALSE	FALSE	same_patient_rna_derived_target	500					insufficient_event_count_descriptive	not_comparable	FALSE
ENSG00000167548.16	KMT2D	strong_patient_level_candidate	homozygous_deletion	PROGENy_pathway	EGFR	94	0	94	rank-biserial correlation: event minus reference			TRUE	FALSE	1	TCGA_ESCC_DR45_driver_state_shared_patients	FALSE	FALSE		FALSE	FALSE	same_patient_rna_derived_target	500					insufficient_event_count_descriptive	not_comparable	FALSE
ENSG00000167548.16	KMT2D	strong_patient_level_candidate	homozygous_deletion	PROGENy_pathway	Estrogen	94	0	94	rank-biserial correlation: event minus reference			TRUE	FALSE	1	TCGA_ESCC_DR45_driver_state_shared_patients	FALSE	FALSE		FALSE	FALSE	same_patient_rna_derived_target	500					insufficient_event_count_descriptive	not_comparable	FALSE
ENSG00000167548.16	KMT2D	strong_patient_level_candidate	homozygous_deletion	PROGENy_pathway	Hypoxia	94	0	94	rank-biserial correlation: event minus reference			TRUE	FALSE	1	TCGA_ESCC_DR45_driver_state_shared_patients	FALSE	FALSE		FALSE	FALSE	same_patient_rna_derived_target	500					insufficient_event_count_descriptive	not_comparable	FALSE
ENSG00000167548.16	KMT2D	strong_patient_level_candidate	homozygous_deletion	PROGENy_pathway	JAK-STAT	94	0	94	rank-biserial correlation: event minus reference			TRUE	FALSE	1	TCGA_ESCC_DR45_driver_state_shared_patients	FALSE	FALSE		FALSE	FALSE	same_patient_rna_derived_target	500					insufficient_event_count_descriptive	not_comparable	FALSE
ENSG00000167548.16	KMT2D	strong_patient_level_candidate	homozygous_deletion	PROGENy_pathway	MAPK	94	0	94	rank-biserial correlation: event minus reference			TRUE	FALSE	1	TCGA_ESCC_DR45_driver_state_shared_patients	FALSE	FALSE		FALSE	FALSE	same_patient_rna_derived_target	500					insufficient_event_count_descriptive	not_comparable	FALSE
ENSG00000167548.16	KMT2D	strong_patient_level_candidate	homozygous_deletion	PROGENy_pathway	NFkB	94	0	94	rank-biserial correlation: event minus reference			TRUE	FALSE	1	TCGA_ESCC_DR45_driver_state_shared_patients	FALSE	FALSE		FALSE	FALSE	same_patient_rna_derived_target	500					insufficient_event_count_descriptive	not_comparable	FALSE
ENSG00000167548.16	KMT2D	strong_patient_level_candidate	homozygous_deletion	PROGENy_pathway	PI3K	94	0	94	rank-biserial correlation: event minus reference			TRUE	FALSE	1	TCGA_ESCC_DR45_driver_state_shared_patients	FALSE	FALSE		FALSE	FALSE	same_patient_rna_derived_target	500					insufficient_event_count_descriptive	not_comparable	FALSE
ENSG00000167548.16	KMT2D	strong_patient_level_candidate	homozygous_deletion	PROGENy_pathway	TGFb	94	0	94	rank-biserial correlation: event minus reference			TRUE	FALSE	1	TCGA_ESCC_DR45_driver_state_shared_patients	FALSE	FALSE		FALSE	FALSE	same_patient_rna_derived_target	500					insufficient_event_count_descriptive	not_comparable	FALSE
ENSG00000167548.16	KMT2D	strong_patient_level_candidate	homozygous_deletion	PROGENy_pathway	TNFa	94	0	94	rank-biserial correlation: event minus reference			TRUE	FALSE	1	TCGA_ESCC_DR45_driver_state_shared_patients	FALSE	FALSE		FALSE	FALSE	same_patient_rna_derived_target	500					insufficient_event_count_descriptive	not_comparable	FALSE
ENSG00000167548.16	KMT2D	strong_patient_level_candidate	homozygous_deletion	PROGENy_pathway	Trail	94	0	94	rank-biserial correlation: event minus reference			TRUE	FALSE	1	TCGA_ESCC_DR45_driver_state_shared_patients	FALSE	FALSE		FALSE	FALSE	same_patient_rna_derived_target	500					insufficient_event_count_descriptive	not_comparable	FALSE
ENSG00000167548.16	KMT2D	strong_patient_level_candidate	homozygous_deletion	PROGENy_pathway	VEGF	94	0	94	rank-biserial correlation: event minus reference			TRUE	FALSE	1	TCGA_ESCC_DR45_driver_state_shared_patients	FALSE	FALSE		FALSE	FALSE	same_patient_rna_derived_target	500					insufficient_event_count_descriptive	not_comparable	FALSE
ENSG00000167548.16	KMT2D	strong_patient_level_candidate	homozygous_deletion	PROGENy_pathway	WNT	94	0	94	rank-biserial correlation: event minus reference			TRUE	FALSE	1	TCGA_ESCC_DR45_driver_state_shared_patients	FALSE	FALSE		FALSE	FALSE	same_patient_rna_derived_target	500					insufficient_event_count_descriptive	not_comparable	FALSE
ENSG00000167548.16	KMT2D	strong_patient_level_candidate	homozygous_deletion	PROGENy_pathway	p53	94	0	94	rank-biserial correlation: event minus reference			TRUE	FALSE	1	TCGA_ESCC_DR45_driver_state_shared_patients	FALSE	FALSE		FALSE	FALSE	same_patient_rna_derived_target	500					insufficient_event_count_descriptive	not_comparable	FALSE
ENSG00000116044.16	NFE2L2	strong_patient_level_candidate	homozygous_deletion	PROGENy_pathway	Androgen	94	0	94	rank-biserial correlation: event minus reference			TRUE	FALSE	1	TCGA_ESCC_DR45_driver_state_shared_patients	FALSE	FALSE		FALSE	FALSE	same_patient_rna_derived_target	500					insufficient_event_count_descriptive	not_comparable	FALSE
ENSG00000116044.16	NFE2L2	strong_patient_level_candidate	homozygous_deletion	PROGENy_pathway	EGFR	94	0	94	rank-biserial correlation: event minus reference			TRUE	FALSE	1	TCGA_ESCC_DR45_driver_state_shared_patients	FALSE	FALSE		FALSE	FALSE	same_patient_rna_derived_target	500					insufficient_event_count_descriptive	not_comparable	FALSE
ENSG00000116044.16	NFE2L2	strong_patient_level_candidate	homozygous_deletion	PROGENy_pathway	Estrogen	94	0	94	rank-biserial correlation: event minus reference			TRUE	FALSE	1	TCGA_ESCC_DR45_driver_state_shared_patients	FALSE	FALSE		FALSE	FALSE	same_patient_rna_derived_target	500					insufficient_event_count_descriptive	not_comparable	FALSE
ENSG00000116044.16	NFE2L2	strong_patient_level_candidate	homozygous_deletion	PROGENy_pathway	Hypoxia	94	0	94	rank-biserial correlation: event minus reference			TRUE	FALSE	1	TCGA_ESCC_DR45_driver_state_shared_patients	FALSE	FALSE		FALSE	FALSE	same_patient_rna_derived_target	500					insufficient_event_count_descriptive	not_comparable	FALSE
ENSG00000116044.16	NFE2L2	strong_patient_level_candidate	homozygous_deletion	PROGENy_pathway	JAK-STAT	94	0	94	rank-biserial correlation: event minus reference			TRUE	FALSE	1	TCGA_ESCC_DR45_driver_state_shared_patients	FALSE	FALSE		FALSE	FALSE	same_patient_rna_derived_target	500					insufficient_event_count_descriptive	not_comparable	FALSE
ENSG00000116044.16	NFE2L2	strong_patient_level_candidate	homozygous_deletion	PROGENy_pathway	MAPK	94	0	94	rank-biserial correlation: event minus reference			TRUE	FALSE	1	TCGA_ESCC_DR45_driver_state_shared_patients	FALSE	FALSE		FALSE	FALSE	same_patient_rna_derived_target	500					insufficient_event_count_descriptive	not_comparable	FALSE
ENSG00000116044.16	NFE2L2	strong_patient_level_candidate	homozygous_deletion	PROGENy_pathway	NFkB	94	0	94	rank-biserial correlation: event minus reference			TRUE	FALSE	1	TCGA_ESCC_DR45_driver_state_shared_patients	FALSE	FALSE		FALSE	FALSE	same_patient_rna_derived_target	500					insufficient_event_count_descriptive	not_comparable	FALSE
ENSG00000116044.16	NFE2L2	strong_patient_level_candidate	homozygous_deletion	PROGENy_pathway	PI3K	94	0	94	rank-biserial correlation: event minus reference			TRUE	FALSE	1	TCGA_ESCC_DR45_driver_state_shared_patients	FALSE	FALSE		FALSE	FALSE	same_patient_rna_derived_target	500					insufficient_event_count_descriptive	not_comparable	FALSE
ENSG00000116044.16	NFE2L2	strong_patient_level_candidate	homozygous_deletion	PROGENy_pathway	TGFb	94	0	94	rank-biserial correlation: event minus reference			TRUE	FALSE	1	TCGA_ESCC_DR45_driver_state_shared_patients	FALSE	FALSE		FALSE	FALSE	same_patient_rna_derived_target	500					insufficient_event_count_descriptive	not_comparable	FALSE
ENSG00000116044.16	NFE2L2	strong_patient_level_candidate	homozygous_deletion	PROGENy_pathway	TNFa	94	0	94	rank-biserial correlation: event minus reference			TRUE	FALSE	1	TCGA_ESCC_DR45_driver_state_shared_patients	FALSE	FALSE		FALSE	FALSE	same_patient_rna_derived_target	500					insufficient_event_count_descriptive	not_comparable	FALSE
ENSG00000116044.16	NFE2L2	strong_patient_level_candidate	homozygous_deletion	PROGENy_pathway	Trail	94	0	94	rank-biserial correlation: event minus reference			TRUE	FALSE	1	TCGA_ESCC_DR45_driver_state_shared_patients	FALSE	FALSE		FALSE	FALSE	same_patient_rna_derived_target	500					insufficient_event_count_descriptive	not_comparable	FALSE
ENSG00000116044.16	NFE2L2	strong_patient_level_candidate	homozygous_deletion	PROGENy_pathway	VEGF	94	0	94	rank-biserial correlation: event minus reference			TRUE	FALSE	1	TCGA_ESCC_DR45_driver_state_shared_patients	FALSE	FALSE		FALSE	FALSE	same_patient_rna_derived_target	500					insufficient_event_count_descriptive	not_comparable	FALSE
ENSG00000116044.16	NFE2L2	strong_patient_level_candidate	homozygous_deletion	PROGENy_pathway	WNT	94	0	94	rank-biserial correlation: event minus reference			TRUE	FALSE	1	TCGA_ESCC_DR45_driver_state_shared_patients	FALSE	FALSE		FALSE	FALSE	same_patient_rna_derived_target	500					insufficient_event_count_descriptive	not_comparable	FALSE
ENSG00000116044.16	NFE2L2	strong_patient_level_candidate	homozygous_deletion	PROGENy_pathway	p53	94	0	94	rank-biserial correlation: event minus reference			TRUE	FALSE	1	TCGA_ESCC_DR45_driver_state_shared_patients	FALSE	FALSE		FALSE	FALSE	same_patient_rna_derived_target	500					insufficient_event_count_descriptive	not_comparable	FALSE
ENSG00000148400.12	NOTCH1	strong_patient_level_candidate	homozygous_deletion	PROGENy_pathway	Androgen	94	0	94	rank-biserial correlation: event minus reference			TRUE	FALSE	1	TCGA_ESCC_DR45_driver_state_shared_patients	FALSE	FALSE		FALSE	FALSE	same_patient_rna_derived_target	500					insufficient_event_count_descriptive	not_comparable	FALSE
ENSG00000148400.12	NOTCH1	strong_patient_level_candidate	homozygous_deletion	PROGENy_pathway	EGFR	94	0	94	rank-biserial correlation: event minus reference			TRUE	FALSE	1	TCGA_ESCC_DR45_driver_state_shared_patients	FALSE	FALSE		FALSE	FALSE	same_patient_rna_derived_target	500					insufficient_event_count_descriptive	not_comparable	FALSE
ENSG00000148400.12	NOTCH1	strong_patient_level_candidate	homozygous_deletion	PROGENy_pathway	Estrogen	94	0	94	rank-biserial correlation: event minus reference			TRUE	FALSE	1	TCGA_ESCC_DR45_driver_state_shared_patients	FALSE	FALSE		FALSE	FALSE	same_patient_rna_derived_target	500					insufficient_event_count_descriptive	not_comparable	FALSE
ENSG00000148400.12	NOTCH1	strong_patient_level_candidate	homozygous_deletion	PROGENy_pathway	Hypoxia	94	0	94	rank-biserial correlation: event minus reference			TRUE	FALSE	1	TCGA_ESCC_DR45_driver_state_shared_patients	FALSE	FALSE		FALSE	FALSE	same_patient_rna_derived_target	500					insufficient_event_count_descriptive	not_comparable	FALSE
ENSG00000148400.12	NOTCH1	strong_patient_level_candidate	homozygous_deletion	PROGENy_pathway	JAK-STAT	94	0	94	rank-biserial correlation: event minus reference			TRUE	FALSE	1	TCGA_ESCC_DR45_driver_state_shared_patients	FALSE	FALSE		FALSE	FALSE	same_patient_rna_derived_target	500					insufficient_event_count_descriptive	not_comparable	FALSE
ENSG00000148400.12	NOTCH1	strong_patient_level_candidate	homozygous_deletion	PROGENy_pathway	MAPK	94	0	94	rank-biserial correlation: event minus reference			TRUE	FALSE	1	TCGA_ESCC_DR45_driver_state_shared_patients	FALSE	FALSE		FALSE	FALSE	same_patient_rna_derived_target	500					insufficient_event_count_descriptive	not_comparable	FALSE
ENSG00000148400.12	NOTCH1	strong_patient_level_candidate	homozygous_deletion	PROGENy_pathway	NFkB	94	0	94	rank-biserial correlation: event minus reference			TRUE	FALSE	1	TCGA_ESCC_DR45_driver_state_shared_patients	FALSE	FALSE		FALSE	FALSE	same_patient_rna_derived_target	500					insufficient_event_count_descriptive	not_comparable	FALSE
ENSG00000148400.12	NOTCH1	strong_patient_level_candidate	homozygous_deletion	PROGENy_pathway	PI3K	94	0	94	rank-biserial correlation: event minus reference			TRUE	FALSE	1	TCGA_ESCC_DR45_driver_state_shared_patients	FALSE	FALSE		FALSE	FALSE	same_patient_rna_derived_target	500					insufficient_event_count_descriptive	not_comparable	FALSE
ENSG00000148400.12	NOTCH1	strong_patient_level_candidate	homozygous_deletion	PROGENy_pathway	TGFb	94	0	94	rank-biserial correlation: event minus reference			TRUE	FALSE	1	TCGA_ESCC_DR45_driver_state_shared_patients	FALSE	FALSE		FALSE	FALSE	same_patient_rna_derived_target	500					insufficient_event_count_descriptive	not_comparable	FALSE
ENSG00000148400.12	NOTCH1	strong_patient_level_candidate	homozygous_deletion	PROGENy_pathway	TNFa	94	0	94	rank-biserial correlation: event minus reference			TRUE	FALSE	1	TCGA_ESCC_DR45_driver_state_shared_patients	FALSE	FALSE		FALSE	FALSE	same_patient_rna_derived_target	500					insufficient_event_count_descriptive	not_comparable	FALSE
ENSG00000148400.12	NOTCH1	strong_patient_level_candidate	homozygous_deletion	PROGENy_pathway	Trail	94	0	94	rank-biserial correlation: event minus reference			TRUE	FALSE	1	TCGA_ESCC_DR45_driver_state_shared_patients	FALSE	FALSE		FALSE	FALSE	same_patient_rna_derived_target	500					insufficient_event_count_descriptive	not_comparable	FALSE
ENSG00000148400.12	NOTCH1	strong_patient_level_candidate	homozygous_deletion	PROGENy_pathway	VEGF	94	0	94	rank-biserial correlation: event minus reference			TRUE	FALSE	1	TCGA_ESCC_DR45_driver_state_shared_patients	FALSE	FALSE		FALSE	FALSE	same_patient_rna_derived_target	500					insufficient_event_count_descriptive	not_comparable	FALSE
ENSG00000148400.12	NOTCH1	strong_patient_level_candidate	homozygous_deletion	PROGENy_pathway	WNT	94	0	94	rank-biserial correlation: event minus reference			TRUE	FALSE	1	TCGA_ESCC_DR45_driver_state_shared_patients	FALSE	FALSE		FALSE	FALSE	same_patient_rna_derived_target	500					insufficient_event_count_descriptive	not_comparable	FALSE
ENSG00000148400.12	NOTCH1	strong_patient_level_candidate	homozygous_deletion	PROGENy_pathway	p53	94	0	94	rank-biserial correlation: event minus reference			TRUE	FALSE	1	TCGA_ESCC_DR45_driver_state_shared_patients	FALSE	FALSE		FALSE	FALSE	same_patient_rna_derived_target	500					insufficient_event_count_descriptive	not_comparable	FALSE
ENSG00000074181.9	NOTCH3	strong_patient_level_candidate	homozygous_deletion	PROGENy_pathway	Androgen	94	0	94	rank-biserial correlation: event minus reference			TRUE	FALSE	1	TCGA_ESCC_DR45_driver_state_shared_patients	FALSE	FALSE		FALSE	FALSE	same_patient_rna_derived_target	500					insufficient_event_count_descriptive	not_comparable	FALSE
ENSG00000074181.9	NOTCH3	strong_patient_level_candidate	homozygous_deletion	PROGENy_pathway	EGFR	94	0	94	rank-biserial correlation: event minus reference			TRUE	FALSE	1	TCGA_ESCC_DR45_driver_state_shared_patients	FALSE	FALSE		FALSE	FALSE	same_patient_rna_derived_target	500					insufficient_event_count_descriptive	not_comparable	FALSE
ENSG00000074181.9	NOTCH3	strong_patient_level_candidate	homozygous_deletion	PROGENy_pathway	Estrogen	94	0	94	rank-biserial correlation: event minus reference			TRUE	FALSE	1	TCGA_ESCC_DR45_driver_state_shared_patients	FALSE	FALSE		FALSE	FALSE	same_patient_rna_derived_target	500					insufficient_event_count_descriptive	not_comparable	FALSE
ENSG00000074181.9	NOTCH3	strong_patient_level_candidate	homozygous_deletion	PROGENy_pathway	Hypoxia	94	0	94	rank-biserial correlation: event minus reference			TRUE	FALSE	1	TCGA_ESCC_DR45_driver_state_shared_patients	FALSE	FALSE		FALSE	FALSE	same_patient_rna_derived_target	500					insufficient_event_count_descriptive	not_comparable	FALSE
ENSG00000074181.9	NOTCH3	strong_patient_level_candidate	homozygous_deletion	PROGENy_pathway	JAK-STAT	94	0	94	rank-biserial correlation: event minus reference			TRUE	FALSE	1	TCGA_ESCC_DR45_driver_state_shared_patients	FALSE	FALSE		FALSE	FALSE	same_patient_rna_derived_target	500					insufficient_event_count_descriptive	not_comparable	FALSE
ENSG00000074181.9	NOTCH3	strong_patient_level_candidate	homozygous_deletion	PROGENy_pathway	MAPK	94	0	94	rank-biserial correlation: event minus reference			TRUE	FALSE	1	TCGA_ESCC_DR45_driver_state_shared_patients	FALSE	FALSE		FALSE	FALSE	same_patient_rna_derived_target	500					insufficient_event_count_descriptive	not_comparable	FALSE
ENSG00000074181.9	NOTCH3	strong_patient_level_candidate	homozygous_deletion	PROGENy_pathway	NFkB	94	0	94	rank-biserial correlation: event minus reference			TRUE	FALSE	1	TCGA_ESCC_DR45_driver_state_shared_patients	FALSE	FALSE		FALSE	FALSE	same_patient_rna_derived_target	500					insufficient_event_count_descriptive	not_comparable	FALSE
ENSG00000074181.9	NOTCH3	strong_patient_level_candidate	homozygous_deletion	PROGENy_pathway	PI3K	94	0	94	rank-biserial correlation: event minus reference			TRUE	FALSE	1	TCGA_ESCC_DR45_driver_state_shared_patients	FALSE	FALSE		FALSE	FALSE	same_patient_rna_derived_target	500					insufficient_event_count_descriptive	not_comparable	FALSE
ENSG00000074181.9	NOTCH3	strong_patient_level_candidate	homozygous_deletion	PROGENy_pathway	TGFb	94	0	94	rank-biserial correlation: event minus reference			TRUE	FALSE	1	TCGA_ESCC_DR45_driver_state_shared_patients	FALSE	FALSE		FALSE	FALSE	same_patient_rna_derived_target	500					insufficient_event_count_descriptive	not_comparable	FALSE
ENSG00000074181.9	NOTCH3	strong_patient_level_candidate	homozygous_deletion	PROGENy_pathway	TNFa	94	0	94	rank-biserial correlation: event minus reference			TRUE	FALSE	1	TCGA_ESCC_DR45_driver_state_shared_patients	FALSE	FALSE		FALSE	FALSE	same_patient_rna_derived_target	500					insufficient_event_count_descriptive	not_comparable	FALSE
ENSG00000074181.9	NOTCH3	strong_patient_level_candidate	homozygous_deletion	PROGENy_pathway	Trail	94	0	94	rank-biserial correlation: event minus reference			TRUE	FALSE	1	TCGA_ESCC_DR45_driver_state_shared_patients	FALSE	FALSE		FALSE	FALSE	same_patient_rna_derived_target	500					insufficient_event_count_descriptive	not_comparable	FALSE
ENSG00000074181.9	NOTCH3	strong_patient_level_candidate	homozygous_deletion	PROGENy_pathway	VEGF	94	0	94	rank-biserial correlation: event minus reference			TRUE	FALSE	1	TCGA_ESCC_DR45_driver_state_shared_patients	FALSE	FALSE		FALSE	FALSE	same_patient_rna_derived_target	500					insufficient_event_count_descriptive	not_comparable	FALSE
ENSG00000074181.9	NOTCH3	strong_patient_level_candidate	homozygous_deletion	PROGENy_pathway	WNT	94	0	94	rank-biserial correlation: event minus reference			TRUE	FALSE	1	TCGA_ESCC_DR45_driver_state_shared_patients	FALSE	FALSE		FALSE	FALSE	same_patient_rna_derived_target	500					insufficient_event_count_descriptive	not_comparable	FALSE
ENSG00000074181.9	NOTCH3	strong_patient_level_candidate	homozygous_deletion	PROGENy_pathway	p53	94	0	94	rank-biserial correlation: event minus reference			TRUE	FALSE	1	TCGA_ESCC_DR45_driver_state_shared_patients	FALSE	FALSE		FALSE	FALSE	same_patient_rna_derived_target	500					insufficient_event_count_descriptive	not_comparable	FALSE
ENSG00000121879.6	PIK3CA	strong_patient_level_candidate	homozygous_deletion	PROGENy_pathway	Androgen	94	0	94	rank-biserial correlation: event minus reference			TRUE	TRUE	2	TCGA_ESCC_DR45_driver_state_shared_patients	FALSE	FALSE		FALSE	FALSE	same_patient_rna_derived_target	500					insufficient_event_count_descriptive	not_comparable	FALSE
ENSG00000121879.6	PIK3CA	strong_patient_level_candidate	homozygous_deletion	PROGENy_pathway	EGFR	94	0	94	rank-biserial correlation: event minus reference			TRUE	TRUE	2	TCGA_ESCC_DR45_driver_state_shared_patients	FALSE	FALSE		FALSE	FALSE	same_patient_rna_derived_target	500					insufficient_event_count_descriptive	not_comparable	FALSE
ENSG00000121879.6	PIK3CA	strong_patient_level_candidate	homozygous_deletion	PROGENy_pathway	Estrogen	94	0	94	rank-biserial correlation: event minus reference			TRUE	TRUE	2	TCGA_ESCC_DR45_driver_state_shared_patients	FALSE	FALSE		FALSE	FALSE	same_patient_rna_derived_target	500					insufficient_event_count_descriptive	not_comparable	FALSE
ENSG00000121879.6	PIK3CA	strong_patient_level_candidate	homozygous_deletion	PROGENy_pathway	Hypoxia	94	0	94	rank-biserial correlation: event minus reference			TRUE	TRUE	2	TCGA_ESCC_DR45_driver_state_shared_patients	FALSE	FALSE		FALSE	FALSE	same_patient_rna_derived_target	500					insufficient_event_count_descriptive	not_comparable	FALSE
ENSG00000121879.6	PIK3CA	strong_patient_level_candidate	homozygous_deletion	PROGENy_pathway	JAK-STAT	94	0	94	rank-biserial correlation: event minus reference			TRUE	TRUE	2	TCGA_ESCC_DR45_driver_state_shared_patients	FALSE	FALSE		FALSE	FALSE	same_patient_rna_derived_target	500					insufficient_event_count_descriptive	not_comparable	FALSE
ENSG00000121879.6	PIK3CA	strong_patient_level_candidate	homozygous_deletion	PROGENy_pathway	MAPK	94	0	94	rank-biserial correlation: event minus reference			TRUE	TRUE	2	TCGA_ESCC_DR45_driver_state_shared_patients	FALSE	FALSE		FALSE	FALSE	same_patient_rna_derived_target	500					insufficient_event_count_descriptive	not_comparable	FALSE
ENSG00000121879.6	PIK3CA	strong_patient_level_candidate	homozygous_deletion	PROGENy_pathway	NFkB	94	0	94	rank-biserial correlation: event minus reference			TRUE	TRUE	2	TCGA_ESCC_DR45_driver_state_shared_patients	FALSE	FALSE		FALSE	FALSE	same_patient_rna_derived_target	500					insufficient_event_count_descriptive	not_comparable	FALSE
ENSG00000121879.6	PIK3CA	strong_patient_level_candidate	homozygous_deletion	PROGENy_pathway	PI3K	94	0	94	rank-biserial correlation: event minus reference			TRUE	TRUE	2	TCGA_ESCC_DR45_driver_state_shared_patients	FALSE	FALSE		FALSE	FALSE	same_patient_rna_derived_target	500					insufficient_event_count_descriptive	not_comparable	FALSE
ENSG00000121879.6	PIK3CA	strong_patient_level_candidate	homozygous_deletion	PROGENy_pathway	TGFb	94	0	94	rank-biserial correlation: event minus reference			TRUE	TRUE	2	TCGA_ESCC_DR45_driver_state_shared_patients	FALSE	FALSE		FALSE	FALSE	same_patient_rna_derived_target	500					insufficient_event_count_descriptive	not_comparable	FALSE
ENSG00000121879.6	PIK3CA	strong_patient_level_candidate	homozygous_deletion	PROGENy_pathway	TNFa	94	0	94	rank-biserial correlation: event minus reference			TRUE	TRUE	2	TCGA_ESCC_DR45_driver_state_shared_patients	FALSE	FALSE		FALSE	FALSE	same_patient_rna_derived_target	500					insufficient_event_count_descriptive	not_comparable	FALSE
ENSG00000121879.6	PIK3CA	strong_patient_level_candidate	homozygous_deletion	PROGENy_pathway	Trail	94	0	94	rank-biserial correlation: event minus reference			TRUE	TRUE	2	TCGA_ESCC_DR45_driver_state_shared_patients	FALSE	FALSE		FALSE	FALSE	same_patient_rna_derived_target	500					insufficient_event_count_descriptive	not_comparable	FALSE
ENSG00000121879.6	PIK3CA	strong_patient_level_candidate	homozygous_deletion	PROGENy_pathway	VEGF	94	0	94	rank-biserial correlation: event minus reference			TRUE	TRUE	2	TCGA_ESCC_DR45_driver_state_shared_patients	FALSE	FALSE		FALSE	FALSE	same_patient_rna_derived_target	500					insufficient_event_count_descriptive	not_comparable	FALSE
ENSG00000121879.6	PIK3CA	strong_patient_level_candidate	homozygous_deletion	PROGENy_pathway	WNT	94	0	94	rank-biserial correlation: event minus reference			TRUE	TRUE	2	TCGA_ESCC_DR45_driver_state_shared_patients	FALSE	FALSE		FALSE	FALSE	same_patient_rna_derived_target	500					insufficient_event_count_descriptive	not_comparable	FALSE
ENSG00000121879.6	PIK3CA	strong_patient_level_candidate	homozygous_deletion	PROGENy_pathway	p53	94	0	94	rank-biserial correlation: event minus reference			TRUE	TRUE	2	TCGA_ESCC_DR45_driver_state_shared_patients	FALSE	FALSE		FALSE	FALSE	same_patient_rna_derived_target	500					insufficient_event_count_descriptive	not_comparable	FALSE
ENSG00000185920.16	PTCH1	strong_patient_level_candidate	homozygous_deletion	PROGENy_pathway	Androgen	94	0	94	rank-biserial correlation: event minus reference			TRUE	FALSE	1	TCGA_ESCC_DR45_driver_state_shared_patients	FALSE	FALSE		FALSE	FALSE	same_patient_rna_derived_target	500					insufficient_event_count_descriptive	not_comparable	FALSE
ENSG00000185920.16	PTCH1	strong_patient_level_candidate	homozygous_deletion	PROGENy_pathway	EGFR	94	0	94	rank-biserial correlation: event minus reference			TRUE	FALSE	1	TCGA_ESCC_DR45_driver_state_shared_patients	FALSE	FALSE		FALSE	FALSE	same_patient_rna_derived_target	500					insufficient_event_count_descriptive	not_comparable	FALSE
ENSG00000185920.16	PTCH1	strong_patient_level_candidate	homozygous_deletion	PROGENy_pathway	Estrogen	94	0	94	rank-biserial correlation: event minus reference			TRUE	FALSE	1	TCGA_ESCC_DR45_driver_state_shared_patients	FALSE	FALSE		FALSE	FALSE	same_patient_rna_derived_target	500					insufficient_event_count_descriptive	not_comparable	FALSE
ENSG00000185920.16	PTCH1	strong_patient_level_candidate	homozygous_deletion	PROGENy_pathway	Hypoxia	94	0	94	rank-biserial correlation: event minus reference			TRUE	FALSE	1	TCGA_ESCC_DR45_driver_state_shared_patients	FALSE	FALSE		FALSE	FALSE	same_patient_rna_derived_target	500					insufficient_event_count_descriptive	not_comparable	FALSE
ENSG00000185920.16	PTCH1	strong_patient_level_candidate	homozygous_deletion	PROGENy_pathway	JAK-STAT	94	0	94	rank-biserial correlation: event minus reference			TRUE	FALSE	1	TCGA_ESCC_DR45_driver_state_shared_patients	FALSE	FALSE		FALSE	FALSE	same_patient_rna_derived_target	500					insufficient_event_count_descriptive	not_comparable	FALSE
ENSG00000185920.16	PTCH1	strong_patient_level_candidate	homozygous_deletion	PROGENy_pathway	MAPK	94	0	94	rank-biserial correlation: event minus reference			TRUE	FALSE	1	TCGA_ESCC_DR45_driver_state_shared_patients	FALSE	FALSE		FALSE	FALSE	same_patient_rna_derived_target	500					insufficient_event_count_descriptive	not_comparable	FALSE
ENSG00000185920.16	PTCH1	strong_patient_level_candidate	homozygous_deletion	PROGENy_pathway	NFkB	94	0	94	rank-biserial correlation: event minus reference			TRUE	FALSE	1	TCGA_ESCC_DR45_driver_state_shared_patients	FALSE	FALSE		FALSE	FALSE	same_patient_rna_derived_target	500					insufficient_event_count_descriptive	not_comparable	FALSE
ENSG00000185920.16	PTCH1	strong_patient_level_candidate	homozygous_deletion	PROGENy_pathway	PI3K	94	0	94	rank-biserial correlation: event minus reference			TRUE	FALSE	1	TCGA_ESCC_DR45_driver_state_shared_patients	FALSE	FALSE		FALSE	FALSE	same_patient_rna_derived_target	500					insufficient_event_count_descriptive	not_comparable	FALSE
ENSG00000185920.16	PTCH1	strong_patient_level_candidate	homozygous_deletion	PROGENy_pathway	TGFb	94	0	94	rank-biserial correlation: event minus reference			TRUE	FALSE	1	TCGA_ESCC_DR45_driver_state_shared_patients	FALSE	FALSE		FALSE	FALSE	same_patient_rna_derived_target	500					insufficient_event_count_descriptive	not_comparable	FALSE
ENSG00000185920.16	PTCH1	strong_patient_level_candidate	homozygous_deletion	PROGENy_pathway	TNFa	94	0	94	rank-biserial correlation: event minus reference			TRUE	FALSE	1	TCGA_ESCC_DR45_driver_state_shared_patients	FALSE	FALSE		FALSE	FALSE	same_patient_rna_derived_target	500					insufficient_event_count_descriptive	not_comparable	FALSE
ENSG00000185920.16	PTCH1	strong_patient_level_candidate	homozygous_deletion	PROGENy_pathway	Trail	94	0	94	rank-biserial correlation: event minus reference			TRUE	FALSE	1	TCGA_ESCC_DR45_driver_state_shared_patients	FALSE	FALSE		FALSE	FALSE	same_patient_rna_derived_target	500					insufficient_event_count_descriptive	not_comparable	FALSE
ENSG00000185920.16	PTCH1	strong_patient_level_candidate	homozygous_deletion	PROGENy_pathway	VEGF	94	0	94	rank-biserial correlation: event minus reference			TRUE	FALSE	1	TCGA_ESCC_DR45_driver_state_shared_patients	FALSE	FALSE		FALSE	FALSE	same_patient_rna_derived_target	500					insufficient_event_count_descriptive	not_comparable	FALSE
ENSG00000185920.16	PTCH1	strong_patient_level_candidate	homozygous_deletion	PROGENy_pathway	WNT	94	0	94	rank-biserial correlation: event minus reference			TRUE	FALSE	1	TCGA_ESCC_DR45_driver_state_shared_patients	FALSE	FALSE		FALSE	FALSE	same_patient_rna_derived_target	500					insufficient_event_count_descriptive	not_comparable	FALSE
ENSG00000185920.16	PTCH1	strong_patient_level_candidate	homozygous_deletion	PROGENy_pathway	p53	94	0	94	rank-biserial correlation: event minus reference			TRUE	FALSE	1	TCGA_ESCC_DR45_driver_state_shared_patients	FALSE	FALSE		FALSE	FALSE	same_patient_rna_derived_target	500					insufficient_event_count_descriptive	not_comparable	FALSE
ENSG00000127616.19	SMARCA4	strong_patient_level_candidate	homozygous_deletion	PROGENy_pathway	Androgen	94	0	94	rank-biserial correlation: event minus reference			TRUE	FALSE	1	TCGA_ESCC_DR45_driver_state_shared_patients	FALSE	FALSE		FALSE	FALSE	same_patient_rna_derived_target	500					insufficient_event_count_descriptive	not_comparable	FALSE
ENSG00000127616.19	SMARCA4	strong_patient_level_candidate	homozygous_deletion	PROGENy_pathway	EGFR	94	0	94	rank-biserial correlation: event minus reference			TRUE	FALSE	1	TCGA_ESCC_DR45_driver_state_shared_patients	FALSE	FALSE		FALSE	FALSE	same_patient_rna_derived_target	500					insufficient_event_count_descriptive	not_comparable	FALSE
ENSG00000127616.19	SMARCA4	strong_patient_level_candidate	homozygous_deletion	PROGENy_pathway	Estrogen	94	0	94	rank-biserial correlation: event minus reference			TRUE	FALSE	1	TCGA_ESCC_DR45_driver_state_shared_patients	FALSE	FALSE		FALSE	FALSE	same_patient_rna_derived_target	500					insufficient_event_count_descriptive	not_comparable	FALSE
ENSG00000127616.19	SMARCA4	strong_patient_level_candidate	homozygous_deletion	PROGENy_pathway	Hypoxia	94	0	94	rank-biserial correlation: event minus reference			TRUE	FALSE	1	TCGA_ESCC_DR45_driver_state_shared_patients	FALSE	FALSE		FALSE	FALSE	same_patient_rna_derived_target	500					insufficient_event_count_descriptive	not_comparable	FALSE
ENSG00000127616.19	SMARCA4	strong_patient_level_candidate	homozygous_deletion	PROGENy_pathway	JAK-STAT	94	0	94	rank-biserial correlation: event minus reference			TRUE	FALSE	1	TCGA_ESCC_DR45_driver_state_shared_patients	FALSE	FALSE		FALSE	FALSE	same_patient_rna_derived_target	500					insufficient_event_count_descriptive	not_comparable	FALSE
ENSG00000127616.19	SMARCA4	strong_patient_level_candidate	homozygous_deletion	PROGENy_pathway	MAPK	94	0	94	rank-biserial correlation: event minus reference			TRUE	FALSE	1	TCGA_ESCC_DR45_driver_state_shared_patients	FALSE	FALSE		FALSE	FALSE	same_patient_rna_derived_target	500					insufficient_event_count_descriptive	not_comparable	FALSE
ENSG00000127616.19	SMARCA4	strong_patient_level_candidate	homozygous_deletion	PROGENy_pathway	NFkB	94	0	94	rank-biserial correlation: event minus reference			TRUE	FALSE	1	TCGA_ESCC_DR45_driver_state_shared_patients	FALSE	FALSE		FALSE	FALSE	same_patient_rna_derived_target	500					insufficient_event_count_descriptive	not_comparable	FALSE
ENSG00000127616.19	SMARCA4	strong_patient_level_candidate	homozygous_deletion	PROGENy_pathway	PI3K	94	0	94	rank-biserial correlation: event minus reference			TRUE	FALSE	1	TCGA_ESCC_DR45_driver_state_shared_patients	FALSE	FALSE		FALSE	FALSE	same_patient_rna_derived_target	500					insufficient_event_count_descriptive	not_comparable	FALSE
ENSG00000127616.19	SMARCA4	strong_patient_level_candidate	homozygous_deletion	PROGENy_pathway	TGFb	94	0	94	rank-biserial correlation: event minus reference			TRUE	FALSE	1	TCGA_ESCC_DR45_driver_state_shared_patients	FALSE	FALSE		FALSE	FALSE	same_patient_rna_derived_target	500					insufficient_event_count_descriptive	not_comparable	FALSE
ENSG00000127616.19	SMARCA4	strong_patient_level_candidate	homozygous_deletion	PROGENy_pathway	TNFa	94	0	94	rank-biserial correlation: event minus reference			TRUE	FALSE	1	TCGA_ESCC_DR45_driver_state_shared_patients	FALSE	FALSE		FALSE	FALSE	same_patient_rna_derived_target	500					insufficient_event_count_descriptive	not_comparable	FALSE
ENSG00000127616.19	SMARCA4	strong_patient_level_candidate	homozygous_deletion	PROGENy_pathway	Trail	94	0	94	rank-biserial correlation: event minus reference			TRUE	FALSE	1	TCGA_ESCC_DR45_driver_state_shared_patients	FALSE	FALSE		FALSE	FALSE	same_patient_rna_derived_target	500					insufficient_event_count_descriptive	not_comparable	FALSE
ENSG00000127616.19	SMARCA4	strong_patient_level_candidate	homozygous_deletion	PROGENy_pathway	VEGF	94	0	94	rank-biserial correlation: event minus reference			TRUE	FALSE	1	TCGA_ESCC_DR45_driver_state_shared_patients	FALSE	FALSE		FALSE	FALSE	same_patient_rna_derived_target	500					insufficient_event_count_descriptive	not_comparable	FALSE
ENSG00000127616.19	SMARCA4	strong_patient_level_candidate	homozygous_deletion	PROGENy_pathway	WNT	94	0	94	rank-biserial correlation: event minus reference			TRUE	FALSE	1	TCGA_ESCC_DR45_driver_state_shared_patients	FALSE	FALSE		FALSE	FALSE	same_patient_rna_derived_target	500					insufficient_event_count_descriptive	not_comparable	FALSE
ENSG00000127616.19	SMARCA4	strong_patient_level_candidate	homozygous_deletion	PROGENy_pathway	p53	94	0	94	rank-biserial correlation: event minus reference			TRUE	FALSE	1	TCGA_ESCC_DR45_driver_state_shared_patients	FALSE	FALSE		FALSE	FALSE	same_patient_rna_derived_target	500					insufficient_event_count_descriptive	not_comparable	FALSE
ENSG00000141510.18	TP53	strong_patient_level_candidate	homozygous_deletion	PROGENy_pathway	Androgen	94	0	94	rank-biserial correlation: event minus reference			TRUE	FALSE	1	TCGA_ESCC_DR45_driver_state_shared_patients	FALSE	FALSE		FALSE	FALSE	same_patient_rna_derived_target	500					insufficient_event_count_descriptive	not_comparable	FALSE
ENSG00000141510.18	TP53	strong_patient_level_candidate	homozygous_deletion	PROGENy_pathway	EGFR	94	0	94	rank-biserial correlation: event minus reference			TRUE	FALSE	1	TCGA_ESCC_DR45_driver_state_shared_patients	FALSE	FALSE		FALSE	FALSE	same_patient_rna_derived_target	500					insufficient_event_count_descriptive	not_comparable	FALSE
ENSG00000141510.18	TP53	strong_patient_level_candidate	homozygous_deletion	PROGENy_pathway	Estrogen	94	0	94	rank-biserial correlation: event minus reference			TRUE	FALSE	1	TCGA_ESCC_DR45_driver_state_shared_patients	FALSE	FALSE		FALSE	FALSE	same_patient_rna_derived_target	500					insufficient_event_count_descriptive	not_comparable	FALSE
ENSG00000141510.18	TP53	strong_patient_level_candidate	homozygous_deletion	PROGENy_pathway	Hypoxia	94	0	94	rank-biserial correlation: event minus reference			TRUE	FALSE	1	TCGA_ESCC_DR45_driver_state_shared_patients	FALSE	FALSE		FALSE	FALSE	same_patient_rna_derived_target	500					insufficient_event_count_descriptive	not_comparable	FALSE
ENSG00000141510.18	TP53	strong_patient_level_candidate	homozygous_deletion	PROGENy_pathway	JAK-STAT	94	0	94	rank-biserial correlation: event minus reference			TRUE	FALSE	1	TCGA_ESCC_DR45_driver_state_shared_patients	FALSE	FALSE		FALSE	FALSE	same_patient_rna_derived_target	500					insufficient_event_count_descriptive	not_comparable	FALSE
ENSG00000141510.18	TP53	strong_patient_level_candidate	homozygous_deletion	PROGENy_pathway	MAPK	94	0	94	rank-biserial correlation: event minus reference			TRUE	FALSE	1	TCGA_ESCC_DR45_driver_state_shared_patients	FALSE	FALSE		FALSE	FALSE	same_patient_rna_derived_target	500					insufficient_event_count_descriptive	not_comparable	FALSE
ENSG00000141510.18	TP53	strong_patient_level_candidate	homozygous_deletion	PROGENy_pathway	NFkB	94	0	94	rank-biserial correlation: event minus reference			TRUE	FALSE	1	TCGA_ESCC_DR45_driver_state_shared_patients	FALSE	FALSE		FALSE	FALSE	same_patient_rna_derived_target	500					insufficient_event_count_descriptive	not_comparable	FALSE
ENSG00000141510.18	TP53	strong_patient_level_candidate	homozygous_deletion	PROGENy_pathway	PI3K	94	0	94	rank-biserial correlation: event minus reference			TRUE	FALSE	1	TCGA_ESCC_DR45_driver_state_shared_patients	FALSE	FALSE		FALSE	FALSE	same_patient_rna_derived_target	500					insufficient_event_count_descriptive	not_comparable	FALSE
ENSG00000141510.18	TP53	strong_patient_level_candidate	homozygous_deletion	PROGENy_pathway	TGFb	94	0	94	rank-biserial correlation: event minus reference			TRUE	FALSE	1	TCGA_ESCC_DR45_driver_state_shared_patients	FALSE	FALSE		FALSE	FALSE	same_patient_rna_derived_target	500					insufficient_event_count_descriptive	not_comparable	FALSE
ENSG00000141510.18	TP53	strong_patient_level_candidate	homozygous_deletion	PROGENy_pathway	TNFa	94	0	94	rank-biserial correlation: event minus reference			TRUE	FALSE	1	TCGA_ESCC_DR45_driver_state_shared_patients	FALSE	FALSE		FALSE	FALSE	same_patient_rna_derived_target	500					insufficient_event_count_descriptive	not_comparable	FALSE
ENSG00000141510.18	TP53	strong_patient_level_candidate	homozygous_deletion	PROGENy_pathway	Trail	94	0	94	rank-biserial correlation: event minus reference			TRUE	FALSE	1	TCGA_ESCC_DR45_driver_state_shared_patients	FALSE	FALSE		FALSE	FALSE	same_patient_rna_derived_target	500					insufficient_event_count_descriptive	not_comparable	FALSE
ENSG00000141510.18	TP53	strong_patient_level_candidate	homozygous_deletion	PROGENy_pathway	VEGF	94	0	94	rank-biserial correlation: event minus reference			TRUE	FALSE	1	TCGA_ESCC_DR45_driver_state_shared_patients	FALSE	FALSE		FALSE	FALSE	same_patient_rna_derived_target	500					insufficient_event_count_descriptive	not_comparable	FALSE
ENSG00000141510.18	TP53	strong_patient_level_candidate	homozygous_deletion	PROGENy_pathway	WNT	94	0	94	rank-biserial correlation: event minus reference			TRUE	FALSE	1	TCGA_ESCC_DR45_driver_state_shared_patients	FALSE	FALSE		FALSE	FALSE	same_patient_rna_derived_target	500					insufficient_event_count_descriptive	not_comparable	FALSE
ENSG00000141510.18	TP53	strong_patient_level_candidate	homozygous_deletion	PROGENy_pathway	p53	94	0	94	rank-biserial correlation: event minus reference			TRUE	FALSE	1	TCGA_ESCC_DR45_driver_state_shared_patients	FALSE	FALSE		FALSE	FALSE	same_patient_rna_derived_target	500					insufficient_event_count_descriptive	not_comparable	FALSE
ENSG00000141579.7	ZNF750	strong_patient_level_candidate	amplification	PROGENy_pathway	Androgen	94	1	93	rank-biserial correlation: event minus reference	-0.849462365591398		TRUE	FALSE	1	TCGA_ESCC_DR45_driver_state_shared_patients	FALSE	FALSE		FALSE	FALSE	same_patient_rna_derived_target	500					insufficient_event_count_descriptive	not_comparable	FALSE
ENSG00000141579.7	ZNF750	strong_patient_level_candidate	amplification	PROGENy_pathway	EGFR	94	1	93	rank-biserial correlation: event minus reference	0.419354838709678		TRUE	FALSE	1	TCGA_ESCC_DR45_driver_state_shared_patients	FALSE	FALSE		FALSE	FALSE	same_patient_rna_derived_target	500					insufficient_event_count_descriptive	not_comparable	FALSE
ENSG00000141579.7	ZNF750	strong_patient_level_candidate	amplification	PROGENy_pathway	Estrogen	94	1	93	rank-biserial correlation: event minus reference	0.67741935483871		TRUE	FALSE	1	TCGA_ESCC_DR45_driver_state_shared_patients	FALSE	FALSE		FALSE	FALSE	same_patient_rna_derived_target	500					insufficient_event_count_descriptive	not_comparable	FALSE
ENSG00000141579.7	ZNF750	strong_patient_level_candidate	amplification	PROGENy_pathway	Hypoxia	94	1	93	rank-biserial correlation: event minus reference	-0.161290322580645		TRUE	FALSE	1	TCGA_ESCC_DR45_driver_state_shared_patients	FALSE	FALSE		FALSE	FALSE	same_patient_rna_derived_target	500					insufficient_event_count_descriptive	not_comparable	FALSE
ENSG00000141579.7	ZNF750	strong_patient_level_candidate	amplification	PROGENy_pathway	JAK-STAT	94	1	93	rank-biserial correlation: event minus reference	0.204301075268817		TRUE	FALSE	1	TCGA_ESCC_DR45_driver_state_shared_patients	FALSE	FALSE		FALSE	FALSE	same_patient_rna_derived_target	500					insufficient_event_count_descriptive	not_comparable	FALSE
ENSG00000141579.7	ZNF750	strong_patient_level_candidate	amplification	PROGENy_pathway	MAPK	94	1	93	rank-biserial correlation: event minus reference	0.182795698924731		TRUE	FALSE	1	TCGA_ESCC_DR45_driver_state_shared_patients	FALSE	FALSE		FALSE	FALSE	same_patient_rna_derived_target	500					insufficient_event_count_descriptive	not_comparable	FALSE
ENSG00000141579.7	ZNF750	strong_patient_level_candidate	amplification	PROGENy_pathway	NFkB	94	1	93	rank-biserial correlation: event minus reference	-0.0967741935483871		TRUE	FALSE	1	TCGA_ESCC_DR45_driver_state_shared_patients	FALSE	FALSE		FALSE	FALSE	same_patient_rna_derived_target	500					insufficient_event_count_descriptive	not_comparable	FALSE
ENSG00000141579.7	ZNF750	strong_patient_level_candidate	amplification	PROGENy_pathway	PI3K	94	1	93	rank-biserial correlation: event minus reference	-0.290322580645161		TRUE	FALSE	1	TCGA_ESCC_DR45_driver_state_shared_patients	FALSE	FALSE		FALSE	FALSE	same_patient_rna_derived_target	500					insufficient_event_count_descriptive	not_comparable	FALSE
ENSG00000141579.7	ZNF750	strong_patient_level_candidate	amplification	PROGENy_pathway	TGFb	94	1	93	rank-biserial correlation: event minus reference	-0.182795698924731		TRUE	FALSE	1	TCGA_ESCC_DR45_driver_state_shared_patients	FALSE	FALSE		FALSE	FALSE	same_patient_rna_derived_target	500					insufficient_event_count_descriptive	not_comparable	FALSE
ENSG00000141579.7	ZNF750	strong_patient_level_candidate	amplification	PROGENy_pathway	TNFa	94	1	93	rank-biserial correlation: event minus reference	-0.182795698924731		TRUE	FALSE	1	TCGA_ESCC_DR45_driver_state_shared_patients	FALSE	FALSE		FALSE	FALSE	same_patient_rna_derived_target	500					insufficient_event_count_descriptive	not_comparable	FALSE
ENSG00000141579.7	ZNF750	strong_patient_level_candidate	amplification	PROGENy_pathway	Trail	94	1	93	rank-biserial correlation: event minus reference	0.075268817204301		TRUE	FALSE	1	TCGA_ESCC_DR45_driver_state_shared_patients	FALSE	FALSE		FALSE	FALSE	same_patient_rna_derived_target	500					insufficient_event_count_descriptive	not_comparable	FALSE
ENSG00000141579.7	ZNF750	strong_patient_level_candidate	amplification	PROGENy_pathway	VEGF	94	1	93	rank-biserial correlation: event minus reference	0.741935483870968		TRUE	FALSE	1	TCGA_ESCC_DR45_driver_state_shared_patients	FALSE	FALSE		FALSE	FALSE	same_patient_rna_derived_target	500					insufficient_event_count_descriptive	not_comparable	FALSE
ENSG00000141579.7	ZNF750	strong_patient_level_candidate	amplification	PROGENy_pathway	WNT	94	1	93	rank-biserial correlation: event minus reference	1		TRUE	FALSE	1	TCGA_ESCC_DR45_driver_state_shared_patients	FALSE	FALSE		FALSE	FALSE	same_patient_rna_derived_target	500					insufficient_event_count_descriptive	not_comparable	FALSE
ENSG00000141579.7	ZNF750	strong_patient_level_candidate	amplification	PROGENy_pathway	p53	94	1	93	rank-biserial correlation: event minus reference	-0.956989247311828		TRUE	FALSE	1	TCGA_ESCC_DR45_driver_state_shared_patients	FALSE	FALSE		FALSE	FALSE	same_patient_rna_derived_target	500					insufficient_event_count_descriptive	not_comparable	FALSE
ENSG00000141579.7	ZNF750	strong_patient_level_candidate	homozygous_deletion	PROGENy_pathway	Androgen	94	0	94	rank-biserial correlation: event minus reference			TRUE	FALSE	1	TCGA_ESCC_DR45_driver_state_shared_patients	FALSE	FALSE		FALSE	FALSE	same_patient_rna_derived_target	500					insufficient_event_count_descriptive	not_comparable	FALSE
ENSG00000141579.7	ZNF750	strong_patient_level_candidate	homozygous_deletion	PROGENy_pathway	EGFR	94	0	94	rank-biserial correlation: event minus reference			TRUE	FALSE	1	TCGA_ESCC_DR45_driver_state_shared_patients	FALSE	FALSE		FALSE	FALSE	same_patient_rna_derived_target	500					insufficient_event_count_descriptive	not_comparable	FALSE
ENSG00000141579.7	ZNF750	strong_patient_level_candidate	homozygous_deletion	PROGENy_pathway	Estrogen	94	0	94	rank-biserial correlation: event minus reference			TRUE	FALSE	1	TCGA_ESCC_DR45_driver_state_shared_patients	FALSE	FALSE		FALSE	FALSE	same_patient_rna_derived_target	500					insufficient_event_count_descriptive	not_comparable	FALSE
ENSG00000141579.7	ZNF750	strong_patient_level_candidate	homozygous_deletion	PROGENy_pathway	Hypoxia	94	0	94	rank-biserial correlation: event minus reference			TRUE	FALSE	1	TCGA_ESCC_DR45_driver_state_shared_patients	FALSE	FALSE		FALSE	FALSE	same_patient_rna_derived_target	500					insufficient_event_count_descriptive	not_comparable	FALSE
ENSG00000141579.7	ZNF750	strong_patient_level_candidate	homozygous_deletion	PROGENy_pathway	JAK-STAT	94	0	94	rank-biserial correlation: event minus reference			TRUE	FALSE	1	TCGA_ESCC_DR45_driver_state_shared_patients	FALSE	FALSE		FALSE	FALSE	same_patient_rna_derived_target	500					insufficient_event_count_descriptive	not_comparable	FALSE
ENSG00000141579.7	ZNF750	strong_patient_level_candidate	homozygous_deletion	PROGENy_pathway	MAPK	94	0	94	rank-biserial correlation: event minus reference			TRUE	FALSE	1	TCGA_ESCC_DR45_driver_state_shared_patients	FALSE	FALSE		FALSE	FALSE	same_patient_rna_derived_target	500					insufficient_event_count_descriptive	not_comparable	FALSE
ENSG00000141579.7	ZNF750	strong_patient_level_candidate	homozygous_deletion	PROGENy_pathway	NFkB	94	0	94	rank-biserial correlation: event minus reference			TRUE	FALSE	1	TCGA_ESCC_DR45_driver_state_shared_patients	FALSE	FALSE		FALSE	FALSE	same_patient_rna_derived_target	500					insufficient_event_count_descriptive	not_comparable	FALSE
ENSG00000141579.7	ZNF750	strong_patient_level_candidate	homozygous_deletion	PROGENy_pathway	PI3K	94	0	94	rank-biserial correlation: event minus reference			TRUE	FALSE	1	TCGA_ESCC_DR45_driver_state_shared_patients	FALSE	FALSE		FALSE	FALSE	same_patient_rna_derived_target	500					insufficient_event_count_descriptive	not_comparable	FALSE
ENSG00000141579.7	ZNF750	strong_patient_level_candidate	homozygous_deletion	PROGENy_pathway	TGFb	94	0	94	rank-biserial correlation: event minus reference			TRUE	FALSE	1	TCGA_ESCC_DR45_driver_state_shared_patients	FALSE	FALSE		FALSE	FALSE	same_patient_rna_derived_target	500					insufficient_event_count_descriptive	not_comparable	FALSE
ENSG00000141579.7	ZNF750	strong_patient_level_candidate	homozygous_deletion	PROGENy_pathway	TNFa	94	0	94	rank-biserial correlation: event minus reference			TRUE	FALSE	1	TCGA_ESCC_DR45_driver_state_shared_patients	FALSE	FALSE		FALSE	FALSE	same_patient_rna_derived_target	500					insufficient_event_count_descriptive	not_comparable	FALSE
ENSG00000141579.7	ZNF750	strong_patient_level_candidate	homozygous_deletion	PROGENy_pathway	Trail	94	0	94	rank-biserial correlation: event minus reference			TRUE	FALSE	1	TCGA_ESCC_DR45_driver_state_shared_patients	FALSE	FALSE		FALSE	FALSE	same_patient_rna_derived_target	500					insufficient_event_count_descriptive	not_comparable	FALSE
ENSG00000141579.7	ZNF750	strong_patient_level_candidate	homozygous_deletion	PROGENy_pathway	VEGF	94	0	94	rank-biserial correlation: event minus reference			TRUE	FALSE	1	TCGA_ESCC_DR45_driver_state_shared_patients	FALSE	FALSE		FALSE	FALSE	same_patient_rna_derived_target	500					insufficient_event_count_descriptive	not_comparable	FALSE
ENSG00000141579.7	ZNF750	strong_patient_level_candidate	homozygous_deletion	PROGENy_pathway	WNT	94	0	94	rank-biserial correlation: event minus reference			TRUE	FALSE	1	TCGA_ESCC_DR45_driver_state_shared_patients	FALSE	FALSE		FALSE	FALSE	same_patient_rna_derived_target	500					insufficient_event_count_descriptive	not_comparable	FALSE
ENSG00000141579.7	ZNF750	strong_patient_level_candidate	homozygous_deletion	PROGENy_pathway	p53	94	0	94	rank-biserial correlation: event minus reference			TRUE	FALSE	1	TCGA_ESCC_DR45_driver_state_shared_patients	FALSE	FALSE		FALSE	FALSE	same_patient_rna_derived_target	500					insufficient_event_count_descriptive	not_comparable	FALSE
ENSG00000121879.6	PIK3CA	strong_patient_level_candidate	amplification	PROGENy_pathway	Estrogen	94	49	45	rank-biserial correlation: event minus reference	0.196371882086168	0.102080209692117	TRUE	TRUE	2	TCGA_ESCC_DR45_driver_state_shared_patients	FALSE	TRUE	0.381099449517237	FALSE	FALSE	same_patient_rna_derived_target	500	500	-0.0377777777777778	0.434580498866213	0.95	no_clear_internal_association	same_direction_nonsignificant	FALSE
ENSG00000087460.27	GNAS	strong_patient_level_candidate	amplification	PROGENy_pathway	Trail	94	6	88	rank-biserial correlation: event minus reference	-0.363636363636364	0.139643972617217	TRUE	FALSE	1	TCGA_ESCC_DR45_driver_state_shared_patients	FALSE	TRUE	0.488753904160258	FALSE	FALSE	same_patient_rna_derived_target	500	500	-0.672443181818182	-0.0699810606060607	0.992	no_clear_internal_association	same_direction_nonsignificant	FALSE
ENSG00000087460.27	GNAS	strong_patient_level_candidate	amplification	PROGENy_pathway	TGFb	94	6	88	rank-biserial correlation: event minus reference	0.348484848484848	0.15699541019383	TRUE	FALSE	1	TCGA_ESCC_DR45_driver_state_shared_patients	FALSE	TRUE	0.517161351226736	FALSE	FALSE	same_patient_rna_derived_target	500	500	-0.0701704545454546	0.72405303030303	0.956	no_clear_internal_association	same_direction_nonsignificant	FALSE
ENSG00000087460.27	GNAS	strong_patient_level_candidate	amplification	PROGENy_pathway	MAPK	94	6	88	rank-biserial correlation: event minus reference	0.318181818181818	0.196526311288571	TRUE	FALSE	1	TCGA_ESCC_DR45_driver_state_shared_patients	FALSE	TRUE	0.611415190675554	FALSE	FALSE	same_patient_rna_derived_target	500	500	-0.0835227272727273	0.698958333333333	0.936	no_clear_internal_association	same_direction_nonsignificant	FALSE
ENSG00000087460.27	GNAS	strong_patient_level_candidate	amplification	PROGENy_pathway	Androgen	94	6	88	rank-biserial correlation: event minus reference	-0.287878787878788	0.242897928452804	TRUE	FALSE	1	TCGA_ESCC_DR45_driver_state_shared_patients	FALSE	TRUE	0.680114199667852	FALSE	FALSE	same_patient_rna_derived_target	500	500	-0.611837121212121	0.0739583333333332	0.952	no_clear_internal_association	same_direction_nonsignificant	FALSE
ENSG00000087460.27	GNAS	strong_patient_level_candidate	amplification	PROGENy_pathway	PI3K	94	6	88	rank-biserial correlation: event minus reference	-0.287878787878788	0.242897928452804	TRUE	FALSE	1	TCGA_ESCC_DR45_driver_state_shared_patients	FALSE	TRUE	0.680114199667852	FALSE	FALSE	same_patient_rna_derived_target	500	500	-0.608049242424242	0.0625946969696969	0.936	no_clear_internal_association	same_direction_nonsignificant	FALSE
ENSG00000148400.12	NOTCH1	strong_patient_level_candidate	mutation	PROGENy_pathway	Hypoxia	94	13	81	rank-biserial correlation: event minus reference	0.274453941120608	0.114757567315387	TRUE	FALSE	1	TCGA_ESCC_DR45_driver_state_shared_patients	FALSE	TRUE	0.776888608106261	FALSE	FALSE	same_patient_rna_derived_target	500	500	-0.087701804368471	0.608594491927825	0.924	no_clear_internal_association	same_direction_nonsignificant	FALSE
ENSG00000148400.12	NOTCH1	strong_patient_level_candidate	mutation	PROGENy_pathway	Estrogen	94	13	81	rank-biserial correlation: event minus reference	0.272554605887939	0.117298888719769	TRUE	FALSE	1	TCGA_ESCC_DR45_driver_state_shared_patients	FALSE	TRUE	0.776888608106261	FALSE	FALSE	same_patient_rna_derived_target	500	500	-0.132858499525166	0.616001899335232	0.93	no_clear_internal_association	same_direction_nonsignificant	FALSE
ENSG00000127616.19	SMARCA4	strong_patient_level_candidate	mutation	PROGENy_pathway	WNT	94	7	87	rank-biserial correlation: event minus reference	-0.35303776683087	0.123315652080359	TRUE	FALSE	1	TCGA_ESCC_DR45_driver_state_shared_patients	FALSE	TRUE	0.776888608106261	FALSE	FALSE	same_patient_rna_derived_target	500	500	-0.711165845648604	0.139901477832512	0.936	no_clear_internal_association	same_direction_nonsignificant	FALSE
ENSG00000141579.7	ZNF750	strong_patient_level_candidate	mutation	PROGENy_pathway	Estrogen	94	11	83	rank-biserial correlation: event minus reference	-0.27710843373494	0.138325973563024	TRUE	FALSE	1	TCGA_ESCC_DR45_driver_state_shared_patients	FALSE	TRUE	0.817917508872737	FALSE	FALSE	same_patient_rna_derived_target	500	500	-0.615607886089814	0.0866374589266155	0.934	no_clear_internal_association	same_direction_nonsignificant	FALSE
ENSG00000074181.9	NOTCH3	strong_patient_level_candidate	mutation	PROGENy_pathway	JAK-STAT	94	10	84	rank-biserial correlation: event minus reference	-0.285714285714286	0.1428109936127	TRUE	FALSE	1	TCGA_ESCC_DR45_driver_state_shared_patients	FALSE	TRUE	0.817917508872737	FALSE	FALSE	same_patient_rna_derived_target	500	500	-0.621428571428571	0.112142857142857	0.94	no_clear_internal_association	same_direction_nonsignificant	FALSE
ENSG00000167548.16	KMT2D	strong_patient_level_candidate	relative_cnv	PROGENy_pathway	VEGF	94			Spearman rho	-0.196156837919162	0.0581166177908485	TRUE	FALSE	1	TCGA_ESCC_DR45_driver_state_shared_patients	FALSE	TRUE	0.835048779262326	FALSE	FALSE	same_patient_rna_derived_target	500	500	-0.356115843154921	-0.0353462619653045	0.99	no_clear_internal_association	same_direction_nonsignificant	FALSE
ENSG00000141510.18	TP53	strong_patient_level_candidate	relative_cnv	PROGENy_pathway	TGFb	94			Spearman rho	0.195275045127926	0.0592772919046784	TRUE	FALSE	1	TCGA_ESCC_DR45_driver_state_shared_patients	FALSE	TRUE	0.835048779262326	FALSE	FALSE	same_patient_rna_derived_target	500	500	0.0292885983666108	0.379566200742015	0.986	no_clear_internal_association	same_direction_nonsignificant	FALSE
ENSG00000109670.16	FBXW7	strong_patient_level_candidate	relative_cnv	PROGENy_pathway	NFkB	94			Spearman rho	0.193825625640233	0.0612261731732341	TRUE	FALSE	1	TCGA_ESCC_DR45_driver_state_shared_patients	FALSE	TRUE	0.835048779262326	FALSE	FALSE	same_patient_rna_derived_target	500	500	0.00860033572162638	0.366208212216052	0.978	no_clear_internal_association	same_direction_nonsignificant	FALSE
ENSG00000148400.12	NOTCH1	strong_patient_level_candidate	relative_cnv	PROGENy_pathway	VEGF	94			Spearman rho	0.193024464519134	0.0623256117040077	TRUE	FALSE	1	TCGA_ESCC_DR45_driver_state_shared_patients	FALSE	TRUE	0.835048779262326	FALSE	FALSE	same_patient_rna_derived_target	500	500	-0.0190396681159797	0.391917890008557	0.96	no_clear_internal_association	same_direction_nonsignificant	FALSE
ENSG00000100393.14	EP300	strong_patient_level_candidate	relative_cnv	PROGENy_pathway	Hypoxia	94			Spearman rho	0.192286756173639	0.0633521275772824	TRUE	FALSE	1	TCGA_ESCC_DR45_driver_state_shared_patients	FALSE	TRUE	0.835048779262326	FALSE	FALSE	same_patient_rna_derived_target	500	500	-0.0143815224085319	0.372369976574815	0.968	no_clear_internal_association	same_direction_nonsignificant	FALSE
ENSG00000141510.18	TP53	strong_patient_level_candidate	relative_cnv	PROGENy_pathway	WNT	94			Spearman rho	0.191391086828083	0.0646168698238704	TRUE	FALSE	1	TCGA_ESCC_DR45_driver_state_shared_patients	FALSE	TRUE	0.835048779262326	FALSE	FALSE	same_patient_rna_derived_target	500	500	-0.0129150948925507	0.380464984055798	0.97	no_clear_internal_association	same_direction_nonsignificant	FALSE
ENSG00000121879.6	PIK3CA	strong_patient_level_candidate	amplification	PROGENy_pathway	PI3K	94	49	45	rank-biserial correlation: event minus reference	-0.120181405895692	0.317757956253724	TRUE	TRUE	2	TCGA_ESCC_DR45_driver_state_shared_patients	FALSE	TRUE	0.836876257155604	FALSE	FALSE	same_patient_rna_derived_target	500	500	-0.363401360544218	0.104331065759637	0.834	no_clear_internal_association	same_direction_nonsignificant	FALSE
ENSG00000116044.16	NFE2L2	strong_patient_level_candidate	amplification	PROGENy_pathway	Androgen	94	9	85	rank-biserial correlation: event minus reference	-0.2	0.32877281531113	TRUE	FALSE	1	TCGA_ESCC_DR45_driver_state_shared_patients	FALSE	TRUE	0.836876257155604	FALSE	FALSE	same_patient_rna_derived_target	500	500	-0.512483660130719	0.112614379084967	0.874	no_clear_internal_association	same_direction_nonsignificant	FALSE
ENSG00000074181.9	NOTCH3	strong_patient_level_candidate	relative_cnv	PROGENy_pathway	EGFR	94			Spearman rho	-0.183398849755484	0.0768326609173957	TRUE	FALSE	1	TCGA_ESCC_DR45_driver_state_shared_patients	FALSE	TRUE	0.847740261070986	FALSE	FALSE	same_patient_rna_derived_target	500	500	-0.363047914743377	0.00810448992688133	0.97	no_clear_internal_association	same_direction_nonsignificant	FALSE
ENSG00000100393.14	EP300	strong_patient_level_candidate	relative_cnv	PROGENy_pathway	JAK-STAT	94			Spearman rho	-0.175701754619473	0.0902835918649555	TRUE	FALSE	1	TCGA_ESCC_DR45_driver_state_shared_patients	FALSE	TRUE	0.847740261070986	FALSE	FALSE	same_patient_rna_derived_target	500	500	-0.35246158921195	0.0315690492914072	0.962	no_clear_internal_association	same_direction_nonsignificant	FALSE
ENSG00000074181.9	NOTCH3	strong_patient_level_candidate	relative_cnv	PROGENy_pathway	MAPK	94			Spearman rho	-0.175356120406562	0.0909287472293335	TRUE	FALSE	1	TCGA_ESCC_DR45_driver_state_shared_patients	FALSE	TRUE	0.847740261070986	FALSE	FALSE	same_patient_rna_derived_target	500	500	-0.369160982457007	0.047070098157812	0.936	no_clear_internal_association	same_direction_nonsignificant	FALSE
ENSG00000167548.16	KMT2D	strong_patient_level_candidate	relative_cnv	PROGENy_pathway	TGFb	94			Spearman rho	-0.175232742656564	0.0911599233584956	TRUE	FALSE	1	TCGA_ESCC_DR45_driver_state_shared_patients	FALSE	TRUE	0.847740261070986	FALSE	FALSE	same_patient_rna_derived_target	500	500	-0.372956954768463	0.0161061327562081	0.962	no_clear_internal_association	same_direction_nonsignificant	FALSE
ENSG00000116044.16	NFE2L2	strong_patient_level_candidate	relative_cnv	PROGENy_pathway	Estrogen	94			Spearman rho	0.169681250834044	0.102051445222392	TRUE	FALSE	1	TCGA_ESCC_DR45_driver_state_shared_patients	FALSE	TRUE	0.847740261070986	FALSE	FALSE	same_patient_rna_derived_target	500	500	-0.0312842976989993	0.346397957951164	0.948	no_clear_internal_association	same_direction_nonsignificant	FALSE
ENSG00000074181.9	NOTCH3	strong_patient_level_candidate	relative_cnv	PROGENy_pathway	VEGF	94			Spearman rho	-0.161346998979408	0.120283527190085	TRUE	FALSE	1	TCGA_ESCC_DR45_driver_state_shared_patients	FALSE	TRUE	0.847740261070986	FALSE	FALSE	same_patient_rna_derived_target	500	500	-0.372310154060913	0.0690543640117097	0.938	no_clear_internal_association	same_direction_nonsignificant	FALSE
ENSG00000185920.16	PTCH1	strong_patient_level_candidate	relative_cnv	PROGENy_pathway	WNT	94			Spearman rho	0.158501359661756	0.127052383935452	TRUE	FALSE	1	TCGA_ESCC_DR45_driver_state_shared_patients	FALSE	TRUE	0.847740261070986	FALSE	FALSE	same_patient_rna_derived_target	500	500	-0.0290339521817601	0.332414294419086	0.94	no_clear_internal_association	same_direction_nonsignificant	FALSE
ENSG00000148400.12	NOTCH1	strong_patient_level_candidate	relative_cnv	PROGENy_pathway	Androgen	94			Spearman rho	-0.155786957012417	0.133777159702018	TRUE	FALSE	1	TCGA_ESCC_DR45_driver_state_shared_patients	FALSE	TRUE	0.847740261070986	FALSE	FALSE	same_patient_rna_derived_target	500	500	-0.332354937106922	0.044307875265814	0.926	no_clear_internal_association	same_direction_nonsignificant	FALSE
ENSG00000141579.7	ZNF750	strong_patient_level_candidate	relative_cnv	PROGENy_pathway	MAPK	94			Spearman rho	0.154146882767823	0.137969621418204	TRUE	FALSE	1	TCGA_ESCC_DR45_driver_state_shared_patients	FALSE	TRUE	0.847740261070986	FALSE	FALSE	same_patient_rna_derived_target	500	500	-0.0494327821396952	0.340714016405743	0.928	no_clear_internal_association	same_direction_nonsignificant	FALSE
ENSG00000109670.16	FBXW7	strong_patient_level_candidate	relative_cnv	PROGENy_pathway	TNFa	94			Spearman rho	0.15331304837228	0.140138953699035	TRUE	FALSE	1	TCGA_ESCC_DR45_driver_state_shared_patients	FALSE	TRUE	0.847740261070986	FALSE	FALSE	same_patient_rna_derived_target	500	500	-0.0355796020135618	0.319335840979194	0.936	no_clear_internal_association	same_direction_nonsignificant	FALSE
ENSG00000167548.16	KMT2D	strong_patient_level_candidate	relative_cnv	PROGENy_pathway	Hypoxia	94			Spearman rho	-0.153058795421306	0.140805534856298	TRUE	FALSE	1	TCGA_ESCC_DR45_driver_state_shared_patients	FALSE	TRUE	0.847740261070986	FALSE	FALSE	same_patient_rna_derived_target	500	500	-0.332963446567554	0.0451620408453848	0.928	no_clear_internal_association	same_direction_nonsignificant	FALSE
ENSG00000074181.9	NOTCH3	strong_patient_level_candidate	relative_cnv	PROGENy_pathway	p53	94			Spearman rho	-0.152688754629292	0.14177996029363	TRUE	FALSE	1	TCGA_ESCC_DR45_driver_state_shared_patients	FALSE	TRUE	0.847740261070986	FALSE	FALSE	same_patient_rna_derived_target	500	500	-0.346058014713894	0.0464975845246863	0.928	no_clear_internal_association	same_direction_nonsignificant	FALSE
ENSG00000148400.12	NOTCH1	strong_patient_level_candidate	relative_cnv	PROGENy_pathway	p53	94			Spearman rho	-0.151686308412486	0.144445286826305	TRUE	FALSE	1	TCGA_ESCC_DR45_driver_state_shared_patients	FALSE	TRUE	0.847740261070986	FALSE	FALSE	same_patient_rna_derived_target	500	500	-0.324917936071135	0.0497385473354164	0.928	no_clear_internal_association	same_direction_nonsignificant	FALSE
ENSG00000185920.16	PTCH1	strong_patient_level_candidate	relative_cnv	PROGENy_pathway	NFkB	94			Spearman rho	0.150824176835592	0.146767603116429	TRUE	FALSE	1	TCGA_ESCC_DR45_driver_state_shared_patients	FALSE	TRUE	0.847740261070986	FALSE	FALSE	same_patient_rna_derived_target	500	500	-0.0756569213000871	0.35848172564422	0.908	no_clear_internal_association	same_direction_nonsignificant	FALSE
ENSG00000074181.9	NOTCH3	strong_patient_level_candidate	relative_cnv	PROGENy_pathway	TNFa	94			Spearman rho	-0.149471662889723	0.150467294883098	TRUE	FALSE	1	TCGA_ESCC_DR45_driver_state_shared_patients	FALSE	TRUE	0.847740261070986	FALSE	FALSE	same_patient_rna_derived_target	500	500	-0.345050583170769	0.047961573468953	0.934	no_clear_internal_association	same_direction_nonsignificant	FALSE
ENSG00000074181.9	NOTCH3	strong_patient_level_candidate	relative_cnv	PROGENy_pathway	NFkB	94			Spearman rho	-0.148650976221466	0.152746054633477	TRUE	FALSE	1	TCGA_ESCC_DR45_driver_state_shared_patients	FALSE	TRUE	0.847740261070986	FALSE	FALSE	same_patient_rna_derived_target	500	500	-0.344409830983745	0.0503896355128975	0.934	no_clear_internal_association	same_direction_nonsignificant	FALSE
ENSG00000141579.7	ZNF750	strong_patient_level_candidate	relative_cnv	PROGENy_pathway	PI3K	94			Spearman rho	-0.147978710797334	0.154631864594996	TRUE	FALSE	1	TCGA_ESCC_DR45_driver_state_shared_patients	FALSE	TRUE	0.847740261070986	FALSE	FALSE	same_patient_rna_derived_target	500	500	-0.326745564293441	0.0540358515675659	0.932	no_clear_internal_association	same_direction_nonsignificant	FALSE
ENSG00000074181.9	NOTCH3	strong_patient_level_candidate	relative_cnv	PROGENy_pathway	TGFb	94			Spearman rho	-0.146788017484521	0.158014551544665	TRUE	FALSE	1	TCGA_ESCC_DR45_driver_state_shared_patients	FALSE	TRUE	0.847740261070986	FALSE	FALSE	same_patient_rna_derived_target	500	500	-0.355904556987875	0.0531834243251157	0.924	no_clear_internal_association	same_direction_nonsignificant	FALSE
ENSG00000141579.7	ZNF750	strong_patient_level_candidate	relative_cnv	PROGENy_pathway	Estrogen	94			Spearman rho	0.144033377395997	0.166051126554041	TRUE	FALSE	1	TCGA_ESCC_DR45_driver_state_shared_patients	FALSE	TRUE	0.847740261070986	FALSE	FALSE	same_patient_rna_derived_target	500	500	-0.0683148048314815	0.340405522873049	0.904	no_clear_internal_association	same_direction_nonsignificant	FALSE
ENSG00000121879.6	PIK3CA	strong_patient_level_candidate	relative_cnv	PROGENy_pathway	Estrogen	94			Spearman rho	0.143545229666428	0.167506270842314	TRUE	TRUE	2	TCGA_ESCC_DR45_driver_state_shared_patients	FALSE	TRUE	0.847740261070986	FALSE	FALSE	same_patient_rna_derived_target	500	500	-0.0688521594791437	0.35243202269122	0.906	no_clear_internal_association	same_direction_nonsignificant	FALSE
ENSG00000141510.18	TP53	strong_patient_level_candidate	relative_cnv	PROGENy_pathway	p53	94			Spearman rho	-0.13838370452537	0.183472881914779	TRUE	FALSE	1	TCGA_ESCC_DR45_driver_state_shared_patients	FALSE	TRUE	0.847740261070986	FALSE	FALSE	same_patient_rna_derived_target	500	500	-0.315143212123188	0.05715329965037	0.908	no_clear_internal_association	same_direction_nonsignificant	FALSE
ENSG00000185920.16	PTCH1	strong_patient_level_candidate	relative_cnv	PROGENy_pathway	VEGF	94			Spearman rho	0.137837897428152	0.18522398867701	TRUE	FALSE	1	TCGA_ESCC_DR45_driver_state_shared_patients	FALSE	TRUE	0.847740261070986	FALSE	FALSE	same_patient_rna_derived_target	500	500	-0.0525644013658879	0.362054964427457	0.914	no_clear_internal_association	same_direction_nonsignificant	FALSE
ENSG00000141510.18	TP53	strong_patient_level_candidate	relative_cnv	PROGENy_pathway	PI3K	94			Spearman rho	-0.136992083838989	0.187961574665718	TRUE	FALSE	1	TCGA_ESCC_DR45_driver_state_shared_patients	FALSE	TRUE	0.847740261070986	FALSE	FALSE	same_patient_rna_derived_target	500	500	-0.298728611872969	0.0298046761446753	0.936	no_clear_internal_association	same_direction_nonsignificant	FALSE
ENSG00000121879.6	PIK3CA	strong_patient_level_candidate	relative_cnv	PROGENy_pathway	PI3K	94			Spearman rho	-0.136126608947384	0.190793075094917	TRUE	TRUE	2	TCGA_ESCC_DR45_driver_state_shared_patients	FALSE	TRUE	0.847740261070986	FALSE	FALSE	same_patient_rna_derived_target	500	500	-0.332224205296567	0.0714921250246246	0.926	no_clear_internal_association	same_direction_nonsignificant	FALSE
ENSG00000141510.18	TP53	strong_patient_level_candidate	relative_cnv	PROGENy_pathway	Estrogen	94			Spearman rho	0.135301697129544	0.193520494183106	TRUE	FALSE	1	TCGA_ESCC_DR45_driver_state_shared_patients	FALSE	TRUE	0.847740261070986	FALSE	FALSE	same_patient_rna_derived_target	500	500	-0.0482153582187097	0.316780410967556	0.892	no_clear_internal_association	same_direction_nonsignificant	FALSE
ENSG00000141579.7	ZNF750	strong_patient_level_candidate	relative_cnv	PROGENy_pathway	EGFR	94			Spearman rho	0.134321787485014	0.19679684632005	TRUE	FALSE	1	TCGA_ESCC_DR45_driver_state_shared_patients	FALSE	TRUE	0.847740261070986	FALSE	FALSE	same_patient_rna_derived_target	500	500	-0.0759633409648464	0.336639747535494	0.898	no_clear_internal_association	same_direction_nonsignificant	FALSE
ENSG00000148400.12	NOTCH1	strong_patient_level_candidate	relative_cnv	PROGENy_pathway	JAK-STAT	94			Spearman rho	0.130534801112112	0.209834075180267	TRUE	FALSE	1	TCGA_ESCC_DR45_driver_state_shared_patients	FALSE	TRUE	0.881303115757123	FALSE	FALSE	same_patient_rna_derived_target	500	500	-0.0426976754455634	0.31449726068765	0.92	no_clear_internal_association	same_direction_nonsignificant	FALSE
ENSG00000121879.6	PIK3CA	strong_patient_level_candidate	amplification	PROGENy_pathway	Trail	94	49	45	rank-biserial correlation: event minus reference	0.108390022675737	0.367757420312953	TRUE	TRUE	2	TCGA_ESCC_DR45_driver_state_shared_patients	FALSE	TRUE	0.895409371196756	FALSE	FALSE	same_patient_rna_derived_target	500	500	-0.113968253968254	0.337437641723356	0.826	no_clear_internal_association	same_direction_nonsignificant	FALSE
ENSG00000121879.6	PIK3CA	strong_patient_level_candidate	relative_cnv	PROGENy_pathway	WNT	94			Spearman rho	-0.125325329466037	0.228756435275822	TRUE	TRUE	2	TCGA_ESCC_DR45_driver_state_shared_patients	FALSE	TRUE	0.909270897184366	FALSE	FALSE	same_patient_rna_derived_target	500	500	-0.337294358478031	0.0700988845265962	0.898	no_clear_internal_association	same_direction_nonsignificant	FALSE
ENSG00000185920.16	PTCH1	strong_patient_level_candidate	relative_cnv	PROGENy_pathway	TNFa	94			Spearman rho	0.124462029638488	0.232004086349482	TRUE	FALSE	1	TCGA_ESCC_DR45_driver_state_shared_patients	FALSE	TRUE	0.909270897184366	FALSE	FALSE	same_patient_rna_derived_target	500	500	-0.0925846439323837	0.341658529797212	0.866	no_clear_internal_association	same_direction_nonsignificant	FALSE
ENSG00000100393.14	EP300	strong_patient_level_candidate	relative_cnv	PROGENy_pathway	PI3K	94			Spearman rho	0.12293580703143	0.237824074820064	TRUE	FALSE	1	TCGA_ESCC_DR45_driver_state_shared_patients	FALSE	TRUE	0.909270897184366	FALSE	FALSE	same_patient_rna_derived_target	500	500	-0.082795367644235	0.307767167543072	0.882	no_clear_internal_association	same_direction_nonsignificant	FALSE
ENSG00000100393.14	EP300	strong_patient_level_candidate	relative_cnv	PROGENy_pathway	p53	94			Spearman rho	0.12285308881919	0.238142377834001	TRUE	FALSE	1	TCGA_ESCC_DR45_driver_state_shared_patients	FALSE	TRUE	0.909270897184366	FALSE	FALSE	same_patient_rna_derived_target	500	500	-0.0571499241071763	0.315196032088809	0.882	no_clear_internal_association	same_direction_nonsignificant	FALSE
ENSG00000116044.16	NFE2L2	strong_patient_level_candidate	amplification	PROGENy_pathway	Estrogen	94	9	85	rank-biserial correlation: event minus reference	0.17124183006536	0.40358240304117	TRUE	FALSE	1	TCGA_ESCC_DR45_driver_state_shared_patients	FALSE	TRUE	0.930691986550828	FALSE	FALSE	same_patient_rna_derived_target	500	500	-0.260261437908497	0.554313725490196	0.776	no_clear_internal_association	same_direction_nonsignificant	FALSE
ENSG00000185920.16	PTCH1	strong_patient_level_candidate	amplification	PROGENy_pathway	Hypoxia	94	6	88	rank-biserial correlation: event minus reference	-0.189393939393939	0.443898465801459	TRUE	FALSE	1	TCGA_ESCC_DR45_driver_state_shared_patients	FALSE	TRUE	0.930691986550828	FALSE	FALSE	same_patient_rna_derived_target	500	500	-0.515151515151515	0.214109848484848	0.812	no_clear_internal_association	same_direction_nonsignificant	FALSE
ENSG00000185920.16	PTCH1	strong_patient_level_candidate	amplification	PROGENy_pathway	Androgen	94	6	88	rank-biserial correlation: event minus reference	-0.185606060606061	0.453158664111709	TRUE	FALSE	1	TCGA_ESCC_DR45_driver_state_shared_patients	FALSE	TRUE	0.930691986550828	FALSE	FALSE	same_patient_rna_derived_target	500	500	-0.657291666666667	0.295454545454545	0.742	no_clear_internal_association	same_direction_nonsignificant	FALSE
ENSG00000116044.16	NFE2L2	strong_patient_level_candidate	amplification	PROGENy_pathway	TNFa	94	9	85	rank-biserial correlation: event minus reference	-0.147712418300654	0.471776439767999	TRUE	FALSE	1	TCGA_ESCC_DR45_driver_state_shared_patients	FALSE	TRUE	0.930691986550828	FALSE	FALSE	same_patient_rna_derived_target	500	500	-0.430065359477124	0.164771241830065	0.838	no_clear_internal_association	same_direction_nonsignificant	FALSE
ENSG00000116044.16	NFE2L2	strong_patient_level_candidate	amplification	PROGENy_pathway	NFkB	94	9	85	rank-biserial correlation: event minus reference	-0.145098039215686	0.479726934062833	TRUE	FALSE	1	TCGA_ESCC_DR45_driver_state_shared_patients	FALSE	TRUE	0.930691986550828	FALSE	FALSE	same_patient_rna_derived_target	500	500	-0.427450980392157	0.125555555555556	0.84	no_clear_internal_association	same_direction_nonsignificant	FALSE
ENSG00000121879.6	PIK3CA	strong_patient_level_candidate	amplification	PROGENy_pathway	MAPK	94	49	45	rank-biserial correlation: event minus reference	-0.0839002267573696	0.486224955845337	TRUE	TRUE	2	TCGA_ESCC_DR45_driver_state_shared_patients	FALSE	TRUE	0.930691986550828	FALSE	FALSE	same_patient_rna_derived_target	500	500	-0.315238095238095	0.137414965986395	0.742	no_clear_internal_association	same_direction_nonsignificant	FALSE
ENSG00000116044.16	NFE2L2	strong_patient_level_candidate	amplification	PROGENy_pathway	PI3K	94	9	85	rank-biserial correlation: event minus reference	-0.126797385620915	0.537371359715476	TRUE	FALSE	1	TCGA_ESCC_DR45_driver_state_shared_patients	FALSE	TRUE	0.930691986550828	FALSE	FALSE	same_patient_rna_derived_target	500	500	-0.546470588235294	0.261503267973856	0.726	no_clear_internal_association	same_direction_nonsignificant	FALSE
ENSG00000121879.6	PIK3CA	strong_patient_level_candidate	amplification	PROGENy_pathway	p53	94	49	45	rank-biserial correlation: event minus reference	-0.0702947845804989	0.560031824918889	TRUE	TRUE	2	TCGA_ESCC_DR45_driver_state_shared_patients	FALSE	TRUE	0.930691986550828	FALSE	FALSE	same_patient_rna_derived_target	500	500	-0.29437641723356	0.157369614512472	0.722	no_clear_internal_association	same_direction_nonsignificant	FALSE
ENSG00000116044.16	NFE2L2	strong_patient_level_candidate	amplification	PROGENy_pathway	WNT	94	9	85	rank-biserial correlation: event minus reference	-0.118954248366013	0.563099862448737	TRUE	FALSE	1	TCGA_ESCC_DR45_driver_state_shared_patients	FALSE	TRUE	0.930691986550828	FALSE	FALSE	same_patient_rna_derived_target	500	500	-0.561045751633987	0.322287581699346	0.742	no_clear_internal_association	same_direction_nonsignificant	FALSE
ENSG00000121879.6	PIK3CA	strong_patient_level_candidate	amplification	PROGENy_pathway	VEGF	94	49	45	rank-biserial correlation: event minus reference	-0.0657596371882087	0.585787593203366	TRUE	TRUE	2	TCGA_ESCC_DR45_driver_state_shared_patients	FALSE	TRUE	0.930691986550828	FALSE	FALSE	same_patient_rna_derived_target	500	500	-0.299342403628118	0.164671201814059	0.72	no_clear_internal_association	same_direction_nonsignificant	FALSE
ENSG00000121879.6	PIK3CA	strong_patient_level_candidate	amplification	PROGENy_pathway	Hypoxia	94	49	45	rank-biserial correlation: event minus reference	-0.0648526077097506	0.591003982004748	TRUE	TRUE	2	TCGA_ESCC_DR45_driver_state_shared_patients	FALSE	TRUE	0.930691986550828	FALSE	FALSE	same_patient_rna_derived_target	500	500	-0.30750566893424	0.194172335600907	0.704	no_clear_internal_association	same_direction_nonsignificant	FALSE
ENSG00000185920.16	PTCH1	strong_patient_level_candidate	amplification	PROGENy_pathway	PI3K	94	6	88	rank-biserial correlation: event minus reference	0.132575757575758	0.593605441122122	TRUE	FALSE	1	TCGA_ESCC_DR45_driver_state_shared_patients	FALSE	TRUE	0.930691986550828	FALSE	FALSE	same_patient_rna_derived_target	500	500	-0.255965909090909	0.572159090909091	0.688	no_clear_internal_association	same_direction_nonsignificant	FALSE
ENSG00000116044.16	NFE2L2	strong_patient_level_candidate	amplification	PROGENy_pathway	Trail	94	9	85	rank-biserial correlation: event minus reference	0.108496732026144	0.598301991354103	TRUE	FALSE	1	TCGA_ESCC_DR45_driver_state_shared_patients	FALSE	TRUE	0.930691986550828	FALSE	FALSE	same_patient_rna_derived_target	500	500	-0.265359477124183	0.411895424836601	0.746	no_clear_internal_association	same_direction_nonsignificant	FALSE
ENSG00000167548.16	KMT2D	strong_patient_level_candidate	relative_cnv	PROGENy_pathway	Trail	94			Spearman rho	0.118272705552827	0.256231272178881	TRUE	FALSE	1	TCGA_ESCC_DR45_driver_state_shared_patients	FALSE	TRUE	0.944077579906018	FALSE	FALSE	same_patient_rna_derived_target	500	500	-0.0495618438741027	0.288131683252408	0.92	no_clear_internal_association	same_direction_nonsignificant	FALSE
ENSG00000121879.6	PIK3CA	strong_patient_level_candidate	relative_cnv	PROGENy_pathway	MAPK	94			Spearman rho	-0.113638461210009	0.275465936863561	TRUE	TRUE	2	TCGA_ESCC_DR45_driver_state_shared_patients	FALSE	TRUE	0.944077579906018	FALSE	FALSE	same_patient_rna_derived_target	500	500	-0.308428816226406	0.0955902094018497	0.838	no_clear_internal_association	same_direction_nonsignificant	FALSE
ENSG00000109670.16	FBXW7	strong_patient_level_candidate	relative_cnv	PROGENy_pathway	Androgen	94			Spearman rho	-0.113409339445757	0.276441411635505	TRUE	FALSE	1	TCGA_ESCC_DR45_driver_state_shared_patients	FALSE	TRUE	0.944077579906018	FALSE	FALSE	same_patient_rna_derived_target	500	500	-0.313516304286829	0.11402564581477	0.818	no_clear_internal_association	same_direction_nonsignificant	FALSE
ENSG00000185920.16	PTCH1	strong_patient_level_candidate	relative_cnv	PROGENy_pathway	TGFb	94			Spearman rho	0.113049381735714	0.277978587098391	TRUE	FALSE	1	TCGA_ESCC_DR45_driver_state_shared_patients	FALSE	TRUE	0.944077579906018	FALSE	FALSE	same_patient_rna_derived_target	500	500	-0.0806698816900972	0.332603145935183	0.868	no_clear_internal_association	same_direction_nonsignificant	FALSE
ENSG00000167548.16	KMT2D	strong_patient_level_candidate	relative_cnv	PROGENy_pathway	p53	94			Spearman rho	-0.111455331156492	0.284854577869862	TRUE	FALSE	1	TCGA_ESCC_DR45_driver_state_shared_patients	FALSE	TRUE	0.944077579906018	FALSE	FALSE	same_patient_rna_derived_target	500	500	-0.330951386605068	0.0980827486459986	0.834	no_clear_internal_association	same_direction_nonsignificant	FALSE
ENSG00000127616.19	SMARCA4	strong_patient_level_candidate	relative_cnv	PROGENy_pathway	Trail	94			Spearman rho	0.11095382508421	0.287041042620872	TRUE	FALSE	1	TCGA_ESCC_DR45_driver_state_shared_patients	FALSE	TRUE	0.944077579906018	FALSE	FALSE	same_patient_rna_derived_target	500	500	-0.0680533227277475	0.295620268079263	0.89	no_clear_internal_association	same_direction_nonsignificant	FALSE
ENSG00000087460.27	GNAS	strong_patient_level_candidate	relative_cnv	PROGENy_pathway	p53	94			Spearman rho	-0.110142230958755	0.290602977567662	TRUE	FALSE	1	TCGA_ESCC_DR45_driver_state_shared_patients	FALSE	TRUE	0.944077579906018	FALSE	FALSE	same_patient_rna_derived_target	500	500	-0.330968116483309	0.0887465800931157	0.858	no_clear_internal_association	same_direction_nonsignificant	FALSE
ENSG00000167548.16	KMT2D	strong_patient_level_candidate	relative_cnv	PROGENy_pathway	MAPK	94			Spearman rho	-0.109777208228163	0.292214489018529	TRUE	FALSE	1	TCGA_ESCC_DR45_driver_state_shared_patients	FALSE	TRUE	0.944077579906018	FALSE	FALSE	same_patient_rna_derived_target	500	500	-0.286675313509783	0.0629851611423964	0.898	no_clear_internal_association	same_direction_nonsignificant	FALSE
ENSG00000141579.7	ZNF750	strong_patient_level_candidate	relative_cnv	PROGENy_pathway	VEGF	94			Spearman rho	0.108418746151497	0.298263650414347	TRUE	FALSE	1	TCGA_ESCC_DR45_driver_state_shared_patients	FALSE	TRUE	0.945439495653025	FALSE	FALSE	same_patient_rna_derived_target	500	500	-0.127093811159971	0.307097863438205	0.826	no_clear_internal_association	same_direction_nonsignificant	FALSE
ENSG00000127616.19	SMARCA4	strong_patient_level_candidate	mutation	PROGENy_pathway	Androgen	94	7	87	rank-biserial correlation: event minus reference	-0.293924466338259	0.199923260122066	TRUE	FALSE	1	TCGA_ESCC_DR45_driver_state_shared_patients	FALSE	TRUE	0.945745419455194	FALSE	FALSE	same_patient_rna_derived_target	500	500	-0.776683087027915	0.379310344827586	0.856	no_clear_internal_association	same_direction_nonsignificant	FALSE
ENSG00000127616.19	SMARCA4	strong_patient_level_candidate	mutation	PROGENy_pathway	TGFb	94	7	87	rank-biserial correlation: event minus reference	-0.293924466338259	0.199923260122066	TRUE	FALSE	1	TCGA_ESCC_DR45_driver_state_shared_patients	FALSE	TRUE	0.945745419455194	FALSE	FALSE	same_patient_rna_derived_target	500	500	-0.679885057471264	0.0839080459770113	0.934	no_clear_internal_association	same_direction_nonsignificant	FALSE
ENSG00000167548.16	KMT2D	strong_patient_level_candidate	mutation	PROGENy_pathway	Hypoxia	94	16	78	rank-biserial correlation: event minus reference	0.201923076923077	0.206733523462032	TRUE	FALSE	1	TCGA_ESCC_DR45_driver_state_shared_patients	FALSE	TRUE	0.945745419455194	FALSE	FALSE	same_patient_rna_derived_target	500	500	-0.0828926282051282	0.505208333333333	0.922	no_clear_internal_association	same_direction_nonsignificant	FALSE
ENSG00000121879.6	PIK3CA	strong_patient_level_candidate	mutation	PROGENy_pathway	Hypoxia	94	11	83	rank-biserial correlation: event minus reference	0.220153340635268	0.2395017030541	TRUE	TRUE	2	TCGA_ESCC_DR45_driver_state_shared_patients	FALSE	TRUE	0.945745419455194	FALSE	FALSE	same_patient_rna_derived_target	500	500	-0.0428258488499453	0.509638554216867	0.956	no_clear_internal_association	same_direction_nonsignificant	FALSE
ENSG00000074181.9	NOTCH3	strong_patient_level_candidate	mutation	PROGENy_pathway	MAPK	94	10	84	rank-biserial correlation: event minus reference	0.228571428571429	0.241560135882783	TRUE	FALSE	1	TCGA_ESCC_DR45_driver_state_shared_patients	FALSE	TRUE	0.945745419455194	FALSE	FALSE	same_patient_rna_derived_target	500	500	-0.211011904761905	0.625059523809524	0.86	no_clear_internal_association	same_direction_nonsignificant	FALSE
ENSG00000141579.7	ZNF750	strong_patient_level_candidate	mutation	PROGENy_pathway	MAPK	94	11	83	rank-biserial correlation: event minus reference	-0.217962760131435	0.244233244614323	TRUE	FALSE	1	TCGA_ESCC_DR45_driver_state_shared_patients	FALSE	TRUE	0.945745419455194	FALSE	FALSE	same_patient_rna_derived_target	500	500	-0.636473165388828	0.235815991237678	0.85	no_clear_internal_association	same_direction_nonsignificant	FALSE
ENSG00000121879.6	PIK3CA	strong_patient_level_candidate	mutation	PROGENy_pathway	p53	94	11	83	rank-biserial correlation: event minus reference	0.213581599123768	0.253892312454716	TRUE	TRUE	2	TCGA_ESCC_DR45_driver_state_shared_patients	FALSE	TRUE	0.945745419455194	FALSE	FALSE	same_patient_rna_derived_target	500	500	-0.112814895947426	0.513910186199343	0.908	no_clear_internal_association	same_direction_nonsignificant	FALSE
ENSG00000185920.16	PTCH1	strong_patient_level_candidate	mutation	PROGENy_pathway	Trail	94	7	87	rank-biserial correlation: event minus reference	-0.257799671592775	0.261289219816268	TRUE	FALSE	1	TCGA_ESCC_DR45_driver_state_shared_patients	FALSE	TRUE	0.945745419455194	FALSE	FALSE	same_patient_rna_derived_target	500	500	-0.583087027914614	0.0923645320197041	0.938	no_clear_internal_association	same_direction_nonsignificant	FALSE
ENSG00000167548.16	KMT2D	strong_patient_level_candidate	mutation	PROGENy_pathway	JAK-STAT	94	16	78	rank-biserial correlation: event minus reference	0.176282051282051	0.270622678905295	TRUE	FALSE	1	TCGA_ESCC_DR45_driver_state_shared_patients	FALSE	TRUE	0.945745419455194	FALSE	FALSE	same_patient_rna_derived_target	500	500	-0.165144230769231	0.496113782051282	0.844	no_clear_internal_association	same_direction_nonsignificant	FALSE
ENSG00000141579.7	ZNF750	strong_patient_level_candidate	mutation	PROGENy_pathway	TNFa	94	11	83	rank-biserial correlation: event minus reference	-0.200438116100767	0.284451804153346	TRUE	FALSE	1	TCGA_ESCC_DR45_driver_state_shared_patients	FALSE	TRUE	0.945745419455194	FALSE	FALSE	same_patient_rna_derived_target	500	500	-0.567962760131435	0.201588170865279	0.826	no_clear_internal_association	same_direction_nonsignificant	FALSE
ENSG00000141579.7	ZNF750	strong_patient_level_candidate	mutation	PROGENy_pathway	Androgen	94	11	83	rank-biserial correlation: event minus reference	0.193866374589266	0.300629118302027	TRUE	FALSE	1	TCGA_ESCC_DR45_driver_state_shared_patients	FALSE	TRUE	0.945745419455194	FALSE	FALSE	same_patient_rna_derived_target	500	500	-0.212650602409639	0.55750273822563	0.846	no_clear_internal_association	same_direction_nonsignificant	FALSE
ENSG00000141579.7	ZNF750	strong_patient_level_candidate	mutation	PROGENy_pathway	WNT	94	11	83	rank-biserial correlation: event minus reference	0.193866374589266	0.300629118302027	TRUE	FALSE	1	TCGA_ESCC_DR45_driver_state_shared_patients	FALSE	TRUE	0.945745419455194	FALSE	FALSE	same_patient_rna_derived_target	500	500	-0.156955093099671	0.521412924424973	0.876	no_clear_internal_association	same_direction_nonsignificant	FALSE
ENSG00000148400.12	NOTCH1	strong_patient_level_candidate	mutation	PROGENy_pathway	Trail	94	13	81	rank-biserial correlation: event minus reference	-0.17948717948718	0.303226813086829	TRUE	FALSE	1	TCGA_ESCC_DR45_driver_state_shared_patients	FALSE	TRUE	0.945745419455194	FALSE	FALSE	same_patient_rna_derived_target	500	500	-0.474976258309592	0.167378917378917	0.858	no_clear_internal_association	same_direction_nonsignificant	FALSE
ENSG00000116044.16	NFE2L2	strong_patient_level_candidate	mutation	PROGENy_pathway	Hypoxia	94	16	78	rank-biserial correlation: event minus reference	-0.158653846153846	0.321703292309608	TRUE	FALSE	1	TCGA_ESCC_DR45_driver_state_shared_patients	FALSE	TRUE	0.945745419455194	FALSE	FALSE	same_patient_rna_derived_target	500	500	-0.473317307692308	0.120192307692308	0.852	no_clear_internal_association	same_direction_nonsignificant	FALSE
ENSG00000141579.7	ZNF750	strong_patient_level_candidate	mutation	PROGENy_pathway	NFkB	94	11	83	rank-biserial correlation: event minus reference	-0.185104052573932	0.323135074522431	TRUE	FALSE	1	TCGA_ESCC_DR45_driver_state_shared_patients	FALSE	TRUE	0.945745419455194	FALSE	FALSE	same_patient_rna_derived_target	500	500	-0.561062431544359	0.253231106243154	0.796	no_clear_internal_association	same_direction_nonsignificant	FALSE
ENSG00000116044.16	NFE2L2	strong_patient_level_candidate	mutation	PROGENy_pathway	TNFa	94	16	78	rank-biserial correlation: event minus reference	-0.155448717948718	0.331626647082852	TRUE	FALSE	1	TCGA_ESCC_DR45_driver_state_shared_patients	FALSE	TRUE	0.945745419455194	FALSE	FALSE	same_patient_rna_derived_target	500	500	-0.453525641025641	0.163621794871795	0.79	no_clear_internal_association	same_direction_nonsignificant	FALSE
ENSG00000116044.16	NFE2L2	strong_patient_level_candidate	mutation	PROGENy_pathway	MAPK	94	16	78	rank-biserial correlation: event minus reference	-0.153846153846154	0.336661745066038	TRUE	FALSE	1	TCGA_ESCC_DR45_driver_state_shared_patients	FALSE	TRUE	0.945745419455194	FALSE	FALSE	same_patient_rna_derived_target	500	500	-0.437660256410256	0.140264423076923	0.826	no_clear_internal_association	same_direction_nonsignificant	FALSE
ENSG00000116044.16	NFE2L2	strong_patient_level_candidate	mutation	PROGENy_pathway	NFkB	94	16	78	rank-biserial correlation: event minus reference	-0.15224358974359	0.341745747828904	TRUE	FALSE	1	TCGA_ESCC_DR45_driver_state_shared_patients	FALSE	TRUE	0.945745419455194	FALSE	FALSE	same_patient_rna_derived_target	500	500	-0.465905448717949	0.138741987179487	0.844	no_clear_internal_association	same_direction_nonsignificant	FALSE
ENSG00000141510.18	TP53	strong_patient_level_candidate	mutation	PROGENy_pathway	EGFR	94	84	10	rank-biserial correlation: event minus reference	-0.185714285714286	0.341926325807275	TRUE	FALSE	1	TCGA_ESCC_DR45_driver_state_shared_patients	FALSE	TRUE	0.945745419455194	FALSE	FALSE	same_patient_rna_derived_target	500	500	-0.641964285714286	0.258511904761905	0.83	no_clear_internal_association	same_direction_nonsignificant	FALSE
ENSG00000116044.16	NFE2L2	strong_patient_level_candidate	mutation	PROGENy_pathway	EGFR	94	16	78	rank-biserial correlation: event minus reference	-0.150641025641026	0.346878610830172	TRUE	FALSE	1	TCGA_ESCC_DR45_driver_state_shared_patients	FALSE	TRUE	0.945745419455194	FALSE	FALSE	same_patient_rna_derived_target	500	500	-0.460496794871795	0.161097756410256	0.828	no_clear_internal_association	same_direction_nonsignificant	FALSE
ENSG00000116044.16	NFE2L2	strong_patient_level_candidate	mutation	PROGENy_pathway	TGFb	94	16	78	rank-biserial correlation: event minus reference	-0.150641025641026	0.346878610830172	TRUE	FALSE	1	TCGA_ESCC_DR45_driver_state_shared_patients	FALSE	TRUE	0.945745419455194	FALSE	FALSE	same_patient_rna_derived_target	500	500	-0.389503205128205	0.122716346153846	0.854	no_clear_internal_association	same_direction_nonsignificant	FALSE
ENSG00000121879.6	PIK3CA	strong_patient_level_candidate	mutation	PROGENy_pathway	VEGF	94	11	83	rank-biserial correlation: event minus reference	0.174151150054765	0.352772896033974	TRUE	TRUE	2	TCGA_ESCC_DR45_driver_state_shared_patients	FALSE	TRUE	0.945745419455194	FALSE	FALSE	same_patient_rna_derived_target	500	500	-0.227272727272727	0.564184008762322	0.806	no_clear_internal_association	same_direction_nonsignificant	FALSE
ENSG00000141510.18	TP53	strong_patient_level_candidate	mutation	PROGENy_pathway	Androgen	94	84	10	rank-biserial correlation: event minus reference	-0.180952380952381	0.354528926996184	TRUE	FALSE	1	TCGA_ESCC_DR45_driver_state_shared_patients	FALSE	TRUE	0.945745419455194	FALSE	FALSE	same_patient_rna_derived_target	500	500	-0.681190476190476	0.263154761904762	0.804	no_clear_internal_association	same_direction_nonsignificant	FALSE
ENSG00000121879.6	PIK3CA	strong_patient_level_candidate	mutation	PROGENy_pathway	PI3K	94	11	83	rank-biserial correlation: event minus reference	0.169769989047097	0.365094895441008	TRUE	TRUE	2	TCGA_ESCC_DR45_driver_state_shared_patients	FALSE	TRUE	0.945745419455194	FALSE	FALSE	same_patient_rna_derived_target	500	500	-0.163198247535597	0.498466593647316	0.836	no_clear_internal_association	same_direction_nonsignificant	FALSE
ENSG00000074181.9	NOTCH3	strong_patient_level_candidate	mutation	PROGENy_pathway	Trail	94	10	84	rank-biserial correlation: event minus reference	-0.173809523809524	0.373975111245793	TRUE	FALSE	1	TCGA_ESCC_DR45_driver_state_shared_patients	FALSE	TRUE	0.945745419455194	FALSE	FALSE	same_patient_rna_derived_target	500	500	-0.533333333333333	0.211904761904762	0.818	no_clear_internal_association	same_direction_nonsignificant	FALSE
ENSG00000074181.9	NOTCH3	strong_patient_level_candidate	mutation	PROGENy_pathway	TGFb	94	10	84	rank-biserial correlation: event minus reference	-0.161904761904762	0.40781883235431	TRUE	FALSE	1	TCGA_ESCC_DR45_driver_state_shared_patients	FALSE	TRUE	0.945745419455194	FALSE	FALSE	same_patient_rna_derived_target	500	500	-0.601488095238095	0.273928571428571	0.746	no_clear_internal_association	same_direction_nonsignificant	FALSE
ENSG00000167548.16	KMT2D	strong_patient_level_candidate	mutation	PROGENy_pathway	EGFR	94	16	78	rank-biserial correlation: event minus reference	0.131410256410256	0.412253473722251	TRUE	FALSE	1	TCGA_ESCC_DR45_driver_state_shared_patients	FALSE	TRUE	0.945745419455194	FALSE	FALSE	same_patient_rna_derived_target	500	500	-0.20604967948718	0.481690705128205	0.794	no_clear_internal_association	same_direction_nonsignificant	FALSE
ENSG00000121879.6	PIK3CA	strong_patient_level_candidate	mutation	PROGENy_pathway	WNT	94	11	83	rank-biserial correlation: event minus reference	-0.152245345016429	0.417020672138347	TRUE	TRUE	2	TCGA_ESCC_DR45_driver_state_shared_patients	FALSE	TRUE	0.945745419455194	FALSE	FALSE	same_patient_rna_derived_target	500	500	-0.503888280394305	0.232584884994523	0.772	no_clear_internal_association	same_direction_nonsignificant	FALSE
ENSG00000121879.6	PIK3CA	strong_patient_level_candidate	mutation	PROGENy_pathway	Trail	94	11	83	rank-biserial correlation: event minus reference	-0.147864184008762	0.430652111838638	TRUE	TRUE	2	TCGA_ESCC_DR45_driver_state_shared_patients	FALSE	TRUE	0.945745419455194	FALSE	FALSE	same_patient_rna_derived_target	500	500	-0.625520262869661	0.325301204819277	0.754	no_clear_internal_association	same_direction_nonsignificant	FALSE
ENSG00000141510.18	TP53	strong_patient_level_candidate	mutation	PROGENy_pathway	Trail	94	84	10	rank-biserial correlation: event minus reference	0.152380952380952	0.436164138736664	TRUE	FALSE	1	TCGA_ESCC_DR45_driver_state_shared_patients	FALSE	TRUE	0.945745419455194	FALSE	FALSE	same_patient_rna_derived_target	500	500	-0.34797619047619	0.590833333333333	0.76	no_clear_internal_association	same_direction_nonsignificant	FALSE
ENSG00000185920.16	PTCH1	strong_patient_level_candidate	mutation	PROGENy_pathway	p53	94	7	87	rank-biserial correlation: event minus reference	-0.178981937602627	0.436743954648639	TRUE	FALSE	1	TCGA_ESCC_DR45_driver_state_shared_patients	FALSE	TRUE	0.945745419455194	FALSE	FALSE	same_patient_rna_derived_target	500	500	-0.427011494252874	0.110180623973727	0.876	no_clear_internal_association	same_direction_nonsignificant	FALSE
ENSG00000141579.7	ZNF750	strong_patient_level_candidate	mutation	PROGENy_pathway	TGFb	94	11	83	rank-biserial correlation: event minus reference	-0.145673603504929	0.437563662770793	TRUE	FALSE	1	TCGA_ESCC_DR45_driver_state_shared_patients	FALSE	TRUE	0.945745419455194	FALSE	FALSE	same_patient_rna_derived_target	500	500	-0.529134720700986	0.261993428258488	0.766	no_clear_internal_association	same_direction_nonsignificant	FALSE
ENSG00000141510.18	TP53	strong_patient_level_candidate	mutation	PROGENy_pathway	MAPK	94	84	10	rank-biserial correlation: event minus reference	-0.147619047619048	0.450752319903514	TRUE	FALSE	1	TCGA_ESCC_DR45_driver_state_shared_patients	FALSE	TRUE	0.945745419455194	FALSE	FALSE	same_patient_rna_derived_target	500	500	-0.620654761904762	0.36077380952381	0.738	no_clear_internal_association	same_direction_nonsignificant	FALSE
ENSG00000141510.18	TP53	strong_patient_level_candidate	mutation	PROGENy_pathway	NFkB	94	84	10	rank-biserial correlation: event minus reference	-0.147619047619048	0.450752319903514	TRUE	FALSE	1	TCGA_ESCC_DR45_driver_state_shared_patients	FALSE	TRUE	0.945745419455194	FALSE	FALSE	same_patient_rna_derived_target	500	500	-0.496607142857143	0.175297619047619	0.774	no_clear_internal_association	same_direction_nonsignificant	FALSE
ENSG00000141510.18	TP53	strong_patient_level_candidate	mutation	PROGENy_pathway	Hypoxia	94	84	10	rank-biserial correlation: event minus reference	-0.145238095238095	0.458148773663321	TRUE	FALSE	1	TCGA_ESCC_DR45_driver_state_shared_patients	FALSE	TRUE	0.945745419455194	FALSE	FALSE	same_patient_rna_derived_target	500	500	-0.481190476190476	0.249345238095238	0.788	no_clear_internal_association	same_direction_nonsignificant	FALSE
ENSG00000141510.18	TP53	strong_patient_level_candidate	mutation	PROGENy_pathway	PI3K	94	84	10	rank-biserial correlation: event minus reference	-0.142857142857143	0.465612824646413	TRUE	FALSE	1	TCGA_ESCC_DR45_driver_state_shared_patients	FALSE	TRUE	0.945745419455194	FALSE	FALSE	same_patient_rna_derived_target	500	500	-0.541726190476191	0.266666666666667	0.752	no_clear_internal_association	same_direction_nonsignificant	FALSE
ENSG00000116044.16	NFE2L2	strong_patient_level_candidate	mutation	PROGENy_pathway	Androgen	94	16	78	rank-biserial correlation: event minus reference	-0.11698717948718	0.465763410893585	TRUE	FALSE	1	TCGA_ESCC_DR45_driver_state_shared_patients	FALSE	TRUE	0.945745419455194	FALSE	FALSE	same_patient_rna_derived_target	500	500	-0.438341346153846	0.175520833333333	0.78	no_clear_internal_association	same_direction_nonsignificant	FALSE
ENSG00000167548.16	KMT2D	strong_patient_level_candidate	mutation	PROGENy_pathway	TNFa	94	16	78	rank-biserial correlation: event minus reference	0.11698717948718	0.465763410893585	TRUE	FALSE	1	TCGA_ESCC_DR45_driver_state_shared_patients	FALSE	TRUE	0.945745419455194	FALSE	FALSE	same_patient_rna_derived_target	500	500	-0.216426282051282	0.440705128205128	0.774	no_clear_internal_association	same_direction_nonsignificant	FALSE
ENSG00000141579.7	ZNF750	strong_patient_level_candidate	mutation	PROGENy_pathway	EGFR	94	11	83	rank-biserial correlation: event minus reference	-0.134720700985761	0.473064249289388	TRUE	FALSE	1	TCGA_ESCC_DR45_driver_state_shared_patients	FALSE	TRUE	0.945745419455194	FALSE	FALSE	same_patient_rna_derived_target	500	500	-0.530175246440307	0.282639649507119	0.726	no_clear_internal_association	same_direction_nonsignificant	FALSE
ENSG00000116044.16	NFE2L2	strong_patient_level_candidate	mutation	PROGENy_pathway	VEGF	94	16	78	rank-biserial correlation: event minus reference	-0.113782051282051	0.478157900233927	TRUE	FALSE	1	TCGA_ESCC_DR45_driver_state_shared_patients	FALSE	TRUE	0.945745419455194	FALSE	FALSE	same_patient_rna_derived_target	500	500	-0.328525641025641	0.133934294871795	0.808	no_clear_internal_association	same_direction_nonsignificant	FALSE
ENSG00000185920.16	PTCH1	strong_patient_level_candidate	mutation	PROGENy_pathway	MAPK	94	7	87	rank-biserial correlation: event minus reference	0.16256157635468	0.480378625755019	TRUE	FALSE	1	TCGA_ESCC_DR45_driver_state_shared_patients	FALSE	TRUE	0.945745419455194	FALSE	FALSE	same_patient_rna_derived_target	500	500	-0.0986042692939244	0.445155993431855	0.842	no_clear_internal_association	same_direction_nonsignificant	FALSE
ENSG00000127616.19	SMARCA4	strong_patient_level_candidate	mutation	PROGENy_pathway	p53	94	7	87	rank-biserial correlation: event minus reference	0.16256157635468	0.480378625755019	TRUE	FALSE	1	TCGA_ESCC_DR45_driver_state_shared_patients	FALSE	TRUE	0.945745419455194	FALSE	FALSE	same_patient_rna_derived_target	500	500	-0.445155993431856	0.670032840722496	0.672	no_clear_internal_association	same_direction_nonsignificant	FALSE
ENSG00000167548.16	KMT2D	strong_patient_level_candidate	mutation	PROGENy_pathway	PI3K	94	16	78	rank-biserial correlation: event minus reference	0.110576923076923	0.49073053665024	TRUE	FALSE	1	TCGA_ESCC_DR45_driver_state_shared_patients	FALSE	TRUE	0.95126227104508	FALSE	FALSE	same_patient_rna_derived_target	500	500	-0.172315705128205	0.433533653846154	0.744	no_clear_internal_association	same_direction_nonsignificant	FALSE
ENSG00000148400.12	NOTCH1	strong_patient_level_candidate	relative_cnv	PROGENy_pathway	NFkB	94			Spearman rho	0.106745008866929	0.305829039634742	TRUE	FALSE	1	TCGA_ESCC_DR45_driver_state_shared_patients	FALSE	TRUE	0.951468123308087	FALSE	FALSE	same_patient_rna_derived_target	500	500	-0.107142699936979	0.30159906079048	0.86	no_clear_internal_association	same_direction_nonsignificant	FALSE
ENSG00000167548.16	KMT2D	strong_patient_level_candidate	relative_cnv	PROGENy_pathway	EGFR	94			Spearman rho	-0.105389615988471	0.31204639892928	TRUE	FALSE	1	TCGA_ESCC_DR45_driver_state_shared_patients	FALSE	TRUE	0.953159909456709	FALSE	FALSE	same_patient_rna_derived_target	500	500	-0.294522438854529	0.0794375848396615	0.848	no_clear_internal_association	same_direction_nonsignificant	FALSE
ENSG00000167548.16	KMT2D	strong_patient_level_candidate	mutation	PROGENy_pathway	NFkB	94	16	78	rank-biserial correlation: event minus reference	0.104166666666667	0.516399665067784	TRUE	FALSE	1	TCGA_ESCC_DR45_driver_state_shared_patients	FALSE	TRUE	0.957037680912183	FALSE	FALSE	same_patient_rna_derived_target	500	500	-0.200721153846154	0.424679487179487	0.728	no_clear_internal_association	same_direction_nonsignificant	FALSE
ENSG00000121879.6	PIK3CA	strong_patient_level_candidate	mutation	PROGENy_pathway	JAK-STAT	94	11	83	rank-biserial correlation: event minus reference	-0.117196056955093	0.53301933727453	TRUE	TRUE	2	TCGA_ESCC_DR45_driver_state_shared_patients	FALSE	TRUE	0.957037680912183	FALSE	FALSE	same_patient_rna_derived_target	500	500	-0.502847754654984	0.260733844468784	0.698	no_clear_internal_association	same_direction_nonsignificant	FALSE
ENSG00000141579.7	ZNF750	strong_patient_level_candidate	mutation	PROGENy_pathway	JAK-STAT	94	11	83	rank-biserial correlation: event minus reference	-0.117196056955093	0.53301933727453	TRUE	FALSE	1	TCGA_ESCC_DR45_driver_state_shared_patients	FALSE	TRUE	0.957037680912183	FALSE	FALSE	same_patient_rna_derived_target	500	500	-0.510460021905805	0.254162102957284	0.734	no_clear_internal_association	same_direction_nonsignificant	FALSE
ENSG00000141579.7	ZNF750	strong_patient_level_candidate	mutation	PROGENy_pathway	PI3K	94	11	83	rank-biserial correlation: event minus reference	-0.117196056955093	0.53301933727453	TRUE	FALSE	1	TCGA_ESCC_DR45_driver_state_shared_patients	FALSE	TRUE	0.957037680912183	FALSE	FALSE	same_patient_rna_derived_target	500	500	-0.472070098576123	0.295892661555312	0.694	no_clear_internal_association	same_direction_nonsignificant	FALSE
ENSG00000167548.16	KMT2D	strong_patient_level_candidate	mutation	PROGENy_pathway	MAPK	94	16	78	rank-biserial correlation: event minus reference	0.0961538461538463	0.549438018753327	TRUE	FALSE	1	TCGA_ESCC_DR45_driver_state_shared_patients	FALSE	TRUE	0.957037680912183	FALSE	FALSE	same_patient_rna_derived_target	500	500	-0.251001602564103	0.446434294871795	0.718	no_clear_internal_association	same_direction_nonsignificant	FALSE
ENSG00000185920.16	PTCH1	strong_patient_level_candidate	mutation	PROGENy_pathway	VEGF	94	7	87	rank-biserial correlation: event minus reference	0.133004926108374	0.564563469355616	TRUE	FALSE	1	TCGA_ESCC_DR45_driver_state_shared_patients	FALSE	TRUE	0.957037680912183	FALSE	FALSE	same_patient_rna_derived_target	500	500	-0.15944170771757	0.42200328407225	0.816	no_clear_internal_association	same_direction_nonsignificant	FALSE
ENSG00000148400.12	NOTCH1	strong_patient_level_candidate	mutation	PROGENy_pathway	Androgen	94	13	81	rank-biserial correlation: event minus reference	0.0959164292497625	0.583948230783556	TRUE	FALSE	1	TCGA_ESCC_DR45_driver_state_shared_patients	FALSE	TRUE	0.957037680912183	FALSE	FALSE	same_patient_rna_derived_target	500	500	-0.297245963912631	0.467283950617284	0.692	no_clear_internal_association	same_direction_nonsignificant	FALSE
ENSG00000121879.6	PIK3CA	strong_patient_level_candidate	mutation	PROGENy_pathway	TNFa	94	11	83	rank-biserial correlation: event minus reference	0.101861993428259	0.58846121705435	TRUE	TRUE	2	TCGA_ESCC_DR45_driver_state_shared_patients	FALSE	TRUE	0.957037680912183	FALSE	FALSE	same_patient_rna_derived_target	500	500	-0.270536692223439	0.454764512595838	0.716	no_clear_internal_association	same_direction_nonsignificant	FALSE
ENSG00000074181.9	NOTCH3	strong_patient_level_candidate	mutation	PROGENy_pathway	EGFR	94	10	84	rank-biserial correlation: event minus reference	0.104761904761905	0.593735107148124	TRUE	FALSE	1	TCGA_ESCC_DR45_driver_state_shared_patients	FALSE	TRUE	0.957037680912183	FALSE	FALSE	same_patient_rna_derived_target	500	500	-0.340833333333333	0.559642857142857	0.664	no_clear_internal_association	same_direction_nonsignificant	FALSE
ENSG00000116044.16	NFE2L2	strong_patient_level_candidate	mutation	PROGENy_pathway	PI3K	94	16	78	rank-biserial correlation: event minus reference	-0.0849358974358975	0.597375355661715	TRUE	FALSE	1	TCGA_ESCC_DR45_driver_state_shared_patients	FALSE	TRUE	0.957037680912183	FALSE	FALSE	same_patient_rna_derived_target	500	500	-0.370272435897436	0.252524038461538	0.678	no_clear_internal_association	same_direction_nonsignificant	FALSE
ENSG00000074181.9	NOTCH3	strong_patient_level_candidate	mutation	PROGENy_pathway	p53	94	10	84	rank-biserial correlation: event minus reference	-0.102380952380952	0.602249438452998	TRUE	FALSE	1	TCGA_ESCC_DR45_driver_state_shared_patients	FALSE	TRUE	0.957037680912183	FALSE	FALSE	same_patient_rna_derived_target	500	500	-0.389345238095238	0.188095238095238	0.766	no_clear_internal_association	same_direction_nonsignificant	FALSE
ENSG00000141510.18	TP53	strong_patient_level_candidate	mutation	PROGENy_pathway	TNFa	94	84	10	rank-biserial correlation: event minus reference	-0.1	0.610818358224146	TRUE	FALSE	1	TCGA_ESCC_DR45_driver_state_shared_patients	FALSE	TRUE	0.957037680912183	FALSE	FALSE	same_patient_rna_derived_target	500	500	-0.524047619047619	0.263154761904762	0.674	no_clear_internal_association	same_direction_nonsignificant	FALSE
ENSG00000167548.16	KMT2D	strong_patient_level_candidate	mutation	PROGENy_pathway	Androgen	94	16	78	rank-biserial correlation: event minus reference	0.0817307692307692	0.611412987231948	TRUE	FALSE	1	TCGA_ESCC_DR45_driver_state_shared_patients	FALSE	TRUE	0.957037680912183	FALSE	FALSE	same_patient_rna_derived_target	500	500	-0.258854166666667	0.448116987179487	0.698	no_clear_internal_association	same_direction_nonsignificant	FALSE
ENSG00000148400.12	NOTCH1	strong_patient_level_candidate	mutation	PROGENy_pathway	VEGF	94	13	81	rank-biserial correlation: event minus reference	0.0883190883190883	0.614390266573018	TRUE	FALSE	1	TCGA_ESCC_DR45_driver_state_shared_patients	FALSE	TRUE	0.957037680912183	FALSE	FALSE	same_patient_rna_derived_target	500	500	-0.254558404558405	0.427587844254511	0.674	no_clear_internal_association	same_direction_nonsignificant	FALSE
ENSG00000148400.12	NOTCH1	strong_patient_level_candidate	mutation	PROGENy_pathway	NFkB	94	13	81	rank-biserial correlation: event minus reference	-0.0845204178537512	0.629868799688973	TRUE	FALSE	1	TCGA_ESCC_DR45_driver_state_shared_patients	FALSE	TRUE	0.957037680912183	FALSE	FALSE	same_patient_rna_derived_target	500	500	-0.388414055080722	0.20346628679962	0.736	no_clear_internal_association	same_direction_nonsignificant	FALSE
ENSG00000116044.16	NFE2L2	strong_patient_level_candidate	mutation	PROGENy_pathway	WNT	94	16	78	rank-biserial correlation: event minus reference	0.0769230769230769	0.632738528844719	TRUE	FALSE	1	TCGA_ESCC_DR45_driver_state_shared_patients	FALSE	TRUE	0.957037680912183	FALSE	FALSE	same_patient_rna_derived_target	500	500	-0.210777243589744	0.394310897435897	0.67	no_clear_internal_association	same_direction_nonsignificant	FALSE
ENSG00000121879.6	PIK3CA	strong_patient_level_candidate	mutation	PROGENy_pathway	MAPK	94	11	83	rank-biserial correlation: event minus reference	-0.0887185104052574	0.638002635675622	TRUE	TRUE	2	TCGA_ESCC_DR45_driver_state_shared_patients	FALSE	TRUE	0.957037680912183	FALSE	FALSE	same_patient_rna_derived_target	500	500	-0.478641840087623	0.27420591456736	0.668	no_clear_internal_association	same_direction_nonsignificant	FALSE
ENSG00000185920.16	PTCH1	strong_patient_level_candidate	mutation	PROGENy_pathway	Androgen	94	7	87	rank-biserial correlation: event minus reference	-0.106732348111658	0.644898185749483	TRUE	FALSE	1	TCGA_ESCC_DR45_driver_state_shared_patients	FALSE	TRUE	0.957037680912183	FALSE	FALSE	same_patient_rna_derived_target	500	500	-0.48111658456486	0.338341543513957	0.704	no_clear_internal_association	same_direction_nonsignificant	FALSE
ENSG00000185920.16	PTCH1	strong_patient_level_candidate	mutation	PROGENy_pathway	Hypoxia	94	7	87	rank-biserial correlation: event minus reference	0.106732348111658	0.644898185749483	TRUE	FALSE	1	TCGA_ESCC_DR45_driver_state_shared_patients	FALSE	TRUE	0.957037680912183	FALSE	FALSE	same_patient_rna_derived_target	500	500	-0.223399014778325	0.490968801313629	0.724	no_clear_internal_association	same_direction_nonsignificant	FALSE
ENSG00000074181.9	NOTCH3	strong_patient_level_candidate	mutation	PROGENy_pathway	Estrogen	94	10	84	rank-biserial correlation: event minus reference	-0.0904761904761905	0.645620657758219	TRUE	FALSE	1	TCGA_ESCC_DR45_driver_state_shared_patients	FALSE	TRUE	0.957037680912183	FALSE	FALSE	same_patient_rna_derived_target	500	500	-0.40125	0.308392857142857	0.708	no_clear_internal_association	same_direction_nonsignificant	FALSE
ENSG00000141579.7	ZNF750	strong_patient_level_candidate	mutation	PROGENy_pathway	VEGF	94	11	83	rank-biserial correlation: event minus reference	-0.0821467688937568	0.663412703086016	TRUE	FALSE	1	TCGA_ESCC_DR45_driver_state_shared_patients	FALSE	TRUE	0.962535481207803	FALSE	FALSE	same_patient_rna_derived_target	500	500	-0.429627601314348	0.316648411829135	0.67	no_clear_internal_association	same_direction_nonsignificant	FALSE
ENSG00000116044.16	NFE2L2	strong_patient_level_candidate	mutation	PROGENy_pathway	JAK-STAT	94	16	78	rank-biserial correlation: event minus reference	-0.0689102564102564	0.668961894338984	TRUE	FALSE	1	TCGA_ESCC_DR45_driver_state_shared_patients	FALSE	TRUE	0.962535481207803	FALSE	FALSE	same_patient_rna_derived_target	500	500	-0.379807692307692	0.228405448717949	0.712	no_clear_internal_association	same_direction_nonsignificant	FALSE
ENSG00000141510.18	TP53	strong_patient_level_candidate	mutation	PROGENy_pathway	JAK-STAT	94	84	10	rank-biserial correlation: event minus reference	-0.0833333333333334	0.672247002748307	TRUE	FALSE	1	TCGA_ESCC_DR45_driver_state_shared_patients	FALSE	TRUE	0.962535481207803	FALSE	FALSE	same_patient_rna_derived_target	500	500	-0.446488095238095	0.317142857142857	0.678	no_clear_internal_association	same_direction_nonsignificant	FALSE
ENSG00000087460.27	GNAS	strong_patient_level_candidate	amplification	PROGENy_pathway	VEGF	94	6	88	rank-biserial correlation: event minus reference	0.117424242424242	0.637105406737766	TRUE	FALSE	1	TCGA_ESCC_DR45_driver_state_shared_patients	FALSE	TRUE	0.964267642630132	FALSE	FALSE	same_patient_rna_derived_target	500	500	-0.420454545454545	0.542234848484848	0.664	no_clear_internal_association	same_direction_nonsignificant	FALSE
ENSG00000141579.7	ZNF750	strong_patient_level_candidate	mutation	PROGENy_pathway	p53	94	11	83	rank-biserial correlation: event minus reference	-0.0755750273822563	0.689215966660334	TRUE	FALSE	1	TCGA_ESCC_DR45_driver_state_shared_patients	FALSE	TRUE	0.965949229233821	FALSE	FALSE	same_patient_rna_derived_target	500	500	-0.392387732749179	0.271796276013143	0.658	no_clear_internal_association	same_direction_nonsignificant	FALSE
ENSG00000074181.9	NOTCH3	strong_patient_level_candidate	mutation	PROGENy_pathway	Hypoxia	94	10	84	rank-biserial correlation: event minus reference	-0.0785714285714286	0.690231758706853	TRUE	FALSE	1	TCGA_ESCC_DR45_driver_state_shared_patients	FALSE	TRUE	0.965949229233821	FALSE	FALSE	same_patient_rna_derived_target	500	500	-0.511904761904762	0.321666666666666	0.664	no_clear_internal_association	same_direction_nonsignificant	FALSE
ENSG00000127616.19	SMARCA4	strong_patient_level_candidate	mutation	PROGENy_pathway	TNFa	94	7	87	rank-biserial correlation: event minus reference	0.083743842364532	0.718811374912026	TRUE	FALSE	1	TCGA_ESCC_DR45_driver_state_shared_patients	FALSE	TRUE	0.965949229233821	FALSE	FALSE	same_patient_rna_derived_target	500	500	-0.424055829228243	0.5123973727422	0.612	no_clear_internal_association	same_direction_nonsignificant	FALSE
ENSG00000116044.16	NFE2L2	strong_patient_level_candidate	mutation	PROGENy_pathway	Estrogen	94	16	78	rank-biserial correlation: event minus reference	0.0576923076923077	0.720979991152359	TRUE	FALSE	1	TCGA_ESCC_DR45_driver_state_shared_patients	FALSE	TRUE	0.965949229233821	FALSE	FALSE	same_patient_rna_derived_target	500	500	-0.260616987179487	0.354246794871795	0.672	no_clear_internal_association	same_direction_nonsignificant	FALSE
ENSG00000185920.16	PTCH1	strong_patient_level_candidate	mutation	PROGENy_pathway	PI3K	94	7	87	rank-biserial correlation: event minus reference	0.0804597701149426	0.729608842797107	TRUE	FALSE	1	TCGA_ESCC_DR45_driver_state_shared_patients	FALSE	TRUE	0.965949229233821	FALSE	FALSE	same_patient_rna_derived_target	500	500	-0.310673234811166	0.417159277504105	0.684	no_clear_internal_association	same_direction_nonsignificant	FALSE
ENSG00000167548.16	KMT2D	strong_patient_level_candidate	mutation	PROGENy_pathway	p53	94	16	78	rank-biserial correlation: event minus reference	0.0544871794871795	0.736095587037142	TRUE	FALSE	1	TCGA_ESCC_DR45_driver_state_shared_patients	FALSE	TRUE	0.965949229233821	FALSE	FALSE	same_patient_rna_derived_target	500	500	-0.234054487179487	0.321514423076923	0.602	no_clear_internal_association	same_direction_nonsignificant	FALSE
ENSG00000121879.6	PIK3CA	strong_patient_level_candidate	mutation	PROGENy_pathway	NFkB	94	11	83	rank-biserial correlation: event minus reference	0.0602409638554218	0.750801299435915	TRUE	TRUE	2	TCGA_ESCC_DR45_driver_state_shared_patients	FALSE	TRUE	0.965949229233821	FALSE	FALSE	same_patient_rna_derived_target	500	500	-0.321248630887185	0.433789704271632	0.61	no_clear_internal_association	same_direction_nonsignificant	FALSE
ENSG00000185920.16	PTCH1	strong_patient_level_candidate	mutation	PROGENy_pathway	JAK-STAT	94	7	87	rank-biserial correlation: event minus reference	0.0738916256157636	0.751363433132844	TRUE	FALSE	1	TCGA_ESCC_DR45_driver_state_shared_patients	FALSE	TRUE	0.965949229233821	FALSE	FALSE	same_patient_rna_derived_target	500	500	-0.358374384236453	0.525533661740558	0.58	no_clear_internal_association	same_direction_nonsignificant	FALSE
ENSG00000074181.9	NOTCH3	strong_patient_level_candidate	mutation	PROGENy_pathway	VEGF	94	10	84	rank-biserial correlation: event minus reference	0.0619047619047619	0.754507787781069	TRUE	FALSE	1	TCGA_ESCC_DR45_driver_state_shared_patients	FALSE	TRUE	0.965949229233821	FALSE	FALSE	same_patient_rna_derived_target	500	500	-0.285833333333333	0.427440476190476	0.624	no_clear_internal_association	same_direction_nonsignificant	FALSE
ENSG00000074181.9	NOTCH3	strong_patient_level_candidate	mutation	PROGENy_pathway	WNT	94	10	84	rank-biserial correlation: event minus reference	-0.0619047619047619	0.754507787781069	TRUE	FALSE	1	TCGA_ESCC_DR45_driver_state_shared_patients	FALSE	TRUE	0.965949229233821	FALSE	FALSE	same_patient_rna_derived_target	500	500	-0.384821428571429	0.277797619047619	0.636	no_clear_internal_association	same_direction_nonsignificant	FALSE
ENSG00000116044.16	NFE2L2	strong_patient_level_candidate	mutation	PROGENy_pathway	Trail	94	16	78	rank-biserial correlation: event minus reference	-0.0496794871794872	0.758960108683716	TRUE	FALSE	1	TCGA_ESCC_DR45_driver_state_shared_patients	FALSE	TRUE	0.965949229233821	FALSE	FALSE	same_patient_rna_derived_target	500	500	-0.2796875	0.193309294871795	0.606	no_clear_internal_association	same_direction_nonsignificant	FALSE
ENSG00000121879.6	PIK3CA	strong_patient_level_candidate	mutation	PROGENy_pathway	TGFb	94	11	83	rank-biserial correlation: event minus reference	0.0558598028477546	0.768713355596456	TRUE	TRUE	2	TCGA_ESCC_DR45_driver_state_shared_patients	FALSE	TRUE	0.967903339092979	FALSE	FALSE	same_patient_rna_derived_target	500	500	-0.264184008762322	0.369222343921139	0.6	no_clear_internal_association	same_direction_nonsignificant	FALSE
ENSG00000167548.16	KMT2D	strong_patient_level_candidate	mutation	PROGENy_pathway	WNT	94	16	78	rank-biserial correlation: event minus reference	-0.0432692307692307	0.789773725457485	TRUE	FALSE	1	TCGA_ESCC_DR45_driver_state_shared_patients	FALSE	TRUE	0.967903339092979	FALSE	FALSE	same_patient_rna_derived_target	500	500	-0.341426282051282	0.245192307692308	0.624	no_clear_internal_association	same_direction_nonsignificant	FALSE
ENSG00000148400.12	NOTCH1	strong_patient_level_candidate	mutation	PROGENy_pathway	WNT	94	13	81	rank-biserial correlation: event minus reference	0.0465337132003798	0.792657847246278	TRUE	FALSE	1	TCGA_ESCC_DR45_driver_state_shared_patients	FALSE	TRUE	0.967903339092979	FALSE	FALSE	same_patient_rna_derived_target	500	500	-0.287844254510921	0.377492877492877	0.584	no_clear_internal_association	same_direction_nonsignificant	FALSE
ENSG00000127616.19	SMARCA4	strong_patient_level_candidate	mutation	PROGENy_pathway	NFkB	94	7	87	rank-biserial correlation: event minus reference	0.0607553366174056	0.795454368615061	TRUE	FALSE	1	TCGA_ESCC_DR45_driver_state_shared_patients	FALSE	TRUE	0.967903339092979	FALSE	FALSE	same_patient_rna_derived_target	500	500	-0.377750410509031	0.479556650246305	0.58	no_clear_internal_association	same_direction_nonsignificant	FALSE
ENSG00000148400.12	NOTCH1	strong_patient_level_candidate	mutation	PROGENy_pathway	JAK-STAT	94	13	81	rank-biserial correlation: event minus reference	-0.0446343779677113	0.801111946778242	TRUE	FALSE	1	TCGA_ESCC_DR45_driver_state_shared_patients	FALSE	TRUE	0.967903339092979	FALSE	FALSE	same_patient_rna_derived_target	500	500	-0.285042735042735	0.226258309591643	0.586	no_clear_internal_association	same_direction_nonsignificant	FALSE
ENSG00000127616.19	SMARCA4	strong_patient_level_candidate	mutation	PROGENy_pathway	JAK-STAT	94	7	87	rank-biserial correlation: event minus reference	-0.0574712643678161	0.806586115910816	TRUE	FALSE	1	TCGA_ESCC_DR45_driver_state_shared_patients	FALSE	TRUE	0.967903339092979	FALSE	FALSE	same_patient_rna_derived_target	500	500	-0.581691297208539	0.488013136288998	0.604	no_clear_internal_association	same_direction_nonsignificant	FALSE
ENSG00000185920.16	PTCH1	strong_patient_level_candidate	mutation	PROGENy_pathway	WNT	94	7	87	rank-biserial correlation: event minus reference	-0.0541871921182267	0.817757182978207	TRUE	FALSE	1	TCGA_ESCC_DR45_driver_state_shared_patients	FALSE	TRUE	0.972050991087302	FALSE	FALSE	same_patient_rna_derived_target	500	500	-0.568226600985222	0.514449917898193	0.556	no_clear_internal_association	same_direction_nonsignificant	FALSE
ENSG00000100393.14	EP300	strong_patient_level_candidate	relative_cnv	PROGENy_pathway	Trail	94			Spearman rho	0.0999153285649738	0.337985087964098	TRUE	FALSE	1	TCGA_ESCC_DR45_driver_state_shared_patients	FALSE	TRUE	0.973180440556087	FALSE	FALSE	same_patient_rna_derived_target	500	500	-0.120259463805312	0.299390615821227	0.856	no_clear_internal_association	same_direction_nonsignificant	FALSE
ENSG00000148400.12	NOTCH1	strong_patient_level_candidate	relative_cnv	PROGENy_pathway	MAPK	94			Spearman rho	0.099757322741681	0.338753433131474	TRUE	FALSE	1	TCGA_ESCC_DR45_driver_state_shared_patients	FALSE	TRUE	0.973180440556087	FALSE	FALSE	same_patient_rna_derived_target	500	500	-0.0984369628518184	0.279705497262152	0.818	no_clear_internal_association	same_direction_nonsignificant	FALSE
ENSG00000074181.9	NOTCH3	strong_patient_level_candidate	relative_cnv	PROGENy_pathway	JAK-STAT	94			Spearman rho	-0.0990897083254003	0.342012044502477	TRUE	FALSE	1	TCGA_ESCC_DR45_driver_state_shared_patients	FALSE	TRUE	0.973180440556087	FALSE	FALSE	same_patient_rna_derived_target	500	500	-0.279188959521344	0.0971579167200609	0.842	no_clear_internal_association	same_direction_nonsignificant	FALSE
ENSG00000167548.16	KMT2D	strong_patient_level_candidate	relative_cnv	PROGENy_pathway	Androgen	94			Spearman rho	0.0990529538893133	0.342192013008858	TRUE	FALSE	1	TCGA_ESCC_DR45_driver_state_shared_patients	FALSE	TRUE	0.973180440556087	FALSE	FALSE	same_patient_rna_derived_target	500	500	-0.0866769350141279	0.270891595196431	0.862	no_clear_internal_association	same_direction_nonsignificant	FALSE
ENSG00000185920.16	PTCH1	strong_patient_level_candidate	relative_cnv	PROGENy_pathway	p53	94			Spearman rho	-0.0971450089555423	0.35161601336184	TRUE	FALSE	1	TCGA_ESCC_DR45_driver_state_shared_patients	FALSE	TRUE	0.973180440556087	FALSE	FALSE	same_patient_rna_derived_target	500	500	-0.309108964070137	0.103164679921602	0.804	no_clear_internal_association	same_direction_nonsignificant	FALSE
ENSG00000141579.7	ZNF750	strong_patient_level_candidate	relative_cnv	PROGENy_pathway	TNFa	94			Spearman rho	0.0967960072124237	0.353357183773341	TRUE	FALSE	1	TCGA_ESCC_DR45_driver_state_shared_patients	FALSE	TRUE	0.973180440556087	FALSE	FALSE	same_patient_rna_derived_target	500	500	-0.106768425382431	0.294938859378132	0.81	no_clear_internal_association	same_direction_nonsignificant	FALSE
ENSG00000148400.12	NOTCH1	strong_patient_level_candidate	relative_cnv	PROGENy_pathway	TNFa	94			Spearman rho	0.090515787477868	0.385600218057614	TRUE	FALSE	1	TCGA_ESCC_DR45_driver_state_shared_patients	FALSE	TRUE	0.974403403116667	FALSE	FALSE	same_patient_rna_derived_target	500	500	-0.0978848553724137	0.287429760442673	0.852	no_clear_internal_association	same_direction_nonsignificant	FALSE
ENSG00000141579.7	ZNF750	strong_patient_level_candidate	relative_cnv	PROGENy_pathway	NFkB	94			Spearman rho	0.0892908511579056	0.392089018514866	TRUE	FALSE	1	TCGA_ESCC_DR45_driver_state_shared_patients	FALSE	TRUE	0.974403403116667	FALSE	FALSE	same_patient_rna_derived_target	500	500	-0.117643071031466	0.288891527248442	0.8	no_clear_internal_association	same_direction_nonsignificant	FALSE
ENSG00000141579.7	ZNF750	strong_patient_level_candidate	relative_cnv	PROGENy_pathway	Androgen	94			Spearman rho	0.0877324034525959	0.400438011830906	TRUE	FALSE	1	TCGA_ESCC_DR45_driver_state_shared_patients	FALSE	TRUE	0.974403403116667	FALSE	FALSE	same_patient_rna_derived_target	500	500	-0.124430244931601	0.287426789181094	0.772	no_clear_internal_association	same_direction_nonsignificant	FALSE
ENSG00000087460.27	GNAS	strong_patient_level_candidate	relative_cnv	PROGENy_pathway	JAK-STAT	94			Spearman rho	-0.084939661608784	0.41565963691706	TRUE	FALSE	1	TCGA_ESCC_DR45_driver_state_shared_patients	FALSE	TRUE	0.974403403116667	FALSE	FALSE	same_patient_rna_derived_target	500	500	-0.284610955795512	0.10691244280325	0.786	no_clear_internal_association	same_direction_nonsignificant	FALSE
ENSG00000141579.7	ZNF750	strong_patient_level_candidate	relative_cnv	PROGENy_pathway	Trail	94			Spearman rho	-0.0805881510772022	0.44003507718673	TRUE	FALSE	1	TCGA_ESCC_DR45_driver_state_shared_patients	FALSE	TRUE	0.974403403116667	FALSE	FALSE	same_patient_rna_derived_target	500	500	-0.296569622704682	0.108546230447881	0.804	no_clear_internal_association	same_direction_nonsignificant	FALSE
ENSG00000074181.9	NOTCH3	strong_patient_level_candidate	relative_cnv	PROGENy_pathway	Hypoxia	94			Spearman rho	-0.0804437072225918	0.440857784141166	TRUE	FALSE	1	TCGA_ESCC_DR45_driver_state_shared_patients	FALSE	TRUE	0.974403403116667	FALSE	FALSE	same_patient_rna_derived_target	500	500	-0.255974893246413	0.136396057773485	0.766	no_clear_internal_association	same_direction_nonsignificant	FALSE
ENSG00000148400.12	NOTCH1	strong_patient_level_candidate	relative_cnv	PROGENy_pathway	Trail	94			Spearman rho	-0.0798345024298884	0.444337148976414	TRUE	FALSE	1	TCGA_ESCC_DR45_driver_state_shared_patients	FALSE	TRUE	0.974403403116667	FALSE	FALSE	same_patient_rna_derived_target	500	500	-0.267373727197751	0.136985638787637	0.744	no_clear_internal_association	same_direction_nonsignificant	FALSE
ENSG00000148400.12	NOTCH1	strong_patient_level_candidate	relative_cnv	PROGENy_pathway	EGFR	94			Spearman rho	0.0770982240442733	0.460153612323669	TRUE	FALSE	1	TCGA_ESCC_DR45_driver_state_shared_patients	FALSE	TRUE	0.974403403116667	FALSE	FALSE	same_patient_rna_derived_target	500	500	-0.130299155006418	0.279656180780717	0.746	no_clear_internal_association	same_direction_nonsignificant	FALSE
ENSG00000100393.14	EP300	strong_patient_level_candidate	relative_cnv	PROGENy_pathway	EGFR	94			Spearman rho	0.0747028174741517	0.474250278829645	TRUE	FALSE	1	TCGA_ESCC_DR45_driver_state_shared_patients	FALSE	TRUE	0.974403403116667	FALSE	FALSE	same_patient_rna_derived_target	500	500	-0.147267857709878	0.261643623831322	0.79	no_clear_internal_association	same_direction_nonsignificant	FALSE
ENSG00000109670.16	FBXW7	strong_patient_level_candidate	relative_cnv	PROGENy_pathway	p53	94			Spearman rho	-0.0728967621778045	0.485031070866642	TRUE	FALSE	1	TCGA_ESCC_DR45_driver_state_shared_patients	FALSE	TRUE	0.974403403116667	FALSE	FALSE	same_patient_rna_derived_target	500	500	-0.285920917022364	0.137517212882282	0.748	no_clear_internal_association	same_direction_nonsignificant	FALSE
ENSG00000127616.19	SMARCA4	strong_patient_level_candidate	relative_cnv	PROGENy_pathway	MAPK	94			Spearman rho	-0.0728817638549508	0.485121142801049	TRUE	FALSE	1	TCGA_ESCC_DR45_driver_state_shared_patients	FALSE	TRUE	0.974403403116667	FALSE	FALSE	same_patient_rna_derived_target	500	500	-0.291278595107706	0.125210593552776	0.776	no_clear_internal_association	same_direction_nonsignificant	FALSE
ENSG00000121879.6	PIK3CA	strong_patient_level_candidate	relative_cnv	PROGENy_pathway	p53	94			Spearman rho	-0.0720593423463275	0.490073779235625	TRUE	TRUE	2	TCGA_ESCC_DR45_driver_state_shared_patients	FALSE	TRUE	0.974403403116667	FALSE	FALSE	same_patient_rna_derived_target	500	500	-0.271445010561823	0.124828551534125	0.724	no_clear_internal_association	same_direction_nonsignificant	FALSE
ENSG00000167548.16	KMT2D	strong_patient_level_candidate	relative_cnv	PROGENy_pathway	TNFa	94			Spearman rho	-0.071320224453966	0.494547480792271	TRUE	FALSE	1	TCGA_ESCC_DR45_driver_state_shared_patients	FALSE	TRUE	0.974403403116667	FALSE	FALSE	same_patient_rna_derived_target	500	500	-0.280203587939585	0.155398580979123	0.716	no_clear_internal_association	same_direction_nonsignificant	FALSE
ENSG00000100393.14	EP300	strong_patient_level_candidate	relative_cnv	PROGENy_pathway	MAPK	94			Spearman rho	0.0712286525600621	0.495103234536687	TRUE	FALSE	1	TCGA_ESCC_DR45_driver_state_shared_patients	FALSE	TRUE	0.974403403116667	FALSE	FALSE	same_patient_rna_derived_target	500	500	-0.123370291845719	0.264168343811262	0.756	no_clear_internal_association	same_direction_nonsignificant	FALSE
ENSG00000074181.9	NOTCH3	strong_patient_level_candidate	relative_cnv	PROGENy_pathway	PI3K	94			Spearman rho	-0.0706365015369157	0.498704932572385	TRUE	FALSE	1	TCGA_ESCC_DR45_driver_state_shared_patients	FALSE	TRUE	0.974403403116667	FALSE	FALSE	same_patient_rna_derived_target	500	500	-0.27762632104155	0.136408226027364	0.744	no_clear_internal_association	same_direction_nonsignificant	FALSE
ENSG00000121879.6	PIK3CA	strong_patient_level_candidate	relative_cnv	PROGENy_pathway	JAK-STAT	94			Spearman rho	-0.070012325670427	0.50251619693079	TRUE	TRUE	2	TCGA_ESCC_DR45_driver_state_shared_patients	FALSE	TRUE	0.974403403116667	FALSE	FALSE	same_patient_rna_derived_target	500	500	-0.250803491634054	0.157113053459102	0.742	no_clear_internal_association	same_direction_nonsignificant	FALSE
ENSG00000121879.6	PIK3CA	strong_patient_level_candidate	relative_cnv	PROGENy_pathway	Trail	94			Spearman rho	0.0696566383756783	0.504694806057466	TRUE	TRUE	2	TCGA_ESCC_DR45_driver_state_shared_patients	FALSE	TRUE	0.974403403116667	FALSE	FALSE	same_patient_rna_derived_target	500	500	-0.149449002364312	0.284531509152377	0.76	no_clear_internal_association	same_direction_nonsignificant	FALSE
ENSG00000087460.27	GNAS	strong_patient_level_candidate	relative_cnv	PROGENy_pathway	VEGF	94			Spearman rho	-0.0692736249007628	0.507046254217801	TRUE	FALSE	1	TCGA_ESCC_DR45_driver_state_shared_patients	FALSE	TRUE	0.974403403116667	FALSE	FALSE	same_patient_rna_derived_target	500	500	-0.254212532351097	0.127893311738856	0.71	no_clear_internal_association	same_direction_nonsignificant	FALSE
ENSG00000121879.6	PIK3CA	strong_patient_level_candidate	relative_cnv	PROGENy_pathway	NFkB	94			Spearman rho	-0.0691993261395729	0.507503053980583	TRUE	TRUE	2	TCGA_ESCC_DR45_driver_state_shared_patients	FALSE	TRUE	0.974403403116667	FALSE	FALSE	same_patient_rna_derived_target	500	500	-0.290315778289907	0.164251619671062	0.722	no_clear_internal_association	same_direction_nonsignificant	FALSE
ENSG00000185920.16	PTCH1	strong_patient_level_candidate	relative_cnv	PROGENy_pathway	PI3K	94			Spearman rho	-0.0679717142161213	0.515081247084698	TRUE	FALSE	1	TCGA_ESCC_DR45_driver_state_shared_patients	FALSE	TRUE	0.974403403116667	FALSE	FALSE	same_patient_rna_derived_target	500	500	-0.236801494067469	0.12620739765377	0.738	no_clear_internal_association	same_direction_nonsignificant	FALSE
ENSG00000167548.16	KMT2D	strong_patient_level_candidate	relative_cnv	PROGENy_pathway	WNT	94			Spearman rho	-0.067037514897294	0.520886657143479	TRUE	FALSE	1	TCGA_ESCC_DR45_driver_state_shared_patients	FALSE	TRUE	0.974403403116667	FALSE	FALSE	same_patient_rna_derived_target	500	500	-0.272459570791939	0.150671713476265	0.742	no_clear_internal_association	same_direction_nonsignificant	FALSE
ENSG00000087460.27	GNAS	strong_patient_level_candidate	relative_cnv	PROGENy_pathway	Trail	94			Spearman rho	0.0670075181343589	0.521073614190999	TRUE	FALSE	1	TCGA_ESCC_DR45_driver_state_shared_patients	FALSE	TRUE	0.974403403116667	FALSE	FALSE	same_patient_rna_derived_target	500	500	-0.124682086493992	0.26135457736953	0.73	no_clear_internal_association	same_direction_nonsignificant	FALSE
ENSG00000148400.12	NOTCH1	strong_patient_level_candidate	relative_cnv	PROGENy_pathway	Hypoxia	94			Spearman rho	-0.0668315266304778	0.522171178412329	TRUE	FALSE	1	TCGA_ESCC_DR45_driver_state_shared_patients	FALSE	TRUE	0.974403403116667	FALSE	FALSE	same_patient_rna_derived_target	500	500	-0.279412819247018	0.136004430767695	0.75	no_clear_internal_association	same_direction_nonsignificant	FALSE
ENSG00000109670.16	FBXW7	strong_patient_level_candidate	relative_cnv	PROGENy_pathway	VEGF	94			Spearman rho	-0.0666482508238707	0.523315412045219	TRUE	FALSE	1	TCGA_ESCC_DR45_driver_state_shared_patients	FALSE	TRUE	0.974403403116667	FALSE	FALSE	same_patient_rna_derived_target	500	500	-0.266844201912217	0.166170184510043	0.72	no_clear_internal_association	same_direction_nonsignificant	FALSE
ENSG00000167548.16	KMT2D	strong_patient_level_candidate	relative_cnv	PROGENy_pathway	JAK-STAT	94			Spearman rho	-0.0666267243887969	0.523449889608128	TRUE	FALSE	1	TCGA_ESCC_DR45_driver_state_shared_patients	FALSE	TRUE	0.974403403116667	FALSE	FALSE	same_patient_rna_derived_target	500	500	-0.262578816413817	0.116558720895752	0.746	no_clear_internal_association	same_direction_nonsignificant	FALSE
ENSG00000087460.27	GNAS	strong_patient_level_candidate	relative_cnv	PROGENy_pathway	PI3K	94			Spearman rho	-0.0663701756063079	0.525053914053231	TRUE	FALSE	1	TCGA_ESCC_DR45_driver_state_shared_patients	FALSE	TRUE	0.974403403116667	FALSE	FALSE	same_patient_rna_derived_target	500	500	-0.275171482907758	0.156167700717733	0.72	no_clear_internal_association	same_direction_nonsignificant	FALSE
ENSG00000109670.16	FBXW7	strong_patient_level_candidate	relative_cnv	PROGENy_pathway	Trail	94			Spearman rho	0.0661383235879224	0.526505652168551	TRUE	FALSE	1	TCGA_ESCC_DR45_driver_state_shared_patients	FALSE	TRUE	0.974403403116667	FALSE	FALSE	same_patient_rna_derived_target	500	500	-0.1266838922557	0.253194851135714	0.736	no_clear_internal_association	same_direction_nonsignificant	FALSE
ENSG00000100393.14	EP300	strong_patient_level_candidate	relative_cnv	PROGENy_pathway	NFkB	94			Spearman rho	-0.0634365969670324	0.543569774743784	TRUE	FALSE	1	TCGA_ESCC_DR45_driver_state_shared_patients	FALSE	TRUE	0.974403403116667	FALSE	FALSE	same_patient_rna_derived_target	500	500	-0.274802261964854	0.130011947203389	0.74	no_clear_internal_association	same_direction_nonsignificant	FALSE
ENSG00000121879.6	PIK3CA	strong_patient_level_candidate	relative_cnv	PROGENy_pathway	TNFa	94			Spearman rho	-0.0624703032368787	0.549737933655224	TRUE	TRUE	2	TCGA_ESCC_DR45_driver_state_shared_patients	FALSE	TRUE	0.974403403116667	FALSE	FALSE	same_patient_rna_derived_target	500	500	-0.307329048467088	0.176296686280465	0.712	no_clear_internal_association	same_direction_nonsignificant	FALSE
ENSG00000087460.27	GNAS	strong_patient_level_candidate	relative_cnv	PROGENy_pathway	EGFR	94			Spearman rho	0.0622943307972898	0.550864862498448	TRUE	FALSE	1	TCGA_ESCC_DR45_driver_state_shared_patients	FALSE	TRUE	0.974403403116667	FALSE	FALSE	same_patient_rna_derived_target	500	500	-0.149664709840985	0.271921752084596	0.76	no_clear_internal_association	same_direction_nonsignificant	FALSE
ENSG00000121879.6	PIK3CA	strong_patient_level_candidate	relative_cnv	PROGENy_pathway	VEGF	94			Spearman rho	-0.0616790804791724	0.554813694039855	TRUE	TRUE	2	TCGA_ESCC_DR45_driver_state_shared_patients	FALSE	TRUE	0.974403403116667	FALSE	FALSE	same_patient_rna_derived_target	500	500	-0.260910329000239	0.144695470564431	0.734	no_clear_internal_association	same_direction_nonsignificant	FALSE
ENSG00000127616.19	SMARCA4	strong_patient_level_candidate	relative_cnv	PROGENy_pathway	VEGF	94			Spearman rho	-0.05622523706715	0.59040015086137	TRUE	FALSE	1	TCGA_ESCC_DR45_driver_state_shared_patients	FALSE	TRUE	0.974403403116667	FALSE	FALSE	same_patient_rna_derived_target	500	500	-0.260626709407667	0.123307175881636	0.732	no_clear_internal_association	same_direction_nonsignificant	FALSE
ENSG00000116044.16	NFE2L2	strong_patient_level_candidate	relative_cnv	PROGENy_pathway	p53	94			Spearman rho	-0.0550991295768096	0.59787474743938	TRUE	FALSE	1	TCGA_ESCC_DR45_driver_state_shared_patients	FALSE	TRUE	0.974403403116667	FALSE	FALSE	same_patient_rna_derived_target	500	500	-0.252493073979214	0.157329335135398	0.686	no_clear_internal_association	same_direction_nonsignificant	FALSE
ENSG00000087460.27	GNAS	strong_patient_level_candidate	relative_cnv	PROGENy_pathway	Androgen	94			Spearman rho	0.0533557985520301	0.609528777529514	TRUE	FALSE	1	TCGA_ESCC_DR45_driver_state_shared_patients	FALSE	TRUE	0.974403403116667	FALSE	FALSE	same_patient_rna_derived_target	500	500	-0.143485465447417	0.261066702187443	0.688	no_clear_internal_association	same_direction_nonsignificant	FALSE
ENSG00000087460.27	GNAS	strong_patient_level_candidate	relative_cnv	PROGENy_pathway	NFkB	94			Spearman rho	-0.0521991398900114	0.617315317001676	TRUE	FALSE	1	TCGA_ESCC_DR45_driver_state_shared_patients	FALSE	TRUE	0.974403403116667	FALSE	FALSE	same_patient_rna_derived_target	500	500	-0.233453669896722	0.147749734611884	0.684	no_clear_internal_association	same_direction_nonsignificant	FALSE
ENSG00000148400.12	NOTCH1	strong_patient_level_candidate	relative_cnv	PROGENy_pathway	TGFb	94			Spearman rho	0.0517028469612506	0.620669408700687	TRUE	FALSE	1	TCGA_ESCC_DR45_driver_state_shared_patients	FALSE	TRUE	0.974403403116667	FALSE	FALSE	same_patient_rna_derived_target	500	500	-0.156078276812478	0.246425507047933	0.684	no_clear_internal_association	same_direction_nonsignificant	FALSE
ENSG00000116044.16	NFE2L2	strong_patient_level_candidate	relative_cnv	PROGENy_pathway	WNT	94			Spearman rho	-0.050316734554684	0.63007816229187	TRUE	FALSE	1	TCGA_ESCC_DR45_driver_state_shared_patients	FALSE	TRUE	0.974403403116667	FALSE	FALSE	same_patient_rna_derived_target	500	500	-0.249019588381137	0.154814498873022	0.656	no_clear_internal_association	same_direction_nonsignificant	FALSE
ENSG00000121879.6	PIK3CA	strong_patient_level_candidate	relative_cnv	PROGENy_pathway	TGFb	94			Spearman rho	-0.0496873373990744	0.634370114024771	TRUE	TRUE	2	TCGA_ESCC_DR45_driver_state_shared_patients	FALSE	TRUE	0.974403403116667	FALSE	FALSE	same_patient_rna_derived_target	500	500	-0.268654304290623	0.203671363952757	0.68	no_clear_internal_association	same_direction_nonsignificant	FALSE
ENSG00000185920.16	PTCH1	strong_patient_level_candidate	relative_cnv	PROGENy_pathway	Trail	94			Spearman rho	-0.0496534212637434	0.634601738562569	TRUE	FALSE	1	TCGA_ESCC_DR45_driver_state_shared_patients	FALSE	TRUE	0.974403403116667	FALSE	FALSE	same_patient_rna_derived_target	500	500	-0.239658137045445	0.147616115388301	0.694	no_clear_internal_association	same_direction_nonsignificant	FALSE
ENSG00000116044.16	NFE2L2	strong_patient_level_candidate	relative_cnv	PROGENy_pathway	JAK-STAT	94			Spearman rho	0.0494415250081513	0.636049644471731	TRUE	FALSE	1	TCGA_ESCC_DR45_driver_state_shared_patients	FALSE	TRUE	0.974403403116667	FALSE	FALSE	same_patient_rna_derived_target	500	500	-0.133510855127872	0.258078435584855	0.692	no_clear_internal_association	same_direction_nonsignificant	FALSE
ENSG00000116044.16	NFE2L2	strong_patient_level_candidate	relative_cnv	PROGENy_pathway	Trail	94			Spearman rho	0.0488945190415683	0.639793702989498	TRUE	FALSE	1	TCGA_ESCC_DR45_driver_state_shared_patients	FALSE	TRUE	0.974403403116667	FALSE	FALSE	same_patient_rna_derived_target	500	500	-0.14364415399056	0.242565474554002	0.672	no_clear_internal_association	same_direction_nonsignificant	FALSE
ENSG00000100393.14	EP300	strong_patient_level_candidate	relative_cnv	PROGENy_pathway	WNT	94			Spearman rho	-0.0484811441939988	0.642629109329526	TRUE	FALSE	1	TCGA_ESCC_DR45_driver_state_shared_patients	FALSE	TRUE	0.974403403116667	FALSE	FALSE	same_patient_rna_derived_target	500	500	-0.233561615988641	0.15577518582866	0.67	no_clear_internal_association	same_direction_nonsignificant	FALSE
ENSG00000116044.16	NFE2L2	strong_patient_level_candidate	relative_cnv	PROGENy_pathway	TGFb	94			Spearman rho	0.0482615549945222	0.644137396818691	TRUE	FALSE	1	TCGA_ESCC_DR45_driver_state_shared_patients	FALSE	TRUE	0.974403403116667	FALSE	FALSE	same_patient_rna_derived_target	500	500	-0.166952177541925	0.282848155412812	0.646	no_clear_internal_association	same_direction_nonsignificant	FALSE
ENSG00000109670.16	FBXW7	strong_patient_level_candidate	relative_cnv	PROGENy_pathway	WNT	94			Spearman rho	0.0472329615864956	0.651221593720572	TRUE	FALSE	1	TCGA_ESCC_DR45_driver_state_shared_patients	FALSE	TRUE	0.974403403116667	FALSE	FALSE	same_patient_rna_derived_target	500	500	-0.160890639039927	0.243373884704957	0.634	no_clear_internal_association	same_direction_nonsignificant	FALSE
ENSG00000141579.7	ZNF750	strong_patient_level_candidate	relative_cnv	PROGENy_pathway	WNT	94			Spearman rho	0.0462694921350125	0.657885495503998	TRUE	FALSE	1	TCGA_ESCC_DR45_driver_state_shared_patients	FALSE	TRUE	0.974403403116667	FALSE	FALSE	same_patient_rna_derived_target	500	500	-0.176280712331539	0.236586074984533	0.672	no_clear_internal_association	same_direction_nonsignificant	FALSE
ENSG00000087460.27	GNAS	strong_patient_level_candidate	relative_cnv	PROGENy_pathway	Estrogen	94			Spearman rho	0.0462506096282013	0.658016367364917	TRUE	FALSE	1	TCGA_ESCC_DR45_driver_state_shared_patients	FALSE	TRUE	0.974403403116667	FALSE	FALSE	same_patient_rna_derived_target	500	500	-0.176976554334604	0.25581691794587	0.648	no_clear_internal_association	same_direction_nonsignificant	FALSE
ENSG00000100393.14	EP300	strong_patient_level_candidate	relative_cnv	PROGENy_pathway	VEGF	94			Spearman rho	0.0461981215361685	0.658380208709857	TRUE	FALSE	1	TCGA_ESCC_DR45_driver_state_shared_patients	FALSE	TRUE	0.974403403116667	FALSE	FALSE	same_patient_rna_derived_target	500	500	-0.135785307242435	0.224156123336373	0.686	no_clear_internal_association	same_direction_nonsignificant	FALSE
ENSG00000121879.6	PIK3CA	strong_patient_level_candidate	relative_cnv	PROGENy_pathway	Hypoxia	94			Spearman rho	-0.0457602593080738	0.661418512742439	TRUE	TRUE	2	TCGA_ESCC_DR45_driver_state_shared_patients	FALSE	TRUE	0.974403403116667	FALSE	FALSE	same_patient_rna_derived_target	500	500	-0.25415064593388	0.150236445900418	0.672	no_clear_internal_association	same_direction_nonsignificant	FALSE
ENSG00000167548.16	KMT2D	strong_patient_level_candidate	relative_cnv	PROGENy_pathway	PI3K	94			Spearman rho	0.0445314391658035	0.669974447612569	TRUE	FALSE	1	TCGA_ESCC_DR45_driver_state_shared_patients	FALSE	TRUE	0.974403403116667	FALSE	FALSE	same_patient_rna_derived_target	500	500	-0.157366894619624	0.239567474050752	0.65	no_clear_internal_association	same_direction_nonsignificant	FALSE
ENSG00000087460.27	GNAS	strong_patient_level_candidate	relative_cnv	PROGENy_pathway	TGFb	94			Spearman rho	0.0441576082397866	0.672585769952482	TRUE	FALSE	1	TCGA_ESCC_DR45_driver_state_shared_patients	FALSE	TRUE	0.974403403116667	FALSE	FALSE	same_patient_rna_derived_target	500	500	-0.159938563361361	0.253648290008152	0.67	no_clear_internal_association	same_direction_nonsignificant	FALSE
ENSG00000074181.9	NOTCH3	strong_patient_level_candidate	relative_cnv	PROGENy_pathway	WNT	94			Spearman rho	-0.0438082543515808	0.675029629624549	TRUE	FALSE	1	TCGA_ESCC_DR45_driver_state_shared_patients	FALSE	TRUE	0.974403403116667	FALSE	FALSE	same_patient_rna_derived_target	500	500	-0.21973910473167	0.128858278467989	0.66	no_clear_internal_association	same_direction_nonsignificant	FALSE
ENSG00000167548.16	KMT2D	strong_patient_level_candidate	relative_cnv	PROGENy_pathway	NFkB	94			Spearman rho	-0.0428882771318151	0.681481298147471	TRUE	FALSE	1	TCGA_ESCC_DR45_driver_state_shared_patients	FALSE	TRUE	0.974403403116667	FALSE	FALSE	same_patient_rna_derived_target	500	500	-0.25862451143125	0.17680519204276	0.622	no_clear_internal_association	same_direction_nonsignificant	FALSE
ENSG00000087460.27	GNAS	strong_patient_level_candidate	relative_cnv	PROGENy_pathway	Hypoxia	94			Spearman rho	-0.0423793439022613	0.685060278789805	TRUE	FALSE	1	TCGA_ESCC_DR45_driver_state_shared_patients	FALSE	TRUE	0.974403403116667	FALSE	FALSE	same_patient_rna_derived_target	500	500	-0.249625488588688	0.142343346946853	0.688	no_clear_internal_association	same_direction_nonsignificant	FALSE
ENSG00000127616.19	SMARCA4	strong_patient_level_candidate	relative_cnv	PROGENy_pathway	Hypoxia	94			Spearman rho	-0.0382318159031451	0.714480404795895	TRUE	FALSE	1	TCGA_ESCC_DR45_driver_state_shared_patients	FALSE	TRUE	0.974403403116667	FALSE	FALSE	same_patient_rna_derived_target	500	500	-0.212923456275122	0.152546983966417	0.636	no_clear_internal_association	same_direction_nonsignificant	FALSE
ENSG00000109670.16	FBXW7	strong_patient_level_candidate	relative_cnv	PROGENy_pathway	EGFR	94			Spearman rho	0.0378487782741931	0.717219418849355	TRUE	FALSE	1	TCGA_ESCC_DR45_driver_state_shared_patients	FALSE	TRUE	0.974403403116667	FALSE	FALSE	same_patient_rna_derived_target	500	500	-0.14482624555486	0.214569935294572	0.63	no_clear_internal_association	same_direction_nonsignificant	FALSE
ENSG00000141579.7	ZNF750	strong_patient_level_candidate	relative_cnv	PROGENy_pathway	Hypoxia	94			Spearman rho	-0.03772263682484	0.718122212796938	TRUE	FALSE	1	TCGA_ESCC_DR45_driver_state_shared_patients	FALSE	TRUE	0.974403403116667	FALSE	FALSE	same_patient_rna_derived_target	500	500	-0.23847480842196	0.13969269376376	0.634	no_clear_internal_association	same_direction_nonsignificant	FALSE
ENSG00000087460.27	GNAS	strong_patient_level_candidate	relative_cnv	PROGENy_pathway	WNT	94			Spearman rho	0.037595340728742	0.719033663137404	TRUE	FALSE	1	TCGA_ESCC_DR45_driver_state_shared_patients	FALSE	TRUE	0.974403403116667	FALSE	FALSE	same_patient_rna_derived_target	500	500	-0.192030960517089	0.246168184699983	0.604	no_clear_internal_association	same_direction_nonsignificant	FALSE
ENSG00000116044.16	NFE2L2	strong_patient_level_candidate	relative_cnv	PROGENy_pathway	Hypoxia	94			Spearman rho	-0.0362977530682571	0.728346724267102	TRUE	FALSE	1	TCGA_ESCC_DR45_driver_state_shared_patients	FALSE	TRUE	0.974403403116667	FALSE	FALSE	same_patient_rna_derived_target	500	500	-0.254612880711719	0.176991200654178	0.614	no_clear_internal_association	same_direction_nonsignificant	FALSE
ENSG00000109670.16	FBXW7	strong_patient_level_candidate	relative_cnv	PROGENy_pathway	Hypoxia	94			Spearman rho	0.035732960787721	0.732412805204833	TRUE	FALSE	1	TCGA_ESCC_DR45_driver_state_shared_patients	FALSE	TRUE	0.974403403116667	FALSE	FALSE	same_patient_rna_derived_target	500	500	-0.158997238564434	0.239632841378596	0.63	no_clear_internal_association	same_direction_nonsignificant	FALSE
ENSG00000127616.19	SMARCA4	strong_patient_level_candidate	relative_cnv	PROGENy_pathway	PI3K	94			Spearman rho	0.0351880689585797	0.736342633965746	TRUE	FALSE	1	TCGA_ESCC_DR45_driver_state_shared_patients	FALSE	TRUE	0.974403403116667	FALSE	FALSE	same_patient_rna_derived_target	500	500	-0.176362971311139	0.256314863125775	0.62	no_clear_internal_association	same_direction_nonsignificant	FALSE
ENSG00000087460.27	GNAS	strong_patient_level_candidate	relative_cnv	PROGENy_pathway	MAPK	94			Spearman rho	0.0346368124503814	0.740325280456543	TRUE	FALSE	1	TCGA_ESCC_DR45_driver_state_shared_patients	FALSE	TRUE	0.974403403116667	FALSE	FALSE	same_patient_rna_derived_target	500	500	-0.141339394056386	0.215260336181747	0.672	no_clear_internal_association	same_direction_nonsignificant	FALSE
ENSG00000141510.18	TP53	strong_patient_level_candidate	relative_cnv	PROGENy_pathway	EGFR	94			Spearman rho	0.0344760266089284	0.741488201345926	TRUE	FALSE	1	TCGA_ESCC_DR45_driver_state_shared_patients	FALSE	TRUE	0.974403403116667	FALSE	FALSE	same_patient_rna_derived_target	500	500	-0.148918983854702	0.206367603823266	0.668	no_clear_internal_association	same_direction_nonsignificant	FALSE
ENSG00000141510.18	TP53	strong_patient_level_candidate	relative_cnv	PROGENy_pathway	Hypoxia	94			Spearman rho	-0.0343580926524555	0.74234155554735	TRUE	FALSE	1	TCGA_ESCC_DR45_driver_state_shared_patients	FALSE	TRUE	0.974403403116667	FALSE	FALSE	same_patient_rna_derived_target	500	500	-0.203324931514106	0.119063480482464	0.654	no_clear_internal_association	same_direction_nonsignificant	FALSE
ENSG00000141579.7	ZNF750	strong_patient_level_candidate	relative_cnv	PROGENy_pathway	JAK-STAT	94			Spearman rho	-0.0341792188843462	0.743636456456603	TRUE	FALSE	1	TCGA_ESCC_DR45_driver_state_shared_patients	FALSE	TRUE	0.974403403116667	FALSE	FALSE	same_patient_rna_derived_target	500	500	-0.261184136562865	0.165590072188968	0.63	no_clear_internal_association	same_direction_nonsignificant	FALSE
ENSG00000074181.9	NOTCH3	strong_patient_level_candidate	relative_cnv	PROGENy_pathway	Trail	94			Spearman rho	-0.0328931216637572	0.752967560888979	TRUE	FALSE	1	TCGA_ESCC_DR45_driver_state_shared_patients	FALSE	TRUE	0.974403403116667	FALSE	FALSE	same_patient_rna_derived_target	500	500	-0.206580977520383	0.139000850882102	0.638	no_clear_internal_association	same_direction_nonsignificant	FALSE
ENSG00000121879.6	PIK3CA	strong_patient_level_candidate	relative_cnv	PROGENy_pathway	Androgen	94			Spearman rho	-0.0325707937048425	0.755311801476958	TRUE	TRUE	2	TCGA_ESCC_DR45_driver_state_shared_patients	FALSE	TRUE	0.974403403116667	FALSE	FALSE	same_patient_rna_derived_target	500	500	-0.234825206553944	0.17646659975073	0.648	no_clear_internal_association	same_direction_nonsignificant	FALSE
ENSG00000185920.16	PTCH1	strong_patient_level_candidate	relative_cnv	PROGENy_pathway	Androgen	94			Spearman rho	-0.0318393015118896	0.760640027703942	TRUE	FALSE	1	TCGA_ESCC_DR45_driver_state_shared_patients	FALSE	TRUE	0.974403403116667	FALSE	FALSE	same_patient_rna_derived_target	500	500	-0.234338928017005	0.175034926329571	0.62	no_clear_internal_association	same_direction_nonsignificant	FALSE
ENSG00000141510.18	TP53	strong_patient_level_candidate	relative_cnv	PROGENy_pathway	NFkB	94			Spearman rho	0.0315198154333396	0.762970705777026	TRUE	FALSE	1	TCGA_ESCC_DR45_driver_state_shared_patients	FALSE	TRUE	0.974403403116667	FALSE	FALSE	same_patient_rna_derived_target	500	500	-0.17223257631095	0.221076194450184	0.642	no_clear_internal_association	same_direction_nonsignificant	FALSE
ENSG00000074181.9	NOTCH3	strong_patient_level_candidate	relative_cnv	PROGENy_pathway	Androgen	94			Spearman rho	0.0295036857238541	0.777726535732216	TRUE	FALSE	1	TCGA_ESCC_DR45_driver_state_shared_patients	FALSE	TRUE	0.974403403116667	FALSE	FALSE	same_patient_rna_derived_target	500	500	-0.19772479779917	0.255331154983011	0.618	no_clear_internal_association	same_direction_nonsignificant	FALSE
ENSG00000100393.14	EP300	strong_patient_level_candidate	relative_cnv	PROGENy_pathway	TNFa	94			Spearman rho	-0.0294311399150738	0.778258997998636	TRUE	FALSE	1	TCGA_ESCC_DR45_driver_state_shared_patients	FALSE	TRUE	0.974403403116667	FALSE	FALSE	same_patient_rna_derived_target	500	500	-0.232785823275274	0.183640305331081	0.626	no_clear_internal_association	same_direction_nonsignificant	FALSE
ENSG00000074181.9	NOTCH3	strong_patient_level_candidate	relative_cnv	PROGENy_pathway	Estrogen	94			Spearman rho	0.0290933423897254	0.780739665185316	TRUE	FALSE	1	TCGA_ESCC_DR45_driver_state_shared_patients	FALSE	TRUE	0.974403403116667	FALSE	FALSE	same_patient_rna_derived_target	500	500	-0.166670465379972	0.218898450578745	0.608	no_clear_internal_association	same_direction_nonsignificant	FALSE
ENSG00000116044.16	NFE2L2	strong_patient_level_candidate	relative_cnv	PROGENy_pathway	EGFR	94			Spearman rho	-0.0290303880836545	0.781202223228331	TRUE	FALSE	1	TCGA_ESCC_DR45_driver_state_shared_patients	FALSE	TRUE	0.974403403116667	FALSE	FALSE	same_patient_rna_derived_target	500	500	-0.226048037488583	0.191424113367341	0.568	no_clear_internal_association	same_direction_nonsignificant	FALSE
ENSG00000127616.19	SMARCA4	strong_patient_level_candidate	relative_cnv	PROGENy_pathway	TGFb	94			Spearman rho	-0.0279907004929778	0.788852248341293	TRUE	FALSE	1	TCGA_ESCC_DR45_driver_state_shared_patients	FALSE	TRUE	0.974403403116667	FALSE	FALSE	same_patient_rna_derived_target	500	500	-0.237548162266987	0.203390265534	0.566	no_clear_internal_association	same_direction_nonsignificant	FALSE
ENSG00000167548.16	KMT2D	strong_patient_level_candidate	relative_cnv	PROGENy_pathway	Estrogen	94			Spearman rho	-0.0271558746787344	0.795009466545139	TRUE	FALSE	1	TCGA_ESCC_DR45_driver_state_shared_patients	FALSE	TRUE	0.974403403116667	FALSE	FALSE	same_patient_rna_derived_target	500	500	-0.231023822469625	0.168598496923153	0.588	no_clear_internal_association	same_direction_nonsignificant	FALSE
ENSG00000127616.19	SMARCA4	strong_patient_level_candidate	relative_cnv	PROGENy_pathway	Androgen	94			Spearman rho	-0.026956499183084	0.796481826315467	TRUE	FALSE	1	TCGA_ESCC_DR45_driver_state_shared_patients	FALSE	TRUE	0.974403403116667	FALSE	FALSE	same_patient_rna_derived_target	500	500	-0.250264417177789	0.186400941877552	0.618	no_clear_internal_association	same_direction_nonsignificant	FALSE
ENSG00000087460.27	GNAS	strong_patient_level_candidate	relative_cnv	PROGENy_pathway	TNFa	94			Spearman rho	-0.0260208856822834	0.803400640071325	TRUE	FALSE	1	TCGA_ESCC_DR45_driver_state_shared_patients	FALSE	TRUE	0.974403403116667	FALSE	FALSE	same_patient_rna_derived_target	500	500	-0.2187520846064	0.169259649242847	0.59	no_clear_internal_association	same_direction_nonsignificant	FALSE
ENSG00000116044.16	NFE2L2	strong_patient_level_candidate	relative_cnv	PROGENy_pathway	PI3K	94			Spearman rho	-0.0258030528808148	0.80501370080256	TRUE	FALSE	1	TCGA_ESCC_DR45_driver_state_shared_patients	FALSE	TRUE	0.974403403116667	FALSE	FALSE	same_patient_rna_derived_target	500	500	-0.250786921835711	0.174147379588719	0.602	no_clear_internal_association	same_direction_nonsignificant	FALSE
ENSG00000127616.19	SMARCA4	strong_patient_level_candidate	relative_cnv	PROGENy_pathway	WNT	94			Spearman rho	-0.0249637698298741	0.811236203613252	TRUE	FALSE	1	TCGA_ESCC_DR45_driver_state_shared_patients	FALSE	TRUE	0.974403403116667	FALSE	FALSE	same_patient_rna_derived_target	500	500	-0.20623969446588	0.140273161559864	0.632	no_clear_internal_association	same_direction_nonsignificant	FALSE
ENSG00000141510.18	TP53	strong_patient_level_candidate	relative_cnv	PROGENy_pathway	MAPK	94			Spearman rho	0.0248604780244998	0.812002835930556	TRUE	FALSE	1	TCGA_ESCC_DR45_driver_state_shared_patients	FALSE	TRUE	0.974403403116667	FALSE	FALSE	same_patient_rna_derived_target	500	500	-0.150050538442291	0.207770155127982	0.58	no_clear_internal_association	same_direction_nonsignificant	FALSE
ENSG00000185920.16	PTCH1	strong_patient_level_candidate	mutation	PROGENy_pathway	Estrogen	94	7	87	rank-biserial correlation: event minus reference	0.0509031198686372	0.828965383752399	TRUE	FALSE	1	TCGA_ESCC_DR45_driver_state_shared_patients	FALSE	TRUE	0.976164844418712	FALSE	FALSE	same_patient_rna_derived_target	500	500	-0.264367816091954	0.404187192118226	0.582	no_clear_internal_association	same_direction_nonsignificant	FALSE
ENSG00000074181.9	NOTCH3	strong_patient_level_candidate	mutation	PROGENy_pathway	TNFa	94	10	84	rank-biserial correlation: event minus reference	0.0404761904761906	0.839654072073386	TRUE	FALSE	1	TCGA_ESCC_DR45_driver_state_shared_patients	FALSE	TRUE	0.979596417418951	FALSE	FALSE	same_patient_rna_derived_target	500	500	-0.438214285714286	0.532321428571428	0.542	no_clear_internal_association	same_direction_nonsignificant	FALSE
ENSG00000087460.27	GNAS	strong_patient_level_candidate	amplification	PROGENy_pathway	EGFR	94	6	88	rank-biserial correlation: event minus reference	0.106060606060606	0.67058289447061	TRUE	FALSE	1	TCGA_ESCC_DR45_driver_state_shared_patients	FALSE	TRUE	0.980874630118242	FALSE	FALSE	same_patient_rna_derived_target	500	500	-0.301420454545455	0.456723484848485	0.662	no_clear_internal_association	same_direction_nonsignificant	FALSE
ENSG00000087460.27	GNAS	strong_patient_level_candidate	amplification	PROGENy_pathway	JAK-STAT	94	6	88	rank-biserial correlation: event minus reference	-0.0909090909090909	0.716246849296886	TRUE	FALSE	1	TCGA_ESCC_DR45_driver_state_shared_patients	FALSE	TRUE	0.980874630118242	FALSE	FALSE	same_patient_rna_derived_target	500	500	-0.526704545454546	0.426231060606061	0.654	no_clear_internal_association	same_direction_nonsignificant	FALSE
ENSG00000116044.16	NFE2L2	strong_patient_level_candidate	amplification	PROGENy_pathway	p53	94	9	85	rank-biserial correlation: event minus reference	-0.0745098039215686	0.718999816540536	TRUE	FALSE	1	TCGA_ESCC_DR45_driver_state_shared_patients	FALSE	TRUE	0.980874630118242	FALSE	FALSE	same_patient_rna_derived_target	500	500	-0.508627450980392	0.377908496732026	0.63	no_clear_internal_association	same_direction_nonsignificant	FALSE
ENSG00000121879.6	PIK3CA	strong_patient_level_candidate	amplification	PROGENy_pathway	JAK-STAT	94	49	45	rank-biserial correlation: event minus reference	-0.0403628117913832	0.739115201867388	TRUE	TRUE	2	TCGA_ESCC_DR45_driver_state_shared_patients	FALSE	TRUE	0.980874630118242	FALSE	FALSE	same_patient_rna_derived_target	500	500	-0.279433106575964	0.180521541950113	0.632	no_clear_internal_association	same_direction_nonsignificant	FALSE
ENSG00000185920.16	PTCH1	strong_patient_level_candidate	amplification	PROGENy_pathway	TGFb	94	6	88	rank-biserial correlation: event minus reference	0.0757575757575757	0.762948995369571	TRUE	FALSE	1	TCGA_ESCC_DR45_driver_state_shared_patients	FALSE	TRUE	0.980874630118242	FALSE	FALSE	same_patient_rna_derived_target	500	500	-0.337121212121212	0.378787878787879	0.624	no_clear_internal_association	same_direction_nonsignificant	FALSE
ENSG00000116044.16	NFE2L2	strong_patient_level_candidate	amplification	PROGENy_pathway	Hypoxia	94	9	85	rank-biserial correlation: event minus reference	-0.0562091503267974	0.787278056820402	TRUE	FALSE	1	TCGA_ESCC_DR45_driver_state_shared_patients	FALSE	TRUE	0.980874630118242	FALSE	FALSE	same_patient_rna_derived_target	500	500	-0.406535947712418	0.335947712418301	0.64	no_clear_internal_association	same_direction_nonsignificant	FALSE
ENSG00000116044.16	NFE2L2	strong_patient_level_candidate	amplification	PROGENy_pathway	MAPK	94	9	85	rank-biserial correlation: event minus reference	-0.0562091503267974	0.787278056820402	TRUE	FALSE	1	TCGA_ESCC_DR45_driver_state_shared_patients	FALSE	TRUE	0.980874630118242	FALSE	FALSE	same_patient_rna_derived_target	500	500	-0.430457516339869	0.320522875816993	0.604	no_clear_internal_association	same_direction_nonsignificant	FALSE
ENSG00000121879.6	PIK3CA	strong_patient_level_candidate	amplification	PROGENy_pathway	WNT	94	49	45	rank-biserial correlation: event minus reference	-0.0249433106575964	0.838074982678888	TRUE	TRUE	2	TCGA_ESCC_DR45_driver_state_shared_patients	FALSE	TRUE	0.980874630118242	FALSE	FALSE	same_patient_rna_derived_target	500	500	-0.249455782312925	0.192494331065759	0.538	no_clear_internal_association	same_direction_nonsignificant	FALSE
ENSG00000121879.6	PIK3CA	strong_patient_level_candidate	amplification	PROGENy_pathway	NFkB	94	49	45	rank-biserial correlation: event minus reference	-0.0222222222222223	0.855857288075087	TRUE	TRUE	2	TCGA_ESCC_DR45_driver_state_shared_patients	FALSE	TRUE	0.980874630118242	FALSE	FALSE	same_patient_rna_derived_target	500	500	-0.22047619047619	0.205147392290249	0.564	no_clear_internal_association	same_direction_nonsignificant	FALSE
ENSG00000087460.27	GNAS	strong_patient_level_candidate	amplification	PROGENy_pathway	NFkB	94	6	88	rank-biserial correlation: event minus reference	-0.0454545454545454	0.858822821858262	TRUE	FALSE	1	TCGA_ESCC_DR45_driver_state_shared_patients	FALSE	TRUE	0.980874630118242	FALSE	FALSE	same_patient_rna_derived_target	500	500	-0.454924242424243	0.411268939393939	0.592	no_clear_internal_association	same_direction_nonsignificant	FALSE
ENSG00000116044.16	NFE2L2	strong_patient_level_candidate	amplification	PROGENy_pathway	TGFb	94	9	85	rank-biserial correlation: event minus reference	0.0352941176470589	0.867332228078759	TRUE	FALSE	1	TCGA_ESCC_DR45_driver_state_shared_patients	FALSE	TRUE	0.980874630118242	FALSE	FALSE	same_patient_rna_derived_target	500	500	-0.396339869281046	0.442156862745098	0.532	no_clear_internal_association	same_direction_nonsignificant	FALSE
ENSG00000121879.6	PIK3CA	strong_patient_level_candidate	amplification	PROGENy_pathway	TGFb	94	49	45	rank-biserial correlation: event minus reference	0.019501133786848	0.873713086621417	TRUE	TRUE	2	TCGA_ESCC_DR45_driver_state_shared_patients	FALSE	TRUE	0.980874630118242	FALSE	FALSE	same_patient_rna_derived_target	500	500	-0.207392290249433	0.259183673469388	0.57	no_clear_internal_association	same_direction_nonsignificant	FALSE
ENSG00000087460.27	GNAS	strong_patient_level_candidate	amplification	PROGENy_pathway	Hypoxia	94	6	88	rank-biserial correlation: event minus reference	0.0340909090909092	0.895402530067465	TRUE	FALSE	1	TCGA_ESCC_DR45_driver_state_shared_patients	FALSE	TRUE	0.980874630118242	FALSE	FALSE	same_patient_rna_derived_target	500	500	-0.253787878787879	0.333333333333333	0.626	no_clear_internal_association	same_direction_nonsignificant	FALSE
ENSG00000121879.6	PIK3CA	strong_patient_level_candidate	amplification	PROGENy_pathway	TNFa	94	49	45	rank-biserial correlation: event minus reference	-0.0149659863945578	0.903611749007146	TRUE	TRUE	2	TCGA_ESCC_DR45_driver_state_shared_patients	FALSE	TRUE	0.980874630118242	FALSE	FALSE	same_patient_rna_derived_target	500	500	-0.249977324263039	0.234784580498866	0.554	no_clear_internal_association	same_direction_nonsignificant	FALSE
ENSG00000116044.16	NFE2L2	strong_patient_level_candidate	amplification	PROGENy_pathway	VEGF	94	9	85	rank-biserial correlation: event minus reference	0.0222222222222221	0.918122649274501	TRUE	FALSE	1	TCGA_ESCC_DR45_driver_state_shared_patients	FALSE	TRUE	0.980874630118242	FALSE	FALSE	same_patient_rna_derived_target	500	500	-0.367581699346405	0.454967320261438	0.564	no_clear_internal_association	same_direction_nonsignificant	FALSE
ENSG00000116044.16	NFE2L2	strong_patient_level_candidate	amplification	PROGENy_pathway	EGFR	94	9	85	rank-biserial correlation: event minus reference	-0.0196078431372549	0.928327774933336	TRUE	FALSE	1	TCGA_ESCC_DR45_driver_state_shared_patients	FALSE	TRUE	0.980874630118242	FALSE	FALSE	same_patient_rna_derived_target	500	500	-0.345294117647059	0.300718954248366	0.55	no_clear_internal_association	same_direction_nonsignificant	FALSE
ENSG00000141579.7	ZNF750	strong_patient_level_candidate	mutation	PROGENy_pathway	Trail	94	11	83	rank-biserial correlation: event minus reference	0.036144578313253	0.850721980196757	TRUE	FALSE	1	TCGA_ESCC_DR45_driver_state_shared_patients	FALSE	TRUE	0.983403389952215	FALSE	FALSE	same_patient_rna_derived_target	500	500	-0.330832420591457	0.425246440306681	0.574	no_clear_internal_association	same_direction_nonsignificant	FALSE
ENSG00000116044.16	NFE2L2	strong_patient_level_candidate	relative_cnv	PROGENy_pathway	TNFa	94			Spearman rho	-0.0221537416466112	0.832153352104129	TRUE	FALSE	1	TCGA_ESCC_DR45_driver_state_shared_patients	FALSE	TRUE	0.983534656318721	FALSE	FALSE	same_patient_rna_derived_target	500	500	-0.214138781984722	0.173136874991063	0.576	no_clear_internal_association	same_direction_nonsignificant	FALSE
ENSG00000141510.18	TP53	strong_patient_level_candidate	relative_cnv	PROGENy_pathway	TNFa	94			Spearman rho	0.0199780122265193	0.848430438419405	TRUE	FALSE	1	TCGA_ESCC_DR45_driver_state_shared_patients	FALSE	TRUE	0.983534656318721	FALSE	FALSE	same_patient_rna_derived_target	500	500	-0.175297653530623	0.187027995679492	0.572	no_clear_internal_association	same_direction_nonsignificant	FALSE
ENSG00000127616.19	SMARCA4	strong_patient_level_candidate	relative_cnv	PROGENy_pathway	p53	94			Spearman rho	-0.0193639481031324	0.853036219658014	TRUE	FALSE	1	TCGA_ESCC_DR45_driver_state_shared_patients	FALSE	TRUE	0.983534656318721	FALSE	FALSE	same_patient_rna_derived_target	500	500	-0.245237004998716	0.161913577330831	0.618	no_clear_internal_association	same_direction_nonsignificant	FALSE
ENSG00000127616.19	SMARCA4	strong_patient_level_candidate	relative_cnv	PROGENy_pathway	JAK-STAT	94			Spearman rho	0.0187081131261266	0.857960747147883	TRUE	FALSE	1	TCGA_ESCC_DR45_driver_state_shared_patients	FALSE	TRUE	0.983534656318721	FALSE	FALSE	same_patient_rna_derived_target	500	500	-0.159079196348141	0.231147049745367	0.558	no_clear_internal_association	same_direction_nonsignificant	FALSE
ENSG00000109670.16	FBXW7	strong_patient_level_candidate	relative_cnv	PROGENy_pathway	PI3K	94			Spearman rho	-0.0181442765746383	0.862198835746832	TRUE	FALSE	1	TCGA_ESCC_DR45_driver_state_shared_patients	FALSE	TRUE	0.983534656318721	FALSE	FALSE	same_patient_rna_derived_target	500	500	-0.218288639613664	0.184930550533956	0.54	no_clear_internal_association	same_direction_nonsignificant	FALSE
ENSG00000127616.19	SMARCA4	strong_patient_level_candidate	relative_cnv	PROGENy_pathway	Estrogen	94			Spearman rho	-0.0167237919136476	0.872892984290379	TRUE	FALSE	1	TCGA_ESCC_DR45_driver_state_shared_patients	FALSE	TRUE	0.983534656318721	FALSE	FALSE	same_patient_rna_derived_target	500	500	-0.210196533359763	0.166265041270133	0.558	no_clear_internal_association	same_direction_nonsignificant	FALSE
ENSG00000141510.18	TP53	strong_patient_level_candidate	relative_cnv	PROGENy_pathway	JAK-STAT	94			Spearman rho	0.0152449294400712	0.884050929433105	TRUE	FALSE	1	TCGA_ESCC_DR45_driver_state_shared_patients	FALSE	TRUE	0.983534656318721	FALSE	FALSE	same_patient_rna_derived_target	500	500	-0.179788092116543	0.217512776961993	0.572	no_clear_internal_association	same_direction_nonsignificant	FALSE
ENSG00000141510.18	TP53	strong_patient_level_candidate	relative_cnv	PROGENy_pathway	Androgen	94			Spearman rho	-0.0144351162722902	0.890170673013804	TRUE	FALSE	1	TCGA_ESCC_DR45_driver_state_shared_patients	FALSE	TRUE	0.983534656318721	FALSE	FALSE	same_patient_rna_derived_target	500	500	-0.212238957855381	0.20029667531235	0.51	no_clear_internal_association	same_direction_nonsignificant	FALSE
ENSG00000109670.16	FBXW7	strong_patient_level_candidate	relative_cnv	PROGENy_pathway	JAK-STAT	94			Spearman rho	-0.014384514566303	0.890553286759788	TRUE	FALSE	1	TCGA_ESCC_DR45_driver_state_shared_patients	FALSE	TRUE	0.983534656318721	FALSE	FALSE	same_patient_rna_derived_target	500	500	-0.220371315104197	0.182003586798755	0.542	no_clear_internal_association	same_direction_nonsignificant	FALSE
ENSG00000141579.7	ZNF750	strong_patient_level_candidate	relative_cnv	PROGENy_pathway	p53	94			Spearman rho	0.0130089371611646	0.900963729236593	TRUE	FALSE	1	TCGA_ESCC_DR45_driver_state_shared_patients	FALSE	TRUE	0.983534656318721	FALSE	FALSE	same_patient_rna_derived_target	500	500	-0.171461859045985	0.199679224048537	0.522	no_clear_internal_association	same_direction_nonsignificant	FALSE
ENSG00000141510.18	TP53	strong_patient_level_candidate	relative_cnv	PROGENy_pathway	VEGF	94			Spearman rho	0.0123830654296607	0.905706019771841	TRUE	FALSE	1	TCGA_ESCC_DR45_driver_state_shared_patients	FALSE	TRUE	0.983534656318721	FALSE	FALSE	same_patient_rna_derived_target	500	500	-0.184283351476265	0.203048793200333	0.56	no_clear_internal_association	same_direction_nonsignificant	FALSE
ENSG00000185920.16	PTCH1	strong_patient_level_candidate	relative_cnv	PROGENy_pathway	EGFR	94			Spearman rho	-0.011504315757415	0.912369938725714	TRUE	FALSE	1	TCGA_ESCC_DR45_driver_state_shared_patients	FALSE	TRUE	0.983534656318721	FALSE	FALSE	same_patient_rna_derived_target	500	500	-0.222519524337926	0.186537409844286	0.52	no_clear_internal_association	same_direction_nonsignificant	FALSE
ENSG00000127616.19	SMARCA4	strong_patient_level_candidate	relative_cnv	PROGENy_pathway	TNFa	94			Spearman rho	-0.0102242991287056	0.922087559183633	TRUE	FALSE	1	TCGA_ESCC_DR45_driver_state_shared_patients	FALSE	TRUE	0.983534656318721	FALSE	FALSE	same_patient_rna_derived_target	500	500	-0.198967955285109	0.199105129737341	0.536	no_clear_internal_association	same_direction_nonsignificant	FALSE
ENSG00000185920.16	PTCH1	strong_patient_level_candidate	relative_cnv	PROGENy_pathway	Hypoxia	94			Spearman rho	-0.00993832324063541	0.924260244346697	TRUE	FALSE	1	TCGA_ESCC_DR45_driver_state_shared_patients	FALSE	TRUE	0.983534656318721	FALSE	FALSE	same_patient_rna_derived_target	500	500	-0.202540639478985	0.213162912933615	0.562	no_clear_internal_association	same_direction_nonsignificant	FALSE
ENSG00000185920.16	PTCH1	strong_patient_level_candidate	relative_cnv	PROGENy_pathway	MAPK	94			Spearman rho	-0.00943415004011125	0.92809201494413	TRUE	FALSE	1	TCGA_ESCC_DR45_driver_state_shared_patients	FALSE	TRUE	0.983534656318721	FALSE	FALSE	same_patient_rna_derived_target	500	500	-0.207348157345542	0.200094503701958	0.522	no_clear_internal_association	same_direction_nonsignificant	FALSE
ENSG00000141579.7	ZNF750	strong_patient_level_candidate	relative_cnv	PROGENy_pathway	TGFb	94			Spearman rho	0.00889955663295311	0.932156772761355	TRUE	FALSE	1	TCGA_ESCC_DR45_driver_state_shared_patients	FALSE	TRUE	0.983534656318721	FALSE	FALSE	same_patient_rna_derived_target	500	500	-0.202264389024507	0.213184428852229	0.544	no_clear_internal_association	same_direction_nonsignificant	FALSE
ENSG00000109670.16	FBXW7	strong_patient_level_candidate	relative_cnv	PROGENy_pathway	TGFb	94			Spearman rho	-0.0079228992928685	0.939587166284434	TRUE	FALSE	1	TCGA_ESCC_DR45_driver_state_shared_patients	FALSE	TRUE	0.983534656318721	FALSE	FALSE	same_patient_rna_derived_target	500	500	-0.208510878495253	0.18487343200963	0.528	no_clear_internal_association	same_direction_nonsignificant	FALSE
ENSG00000109670.16	FBXW7	strong_patient_level_candidate	relative_cnv	PROGENy_pathway	MAPK	94			Spearman rho	0.00760324341361732	0.942020258484156	TRUE	FALSE	1	TCGA_ESCC_DR45_driver_state_shared_patients	FALSE	TRUE	0.983534656318721	FALSE	FALSE	same_patient_rna_derived_target	500	500	-0.190100381501899	0.190626969575255	0.558	no_clear_internal_association	same_direction_nonsignificant	FALSE
ENSG00000148400.12	NOTCH1	strong_patient_level_candidate	relative_cnv	PROGENy_pathway	PI3K	94			Spearman rho	0.00715352117892211	0.945444259688016	TRUE	FALSE	1	TCGA_ESCC_DR45_driver_state_shared_patients	FALSE	TRUE	0.983534656318721	FALSE	FALSE	same_patient_rna_derived_target	500	500	-0.204020742220053	0.215735449015976	0.54	no_clear_internal_association	same_direction_nonsignificant	FALSE
ENSG00000116044.16	NFE2L2	strong_patient_level_candidate	relative_cnv	PROGENy_pathway	VEGF	94			Spearman rho	0.00697041888845755	0.946838613213105	TRUE	FALSE	1	TCGA_ESCC_DR45_driver_state_shared_patients	FALSE	TRUE	0.983534656318721	FALSE	FALSE	same_patient_rna_derived_target	500	500	-0.238347149581208	0.216200105369409	0.494	no_clear_internal_association	same_direction_nonsignificant	FALSE
ENSG00000116044.16	NFE2L2	strong_patient_level_candidate	relative_cnv	PROGENy_pathway	MAPK	94			Spearman rho	0.00611865245477832	0.953326990879213	TRUE	FALSE	1	TCGA_ESCC_DR45_driver_state_shared_patients	FALSE	TRUE	0.983534656318721	FALSE	FALSE	same_patient_rna_derived_target	500	500	-0.189939090786901	0.204074803644737	0.546	no_clear_internal_association	same_direction_nonsignificant	FALSE
ENSG00000127616.19	SMARCA4	strong_patient_level_candidate	relative_cnv	PROGENy_pathway	NFkB	94			Spearman rho	0.00445631458734702	0.965998322915035	TRUE	FALSE	1	TCGA_ESCC_DR45_driver_state_shared_patients	FALSE	TRUE	0.983534656318721	FALSE	FALSE	same_patient_rna_derived_target	500	500	-0.216959476321417	0.204761209889533	0.552	no_clear_internal_association	same_direction_nonsignificant	FALSE
ENSG00000100393.14	EP300	strong_patient_level_candidate	relative_cnv	PROGENy_pathway	Estrogen	94			Spearman rho	-0.00430961885771599	0.967116977094765	TRUE	FALSE	1	TCGA_ESCC_DR45_driver_state_shared_patients	FALSE	TRUE	0.983534656318721	FALSE	FALSE	same_patient_rna_derived_target	500	500	-0.204593233756729	0.192909025978251	0.53	no_clear_internal_association	same_direction_nonsignificant	FALSE
ENSG00000127616.19	SMARCA4	strong_patient_level_candidate	relative_cnv	PROGENy_pathway	EGFR	94			Spearman rho	0.00401068312861232	0.969396758963251	TRUE	FALSE	1	TCGA_ESCC_DR45_driver_state_shared_patients	FALSE	TRUE	0.983534656318721	FALSE	FALSE	same_patient_rna_derived_target	500	500	-0.192899895959824	0.182336801794153	0.508	no_clear_internal_association	same_direction_nonsignificant	FALSE
ENSG00000116044.16	NFE2L2	strong_patient_level_candidate	relative_cnv	PROGENy_pathway	Androgen	94			Spearman rho	0.00393844295939754	0.969947723779419	TRUE	FALSE	1	TCGA_ESCC_DR45_driver_state_shared_patients	FALSE	TRUE	0.983534656318721	FALSE	FALSE	same_patient_rna_derived_target	500	500	-0.192391713859806	0.218634578583487	0.496	no_clear_internal_association	same_direction_nonsignificant	FALSE
ENSG00000109670.16	FBXW7	strong_patient_level_candidate	relative_cnv	PROGENy_pathway	Estrogen	94			Spearman rho	-0.00353904723456662	0.97299410199438	TRUE	FALSE	1	TCGA_ESCC_DR45_driver_state_shared_patients	FALSE	TRUE	0.983534656318721	FALSE	FALSE	same_patient_rna_derived_target	500	500	-0.207494911611759	0.199407152110589	0.524	no_clear_internal_association	same_direction_nonsignificant	FALSE
ENSG00000141510.18	TP53	strong_patient_level_candidate	relative_cnv	PROGENy_pathway	Trail	94			Spearman rho	-0.00292476212052939	0.977680283364443	TRUE	FALSE	1	TCGA_ESCC_DR45_driver_state_shared_patients	FALSE	TRUE	0.983534656318721	FALSE	FALSE	same_patient_rna_derived_target	500	500	-0.200940304181487	0.184460826672905	0.538	no_clear_internal_association	same_direction_nonsignificant	FALSE
ENSG00000121879.6	PIK3CA	strong_patient_level_candidate	amplification	PROGENy_pathway	Androgen	94	49	45	rank-biserial correlation: event minus reference	-0.00226757369614516	0.987922473617002	TRUE	TRUE	2	TCGA_ESCC_DR45_driver_state_shared_patients	FALSE	TRUE	0.993829539225468	FALSE	FALSE	same_patient_rna_derived_target	500	500	-0.232154195011338	0.236417233560091	0.498	no_clear_internal_association	same_direction_nonsignificant	FALSE
ENSG00000116044.16	NFE2L2	strong_patient_level_candidate	amplification	PROGENy_pathway	JAK-STAT	94	9	85	rank-biserial correlation: event minus reference	0.00392156862745097	0.989747584164919	TRUE	FALSE	1	TCGA_ESCC_DR45_driver_state_shared_patients	FALSE	TRUE	0.993829539225468	FALSE	FALSE	same_patient_rna_derived_target	500	500	-0.24843137254902	0.251045751633987	0.512	no_clear_internal_association	same_direction_nonsignificant	FALSE
ENSG00000087460.27	GNAS	strong_patient_level_candidate	amplification	PROGENy_pathway	TNFa	94	6	88	rank-biserial correlation: event minus reference	0.0037878787878789	0.993829539225468	TRUE	FALSE	1	TCGA_ESCC_DR45_driver_state_shared_patients	FALSE	TRUE	0.993829539225468	FALSE	FALSE	same_patient_rna_derived_target	500	500	-0.378977272727273	0.41685606060606	0.478	no_clear_internal_association	same_direction_nonsignificant	FALSE
ENSG00000116044.16	NFE2L2	strong_patient_level_candidate	relative_cnv	PROGENy_pathway	NFkB	94			Spearman rho	-0.000359461063754537	0.997256500636417	TRUE	FALSE	1	TCGA_ESCC_DR45_driver_state_shared_patients	FALSE	TRUE	0.997256500636417	FALSE	FALSE	same_patient_rna_derived_target	500	500	-0.19579206438283	0.21097110949129	0.458	no_clear_internal_association	same_direction_nonsignificant	FALSE
ENSG00000185920.16	PTCH1	strong_patient_level_candidate	mutation	PROGENy_pathway	TGFb	94	7	87	rank-biserial correlation: event minus reference	-0.0344827586206896	0.885485365921279	TRUE	FALSE	1	TCGA_ESCC_DR45_driver_state_shared_patients	FALSE	TRUE	1	FALSE	FALSE	same_patient_rna_derived_target	500	500	-0.433743842364532	0.295648604269294	0.598	no_clear_internal_association	same_direction_nonsignificant	FALSE
ENSG00000148400.12	NOTCH1	strong_patient_level_candidate	mutation	PROGENy_pathway	TNFa	94	13	81	rank-biserial correlation: event minus reference	-0.0256410256410257	0.886777529011731	TRUE	FALSE	1	TCGA_ESCC_DR45_driver_state_shared_patients	FALSE	TRUE	1	FALSE	FALSE	same_patient_rna_derived_target	500	500	-0.344824311490978	0.30014245014245	0.548	no_clear_internal_association	same_direction_nonsignificant	FALSE
ENSG00000127616.19	SMARCA4	strong_patient_level_candidate	mutation	PROGENy_pathway	Hypoxia	94	7	87	rank-biserial correlation: event minus reference	-0.0311986863711001	0.896869283096009	TRUE	FALSE	1	TCGA_ESCC_DR45_driver_state_shared_patients	FALSE	TRUE	1	FALSE	FALSE	same_patient_rna_derived_target	500	500	-0.51256157635468	0.492857142857143	0.526	no_clear_internal_association	same_direction_nonsignificant	FALSE
ENSG00000148400.12	NOTCH1	strong_patient_level_candidate	mutation	PROGENy_pathway	PI3K	94	13	81	rank-biserial correlation: event minus reference	-0.0199430199430199	0.912785819301316	TRUE	FALSE	1	TCGA_ESCC_DR45_driver_state_shared_patients	FALSE	TRUE	1	FALSE	FALSE	same_patient_rna_derived_target	500	500	-0.316239316239316	0.301139601139601	0.564	no_clear_internal_association	same_direction_nonsignificant	FALSE
ENSG00000148400.12	NOTCH1	strong_patient_level_candidate	mutation	PROGENy_pathway	p53	94	13	81	rank-biserial correlation: event minus reference	-0.0199430199430199	0.912785819301316	TRUE	FALSE	1	TCGA_ESCC_DR45_driver_state_shared_patients	FALSE	TRUE	1	FALSE	FALSE	same_patient_rna_derived_target	500	500	-0.350522317188984	0.324026590693257	0.556	no_clear_internal_association	same_direction_nonsignificant	FALSE
ENSG00000121879.6	PIK3CA	strong_patient_level_candidate	mutation	PROGENy_pathway	Androgen	94	11	83	rank-biserial correlation: event minus reference	0.0208105147864184	0.915692647517291	TRUE	TRUE	2	TCGA_ESCC_DR45_driver_state_shared_patients	FALSE	TRUE	1	FALSE	FALSE	same_patient_rna_derived_target	500	500	-0.32552026286966	0.352026286966046	0.538	no_clear_internal_association	same_direction_nonsignificant	FALSE
ENSG00000148400.12	NOTCH1	strong_patient_level_candidate	mutation	PROGENy_pathway	MAPK	94	13	81	rank-biserial correlation: event minus reference	0.0142450142450143	0.938887866844142	TRUE	FALSE	1	TCGA_ESCC_DR45_driver_state_shared_patients	FALSE	TRUE	1	FALSE	FALSE	same_patient_rna_derived_target	500	500	-0.335232668566002	0.346723646723647	0.544	no_clear_internal_association	same_direction_nonsignificant	FALSE
ENSG00000185920.16	PTCH1	strong_patient_level_candidate	mutation	PROGENy_pathway	TNFa	94	7	87	rank-biserial correlation: event minus reference	0.0147783251231528	0.95406115533568	TRUE	FALSE	1	TCGA_ESCC_DR45_driver_state_shared_patients	FALSE	TRUE	1	FALSE	FALSE	same_patient_rna_derived_target	500	500	-0.331773399014778	0.372906403940887	0.53	no_clear_internal_association	same_direction_nonsignificant	FALSE
ENSG00000074181.9	NOTCH3	strong_patient_level_candidate	mutation	PROGENy_pathway	Androgen	94	10	84	rank-biserial correlation: event minus reference	-0.00952380952380949	0.965765502032305	TRUE	FALSE	1	TCGA_ESCC_DR45_driver_state_shared_patients	FALSE	TRUE	1	FALSE	FALSE	same_patient_rna_derived_target	500	500	-0.398869047619048	0.387202380952381	0.488	no_clear_internal_association	same_direction_nonsignificant	FALSE
ENSG00000185920.16	PTCH1	strong_patient_level_candidate	mutation	PROGENy_pathway	EGFR	94	7	87	rank-biserial correlation: event minus reference	-0.00821018062397372	0.977021049917572	TRUE	FALSE	1	TCGA_ESCC_DR45_driver_state_shared_patients	FALSE	TRUE	1	FALSE	FALSE	same_patient_rna_derived_target	500	500	-0.331773399014778	0.35320197044335	0.546	no_clear_internal_association	same_direction_nonsignificant	FALSE
ENSG00000141579.7	ZNF750	strong_patient_level_candidate	mutation	PROGENy_pathway	Hypoxia	94	11	83	rank-biserial correlation: event minus reference	-0.00547645125958374	0.981231764981565	TRUE	FALSE	1	TCGA_ESCC_DR45_driver_state_shared_patients	FALSE	TRUE	1	FALSE	FALSE	same_patient_rna_derived_target	500	500	-0.439430449069003	0.433789704271632	0.508	no_clear_internal_association	same_direction_nonsignificant	FALSE
ENSG00000148400.12	NOTCH1	strong_patient_level_candidate	mutation	PROGENy_pathway	EGFR	94	13	81	rank-biserial correlation: event minus reference	0.00474833808167152	0.982523681070868	TRUE	FALSE	1	TCGA_ESCC_DR45_driver_state_shared_patients	FALSE	TRUE	1	FALSE	FALSE	same_patient_rna_derived_target	500	500	-0.319230769230769	0.326923076923077	0.516	no_clear_internal_association	same_direction_nonsignificant	FALSE
ENSG00000074181.9	NOTCH3	strong_patient_level_candidate	mutation	PROGENy_pathway	NFkB	94	10	84	rank-biserial correlation: event minus reference	0.00476190476190475	0.985324395198488	TRUE	FALSE	1	TCGA_ESCC_DR45_driver_state_shared_patients	FALSE	TRUE	1	FALSE	FALSE	same_patient_rna_derived_target	500	500	-0.475059523809524	0.516785714285714	0.51	no_clear_internal_association	same_direction_nonsignificant	FALSE
ENSG00000116044.16	NFE2L2	strong_patient_level_candidate	mutation	PROGENy_pathway	p53	94	16	78	rank-biserial correlation: event minus reference	-0.0016025641025641	0.995986439979464	TRUE	FALSE	1	TCGA_ESCC_DR45_driver_state_shared_patients	FALSE	TRUE	1	FALSE	FALSE	same_patient_rna_derived_target	500	500	-0.338982371794872	0.297315705128205	0.544	no_clear_internal_association	same_direction_nonsignificant	FALSE
ENSG00000074181.9	NOTCH3	strong_patient_level_candidate	mutation	PROGENy_pathway	PI3K	94	10	84	rank-biserial correlation: event minus reference	0	1	TRUE	FALSE	1	TCGA_ESCC_DR45_driver_state_shared_patients	FALSE	TRUE	1	FALSE	FALSE	same_patient_rna_derived_target	500	500	-0.350238095238095	0.398869047619048		no_clear_internal_association	same_direction_nonsignificant	FALSE
ENSG00000121879.6	PIK3CA	strong_patient_level_candidate	mutation	PROGENy_pathway	EGFR	94	11	83	rank-biserial correlation: event minus reference	0.00109529025191679	1	TRUE	TRUE	2	TCGA_ESCC_DR45_driver_state_shared_patients	FALSE	TRUE	1	FALSE	FALSE	same_patient_rna_derived_target	500	500	-0.347207009857612	0.360460021905805	0.494	no_clear_internal_association	same_direction_nonsignificant	FALSE
ENSG00000185920.16	PTCH1	strong_patient_level_candidate	mutation	PROGENy_pathway	NFkB	94	7	87	rank-biserial correlation: event minus reference	-0.00164203612479474	1	TRUE	FALSE	1	TCGA_ESCC_DR45_driver_state_shared_patients	FALSE	TRUE	1	FALSE	FALSE	same_patient_rna_derived_target	500	500	-0.341625615763547	0.363546798029556	0.492	no_clear_internal_association	same_direction_nonsignificant	FALSE
ENSG00000185920.16	PTCH1	strong_patient_level_candidate	amplification	PROGENy_pathway	WNT	94	6	88	rank-biserial correlation: event minus reference	0.734848484848485	0.00276336396228416	TRUE	FALSE	1	TCGA_ESCC_DR45_driver_state_shared_patients	FALSE	TRUE	0.133312066650575	FALSE	FALSE	same_patient_rna_derived_target	500	500	0.465719696969697	0.946969696969697	1	within_tcga_conditional	support	FALSE
ENSG00000087460.27	GNAS	strong_patient_level_candidate	amplification	PROGENy_pathway	p53	94	6	88	rank-biserial correlation: event minus reference	-0.693181818181818	0.00476114523752053	TRUE	FALSE	1	TCGA_ESCC_DR45_driver_state_shared_patients	FALSE	TRUE	0.133312066650575	FALSE	FALSE	same_patient_rna_derived_target	500	500	-0.882765151515152	-0.431628787878788	1	within_tcga_conditional	support	FALSE
ENSG00000185920.16	PTCH1	strong_patient_level_candidate	amplification	PROGENy_pathway	p53	94	6	88	rank-biserial correlation: event minus reference	-0.632575757575758	0.010015614860969	TRUE	FALSE	1	TCGA_ESCC_DR45_driver_state_shared_patients	FALSE	TRUE	0.160194293954007	FALSE	FALSE	same_patient_rna_derived_target	500	500	-0.893939393939394	-0.287878787878788	1	within_tcga_conditional	support	FALSE
ENSG00000185920.16	PTCH1	strong_patient_level_candidate	amplification	PROGENy_pathway	JAK-STAT	94	6	88	rank-biserial correlation: event minus reference	0.621212121212121	0.0114424495681433	TRUE	FALSE	1	TCGA_ESCC_DR45_driver_state_shared_patients	FALSE	TRUE	0.160194293954007	FALSE	FALSE	same_patient_rna_derived_target	500	500	0.125284090909091	0.96969696969697	0.994	within_tcga_conditional	support	FALSE
ENSG00000185920.16	PTCH1	strong_patient_level_candidate	amplification	PROGENy_pathway	VEGF	94	6	88	rank-biserial correlation: event minus reference	0.598484848484848	0.0148471999014417	TRUE	FALSE	1	TCGA_ESCC_DR45_driver_state_shared_patients	FALSE	TRUE	0.164138391672148	FALSE	FALSE	same_patient_rna_derived_target	500	500	0.196969696969697	0.933806818181818	0.996	within_tcga_conditional	support	FALSE
ENSG00000087460.27	GNAS	strong_patient_level_candidate	amplification	PROGENy_pathway	Estrogen	94	6	88	rank-biserial correlation: event minus reference	0.583333333333333	0.0175862562505873	TRUE	FALSE	1	TCGA_ESCC_DR45_driver_state_shared_patients	FALSE	TRUE	0.164138391672148	FALSE	FALSE	same_patient_rna_derived_target	500	500	0.21969696969697	0.903503787878788	0.998	within_tcga_conditional	support	FALSE
ENSG00000127616.19	SMARCA4	strong_patient_level_candidate	mutation	PROGENy_pathway	VEGF	94	7	87	rank-biserial correlation: event minus reference	0.733990147783251	0.00131985833274229	TRUE	FALSE	1	TCGA_ESCC_DR45_driver_state_shared_patients	FALSE	TRUE	0.166302149925528	FALSE	FALSE	same_patient_rna_derived_target	500	500	0.413711001642036	0.959031198686371	1	within_tcga_conditional	support	FALSE
ENSG00000167548.16	KMT2D	strong_patient_level_candidate	mutation	PROGENy_pathway	Trail	94	16	78	rank-biserial correlation: event minus reference	-0.455128205128205	0.00434226043201555	TRUE	FALSE	1	TCGA_ESCC_DR45_driver_state_shared_patients	FALSE	TRUE	0.27356240721698	FALSE	FALSE	same_patient_rna_derived_target	500	500	-0.702764423076923	-0.174679487179487	1	within_tcga_conditional	support	FALSE
ENSG00000127616.19	SMARCA4	strong_patient_level_candidate	mutation	PROGENy_pathway	EGFR	94	7	87	rank-biserial correlation: event minus reference	0.61247947454844	0.00738962729241943	TRUE	FALSE	1	TCGA_ESCC_DR45_driver_state_shared_patients	FALSE	TRUE	0.287932317758199	FALSE	FALSE	same_patient_rna_derived_target	500	500	0.183661740558292	0.914614121510673	0.998	within_tcga_conditional	support	FALSE
ENSG00000127616.19	SMARCA4	strong_patient_level_candidate	mutation	PROGENy_pathway	Trail	94	7	87	rank-biserial correlation: event minus reference	-0.596059113300493	0.00914070850026029	TRUE	FALSE	1	TCGA_ESCC_DR45_driver_state_shared_patients	FALSE	TRUE	0.287932317758199	FALSE	FALSE	same_patient_rna_derived_target	500	500	-0.986863711001642	-0.144417077175698	0.998	within_tcga_conditional	support	FALSE
ENSG00000087460.27	GNAS	strong_patient_level_candidate	amplification	PROGENy_pathway	WNT	94	6	88	rank-biserial correlation: event minus reference	0.515151515151515	0.0360993717876303	TRUE	FALSE	1	TCGA_ESCC_DR45_driver_state_shared_patients	FALSE	TRUE	0.288794974301043	FALSE	FALSE	same_patient_rna_derived_target	500	500	0.205965909090909	0.820359848484848	0.998	within_tcga_conditional	support	FALSE
ENSG00000185920.16	PTCH1	strong_patient_level_candidate	amplification	PROGENy_pathway	Trail	94	6	88	rank-biserial correlation: event minus reference	-0.488636363636364	0.0468630391850597	TRUE	FALSE	1	TCGA_ESCC_DR45_driver_state_shared_patients	FALSE	TRUE	0.322729860638368	FALSE	FALSE	same_patient_rna_derived_target	500	500	-0.782481060606061	-0.153314393939394	0.992	within_tcga_conditional	support	FALSE
ENSG00000121879.6	PIK3CA	strong_patient_level_candidate	mutation	PROGENy_pathway	Estrogen	94	11	83	rank-biserial correlation: event minus reference	-0.415115005476451	0.0262103562251042	TRUE	TRUE	2	TCGA_ESCC_DR45_driver_state_shared_patients	FALSE	TRUE	0.660500976872627	FALSE	FALSE	same_patient_rna_derived_target	500	500	-0.67382256297919	-0.132311062431545	0.998	within_tcga_conditional	support	FALSE
ENSG00000141510.18	TP53	strong_patient_level_candidate	mutation	PROGENy_pathway	p53	94	84	10	rank-biserial correlation: event minus reference	-0.407142857142857	0.0365455344844182	TRUE	FALSE	1	TCGA_ESCC_DR45_driver_state_shared_patients	FALSE	TRUE	0.68017875724909	FALSE	FALSE	same_patient_rna_derived_target	500	500	-0.775178571428572	-0.0190476190476191	0.976	within_tcga_conditional	support	FALSE
ENSG00000141510.18	TP53	strong_patient_level_candidate	mutation	PROGENy_pathway	Estrogen	94	84	10	rank-biserial correlation: event minus reference	0.397619047619048	0.0411759392430882	TRUE	FALSE	1	TCGA_ESCC_DR45_driver_state_shared_patients	FALSE	TRUE	0.68017875724909	FALSE	FALSE	same_patient_rna_derived_target	500	500	0.0402380952380953	0.706011904761905	0.982	within_tcga_conditional	support	FALSE
ENSG00000141510.18	TP53	strong_patient_level_candidate	mutation	PROGENy_pathway	TGFb	94	84	10	rank-biserial correlation: event minus reference	0.388095238095238	0.0462939947637027	TRUE	FALSE	1	TCGA_ESCC_DR45_driver_state_shared_patients	FALSE	TRUE	0.68017875724909	FALSE	FALSE	same_patient_rna_derived_target	500	500	0.0460119047619048	0.684821428571428	0.982	within_tcga_conditional	support	FALSE
ENSG00000121879.6	PIK3CA	strong_patient_level_candidate	relative_cnv	PROGENy_pathway	EGFR	94			Spearman rho	-0.254672103040048	0.0132458666481809	TRUE	TRUE	2	TCGA_ESCC_DR45_driver_state_shared_patients	FALSE	TRUE	0.835048779262326	FALSE	FALSE	same_patient_rna_derived_target	500	500	-0.445333031689375	-0.0481239419157259	0.996	within_tcga_conditional	support	FALSE
ENSG00000100393.14	EP300	strong_patient_level_candidate	relative_cnv	PROGENy_pathway	TGFb	94			Spearman rho	0.239551942647706	0.0200487248923372	TRUE	FALSE	1	TCGA_ESCC_DR45_driver_state_shared_patients	FALSE	TRUE	0.835048779262326	FALSE	FALSE	same_patient_rna_derived_target	500	500	0.0565948792814786	0.414820260233357	0.99	within_tcga_conditional	support	FALSE
ENSG00000185920.16	PTCH1	strong_patient_level_candidate	relative_cnv	PROGENy_pathway	JAK-STAT	94			Spearman rho	0.223127197183489	0.0306424805937	TRUE	FALSE	1	TCGA_ESCC_DR45_driver_state_shared_patients	FALSE	TRUE	0.835048779262326	FALSE	FALSE	same_patient_rna_derived_target	500	500	0.017465516989737	0.412675828677755	0.982	within_tcga_conditional	support	FALSE
ENSG00000148400.12	NOTCH1	strong_patient_level_candidate	relative_cnv	PROGENy_pathway	WNT	94			Spearman rho	0.218857043107297	0.0340675490807947	TRUE	FALSE	1	TCGA_ESCC_DR45_driver_state_shared_patients	FALSE	TRUE	0.835048779262326	FALSE	FALSE	same_patient_rna_derived_target	500	500	0.00531149516940492	0.422117374379493	0.978	within_tcga_conditional	support	FALSE
ENSG00000185920.16	PTCH1	strong_patient_level_candidate	relative_cnv	PROGENy_pathway	Estrogen	94			Spearman rho	0.218016714287267	0.0347781511356244	TRUE	FALSE	1	TCGA_ESCC_DR45_driver_state_shared_patients	FALSE	TRUE	0.835048779262326	FALSE	FALSE	same_patient_rna_derived_target	500	500	0.0394156556552617	0.382838337554364	0.996	within_tcga_conditional	support	FALSE
ENSG00000148400.12	NOTCH1	strong_patient_level_candidate	relative_cnv	PROGENy_pathway	Estrogen	94			Spearman rho	0.208786332575116	0.043436436046267	TRUE	FALSE	1	TCGA_ESCC_DR45_driver_state_shared_patients	FALSE	TRUE	0.835048779262326	FALSE	FALSE	same_patient_rna_derived_target	500	500	0.0226781484801801	0.377517551610743	0.986	within_tcga_conditional	support	FALSE
ENSG00000100393.14	EP300	strong_patient_level_candidate	relative_cnv	PROGENy_pathway	Androgen	94			Spearman rho	0.204620041618657	0.04789420453942	TRUE	FALSE	1	TCGA_ESCC_DR45_driver_state_shared_patients	FALSE	TRUE	0.835048779262326	FALSE	FALSE	same_patient_rna_derived_target	500	500	0.0399917791703702	0.366663008416082	0.994	within_tcga_conditional	support	FALSE
