analysis_scope	association_role	is_primary_scope	n_patients	pathway	factor	reduced_model	full_model	factor_beta_standardized	factor_standard_error	factor_t_value	factor_coefficient_p_value	reduced_r_squared	full_r_squared	delta_r_squared	partial_r_squared	incremental_f	incremental_p_value	extension_calibration_pass	shared_rna_representation	independent_validation	factor_level_soft_flag	interpretation	incremental_q_value	factor_coefficient_q_value
hybrid_94_extension	conditional_sensitivity_only	FALSE	94	p53	Factor6	standardized_PROGENy ~ ECMS	standardized_PROGENy ~ ECMS + standardized_MOFA_factor	-0.83704873947836	0.0742820773926241	-11.2685154866371	8.02755179953652e-19	0.111956222690762	0.634058243160404	0.522102020469643	0.587923741835797	126.97944127258	8.02755179953658e-19	FALSE	TRUE	FALSE	FALSE	incremental same-TCGA association after categorical ECMS adjustment; not causal	8.99085801548097e-17	8.99085801548091e-17
hybrid_94_extension	conditional_sensitivity_only	FALSE	94	VEGF	Factor5	standardized_PROGENy ~ ECMS	standardized_PROGENy ~ ECMS + standardized_MOFA_factor	0.560477428357121	0.0765581391895604	7.32093849576673	1.04947464047916e-10	0.268650843360739	0.543535507121941	0.274884663761202	0.375859685166479	53.5961404587993	1.04947464047916e-10	FALSE	TRUE	FALSE	FALSE	incremental same-TCGA association after categorical ECMS adjustment; not causal	5.87705798668327e-09	5.87705798668327e-09
hybrid_94_extension	conditional_sensitivity_only	FALSE	94	EGFR	Factor3	standardized_PROGENy ~ ECMS	standardized_PROGENy ~ ECMS + standardized_MOFA_factor	0.620128598774158	0.0886525753796657	6.99504324740009	4.73941920624491e-10	0.282764000863075	0.537202114512816	0.254438113649741	0.354748107953191	48.9306300329975	4.73941920624498e-10	FALSE	TRUE	FALSE	FALSE	incremental same-TCGA association after categorical ECMS adjustment; not causal	1.44213763530129e-08	1.44213763530131e-08
hybrid_94_extension	conditional_sensitivity_only	FALSE	94	VEGF	Factor3	standardized_PROGENy ~ ECMS	standardized_PROGENy ~ ECMS + standardized_MOFA_factor	0.625153927130383	0.0896026565582035	6.97695750487375	5.15049155464754e-10	0.268650843360739	0.527229439805352	0.258578596444614	0.353563812984826	48.6779360248142	5.15049155464746e-10	FALSE	TRUE	FALSE	FALSE	incremental same-TCGA association after categorical ECMS adjustment; not causal	1.44213763530129e-08	1.44213763530131e-08
hybrid_94_extension	conditional_sensitivity_only	FALSE	94	TGFb	Factor3	standardized_PROGENy ~ ECMS	standardized_PROGENy ~ ECMS + standardized_MOFA_factor	0.53087833726922	0.0920815852067491	5.76530406244907	1.15851046986397e-07	0.31423857282974	0.500708437067631	0.186469864237891	0.271916524974792	33.2387309324917	1.15851046986397e-07	FALSE	TRUE	FALSE	FALSE	incremental same-TCGA association after categorical ECMS adjustment; not causal	2.59506345249528e-06	2.59506345249529e-06
hybrid_94_extension	conditional_sensitivity_only	FALSE	94	MAPK	Factor5	standardized_PROGENy ~ ECMS	standardized_PROGENy ~ ECMS + standardized_MOFA_factor	0.479484204764914	0.0868518701348635	5.52071249611979	3.29753739485863e-07	0.211355067090341	0.412534169554338	0.201179102463996	0.255094649149343	30.4782664648131	3.29753739485871e-07	FALSE	TRUE	FALSE	FALSE	incremental same-TCGA association after categorical ECMS adjustment; not causal	6.1554031370696e-06	6.15540313706945e-06
hybrid_94_extension	conditional_sensitivity_only	FALSE	94	MAPK	Factor3	standardized_PROGENy ~ ECMS	standardized_PROGENy ~ ECMS + standardized_MOFA_factor	0.517566826854494	0.10189705336532	5.07931102775781	2.068094358861e-06	0.211355067090341	0.388590892347492	0.177235825257151	0.224734627537959	25.7994005167021	2.06809435886103e-06	FALSE	TRUE	FALSE	FALSE	incremental same-TCGA association after categorical ECMS adjustment; not causal	3.30895097417764e-05	3.3089509741776e-05
hybrid_94_extension	conditional_sensitivity_only	FALSE	94	PI3K	Factor5	standardized_PROGENy ~ ECMS	standardized_PROGENy ~ ECMS + standardized_MOFA_factor	0.442154601961331	0.0970757490988373	4.55473798622097	1.65902059725281e-05	0.0950115738121438	0.266085000659831	0.171073426847687	0.189033828386415	20.7456381231243	1.6590205972528e-05	FALSE	TRUE	FALSE	FALSE	incremental same-TCGA association after categorical ECMS adjustment; not causal	0.000232262883615392	0.000232262883615393
hybrid_94_extension	conditional_sensitivity_only	FALSE	94	Estrogen	Factor6	standardized_PROGENy ~ ECMS	standardized_PROGENy ~ ECMS + standardized_MOFA_factor	0.48239365492034	0.108445776175506	4.448247519937	2.4944759673112e-05	0.0466424976728938	0.220045676193932	0.173403178521038	0.181886834789434	19.7869059986258	2.49447596731115e-05	FALSE	TRUE	FALSE	FALSE	incremental same-TCGA association after categorical ECMS adjustment; not causal	0.00028392367295438	0.000283923672954381
hybrid_94_extension	conditional_sensitivity_only	FALSE	94	Trail	Factor5	standardized_PROGENy ~ ECMS	standardized_PROGENy ~ ECMS + standardized_MOFA_factor	-0.383064733767114	0.0861980360162885	-4.44400767663347	2.53503279423555e-05	0.292941927282332	0.42134594071332	0.128404013430988	0.181603206844738	19.7492042299772	2.53503279423554e-05	FALSE	TRUE	FALSE	FALSE	incremental same-TCGA association after categorical ECMS adjustment; not causal	0.00028392367295438	0.000283923672954381
hybrid_94_extension	conditional_sensitivity_only	FALSE	94	Androgen	Factor6	standardized_PROGENy ~ ECMS	standardized_PROGENy ~ ECMS + standardized_MOFA_factor	-0.474822601240555	0.109853999602864	-4.32230599666012	4.01268642780018e-05	0.0316551035117241	0.199657952379528	0.168002848867804	0.173494846182461	18.682329128764	4.01268642780018e-05	FALSE	TRUE	FALSE	FALSE	incremental same-TCGA association after categorical ECMS adjustment; not causal	0.000408564436285109	0.000408564436285109
hybrid_94_extension	conditional_sensitivity_only	FALSE	94	Trail	Factor4	standardized_PROGENy ~ ECMS	standardized_PROGENy ~ ECMS + standardized_MOFA_factor	-0.324532278465745	0.0829263070811632	-3.9135021187922	0.000177671393120302	0.292941927282332	0.396751497376839	0.103809570094507	0.146819015438862	15.315498833791	0.000177671393120304	FALSE	TRUE	FALSE	TRUE	level-factor soft QC; technical/background only, not a biological ECMS axis	0.00144300476233196	0.00144300476233195
hybrid_94_extension	conditional_sensitivity_only	FALSE	94	Hypoxia	Factor3	standardized_PROGENy ~ ECMS	standardized_PROGENy ~ ECMS + standardized_MOFA_factor	0.425350995040968	0.10887635402275	3.90673437642935	0.000181966618281755	0.182261915032521	0.301967262773352	0.11970534774083	0.146385927158561	15.2625734879748	0.000181966618281757	FALSE	TRUE	FALSE	FALSE	incremental same-TCGA association after categorical ECMS adjustment; not causal	0.00144300476233196	0.00144300476233195
hybrid_94_extension	conditional_sensitivity_only	FALSE	94	EGFR	Factor5	standardized_PROGENy ~ ECMS	standardized_PROGENy ~ ECMS + standardized_MOFA_factor	0.345420250198816	0.0887069206029682	3.89394928660457	0.000190353164295138	0.282764000863075	0.387171055610907	0.104407054747832	0.145568620194007	15.1628410466482	0.000190353164295141	FALSE	TRUE	FALSE	FALSE	incremental same-TCGA association after categorical ECMS adjustment; not causal	0.00144300476233196	0.00144300476233195
hybrid_94_extension	conditional_sensitivity_only	FALSE	94	TNFa	Factor3	standardized_PROGENy ~ ECMS	standardized_PROGENy ~ ECMS + standardized_MOFA_factor	0.438086066546823	0.11262883681679	3.88964388631167	0.000193259566383743	0.126041287048956	0.253021931673055	0.126980644624099	0.145293642299567	15.1293295623217	0.000193259566383745	FALSE	TRUE	FALSE	FALSE	incremental same-TCGA association after categorical ECMS adjustment; not causal	0.00144300476233196	0.00144300476233195
hybrid_94_extension	conditional_sensitivity_only	FALSE	94	TGFb	Factor5	standardized_PROGENy ~ ECMS	standardized_PROGENy ~ ECMS + standardized_MOFA_factor	-0.331768437462546	0.086997982985663	-3.81351872855742	0.000252210766059346	0.31423857282974	0.410555892995098	0.0963173201653581	0.140453102710667	14.5429250930582	0.000252210766059348	FALSE	TRUE	FALSE	FALSE	incremental same-TCGA association after categorical ECMS adjustment; not causal	0.00176547536241544	0.00176547536241542
hybrid_94_extension	conditional_sensitivity_only	FALSE	94	Androgen	Factor5	standardized_PROGENy ~ ECMS	standardized_PROGENy ~ ECMS + standardized_MOFA_factor	-0.383270923764453	0.103842821574967	-3.69087547845336	0.000384645563489773	0.0316551035117241	0.160197384688564	0.12854228117684	0.132744316248272	13.6225617974483	0.000384645563489766	FALSE	TRUE	FALSE	FALSE	incremental same-TCGA association after categorical ECMS adjustment; not causal	0.00253413547710905	0.00253413547710909
hybrid_94_extension	conditional_sensitivity_only	FALSE	94	NFkB	Factor3	standardized_PROGENy ~ ECMS	standardized_PROGENy ~ ECMS + standardized_MOFA_factor	0.400635286480796	0.115857057711658	3.45801364538263	0.000836812033202961	0.103389613079198	0.209587785210412	0.106198172131214	0.118444057397022	11.9578583716524	0.000836812033202956	FALSE	TRUE	FALSE	FALSE	incremental same-TCGA association after categorical ECMS adjustment; not causal	0.0052068304288184	0.00520683042881843
hybrid_94_extension	conditional_sensitivity_only	FALSE	94	Trail	Factor3	standardized_PROGENy ~ ECMS	standardized_PROGENy ~ ECMS + standardized_MOFA_factor	-0.336456999946109	0.1036116898018	-3.24728802888672	0.00164363273088456	0.292941927282332	0.367841231401827	0.0748993041194956	0.105930908661591	10.544879542551	0.00164363273088455	FALSE	TRUE	FALSE	FALSE	incremental same-TCGA association after categorical ECMS adjustment; not causal	0.00968878241363526	0.00968878241363531
hybrid_94_extension	conditional_sensitivity_only	FALSE	94	VEGF	Factor4	standardized_PROGENy ~ ECMS	standardized_PROGENy ~ ECMS + standardized_MOFA_factor	0.278408031048757	0.0864069098520961	3.2220574896766	0.00177868326386043	0.268650843360739	0.345049392766438	0.0763985494056996	0.104462483770092	10.381654466781	0.00177868326386045	FALSE	TRUE	FALSE	TRUE	level-factor soft QC; technical/background only, not a biological ECMS axis	0.00996062627761854	0.0099606262776184
hybrid_94_extension	conditional_sensitivity_only	FALSE	94	JAK-STAT	Factor2	standardized_PROGENy ~ ECMS	standardized_PROGENy ~ ECMS + standardized_MOFA_factor	-0.317748866797895	0.101646735994478	-3.12601151123196	0.00239347972950003	0.0806585259961662	0.171613065558293	0.0909545395621265	0.0989344461596075	9.77194796835479	0.00239347972949997	FALSE	TRUE	FALSE	FALSE	incremental same-TCGA association after categorical ECMS adjustment; not causal	0.0127652252239998	0.0127652252240001
hybrid_94_extension	conditional_sensitivity_only	FALSE	94	VEGF	Factor7	standardized_PROGENy ~ ECMS	standardized_PROGENy ~ ECMS + standardized_MOFA_factor	0.267726660893854	0.0872537404949638	3.06836886734165	0.00285210585244461	0.268650843360739	0.338615563251254	0.0699647198905156	0.0956652773239277	9.41488750607148	0.00285210585244458	FALSE	TRUE	FALSE	FALSE	incremental same-TCGA association after categorical ECMS adjustment; not causal	0.013953129447382	0.0139531294473818
hybrid_94_extension	conditional_sensitivity_only	FALSE	94	Hypoxia	Factor6	standardized_PROGENy ~ ECMS	standardized_PROGENy ~ ECMS + standardized_MOFA_factor	-0.323862516602804	0.105601616113235	-3.06683295694577	0.00286537479723019	0.182261915032521	0.260420241738108	0.078158326705587	0.0955786799494551	9.40546438580868	0.00286537479723023	FALSE	TRUE	FALSE	FALSE	incremental same-TCGA association after categorical ECMS adjustment; not causal	0.013953129447382	0.0139531294473818
hybrid_94_extension	conditional_sensitivity_only	FALSE	94	JAK-STAT	Factor3	standardized_PROGENy ~ ECMS	standardized_PROGENy ~ ECMS + standardized_MOFA_factor	0.349691478098611	0.119324633545055	2.93058916427827	0.00429837916606028	0.0806585259961662	0.161566018925574	0.0809074929294078	0.0880059207783227	8.58835284978527	0.0042983791660601	FALSE	TRUE	FALSE	FALSE	incremental same-TCGA association after categorical ECMS adjustment; not causal	0.0200591027749471	0.020059102774948
hybrid_94_extension	conditional_sensitivity_only	FALSE	94	TGFb	Factor2	standardized_PROGENy ~ ECMS	standardized_PROGENy ~ ECMS + standardized_MOFA_factor	-0.254189340293098	0.0884713614214792	-2.8731256782874	0.00508131229128231	0.31423857282974	0.372445011347407	0.0582064385176679	0.084878554277764	8.25485116323448	0.00508131229128226	FALSE	TRUE	FALSE	FALSE	incremental same-TCGA association after categorical ECMS adjustment; not causal	0.0227642790649445	0.0227642790649448
hybrid_94_extension	conditional_sensitivity_only	FALSE	94	NFkB	Factor2	standardized_PROGENy ~ ECMS	standardized_PROGENy ~ ECMS + standardized_MOFA_factor	-0.285455704861867	0.101328252950926	-2.81713832567621	0.00596825806663085	0.103389613079198	0.176795993929456	0.0734063808502577	0.0818709909243353	7.93626834599379	0.00596825806663084	FALSE	TRUE	FALSE	FALSE	incremental same-TCGA association after categorical ECMS adjustment; not causal	0.0257094193639482	0.0257094193639483
hybrid_94_extension	conditional_sensitivity_only	FALSE	94	TNFa	Factor2	standardized_PROGENy ~ ECMS	standardized_PROGENy ~ ECMS + standardized_MOFA_factor	-0.274941861739646	0.100255140753609	-2.74242158230424	0.00737301731253562	0.126041287048956	0.194139873494509	0.0680985864455529	0.0779196836605799	7.52087613508807	0.0073730173125357	FALSE	TRUE	FALSE	FALSE	incremental same-TCGA association after categorical ECMS adjustment; not causal	0.0305843681112592	0.0305843681112589
hybrid_94_extension	conditional_sensitivity_only	FALSE	94	PI3K	Factor3	standardized_PROGENy ~ ECMS	standardized_PROGENy ~ ECMS + standardized_MOFA_factor	0.322933652663928	0.119150526073563	2.71029984764439	0.00806486647869907	0.0950115738121438	0.164010964576788	0.0689993907646442	0.0762433957915848	7.34572526414122	0.00806486647869906	FALSE	TRUE	FALSE	FALSE	incremental same-TCGA association after categorical ECMS adjustment; not causal	0.0322594659147962	0.0322594659147963
hybrid_94_extension	conditional_sensitivity_only	FALSE	94	p53	Factor5	standardized_PROGENy ~ ECMS	standardized_PROGENy ~ ECMS + standardized_MOFA_factor	-0.261302755803933	0.103128958858581	-2.53374763690044	0.0130348532651059	0.111956222690762	0.171704066354566	0.059747843663804	0.0672802908938107	6.41987708749859	0.0130348532651058	FALSE	TRUE	FALSE	FALSE	incremental same-TCGA association after categorical ECMS adjustment; not causal	0.0503415022652363	0.0503415022652367
hybrid_94_extension	conditional_sensitivity_only	FALSE	94	Hypoxia	Factor2	standardized_PROGENy ~ ECMS	standardized_PROGENy ~ ECMS + standardized_MOFA_factor	-0.244228833589102	0.0976168120223978	-2.50191364099316	0.0141803054475805	0.182261915032521	0.23599604600651	0.0537341309739883	0.0657106865410644	6.25957186698767	0.0141803054475802	FALSE	TRUE	FALSE	FALSE	incremental same-TCGA association after categorical ECMS adjustment; not causal	0.0529398070042993	0.0529398070043004
hybrid_94_extension	conditional_sensitivity_only	FALSE	94	Estrogen	Factor1	standardized_PROGENy ~ ECMS	standardized_PROGENy ~ ECMS + standardized_MOFA_factor	0.27754406848057	0.117854395430709	2.35497426690164	0.0207224718736475	0.0466424976728938	0.102564846293059	0.0559223486201647	0.0586583191338617	5.54590379776887	0.0207224718736479	FALSE	TRUE	FALSE	FALSE	incremental same-TCGA association after categorical ECMS adjustment; not causal	0.0748682854789858	0.0748682854789843
hybrid_94_extension	conditional_sensitivity_only	FALSE	94	JAK-STAT	Factor1	standardized_PROGENy ~ ECMS	standardized_PROGENy ~ ECMS + standardized_MOFA_factor	-0.26493325104603	0.115931257542675	-2.28526159951733	0.024673672710965	0.0806585259961662	0.131614421660833	0.050955895664667	0.0554265168118093	5.22242057822861	0.0246736727109639	FALSE	TRUE	FALSE	FALSE	incremental same-TCGA association after categorical ECMS adjustment; not causal	0.0863578544883736	0.0863578544883776
hybrid_94_extension	conditional_sensitivity_only	FALSE	94	JAK-STAT	Factor7	standardized_PROGENy ~ ECMS	standardized_PROGENy ~ ECMS + standardized_MOFA_factor	0.216390525185146	0.100281823242647	2.15782400227764	0.0336347186579471	0.0806585259961662	0.126364433740919	0.0457059077447526	0.0497159206205484	4.65620442480554	0.033634718657946	FALSE	TRUE	FALSE	FALSE	incremental same-TCGA association after categorical ECMS adjustment; not causal	0.114154196657271	0.114154196657275
hybrid_94_extension	conditional_sensitivity_only	FALSE	94	Androgen	Factor3	standardized_PROGENy ~ ECMS	standardized_PROGENy ~ ECMS + standardized_MOFA_factor	-0.254340620737719	0.125370186613587	-2.02871693508475	0.0454756679786884	0.0316551035117241	0.0744557274541847	0.0428006239424606	0.0441997723101325	4.11569240269967	0.0454756679786879	FALSE	TRUE	FALSE	FALSE	incremental same-TCGA association after categorical ECMS adjustment; not causal	0.148548352721112	0.148548352721113
hybrid_94_extension	conditional_sensitivity_only	FALSE	94	PI3K	Factor2	standardized_PROGENy ~ ECMS	standardized_PROGENy ~ ECMS + standardized_MOFA_factor	0.209824189576682	0.103888377665911	2.01970802019303	0.0464213602253477	0.0950115738121438	0.134672921523727	0.0396613477115833	0.0438252540738576	4.07922048683204	0.0464213602253475	FALSE	TRUE	FALSE	FALSE	incremental same-TCGA association after categorical ECMS adjustment; not causal	0.148548352721112	0.148548352721113
hybrid_94_extension	conditional_sensitivity_only	FALSE	94	Trail	Factor2	standardized_PROGENy ~ ECMS	standardized_PROGENy ~ ECMS + standardized_MOFA_factor	-0.182398325633275	0.09189653758903	-1.98482261049897	0.050243791172373	0.292941927282332	0.322912707818074	0.0299707805357428	0.0423880041713494	3.93952079514801	0.0502437911723711	FALSE	TRUE	FALSE	FALSE	incremental same-TCGA association after categorical ECMS adjustment; not causal	0.15631401698071	0.156314016980716
hybrid_94_extension	conditional_sensitivity_only	FALSE	94	Androgen	Factor1	standardized_PROGENy ~ ECMS	standardized_PROGENy ~ ECMS + standardized_MOFA_factor	0.23340869128979	0.119895798088786	1.94676289753662	0.0547168398591239	0.0316551035117241	0.0712059287096129	0.0395508251978888	0.0408437379505181	3.78988577922522	0.0547168398591229	FALSE	TRUE	FALSE	FALSE	incremental same-TCGA association after categorical ECMS adjustment; not causal	0.165629353087075	0.165629353087078
hybrid_94_extension	conditional_sensitivity_only	FALSE	94	WNT	Factor6	standardized_PROGENy ~ ECMS	standardized_PROGENy ~ ECMS + standardized_MOFA_factor	0.210569900313676	0.109368145434766	1.92533117825676	0.0573811567881969	0.173681196065668	0.206721684854497	0.0330404887888288	0.0399851590348833	3.70690014596757	0.0573811567881973	FALSE	TRUE	FALSE	FALSE	incremental same-TCGA association after categorical ECMS adjustment; not causal	0.169123409481003	0.169123409481001
hybrid_94_extension	conditional_sensitivity_only	FALSE	94	NFkB	Factor1	standardized_PROGENy ~ ECMS	standardized_PROGENy ~ ECMS + standardized_MOFA_factor	-0.211292560966051	0.115651499949698	-1.82697639942371	0.071055238688045	0.103389613079198	0.13580042540242	0.0324108123232212	0.0361481562069882	3.33784276405123	0.0710552386880444	FALSE	TRUE	FALSE	FALSE	incremental same-TCGA association after categorical ECMS adjustment; not causal	0.204056070078487	0.204056070078488
hybrid_94_extension	conditional_sensitivity_only	FALSE	94	WNT	Factor3	standardized_PROGENy ~ ECMS	standardized_PROGENy ~ ECMS + standardized_MOFA_factor	0.209027483664929	0.116368811119278	1.79625005750618	0.0758477861751825	0.173681196065668	0.202589687651214	0.0289084915855462	0.0349846711074526	3.22651426909094	0.0758477861751822	FALSE	TRUE	FALSE	FALSE	incremental same-TCGA association after categorical ECMS adjustment; not causal	0.209060180793227	0.20906018079323
hybrid_94_extension	conditional_sensitivity_only	FALSE	94	Androgen	Factor2	standardized_PROGENy ~ ECMS	standardized_PROGENy ~ ECMS + standardized_MOFA_factor	-0.193478816745781	0.107967947919168	-1.79200235324128	0.0765309590403789	0.0316551035117241	0.065377870703164	0.0337227671914399	0.0348251612764586	3.21127243402231	0.0765309590403779	FALSE	TRUE	FALSE	FALSE	incremental same-TCGA association after categorical ECMS adjustment; not causal	0.209060180793227	0.20906018079323
hybrid_94_extension	conditional_sensitivity_only	FALSE	94	MAPK	Factor4	standardized_PROGENy ~ ECMS	standardized_PROGENy ~ ECMS + standardized_MOFA_factor	0.160518522077134	0.0932775633533868	1.72086958863839	0.0887492921238376	0.211355067090341	0.236751451943389	0.0253963848530471	0.0322025588363938	2.96139214110046	0.0887492921238379	FALSE	TRUE	FALSE	TRUE	level-factor soft QC; technical/background only, not a biological ECMS axis	0.236664778996901	0.2366647789969
hybrid_94_extension	conditional_sensitivity_only	FALSE	94	p53	Factor7	standardized_PROGENy ~ ECMS	standardized_PROGENy ~ ECMS + standardized_MOFA_factor	0.157087058690553	0.0997247968736837	1.57520560196806	0.118757191660634	0.111956222690762	0.136042887710259	0.0240866650194976	0.0271232856250397	2.48127268847154	0.118757191660635	FALSE	TRUE	FALSE	FALSE	incremental same-TCGA association after categorical ECMS adjustment; not causal	0.309321057348629	0.309321057348627
hybrid_94_extension	conditional_sensitivity_only	FALSE	94	PI3K	Factor1	standardized_PROGENy ~ ECMS	standardized_PROGENy ~ ECMS + standardized_MOFA_factor	-0.179819136652999	0.116804311783367	-1.53949057108871	0.127232576281286	0.0950115738121438	0.11848590991357	0.0234743361014261	0.025938824654707	2.37003121847102	0.127232576281287	FALSE	TRUE	FALSE	FALSE	incremental same-TCGA association after categorical ECMS adjustment; not causal	0.323864739625093	0.323864739625091
hybrid_94_extension	conditional_sensitivity_only	FALSE	94	TNFa	Factor1	standardized_PROGENy ~ ECMS	standardized_PROGENy ~ ECMS + standardized_MOFA_factor	-0.174044094731452	0.114830135446679	-1.5156656748199	0.133147671012932	0.126041287048956	0.148032039350892	0.021990752301936	0.0251622324671163	2.2972424378273	0.13314767101293	FALSE	TRUE	FALSE	FALSE	incremental same-TCGA association after categorical ECMS adjustment; not causal	0.329890690451496	0.329890690451502
hybrid_94_extension	conditional_sensitivity_only	FALSE	94	EGFR	Factor6	standardized_PROGENy ~ ECMS	standardized_PROGENy ~ ECMS + standardized_MOFA_factor	-0.154702936556676	0.102693146948316	-1.5064582316728	0.135490819292581	0.282764000863075	0.300598092566019	0.0178340917029439	0.0248650259111427	2.26941640377477	0.135490819292579	FALSE	TRUE	FALSE	FALSE	incremental same-TCGA association after categorical ECMS adjustment; not causal	0.329890690451496	0.329890690451502
hybrid_94_extension	conditional_sensitivity_only	FALSE	94	TNFa	Factor5	standardized_PROGENy ~ ECMS	standardized_PROGENy ~ ECMS + standardized_MOFA_factor	0.148120628104943	0.104763509832024	1.41385706094075	0.16089235031404	0.126041287048956	0.145239700751935	0.0191984137029796	0.021967186113579	1.99899178877201	0.16089235031404	FALSE	TRUE	FALSE	FALSE	incremental same-TCGA association after categorical ECMS adjustment; not causal	0.378742911489166	0.378742911489179
hybrid_94_extension	conditional_sensitivity_only	FALSE	94	Estrogen	Factor2	standardized_PROGENy ~ ECMS	standardized_PROGENy ~ ECMS + standardized_MOFA_factor	-0.151958948627522	0.107848502444013	-1.40900378942589	0.16231839063822	0.0466424976728938	0.0674446809840395	0.0208021833111456	0.0218199188241225	1.98529167861657	0.162318390638214	FALSE	TRUE	FALSE	FALSE	incremental same-TCGA association after categorical ECMS adjustment; not causal	0.378742911489166	0.378742911489179
hybrid_94_extension	conditional_sensitivity_only	FALSE	94	MAPK	Factor2	standardized_PROGENy ~ ECMS	standardized_PROGENy ~ ECMS + standardized_MOFA_factor	0.130815213945256	0.0982043789945781	1.33207108771064	0.186237918333814	0.211355067090341	0.226771108582838	0.0154160414924967	0.0195475059170419	1.77441338271461	0.186237918333815	FALSE	TRUE	FALSE	FALSE	incremental same-TCGA association after categorical ECMS adjustment; not causal	0.419172324680433	0.419172324680446
hybrid_94_extension	conditional_sensitivity_only	FALSE	94	Estrogen	Factor3	standardized_PROGENy ~ ECMS	standardized_PROGENy ~ ECMS + standardized_MOFA_factor	0.167491621455632	0.125995251745112	1.32934867890472	0.187130502089485	0.0466424976728938	0.0652036450983545	0.0185611474254607	0.0194692414756833	1.76716791010578	0.187130502089479	FALSE	TRUE	FALSE	FALSE	incremental same-TCGA association after categorical ECMS adjustment; not causal	0.419172324680433	0.419172324680446
hybrid_94_extension	conditional_sensitivity_only	FALSE	94	Estrogen	Factor5	standardized_PROGENy ~ ECMS	standardized_PROGENy ~ ECMS + standardized_MOFA_factor	-0.144340679037762	0.109577916666138	-1.31724241005183	0.191138661796284	0.0466424976728938	0.0648735502729152	0.0182310526000214	0.0191229969403085	1.73512756683918	0.191138661796281	FALSE	TRUE	FALSE	FALSE	incremental same-TCGA association after categorical ECMS adjustment; not causal	0.419755492572226	0.419755492572231
hybrid_94_extension	conditional_sensitivity_only	FALSE	94	VEGF	Factor1	standardized_PROGENy ~ ECMS	standardized_PROGENy ~ ECMS + standardized_MOFA_factor	-0.1373092771944	0.105391150293228	-1.3028539570198	0.195985554635983	0.268650843360739	0.282338252966605	0.0136874096058666	0.0187152873311071	1.69742843332213	0.195985554635985	FALSE	TRUE	FALSE	FALSE	incremental same-TCGA association after categorical ECMS adjustment; not causal	0.422122733062121	0.422122733062117
hybrid_94_extension	conditional_sensitivity_only	FALSE	94	EGFR	Factor1	standardized_PROGENy ~ ECMS	standardized_PROGENy ~ ECMS + standardized_MOFA_factor	-0.133562853057102	0.104404342009572	-1.27928446735345	0.204122131016505	0.282764000863075	0.295714689946216	0.0129506890831407	0.0180563846470683	1.63656874841177	0.204122131016508	FALSE	TRUE	FALSE	FALSE	incremental same-TCGA association after categorical ECMS adjustment; not causal	0.428989084963954	0.428989084963953
hybrid_94_extension	conditional_sensitivity_only	FALSE	94	Trail	Factor1	standardized_PROGENy ~ ECMS	standardized_PROGENy ~ ECMS + standardized_MOFA_factor	0.131827820913574	0.103672156177631	1.27158367081419	0.20683402310762	0.292941927282332	0.305558333062694	0.0126164057803626	0.0178435212992758	1.61692503188128	0.206834023107621	FALSE	TRUE	FALSE	FALSE	incremental same-TCGA association after categorical ECMS adjustment; not causal	0.428989084963954	0.428989084963953
hybrid_94_extension	conditional_sensitivity_only	FALSE	94	NFkB	Factor5	standardized_PROGENy ~ ECMS	standardized_PROGENy ~ ECMS + standardized_MOFA_factor	0.123010796187664	0.106502313438644	1.15500586058659	0.251179666953395	0.103389613079198	0.11663061092533	0.013240997846132	0.0147678390070911	1.33403853798938	0.251179666953395	FALSE	TRUE	FALSE	FALSE	incremental same-TCGA association after categorical ECMS adjustment; not causal	0.511493139977822	0.511493139977823
hybrid_94_extension	conditional_sensitivity_only	FALSE	94	TNFa	Factor7	standardized_PROGENy ~ ECMS	standardized_PROGENy ~ ECMS + standardized_MOFA_factor	-0.109123750396832	0.0996311505036066	-1.09527742925022	0.276350264422851	0.126041287048956	0.137664720243089	0.0116234331941327	0.0132997509171624	1.19963264702497	0.276350264422852	FALSE	TRUE	FALSE	FALSE	incremental same-TCGA association after categorical ECMS adjustment; not causal	0.552700528845703	0.552700528845703
hybrid_94_extension	conditional_sensitivity_only	FALSE	94	Hypoxia	Factor7	standardized_PROGENy ~ ECMS	standardized_PROGENy ~ ECMS + standardized_MOFA_factor	-0.102725832767563	0.0964076659776204	-1.0655359376858	0.289515631043075	0.182261915032521	0.192562341308972	0.0103004262764503	0.0125962413464697	1.13536683449997	0.289515631043069	FALSE	TRUE	FALSE	FALSE	incremental same-TCGA association after categorical ECMS adjustment; not causal	0.563540762182925	0.563540762182939
hybrid_94_extension	conditional_sensitivity_only	FALSE	94	VEGF	Factor2	standardized_PROGENy ~ ECMS	standardized_PROGENy ~ ECMS + standardized_MOFA_factor	0.0987204258373452	0.0949328837411456	1.03989705091575	0.301204552310721	0.268650843360739	0.277430355810364	0.00877951244962538	0.0120045430693727	1.08138587650325	0.301204552310726	FALSE	TRUE	FALSE	FALSE	incremental same-TCGA association after categorical ECMS adjustment; not causal	0.563540762182925	0.563540762182939
hybrid_94_extension	conditional_sensitivity_only	FALSE	94	MAPK	Factor7	standardized_PROGENy ~ ECMS	standardized_PROGENy ~ ECMS + standardized_MOFA_factor	-0.0984035025620541	0.0947064617615569	-1.03903683794887	0.301602194830577	0.211355067090341	0.220806920351516	0.00945185326117418	0.0119849286627661	1.07959755061474	0.301602194830588	FALSE	TRUE	FALSE	FALSE	incremental same-TCGA association after categorical ECMS adjustment; not causal	0.563540762182925	0.563540762182939
hybrid_94_extension	conditional_sensitivity_only	FALSE	94	TGFb	Factor1	standardized_PROGENy ~ ECMS	standardized_PROGENy ~ ECMS + standardized_MOFA_factor	0.106336019820002	0.102403723080035	1.03839993919844	0.301896836883717	0.31423857282974	0.322447422513001	0.00820884968326174	0.011970416179771	1.07827443372735	0.30189683688371	FALSE	TRUE	FALSE	FALSE	incremental same-TCGA association after categorical ECMS adjustment; not causal	0.563540762182925	0.563540762182939
hybrid_94_extension	conditional_sensitivity_only	FALSE	94	Trail	Factor8	standardized_PROGENy ~ ECMS	standardized_PROGENy ~ ECMS + standardized_MOFA_factor	0.0918673386738771	0.0917478204351255	1.00130268204939	0.319395140440107	0.292941927282332	0.300818381525693	0.00787645424336153	0.0111397557672842	1.00260706107933	0.3193951404401	FALSE	TRUE	FALSE	FALSE	incremental same-TCGA association after categorical ECMS adjustment; not causal	0.579560734423	0.579560734423006
hybrid_94_extension	conditional_sensitivity_only	FALSE	94	Hypoxia	Factor4	standardized_PROGENy ~ ECMS	standardized_PROGENy ~ ECMS + standardized_MOFA_factor	-0.0955276847015812	0.0960173258984408	-0.994900491215747	0.32248195021746	0.182261915032521	0.191256478665321	0.00899456363280021	0.0109993209294611	0.989826987421356	0.322481950217454	FALSE	TRUE	FALSE	TRUE	level-factor soft QC; technical/background only, not a biological ECMS axis	0.579560734423	0.579560734423006
hybrid_94_extension	conditional_sensitivity_only	FALSE	94	Androgen	Factor4	standardized_PROGENy ~ ECMS	standardized_PROGENy ~ ECMS + standardized_MOFA_factor	-0.103203422865349	0.104494210684687	-0.987647279108767	0.326002913112941	0.0316551035117241	0.0421531815700637	0.0104980780583396	0.0108412592418374	0.975447147930965	0.326002913112937	FALSE	TRUE	FALSE	TRUE	level-factor soft QC; technical/background only, not a biological ECMS axis	0.579560734423	0.579560734423006
hybrid_94_extension	conditional_sensitivity_only	FALSE	94	TGFb	Factor8	standardized_PROGENy ~ ECMS	standardized_PROGENy ~ ECMS + standardized_MOFA_factor	-0.0861487427402337	0.0904030083223242	-0.952941106042375	0.343200877223345	0.31423857282974	0.321164953732857	0.0069263809031172	0.0101002777769207	0.90809675158529	0.343200877223339	FALSE	TRUE	FALSE	FALSE	incremental same-TCGA association after categorical ECMS adjustment; not causal	0.593047964735993	0.593047964736006
hybrid_94_extension	conditional_sensitivity_only	FALSE	94	p53	Factor2	standardized_PROGENy ~ ECMS	standardized_PROGENy ~ ECMS + standardized_MOFA_factor	-0.0995816373470643	0.10471250041598	-0.951000472259443	0.344179622391432	0.111956222690762	0.120889583693772	0.00893336100300989	0.0100595952939143	0.904401898237712	0.344179622391424	FALSE	TRUE	FALSE	FALSE	incremental same-TCGA association after categorical ECMS adjustment; not causal	0.593047964735993	0.593047964736006
hybrid_94_extension	conditional_sensitivity_only	FALSE	94	JAK-STAT	Factor6	standardized_PROGENy ~ ECMS	standardized_PROGENy ~ ECMS + standardized_MOFA_factor	-0.107112033481871	0.117189230429766	-0.914009189147001	0.36318157774054	0.0806585259961662	0.0892078230835066	0.0085492970873404	0.00929937061373644	0.835412797845192	0.363181577740531	FALSE	TRUE	FALSE	FALSE	incremental same-TCGA association after categorical ECMS adjustment; not causal	0.616308131923325	0.616308131923341
hybrid_94_extension	conditional_sensitivity_only	FALSE	94	EGFR	Factor4	standardized_PROGENy ~ ECMS	standardized_PROGENy ~ ECMS + standardized_MOFA_factor	0.0802885111827201	0.0900208360292089	0.891888086405564	0.374857941463503	0.282764000863075	0.289117725721506	0.006353724858431	0.00885862514719933	0.795464358672191	0.3748579414635	FALSE	TRUE	FALSE	TRUE	level-factor soft QC; technical/background only, not a biological ECMS axis	0.626628200655403	0.626628200655409
hybrid_94_extension	conditional_sensitivity_only	FALSE	94	p53	Factor3	standardized_PROGENy ~ ECMS	standardized_PROGENy ~ ECMS + standardized_MOFA_factor	0.101019461712381	0.122336357829174	0.825751751195997	0.411152969203234	0.111956222690762	0.118708165366118	0.00675194267535606	0.00760316422216747	0.68186595460328	0.411152969203226	FALSE	TRUE	FALSE	FALSE	incremental same-TCGA association after categorical ECMS adjustment; not causal	0.66333812531944	0.663338125319457
hybrid_94_extension	conditional_sensitivity_only	FALSE	94	VEGF	Factor6	standardized_PROGENy ~ ECMS	standardized_PROGENy ~ ECMS + standardized_MOFA_factor	-0.0846685093622307	0.104628146083754	-0.80923262555426	0.420539503060204	0.268650843360739	0.27399276739899	0.00534192403825179	0.00730420482440878	0.654857442261417	0.420539503060213	FALSE	TRUE	FALSE	FALSE	incremental same-TCGA association after categorical ECMS adjustment; not causal	0.66333812531944	0.663338125319457
hybrid_94_extension	conditional_sensitivity_only	FALSE	94	NFkB	Factor7	standardized_PROGENy ~ ECMS	standardized_PROGENy ~ ECMS + standardized_MOFA_factor	-0.0817537176066931	0.10122159094387	-0.807670743409153	0.421433574027009	0.103389613079198	0.109913566894577	0.00652395381537865	0.00727624162127281	0.652332029759062	0.421433574027021	FALSE	TRUE	FALSE	FALSE	incremental same-TCGA association after categorical ECMS adjustment; not causal	0.66333812531944	0.663338125319457
hybrid_94_extension	conditional_sensitivity_only	FALSE	94	p53	Factor1	standardized_PROGENy ~ ECMS	standardized_PROGENy ~ ECMS + standardized_MOFA_factor	0.0939356542225712	0.116812510434338	0.804157481705473	0.423448815952627	0.111956222690762	0.118362156262973	0.0064059335722112	0.00721353353955263	0.646669255382876	0.423448815952631	FALSE	TRUE	FALSE	FALSE	incremental same-TCGA association after categorical ECMS adjustment; not causal	0.66333812531944	0.663338125319457
hybrid_94_extension	conditional_sensitivity_only	FALSE	94	TGFb	Factor7	standardized_PROGENy ~ ECMS	standardized_PROGENy ~ ECMS + standardized_MOFA_factor	-0.0702726578381874	0.0885343636763112	-0.793733132765374	0.429461982515467	0.31423857282974	0.319058812316456	0.00482023948671689	0.00702903268649452	0.630012286049556	0.42946198251546	FALSE	TRUE	FALSE	FALSE	incremental same-TCGA association after categorical ECMS adjustment; not causal	0.66333812531944	0.663338125319457
hybrid_94_extension	conditional_sensitivity_only	FALSE	94	TNFa	Factor6	standardized_PROGENy ~ ECMS	standardized_PROGENy ~ ECMS + standardized_MOFA_factor	-0.0902298311119884	0.114396015134282	-0.788749774247587	0.432354313824289	0.126041287048956	0.1321080100964	0.00606672304744405	0.00694165863620594	0.62212620637565	0.432354313824278	FALSE	TRUE	FALSE	FALSE	incremental same-TCGA association after categorical ECMS adjustment; not causal	0.66333812531944	0.663338125319457
hybrid_94_extension	conditional_sensitivity_only	FALSE	94	Hypoxia	Factor5	standardized_PROGENy ~ ECMS	standardized_PROGENy ~ ECMS + standardized_MOFA_factor	-0.0740697124147697	0.102168351083977	-0.724977075864603	0.470367899137287	0.182261915032521	0.187062736688964	0.00480082165644297	0.00587085491638058	0.525591760529206	0.470367899137281	FALSE	TRUE	FALSE	FALSE	incremental same-TCGA association after categorical ECMS adjustment; not causal	0.707938967204461	0.70793896720446
hybrid_94_extension	conditional_sensitivity_only	FALSE	94	EGFR	Factor2	standardized_PROGENy ~ ECMS	standardized_PROGENy ~ ECMS + standardized_MOFA_factor	0.0678013246822705	0.0943084121533573	0.718931886712471	0.474066272681558	0.282764000863075	0.286905262955674	0.00414126209259874	0.00577391834428566	0.516863057731952	0.474066272681559	FALSE	TRUE	FALSE	FALSE	incremental same-TCGA association after categorical ECMS adjustment; not causal	0.707938967204461	0.70793896720446
hybrid_94_extension	conditional_sensitivity_only	FALSE	94	Estrogen	Factor7	standardized_PROGENy ~ ECMS	standardized_PROGENy ~ ECMS + standardized_MOFA_factor	-0.0739311865974219	0.104463926093247	-0.707719778131154	0.480968531311436	0.0466424976728938	0.051977703885989	0.00533520621309518	0.00559622827750572	0.500867284358052	0.480968531311418	FALSE	TRUE	FALSE	FALSE	incremental same-TCGA association after categorical ECMS adjustment; not causal	0.708795730353668	0.708795730353695
hybrid_94_extension	conditional_sensitivity_only	FALSE	94	PI3K	Factor4	standardized_PROGENy ~ ECMS	standardized_PROGENy ~ ECMS + standardized_MOFA_factor	-0.0705782780232518	0.101294163874066	-0.69676549293598	0.487765477231513	0.0950115738121438	0.0999213727901073	0.00490979897796352	0.00542526162311865	0.485482152146314	0.487765477231516	FALSE	TRUE	FALSE	TRUE	level-factor soft QC; technical/background only, not a biological ECMS axis	0.709477057791296	0.709477057791292
hybrid_94_extension	conditional_sensitivity_only	FALSE	94	JAK-STAT	Factor5	standardized_PROGENy ~ ECMS	standardized_PROGENy ~ ECMS + standardized_MOFA_factor	-0.0699432109876501	0.10839588944073	-0.645257042019978	0.520420615936225	0.0806585259961662	0.0849393304363816	0.00428080444021538	0.00465638129167827	0.416356650276416	0.520420615936203	FALSE	TRUE	FALSE	FALSE	incremental same-TCGA association after categorical ECMS adjustment; not causal	0.727327643337941	0.727327643337931
hybrid_94_extension	conditional_sensitivity_only	FALSE	94	JAK-STAT	Factor8	standardized_PROGENy ~ ECMS	standardized_PROGENy ~ ECMS + standardized_MOFA_factor	0.0676958595022642	0.104960675632187	0.644964021949426	0.520609608835655	0.0806585259961662	0.0849354614584571	0.00427693546229094	0.00465217286854732	0.415978589609222	0.520609608835633	FALSE	TRUE	FALSE	FALSE	incremental same-TCGA association after categorical ECMS adjustment; not causal	0.727327643337941	0.727327643337931
hybrid_94_extension	conditional_sensitivity_only	FALSE	94	p53	Factor4	standardized_PROGENy ~ ECMS	standardized_PROGENy ~ ECMS + standardized_MOFA_factor	0.0643361595678697	0.10038330706094	0.640904961706562	0.523231327323655	0.111956222690762	0.116035956810284	0.00407973411952238	0.00459406869769858	0.41075916994009	0.523231327323655	FALSE	TRUE	FALSE	TRUE	level-factor soft QC; technical/background only, not a biological ECMS axis	0.727327643337941	0.727327643337931
hybrid_94_extension	conditional_sensitivity_only	FALSE	94	MAPK	Factor8	standardized_PROGENy ~ ECMS	standardized_PROGENy ~ ECMS + standardized_MOFA_factor	-0.0618910033995435	0.0972198520331315	-0.636608697763206	0.526013742056897	0.211355067090341	0.214929964070664	0.00357489698032235	0.0045329613253622	0.405270634067752	0.526013742056904	FALSE	TRUE	FALSE	FALSE	incremental same-TCGA association after categorical ECMS adjustment; not causal	0.727327643337941	0.727327643337931
hybrid_94_extension	conditional_sensitivity_only	FALSE	94	WNT	Factor4	standardized_PROGENy ~ ECMS	standardized_PROGENy ~ ECMS + standardized_MOFA_factor	-0.0567210275451629	0.0968686138395748	-0.585545981272109	0.559662507355721	0.173681196065668	0.176852294874026	0.00317109880835814	0.00383762150063591	0.342864096183911	0.559662507355725	FALSE	TRUE	FALSE	TRUE	level-factor soft QC; technical/background only, not a biological ECMS axis	0.753644824459865	0.753644824459895
hybrid_94_extension	conditional_sensitivity_only	FALSE	94	NFkB	Factor8	standardized_PROGENy ~ ECMS	standardized_PROGENy ~ ECMS + standardized_MOFA_factor	0.0603375028439513	0.103699867134486	0.581847446011678	0.562140379323216	0.103389613079198	0.106787298355838	0.00339768527663938	0.0037894779340087	0.338546450430274	0.562140379323239	FALSE	TRUE	FALSE	FALSE	incremental same-TCGA association after categorical ECMS adjustment; not causal	0.753644824459865	0.753644824459895
hybrid_94_extension	conditional_sensitivity_only	FALSE	94	Trail	Factor6	standardized_PROGENy ~ ECMS	standardized_PROGENy ~ ECMS + standardized_MOFA_factor	0.0594910688299996	0.103060949104653	0.577241616216727	0.565233618344921	0.292941927282332	0.295579214462523	0.00263728718019163	0.00372994423223948	0.333207883492537	0.565233618344899	FALSE	TRUE	FALSE	FALSE	incremental same-TCGA association after categorical ECMS adjustment; not causal	0.753644824459865	0.753644824459895
hybrid_94_extension	conditional_sensitivity_only	FALSE	94	TNFa	Factor8	standardized_PROGENy ~ ECMS	standardized_PROGENy ~ ECMS + standardized_MOFA_factor	0.0574823289898222	0.102394978906343	0.561378395735589	0.575950452634026	0.126041287048956	0.12912502308265	0.00308373603369377	0.00352846878004237	0.315145703198656	0.57595045263403	FALSE	TRUE	FALSE	FALSE	incremental same-TCGA association after categorical ECMS adjustment; not causal	0.75889941994131	0.758899419941305
hybrid_94_extension	conditional_sensitivity_only	FALSE	94	Trail	Factor7	standardized_PROGENy ~ ECMS	standardized_PROGENy ~ ECMS + standardized_MOFA_factor	-0.0483137896857396	0.0900707419092472	-0.536398264981755	0.593021567805533	0.292941927282332	0.295220369744135	0.0022784424618037	0.00322242620474753	0.287723098675455	0.593021567805522	FALSE	TRUE	FALSE	FALSE	incremental same-TCGA association after categorical ECMS adjustment; not causal	0.760881609900312	0.760881609900299
hybrid_94_extension	conditional_sensitivity_only	FALSE	94	JAK-STAT	Factor4	standardized_PROGENy ~ ECMS	standardized_PROGENy ~ ECMS + standardized_MOFA_factor	-0.0540729026925681	0.102211756655184	-0.529028210277075	0.59810285960082	0.0806585259961662	0.0835404396326578	0.00288191363649166	0.00313475864842757	0.27987084726898	0.59810285960081	FALSE	TRUE	FALSE	TRUE	level-factor soft QC; technical/background only, not a biological ECMS axis	0.760881609900312	0.760881609900299
hybrid_94_extension	conditional_sensitivity_only	FALSE	94	WNT	Factor8	standardized_PROGENy ~ ECMS	standardized_PROGENy ~ ECMS + standardized_MOFA_factor	0.0520985827309883	0.0995881966144565	0.523140136101485	0.602176787632497	0.173681196065668	0.1762143425345	0.0025331464688321	0.00306558008455222	0.273675602000312	0.602176787632476	FALSE	TRUE	FALSE	FALSE	incremental same-TCGA association after categorical ECMS adjustment; not causal	0.760881609900312	0.760881609900299
hybrid_94_extension	conditional_sensitivity_only	FALSE	94	WNT	Factor1	standardized_PROGENy ~ ECMS	standardized_PROGENy ~ ECMS + standardized_MOFA_factor	-0.0583753021088187	0.112918988452481	-0.516966215415438	0.606462097795375	0.173681196065668	0.176155082643943	0.00247388657827463	0.00299386455505523	0.267254067880918	0.606462097795405	FALSE	TRUE	FALSE	FALSE	incremental same-TCGA association after categorical ECMS adjustment; not causal	0.760881609900312	0.760881609900299
hybrid_94_extension	conditional_sensitivity_only	FALSE	94	MAPK	Factor6	standardized_PROGENy ~ ECMS	standardized_PROGENy ~ ECMS + standardized_MOFA_factor	0.0555166035738262	0.108889378942369	0.509844064802768	0.611422722241312	0.211355067090341	0.213651742698059	0.00229667560771799	0.00291217950167325	0.259940970414594	0.611422722241322	FALSE	TRUE	FALSE	FALSE	incremental same-TCGA association after categorical ECMS adjustment; not causal	0.760881609900312	0.760881609900299
hybrid_94_extension	conditional_sensitivity_only	FALSE	94	WNT	Factor7	standardized_PROGENy ~ ECMS	standardized_PROGENy ~ ECMS + standardized_MOFA_factor	0.048261167385743	0.0973940929855637	0.495524583743457	0.621451211048548	0.173681196065668	0.175954677973186	0.00227348190751794	0.00275133749431003	0.245544613094173	0.621451211048515	FALSE	TRUE	FALSE	FALSE	incremental same-TCGA association after categorical ECMS adjustment; not causal	0.764863028982787	0.764863028982828
hybrid_94_extension	conditional_sensitivity_only	FALSE	94	EGFR	Factor8	standardized_PROGENy ~ ECMS	standardized_PROGENy ~ ECMS + standardized_MOFA_factor	-0.0421751806085544	0.0928172337872194	-0.454389544782596	0.65065476187444	0.282764000863075	0.284424055514064	0.00166005465098878	0.00231451663467309	0.206469858407815	0.650654761874377	FALSE	TRUE	FALSE	FALSE	incremental same-TCGA association after categorical ECMS adjustment; not causal	0.792101449238372	0.792101449238449
hybrid_94_extension	conditional_sensitivity_only	FALSE	94	NFkB	Factor6	standardized_PROGENy ~ ECMS	standardized_PROGENy ~ ECMS + standardized_MOFA_factor	-0.0514734823787368	0.116145196739962	-0.443182187671358	0.658709376316452	0.103389613079198	0.105363948705439	0.0019743356262401	0.00220199950283923	0.196410451469201	0.658709376316427	FALSE	TRUE	FALSE	FALSE	incremental same-TCGA association after categorical ECMS adjustment; not causal	0.793284410187525	0.793284410187555
hybrid_94_extension	conditional_sensitivity_only	FALSE	94	PI3K	Factor8	standardized_PROGENy ~ ECMS	standardized_PROGENy ~ ECMS + standardized_MOFA_factor	-0.0445715644873515	0.104274217289612	-0.427445687399005	0.670087156681287	0.0950115738121438	0.0968656357584499	0.00185406194630604	0.00204871343395631	0.182709815676031	0.670087156681267	FALSE	TRUE	FALSE	FALSE	incremental same-TCGA association after categorical ECMS adjustment; not causal	0.798401718598957	0.79840171859898
hybrid_94_extension	conditional_sensitivity_only	FALSE	94	Estrogen	Factor4	standardized_PROGENy ~ ECMS	standardized_PROGENy ~ ECMS + standardized_MOFA_factor	0.0428166513594746	0.104150205528219	0.41110481868299	0.6819838915391	0.0466424976728938	0.0484494512370349	0.00180695356414103	0.00189535778522782	0.169007171944435	0.681983891539046	FALSE	TRUE	FALSE	TRUE	level-factor soft QC; technical/background only, not a biological ECMS axis	0.804023114235507	0.80402311423557
hybrid_94_extension	conditional_sensitivity_only	FALSE	94	TGFb	Factor4	standardized_PROGENy ~ ECMS	standardized_PROGENy ~ ECMS + standardized_MOFA_factor	0.031418781534553	0.0883532266103356	0.355604234728397	0.722978422015125	0.31423857282974	0.315211544671368	0.000972971841628034	0.00141881972808375	0.12645437175683	0.722978422015061	FALSE	TRUE	FALSE	TRUE	level-factor soft QC; technical/background only, not a biological ECMS axis	0.843474825684238	0.843474825684313
hybrid_94_extension	conditional_sensitivity_only	FALSE	94	NFkB	Factor4	standardized_PROGENy ~ ECMS	standardized_PROGENy ~ ECMS + standardized_MOFA_factor	-0.0301535503897517	0.101048280796298	-0.298407356880598	0.766087856610198	0.103389613079198	0.104285799800245	0.000896186721046702	0.000999527480519655	0.0890469506404678	0.766087856610193	FALSE	TRUE	FALSE	TRUE	level-factor soft QC; technical/background only, not a biological ECMS axis	0.8844299825241	0.884429982523984
hybrid_94_extension	conditional_sensitivity_only	FALSE	94	Hypoxia	Factor8	standardized_PROGENy ~ ECMS	standardized_PROGENy ~ ECMS + standardized_MOFA_factor	0.0278436367780067	0.0991780693596777	0.280743887814849	0.779558438438359	0.182261915032521	0.18298545146319	0.000723536430668526	0.000884802168285094	0.0788171305453642	0.779558438438404	FALSE	TRUE	FALSE	FALSE	incremental same-TCGA association after categorical ECMS adjustment; not causal	0.8844299825241	0.884429982523984
hybrid_94_extension	conditional_sensitivity_only	FALSE	94	PI3K	Factor7	standardized_PROGENy ~ ECMS	standardized_PROGENy ~ ECMS + standardized_MOFA_factor	-0.0283464504159834	0.102021171403486	-0.277848705577739	0.781772930981022	0.0950115738121438	0.0957958936938509	0.00078431988170713	0.000866662886519967	0.0771999031911505	0.781772930981124	FALSE	TRUE	FALSE	FALSE	incremental same-TCGA association after categorical ECMS adjustment; not causal	0.8844299825241	0.884429982523984
hybrid_94_extension	conditional_sensitivity_only	FALSE	94	WNT	Factor5	standardized_PROGENy ~ ECMS	standardized_PROGENy ~ ECMS + standardized_MOFA_factor	-0.0220083812556159	0.102979380639617	-0.213716387872205	0.831257071372922	0.173681196065668	0.174105044377374	0.000423848311706054	0.000512935576060953	0.0456746944451353	0.831257071372935	FALSE	TRUE	FALSE	FALSE	incremental same-TCGA association after categorical ECMS adjustment; not causal	0.931007919937688	0.931007919937672
hybrid_94_extension	conditional_sensitivity_only	FALSE	94	Androgen	Factor8	standardized_PROGENy ~ ECMS	standardized_PROGENy ~ ECMS + standardized_MOFA_factor	0.0207090181084981	0.107950837680304	0.19183749337664	0.848306512408233	0.0316551035117241	0.03205534997164	0.000400246459915932	0.00041333047901366	0.036801623865063	0.848306512408171	FALSE	TRUE	FALSE	FALSE	incremental same-TCGA association after categorical ECMS adjustment; not causal	0.934134631699782	0.934134631699728
hybrid_94_extension	conditional_sensitivity_only	FALSE	94	TGFb	Factor6	standardized_PROGENy ~ ECMS	standardized_PROGENy ~ ECMS + standardized_MOFA_factor	-0.0179482371033874	0.101669001504423	-0.176535982824683	0.860273981467354	0.31423857282974	0.314478620489648	0.000240047659908871	0.000350045439125103	0.0311649532318655	0.860273981467379	FALSE	TRUE	FALSE	FALSE	incremental same-TCGA association after categorical ECMS adjustment; not causal	0.934134631699782	0.934134631699728
hybrid_94_extension	conditional_sensitivity_only	FALSE	94	VEGF	Factor8	standardized_PROGENy ~ ECMS	standardized_PROGENy ~ ECMS + standardized_MOFA_factor	-0.0148231477878616	0.0938214720212931	-0.157993127463375	0.874820134223968	0.268650843360739	0.268855907330655	0.000205063969916042	0.000280391339833307	0.0249618283256111	0.874820134224085	FALSE	TRUE	FALSE	FALSE	incremental same-TCGA association after categorical ECMS adjustment; not causal	0.934134631699782	0.934134631699728
hybrid_94_extension	conditional_sensitivity_only	FALSE	94	p53	Factor8	standardized_PROGENy ~ ECMS	standardized_PROGENy ~ ECMS + standardized_MOFA_factor	-0.0162333995309053	0.103385062936133	-0.15701880977655	0.875585684896034	0.111956222690762	0.112202161711028	0.00024593902026615	0.000276944703121892	0.0246549066236206	0.875585684896093	FALSE	TRUE	FALSE	FALSE	incremental same-TCGA association after categorical ECMS adjustment; not causal	0.934134631699782	0.934134631699728
hybrid_94_extension	conditional_sensitivity_only	FALSE	94	Androgen	Factor7	standardized_PROGENy ~ ECMS	standardized_PROGENy ~ ECMS + standardized_MOFA_factor	0.0165531544054837	0.105563095641657	0.156808156343527	0.875751217218495	0.0316551035117241	0.0319225626179638	0.000267459106239654	0.00027620231924555	0.0245887978958359	0.875751217218546	FALSE	TRUE	FALSE	FALSE	incremental same-TCGA association after categorical ECMS adjustment; not causal	0.934134631699782	0.934134631699728
hybrid_94_extension	conditional_sensitivity_only	FALSE	94	Hypoxia	Factor1	standardized_PROGENy ~ ECMS	standardized_PROGENy ~ ECMS + standardized_MOFA_factor	0.0140541354893625	0.112489834317926	0.12493693829828	0.900855243552646	0.182261915032521	0.182405308634497	0.000143393601975572	0.00017535394842381	0.0156092385513251	0.900855243552719	FALSE	TRUE	FALSE	FALSE	incremental same-TCGA association after categorical ECMS adjustment; not causal	0.943248359210681	0.943248359210776
hybrid_94_extension	conditional_sensitivity_only	FALSE	94	Estrogen	Factor8	standardized_PROGENy ~ ECMS	standardized_PROGENy ~ ECMS + standardized_MOFA_factor	0.0133453537621586	0.107124988176017	0.124577411763453	0.901139057460295	0.0466424976728938	0.0468087120800744	0.000166214407180537	0.000174346356718036	0.0155195315217093	0.901139057460205	FALSE	TRUE	FALSE	FALSE	incremental same-TCGA association after categorical ECMS adjustment; not causal	0.943248359210681	0.943248359210776
hybrid_94_extension	conditional_sensitivity_only	FALSE	94	PI3K	Factor6	standardized_PROGENy ~ ECMS	standardized_PROGENy ~ ECMS + standardized_MOFA_factor	-0.00595237921919424	0.116813553078415	-0.0509562380591102	0.959474582639532	0.0950115738121438	0.095037975704987	2.64018928431559e-05	2.91737353530258e-05	0.00259653819715838	0.959474582639363	FALSE	TRUE	FALSE	FALSE	incremental same-TCGA association after categorical ECMS adjustment; not causal	0.978078580826537	0.978078580826737
hybrid_94_extension	conditional_sensitivity_only	FALSE	94	TNFa	Factor4	standardized_PROGENy ~ ECMS	standardized_PROGENy ~ ECMS + standardized_MOFA_factor	-0.00483105797705913	0.0998122720683006	-0.0484014427980688	0.961504761077717	0.126041287048956	0.126064291193812	2.30041448561202e-05	2.63217752912418e-05	0.00234269966492251	0.961504761077817	FALSE	TRUE	FALSE	TRUE	level-factor soft QC; technical/background only, not a biological ECMS axis	0.978078580826537	0.978078580826737
hybrid_94_extension	conditional_sensitivity_only	FALSE	94	WNT	Factor2	standardized_PROGENy ~ ECMS	standardized_PROGENy ~ ECMS + standardized_MOFA_factor	0.00410974171762028	0.101518837652523	0.0404825529197553	0.967799092659867	0.173681196065668	0.173696411537231	1.52154715630515e-05	1.84135608322193e-05	0.00163883709093432	0.967799092659538	FALSE	TRUE	FALSE	FALSE	incremental same-TCGA association after categorical ECMS adjustment; not causal	0.978078580826537	0.978078580826737
hybrid_94_extension	conditional_sensitivity_only	FALSE	94	EGFR	Factor7	standardized_PROGENy ~ ECMS	standardized_PROGENy ~ ECMS + standardized_MOFA_factor	-0.00350157881644364	0.0908624587113038	-0.0385371347650756	0.96934573635507	0.282764000863075	0.282775968920637	1.19680575612069e-05	1.66863592675332e-05	0.00148511075592075	0.969345736354872	FALSE	TRUE	FALSE	FALSE	incremental same-TCGA association after categorical ECMS adjustment; not causal	0.978078580826537	0.978078580826737
hybrid_94_extension	conditional_sensitivity_only	FALSE	94	MAPK	Factor1	standardized_PROGENy ~ ECMS	standardized_PROGENy ~ ECMS + standardized_MOFA_factor	0.00199885146228036	0.110480137392073	0.0180924056528533	0.985605634818591	0.211355067090341	0.211357967654969	2.90056462790012e-06	3.67790942014761e-06	0.000327335142280619	0.98560563481918	FALSE	TRUE	FALSE	FALSE	incremental same-TCGA association after categorical ECMS adjustment; not causal	0.98560563481918	0.985605634818591
official_anchor_78	primary	TRUE	78	p53	Factor6	standardized_PROGENy ~ ECMS	standardized_PROGENy ~ ECMS + standardized_MOFA_factor	-0.837394942190716	0.0928671962829409	-9.01712311459693	1.72948299161651e-13	0.152470481511286	0.599052215948073	0.446581734436788	0.52692174690637	81.3085092637984	1.72948299161647e-13	FALSE	TRUE	FALSE	FALSE	incremental same-TCGA association after categorical ECMS adjustment; not causal	1.93702095061044e-11	1.93702095061049e-11
official_anchor_78	primary	TRUE	78	VEGF	Factor3	standardized_PROGENy ~ ECMS	standardized_PROGENy ~ ECMS + standardized_MOFA_factor	0.686187648791644	0.0877702313351157	7.81799977456718	3.09324768812002e-11	0.291060092396062	0.614135245278666	0.323075152882604	0.455715850408997	61.1211204751325	3.09324768812002e-11	FALSE	TRUE	FALSE	FALSE	incremental same-TCGA association after categorical ECMS adjustment; not causal	1.73221870534721e-09	1.73221870534721e-09
official_anchor_78	primary	TRUE	78	VEGF	Factor5	standardized_PROGENy ~ ECMS	standardized_PROGENy ~ ECMS + standardized_MOFA_factor	0.537013605244749	0.0865240298495728	6.20652558807512	2.96498945084368e-08	0.291060092396062	0.535938236965544	0.244878144569482	0.345414529416345	38.5209598754312	2.96498945084364e-08	FALSE	TRUE	FALSE	FALSE	incremental same-TCGA association after categorical ECMS adjustment; not causal	1.10692939498163e-06	1.10692939498164e-06
official_anchor_78	primary	TRUE	78	EGFR	Factor3	standardized_PROGENy ~ ECMS	standardized_PROGENy ~ ECMS + standardized_MOFA_factor	0.585251137388912	0.0959648943895315	6.098596170109	4.64086580917314e-08	0.303700537550027	0.538719171767308	0.235018634217281	0.337525227134821	37.1928752460681	4.64086580917326e-08	FALSE	TRUE	FALSE	FALSE	incremental same-TCGA association after categorical ECMS adjustment; not causal	1.29944242656851e-06	1.29944242656848e-06
official_anchor_78	primary	TRUE	78	MAPK	Factor5	standardized_PROGENy ~ ECMS	standardized_PROGENy ~ ECMS + standardized_MOFA_factor	0.506935400438108	0.0970154180771356	5.22530759013016	1.58564307109106e-06	0.19836157722337	0.416576621532585	0.218215044309215	0.272211308875871	27.3038394114719	1.58564307109107e-06	FALSE	TRUE	FALSE	FALSE	incremental same-TCGA association after categorical ECMS adjustment; not causal	3.55184047924399e-05	3.55184047924398e-05
official_anchor_78	primary	TRUE	78	TGFb	Factor3	standardized_PROGENy ~ ECMS	standardized_PROGENy ~ ECMS + standardized_MOFA_factor	0.514913218409239	0.102449785038725	5.02600584485958	3.44964539462191e-06	0.292347776505676	0.47427003833046	0.181922261824784	0.257078626739089	25.2607347525627	3.44964539462187e-06	FALSE	TRUE	FALSE	FALSE	incremental same-TCGA association after categorical ECMS adjustment; not causal	6.43933806996082e-05	6.43933806996091e-05
official_anchor_78	primary	TRUE	78	MAPK	Factor3	standardized_PROGENy ~ ECMS	standardized_PROGENy ~ ECMS + standardized_MOFA_factor	0.54474484156881	0.109267187191558	4.98543849777894	4.03475758703622e-06	0.19836157722337	0.401973881169404	0.203612303946034	0.253995190550851	24.8545970151363	4.03475758703625e-06	FALSE	TRUE	FALSE	FALSE	incremental same-TCGA association after categorical ECMS adjustment; not causal	6.455612139258e-05	6.45561213925795e-05
official_anchor_78	primary	TRUE	78	PI3K	Factor5	standardized_PROGENy ~ ECMS	standardized_PROGENy ~ ECMS + standardized_MOFA_factor	0.484696891863063	0.106722844953286	4.54164140840905	2.15752539508935e-05	0.0944904061809362	0.29397984939351	0.199489443212573	0.220306272373338	20.6265066825756	2.1575253950894e-05	FALSE	TRUE	FALSE	FALSE	incremental same-TCGA association after categorical ECMS adjustment; not causal	0.000302053555312516	0.000302053555312509
official_anchor_78	primary	TRUE	78	EGFR	Factor5	standardized_PROGENy ~ ECMS	standardized_PROGENy ~ ECMS + standardized_MOFA_factor	0.41708284956938	0.0940742278915313	4.43355060059893	3.20946538324268e-05	0.303700537550027	0.451415372200287	0.147714834650261	0.212142680866817	19.6563709280712	3.20946538324268e-05	FALSE	TRUE	FALSE	FALSE	incremental same-TCGA association after categorical ECMS adjustment; not causal	0.000399400136581312	0.000399400136581311
official_anchor_78	primary	TRUE	78	Estrogen	Factor6	standardized_PROGENy ~ ECMS	standardized_PROGENy ~ ECMS + standardized_MOFA_factor	0.550502439570024	0.127391244758015	4.32135222962713	4.82253887693022e-05	0.0525287602192987	0.24552941614634	0.193000655927041	0.203700806761916	18.6740850925035	4.82253887693013e-05	FALSE	TRUE	FALSE	FALSE	incremental same-TCGA association after categorical ECMS adjustment; not causal	0.000540124354216174	0.000540124354216185
official_anchor_78	primary	TRUE	78	Androgen	Factor6	standardized_PROGENy ~ ECMS	standardized_PROGENy ~ ECMS + standardized_MOFA_factor	-0.531327700197008	0.130485158978407	-4.07193970836894	0.000116938535427387	0.0286473148973412	0.208437179409581	0.179789864512239	0.185092260792215	16.5806929885918	0.000116938535427387	FALSE	TRUE	FALSE	FALSE	incremental same-TCGA association after categorical ECMS adjustment; not causal	0.00119064690616976	0.00119064690616976
official_anchor_78	primary	TRUE	78	Trail	Factor4	standardized_PROGENy ~ ECMS	standardized_PROGENy ~ ECMS + standardized_MOFA_factor	-0.336799458878487	0.088428768755275	-3.80870912961113	0.000288691740371456	0.330492222975138	0.441479217606528	0.11098699463139	0.165774018525357	14.5062652339831	0.000288691740371458	FALSE	TRUE	FALSE	TRUE	level-factor soft QC; technical/background only, not a biological ECMS axis	0.00269445624346694	0.00269445624346692
official_anchor_78	primary	TRUE	78	Androgen	Factor5	standardized_PROGENy ~ ECMS	standardized_PROGENy ~ ECMS + standardized_MOFA_factor	-0.429819389177362	0.114627457795258	-3.74970707232366	0.000351872760788878	0.0286473148973412	0.185521489535246	0.156874174637905	0.161500737110049	14.0603031282341	0.000351872760788873	FALSE	TRUE	FALSE	FALSE	incremental same-TCGA association after categorical ECMS adjustment; not causal	0.00303151916987337	0.00303151916987341
official_anchor_78	primary	TRUE	78	Trail	Factor3	standardized_PROGENy ~ ECMS	standardized_PROGENy ~ ECMS + standardized_MOFA_factor	-0.38001879578238	0.106715223659049	-3.56105514051608	0.000654612368020844	0.330492222975138	0.429581787579572	0.0990895646044338	0.148003605043641	12.681113713796	0.00065461236802086	FALSE	TRUE	FALSE	FALSE	incremental same-TCGA association after categorical ECMS adjustment; not causal	0.00523689894416688	0.00523689894416676
official_anchor_78	primary	TRUE	78	Trail	Factor5	standardized_PROGENy ~ ECMS	standardized_PROGENy ~ ECMS + standardized_MOFA_factor	-0.339518398388225	0.0960294564207247	-3.53556513847923	0.000710862715339478	0.330492222975138	0.428374953446537	0.0978827304713992	0.14620103579135	12.5002208484296	0.000710862715339493	FALSE	TRUE	FALSE	FALSE	incremental same-TCGA association after categorical ECMS adjustment; not causal	0.00530777494120154	0.00530777494120144
official_anchor_78	primary	TRUE	78	JAK-STAT	Factor2	standardized_PROGENy ~ ECMS	standardized_PROGENy ~ ECMS + standardized_MOFA_factor	-0.341244982933792	0.108606705036781	-3.14202500497759	0.00242423895823635	0.0927722943770149	0.200847501241504	0.108075206864489	0.119126880930378	9.87232113190439	0.00242423895823637	FALSE	TRUE	FALSE	FALSE	incremental same-TCGA association after categorical ECMS adjustment; not causal	0.0169696727076546	0.0169696727076545
official_anchor_78	primary	TRUE	78	TGFb	Factor5	standardized_PROGENy ~ ECMS	standardized_PROGENy ~ ECMS + standardized_MOFA_factor	-0.304610718309662	0.100722542495488	-3.02425565084704	0.00343875209286605	0.292347776505676	0.371137542401552	0.0787897658958752	0.111339671211402	9.14612224168023	0.00343875209286608	FALSE	TRUE	FALSE	FALSE	incremental same-TCGA association after categorical ECMS adjustment; not causal	0.0226553079059413	0.022655307905941
official_anchor_78	primary	TRUE	78	Hypoxia	Factor3	standardized_PROGENy ~ ECMS	standardized_PROGENy ~ ECMS + standardized_MOFA_factor	0.345479948524512	0.121343998045688	2.84711196341524	0.00572542020840337	0.180578041539295	0.262474186263452	0.0818961447241572	0.0999438004785718	8.10604653222213	0.00572542020840347	FALSE	TRUE	FALSE	FALSE	incremental same-TCGA association after categorical ECMS adjustment; not causal	0.033104562538087	0.0331045625380877
official_anchor_78	primary	TRUE	78	PI3K	Factor3	standardized_PROGENy ~ ECMS	standardized_PROGENy ~ ECMS + standardized_MOFA_factor	0.362195738713796	0.127597100907455	2.83858909127169	0.00586468057916783	0.0944904061809362	0.184503240769123	0.0900128345881872	0.0994057215987635	8.05758802908662	0.00586468057916793	FALSE	TRUE	FALSE	FALSE	incremental same-TCGA association after categorical ECMS adjustment; not causal	0.033104562538087	0.0331045625380877
official_anchor_78	primary	TRUE	78	TGFb	Factor2	standardized_PROGENy ~ ECMS	standardized_PROGENy ~ ECMS + standardized_MOFA_factor	-0.27506120099867	0.0969972205144353	-2.83576374188717	0.00591152902465851	0.292347776505676	0.36256638118829	0.0702186046826134	0.0992275617193432	8.04155599980193	0.00591152902465839	FALSE	TRUE	FALSE	FALSE	incremental same-TCGA association after categorical ECMS adjustment; not causal	0.033104562538087	0.0331045625380877
official_anchor_78	primary	TRUE	78	Estrogen	Factor1	standardized_PROGENy ~ ECMS	standardized_PROGENy ~ ECMS + standardized_MOFA_factor	0.351934929319968	0.1286482052035	2.73563808187814	0.00781130099360399	0.0525287602192987	0.14062863661895	0.0880998763996518	0.0929842223179704	7.48371571502195	0.00781130099360376	FALSE	TRUE	FALSE	FALSE	incremental same-TCGA association after categorical ECMS adjustment; not causal	0.0408873236638676	0.0408873236638677
official_anchor_78	primary	TRUE	78	TNFa	Factor3	standardized_PROGENy ~ ECMS	standardized_PROGENy ~ ECMS + standardized_MOFA_factor	0.340211150543328	0.125050250765706	2.72059550828688	0.00814072373466042	0.137315875128385	0.216733126606425	0.0794172514780401	0.0920583202917511	7.40163991971075	0.0081407237346605	FALSE	TRUE	FALSE	FALSE	incremental same-TCGA association after categorical ECMS adjustment; not causal	0.0408873236638676	0.0408873236638677
official_anchor_78	primary	TRUE	78	VEGF	Factor7	standardized_PROGENy ~ ECMS	standardized_PROGENy ~ ECMS + standardized_MOFA_factor	0.258024057502447	0.0954488355743236	2.7032708775324	0.00853581602878134	0.291060092396062	0.355570756317781	0.0645106639217182	0.0909959549882728	7.30767343731483	0.00853581602878116	FALSE	TRUE	FALSE	FALSE	incremental same-TCGA association after categorical ECMS adjustment; not causal	0.0408873236638676	0.0408873236638677
official_anchor_78	primary	TRUE	78	VEGF	Factor4	standardized_PROGENy ~ ECMS	standardized_PROGENy ~ ECMS + standardized_MOFA_factor	0.255947039613295	0.0950169922154033	2.69369755499167	0.00876156935654308	0.291060092396062	0.355155888006591	0.0640957956105284	0.0904107596751863	7.25600651776811	0.00876156935654305	FALSE	TRUE	FALSE	TRUE	level-factor soft QC; technical/background only, not a biological ECMS axis	0.0408873236638676	0.0408873236638677
official_anchor_78	primary	TRUE	78	Androgen	Factor3	standardized_PROGENy ~ ECMS	standardized_PROGENy ~ ECMS + standardized_MOFA_factor	-0.350009072840512	0.133095617168681	-2.62975656363591	0.0104143583082774	0.0286473148973412	0.112704795612908	0.0840574807155666	0.0865365196439261	6.91561958398615	0.0104143583082773	FALSE	TRUE	FALSE	FALSE	incremental same-TCGA association after categorical ECMS adjustment; not causal	0.0466563252210825	0.0466563252210827
official_anchor_78	primary	TRUE	78	NFkB	Factor1	standardized_PROGENy ~ ECMS	standardized_PROGENy ~ ECMS + standardized_MOFA_factor	-0.309675381453439	0.125364997589376	-2.47019014404449	0.0158407417483976	0.115720148176015	0.183932640309714	0.068212492133699	0.0771390323922891	6.10183934773456	0.0158407417483975	FALSE	TRUE	FALSE	FALSE	incremental same-TCGA association after categorical ECMS adjustment; not causal	0.0682370413777123	0.0682370413777127
official_anchor_78	primary	TRUE	78	p53	Factor7	standardized_PROGENy ~ ECMS	standardized_PROGENy ~ ECMS + standardized_MOFA_factor	0.252796239868971	0.105386635610403	2.39875045260498	0.0190064485270659	0.152470481511286	0.214393530280092	0.0619230487688059	0.0730629994802128	5.7540037338726	0.0190064485270659	FALSE	TRUE	FALSE	FALSE	incremental same-TCGA association after categorical ECMS adjustment; not causal	0.0788415642604214	0.0788415642604213
official_anchor_78	primary	TRUE	78	NFkB	Factor2	standardized_PROGENy ~ ECMS	standardized_PROGENy ~ ECMS + standardized_MOFA_factor	-0.258038509687751	0.110180671316674	-2.34195804585464	0.0219138178202719	0.115720148176015	0.177516462763633	0.0617963145876178	0.069883210004335	5.48476748854324	0.0219138178202723	FALSE	TRUE	FALSE	FALSE	incremental same-TCGA association after categorical ECMS adjustment; not causal	0.085662261485637	0.085662261485638
official_anchor_78	primary	TRUE	78	NFkB	Factor3	standardized_PROGENy ~ ECMS	standardized_PROGENy ~ ECMS + standardized_MOFA_factor	0.299524340641083	0.128161120823563	2.33709208156375	0.022180406991817	0.115720148176015	0.17727779461816	0.0615576464421449	0.0696133088582435	5.46199939770798	0.0221804069918167	FALSE	TRUE	FALSE	FALSE	incremental same-TCGA association after categorical ECMS adjustment; not causal	0.085662261485637	0.085662261485638
official_anchor_78	primary	TRUE	78	JAK-STAT	Factor7	standardized_PROGENy ~ ECMS	standardized_PROGENy ~ ECMS + standardized_MOFA_factor	0.2497863141496	0.109412228268348	2.28298352115602	0.0253444747052348	0.0927722943770149	0.153229544561958	0.0604572501849435	0.0666395545575055	5.21201375786994	0.025344474705235	FALSE	TRUE	FALSE	FALSE	incremental same-TCGA association after categorical ECMS adjustment; not causal	0.0929463363753134	0.0929463363753122
official_anchor_78	primary	TRUE	78	TNFa	Factor1	standardized_PROGENy ~ ECMS	standardized_PROGENy ~ ECMS + standardized_MOFA_factor	-0.283582033167668	0.124549320133357	-2.27686536437158	0.0257262181038811	0.137315875128385	0.194517448962845	0.0572015738344595	0.0663065103266764	5.18411588747489	0.0257262181038814	FALSE	TRUE	FALSE	FALSE	incremental same-TCGA association after categorical ECMS adjustment; not causal	0.0929463363753134	0.0929463363753122
official_anchor_78	primary	TRUE	78	TNFa	Factor2	standardized_PROGENy ~ ECMS	standardized_PROGENy ~ ECMS + standardized_MOFA_factor	-0.245843807178157	0.109110967912325	-2.25315393935193	0.0272540654370351	0.137315875128385	0.193409314706334	0.0560934395779491	0.0650219912025123	5.07670267441709	0.0272540654370355	FALSE	TRUE	FALSE	FALSE	incremental same-TCGA association after categorical ECMS adjustment; not causal	0.0953892290296242	0.095389229029623
official_anchor_78	primary	TRUE	78	WNT	Factor6	standardized_PROGENy ~ ECMS	standardized_PROGENy ~ ECMS + standardized_MOFA_factor	0.283286364708808	0.126725415244918	2.23543449560855	0.0284474443834123	0.20228719060228	0.253395513721409	0.0511083231191288	0.0640685752027926	4.99716738415661	0.0284474443834129	FALSE	TRUE	FALSE	FALSE	incremental same-TCGA association after categorical ECMS adjustment; not causal	0.096548902149765	0.0965489021497628
official_anchor_78	primary	TRUE	78	JAK-STAT	Factor1	standardized_PROGENy ~ ECMS	standardized_PROGENy ~ ECMS + standardized_MOFA_factor	-0.280699786850486	0.128033836504095	-2.19238753219355	0.0315397788385487	0.0927722943770149	0.148817016467495	0.0560447220904801	0.0617758052836302	4.80656309131774	0.0315397788385488	FALSE	TRUE	FALSE	FALSE	incremental same-TCGA association after categorical ECMS adjustment; not causal	0.103895742056396	0.103895742056396
official_anchor_78	primary	TRUE	78	Hypoxia	Factor2	standardized_PROGENy ~ ECMS	standardized_PROGENy ~ ECMS + standardized_MOFA_factor	-0.229528279736391	0.106643816585274	-2.15228868476267	0.0346811059688139	0.180578041539295	0.229473208000756	0.0488951664614608	0.0596703151003069	4.63234658255741	0.0346811059688142	FALSE	TRUE	FALSE	FALSE	incremental same-TCGA association after categorical ECMS adjustment; not causal	0.110979539100206	0.110979539100205
official_anchor_78	primary	TRUE	78	Hypoxia	Factor6	standardized_PROGENy ~ ECMS	standardized_PROGENy ~ ECMS + standardized_MOFA_factor	-0.273325343455719	0.128849686888409	-2.12127285720479	0.0372946680609104	0.180578041539295	0.228155374612518	0.0475773330732235	0.0580620675123207	4.49979853471379	0.0372946680609104	FALSE	TRUE	FALSE	FALSE	incremental same-TCGA association after categorical ECMS adjustment; not causal	0.116027856189499	0.116027856189499
official_anchor_78	primary	TRUE	78	p53	Factor5	standardized_PROGENy ~ ECMS	standardized_PROGENy ~ ECMS + standardized_MOFA_factor	-0.216782672022877	0.114144124667543	-1.89920131810795	0.0614893453305568	0.152470481511286	0.192375597605478	0.0399051160941927	0.0470840427662627	3.60696564670299	0.0614893453305565	FALSE	TRUE	FALSE	FALSE	incremental same-TCGA association after categorical ECMS adjustment; not causal	0.186129910189793	0.186129910189794
official_anchor_78	primary	TRUE	78	PI3K	Factor2	standardized_PROGENy ~ ECMS	standardized_PROGENy ~ ECMS + standardized_MOFA_factor	0.21066116126093	0.112948296436851	1.86511145282045	0.0661847674320211	0.0944904061809362	0.135677625588138	0.0411872194072022	0.0454851275882033	3.47864073144198	0.0661847674320222	FALSE	TRUE	FALSE	FALSE	incremental same-TCGA association after categorical ECMS adjustment; not causal	0.195070893483855	0.195070893483852
official_anchor_78	primary	TRUE	78	Androgen	Factor4	standardized_PROGENy ~ ECMS	standardized_PROGENy ~ ECMS + standardized_MOFA_factor	-0.207745566114924	0.114054147507896	-1.82146437156563	0.0726332956963162	0.0286473148973412	0.070874569647949	0.0422272547506079	0.0434726288383555	3.31773245688297	0.0726332956963168	FALSE	TRUE	FALSE	TRUE	level-factor soft QC; technical/background only, not a biological ECMS axis	0.208587926102243	0.208587926102242
official_anchor_78	primary	TRUE	78	Trail	Factor2	standardized_PROGENy ~ ECMS	standardized_PROGENy ~ ECMS + standardized_MOFA_factor	-0.175761926303499	0.0972558008594691	-1.80721278062856	0.0748493687008535	0.330492222975138	0.359163242261749	0.0286710192866111	0.0428240272488223	3.26601803446718	0.0748493687008551	FALSE	TRUE	FALSE	FALSE	incremental same-TCGA association after categorical ECMS adjustment; not causal	0.209578232362394	0.20957823236239
official_anchor_78	primary	TRUE	78	JAK-STAT	Factor3	standardized_PROGENy ~ ECMS	standardized_PROGENy ~ ECMS + standardized_MOFA_factor	0.235745946411552	0.131723458230508	1.78970359249915	0.0776488603682499	0.0927722943770149	0.130905756202217	0.0381334618252024	0.0420329555511276	3.20303894900437	0.0776488603682496	FALSE	TRUE	FALSE	FALSE	incremental same-TCGA association after categorical ECMS adjustment; not causal	0.21211396003034	0.212113960030341
official_anchor_78	primary	TRUE	78	TNFa	Factor5	standardized_PROGENy ~ ECMS	standardized_PROGENy ~ ECMS + standardized_MOFA_factor	0.205324661887354	0.115497247607276	1.77774506441501	0.0796104728192794	0.137315875128385	0.17311411561729	0.0357982404889051	0.0414963478019636	3.16037751405192	0.0796104728192798	FALSE	TRUE	FALSE	FALSE	incremental same-TCGA association after categorical ECMS adjustment; not causal	0.212294594184746	0.212294594184745
official_anchor_78	primary	TRUE	78	Androgen	Factor2	standardized_PROGENy ~ ECMS	standardized_PROGENy ~ ECMS + standardized_MOFA_factor	-0.203555817568929	0.117343396640021	-1.73470193805098	0.0870141762987151	0.0286473148973412	0.0671030009235735	0.0384556860262323	0.0395898283044001	3.00919081387781	0.087014176298716	FALSE	TRUE	FALSE	FALSE	incremental same-TCGA association after categorical ECMS adjustment; not causal	0.226641575475726	0.226641575475723
official_anchor_78	primary	TRUE	78	EGFR	Factor1	standardized_PROGENy ~ ECMS	standardized_PROGENy ~ ECMS + standardized_MOFA_factor	-0.1799901748959	0.113868448149273	-1.58068523652791	0.11827350442464	0.303700537550027	0.326744022104086	0.0230434845540597	0.0330942156309869	2.49856581697727	0.118273504424641	FALSE	TRUE	FALSE	FALSE	incremental same-TCGA association after categorical ECMS adjustment; not causal	0.30092809671291	0.300928096712907
official_anchor_78	primary	TRUE	78	JAK-STAT	Factor4	standardized_PROGENy ~ ECMS	standardized_PROGENy ~ ECMS + standardized_MOFA_factor	-0.173950863555468	0.110847918036006	-1.56927497275108	0.120908610286436	0.0927722943770149	0.122378482849405	0.02960618847239	0.0326336908461804	2.46262394010288	0.120908610286437	FALSE	TRUE	FALSE	TRUE	level-factor soft QC; technical/background only, not a biological ECMS axis	0.30092809671291	0.300928096712907
official_anchor_78	primary	TRUE	78	NFkB	Factor4	standardized_PROGENy ~ ECMS	standardized_PROGENy ~ ECMS + standardized_MOFA_factor	-0.167264194845469	0.109531872213907	-1.52708240500824	0.131061959604812	0.115720148176015	0.143093960790898	0.0273738126148824	0.0309560514789736	2.33198067168573	0.131061959604813	FALSE	TRUE	FALSE	TRUE	level-factor soft QC; technical/background only, not a biological ECMS axis	0.319107379907371	0.319107379907368
official_anchor_78	primary	TRUE	78	WNT	Factor3	standardized_PROGENy ~ ECMS	standardized_PROGENy ~ ECMS + standardized_MOFA_factor	0.184490692390422	0.124337098165517	1.48379441946465	0.142168489585999	0.20228719060228	0.225641481576754	0.0233542909744743	0.0292765650737225	2.20164587923443	0.142168489585999	FALSE	TRUE	FALSE	FALSE	incremental same-TCGA association after categorical ECMS adjustment; not causal	0.334456660901594	0.334456660901599
official_anchor_78	primary	TRUE	78	Estrogen	Factor3	standardized_PROGENy ~ ECMS	standardized_PROGENy ~ ECMS + standardized_MOFA_factor	0.200484587574323	0.135518362823271	1.47939056669224	0.143338568957828	0.0525287602192987	0.0801078385460603	0.0275790783267616	0.0291080902182793	2.18859644881801	0.143338568957826	FALSE	TRUE	FALSE	FALSE	incremental same-TCGA association after categorical ECMS adjustment; not causal	0.334456660901594	0.334456660901599
official_anchor_78	primary	TRUE	78	NFkB	Factor5	standardized_PROGENy ~ ECMS	standardized_PROGENy ~ ECMS + standardized_MOFA_factor	0.167898073907582	0.11781066485692	1.4251517391188	0.158375027258417	0.115720148176015	0.139657211938184	0.0239370637621688	0.0270695568973944	2.03105747951334	0.158375027258418	FALSE	TRUE	FALSE	FALSE	incremental same-TCGA association after categorical ECMS adjustment; not causal	0.358499542881034	0.35849954288104
official_anchor_78	primary	TRUE	78	Estrogen	Factor2	standardized_PROGENy ~ ECMS	standardized_PROGENy ~ ECMS + standardized_MOFA_factor	-0.165581516593611	0.116657655375142	-1.4193797746161	0.160044438786178	0.0525287602192987	0.0779746263248523	0.0254458661055536	0.0268566105620717	2.01463894458927	0.160044438786176	FALSE	TRUE	FALSE	FALSE	incremental same-TCGA association after categorical ECMS adjustment; not causal	0.358499542881034	0.35849954288104
official_anchor_78	primary	TRUE	78	Estrogen	Factor5	standardized_PROGENy ~ ECMS	standardized_PROGENy ~ ECMS + standardized_MOFA_factor	-0.170683463775959	0.122007620853115	-1.39895739776325	0.166060299561911	0.0525287602192987	0.0772666325532818	0.024737872333983	0.0261093649024205	1.9570818007565	0.166060299561913	FALSE	TRUE	FALSE	FALSE	incremental same-TCGA association after categorical ECMS adjustment; not causal	0.364681442175183	0.364681442175177
official_anchor_78	primary	TRUE	78	VEGF	Factor1	standardized_PROGENy ~ ECMS	standardized_PROGENy ~ ECMS + standardized_MOFA_factor	-0.158600150090714	0.115363224335752	-1.37478950509503	0.173402002699436	0.291060092396062	0.308952045130204	0.017891952734142	0.0252376154060968	1.89004618331943	0.173402002699436	FALSE	TRUE	FALSE	FALSE	incremental same-TCGA association after categorical ECMS adjustment; not causal	0.373481236583401	0.3734812365834
official_anchor_78	primary	TRUE	78	TNFa	Factor4	standardized_PROGENy ~ ECMS	standardized_PROGENy ~ ECMS + standardized_MOFA_factor	-0.140740572379801	0.108659038738651	-1.29524956242539	0.199315402185954	0.137315875128385	0.156696507663157	0.0193806325347721	0.0224655026979387	1.67767142896313	0.199315402185958	FALSE	TRUE	FALSE	TRUE	level-factor soft QC; technical/background only, not a biological ECMS axis	0.421194812166552	0.421194812166545
official_anchor_78	primary	TRUE	78	PI3K	Factor1	standardized_PROGENy ~ ECMS	standardized_PROGENy ~ ECMS + standardized_MOFA_factor	-0.166207764494242	0.130615838676882	-1.27249318442465	0.207236136066688	0.0944904061809362	0.114139981600811	0.0196495754198745	0.0217000190323779	1.61923890440719	0.20723613606669	FALSE	TRUE	FALSE	FALSE	incremental same-TCGA association after categorical ECMS adjustment; not causal	0.429823097027208	0.429823097027206
official_anchor_78	primary	TRUE	78	MAPK	Factor2	standardized_PROGENy ~ ECMS	standardized_PROGENy ~ ECMS + standardized_MOFA_factor	0.134806325428578	0.107625120990524	1.25255446115082	0.214365708720333	0.19836157722337	0.215227653771474	0.0168660765481042	0.0210395061774675	1.56889267814882	0.214365708720333	FALSE	TRUE	FALSE	FALSE	incremental same-TCGA association after categorical ECMS adjustment; not causal	0.436526534121405	0.436526534121406
official_anchor_78	primary	TRUE	78	MAPK	Factor6	standardized_PROGENy ~ ECMS	standardized_PROGENy ~ ECMS + standardized_MOFA_factor	0.159235530577406	0.129983688599469	1.22504240565194	0.224497388718679	0.19836157722337	0.214509633259247	0.016148056035877	0.0201438149383422	1.50072889564547	0.224497388718683	FALSE	TRUE	FALSE	FALSE	incremental same-TCGA association after categorical ECMS adjustment; not causal	0.448994777437366	0.448994777437358
official_anchor_78	primary	TRUE	78	TNFa	Factor7	standardized_PROGENy ~ ECMS	standardized_PROGENy ~ ECMS + standardized_MOFA_factor	-0.131870989296696	0.109351694924128	-1.20593457091079	0.231736812898534	0.137315875128385	0.154166252804218	0.0168503776758324	0.0195325000078564	1.45427818931777	0.231736812898538	FALSE	TRUE	FALSE	FALSE	incremental same-TCGA association after categorical ECMS adjustment; not causal	0.455342509555023	0.455342509555014
official_anchor_78	primary	TRUE	78	JAK-STAT	Factor8	standardized_PROGENy ~ ECMS	standardized_PROGENy ~ ECMS + standardized_MOFA_factor	0.131610107352265	0.113159525060602	1.16304930832629	0.248597292326464	0.0927722943770149	0.109277308894499	0.0165050145174846	0.0181928025513184	1.35268369359824	0.24859729232647	FALSE	TRUE	FALSE	FALSE	incremental same-TCGA association after categorical ECMS adjustment; not causal	0.480049943802838	0.480049943802828
official_anchor_78	primary	TRUE	78	Androgen	Factor1	standardized_PROGENy ~ ECMS	standardized_PROGENy ~ ECMS + standardized_MOFA_factor	0.152210114827138	0.135608276773473	1.12242496143061	0.265359999196632	0.0286473148973412	0.0451265701770394	0.0164792552796982	0.0169652645557433	1.25983779404252	0.265359999196631	FALSE	TRUE	FALSE	FALSE	incremental same-TCGA association after categorical ECMS adjustment; not causal	0.488437417044609	0.488437417044615
official_anchor_78	primary	TRUE	78	Trail	Factor1	standardized_PROGENy ~ ECMS	standardized_PROGENy ~ ECMS + standardized_MOFA_factor	0.126187419771557	0.1125864607971	1.12080456991154	0.266044721000213	0.330492222975138	0.341818382509983	0.0113261595348449	0.0169171440922998	1.25620288393456	0.266044721000222	FALSE	TRUE	FALSE	FALSE	incremental same-TCGA association after categorical ECMS adjustment; not causal	0.488437417044609	0.488437417044615
official_anchor_78	primary	TRUE	78	Hypoxia	Factor4	standardized_PROGENy ~ ECMS	standardized_PROGENy ~ ECMS + standardized_MOFA_factor	-0.118457669935289	0.106208322693336	-1.11533321430301	0.268365895974909	0.180578041539295	0.194307572253264	0.0137295307139694	0.0167551413190836	1.24396817892744	0.268365895974917	FALSE	TRUE	FALSE	TRUE	level-factor soft QC; technical/background only, not a biological ECMS axis	0.488437417044609	0.488437417044615
official_anchor_78	primary	TRUE	78	MAPK	Factor7	standardized_PROGENy ~ ECMS	standardized_PROGENy ~ ECMS + standardized_MOFA_factor	-0.117244348098219	0.105568397943565	-1.11060080840571	0.270384998721126	0.19836157722337	0.211681292556035	0.0133197153326657	0.0166156149134297	1.23343415563144	0.270384998721123	FALSE	TRUE	FALSE	FALSE	incremental same-TCGA association after categorical ECMS adjustment; not causal	0.488437417044609	0.488437417044615
official_anchor_78	primary	TRUE	78	MAPK	Factor4	standardized_PROGENy ~ ECMS	standardized_PROGENy ~ ECMS + standardized_MOFA_factor	0.11010580999535	0.105154061723236	1.04709041373168	0.298512493373911	0.19836157722337	0.210223355277122	0.0118617780537517	0.0147969180577275	1.09639833452875	0.298512493373918	FALSE	TRUE	FALSE	TRUE	level-factor soft QC; technical/background only, not a biological ECMS axis	0.530688877109188	0.530688877109175
official_anchor_78	primary	TRUE	78	NFkB	Factor7	standardized_PROGENy ~ ECMS	standardized_PROGENy ~ ECMS + standardized_MOFA_factor	-0.11109931375377	0.111050590998831	-1.00043874376985	0.320402963889368	0.115720148176015	0.127680222087879	0.0119600739118633	0.0135252136381865	1.0008776800358	0.320402963889364	FALSE	TRUE	FALSE	FALSE	incremental same-TCGA association after categorical ECMS adjustment; not causal	0.560705186806388	0.560705186806393
official_anchor_78	primary	TRUE	78	p53	Factor2	standardized_PROGENy ~ ECMS	standardized_PROGENy ~ ECMS + standardized_MOFA_factor	-0.109526905613058	0.111108622317783	-0.985764230788486	0.327504865802292	0.152470481511286	0.163604069906188	0.0111335883949024	0.0131365199111358	0.971731118702022	0.32750486580229	FALSE	TRUE	FALSE	FALSE	incremental same-TCGA association after categorical ECMS adjustment; not causal	0.564316076459331	0.564316076459334
official_anchor_78	primary	TRUE	78	Hypoxia	Factor1	standardized_PROGENy ~ ECMS	standardized_PROGENy ~ ECMS + standardized_MOFA_factor	-0.108861796471152	0.124974584640709	-0.871071480526388	0.386570787268397	0.180578041539295	0.189007536358286	0.00842949481899122	0.0102871234190821	0.75876552418642	0.386570787268401	FALSE	TRUE	FALSE	FALSE	incremental same-TCGA association after categorical ECMS adjustment; not causal	0.655998911728195	0.655998911728188
official_anchor_78	primary	TRUE	78	Estrogen	Factor7	standardized_PROGENy ~ ECMS	standardized_PROGENy ~ ECMS + standardized_MOFA_factor	-0.0955141057752921	0.115194182116162	-0.829157376012062	0.409718403384753	0.0525287602192987	0.0613686355253975	0.0088398753060988	0.00932996690025636	0.687501954195242	0.409718403384741	FALSE	TRUE	FALSE	FALSE	incremental same-TCGA association after categorical ECMS adjustment; not causal	0.676901683561333	0.676901683561308
official_anchor_78	primary	TRUE	78	VEGF	Factor2	standardized_PROGENy ~ ECMS	standardized_PROGENy ~ ECMS + standardized_MOFA_factor	0.0833009642347615	0.101827459241196	0.818059930548289	0.415985250273496	0.291060092396062	0.297500206802992	0.00644011440692999	0.00908414710168619	0.669222049968726	0.415985250273478	FALSE	TRUE	FALSE	FALSE	incremental same-TCGA association after categorical ECMS adjustment; not causal	0.676901683561333	0.676901683561308
official_anchor_78	primary	TRUE	78	EGFR	Factor2	standardized_PROGENy ~ ECMS	standardized_PROGENy ~ ECMS + standardized_MOFA_factor	0.0816131255670949	0.100926075198395	0.80864261695171	0.42134834780784	0.303700537550027	0.309882317569565	0.0061817800195379	0.00887804795624417	0.653902881950474	0.421348347807853	FALSE	TRUE	FALSE	FALSE	incremental same-TCGA association after categorical ECMS adjustment; not causal	0.676901683561333	0.676901683561308
official_anchor_78	primary	TRUE	78	Hypoxia	Factor8	standardized_PROGENy ~ ECMS	standardized_PROGENy ~ ECMS + standardized_MOFA_factor	0.0870554004172576	0.10805664189148	0.805645991707626	0.423063552225818	0.180578041539295	0.187799565536815	0.00722152399751971	0.00881294908313836	0.649065463954521	0.423063552225833	FALSE	TRUE	FALSE	FALSE	incremental same-TCGA association after categorical ECMS adjustment; not causal	0.676901683561333	0.676901683561308
official_anchor_78	primary	TRUE	78	TGFb	Factor1	standardized_PROGENy ~ ECMS	standardized_PROGENy ~ ECMS + standardized_MOFA_factor	0.0900541523853454	0.116264170770716	0.774564956584436	0.441098359885431	0.292347776505676	0.298116211993827	0.00576843548815031	0.00815151185375536	0.599950871968672	0.441098359885423	FALSE	TRUE	FALSE	FALSE	incremental same-TCGA association after categorical ECMS adjustment; not causal	0.695817131086864	0.695817131086878
official_anchor_78	primary	TRUE	78	NFkB	Factor8	standardized_PROGENy ~ ECMS	standardized_PROGENy ~ ECMS + standardized_MOFA_factor	0.0817121859500753	0.112343185704744	0.727344390649811	0.469341312604974	0.115720148176015	0.122082403320591	0.00636225514457514	0.0071948435005636	0.529029862609747	0.469341312604973	FALSE	TRUE	FALSE	FALSE	incremental same-TCGA association after categorical ECMS adjustment; not causal	0.730086486274402	0.730086486274404
official_anchor_78	primary	TRUE	78	JAK-STAT	Factor5	standardized_PROGENy ~ ECMS	standardized_PROGENy ~ ECMS + standardized_MOFA_factor	-0.085707686008864	0.120561557934097	-0.710903935529058	0.479409051206091	0.0927722943770149	0.0990099154494485	0.00623762107243357	0.00687547462866586	0.505384405550682	0.4794090512061	FALSE	TRUE	FALSE	FALSE	incremental same-TCGA association after categorical ECMS adjustment; not causal	0.730089135955855	0.730089135955867
official_anchor_78	primary	TRUE	78	TGFb	Factor6	standardized_PROGENy ~ ECMS	standardized_PROGENy ~ ECMS + standardized_MOFA_factor	0.0868179881583607	0.122956183314018	0.706088834399129	0.482380321970841	0.292347776505676	0.297147980837602	0.00480020433192607	0.00678328163546649	0.49856144206314	0.482380321970833	FALSE	TRUE	FALSE	FALSE	incremental same-TCGA association after categorical ECMS adjustment; not causal	0.730089135955855	0.730089135955867
official_anchor_78	primary	TRUE	78	TNFa	Factor8	standardized_PROGENy ~ ECMS	standardized_PROGENy ~ ECMS + standardized_MOFA_factor	0.0752736285655793	0.111015206525807	0.678047908221302	0.499884955212756	0.137315875128385	0.142714996958267	0.00539912182988209	0.00625851534092573	0.459748965843251	0.499884955212771	FALSE	TRUE	FALSE	FALSE	incremental same-TCGA association after categorical ECMS adjustment; not causal	0.746494866451071	0.746494866451048
official_anchor_78	primary	TRUE	78	p53	Factor3	standardized_PROGENy ~ ECMS	standardized_PROGENy ~ ECMS + standardized_MOFA_factor	-0.0833847863308536	0.129712345890866	-0.642843869318422	0.522339482899217	0.152470481511286	0.157241283655722	0.00477080214443634	0.00562906900628485	0.413248240320281	0.522339482899216	FALSE	TRUE	FALSE	FALSE	incremental same-TCGA association after categorical ECMS adjustment; not causal	0.769763448483055	0.769763448483056
official_anchor_78	primary	TRUE	78	Trail	Factor8	standardized_PROGENy ~ ECMS	standardized_PROGENy ~ ECMS + standardized_MOFA_factor	0.0615820934624544	0.097841352980713	0.629407623529018	0.5310471370143	0.330492222975138	0.334105874924404	0.00361365194926538	0.00539747568777113	0.396153956556422	0.531047137014312	FALSE	TRUE	FALSE	FALSE	incremental same-TCGA association after categorical ECMS adjustment; not causal	0.772432199293545	0.772432199293527
official_anchor_78	primary	TRUE	78	PI3K	Factor4	standardized_PROGENy ~ ECMS	standardized_PROGENy ~ ECMS + standardized_MOFA_factor	-0.0658364748561175	0.112331366419561	-0.586091640781938	0.559621772512501	0.0944904061809362	0.0987313494146205	0.00424094323368428	0.00468348790850215	0.343503411394444	0.559621772512513	FALSE	TRUE	FALSE	TRUE	level-factor soft QC; technical/background only, not a biological ECMS axis	0.803559468223096	0.803559468223079
official_anchor_78	primary	TRUE	78	Androgen	Factor7	standardized_PROGENy ~ ECMS	standardized_PROGENy ~ ECMS + standardized_MOFA_factor	0.0633496003523631	0.116950054675162	0.541680810054528	0.589687928099033	0.0286473148973412	0.0325359650198637	0.00388865012252254	0.00400333491857447	0.293418099981351	0.58968792809902	FALSE	TRUE	FALSE	FALSE	incremental same-TCGA association after categorical ECMS adjustment; not causal	0.836013265153041	0.83601326515306
official_anchor_78	primary	TRUE	78	Estrogen	Factor4	standardized_PROGENy ~ ECMS	standardized_PROGENy ~ ECMS + standardized_MOFA_factor	0.0576041728866457	0.114977155309472	0.501005375647001	0.617874714966465	0.0525287602192987	0.0557754232192096	0.00324666299991089	0.003426661268011	0.251006386427212	0.617874714966451	FALSE	TRUE	FALSE	TRUE	level-factor soft QC; technical/background only, not a biological ECMS axis	0.865024600953032	0.865024600953051
official_anchor_78	primary	TRUE	78	Estrogen	Factor8	standardized_PROGENy ~ ECMS	standardized_PROGENy ~ ECMS + standardized_MOFA_factor	0.0559390181683167	0.116524816913883	0.480060983143685	0.632619393641858	0.0525287602192987	0.0555104818974594	0.00298172167816063	0.00314703133242416	0.230458547536859	0.632619393641874	FALSE	TRUE	FALSE	FALSE	incremental same-TCGA association after categorical ECMS adjustment; not causal	0.874732988739381	0.874732988739359
official_anchor_78	primary	TRUE	78	PI3K	Factor6	standardized_PROGENy ~ ECMS	standardized_PROGENy ~ ECMS + standardized_MOFA_factor	-0.0634493641285639	0.13936356579938	-0.455279425182779	0.650259477923051	0.0944904061809362	0.0970542693131559	0.00256386313221964	0.00283140360932713	0.207279354994744	0.650259477923064	FALSE	TRUE	FALSE	FALSE	incremental same-TCGA association after categorical ECMS adjustment; not causal	0.888159286919307	0.888159286919289
official_anchor_78	primary	TRUE	78	PI3K	Factor7	standardized_PROGENy ~ ECMS	standardized_PROGENy ~ ECMS + standardized_MOFA_factor	-0.0496338023301515	0.112994251593516	-0.439259534269967	0.661771019461513	0.0944904061809362	0.0968774819500509	0.00238707576911466	0.00263616839115637	0.192948938447044	0.661771019461533	FALSE	TRUE	FALSE	FALSE	incremental same-TCGA association after categorical ECMS adjustment; not causal	0.89299221903243	0.892992219032403
official_anchor_78	primary	TRUE	78	Androgen	Factor8	standardized_PROGENy ~ ECMS	standardized_PROGENy ~ ECMS + standardized_MOFA_factor	0.049271322309999	0.118029503320901	0.417449204848715	0.677575093325438	0.0286473148973412	0.0309605824136595	0.00231326751631832	0.00238149083416991	0.174263838628834	0.677575093325429	FALSE	TRUE	FALSE	FALSE	incremental same-TCGA association after categorical ECMS adjustment; not causal	0.894762718066069	0.894762718066091
official_anchor_78	primary	TRUE	78	WNT	Factor7	standardized_PROGENy ~ ECMS	standardized_PROGENy ~ ECMS + standardized_MOFA_factor	0.041794910250371	0.106082820380055	0.393983777020969	0.694741538046382	0.20228719060228	0.203979804508957	0.00169261390667697	0.00212183368091444	0.155223216555683	0.694741538046406	FALSE	TRUE	FALSE	FALSE	incremental same-TCGA association after categorical ECMS adjustment; not causal	0.894762718066069	0.894762718066091
official_anchor_78	primary	TRUE	78	NFkB	Factor6	standardized_PROGENy ~ ECMS	standardized_PROGENy ~ ECMS + standardized_MOFA_factor	0.0540972660341907	0.137770150879545	0.3926631834895	0.695712504841402	0.115720148176015	0.117583912197622	0.00186376402160694	0.00210766310887057	0.154184375668104	0.695712504841406	FALSE	TRUE	FALSE	FALSE	incremental same-TCGA association after categorical ECMS adjustment; not causal	0.894762718066069	0.894762718066091
official_anchor_78	primary	TRUE	78	WNT	Factor1	standardized_PROGENy ~ ECMS	standardized_PROGENy ~ ECMS + standardized_MOFA_factor	-0.0461987586043008	0.123829159818297	-0.373084648818512	0.710166609342321	0.20228719060228	0.20380532830501	0.00151813770272957	0.00190311310642708	0.139192155183995	0.710166609342358	FALSE	TRUE	FALSE	FALSE	incremental same-TCGA association after categorical ECMS adjustment; not causal	0.894762718066069	0.894762718066091
official_anchor_78	primary	TRUE	78	p53	Factor4	standardized_PROGENy ~ ECMS	standardized_PROGENy ~ ECMS + standardized_MOFA_factor	-0.0405747321342063	0.108827393538059	-0.372835651163661	0.710351135694991	0.152470481511286	0.154081277888302	0.00161079637701672	0.00190057849535322	0.13900642277865	0.710351135694973	FALSE	TRUE	FALSE	TRUE	level-factor soft QC; technical/background only, not a biological ECMS axis	0.894762718066069	0.894762718066091
official_anchor_78	primary	TRUE	78	TGFb	Factor8	standardized_PROGENy ~ ECMS	standardized_PROGENy ~ ECMS + standardized_MOFA_factor	-0.0374790669454546	0.100767082230369	-0.37193760220001	0.711016802748947	0.292347776505676	0.293686265993813	0.00133848948813659	0.00189145097506688	0.13833757993031	0.711016802748929	FALSE	TRUE	FALSE	FALSE	incremental same-TCGA association after categorical ECMS adjustment; not causal	0.894762718066069	0.894762718066091
official_anchor_78	primary	TRUE	78	EGFR	Factor6	standardized_PROGENy ~ ECMS	standardized_PROGENy ~ ECMS + standardized_MOFA_factor	-0.0431705232940423	0.122277343034638	-0.353054149056978	0.725065299232939	0.303700537550027	0.304887439696409	0.00118690214638223	0.00170458575711956	0.124647232166319	0.725065299232968	FALSE	TRUE	FALSE	FALSE	incremental same-TCGA association after categorical ECMS adjustment; not causal	0.902303483489915	0.902303483489879
official_anchor_78	primary	TRUE	78	WNT	Factor4	standardized_PROGENy ~ ECMS	standardized_PROGENy ~ ECMS + standardized_MOFA_factor	-0.0337275872887901	0.105607315962713	-0.319367905351353	0.750359687761769	0.20228719060228	0.203400202665065	0.00111301206278513	0.0013952540935446	0.101995858968504	0.750359687761777	FALSE	TRUE	FALSE	TRUE	level-factor soft QC; technical/background only, not a biological ECMS axis	0.919005567276895	0.919005567276917
official_anchor_78	primary	TRUE	78	Hypoxia	Factor7	standardized_PROGENy ~ ECMS	standardized_PROGENy ~ ECMS + standardized_MOFA_factor	-0.0317193299192083	0.107566815398601	-0.294880254673979	0.768922354835907	0.180578041539295	0.181552939403817	0.000974897864521845	0.00118973851561557	0.0869543645965666	0.768922354835939	FALSE	TRUE	FALSE	FALSE	incremental same-TCGA association after categorical ECMS adjustment; not causal	0.919005567276895	0.919005567276917
official_anchor_78	primary	TRUE	78	TGFb	Factor7	standardized_PROGENy ~ ECMS	standardized_PROGENy ~ ECMS + standardized_MOFA_factor	-0.0284200495041151	0.0999660800294216	-0.284296928475645	0.776987718254106	0.292347776505676	0.293130414217835	0.000782637712158363	0.00110596375758387	0.080824743540692	0.776987718254098	FALSE	TRUE	FALSE	FALSE	incremental same-TCGA association after categorical ECMS adjustment; not causal	0.919005567276895	0.919005567276917
official_anchor_78	primary	TRUE	78	PI3K	Factor8	standardized_PROGENy ~ ECMS	standardized_PROGENy ~ ECMS + standardized_MOFA_factor	-0.0322953974973225	0.114032310608314	-0.283212690552705	0.777815400487095	0.0944904061809362	0.0954842512618235	0.000993845080887235	0.00109755334197577	0.0802094280900426	0.777815400487176	FALSE	TRUE	FALSE	FALSE	incremental same-TCGA association after categorical ECMS adjustment; not causal	0.919005567276895	0.919005567276917
official_anchor_78	primary	TRUE	78	p53	Factor1	standardized_PROGENy ~ ECMS	standardized_PROGENy ~ ECMS + standardized_MOFA_factor	-0.0358794214923549	0.127689732036682	-0.280989089099565	0.779513650815242	0.152470481511286	0.153386156640229	0.000915675128943083	0.00108040499943398	0.0789548681930174	0.779513650815223	FALSE	TRUE	FALSE	FALSE	incremental same-TCGA association after categorical ECMS adjustment; not causal	0.919005567276895	0.919005567276917
official_anchor_78	primary	TRUE	78	EGFR	Factor4	standardized_PROGENy ~ ECMS	standardized_PROGENy ~ ECMS + standardized_MOFA_factor	0.0256648458417382	0.0986894799780136	0.260056551594515	0.795552242747449	0.303700537550027	0.304345013390122	0.000644475840095027	0.000925572795686784	0.0676294100272242	0.795552242747459	FALSE	TRUE	FALSE	TRUE	level-factor soft QC; technical/background only, not a biological ECMS axis	0.926840212089025	0.926840212089024
official_anchor_78	primary	TRUE	78	WNT	Factor8	standardized_PROGENy ~ ECMS	standardized_PROGENy ~ ECMS + standardized_MOFA_factor	0.0260040383368203	0.107045316646369	0.242925511843981	0.808744384639363	0.20228719060228	0.202931536427735	0.000644345825454751	0.00080774160558013	0.0590128043046132	0.808744384639437	FALSE	TRUE	FALSE	FALSE	incremental same-TCGA association after categorical ECMS adjustment; not causal	0.926840212089025	0.926840212089024
official_anchor_78	primary	TRUE	78	TNFa	Factor6	standardized_PROGENy ~ ECMS	standardized_PROGENy ~ ECMS + standardized_MOFA_factor	0.032683292672458	0.136167362409231	0.24002295479759	0.810985185577896	0.137315875128385	0.13799616169496	0.000680286566574317	0.000788569705830113	0.0576110188297654	0.810985185577897	FALSE	TRUE	FALSE	FALSE	incremental same-TCGA association after categorical ECMS adjustment; not causal	0.926840212089025	0.926840212089024
official_anchor_78	primary	TRUE	78	WNT	Factor2	standardized_PROGENy ~ ECMS	standardized_PROGENy ~ ECMS + standardized_MOFA_factor	-0.0218088813301418	0.108478805559736	-0.201042786354541	0.84122422977286	0.20228719060228	0.202728619036265	0.000441428433985064	0.000553367613989233	0.0404182019451723	0.841224229772909	FALSE	TRUE	FALSE	FALSE	incremental same-TCGA association after categorical ECMS adjustment; not causal	0.944055216889168	0.944055216889102
official_anchor_78	primary	TRUE	78	MAPK	Factor8	standardized_PROGENy ~ ECMS	standardized_PROGENy ~ ECMS + standardized_MOFA_factor	-0.0209591182902196	0.107323716864106	-0.195288785206332	0.845709414860988	0.19836157722337	0.198780162011437	0.000418584788067111	0.000522161583294949	0.0381377096273983	0.845709414860921	FALSE	TRUE	FALSE	FALSE	incremental same-TCGA association after categorical ECMS adjustment; not causal	0.944055216889168	0.944055216889102
official_anchor_78	primary	TRUE	78	p53	Factor8	standardized_PROGENy ~ ECMS	standardized_PROGENy ~ ECMS + standardized_MOFA_factor	0.019556492814927	0.110358015439223	0.177209536952006	0.859834577314016	0.152470481511286	0.152834915915403	0.000364434404117736	0.000429996119506944	0.0314032199867519	0.859834577313999	FALSE	TRUE	FALSE	FALSE	incremental same-TCGA association after categorical ECMS adjustment; not causal	0.944055216889168	0.944055216889102
official_anchor_78	primary	TRUE	78	EGFR	Factor7	standardized_PROGENy ~ ECMS	standardized_PROGENy ~ ECMS + standardized_MOFA_factor	0.0174367799817334	0.0991948554901163	0.175783107859568	0.860951048211427	0.303700537550027	0.303995144973602	0.000294607423574955	0.00042310448228462	0.0308997010087409	0.860951048211488	FALSE	TRUE	FALSE	FALSE	incremental same-TCGA association after categorical ECMS adjustment; not causal	0.944055216889168	0.944055216889102
official_anchor_78	primary	TRUE	78	WNT	Factor5	standardized_PROGENy ~ ECMS	standardized_PROGENy ~ ECMS + standardized_MOFA_factor	0.0188887931639745	0.113420000008664	0.166538469075397	0.868193636960513	0.20228719060228	0.202590152401033	0.000302961798753026	0.000379788058037786	0.0277350616819511	0.868193636960574	FALSE	TRUE	FALSE	FALSE	incremental same-TCGA association after categorical ECMS adjustment; not causal	0.944055216889168	0.944055216889102
official_anchor_78	primary	TRUE	78	TGFb	Factor4	standardized_PROGENy ~ ECMS	standardized_PROGENy ~ ECMS + standardized_MOFA_factor	0.0141000085235761	0.0995231580983019	0.141675654119105	0.887726469182772	0.292347776505676	0.292542298212553	0.000194521706876782	0.000274883198863209	0.0200719909700894	0.887726469182736	FALSE	TRUE	FALSE	TRUE	level-factor soft QC; technical/background only, not a biological ECMS axis	0.956013120658331	0.956013120658369
official_anchor_78	primary	TRUE	78	VEGF	Factor6	standardized_PROGENy ~ ECMS	standardized_PROGENy ~ ECMS + standardized_MOFA_factor	-0.0145705463315638	0.12347576358047	-0.118003289949837	0.906389143852435	0.291060092396062	0.291195297149844	0.000135204753782092	0.000190713983416528	0.0139247764390046	0.906389143852371	FALSE	TRUE	FALSE	FALSE	incremental same-TCGA association after categorical ECMS adjustment; not causal	0.965888246644556	0.965888246644453
official_anchor_78	primary	TRUE	78	Trail	Factor6	standardized_PROGENy ~ ECMS	standardized_PROGENy ~ ECMS + standardized_MOFA_factor	0.0129818377124872	0.119994523380487	0.108186918425631	0.914144233431357	0.330492222975138	0.330599550877254	0.000107327902115872	0.00016030867123428	0.0117044093184074	0.914144233431455	FALSE	TRUE	FALSE	FALSE	incremental same-TCGA association after categorical ECMS adjustment; not causal	0.965888246644556	0.965888246644453
official_anchor_78	primary	TRUE	78	EGFR	Factor8	standardized_PROGENy ~ ECMS	standardized_PROGENy ~ ECMS + standardized_MOFA_factor	0.0085722783770782	0.100045152387352	0.0856840953561474	0.931952119428863	0.303700537550027	0.303770558815564	7.00212655367904e-05	0.00010056199855507	0.00734176419698695	0.93195211942893	FALSE	TRUE	FALSE	FALSE	incremental same-TCGA association after categorical ECMS adjustment; not causal	0.975501283888226	0.975501283888156
official_anchor_78	primary	TRUE	78	MAPK	Factor1	standardized_PROGENy ~ ECMS	standardized_PROGENy ~ ECMS + standardized_MOFA_factor	-0.00310887745589775	0.124251228963947	-0.0250208990431783	0.980106565179127	0.19836157722337	0.198368451986853	6.87476348279481e-06	8.57589068520784e-06	0.000626045388936983	0.980106565178999	FALSE	TRUE	FALSE	FALSE	incremental same-TCGA association after categorical ECMS adjustment; not causal	0.995004389064432	0.99500438906323
official_anchor_78	primary	TRUE	78	Hypoxia	Factor5	standardized_PROGENy ~ ECMS	standardized_PROGENy ~ ECMS + standardized_MOFA_factor	-0.00211065601948953	0.114974529781563	-0.0183575964476612	0.985403662717706	0.180578041539295	0.180581824347914	3.78280861951241e-06	4.61643550121413e-06	0.000337001347325331	0.985403662717919	FALSE	TRUE	FALSE	FALSE	incremental same-TCGA association after categorical ECMS adjustment; not causal	0.995004389064432	0.99500438906323
official_anchor_78	primary	TRUE	78	VEGF	Factor8	standardized_PROGENy ~ ECMS	standardized_PROGENy ~ ECMS + standardized_MOFA_factor	0.00154398987474482	0.10095407976022	0.0152939819610264	0.987839366230741	0.291060092396062	0.291062363967085	2.27157102233866e-06	3.20417992833282e-06	0.000233905884259459	0.987839366229825	FALSE	TRUE	FALSE	FALSE	incremental same-TCGA association after categorical ECMS adjustment; not causal	0.995004389064432	0.99500438906323
official_anchor_78	primary	TRUE	78	Trail	Factor7	standardized_PROGENy ~ ECMS	standardized_PROGENy ~ ECMS + standardized_MOFA_factor	0.000871605888626035	0.0972882942180824	0.0089590006241885	0.992876285992157	0.330492222975138	0.330492959099892	7.36124753875078e-07	1.09950142348793e-06	8.02636921727595e-05	0.992876285992665	FALSE	TRUE	FALSE	FALSE	incremental same-TCGA association after categorical ECMS adjustment; not causal	0.995004389064432	0.99500438906323
official_anchor_78	primary	TRUE	78	JAK-STAT	Factor6	standardized_PROGENy ~ ECMS	standardized_PROGENy ~ ECMS + standardized_MOFA_factor	-0.00087763748849766	0.139693584129408	-0.00628258981231838	0.99500438906323	0.0927722943770149	0.0927727849127163	4.90535701377914e-07	5.40697443803337e-07	3.94709347308483e-05	0.995004389064432	FALSE	TRUE	FALSE	FALSE	incremental same-TCGA association after categorical ECMS adjustment; not causal	0.995004389064432	0.99500438906323
