study_id	analysis_id	platform	ion_mode	evidence_family	feature_id	asinh_scale_multiplier	primary_scale	effect	p	interpretation	q_evidence_family	direction
ST003027	AN004962	targeted LC-MS	positive	ST003027_targeted_LCMS_combined_modes	AN004962__243	0.001	FALSE	0.00108653551607563	1.67829958621127e-10	scale sensitivity; rank-based Wilcoxon is invariant and used for upgrade	5.38734167173817e-08	higher_in_early_ESCC
ST003027	AN004962	targeted LC-MS	positive	ST003027_targeted_LCMS_combined_modes	AN004962__85	0.001	FALSE	0.186980975953592	2.71998075236082e-08	scale sensitivity; rank-based Wilcoxon is invariant and used for upgrade	4.36556910753911e-06	higher_in_early_ESCC
ST003027	AN004962	targeted LC-MS	positive	ST003027_targeted_LCMS_combined_modes	AN004962__2	0.001	FALSE	0.00778832132328115	5.58327673963393e-08	scale sensitivity; rank-based Wilcoxon is invariant and used for upgrade	5.9741061114083e-06	higher_in_early_ESCC
ST003027	AN004963	targeted LC-MS	negative	ST003027_targeted_LCMS_combined_modes	AN004963__127	0.001	FALSE	0.000231577971645749	6.39945414634408e-07	scale sensitivity; rank-based Wilcoxon is invariant and used for upgrade	5.13556195244112e-05	higher_in_early_ESCC
ST003027	AN004962	targeted LC-MS	positive	ST003027_targeted_LCMS_combined_modes	AN004962__41	0.001	FALSE	0.00834935819024493	1.50507300093162e-06	scale sensitivity; rank-based Wilcoxon is invariant and used for upgrade	8.31239178286258e-05	higher_in_early_ESCC
ST003027	AN004963	targeted LC-MS	negative	ST003027_targeted_LCMS_combined_modes	AN004963__28	0.001	FALSE	-0.000348942159351532	1.55371809025469e-06	scale sensitivity; rank-based Wilcoxon is invariant and used for upgrade	8.31239178286258e-05	lower_in_early_ESCC
ST003027	AN004962	targeted LC-MS	positive	ST003027_targeted_LCMS_combined_modes	AN004962__67	0.001	FALSE	0.00140096207294458	2.01365262550939e-06	scale sensitivity; rank-based Wilcoxon is invariant and used for upgrade	9.23403561126449e-05	higher_in_early_ESCC
ST003027	AN004962	targeted LC-MS	positive	ST003027_targeted_LCMS_combined_modes	AN004962__17	0.001	FALSE	0.0186930670777432	3.79790845326826e-06	scale sensitivity; rank-based Wilcoxon is invariant and used for upgrade	0.000152391076687389	higher_in_early_ESCC
ST003027	AN004962	targeted LC-MS	positive	ST003027_targeted_LCMS_combined_modes	AN004962__59	0.001	FALSE	0.02064917251674	5.14877927667028e-06	scale sensitivity; rank-based Wilcoxon is invariant and used for upgrade	0.00015285962642561	higher_in_early_ESCC
ST003027	AN004962	targeted LC-MS	positive	ST003027_targeted_LCMS_combined_modes	AN004962__110	0.001	FALSE	0.000500721052616893	4.77469574379688e-06	scale sensitivity; rank-based Wilcoxon is invariant and used for upgrade	0.00015285962642561	higher_in_early_ESCC
ST003027	AN004963	targeted LC-MS	negative	ST003027_targeted_LCMS_combined_modes	AN004963__207	0.001	FALSE	-0.000613370634797039	5.23818034480283e-06	scale sensitivity; rank-based Wilcoxon is invariant and used for upgrade	0.00015285962642561	lower_in_early_ESCC
ST003027	AN004962	targeted LC-MS	positive	ST003027_targeted_LCMS_combined_modes	AN004962__29	0.001	FALSE	0.0413068040186246	8.78192404645075e-06	scale sensitivity; rank-based Wilcoxon is invariant and used for upgrade	0.000221412703492118	higher_in_early_ESCC
ST003027	AN004962	targeted LC-MS	positive	ST003027_targeted_LCMS_combined_modes	AN004962__95	0.001	FALSE	3.10183124894414e-05	9.45847064072827e-06	scale sensitivity; rank-based Wilcoxon is invariant and used for upgrade	0.000221412703492118	higher_in_early_ESCC
ST003027	AN004962	targeted LC-MS	positive	ST003027_targeted_LCMS_combined_modes	AN004962__228	0.001	FALSE	0.000110170310654376	9.88340825194476e-06	scale sensitivity; rank-based Wilcoxon is invariant and used for upgrade	0.000221412703492118	higher_in_early_ESCC
ST003027	AN004963	targeted LC-MS	negative	ST003027_targeted_LCMS_combined_modes	AN004963__39	0.001	FALSE	-0.000926167292890341	1.03463880136504e-05	scale sensitivity; rank-based Wilcoxon is invariant and used for upgrade	0.000221412703492118	lower_in_early_ESCC
ST003027	AN004962	targeted LC-MS	positive	ST003027_targeted_LCMS_combined_modes	AN004962__251	0.001	FALSE	0.000436218133128564	1.31823738534361e-05	scale sensitivity; rank-based Wilcoxon is invariant and used for upgrade	0.000264471375434562	higher_in_early_ESCC
ST003027	AN004962	targeted LC-MS	positive	ST003027_targeted_LCMS_combined_modes	AN004962__31	0.001	FALSE	0.00898717028266222	1.89148811388715e-05	scale sensitivity; rank-based Wilcoxon is invariant and used for upgrade	0.000357157461504573	higher_in_early_ESCC
ST003027	AN004963	targeted LC-MS	negative	ST003027_targeted_LCMS_combined_modes	AN004963__168	0.001	FALSE	0.00185798057618083	2.2293377859169e-05	scale sensitivity; rank-based Wilcoxon is invariant and used for upgrade	0.000397565238488514	higher_in_early_ESCC
ST003027	AN004962	targeted LC-MS	positive	ST003027_targeted_LCMS_combined_modes	AN004962__107	0.001	FALSE	0.00291740646844972	4.59699295543759e-05	scale sensitivity; rank-based Wilcoxon is invariant and used for upgrade	0.000776649862471299	higher_in_early_ESCC
ST003027	AN004962	targeted LC-MS	positive	ST003027_targeted_LCMS_combined_modes	AN004962__52	0.001	FALSE	0.000231056366137873	5.22130666133065e-05	scale sensitivity; rank-based Wilcoxon is invariant and used for upgrade	0.000798114018231971	higher_in_early_ESCC
ST003027	AN004962	targeted LC-MS	positive	ST003027_targeted_LCMS_combined_modes	AN004962__112	0.001	FALSE	1.63556874804323e-05	5.12611477356414e-05	scale sensitivity; rank-based Wilcoxon is invariant and used for upgrade	0.000798114018231971	higher_in_early_ESCC
ST003027	AN004962	targeted LC-MS	positive	ST003027_targeted_LCMS_combined_modes	AN004962__260	0.001	FALSE	0.000927548882797219	6.21379426042506e-05	scale sensitivity; rank-based Wilcoxon is invariant and used for upgrade	0.000906649071634747	higher_in_early_ESCC
ST003027	AN004962	targeted LC-MS	positive	ST003027_targeted_LCMS_combined_modes	AN004962__82	0.001	FALSE	0.000748874676116021	6.89910661315448e-05	scale sensitivity; rank-based Wilcoxon is invariant and used for upgrade	0.00096287531427069	higher_in_early_ESCC
ST003027	AN004963	targeted LC-MS	negative	ST003027_targeted_LCMS_combined_modes	AN004963__199	0.001	FALSE	-0.000277999735243152	8.87181218355245e-05	scale sensitivity; rank-based Wilcoxon is invariant and used for upgrade	0.00116332062364842	lower_in_early_ESCC
ST003027	AN004963	targeted LC-MS	negative	ST003027_targeted_LCMS_combined_modes	AN004963__211	0.001	FALSE	-0.0141044852324818	9.06012946766681e-05	scale sensitivity; rank-based Wilcoxon is invariant and used for upgrade	0.00116332062364842	lower_in_early_ESCC
ST003027	AN004962	targeted LC-MS	positive	ST003027_targeted_LCMS_combined_modes	AN004962__66	0.001	FALSE	0.00959580858958741	0.000123628296259628	scale sensitivity; rank-based Wilcoxon is invariant and used for upgrade	0.00152633396535925	higher_in_early_ESCC
ST003027	AN004962	targeted LC-MS	positive	ST003027_targeted_LCMS_combined_modes	AN004962__255	0.001	FALSE	7.27443738449375e-05	0.000150307436951171	scale sensitivity; rank-based Wilcoxon is invariant and used for upgrade	0.00178698841708615	higher_in_early_ESCC
ST003027	AN004962	targeted LC-MS	positive	ST003027_targeted_LCMS_combined_modes	AN004962__258	0.001	FALSE	3.24469373787146e-05	0.000175648218765216	scale sensitivity; rank-based Wilcoxon is invariant and used for upgrade	0.00194424407667704	higher_in_early_ESCC
ST003027	AN004963	targeted LC-MS	negative	ST003027_targeted_LCMS_combined_modes	AN004963__32	0.001	FALSE	0.000784238766327747	0.000171469569024159	scale sensitivity; rank-based Wilcoxon is invariant and used for upgrade	0.00194424407667704	higher_in_early_ESCC
ST003027	AN004963	targeted LC-MS	negative	ST003027_targeted_LCMS_combined_modes	AN004963__222	0.001	FALSE	0.000115253806434036	0.000185179394442712	scale sensitivity; rank-based Wilcoxon is invariant and used for upgrade	0.00198141952053702	higher_in_early_ESCC
ST003027	AN004962	targeted LC-MS	positive	ST003027_targeted_LCMS_combined_modes	AN004962__253	0.001	FALSE	0.01863208688663	0.000205054588125855	scale sensitivity; rank-based Wilcoxon is invariant and used for upgrade	0.00212330718672256	higher_in_early_ESCC
ST003027	AN004962	targeted LC-MS	positive	ST003027_targeted_LCMS_combined_modes	AN004962__174	0.001	FALSE	0.00462726047889512	0.000233766141476082	scale sensitivity; rank-based Wilcoxon is invariant and used for upgrade	0.00234496660668195	higher_in_early_ESCC
ST003027	AN004963	targeted LC-MS	negative	ST003027_targeted_LCMS_combined_modes	AN004963__27	0.001	FALSE	-9.3163686718993e-05	0.000244792931833036	scale sensitivity; rank-based Wilcoxon is invariant and used for upgrade	0.00238116760964862	lower_in_early_ESCC
ST003027	AN004962	targeted LC-MS	positive	ST003027_targeted_LCMS_combined_modes	AN004962__75	0.001	FALSE	0.166632027050331	0.000288830108554435	scale sensitivity; rank-based Wilcoxon is invariant and used for upgrade	0.00272689602488158	higher_in_early_ESCC
ST003027	AN004962	targeted LC-MS	positive	ST003027_targeted_LCMS_combined_modes	AN004962__8	0.001	FALSE	0.0153442770704678	0.000297337872384852	scale sensitivity; rank-based Wilcoxon is invariant and used for upgrade	0.00272701305815822	higher_in_early_ESCC
ST003027	AN004962	targeted LC-MS	positive	ST003027_targeted_LCMS_combined_modes	AN004962__21	0.001	FALSE	-0.0021224785801352	0.000333855095849095	scale sensitivity; rank-based Wilcoxon is invariant and used for upgrade	0.00297687460465443	lower_in_early_ESCC
ST003027	AN004962	targeted LC-MS	positive	ST003027_targeted_LCMS_combined_modes	AN004962__252	0.001	FALSE	0.000114969746026434	0.000368387844118455	scale sensitivity; rank-based Wilcoxon is invariant and used for upgrade	0.00311518612297158	higher_in_early_ESCC
ST003027	AN004963	targeted LC-MS	negative	ST003027_targeted_LCMS_combined_modes	AN004963__148	0.001	FALSE	7.40196244377002e-05	0.000368775927329969	scale sensitivity; rank-based Wilcoxon is invariant and used for upgrade	0.00311518612297158	higher_in_early_ESCC
ST003027	AN004962	targeted LC-MS	positive	ST003027_targeted_LCMS_combined_modes	AN004962__88	0.001	FALSE	0.0116207206656784	0.000390058570669785	scale sensitivity; rank-based Wilcoxon is invariant and used for upgrade	0.00321048208166669	higher_in_early_ESCC
ST003027	AN004962	targeted LC-MS	positive	ST003027_targeted_LCMS_combined_modes	AN004962__183	0.001	FALSE	0.000508772485501407	0.000415980088795273	scale sensitivity; rank-based Wilcoxon is invariant and used for upgrade	0.00325681971959226	higher_in_early_ESCC
ST003027	AN004962	targeted LC-MS	positive	ST003027_targeted_LCMS_combined_modes	AN004962__246	0.001	FALSE	0.0222461413137469	0.000406209689502152	scale sensitivity; rank-based Wilcoxon is invariant and used for upgrade	0.00325681971959226	higher_in_early_ESCC
ST003027	AN004962	targeted LC-MS	positive	ST003027_targeted_LCMS_combined_modes	AN004962__229	0.001	FALSE	1.06288124981392e-05	0.000473817652790819	scale sensitivity; rank-based Wilcoxon is invariant and used for upgrade	0.00362132063204412	higher_in_early_ESCC
ST003027	AN004963	targeted LC-MS	negative	ST003027_targeted_LCMS_combined_modes	AN004963__173	0.001	FALSE	0.000884825983132922	0.000497438163363403	scale sensitivity; rank-based Wilcoxon is invariant and used for upgrade	0.0037134337311547	higher_in_early_ESCC
ST003027	AN004962	targeted LC-MS	positive	ST003027_targeted_LCMS_combined_modes	AN004962__114	0.001	FALSE	0.000312266761689167	0.000650074336265122	scale sensitivity; rank-based Wilcoxon is invariant and used for upgrade	0.00474258777138873	higher_in_early_ESCC
ST003027	AN004962	targeted LC-MS	positive	ST003027_targeted_LCMS_combined_modes	AN004962__54	0.001	FALSE	0.035924926522867	0.000679168311937746	scale sensitivity; rank-based Wilcoxon is invariant and used for upgrade	0.00484473395848926	higher_in_early_ESCC
ST003027	AN004962	targeted LC-MS	positive	ST003027_targeted_LCMS_combined_modes	AN004962__37	0.001	FALSE	0.0146423880600238	0.000759339567713731	scale sensitivity; rank-based Wilcoxon is invariant and used for upgrade	0.0052988695920893	higher_in_early_ESCC
ST003027	AN004963	targeted LC-MS	negative	ST003027_targeted_LCMS_combined_modes	AN004963__92	0.001	FALSE	-0.00160072823067241	0.00079803216725847	scale sensitivity; rank-based Wilcoxon is invariant and used for upgrade	0.00545038990829721	lower_in_early_ESCC
ST003027	AN004963	targeted LC-MS	negative	ST003027_targeted_LCMS_combined_modes	AN004963__135	0.001	FALSE	0.000365221983623895	0.000984357100862887	scale sensitivity; rank-based Wilcoxon is invariant and used for upgrade	0.00658288811202056	higher_in_early_ESCC
ST003027	AN004963	targeted LC-MS	negative	ST003027_targeted_LCMS_combined_modes	AN004963__118	0.001	FALSE	0.000186457925271271	0.00102372129890135	scale sensitivity; rank-based Wilcoxon is invariant and used for upgrade	0.00670641912137418	higher_in_early_ESCC
ST003027	AN004962	targeted LC-MS	positive	ST003027_targeted_LCMS_combined_modes	AN004962__209	0.001	FALSE	7.83712499967962e-06	0.0010767554931878	scale sensitivity; rank-based Wilcoxon is invariant and used for upgrade	0.00690452486651125	higher_in_early_ESCC
ST003027	AN004962	targeted LC-MS	positive	ST003027_targeted_LCMS_combined_modes	AN004962__244	0.001	FALSE	2.49313749610099e-05	0.00109698058626814	scale sensitivity; rank-based Wilcoxon is invariant and used for upgrade	0.00690452486651125	higher_in_early_ESCC
ST003027	AN004962	targeted LC-MS	positive	ST003027_targeted_LCMS_combined_modes	AN004962__47	0.001	FALSE	-3.83025624354671e-05	0.00116107072591577	scale sensitivity; rank-based Wilcoxon is invariant and used for upgrade	0.00716737890421083	lower_in_early_ESCC
ST003027	AN004963	targeted LC-MS	negative	ST003027_targeted_LCMS_combined_modes	AN004963__129	0.001	FALSE	-0.00809456732895247	0.00122329579180615	scale sensitivity; rank-based Wilcoxon is invariant and used for upgrade	0.00740901790886369	lower_in_early_ESCC
ST003027	AN004962	targeted LC-MS	positive	ST003027_targeted_LCMS_combined_modes	AN004962__165	0.001	FALSE	0.00163549272985275	0.00127167940440418	scale sensitivity; rank-based Wilcoxon is invariant and used for upgrade	0.00755942757062484	higher_in_early_ESCC
ST003027	AN004963	targeted LC-MS	negative	ST003027_targeted_LCMS_combined_modes	AN004963__69	0.001	FALSE	8.50049994882693e-05	0.0013040910561715	scale sensitivity; rank-based Wilcoxon is invariant and used for upgrade	0.00761114961874638	higher_in_early_ESCC
ST003027	AN004962	targeted LC-MS	positive	ST003027_targeted_LCMS_combined_modes	AN004962__167	0.001	FALSE	0.00215314060422996	0.00181747356299838	scale sensitivity; rank-based Wilcoxon is invariant and used for upgrade	0.0104180181021871	higher_in_early_ESCC
ST003027	AN004962	targeted LC-MS	positive	ST003027_targeted_LCMS_combined_modes	AN004962__217	0.001	FALSE	2.72341874482266e-05	0.001859842331134	scale sensitivity; rank-based Wilcoxon is invariant and used for upgrade	0.0104738489174389	higher_in_early_ESCC
ST003027	AN004962	targeted LC-MS	positive	ST003027_targeted_LCMS_combined_modes	AN004962__3	0.001	FALSE	2.26729998283771e-05	0.00194303922131536	scale sensitivity; rank-based Wilcoxon is invariant and used for upgrade	0.0107537170696936	higher_in_early_ESCC
ST003027	AN004962	targeted LC-MS	positive	ST003027_targeted_LCMS_combined_modes	AN004962__98	0.001	FALSE	0.000969144534052745	0.0020877682161057	scale sensitivity; rank-based Wilcoxon is invariant and used for upgrade	0.0113588745316937	higher_in_early_ESCC
ST003027	AN004963	targeted LC-MS	negative	ST003027_targeted_LCMS_combined_modes	AN004963__217	0.001	FALSE	0.000368261599924031	0.00231326952045586	scale sensitivity; rank-based Wilcoxon is invariant and used for upgrade	0.0123759919344388	higher_in_early_ESCC
ST003027	AN004963	targeted LC-MS	negative	ST003027_targeted_LCMS_combined_modes	AN004963__86	0.001	FALSE	0.000528289417936657	0.00238458693219066	scale sensitivity; rank-based Wilcoxon is invariant and used for upgrade	0.0125484000857902	higher_in_early_ESCC
ST003027	AN004962	targeted LC-MS	positive	ST003027_targeted_LCMS_combined_modes	AN004962__140	0.001	FALSE	0.0149051312508469	0.00289270164473519	scale sensitivity; rank-based Wilcoxon is invariant and used for upgrade	0.0149767294832257	higher_in_early_ESCC
ST003027	AN004963	targeted LC-MS	negative	ST003027_targeted_LCMS_combined_modes	AN004963__114	0.001	FALSE	-0.0423209033061966	0.00320399824836613	scale sensitivity; rank-based Wilcoxon is invariant and used for upgrade	0.0163251339321512	lower_in_early_ESCC
ST003027	AN004963	targeted LC-MS	negative	ST003027_targeted_LCMS_combined_modes	AN004963__115	0.001	FALSE	-0.042493867702599	0.00331541647409106	scale sensitivity; rank-based Wilcoxon is invariant and used for upgrade	0.016628885752863	lower_in_early_ESCC
ST003027	AN004962	targeted LC-MS	positive	ST003027_targeted_LCMS_combined_modes	AN004962__239	0.001	FALSE	7.36412499869878e-06	0.00353615088990612	scale sensitivity; rank-based Wilcoxon is invariant and used for upgrade	0.0174631451639979	higher_in_early_ESCC
ST003027	AN004962	targeted LC-MS	positive	ST003027_targeted_LCMS_combined_modes	AN004962__227	0.001	FALSE	-0.000944348310853533	0.00381551465680662	scale sensitivity; rank-based Wilcoxon is invariant and used for upgrade	0.0183633149674998	lower_in_early_ESCC
ST003027	AN004963	targeted LC-MS	negative	ST003027_targeted_LCMS_combined_modes	AN004963__218	0.001	FALSE	0.00891563798978594	0.0038328414418146	scale sensitivity; rank-based Wilcoxon is invariant and used for upgrade	0.0183633149674998	higher_in_early_ESCC
ST003027	AN004962	targeted LC-MS	positive	ST003027_targeted_LCMS_combined_modes	AN004962__33	0.001	FALSE	0.0380626432734973	0.00418603931861031	scale sensitivity; rank-based Wilcoxon is invariant and used for upgrade	0.0186627586288043	higher_in_early_ESCC
ST003027	AN004962	targeted LC-MS	positive	ST003027_targeted_LCMS_combined_modes	AN004962__113	0.001	FALSE	0.0133643911866411	0.00415464202116976	scale sensitivity; rank-based Wilcoxon is invariant and used for upgrade	0.0186627586288043	higher_in_early_ESCC
ST003027	AN004962	targeted LC-MS	positive	ST003027_targeted_LCMS_combined_modes	AN004962__214	0.001	FALSE	2.46074373219727e-05	0.00406114899217483	scale sensitivity; rank-based Wilcoxon is invariant and used for upgrade	0.0186627586288043	higher_in_early_ESCC
ST003027	AN004963	targeted LC-MS	negative	ST003027_targeted_LCMS_combined_modes	AN004963__3	0.001	FALSE	-0.00339284474668476	0.0040977368433666	scale sensitivity; rank-based Wilcoxon is invariant and used for upgrade	0.0186627586288043	lower_in_early_ESCC
ST003027	AN004963	targeted LC-MS	negative	ST003027_targeted_LCMS_combined_modes	AN004963__191	0.001	FALSE	-0.000110017436056087	0.00403257060116669	scale sensitivity; rank-based Wilcoxon is invariant and used for upgrade	0.0186627586288043	lower_in_early_ESCC
ST003027	AN004962	targeted LC-MS	positive	ST003027_targeted_LCMS_combined_modes	AN004962__218	0.001	FALSE	0.000134590743831502	0.0043788006107356	scale sensitivity; rank-based Wilcoxon is invariant and used for upgrade	0.0192547259732346	higher_in_early_ESCC
ST003027	AN004962	targeted LC-MS	positive	ST003027_targeted_LCMS_combined_modes	AN004962__191	0.001	FALSE	1.44982499946252e-05	0.00465737329213384	scale sensitivity; rank-based Wilcoxon is invariant and used for upgrade	0.0202029300915535	higher_in_early_ESCC
ST003027	AN004963	targeted LC-MS	negative	ST003027_targeted_LCMS_combined_modes	AN004963__139	0.001	FALSE	0.000833878408149603	0.00492880388570998	scale sensitivity; rank-based Wilcoxon is invariant and used for upgrade	0.0210952806308387	higher_in_early_ESCC
ST003027	AN004962	targeted LC-MS	positive	ST003027_targeted_LCMS_combined_modes	AN004962__196	0.001	FALSE	-0.000430340463893738	0.00619436857187939	scale sensitivity; rank-based Wilcoxon is invariant and used for upgrade	0.025823276773679	lower_in_early_ESCC
ST003027	AN004963	targeted LC-MS	negative	ST003027_targeted_LCMS_combined_modes	AN004963__184	0.001	FALSE	0.00127735224784193	0.00616947364187834	scale sensitivity; rank-based Wilcoxon is invariant and used for upgrade	0.025823276773679	higher_in_early_ESCC
ST003027	AN004963	targeted LC-MS	negative	ST003027_targeted_LCMS_combined_modes	AN004963__107	0.001	FALSE	6.82330616922936e-05	0.00674876703892968	scale sensitivity; rank-based Wilcoxon is invariant and used for upgrade	0.027773772044826	higher_in_early_ESCC
ST003027	AN004962	targeted LC-MS	positive	ST003027_targeted_LCMS_combined_modes	AN004962__204	0.001	FALSE	0.00858673643758261	0.00722975032476904	scale sensitivity; rank-based Wilcoxon is invariant and used for upgrade	0.0293765804335552	higher_in_early_ESCC
ST003027	AN004962	targeted LC-MS	positive	ST003027_targeted_LCMS_combined_modes	AN004962__128	0.001	FALSE	0.00155429442368578	0.0075111150449141	scale sensitivity; rank-based Wilcoxon is invariant and used for upgrade	0.0301383491177178	higher_in_early_ESCC
ST003027	AN004963	targeted LC-MS	negative	ST003027_targeted_LCMS_combined_modes	AN004963__95	0.001	FALSE	-0.110253703861294	0.00818184295213057	scale sensitivity; rank-based Wilcoxon is invariant and used for upgrade	0.032424340588073	lower_in_early_ESCC
ST003027	AN004963	targeted LC-MS	negative	ST003027_targeted_LCMS_combined_modes	AN004963__151	0.001	FALSE	0.000104207178859647	0.00857156689113917	scale sensitivity; rank-based Wilcoxon is invariant and used for upgrade	0.0335545484397033	higher_in_early_ESCC
ST003027	AN004962	targeted LC-MS	positive	ST003027_targeted_LCMS_combined_modes	AN004962__189	0.001	FALSE	-0.00207882184236964	0.0089041798948958	scale sensitivity; rank-based Wilcoxon is invariant and used for upgrade	0.0344366475453199	lower_in_early_ESCC
ST003027	AN004963	targeted LC-MS	negative	ST003027_targeted_LCMS_combined_modes	AN004963__54	0.001	FALSE	-6.63279369672828e-05	0.00905724044047077	scale sensitivity; rank-based Wilcoxon is invariant and used for upgrade	0.0346115973975133	lower_in_early_ESCC
ST003027	AN004962	targeted LC-MS	positive	ST003027_targeted_LCMS_combined_modes	AN004962__235	0.001	FALSE	0.200864974415055	0.0103855702131669	scale sensitivity; rank-based Wilcoxon is invariant and used for upgrade	0.0392208004520775	higher_in_early_ESCC
ST003027	AN004962	targeted LC-MS	positive	ST003027_targeted_LCMS_combined_modes	AN004962__126	0.001	FALSE	0.0107619169964079	0.0111851328169576	scale sensitivity; rank-based Wilcoxon is invariant and used for upgrade	0.0417491585377137	higher_in_early_ESCC
ST003027	AN004962	targeted LC-MS	positive	ST003027_targeted_LCMS_combined_modes	AN004962__141	0.001	FALSE	0.00119025525602789	0.0113596603415018	scale sensitivity; rank-based Wilcoxon is invariant and used for upgrade	0.0419132295358859	higher_in_early_ESCC
ST003027	AN004962	targeted LC-MS	positive	ST003027_targeted_LCMS_combined_modes	AN004962__53	0.001	FALSE	0.000914682158924203	0.0115647426711801	scale sensitivity; rank-based Wilcoxon is invariant and used for upgrade	0.0421850272437364	higher_in_early_ESCC
ST003027	AN004963	targeted LC-MS	negative	ST003027_targeted_LCMS_combined_modes	AN004963__49	0.001	FALSE	-0.00067749910915165	0.0121632204531474	scale sensitivity; rank-based Wilcoxon is invariant and used for upgrade	0.0438695928703405	lower_in_early_ESCC
ST003027	AN004963	targeted LC-MS	negative	ST003027_targeted_LCMS_combined_modes	AN004963__122	0.001	FALSE	4.6092687361522e-05	0.0139240121765694	scale sensitivity; rank-based Wilcoxon is invariant and used for upgrade	0.0496623100964308	higher_in_early_ESCC
ST003027	AN004962	targeted LC-MS	positive	ST003027_targeted_LCMS_combined_modes	AN004962__184	0.001	FALSE	0.00429848188549569	0.0153349193093497	scale sensitivity; rank-based Wilcoxon is invariant and used for upgrade	0.0540935065747392	higher_in_early_ESCC
ST003027	AN004963	targeted LC-MS	negative	ST003027_targeted_LCMS_combined_modes	AN004963__8	0.001	FALSE	-0.00102652395692378	0.0157181138767564	scale sensitivity; rank-based Wilcoxon is invariant and used for upgrade	0.0548425495047696	lower_in_early_ESCC
ST003027	AN004962	targeted LC-MS	positive	ST003027_targeted_LCMS_combined_modes	AN004962__135	0.001	FALSE	1.99128124875096e-05	0.0162871023973835	scale sensitivity; rank-based Wilcoxon is invariant and used for upgrade	0.0556838843178205	higher_in_early_ESCC
ST003027	AN004963	targeted LC-MS	negative	ST003027_targeted_LCMS_combined_modes	AN004963__160	0.001	FALSE	0.000142573043630969	0.0163061841927574	scale sensitivity; rank-based Wilcoxon is invariant and used for upgrade	0.0556838843178205	higher_in_early_ESCC
ST003027	AN004962	targeted LC-MS	positive	ST003027_targeted_LCMS_combined_modes	AN004962__108	0.001	FALSE	-0.0175064488841957	0.0165041748459389	scale sensitivity; rank-based Wilcoxon is invariant and used for upgrade	0.0557667381636461	lower_in_early_ESCC
ST003027	AN004962	targeted LC-MS	positive	ST003027_targeted_LCMS_combined_modes	AN004962__24	0.001	FALSE	0.0160716624365515	0.0168397520356573	scale sensitivity; rank-based Wilcoxon is invariant and used for upgrade	0.0559385410231873	higher_in_early_ESCC
ST003027	AN004963	targeted LC-MS	negative	ST003027_targeted_LCMS_combined_modes	AN004963__41	0.001	FALSE	-0.00888729644744505	0.0169035466643276	scale sensitivity; rank-based Wilcoxon is invariant and used for upgrade	0.0559385410231873	lower_in_early_ESCC
ST003027	AN004962	targeted LC-MS	positive	ST003027_targeted_LCMS_combined_modes	AN004962__103	0.001	FALSE	0.000135453616894586	0.0174220830535464	scale sensitivity; rank-based Wilcoxon is invariant and used for upgrade	0.0570662108182488	higher_in_early_ESCC
ST003027	AN004963	targeted LC-MS	negative	ST003027_targeted_LCMS_combined_modes	AN004963__126	0.001	FALSE	5.84448119099817e-05	0.0177712257036445	scale sensitivity; rank-based Wilcoxon is invariant and used for upgrade	0.0576218530390899	higher_in_early_ESCC
ST003027	AN004962	targeted LC-MS	positive	ST003027_targeted_LCMS_combined_modes	AN004962__61	0.001	FALSE	0.0420254434737428	0.0185326345643224	scale sensitivity; rank-based Wilcoxon is invariant and used for upgrade	0.0594897569514749	higher_in_early_ESCC
ST003027	AN004962	targeted LC-MS	positive	ST003027_targeted_LCMS_combined_modes	AN004962__146	0.001	FALSE	0.00011818986789455	0.0206913074733317	scale sensitivity; rank-based Wilcoxon is invariant and used for upgrade	0.0657614821677175	higher_in_early_ESCC
ST003027	AN004962	targeted LC-MS	positive	ST003027_targeted_LCMS_combined_modes	AN004962__60	0.001	FALSE	0.00425487334935094	0.0209522085320373	scale sensitivity; rank-based Wilcoxon is invariant and used for upgrade	0.0659378327331763	higher_in_early_ESCC
ST003027	AN004963	targeted LC-MS	negative	ST003027_targeted_LCMS_combined_modes	AN004963__24	0.001	FALSE	0.000191481605235538	0.021359768416415	scale sensitivity; rank-based Wilcoxon is invariant and used for upgrade	0.0665678219579536	higher_in_early_ESCC
ST003027	AN004963	targeted LC-MS	negative	ST003027_targeted_LCMS_combined_modes	AN004963__77	0.001	FALSE	0.000110276493033066	0.0231538495324713	scale sensitivity; rank-based Wilcoxon is invariant and used for upgrade	0.0714652471146469	higher_in_early_ESCC
ST003027	AN004962	targeted LC-MS	positive	ST003027_targeted_LCMS_combined_modes	AN004962__65	0.001	FALSE	4.7478124998512e-06	0.0241278061176174	scale sensitivity; rank-based Wilcoxon is invariant and used for upgrade	0.0737621501310017	higher_in_early_ESCC
ST003027	AN004962	targeted LC-MS	positive	ST003027_targeted_LCMS_combined_modes	AN004962__62	0.001	FALSE	8.25099999650918e-06	0.025165663901804	scale sensitivity; rank-based Wilcoxon is invariant and used for upgrade	0.0757032230308022	higher_in_early_ESCC
ST003027	AN004963	targeted LC-MS	negative	ST003027_targeted_LCMS_combined_modes	AN004963__76	0.001	FALSE	-0.000112174432758775	0.0252344076769341	scale sensitivity; rank-based Wilcoxon is invariant and used for upgrade	0.0757032230308022	lower_in_early_ESCC
ST003027	AN004962	targeted LC-MS	positive	ST003027_targeted_LCMS_combined_modes	AN004962__262	0.001	FALSE	6.23774999935887e-06	0.0263894759693176	scale sensitivity; rank-based Wilcoxon is invariant and used for upgrade	0.0776098542150707	higher_in_early_ESCC
ST003027	AN004963	targeted LC-MS	negative	ST003027_targeted_LCMS_combined_modes	AN004963__93	0.001	FALSE	0.000101883496316007	0.0265952771453513	scale sensitivity; rank-based Wilcoxon is invariant and used for upgrade	0.0776098542150707	higher_in_early_ESCC
ST003027	AN004963	targeted LC-MS	negative	ST003027_targeted_LCMS_combined_modes	AN004963__185	0.001	FALSE	0.000184098671035543	0.0261177557141601	scale sensitivity; rank-based Wilcoxon is invariant and used for upgrade	0.0776098542150707	higher_in_early_ESCC
ST003027	AN004962	targeted LC-MS	positive	ST003027_targeted_LCMS_combined_modes	AN004962__42	0.001	FALSE	8.7138185235579e-05	0.0280485507885686	scale sensitivity; rank-based Wilcoxon is invariant and used for upgrade	0.0811133766047794	higher_in_early_ESCC
ST003027	AN004963	targeted LC-MS	negative	ST003027_targeted_LCMS_combined_modes	AN004963__14	0.001	FALSE	-0.00439184234971841	0.0290500485643962	scale sensitivity; rank-based Wilcoxon is invariant and used for upgrade	0.0832595141890284	lower_in_early_ESCC
ST003027	AN004962	targeted LC-MS	positive	ST003027_targeted_LCMS_combined_modes	AN004962__150	0.001	FALSE	5.07318103267071e-05	0.030836766383444	scale sensitivity; rank-based Wilcoxon is invariant and used for upgrade	0.0875982478680134	higher_in_early_ESCC
ST003027	AN004962	targeted LC-MS	positive	ST003027_targeted_LCMS_combined_modes	AN004962__185	0.001	FALSE	9.05333088826131e-05	0.0314355764370373	scale sensitivity; rank-based Wilcoxon is invariant and used for upgrade	0.0883624352531296	higher_in_early_ESCC
ST003027	AN004962	targeted LC-MS	positive	ST003027_targeted_LCMS_combined_modes	AN004962__199	0.001	FALSE	3.23658747968573e-05	0.0316563241561056	scale sensitivity; rank-based Wilcoxon is invariant and used for upgrade	0.0883624352531296	higher_in_early_ESCC
ST003027	AN004963	targeted LC-MS	negative	ST003027_targeted_LCMS_combined_modes	AN004963__19	0.001	FALSE	-0.000255520240718823	0.0320733265217174	scale sensitivity; rank-based Wilcoxon is invariant and used for upgrade	0.0887546363230283	lower_in_early_ESCC
ST003027	AN004963	targeted LC-MS	negative	ST003027_targeted_LCMS_combined_modes	AN004963__98	0.001	FALSE	-6.94675606838515e-05	0.0340375848310534	scale sensitivity; rank-based Wilcoxon is invariant and used for upgrade	0.093385168639044	lower_in_early_ESCC
ST003027	AN004962	targeted LC-MS	positive	ST003027_targeted_LCMS_combined_modes	AN004962__219	0.001	FALSE	9.06718748518516e-06	0.0355592779083334	scale sensitivity; rank-based Wilcoxon is invariant and used for upgrade	0.0967332899031782	higher_in_early_ESCC
ST003027	AN004962	targeted LC-MS	positive	ST003027_targeted_LCMS_combined_modes	AN004962__149	0.001	FALSE	-0.000148340625368369	0.0445495302641682	scale sensitivity; rank-based Wilcoxon is invariant and used for upgrade	0.120171421973092	lower_in_early_ESCC
ST003027	AN004962	targeted LC-MS	positive	ST003027_targeted_LCMS_combined_modes	AN004962__254	0.001	FALSE	-1.1427812493295e-05	0.0481467552514792	scale sensitivity; rank-based Wilcoxon is invariant and used for upgrade	0.128792570297707	lower_in_early_ESCC
ST003027	AN004963	targeted LC-MS	negative	ST003027_targeted_LCMS_combined_modes	AN004963__2	0.001	FALSE	-0.0394751885498356	0.0503047177094184	scale sensitivity; rank-based Wilcoxon is invariant and used for upgrade	0.131638308712184	lower_in_early_ESCC
ST003027	AN004963	targeted LC-MS	negative	ST003027_targeted_LCMS_combined_modes	AN004963__85	0.001	FALSE	-0.000140080367874942	0.050440847263547	scale sensitivity; rank-based Wilcoxon is invariant and used for upgrade	0.131638308712184	lower_in_early_ESCC
ST003027	AN004963	targeted LC-MS	negative	ST003027_targeted_LCMS_combined_modes	AN004963__99	0.001	FALSE	0.000975709123189619	0.0499182881933903	scale sensitivity; rank-based Wilcoxon is invariant and used for upgrade	0.131638308712184	higher_in_early_ESCC
ST003027	AN004962	targeted LC-MS	positive	ST003027_targeted_LCMS_combined_modes	AN004962__181	0.001	FALSE	0.000139175849235234	0.0545864689118939	scale sensitivity; rank-based Wilcoxon is invariant and used for upgrade	0.140647121246297	higher_in_early_ESCC
ST003027	AN004963	targeted LC-MS	negative	ST003027_targeted_LCMS_combined_modes	AN004963__78	0.001	FALSE	3.43066249453061e-05	0.0547691282111749	scale sensitivity; rank-based Wilcoxon is invariant and used for upgrade	0.140647121246297	higher_in_early_ESCC
ST003027	AN004962	targeted LC-MS	positive	ST003027_targeted_LCMS_combined_modes	AN004962__79	0.001	FALSE	-1.91779375040236e-05	0.055873504595264	scale sensitivity; rank-based Wilcoxon is invariant and used for upgrade	0.142344404564125	lower_in_early_ESCC
ST003027	AN004962	targeted LC-MS	positive	ST003027_targeted_LCMS_combined_modes	AN004962__84	0.001	FALSE	0.00254862980107171	0.0598191177730685	scale sensitivity; rank-based Wilcoxon is invariant and used for upgrade	0.151196352796496	higher_in_early_ESCC
ST003027	AN004962	targeted LC-MS	positive	ST003027_targeted_LCMS_combined_modes	AN004962__169	0.001	FALSE	0.00237776213248835	0.0633497466518411	scale sensitivity; rank-based Wilcoxon is invariant and used for upgrade	0.15886928652532	higher_in_early_ESCC
ST003027	AN004962	targeted LC-MS	positive	ST003027_targeted_LCMS_combined_modes	AN004962__232	0.001	FALSE	1.33321874796705e-05	0.0649437450616163	scale sensitivity; rank-based Wilcoxon is invariant and used for upgrade	0.16131071883217	higher_in_early_ESCC
ST003027	AN004963	targeted LC-MS	negative	ST003027_targeted_LCMS_combined_modes	AN004963__192	0.001	FALSE	-0.000775407181462969	0.0653283284990095	scale sensitivity; rank-based Wilcoxon is invariant and used for upgrade	0.16131071883217	lower_in_early_ESCC
ST003027	AN004962	targeted LC-MS	positive	ST003027_targeted_LCMS_combined_modes	AN004962__68	0.001	FALSE	2.96798748227115e-05	0.0718530087595117	scale sensitivity; rank-based Wilcoxon is invariant and used for upgrade	0.174733453119722	higher_in_early_ESCC
ST003027	AN004963	targeted LC-MS	negative	ST003027_targeted_LCMS_combined_modes	AN004963__97	0.001	FALSE	0.000243113789138731	0.0714679634842313	scale sensitivity; rank-based Wilcoxon is invariant and used for upgrade	0.174733453119722	higher_in_early_ESCC
ST003027	AN004962	targeted LC-MS	positive	ST003027_targeted_LCMS_combined_modes	AN004962__237	0.001	FALSE	3.10087499986138e-06	0.07527803871297	scale sensitivity; rank-based Wilcoxon is invariant and used for upgrade	0.181686093435063	higher_in_early_ESCC
ST003027	AN004962	targeted LC-MS	positive	ST003027_targeted_LCMS_combined_modes	AN004962__27	0.001	FALSE	-0.00305113782845418	0.0784447784686815	scale sensitivity; rank-based Wilcoxon is invariant and used for upgrade	0.186524251025532	lower_in_early_ESCC
ST003027	AN004963	targeted LC-MS	negative	ST003027_targeted_LCMS_combined_modes	AN004963__169	0.001	FALSE	0.000118144172548227	0.0779522697826134	scale sensitivity; rank-based Wilcoxon is invariant and used for upgrade	0.186524251025532	higher_in_early_ESCC
ST003027	AN004962	targeted LC-MS	positive	ST003027_targeted_LCMS_combined_modes	AN004962__242	0.001	FALSE	-0.000294445868157548	0.0798337750445839	scale sensitivity; rank-based Wilcoxon is invariant and used for upgrade	0.18843118962729	lower_in_early_ESCC
ST003027	AN004962	targeted LC-MS	positive	ST003027_targeted_LCMS_combined_modes	AN004962__18	0.001	FALSE	6.95673064907557e-05	0.080714359481622	scale sensitivity; rank-based Wilcoxon is invariant and used for upgrade	0.189119046668618	higher_in_early_ESCC
ST003027	AN004963	targeted LC-MS	negative	ST003027_targeted_LCMS_combined_modes	AN004963__171	0.001	FALSE	2.95784999720031e-05	0.0883206230088171	scale sensitivity; rank-based Wilcoxon is invariant and used for upgrade	0.205441449172683	higher_in_early_ESCC
ST003027	AN004962	targeted LC-MS	positive	ST003027_targeted_LCMS_combined_modes	AN004962__201	0.001	FALSE	3.57718749974718e-06	0.0965198570598026	scale sensitivity; rank-based Wilcoxon is invariant and used for upgrade	0.222898374936666	higher_in_early_ESCC
ST003027	AN004962	targeted LC-MS	positive	ST003027_targeted_LCMS_combined_modes	AN004962__122	0.001	FALSE	9.2668490530564e-05	0.0974396360855739	scale sensitivity; rank-based Wilcoxon is invariant and used for upgrade	0.223415165596209	higher_in_early_ESCC
ST003027	AN004963	targeted LC-MS	negative	ST003027_targeted_LCMS_combined_modes	AN004963__179	0.001	FALSE	-2.78325624792649e-05	0.0983035610094558	scale sensitivity; rank-based Wilcoxon is invariant and used for upgrade	0.223797468681102	lower_in_early_ESCC
ST003027	AN004962	targeted LC-MS	positive	ST003027_targeted_LCMS_combined_modes	AN004962__198	0.001	FALSE	-6.03149999703799e-06	0.110144413994627	scale sensitivity; rank-based Wilcoxon is invariant and used for upgrade	0.248988428818841	lower_in_early_ESCC
ST003027	AN004963	targeted LC-MS	negative	ST003027_targeted_LCMS_combined_modes	AN004963__112	0.001	FALSE	-0.00052376748752035	0.111587995024069	scale sensitivity; rank-based Wilcoxon is invariant and used for upgrade	0.250487737082001	lower_in_early_ESCC
ST003027	AN004963	targeted LC-MS	negative	ST003027_targeted_LCMS_combined_modes	AN004963__75	0.001	FALSE	5.99204349971648e-05	0.122090141991911	scale sensitivity; rank-based Wilcoxon is invariant and used for upgrade	0.272159274856968	higher_in_early_ESCC
ST003027	AN004962	targeted LC-MS	positive	ST003027_targeted_LCMS_combined_modes	AN004962__194	0.001	FALSE	-0.000157079058446048	0.126684171483614	scale sensitivity; rank-based Wilcoxon is invariant and used for upgrade	0.280452545146483	lower_in_early_ESCC
ST003027	AN004962	targeted LC-MS	positive	ST003027_targeted_LCMS_combined_modes	AN004962__206	0.001	FALSE	-1.11208124877246e-05	0.128890504816277	scale sensitivity; rank-based Wilcoxon is invariant and used for upgrade	0.283382548260445	lower_in_early_ESCC
ST003027	AN004962	targeted LC-MS	positive	ST003027_targeted_LCMS_combined_modes	AN004962__32	0.001	FALSE	3.61063121645129e-05	0.131033888979751	scale sensitivity; rank-based Wilcoxon is invariant and used for upgrade	0.286135226955782	higher_in_early_ESCC
ST003027	AN004962	targeted LC-MS	positive	ST003027_targeted_LCMS_combined_modes	AN004962__210	0.001	FALSE	8.65749999417877e-06	0.132065739244922	scale sensitivity; rank-based Wilcoxon is invariant and used for upgrade	0.286439880389324	higher_in_early_ESCC
ST003027	AN004963	targeted LC-MS	negative	ST003027_targeted_LCMS_combined_modes	AN004963__21	0.001	FALSE	6.12583730920528e-05	0.151506912957786	scale sensitivity; rank-based Wilcoxon is invariant and used for upgrade	0.326400799056706	higher_in_early_ESCC
ST003027	AN004963	targeted LC-MS	negative	ST003027_targeted_LCMS_combined_modes	AN004963__174	0.001	FALSE	0.00241063282965107	0.154124544893586	scale sensitivity; rank-based Wilcoxon is invariant and used for upgrade	0.329826526072273	higher_in_early_ESCC
ST003027	AN004962	targeted LC-MS	positive	ST003027_targeted_LCMS_combined_modes	AN004962__13	0.001	FALSE	0.000243709617581397	0.156951174238142	scale sensitivity; rank-based Wilcoxon is invariant and used for upgrade	0.333651171724791	higher_in_early_ESCC
ST003027	AN004962	targeted LC-MS	positive	ST003027_targeted_LCMS_combined_modes	AN004962__116	0.001	FALSE	3.65643749971771e-06	0.159078360377793	scale sensitivity; rank-based Wilcoxon is invariant and used for upgrade	0.33594837948205	higher_in_early_ESCC
ST003027	AN004963	targeted LC-MS	negative	ST003027_targeted_LCMS_combined_modes	AN004963__178	0.001	FALSE	0.00264824264417816	0.160274735466417	scale sensitivity; rank-based Wilcoxon is invariant and used for upgrade	0.336262680292287	higher_in_early_ESCC
ST003027	AN004962	targeted LC-MS	positive	ST003027_targeted_LCMS_combined_modes	AN004962__77	0.001	FALSE	1.94709999267752e-05	0.164479175842103	scale sensitivity; rank-based Wilcoxon is invariant and used for upgrade	0.342842957437111	higher_in_early_ESCC
ST003027	AN004963	targeted LC-MS	negative	ST003027_targeted_LCMS_combined_modes	AN004963__96	0.001	FALSE	2.96988740466189e-05	0.166444598793748	scale sensitivity; rank-based Wilcoxon is invariant and used for upgrade	0.344701394921245	higher_in_early_ESCC
ST003027	AN004962	targeted LC-MS	positive	ST003027_targeted_LCMS_combined_modes	AN004962__267	0.001	FALSE	0.000495400601087475	0.171834030005026	scale sensitivity; rank-based Wilcoxon is invariant and used for upgrade	0.353581561741112	higher_in_early_ESCC
ST003027	AN004963	targeted LC-MS	negative	ST003027_targeted_LCMS_combined_modes	AN004963__58	0.001	FALSE	3.32706874080428e-05	0.179455527133326	scale sensitivity; rank-based Wilcoxon is invariant and used for upgrade	0.366912256113361	higher_in_early_ESCC
ST003027	AN004962	targeted LC-MS	positive	ST003027_targeted_LCMS_combined_modes	AN004962__22	0.001	FALSE	0.000318333307294965	0.184610937501845	scale sensitivity; rank-based Wilcoxon is invariant and used for upgrade	0.373447896284159	higher_in_early_ESCC
ST003027	AN004963	targeted LC-MS	negative	ST003027_targeted_LCMS_combined_modes	AN004963__48	0.001	FALSE	-3.2880123060571e-05	0.184978864514583	scale sensitivity; rank-based Wilcoxon is invariant and used for upgrade	0.373447896284159	lower_in_early_ESCC
ST003027	AN004962	targeted LC-MS	positive	ST003027_targeted_LCMS_combined_modes	AN004962__145	0.001	FALSE	0.000106582074460204	0.188247692418066	scale sensitivity; rank-based Wilcoxon is invariant and used for upgrade	0.375420569891641	higher_in_early_ESCC
ST003027	AN004962	targeted LC-MS	positive	ST003027_targeted_LCMS_combined_modes	AN004962__180	0.001	FALSE	9.9475414026245e-05	0.188862455926679	scale sensitivity; rank-based Wilcoxon is invariant and used for upgrade	0.375420569891641	higher_in_early_ESCC
ST003027	AN004963	targeted LC-MS	negative	ST003027_targeted_LCMS_combined_modes	AN004963__4	0.001	FALSE	0.0723166654039825	0.189464586674286	scale sensitivity; rank-based Wilcoxon is invariant and used for upgrade	0.375420569891641	higher_in_early_ESCC
ST003027	AN004962	targeted LC-MS	positive	ST003027_targeted_LCMS_combined_modes	AN004962__205	0.001	FALSE	3.27568749989824e-06	0.1907563295702	scale sensitivity; rank-based Wilcoxon is invariant and used for upgrade	0.375661237987941	higher_in_early_ESCC
ST003027	AN004963	targeted LC-MS	negative	ST003027_targeted_LCMS_combined_modes	AN004963__103	0.001	FALSE	2.20831874500763e-05	0.197522666847213	scale sensitivity; rank-based Wilcoxon is invariant and used for upgrade	0.386614488158264	higher_in_early_ESCC
ST003027	AN004962	targeted LC-MS	positive	ST003027_targeted_LCMS_combined_modes	AN004962__197	0.001	FALSE	4.91937390398545e-05	0.203086601747818	scale sensitivity; rank-based Wilcoxon is invariant and used for upgrade	0.395095752491209	higher_in_early_ESCC
ST003027	AN004963	targeted LC-MS	negative	ST003027_targeted_LCMS_combined_modes	AN004963__123	0.001	FALSE	4.41391110908045e-05	0.207215507922713	scale sensitivity; rank-based Wilcoxon is invariant and used for upgrade	0.400699867730065	higher_in_early_ESCC
ST003027	AN004962	targeted LC-MS	positive	ST003027_targeted_LCMS_combined_modes	AN004962__268	0.001	FALSE	5.61533694525538e-05	0.210968182235834	scale sensitivity; rank-based Wilcoxon is invariant and used for upgrade	0.40551369160301	higher_in_early_ESCC
ST003027	AN004962	targeted LC-MS	positive	ST003027_targeted_LCMS_combined_modes	AN004962__56	0.001	FALSE	0.00111291087045962	0.213254025501721	scale sensitivity; rank-based Wilcoxon is invariant and used for upgrade	0.407467513012216	higher_in_early_ESCC
ST003027	AN004962	targeted LC-MS	positive	ST003027_targeted_LCMS_combined_modes	AN004962__159	0.001	FALSE	3.03606249946184e-06	0.215548736178149	scale sensitivity; rank-based Wilcoxon is invariant and used for upgrade	0.409415055107608	higher_in_early_ESCC
ST003027	AN004962	targeted LC-MS	positive	ST003027_targeted_LCMS_combined_modes	AN004962__123	0.001	FALSE	2.31431249992903e-06	0.22018697848518	scale sensitivity; rank-based Wilcoxon is invariant and used for upgrade	0.41576482408084	higher_in_early_ESCC
ST003027	AN004962	targeted LC-MS	positive	ST003027_targeted_LCMS_combined_modes	AN004962__266	0.001	FALSE	0.000519790763371202	0.223559268123056	scale sensitivity; rank-based Wilcoxon is invariant and used for upgrade	0.41966388928363	higher_in_early_ESCC
ST003027	AN004962	targeted LC-MS	positive	ST003027_targeted_LCMS_combined_modes	AN004962__72	0.001	FALSE	2.91568121145898e-05	0.227480525336708	scale sensitivity; rank-based Wilcoxon is invariant and used for upgrade	0.422218949929348	higher_in_early_ESCC
ST003027	AN004963	targeted LC-MS	negative	ST003027_targeted_LCMS_combined_modes	AN004963__221	0.001	FALSE	-0.00420781390907879	0.227551022859119	scale sensitivity; rank-based Wilcoxon is invariant and used for upgrade	0.422218949929348	lower_in_early_ESCC
ST003027	AN004962	targeted LC-MS	positive	ST003027_targeted_LCMS_combined_modes	AN004962__25	0.001	FALSE	-0.00061722900149725	0.235382605409853	scale sensitivity; rank-based Wilcoxon is invariant and used for upgrade	0.434240323773349	lower_in_early_ESCC
ST003027	AN004963	targeted LC-MS	negative	ST003027_targeted_LCMS_combined_modes	AN004963__47	0.001	FALSE	2.16081249843551e-05	0.240480919486253	scale sensitivity; rank-based Wilcoxon is invariant and used for upgrade	0.441110715171927	higher_in_early_ESCC
ST003027	AN004963	targeted LC-MS	negative	ST003027_targeted_LCMS_combined_modes	AN004963__116	0.001	FALSE	5.45099968567215e-05	0.252352299495811	scale sensitivity; rank-based Wilcoxon is invariant and used for upgrade	0.460256182603156	higher_in_early_ESCC
ST003027	AN004963	targeted LC-MS	negative	ST003027_targeted_LCMS_combined_modes	AN004963__163	0.001	FALSE	0.00695569146089319	0.259321511411407	scale sensitivity; rank-based Wilcoxon is invariant and used for upgrade	0.470294944424076	higher_in_early_ESCC
ST003027	AN004962	targeted LC-MS	positive	ST003027_targeted_LCMS_combined_modes	AN004962__216	0.001	FALSE	-0.000742454601253956	0.267335028162923	scale sensitivity; rank-based Wilcoxon is invariant and used for upgrade	0.482104180001676	lower_in_early_ESCC
ST003027	AN004962	targeted LC-MS	positive	ST003027_targeted_LCMS_combined_modes	AN004962__212	0.001	FALSE	-1.83987499996618e-06	0.269415179225735	scale sensitivity; rank-based Wilcoxon is invariant and used for upgrade	0.483141187326597	lower_in_early_ESCC
ST003027	AN004962	targeted LC-MS	positive	ST003027_targeted_LCMS_combined_modes	AN004962__49	0.001	FALSE	6.72276195677109e-05	0.273887488743654	scale sensitivity; rank-based Wilcoxon is invariant and used for upgrade	0.486510130454156	higher_in_early_ESCC
ST003027	AN004963	targeted LC-MS	negative	ST003027_targeted_LCMS_combined_modes	AN004963__102	0.001	FALSE	2.06767499196672e-05	0.274325026829291	scale sensitivity; rank-based Wilcoxon is invariant and used for upgrade	0.486510130454156	higher_in_early_ESCC
ST003027	AN004963	targeted LC-MS	negative	ST003027_targeted_LCMS_combined_modes	AN004963__15	0.001	FALSE	-0.000310038406305111	0.277726385034471	scale sensitivity; rank-based Wilcoxon is invariant and used for upgrade	0.489836096681678	lower_in_early_ESCC
ST003027	AN004962	targeted LC-MS	positive	ST003027_targeted_LCMS_combined_modes	AN004962__259	0.001	FALSE	2.32406249989125e-06	0.281269203554493	scale sensitivity; rank-based Wilcoxon is invariant and used for upgrade	0.493373848857882	higher_in_early_ESCC
ST003027	AN004962	targeted LC-MS	positive	ST003027_targeted_LCMS_combined_modes	AN004962__6	0.001	FALSE	1.91544373119376e-05	0.283321493639972	scale sensitivity; rank-based Wilcoxon is invariant and used for upgrade	0.494272823143646	higher_in_early_ESCC
ST003027	AN004962	targeted LC-MS	positive	ST003027_targeted_LCMS_combined_modes	AN004962__148	0.001	FALSE	8.48612497383969e-06	0.286994557095122	scale sensitivity; rank-based Wilcoxon is invariant and used for upgrade	0.497974339608293	higher_in_early_ESCC
ST003027	AN004963	targeted LC-MS	negative	ST003027_targeted_LCMS_combined_modes	AN004963__109	0.001	FALSE	0.111496664832343	0.300992793113877	scale sensitivity; rank-based Wilcoxon is invariant and used for upgrade	0.519455304244916	higher_in_early_ESCC
ST003027	AN004963	targeted LC-MS	negative	ST003027_targeted_LCMS_combined_modes	AN004963__175	0.001	FALSE	-0.00341036830893991	0.310388890637403	scale sensitivity; rank-based Wilcoxon is invariant and used for upgrade	0.532806598366879	lower_in_early_ESCC
ST003027	AN004962	targeted LC-MS	positive	ST003027_targeted_LCMS_combined_modes	AN004962__236	0.001	FALSE	0.000537194912689143	0.313606737313216	scale sensitivity; rank-based Wilcoxon is invariant and used for upgrade	0.535466822752884	higher_in_early_ESCC
ST003027	AN004962	targeted LC-MS	positive	ST003027_targeted_LCMS_combined_modes	AN004962__78	0.001	FALSE	2.29364996141757e-05	0.337366470602797	scale sensitivity; rank-based Wilcoxon is invariant and used for upgrade	0.56997177401841	higher_in_early_ESCC
ST003027	AN004963	targeted LC-MS	negative	ST003027_targeted_LCMS_combined_modes	AN004963__186	0.001	FALSE	3.05628116640596e-05	0.336005777428347	scale sensitivity; rank-based Wilcoxon is invariant and used for upgrade	0.56997177401841	higher_in_early_ESCC
ST003027	AN004963	targeted LC-MS	negative	ST003027_targeted_LCMS_combined_modes	AN004963__43	0.001	FALSE	0.000491667548234838	0.353265128979308	scale sensitivity; rank-based Wilcoxon is invariant and used for upgrade	0.59370736336313	higher_in_early_ESCC
ST003027	AN004962	targeted LC-MS	positive	ST003027_targeted_LCMS_combined_modes	AN004962__91	0.001	FALSE	5.01997385602267e-05	0.361992483371462	scale sensitivity; rank-based Wilcoxon is invariant and used for upgrade	0.605206183136662	higher_in_early_ESCC
ST003027	AN004962	targeted LC-MS	positive	ST003027_targeted_LCMS_combined_modes	AN004962__132	0.001	FALSE	2.01149999982927e-06	0.368235503906525	scale sensitivity; rank-based Wilcoxon is invariant and used for upgrade	0.612453869191681	higher_in_early_ESCC
ST003027	AN004963	targeted LC-MS	negative	ST003027_targeted_LCMS_combined_modes	AN004963__56	0.001	FALSE	0.0561115686430451	0.372167645987886	scale sensitivity; rank-based Wilcoxon is invariant and used for upgrade	0.615803166815007	higher_in_early_ESCC
ST003027	AN004963	targeted LC-MS	negative	ST003027_targeted_LCMS_combined_modes	AN004963__162	0.001	FALSE	-0.000533444757070073	0.377560817854025	scale sensitivity; rank-based Wilcoxon is invariant and used for upgrade	0.621523192467396	lower_in_early_ESCC
ST003027	AN004963	targeted LC-MS	negative	ST003027_targeted_LCMS_combined_modes	AN004963__80	0.001	FALSE	-0.00101298939950356	0.387537330067654	scale sensitivity; rank-based Wilcoxon is invariant and used for upgrade	0.634691239549577	lower_in_early_ESCC
ST003027	AN004962	targeted LC-MS	positive	ST003027_targeted_LCMS_combined_modes	AN004962__222	0.001	FALSE	1.32012499998543e-06	0.392226877532959	scale sensitivity; rank-based Wilcoxon is invariant and used for upgrade	0.639110800447106	higher_in_early_ESCC
ST003027	AN004963	targeted LC-MS	negative	ST003027_targeted_LCMS_combined_modes	AN004963__206	0.001	FALSE	-1.94474375757717e-05	0.394559004518925	scale sensitivity; rank-based Wilcoxon is invariant and used for upgrade	0.639663840659469	lower_in_early_ESCC
ST003027	AN004963	targeted LC-MS	negative	ST003027_targeted_LCMS_combined_modes	AN004963__73	0.001	FALSE	1.56828122906222e-05	0.404068255334437	scale sensitivity; rank-based Wilcoxon is invariant and used for upgrade	0.651788492273137	higher_in_early_ESCC
ST003027	AN004962	targeted LC-MS	positive	ST003027_targeted_LCMS_combined_modes	AN004962__131	0.001	FALSE	-1.4869874730607e-05	0.420130521551998	scale sensitivity; rank-based Wilcoxon is invariant and used for upgrade	0.674309487090958	lower_in_early_ESCC
ST003027	AN004962	targeted LC-MS	positive	ST003027_targeted_LCMS_combined_modes	AN004962__172	0.001	FALSE	8.54106248188338e-06	0.443304850851917	scale sensitivity; rank-based Wilcoxon is invariant and used for upgrade	0.707964463300823	higher_in_early_ESCC
ST003027	AN004962	targeted LC-MS	positive	ST003027_targeted_LCMS_combined_modes	AN004962__247	0.001	FALSE	0.00549774933542116	0.450552491100941	scale sensitivity; rank-based Wilcoxon is invariant and used for upgrade	0.713793710967935	higher_in_early_ESCC
ST003027	AN004963	targeted LC-MS	negative	ST003027_targeted_LCMS_combined_modes	AN004963__149	0.001	FALSE	1.35649374847779e-05	0.451402253353554	scale sensitivity; rank-based Wilcoxon is invariant and used for upgrade	0.713793710967935	higher_in_early_ESCC
ST003027	AN004962	targeted LC-MS	positive	ST003027_targeted_LCMS_combined_modes	AN004962__28	0.001	FALSE	0.000573853527763412	0.457817260916556	scale sensitivity; rank-based Wilcoxon is invariant and used for upgrade	0.718534543814766	higher_in_early_ESCC
ST003027	AN004962	targeted LC-MS	positive	ST003027_targeted_LCMS_combined_modes	AN004962__136	0.001	FALSE	1.21793124377336e-05	0.458877200878589	scale sensitivity; rank-based Wilcoxon is invariant and used for upgrade	0.718534543814766	higher_in_early_ESCC
ST003027	AN004962	targeted LC-MS	positive	ST003027_targeted_LCMS_combined_modes	AN004962__90	0.001	FALSE	0.000290684547268217	0.461443318186901	scale sensitivity; rank-based Wilcoxon is invariant and used for upgrade	0.719045170572793	higher_in_early_ESCC
ST003027	AN004963	targeted LC-MS	negative	ST003027_targeted_LCMS_combined_modes	AN004963__180	0.001	FALSE	1.11881874993796e-05	0.46524414074446	scale sensitivity; rank-based Wilcoxon is invariant and used for upgrade	0.721465551589235	higher_in_early_ESCC
ST003027	AN004962	targeted LC-MS	positive	ST003027_targeted_LCMS_combined_modes	AN004962__249	0.001	FALSE	1.10231249998047e-06	0.469978854850949	scale sensitivity; rank-based Wilcoxon is invariant and used for upgrade	0.725303905803628	higher_in_early_ESCC
ST003027	AN004962	targeted LC-MS	positive	ST003027_targeted_LCMS_combined_modes	AN004962__64	0.001	FALSE	0.00014626077317563	0.478382931626775	scale sensitivity; rank-based Wilcoxon is invariant and used for upgrade	0.727206256209297	higher_in_early_ESCC
ST003027	AN004963	targeted LC-MS	negative	ST003027_targeted_LCMS_combined_modes	AN004963__84	0.001	FALSE	0.000125767541754336	0.476346369598848	scale sensitivity; rank-based Wilcoxon is invariant and used for upgrade	0.727206256209297	higher_in_early_ESCC
ST003027	AN004963	targeted LC-MS	negative	ST003027_targeted_LCMS_combined_modes	AN004963__147	0.001	FALSE	-2.20806247799506e-05	0.477463394198632	scale sensitivity; rank-based Wilcoxon is invariant and used for upgrade	0.727206256209297	lower_in_early_ESCC
ST003027	AN004963	targeted LC-MS	negative	ST003027_targeted_LCMS_combined_modes	AN004963__215	0.001	FALSE	0.000309842722463744	0.480273290705206	scale sensitivity; rank-based Wilcoxon is invariant and used for upgrade	0.727206256209297	higher_in_early_ESCC
ST003027	AN004962	targeted LC-MS	positive	ST003027_targeted_LCMS_combined_modes	AN004962__15	0.001	FALSE	0.000179136060162771	0.485948877815057	scale sensitivity; rank-based Wilcoxon is invariant and used for upgrade	0.731744282455738	higher_in_early_ESCC
ST003027	AN004963	targeted LC-MS	negative	ST003027_targeted_LCMS_combined_modes	AN004963__200	0.001	FALSE	0.000110913707007627	0.487829521637159	scale sensitivity; rank-based Wilcoxon is invariant and used for upgrade	0.731744282455738	higher_in_early_ESCC
ST003027	AN004962	targeted LC-MS	positive	ST003027_targeted_LCMS_combined_modes	AN004962__115	0.001	FALSE	2.36956249953117e-06	0.514314890817764	scale sensitivity; rank-based Wilcoxon is invariant and used for upgrade	0.767884092802336	higher_in_early_ESCC
ST003027	AN004963	targeted LC-MS	negative	ST003027_targeted_LCMS_combined_modes	AN004963__33	0.001	FALSE	2.81783714317366e-05	0.521738722944709	scale sensitivity; rank-based Wilcoxon is invariant and used for upgrade	0.775361713265054	higher_in_early_ESCC
ST003027	AN004963	targeted LC-MS	negative	ST003027_targeted_LCMS_combined_modes	AN004963__121	0.001	FALSE	1.02580624890375e-05	0.533079978985661	scale sensitivity; rank-based Wilcoxon is invariant and used for upgrade	0.788565314536392	higher_in_early_ESCC
ST003027	AN004963	targeted LC-MS	negative	ST003027_targeted_LCMS_combined_modes	AN004963__154	0.001	FALSE	-0.000361356484892265	0.550058304336419	scale sensitivity; rank-based Wilcoxon is invariant and used for upgrade	0.809948237119222	lower_in_early_ESCC
ST003027	AN004962	targeted LC-MS	positive	ST003027_targeted_LCMS_combined_modes	AN004962__44	0.001	FALSE	-0.00320613818371385	0.556494240391028	scale sensitivity; rank-based Wilcoxon is invariant and used for upgrade	0.81153590094114	lower_in_early_ESCC
ST003027	AN004963	targeted LC-MS	negative	ST003027_targeted_LCMS_combined_modes	AN004963__16	0.001	FALSE	0.000111188180162282	0.55872097852957	scale sensitivity; rank-based Wilcoxon is invariant and used for upgrade	0.81153590094114	higher_in_early_ESCC
ST003027	AN004963	targeted LC-MS	negative	ST003027_targeted_LCMS_combined_modes	AN004963__50	0.001	FALSE	-1.52669993252654e-05	0.556296536483597	scale sensitivity; rank-based Wilcoxon is invariant and used for upgrade	0.81153590094114	lower_in_early_ESCC
ST003027	AN004963	targeted LC-MS	negative	ST003027_targeted_LCMS_combined_modes	AN004963__176	0.001	FALSE	1.22214998808177e-05	0.565177226327495	scale sensitivity; rank-based Wilcoxon is invariant and used for upgrade	0.817215719149215	higher_in_early_ESCC
ST003027	AN004963	targeted LC-MS	negative	ST003027_targeted_LCMS_combined_modes	AN004963__9	0.001	FALSE	0.000362382304011697	0.570233230434222	scale sensitivity; rank-based Wilcoxon is invariant and used for upgrade	0.820828999862713	higher_in_early_ESCC
ST003027	AN004963	targeted LC-MS	negative	ST003027_targeted_LCMS_combined_modes	AN004963__165	0.001	FALSE	1.66533117883221e-05	0.615553454030401	scale sensitivity; rank-based Wilcoxon is invariant and used for upgrade	0.882110083677494	higher_in_early_ESCC
ST003027	AN004962	targeted LC-MS	positive	ST003027_targeted_LCMS_combined_modes	AN004962__34	0.001	FALSE	6.99357781236659e-05	0.623466072230069	scale sensitivity; rank-based Wilcoxon is invariant and used for upgrade	0.885542518521469	higher_in_early_ESCC
ST003027	AN004962	targeted LC-MS	positive	ST003027_targeted_LCMS_combined_modes	AN004962__127	0.001	FALSE	4.45607322392143e-05	0.621673456918479	scale sensitivity; rank-based Wilcoxon is invariant and used for upgrade	0.885542518521469	higher_in_early_ESCC
ST003027	AN004963	targeted LC-MS	negative	ST003027_targeted_LCMS_combined_modes	AN004963__172	0.001	FALSE	7.52062499344034e-06	0.631066639436501	scale sensitivity; rank-based Wilcoxon is invariant and used for upgrade	0.892389388806682	higher_in_early_ESCC
ST003027	AN004962	targeted LC-MS	positive	ST003027_targeted_LCMS_combined_modes	AN004962__26	0.001	FALSE	-1.38181249934891e-06	0.637361979055156	scale sensitivity; rank-based Wilcoxon is invariant and used for upgrade	0.893420066710503	lower_in_early_ESCC
ST003027	AN004963	targeted LC-MS	negative	ST003027_targeted_LCMS_combined_modes	AN004963__51	0.001	FALSE	7.63699999481827e-06	0.636869087297583	scale sensitivity; rank-based Wilcoxon is invariant and used for upgrade	0.893420066710503	higher_in_early_ESCC
ST003027	AN004962	targeted LC-MS	positive	ST003027_targeted_LCMS_combined_modes	AN004962__63	0.001	FALSE	1.938337405377e-05	0.644419453656444	scale sensitivity; rank-based Wilcoxon is invariant and used for upgrade	0.895491968068045	higher_in_early_ESCC
ST003027	AN004962	targeted LC-MS	positive	ST003027_targeted_LCMS_combined_modes	AN004962__152	0.001	FALSE	6.53999999998535e-07	0.643184375406794	scale sensitivity; rank-based Wilcoxon is invariant and used for upgrade	0.895491968068045	higher_in_early_ESCC
ST003027	AN004962	targeted LC-MS	positive	ST003027_targeted_LCMS_combined_modes	AN004962__35	0.001	FALSE	0.00059794507783161	0.653911185430751	scale sensitivity; rank-based Wilcoxon is invariant and used for upgrade	0.904765045358927	higher_in_early_ESCC
ST003027	AN004962	targeted LC-MS	positive	ST003027_targeted_LCMS_combined_modes	AN004962__121	0.001	FALSE	3.12689349011489e-05	0.670294292016587	scale sensitivity; rank-based Wilcoxon is invariant and used for upgrade	0.907866952478163	higher_in_early_ESCC
ST003027	AN004962	targeted LC-MS	positive	ST003027_targeted_LCMS_combined_modes	AN004962__221	0.001	FALSE	0.000748711997505105	0.663780454189401	scale sensitivity; rank-based Wilcoxon is invariant and used for upgrade	0.907866952478163	higher_in_early_ESCC
ST003027	AN004963	targeted LC-MS	negative	ST003027_targeted_LCMS_combined_modes	AN004963__141	0.001	FALSE	-8.05143747173104e-06	0.66989033591512	scale sensitivity; rank-based Wilcoxon is invariant and used for upgrade	0.907866952478163	lower_in_early_ESCC
ST003027	AN004963	targeted LC-MS	negative	ST003027_targeted_LCMS_combined_modes	AN004963__213	0.001	FALSE	-0.000547369742451764	0.669875293439617	scale sensitivity; rank-based Wilcoxon is invariant and used for upgrade	0.907866952478163	lower_in_early_ESCC
ST003027	AN004963	targeted LC-MS	negative	ST003027_targeted_LCMS_combined_modes	AN004963__216	0.001	FALSE	-3.21634293639955e-05	0.662711816313262	scale sensitivity; rank-based Wilcoxon is invariant and used for upgrade	0.907866952478163	lower_in_early_ESCC
ST003027	AN004962	targeted LC-MS	positive	ST003027_targeted_LCMS_combined_modes	AN004962__211	0.001	FALSE	0.000135704363487169	0.677739977438071	scale sensitivity; rank-based Wilcoxon is invariant and used for upgrade	0.914094675452188	higher_in_early_ESCC
ST003027	AN004962	targeted LC-MS	positive	ST003027_targeted_LCMS_combined_modes	AN004962__168	0.001	FALSE	8.5543749992604e-07	0.686797106077376	scale sensitivity; rank-based Wilcoxon is invariant and used for upgrade	0.918720749247551	higher_in_early_ESCC
ST003027	AN004962	targeted LC-MS	positive	ST003027_targeted_LCMS_combined_modes	AN004962__263	0.001	FALSE	0.000684236340202232	0.68689401812901	scale sensitivity; rank-based Wilcoxon is invariant and used for upgrade	0.918720749247551	higher_in_early_ESCC
ST003027	AN004962	targeted LC-MS	positive	ST003027_targeted_LCMS_combined_modes	AN004962__11	0.001	FALSE	-0.000117150653007543	0.696602067902518	scale sensitivity; rank-based Wilcoxon is invariant and used for upgrade	0.927839268866009	lower_in_early_ESCC
ST003027	AN004963	targeted LC-MS	negative	ST003027_targeted_LCMS_combined_modes	AN004963__198	0.001	FALSE	-1.40485555103172e-05	0.702424694848969	scale sensitivity; rank-based Wilcoxon is invariant and used for upgrade	0.931728624159169	lower_in_early_ESCC
ST003027	AN004962	targeted LC-MS	positive	ST003027_targeted_LCMS_combined_modes	AN004962__100	0.001	FALSE	5.19437499998887e-07	0.709005909302012	scale sensitivity; rank-based Wilcoxon is invariant and used for upgrade	0.936588053028584	higher_in_early_ESCC
ST003027	AN004963	targeted LC-MS	negative	ST003027_targeted_LCMS_combined_modes	AN004963__31	0.001	FALSE	5.58406249912548e-06	0.716922629158885	scale sensitivity; rank-based Wilcoxon is invariant and used for upgrade	0.941654268069831	higher_in_early_ESCC
ST003027	AN004963	targeted LC-MS	negative	ST003027_targeted_LCMS_combined_modes	AN004963__34	0.001	FALSE	4.35224999129708e-05	0.718708086221523	scale sensitivity; rank-based Wilcoxon is invariant and used for upgrade	0.941654268069831	higher_in_early_ESCC
ST003027	AN004963	targeted LC-MS	negative	ST003027_targeted_LCMS_combined_modes	AN004963__181	0.001	FALSE	5.50937499828439e-06	0.724444640628662	scale sensitivity; rank-based Wilcoxon is invariant and used for upgrade	0.945311909113011	higher_in_early_ESCC
ST003027	AN004962	targeted LC-MS	positive	ST003027_targeted_LCMS_combined_modes	AN004962__70	0.001	FALSE	-8.15687499865814e-07	0.760475271168975	scale sensitivity; rank-based Wilcoxon is invariant and used for upgrade	0.957674974501943	lower_in_early_ESCC
ST003027	AN004963	targeted LC-MS	negative	ST003027_targeted_LCMS_combined_modes	AN004963__7	0.001	FALSE	0.00201557892388296	0.742358395016011	scale sensitivity; rank-based Wilcoxon is invariant and used for upgrade	0.957674974501943	higher_in_early_ESCC
ST003027	AN004963	targeted LC-MS	negative	ST003027_targeted_LCMS_combined_modes	AN004963__22	0.001	FALSE	-3.12553744669536e-05	0.743703340089369	scale sensitivity; rank-based Wilcoxon is invariant and used for upgrade	0.957674974501943	lower_in_early_ESCC
ST003027	AN004963	targeted LC-MS	negative	ST003027_targeted_LCMS_combined_modes	AN004963__110	0.001	FALSE	0.000219879964479882	0.753543114335417	scale sensitivity; rank-based Wilcoxon is invariant and used for upgrade	0.957674974501943	higher_in_early_ESCC
ST003027	AN004963	targeted LC-MS	negative	ST003027_targeted_LCMS_combined_modes	AN004963__150	0.001	FALSE	5.31006247353046e-06	0.73970313819709	scale sensitivity; rank-based Wilcoxon is invariant and used for upgrade	0.957674974501943	higher_in_early_ESCC
ST003027	AN004963	targeted LC-MS	negative	ST003027_targeted_LCMS_combined_modes	AN004963__155	0.001	FALSE	-0.000183467968780052	0.760769839557618	scale sensitivity; rank-based Wilcoxon is invariant and used for upgrade	0.957674974501943	lower_in_early_ESCC
ST003027	AN004963	targeted LC-MS	negative	ST003027_targeted_LCMS_combined_modes	AN004963__177	0.001	FALSE	-1.19141243755998e-05	0.75941926177091	scale sensitivity; rank-based Wilcoxon is invariant and used for upgrade	0.957674974501943	lower_in_early_ESCC
ST003027	AN004963	targeted LC-MS	negative	ST003027_targeted_LCMS_combined_modes	AN004963__190	0.001	FALSE	4.7833749995568e-06	0.754421832088964	scale sensitivity; rank-based Wilcoxon is invariant and used for upgrade	0.957674974501943	higher_in_early_ESCC
ST003027	AN004963	targeted LC-MS	negative	ST003027_targeted_LCMS_combined_modes	AN004963__202	0.001	FALSE	-8.46524980466033e-06	0.750176725614223	scale sensitivity; rank-based Wilcoxon is invariant and used for upgrade	0.957674974501943	lower_in_early_ESCC
ST003027	AN004962	targeted LC-MS	positive	ST003027_targeted_LCMS_combined_modes	AN004962__117	0.001	FALSE	2.58812499193281e-06	0.770381477875515	scale sensitivity; rank-based Wilcoxon is invariant and used for upgrade	0.958497885263722	higher_in_early_ESCC
ST003027	AN004962	targeted LC-MS	positive	ST003027_targeted_LCMS_combined_modes	AN004962__137	0.001	FALSE	3.36337499471061e-06	0.766243562851669	scale sensitivity; rank-based Wilcoxon is invariant and used for upgrade	0.958497885263722	higher_in_early_ESCC
ST003027	AN004963	targeted LC-MS	negative	ST003027_targeted_LCMS_combined_modes	AN004963__13	0.001	FALSE	1.04915000691776e-05	0.769790743690004	scale sensitivity; rank-based Wilcoxon is invariant and used for upgrade	0.958497885263722	higher_in_early_ESCC
ST003027	AN004962	targeted LC-MS	positive	ST003027_targeted_LCMS_combined_modes	AN004962__129	0.001	FALSE	3.36562498495931e-06	0.793733298903118	scale sensitivity; rank-based Wilcoxon is invariant and used for upgrade	0.967544157101461	higher_in_early_ESCC
ST003027	AN004962	targeted LC-MS	positive	ST003027_targeted_LCMS_combined_modes	AN004962__240	0.001	FALSE	0.000840586802983802	0.795737250700267	scale sensitivity; rank-based Wilcoxon is invariant and used for upgrade	0.967544157101461	higher_in_early_ESCC
ST003027	AN004963	targeted LC-MS	negative	ST003027_targeted_LCMS_combined_modes	AN004963__23	0.001	FALSE	-5.85513171890386e-05	0.787586119346368	scale sensitivity; rank-based Wilcoxon is invariant and used for upgrade	0.967544157101461	lower_in_early_ESCC
ST003027	AN004963	targeted LC-MS	negative	ST003027_targeted_LCMS_combined_modes	AN004963__53	0.001	FALSE	-1.61174332165699e-05	0.788422598362776	scale sensitivity; rank-based Wilcoxon is invariant and used for upgrade	0.967544157101461	lower_in_early_ESCC
ST003027	AN004963	targeted LC-MS	negative	ST003027_targeted_LCMS_combined_modes	AN004963__125	0.001	FALSE	3.98231249953261e-06	0.793875061965249	scale sensitivity; rank-based Wilcoxon is invariant and used for upgrade	0.967544157101461	higher_in_early_ESCC
ST003027	AN004963	targeted LC-MS	negative	ST003027_targeted_LCMS_combined_modes	AN004963__161	0.001	FALSE	0.000704187552020005	0.784874710840258	scale sensitivity; rank-based Wilcoxon is invariant and used for upgrade	0.967544157101461	higher_in_early_ESCC
ST003027	AN004962	targeted LC-MS	positive	ST003027_targeted_LCMS_combined_modes	AN004962__101	0.001	FALSE	7.56499999697145e-07	0.807485779589547	scale sensitivity; rank-based Wilcoxon is invariant and used for upgrade	0.970797510293051	higher_in_early_ESCC
ST003027	AN004963	targeted LC-MS	negative	ST003027_targeted_LCMS_combined_modes	AN004963__6	0.001	FALSE	0.000116097078813548	0.803114297366124	scale sensitivity; rank-based Wilcoxon is invariant and used for upgrade	0.970797510293051	higher_in_early_ESCC
ST003027	AN004963	targeted LC-MS	negative	ST003027_targeted_LCMS_combined_modes	AN004963__170	0.001	FALSE	5.10845881484788e-05	0.807293725411059	scale sensitivity; rank-based Wilcoxon is invariant and used for upgrade	0.970797510293051	higher_in_early_ESCC
ST003027	AN004963	targeted LC-MS	negative	ST003027_targeted_LCMS_combined_modes	AN004963__152	0.001	FALSE	4.01162497225589e-06	0.814579148398124	scale sensitivity; rank-based Wilcoxon is invariant and used for upgrade	0.975671293417156	higher_in_early_ESCC
ST003027	AN004962	targeted LC-MS	positive	ST003027_targeted_LCMS_combined_modes	AN004962__207	0.001	FALSE	3.35437499991659e-07	0.827660996455184	scale sensitivity; rank-based Wilcoxon is invariant and used for upgrade	0.983996962452274	higher_in_early_ESCC
ST003027	AN004963	targeted LC-MS	negative	ST003027_targeted_LCMS_combined_modes	AN004963__67	0.001	FALSE	3.33043749992227e-06	0.826100614343988	scale sensitivity; rank-based Wilcoxon is invariant and used for upgrade	0.983996962452274	higher_in_early_ESCC
ST003027	AN004962	targeted LC-MS	positive	ST003027_targeted_LCMS_combined_modes	AN004962__50	0.001	FALSE	-5.22893748196261e-06	0.834705223792834	scale sensitivity; rank-based Wilcoxon is invariant and used for upgrade	0.987318294959504	lower_in_early_ESCC
ST003027	AN004962	targeted LC-MS	positive	ST003027_targeted_LCMS_combined_modes	AN004962__157	0.001	FALSE	1.7978749984401e-06	0.836606156476589	scale sensitivity; rank-based Wilcoxon is invariant and used for upgrade	0.987318294959504	higher_in_early_ESCC
ST003027	AN004962	targeted LC-MS	positive	ST003027_targeted_LCMS_combined_modes	AN004962__269	0.001	FALSE	-8.28125001437301e-07	0.83992191404721	scale sensitivity; rank-based Wilcoxon is invariant and used for upgrade	0.987600492341224	lower_in_early_ESCC
ST003027	AN004962	targeted LC-MS	positive	ST003027_targeted_LCMS_combined_modes	AN004962__4	0.001	FALSE	3.61312499969926e-07	0.855185568508211	scale sensitivity; rank-based Wilcoxon is invariant and used for upgrade	0.996325731804795	higher_in_early_ESCC
ST003027	AN004962	targeted LC-MS	positive	ST003027_targeted_LCMS_combined_modes	AN004962__7	0.001	FALSE	-4.85074453605651e-05	0.880855180207486	scale sensitivity; rank-based Wilcoxon is invariant and used for upgrade	0.996325731804795	lower_in_early_ESCC
ST003027	AN004962	targeted LC-MS	positive	ST003027_targeted_LCMS_combined_modes	AN004962__12	0.001	FALSE	-0.00169190134262491	0.859303618904435	scale sensitivity; rank-based Wilcoxon is invariant and used for upgrade	0.996325731804795	lower_in_early_ESCC
ST003027	AN004962	targeted LC-MS	positive	ST003027_targeted_LCMS_combined_modes	AN004962__23	0.001	FALSE	5.96312500402858e-07	0.929237133672705	scale sensitivity; rank-based Wilcoxon is invariant and used for upgrade	0.996325731804795	higher_in_early_ESCC
ST003027	AN004962	targeted LC-MS	positive	ST003027_targeted_LCMS_combined_modes	AN004962__57	0.001	FALSE	0.000543696006422706	0.924914944203431	scale sensitivity; rank-based Wilcoxon is invariant and used for upgrade	0.996325731804795	higher_in_early_ESCC
ST003027	AN004962	targeted LC-MS	positive	ST003027_targeted_LCMS_combined_modes	AN004962__76	0.001	FALSE	2.42062499999637e-07	0.862337473091841	scale sensitivity; rank-based Wilcoxon is invariant and used for upgrade	0.996325731804795	higher_in_early_ESCC
ST003027	AN004962	targeted LC-MS	positive	ST003027_targeted_LCMS_combined_modes	AN004962__106	0.001	FALSE	3.94655233237192e-05	0.866364928722457	scale sensitivity; rank-based Wilcoxon is invariant and used for upgrade	0.996325731804795	higher_in_early_ESCC
ST003027	AN004962	targeted LC-MS	positive	ST003027_targeted_LCMS_combined_modes	AN004962__147	0.001	FALSE	-1.47831250194052e-06	0.872779217022563	scale sensitivity; rank-based Wilcoxon is invariant and used for upgrade	0.996325731804795	lower_in_early_ESCC
ST003027	AN004962	targeted LC-MS	positive	ST003027_targeted_LCMS_combined_modes	AN004962__153	0.001	FALSE	-1.57062500070888e-06	0.888358374533597	scale sensitivity; rank-based Wilcoxon is invariant and used for upgrade	0.996325731804795	lower_in_early_ESCC
ST003027	AN004962	targeted LC-MS	positive	ST003027_targeted_LCMS_combined_modes	AN004962__223	0.001	FALSE	-1.28624999999485e-07	0.927976481306523	scale sensitivity; rank-based Wilcoxon is invariant and used for upgrade	0.996325731804795	lower_in_early_ESCC
ST003027	AN004963	targeted LC-MS	negative	ST003027_targeted_LCMS_combined_modes	AN004963__12	0.001	FALSE	-1.41106249999048e-06	0.925651783022934	scale sensitivity; rank-based Wilcoxon is invariant and used for upgrade	0.996325731804795	lower_in_early_ESCC
ST003027	AN004963	targeted LC-MS	negative	ST003027_targeted_LCMS_combined_modes	AN004963__20	0.001	FALSE	0.000392548690600101	0.924522509293472	scale sensitivity; rank-based Wilcoxon is invariant and used for upgrade	0.996325731804795	higher_in_early_ESCC
ST003027	AN004963	targeted LC-MS	negative	ST003027_targeted_LCMS_combined_modes	AN004963__29	0.001	FALSE	1.91343749999328e-06	0.899249341305388	scale sensitivity; rank-based Wilcoxon is invariant and used for upgrade	0.996325731804795	higher_in_early_ESCC
ST003027	AN004963	targeted LC-MS	negative	ST003027_targeted_LCMS_combined_modes	AN004963__45	0.001	FALSE	-2.06049999978154e-06	0.891941607432598	scale sensitivity; rank-based Wilcoxon is invariant and used for upgrade	0.996325731804795	lower_in_early_ESCC
ST003027	AN004963	targeted LC-MS	negative	ST003027_targeted_LCMS_combined_modes	AN004963__57	0.001	FALSE	-3.0988125179511e-06	0.872430503355204	scale sensitivity; rank-based Wilcoxon is invariant and used for upgrade	0.996325731804795	lower_in_early_ESCC
ST003027	AN004963	targeted LC-MS	negative	ST003027_targeted_LCMS_combined_modes	AN004963__79	0.001	FALSE	7.01343670552628e-06	0.885663083666128	scale sensitivity; rank-based Wilcoxon is invariant and used for upgrade	0.996325731804795	higher_in_early_ESCC
ST003027	AN004963	targeted LC-MS	negative	ST003027_targeted_LCMS_combined_modes	AN004963__91	0.001	FALSE	0.000356203089302169	0.9157506433613	scale sensitivity; rank-based Wilcoxon is invariant and used for upgrade	0.996325731804795	higher_in_early_ESCC
ST003027	AN004963	targeted LC-MS	negative	ST003027_targeted_LCMS_combined_modes	AN004963__101	0.001	FALSE	1.78249999996267e-06	0.906366713598965	scale sensitivity; rank-based Wilcoxon is invariant and used for upgrade	0.996325731804795	higher_in_early_ESCC
ST003027	AN004963	targeted LC-MS	negative	ST003027_targeted_LCMS_combined_modes	AN004963__104	0.001	FALSE	-2.24075001356946e-06	0.897521375555098	scale sensitivity; rank-based Wilcoxon is invariant and used for upgrade	0.996325731804795	lower_in_early_ESCC
ST003027	AN004963	targeted LC-MS	negative	ST003027_targeted_LCMS_combined_modes	AN004963__119	0.001	FALSE	-2.99193726509277e-06	0.92984135200395	scale sensitivity; rank-based Wilcoxon is invariant and used for upgrade	0.996325731804795	lower_in_early_ESCC
ST003027	AN004963	targeted LC-MS	negative	ST003027_targeted_LCMS_combined_modes	AN004963__124	0.001	FALSE	-6.74731140049706e-06	0.902723605167571	scale sensitivity; rank-based Wilcoxon is invariant and used for upgrade	0.996325731804795	lower_in_early_ESCC
ST003027	AN004963	targeted LC-MS	negative	ST003027_targeted_LCMS_combined_modes	AN004963__156	0.001	FALSE	-1.5541249999665e-06	0.918196741511466	scale sensitivity; rank-based Wilcoxon is invariant and used for upgrade	0.996325731804795	lower_in_early_ESCC
ST003027	AN004963	targeted LC-MS	negative	ST003027_targeted_LCMS_combined_modes	AN004963__159	0.001	FALSE	0.000237108852674651	0.915176849823271	scale sensitivity; rank-based Wilcoxon is invariant and used for upgrade	0.996325731804795	higher_in_early_ESCC
ST003027	AN004963	targeted LC-MS	negative	ST003027_targeted_LCMS_combined_modes	AN004963__166	0.001	FALSE	1.3844999998818e-06	0.927257898571224	scale sensitivity; rank-based Wilcoxon is invariant and used for upgrade	0.996325731804795	higher_in_early_ESCC
ST003027	AN004963	targeted LC-MS	negative	ST003027_targeted_LCMS_combined_modes	AN004963__197	0.001	FALSE	7.24041891811949e-05	0.854124502358939	scale sensitivity; rank-based Wilcoxon is invariant and used for upgrade	0.996325731804795	higher_in_early_ESCC
ST003027	AN004963	targeted LC-MS	negative	ST003027_targeted_LCMS_combined_modes	AN004963__208	0.001	FALSE	-1.33537499889941e-06	0.931145543742799	scale sensitivity; rank-based Wilcoxon is invariant and used for upgrade	0.996325731804795	lower_in_early_ESCC
ST003027	AN004963	targeted LC-MS	negative	ST003027_targeted_LCMS_combined_modes	AN004963__210	0.001	FALSE	1.29668757120815e-05	0.912203466325376	scale sensitivity; rank-based Wilcoxon is invariant and used for upgrade	0.996325731804795	higher_in_early_ESCC
ST003027	AN004962	targeted LC-MS	positive	ST003027_targeted_LCMS_combined_modes	AN004962__176	0.001	FALSE	-3.57579693916015e-05	0.935372955772156	scale sensitivity; rank-based Wilcoxon is invariant and used for upgrade	0.997523982733761	lower_in_early_ESCC
ST003027	AN004962	targeted LC-MS	positive	ST003027_targeted_LCMS_combined_modes	AN004962__1	0.001	FALSE	-0.000387461522456445	0.981525022838487	scale sensitivity; rank-based Wilcoxon is invariant and used for upgrade	0.999580706492063	lower_in_early_ESCC
ST003027	AN004962	targeted LC-MS	positive	ST003027_targeted_LCMS_combined_modes	AN004962__83	0.001	FALSE	0.000385585018825713	0.965087057131462	scale sensitivity; rank-based Wilcoxon is invariant and used for upgrade	0.999580706492063	higher_in_early_ESCC
ST003027	AN004962	targeted LC-MS	positive	ST003027_targeted_LCMS_combined_modes	AN004962__130	0.001	FALSE	-3.26937499011351e-07	0.941553199513899	scale sensitivity; rank-based Wilcoxon is invariant and used for upgrade	0.999580706492063	lower_in_early_ESCC
ST003027	AN004962	targeted LC-MS	positive	ST003027_targeted_LCMS_combined_modes	AN004962__144	0.001	FALSE	-8.65437405362696e-07	0.971045077701148	scale sensitivity; rank-based Wilcoxon is invariant and used for upgrade	0.999580706492063	lower_in_early_ESCC
ST003027	AN004962	targeted LC-MS	positive	ST003027_targeted_LCMS_combined_modes	AN004962__151	0.001	FALSE	7.60187503342171e-07	0.964205616340433	scale sensitivity; rank-based Wilcoxon is invariant and used for upgrade	0.999580706492063	higher_in_early_ESCC
ST003027	AN004962	targeted LC-MS	positive	ST003027_targeted_LCMS_combined_modes	AN004962__187	0.001	FALSE	2.95374594074115e-06	0.966992389735416	scale sensitivity; rank-based Wilcoxon is invariant and used for upgrade	0.999580706492063	higher_in_early_ESCC
ST003027	AN004963	targeted LC-MS	negative	ST003027_targeted_LCMS_combined_modes	AN004963__10	0.001	FALSE	8.2192087892119e-06	0.994277062887915	scale sensitivity; rank-based Wilcoxon is invariant and used for upgrade	0.999580706492063	higher_in_early_ESCC
ST003027	AN004963	targeted LC-MS	negative	ST003027_targeted_LCMS_combined_modes	AN004963__18	0.001	FALSE	-2.94268718837519e-06	0.96813491964157	scale sensitivity; rank-based Wilcoxon is invariant and used for upgrade	0.999580706492063	lower_in_early_ESCC
ST003027	AN004963	targeted LC-MS	negative	ST003027_targeted_LCMS_combined_modes	AN004963__61	0.001	FALSE	-2.95187499999889e-07	0.984408577969206	scale sensitivity; rank-based Wilcoxon is invariant and used for upgrade	0.999580706492063	lower_in_early_ESCC
ST003027	AN004963	targeted LC-MS	negative	ST003027_targeted_LCMS_combined_modes	AN004963__81	0.001	FALSE	-3.36624999633205e-07	0.983612566217788	scale sensitivity; rank-based Wilcoxon is invariant and used for upgrade	0.999580706492063	lower_in_early_ESCC
ST003027	AN004963	targeted LC-MS	negative	ST003027_targeted_LCMS_combined_modes	AN004963__105	0.001	FALSE	1.99249999996725e-07	0.989500813138062	scale sensitivity; rank-based Wilcoxon is invariant and used for upgrade	0.999580706492063	higher_in_early_ESCC
ST003027	AN004963	targeted LC-MS	negative	ST003027_targeted_LCMS_combined_modes	AN004963__106	0.001	FALSE	-1.87443726033097e-06	0.961651550118203	scale sensitivity; rank-based Wilcoxon is invariant and used for upgrade	0.999580706492063	lower_in_early_ESCC
ST003027	AN004963	targeted LC-MS	negative	ST003027_targeted_LCMS_combined_modes	AN004963__117	0.001	FALSE	5.1875000000031e-08	0.997259841332849	scale sensitivity; rank-based Wilcoxon is invariant and used for upgrade	0.999580706492063	higher_in_early_ESCC
ST003027	AN004963	targeted LC-MS	negative	ST003027_targeted_LCMS_combined_modes	AN004963__128	0.001	FALSE	7.22999999645449e-07	0.962548440209667	scale sensitivity; rank-based Wilcoxon is invariant and used for upgrade	0.999580706492063	higher_in_early_ESCC
ST003027	AN004963	targeted LC-MS	negative	ST003027_targeted_LCMS_combined_modes	AN004963__142	0.001	FALSE	3.37562499992264e-07	0.982188109030039	scale sensitivity; rank-based Wilcoxon is invariant and used for upgrade	0.999580706492063	higher_in_early_ESCC
ST003027	AN004963	targeted LC-MS	negative	ST003027_targeted_LCMS_combined_modes	AN004963__145	0.001	FALSE	2.85187499807502e-07	0.98518988161888	scale sensitivity; rank-based Wilcoxon is invariant and used for upgrade	0.999580706492063	higher_in_early_ESCC
ST003027	AN004963	targeted LC-MS	negative	ST003027_targeted_LCMS_combined_modes	AN004963__167	0.001	FALSE	7.39999999999929e-08	0.996090998455889	scale sensitivity; rank-based Wilcoxon is invariant and used for upgrade	0.999580706492063	higher_in_early_ESCC
ST003027	AN004963	targeted LC-MS	negative	ST003027_targeted_LCMS_combined_modes	AN004963__187	0.001	FALSE	7.93749999999406e-09	0.999580706492063	scale sensitivity; rank-based Wilcoxon is invariant and used for upgrade	0.999580706492063	higher_in_early_ESCC
ST003027	AN004963	targeted LC-MS	negative	ST003027_targeted_LCMS_combined_modes	AN004963__204	0.001	FALSE	0.000268009438204632	0.981219850935656	scale sensitivity; rank-based Wilcoxon is invariant and used for upgrade	0.999580706492063	higher_in_early_ESCC
ST003027	AN004963	targeted LC-MS	negative	ST003027_targeted_LCMS_combined_modes	AN004963__212	0.001	FALSE	-5.3171427328465e-07	0.978463431570653	scale sensitivity; rank-based Wilcoxon is invariant and used for upgrade	0.999580706492063	lower_in_early_ESCC
ST003027	AN004962	targeted LC-MS	positive	ST003027_targeted_LCMS_combined_modes	AN004962__243	0.01	FALSE	0.0108632062352393	1.66785070210074e-10	scale sensitivity; rank-based Wilcoxon is invariant and used for upgrade	5.35380075374339e-08	higher_in_early_ESCC
ST003027	AN004962	targeted LC-MS	positive	ST003027_targeted_LCMS_combined_modes	AN004962__85	0.01	FALSE	0.529195618526294	1.67329729483268e-08	scale sensitivity; rank-based Wilcoxon is invariant and used for upgrade	2.68564215820645e-06	higher_in_early_ESCC
ST003027	AN004962	targeted LC-MS	positive	ST003027_targeted_LCMS_combined_modes	AN004962__2	0.01	FALSE	0.0773644535474225	5.36754124360148e-08	scale sensitivity; rank-based Wilcoxon is invariant and used for upgrade	5.74326913065359e-06	higher_in_early_ESCC
ST003027	AN004963	targeted LC-MS	negative	ST003027_targeted_LCMS_combined_modes	AN004963__127	0.01	FALSE	0.00231575164638841	5.63463334637491e-07	scale sensitivity; rank-based Wilcoxon is invariant and used for upgrade	4.52179326046586e-05	higher_in_early_ESCC
ST003027	AN004962	targeted LC-MS	positive	ST003027_targeted_LCMS_combined_modes	AN004962__41	0.01	FALSE	0.0828704111773919	1.32971739218715e-06	scale sensitivity; rank-based Wilcoxon is invariant and used for upgrade	7.93232717445327e-05	higher_in_early_ESCC
ST003027	AN004963	targeted LC-MS	negative	ST003027_targeted_LCMS_combined_modes	AN004963__28	0.01	FALSE	-0.00348939372721547	1.48267797653332e-06	scale sensitivity; rank-based Wilcoxon is invariant and used for upgrade	7.93232717445327e-05	lower_in_early_ESCC
ST003027	AN004962	targeted LC-MS	positive	ST003027_targeted_LCMS_combined_modes	AN004962__67	0.01	FALSE	0.0140078375394837	2.0041193633208e-06	scale sensitivity; rank-based Wilcoxon is invariant and used for upgrade	9.1903187946568e-05	higher_in_early_ESCC
ST003027	AN004962	targeted LC-MS	positive	ST003027_targeted_LCMS_combined_modes	AN004962__59	0.01	FALSE	0.195056669059675	3.04071080394663e-06	scale sensitivity; rank-based Wilcoxon is invariant and used for upgrade	0.000122008521008358	higher_in_early_ESCC
ST003027	AN004962	targeted LC-MS	positive	ST003027_targeted_LCMS_combined_modes	AN004962__17	0.01	FALSE	0.164998730283087	3.43949056906988e-06	scale sensitivity; rank-based Wilcoxon is invariant and used for upgrade	0.000122675163630159	higher_in_early_ESCC
ST003027	AN004962	targeted LC-MS	positive	ST003027_targeted_LCMS_combined_modes	AN004962__110	0.01	FALSE	0.00500713887017607	4.76135219405712e-06	scale sensitivity; rank-based Wilcoxon is invariant and used for upgrade	0.000152839405429234	higher_in_early_ESCC
ST003027	AN004963	targeted LC-MS	negative	ST003027_targeted_LCMS_combined_modes	AN004963__207	0.01	FALSE	-0.00613359230335945	5.36830660078301e-06	scale sensitivity; rank-based Wilcoxon is invariant and used for upgrade	0.000156656947168304	lower_in_early_ESCC
ST003027	AN004962	targeted LC-MS	positive	ST003027_targeted_LCMS_combined_modes	AN004962__29	0.01	FALSE	0.337206483035921	8.0740655349365e-06	scale sensitivity; rank-based Wilcoxon is invariant and used for upgrade	0.000215981253059551	higher_in_early_ESCC
ST003027	AN004962	targeted LC-MS	positive	ST003027_targeted_LCMS_combined_modes	AN004962__95	0.01	FALSE	0.000310183114441423	9.73904530539455e-06	scale sensitivity; rank-based Wilcoxon is invariant and used for upgrade	0.000224225639919522	higher_in_early_ESCC
ST003027	AN004962	targeted LC-MS	positive	ST003027_targeted_LCMS_combined_modes	AN004962__228	0.01	FALSE	0.001101701279382	9.86878049764614e-06	scale sensitivity; rank-based Wilcoxon is invariant and used for upgrade	0.000224225639919522	higher_in_early_ESCC
ST003027	AN004963	targeted LC-MS	negative	ST003027_targeted_LCMS_combined_modes	AN004963__39	0.01	FALSE	-0.00926097305958841	1.04778336410992e-05	scale sensitivity; rank-based Wilcoxon is invariant and used for upgrade	0.000224225639919522	lower_in_early_ESCC
ST003027	AN004962	targeted LC-MS	positive	ST003027_targeted_LCMS_combined_modes	AN004962__251	0.01	FALSE	0.00436212750586548	1.31489224789333e-05	scale sensitivity; rank-based Wilcoxon is invariant and used for upgrade	0.000263800257233599	higher_in_early_ESCC
ST003027	AN004962	targeted LC-MS	positive	ST003027_targeted_LCMS_combined_modes	AN004962__31	0.01	FALSE	0.0889721919966536	1.78722654457246e-05	scale sensitivity; rank-based Wilcoxon is invariant and used for upgrade	0.000337470424004564	higher_in_early_ESCC
ST003027	AN004963	targeted LC-MS	negative	ST003027_targeted_LCMS_combined_modes	AN004963__168	0.01	FALSE	0.0185724013160343	2.22649020383399e-05	scale sensitivity; rank-based Wilcoxon is invariant and used for upgrade	0.000397057419683729	higher_in_early_ESCC
ST003027	AN004962	targeted LC-MS	positive	ST003027_targeted_LCMS_combined_modes	AN004962__107	0.01	FALSE	0.0290446003818051	4.5668084780805e-05	scale sensitivity; rank-based Wilcoxon is invariant and used for upgrade	0.000771550274454653	higher_in_early_ESCC
ST003027	AN004962	targeted LC-MS	positive	ST003027_targeted_LCMS_combined_modes	AN004962__52	0.01	FALSE	0.00231055488800515	5.20912141018269e-05	scale sensitivity; rank-based Wilcoxon is invariant and used for upgrade	0.000836063986334321	higher_in_early_ESCC
ST003027	AN004962	targeted LC-MS	positive	ST003027_targeted_LCMS_combined_modes	AN004962__112	0.01	FALSE	0.000163556855432245	5.55094829427325e-05	scale sensitivity; rank-based Wilcoxon is invariant and used for upgrade	0.000848502096410339	higher_in_early_ESCC
ST003027	AN004962	targeted LC-MS	positive	ST003027_targeted_LCMS_combined_modes	AN004962__260	0.01	FALSE	0.0092738883850905	6.20114938960962e-05	scale sensitivity; rank-based Wilcoxon is invariant and used for upgrade	0.000904804070029403	higher_in_early_ESCC
ST003027	AN004962	targeted LC-MS	positive	ST003027_targeted_LCMS_combined_modes	AN004962__82	0.01	FALSE	0.00748805506175053	6.8797857774697e-05	scale sensitivity; rank-based Wilcoxon is invariant and used for upgrade	0.000960178797638163	higher_in_early_ESCC
ST003027	AN004963	targeted LC-MS	negative	ST003027_targeted_LCMS_combined_modes	AN004963__211	0.01	FALSE	-0.138993250420132	8.21064161416197e-05	scale sensitivity; rank-based Wilcoxon is invariant and used for upgrade	0.00109817331589416	lower_in_early_ESCC
ST003027	AN004963	targeted LC-MS	negative	ST003027_targeted_LCMS_combined_modes	AN004963__199	0.01	FALSE	-0.00277998274329844	8.58821643535158e-05	scale sensitivity; rank-based Wilcoxon is invariant and used for upgrade	0.00110272699029914	lower_in_early_ESCC
ST003027	AN004962	targeted LC-MS	positive	ST003027_targeted_LCMS_combined_modes	AN004962__66	0.01	FALSE	0.0923012424274746	0.000127895417805505	scale sensitivity; rank-based Wilcoxon is invariant and used for upgrade	0.00157901650444489	higher_in_early_ESCC
ST003027	AN004962	targeted LC-MS	positive	ST003027_targeted_LCMS_combined_modes	AN004962__253	0.01	FALSE	0.179718495057932	0.000157158648083258	scale sensitivity; rank-based Wilcoxon is invariant and used for upgrade	0.00173958365636985	higher_in_early_ESCC
ST003027	AN004962	targeted LC-MS	positive	ST003027_targeted_LCMS_combined_modes	AN004962__255	0.01	FALSE	0.000727442594941791	0.000150334508712449	scale sensitivity; rank-based Wilcoxon is invariant and used for upgrade	0.00173958365636985	higher_in_early_ESCC
ST003027	AN004963	targeted LC-MS	negative	ST003027_targeted_LCMS_combined_modes	AN004963__222	0.01	FALSE	0.00115253205909175	0.000156934087444166	scale sensitivity; rank-based Wilcoxon is invariant and used for upgrade	0.00173958365636985	higher_in_early_ESCC
ST003027	AN004962	targeted LC-MS	positive	ST003027_targeted_LCMS_combined_modes	AN004962__258	0.01	FALSE	0.000324469253714576	0.000177889348021978	scale sensitivity; rank-based Wilcoxon is invariant and used for upgrade	0.00184201550693726	higher_in_early_ESCC
ST003027	AN004963	targeted LC-MS	negative	ST003027_targeted_LCMS_combined_modes	AN004963__32	0.01	FALSE	0.00784054839340657	0.000173015380514618	scale sensitivity; rank-based Wilcoxon is invariant and used for upgrade	0.00184201550693726	higher_in_early_ESCC
ST003027	AN004963	targeted LC-MS	negative	ST003027_targeted_LCMS_combined_modes	AN004963__27	0.01	FALSE	-0.000931636093994801	0.000192940796360324	scale sensitivity; rank-based Wilcoxon is invariant and used for upgrade	0.0019354373634895	lower_in_early_ESCC
ST003027	AN004962	targeted LC-MS	positive	ST003027_targeted_LCMS_combined_modes	AN004962__174	0.01	FALSE	0.0461773180836494	0.000227203202238433	scale sensitivity; rank-based Wilcoxon is invariant and used for upgrade	0.00221006751268294	higher_in_early_ESCC
ST003027	AN004962	targeted LC-MS	positive	ST003027_targeted_LCMS_combined_modes	AN004962__75	0.01	FALSE	0.362753571962774	0.000242131189429472	scale sensitivity; rank-based Wilcoxon is invariant and used for upgrade	0.00228600328843707	higher_in_early_ESCC
ST003027	AN004962	targeted LC-MS	positive	ST003027_targeted_LCMS_combined_modes	AN004962__8	0.01	FALSE	0.131402025622136	0.000266219523348576	scale sensitivity; rank-based Wilcoxon is invariant and used for upgrade	0.00230963424310522	higher_in_early_ESCC
ST003027	AN004962	targeted LC-MS	positive	ST003027_targeted_LCMS_combined_modes	AN004962__54	0.01	FALSE	0.290853341233725	0.000264669751882708	scale sensitivity; rank-based Wilcoxon is invariant and used for upgrade	0.00230963424310522	higher_in_early_ESCC
ST003027	AN004963	targeted LC-MS	negative	ST003027_targeted_LCMS_combined_modes	AN004963__148	0.01	FALSE	0.000740195687701209	0.000261955762119046	scale sensitivity; rank-based Wilcoxon is invariant and used for upgrade	0.00230963424310522	higher_in_early_ESCC
ST003027	AN004962	targeted LC-MS	positive	ST003027_targeted_LCMS_combined_modes	AN004962__21	0.01	FALSE	-0.0212169537733319	0.000332686406295365	scale sensitivity; rank-based Wilcoxon is invariant and used for upgrade	0.00281032464265295	lower_in_early_ESCC
ST003027	AN004962	targeted LC-MS	positive	ST003027_targeted_LCMS_combined_modes	AN004962__88	0.01	FALSE	0.112073473749828	0.000365267087971982	scale sensitivity; rank-based Wilcoxon is invariant and used for upgrade	0.00295121595674179	higher_in_early_ESCC
ST003027	AN004962	targeted LC-MS	positive	ST003027_targeted_LCMS_combined_modes	AN004962__252	0.01	FALSE	0.0011496935264681	0.000367752767195239	scale sensitivity; rank-based Wilcoxon is invariant and used for upgrade	0.00295121595674179	higher_in_early_ESCC
ST003027	AN004962	targeted LC-MS	positive	ST003027_targeted_LCMS_combined_modes	AN004962__183	0.01	FALSE	0.00508758676980996	0.00041527816592185	scale sensitivity; rank-based Wilcoxon is invariant and used for upgrade	0.00319181831443681	higher_in_early_ESCC
ST003027	AN004962	targeted LC-MS	positive	ST003027_targeted_LCMS_combined_modes	AN004962__246	0.01	FALSE	0.205832192272063	0.000417621087870237	scale sensitivity; rank-based Wilcoxon is invariant and used for upgrade	0.00319181831443681	higher_in_early_ESCC
ST003027	AN004963	targeted LC-MS	negative	ST003027_targeted_LCMS_combined_modes	AN004963__95	0.01	FALSE	-0.749723590861144	0.000503412639982408	scale sensitivity; rank-based Wilcoxon is invariant and used for upgrade	0.00367262403259893	lower_in_early_ESCC
ST003027	AN004963	targeted LC-MS	negative	ST003027_targeted_LCMS_combined_modes	AN004963__173	0.01	FALSE	0.00884737727303814	0.000499418524990582	scale sensitivity; rank-based Wilcoxon is invariant and used for upgrade	0.00367262403259893	higher_in_early_ESCC
ST003027	AN004962	targeted LC-MS	positive	ST003027_targeted_LCMS_combined_modes	AN004962__229	0.01	FALSE	0.000106288123139232	0.000526960498847915	scale sensitivity; rank-based Wilcoxon is invariant and used for upgrade	0.00375898489178179	higher_in_early_ESCC
ST003027	AN004962	targeted LC-MS	positive	ST003027_targeted_LCMS_combined_modes	AN004962__114	0.01	FALSE	0.00312261731619646	0.000649083589944831	scale sensitivity; rank-based Wilcoxon is invariant and used for upgrade	0.00452947461678893	higher_in_early_ESCC
ST003027	AN004962	targeted LC-MS	positive	ST003027_targeted_LCMS_combined_modes	AN004962__37	0.01	FALSE	0.135304492457016	0.000723857684730533	scale sensitivity; rank-based Wilcoxon is invariant and used for upgrade	0.0049437939744362	higher_in_early_ESCC
ST003027	AN004963	targeted LC-MS	negative	ST003027_targeted_LCMS_combined_modes	AN004963__92	0.01	FALSE	-0.016003306458276	0.000795734758183501	scale sensitivity; rank-based Wilcoxon is invariant and used for upgrade	0.00532147619535216	lower_in_early_ESCC
ST003027	AN004963	targeted LC-MS	negative	ST003027_targeted_LCMS_combined_modes	AN004963__118	0.01	FALSE	0.00186456714648707	0.000986902330863811	scale sensitivity; rank-based Wilcoxon is invariant and used for upgrade	0.00639654982566669	higher_in_early_ESCC
ST003027	AN004963	targeted LC-MS	negative	ST003027_targeted_LCMS_combined_modes	AN004963__135	0.01	FALSE	0.00365214175410563	0.000996347324870201	scale sensitivity; rank-based Wilcoxon is invariant and used for upgrade	0.00639654982566669	higher_in_early_ESCC
ST003027	AN004962	targeted LC-MS	positive	ST003027_targeted_LCMS_combined_modes	AN004962__244	0.01	FALSE	0.000249313711009891	0.00111138044347382	scale sensitivity; rank-based Wilcoxon is invariant and used for upgrade	0.00686063696836723	higher_in_early_ESCC
ST003027	AN004963	targeted LC-MS	negative	ST003027_targeted_LCMS_combined_modes	AN004963__69	0.01	FALSE	0.000850049488270361	0.00110026457849381	scale sensitivity; rank-based Wilcoxon is invariant and used for upgrade	0.00686063696836723	higher_in_early_ESCC
ST003027	AN004962	targeted LC-MS	positive	ST003027_targeted_LCMS_combined_modes	AN004962__47	0.01	FALSE	-0.000383025560467165	0.00116583460223592	scale sensitivity; rank-based Wilcoxon is invariant and used for upgrade	0.00706099825127793	lower_in_early_ESCC
ST003027	AN004962	targeted LC-MS	positive	ST003027_targeted_LCMS_combined_modes	AN004962__165	0.01	FALSE	0.016336514610054	0.0012666425666571	scale sensitivity; rank-based Wilcoxon is invariant and used for upgrade	0.0072605761410166	higher_in_early_ESCC
ST003027	AN004962	targeted LC-MS	positive	ST003027_targeted_LCMS_combined_modes	AN004962__209	0.01	FALSE	7.8371249679621e-05	0.00125157091297824	scale sensitivity; rank-based Wilcoxon is invariant and used for upgrade	0.0072605761410166	higher_in_early_ESCC
ST003027	AN004963	targeted LC-MS	negative	ST003027_targeted_LCMS_combined_modes	AN004963__129	0.01	FALSE	-0.0793789393482025	0.00124344581789614	scale sensitivity; rank-based Wilcoxon is invariant and used for upgrade	0.0072605761410166	lower_in_early_ESCC
ST003027	AN004962	targeted LC-MS	positive	ST003027_targeted_LCMS_combined_modes	AN004962__167	0.01	FALSE	0.0214601956396845	0.00180525712650393	scale sensitivity; rank-based Wilcoxon is invariant and used for upgrade	0.0101664480282064	higher_in_early_ESCC
ST003027	AN004962	targeted LC-MS	positive	ST003027_targeted_LCMS_combined_modes	AN004962__217	0.01	FALSE	0.000272341823226655	0.00187583880959372	scale sensitivity; rank-based Wilcoxon is invariant and used for upgrade	0.010381797549648	higher_in_early_ESCC
ST003027	AN004962	targeted LC-MS	positive	ST003027_targeted_LCMS_combined_modes	AN004962__3	0.01	FALSE	0.000226729828377305	0.00196856748457365	scale sensitivity; rank-based Wilcoxon is invariant and used for upgrade	0.0107103417381041	higher_in_early_ESCC
ST003027	AN004962	targeted LC-MS	positive	ST003027_targeted_LCMS_combined_modes	AN004962__98	0.01	FALSE	0.00968980971810559	0.00208229968663882	scale sensitivity; rank-based Wilcoxon is invariant and used for upgrade	0.0111403033235177	higher_in_early_ESCC
ST003027	AN004962	targeted LC-MS	positive	ST003027_targeted_LCMS_combined_modes	AN004962__140	0.01	FALSE	0.13570820496746	0.0023614945669938	scale sensitivity; rank-based Wilcoxon is invariant and used for upgrade	0.0122264476775002	higher_in_early_ESCC
ST003027	AN004963	targeted LC-MS	negative	ST003027_targeted_LCMS_combined_modes	AN004963__217	0.01	FALSE	0.0036823437141926	0.00233739720376098	scale sensitivity; rank-based Wilcoxon is invariant and used for upgrade	0.0122264476775002	higher_in_early_ESCC
ST003027	AN004963	targeted LC-MS	negative	ST003027_targeted_LCMS_combined_modes	AN004963__86	0.01	FALSE	0.00528268921463803	0.00240214638273773	scale sensitivity; rank-based Wilcoxon is invariant and used for upgrade	0.0122395077596637	higher_in_early_ESCC
ST003027	AN004963	targeted LC-MS	negative	ST003027_targeted_LCMS_combined_modes	AN004963__114	0.01	FALSE	-0.35606085612549	0.00274016913179283	scale sensitivity; rank-based Wilcoxon is invariant and used for upgrade	0.0137436608016484	lower_in_early_ESCC
ST003027	AN004963	targeted LC-MS	negative	ST003027_targeted_LCMS_combined_modes	AN004963__115	0.01	FALSE	-0.233223140881507	0.0028663925436328	scale sensitivity; rank-based Wilcoxon is invariant and used for upgrade	0.0141555693308635	lower_in_early_ESCC
ST003027	AN004962	targeted LC-MS	positive	ST003027_targeted_LCMS_combined_modes	AN004962__113	0.01	FALSE	0.124062984911255	0.0035042903049629	scale sensitivity; rank-based Wilcoxon is invariant and used for upgrade	0.0170435937559559	higher_in_early_ESCC
ST003027	AN004962	targeted LC-MS	positive	ST003027_targeted_LCMS_combined_modes	AN004962__227	0.01	FALSE	-0.00944150258378903	0.00381092172282245	scale sensitivity; rank-based Wilcoxon is invariant and used for upgrade	0.0179897922503825	lower_in_early_ESCC
ST003027	AN004963	targeted LC-MS	negative	ST003027_targeted_LCMS_combined_modes	AN004963__191	0.01	FALSE	-0.00110017293109443	0.00378134620302207	scale sensitivity; rank-based Wilcoxon is invariant and used for upgrade	0.0179897922503825	lower_in_early_ESCC
ST003027	AN004963	targeted LC-MS	negative	ST003027_targeted_LCMS_combined_modes	AN004963__218	0.01	FALSE	0.0825408315133009	0.00388531668365538	scale sensitivity; rank-based Wilcoxon is invariant and used for upgrade	0.0180751689196141	higher_in_early_ESCC
ST003027	AN004962	targeted LC-MS	positive	ST003027_targeted_LCMS_combined_modes	AN004962__239	0.01	FALSE	7.36412486987733e-05	0.003945007733622	scale sensitivity; rank-based Wilcoxon is invariant and used for upgrade	0.0180906783213237	higher_in_early_ESCC
ST003027	AN004962	targeted LC-MS	positive	ST003027_targeted_LCMS_combined_modes	AN004962__33	0.01	FALSE	0.264871697774248	0.00411519831351954	scale sensitivity; rank-based Wilcoxon is invariant and used for upgrade	0.0180955980635585	higher_in_early_ESCC
ST003027	AN004962	targeted LC-MS	positive	ST003027_targeted_LCMS_combined_modes	AN004962__214	0.01	FALSE	0.000246074196972887	0.00409286277330807	scale sensitivity; rank-based Wilcoxon is invariant and used for upgrade	0.0180955980635585	higher_in_early_ESCC
ST003027	AN004963	targeted LC-MS	negative	ST003027_targeted_LCMS_combined_modes	AN004963__3	0.01	FALSE	-0.0338540443324422	0.00408132452564497	scale sensitivity; rank-based Wilcoxon is invariant and used for upgrade	0.0180955980635585	lower_in_early_ESCC
ST003027	AN004962	targeted LC-MS	positive	ST003027_targeted_LCMS_combined_modes	AN004962__218	0.01	FALSE	0.00134590133160662	0.00437367529214254	scale sensitivity; rank-based Wilcoxon is invariant and used for upgrade	0.0189722941726724	higher_in_early_ESCC
ST003027	AN004962	targeted LC-MS	positive	ST003027_targeted_LCMS_combined_modes	AN004962__191	0.01	FALSE	0.000144982494625165	0.0047715319881016	scale sensitivity; rank-based Wilcoxon is invariant and used for upgrade	0.0204221569090748	higher_in_early_ESCC
ST003027	AN004963	targeted LC-MS	negative	ST003027_targeted_LCMS_combined_modes	AN004963__139	0.01	FALSE	0.00833702347460509	0.00493593099056307	scale sensitivity; rank-based Wilcoxon is invariant and used for upgrade	0.0208478137890888	higher_in_early_ESCC
ST003027	AN004963	targeted LC-MS	negative	ST003027_targeted_LCMS_combined_modes	AN004963__107	0.01	FALSE	0.000682329817296258	0.00588860733353077	scale sensitivity; rank-based Wilcoxon is invariant and used for upgrade	0.0245486097930309	higher_in_early_ESCC
ST003027	AN004962	targeted LC-MS	positive	ST003027_targeted_LCMS_combined_modes	AN004962__196	0.01	FALSE	-0.00430324516199928	0.00618882115808701	scale sensitivity; rank-based Wilcoxon is invariant and used for upgrade	0.0251469821739991	lower_in_early_ESCC
ST003027	AN004963	targeted LC-MS	negative	ST003027_targeted_LCMS_combined_modes	AN004963__184	0.01	FALSE	0.0127687606028305	0.00616658305506107	scale sensitivity; rank-based Wilcoxon is invariant and used for upgrade	0.0251469821739991	higher_in_early_ESCC
ST003027	AN004962	targeted LC-MS	positive	ST003027_targeted_LCMS_combined_modes	AN004962__204	0.01	FALSE	0.0840980896627087	0.0067413398035011	scale sensitivity; rank-based Wilcoxon is invariant and used for upgrade	0.0270496259615482	higher_in_early_ESCC
ST003027	AN004962	targeted LC-MS	positive	ST003027_targeted_LCMS_combined_modes	AN004962__128	0.01	FALSE	0.0155229476183732	0.00748266512341608	scale sensitivity; rank-based Wilcoxon is invariant and used for upgrade	0.0296535247483526	higher_in_early_ESCC
ST003027	AN004963	targeted LC-MS	negative	ST003027_targeted_LCMS_combined_modes	AN004963__54	0.01	FALSE	-0.000663278842284396	0.00799334953320199	scale sensitivity; rank-based Wilcoxon is invariant and used for upgrade	0.0312910390263151	lower_in_early_ESCC
ST003027	AN004963	targeted LC-MS	negative	ST003027_targeted_LCMS_combined_modes	AN004963__151	0.01	FALSE	0.0010420632347792	0.00814832315409234	scale sensitivity; rank-based Wilcoxon is invariant and used for upgrade	0.0315133943670318	higher_in_early_ESCC
ST003027	AN004962	targeted LC-MS	positive	ST003027_targeted_LCMS_combined_modes	AN004962__189	0.01	FALSE	-0.0207588055905023	0.00886068264466386	scale sensitivity; rank-based Wilcoxon is invariant and used for upgrade	0.0338604658206798	lower_in_early_ESCC
ST003027	AN004962	targeted LC-MS	positive	ST003027_targeted_LCMS_combined_modes	AN004962__126	0.01	FALSE	0.0944759697818435	0.0111852791548953	scale sensitivity; rank-based Wilcoxon is invariant and used for upgrade	0.0418611888597477	higher_in_early_ESCC
ST003027	AN004962	targeted LC-MS	positive	ST003027_targeted_LCMS_combined_modes	AN004962__141	0.01	FALSE	0.0118976142225021	0.011345555859184	scale sensitivity; rank-based Wilcoxon is invariant and used for upgrade	0.0418611888597477	higher_in_early_ESCC
ST003027	AN004963	targeted LC-MS	negative	ST003027_targeted_LCMS_combined_modes	AN004963__122	0.01	FALSE	0.000460926736522099	0.0112610801520712	scale sensitivity; rank-based Wilcoxon is invariant and used for upgrade	0.0418611888597477	higher_in_early_ESCC
ST003027	AN004962	targeted LC-MS	positive	ST003027_targeted_LCMS_combined_modes	AN004962__53	0.01	FALSE	0.00913863915147494	0.0115574073849019	scale sensitivity; rank-based Wilcoxon is invariant and used for upgrade	0.0421582701199263	higher_in_early_ESCC
ST003027	AN004963	targeted LC-MS	negative	ST003027_targeted_LCMS_combined_modes	AN004963__49	0.01	FALSE	-0.0067728111990498	0.0121845921685549	scale sensitivity; rank-based Wilcoxon is invariant and used for upgrade	0.043946675124788	lower_in_early_ESCC
ST003027	AN004962	targeted LC-MS	positive	ST003027_targeted_LCMS_combined_modes	AN004962__61	0.01	FALSE	0.239853493951594	0.0137920949642583	scale sensitivity; rank-based Wilcoxon is invariant and used for upgrade	0.0491918053725213	higher_in_early_ESCC
ST003027	AN004962	targeted LC-MS	positive	ST003027_targeted_LCMS_combined_modes	AN004962__108	0.01	FALSE	-0.16542099653329	0.0139837269968781	scale sensitivity; rank-based Wilcoxon is invariant and used for upgrade	0.0493272128131635	lower_in_early_ESCC
ST003027	AN004962	targeted LC-MS	positive	ST003027_targeted_LCMS_combined_modes	AN004962__184	0.01	FALSE	0.0427918574615899	0.0150757008280725	scale sensitivity; rank-based Wilcoxon is invariant and used for upgrade	0.0526010865849052	higher_in_early_ESCC
ST003027	AN004963	targeted LC-MS	negative	ST003027_targeted_LCMS_combined_modes	AN004963__8	0.01	FALSE	-0.0102601284874885	0.0157199434393231	scale sensitivity; rank-based Wilcoxon is invariant and used for upgrade	0.0540791142693324	lower_in_early_ESCC
ST003027	AN004963	targeted LC-MS	negative	ST003027_targeted_LCMS_combined_modes	AN004963__126	0.01	FALSE	0.000584447534982711	0.0158936342121789	scale sensitivity; rank-based Wilcoxon is invariant and used for upgrade	0.0540791142693324	higher_in_early_ESCC
ST003027	AN004963	targeted LC-MS	negative	ST003027_targeted_LCMS_combined_modes	AN004963__160	0.01	FALSE	0.00142564988823285	0.016004722291547	scale sensitivity; rank-based Wilcoxon is invariant and used for upgrade	0.0540791142693324	higher_in_early_ESCC
ST003027	AN004962	targeted LC-MS	positive	ST003027_targeted_LCMS_combined_modes	AN004962__135	0.01	FALSE	0.000199128112509608	0.0163860980165487	scale sensitivity; rank-based Wilcoxon is invariant and used for upgrade	0.0545479324017282	higher_in_early_ESCC
ST003027	AN004962	targeted LC-MS	positive	ST003027_targeted_LCMS_combined_modes	AN004962__235	0.01	FALSE	0.415882636453542	0.016653262851618	scale sensitivity; rank-based Wilcoxon is invariant and used for upgrade	0.0545479324017282	higher_in_early_ESCC
ST003027	AN004963	targeted LC-MS	negative	ST003027_targeted_LCMS_combined_modes	AN004963__41	0.01	FALSE	-0.0840877771147466	0.0166337829600713	scale sensitivity; rank-based Wilcoxon is invariant and used for upgrade	0.0545479324017282	lower_in_early_ESCC
ST003027	AN004962	targeted LC-MS	positive	ST003027_targeted_LCMS_combined_modes	AN004962__103	0.01	FALSE	0.00135452814475425	0.0174073302932501	scale sensitivity; rank-based Wilcoxon is invariant and used for upgrade	0.0564419497387199	higher_in_early_ESCC
ST003027	AN004962	targeted LC-MS	positive	ST003027_targeted_LCMS_combined_modes	AN004962__24	0.01	FALSE	0.130745399381931	0.0182988945786201	scale sensitivity; rank-based Wilcoxon is invariant and used for upgrade	0.0587394515973706	higher_in_early_ESCC
ST003027	AN004962	targeted LC-MS	positive	ST003027_targeted_LCMS_combined_modes	AN004962__60	0.01	FALSE	0.0418252013643605	0.0205714138730559	scale sensitivity; rank-based Wilcoxon is invariant and used for upgrade	0.0650648662491693	higher_in_early_ESCC
ST003027	AN004962	targeted LC-MS	positive	ST003027_targeted_LCMS_combined_modes	AN004962__146	0.01	FALSE	0.00118189164467386	0.0206748173128201	scale sensitivity; rank-based Wilcoxon is invariant and used for upgrade	0.0650648662491693	higher_in_early_ESCC
ST003027	AN004963	targeted LC-MS	negative	ST003027_targeted_LCMS_combined_modes	AN004963__24	0.01	FALSE	0.00191479648621558	0.0214136163957543	scale sensitivity; rank-based Wilcoxon is invariant and used for upgrade	0.0667356394469624	higher_in_early_ESCC
ST003027	AN004963	targeted LC-MS	negative	ST003027_targeted_LCMS_combined_modes	AN004963__77	0.01	FALSE	0.00110275803317202	0.0225690527162553	scale sensitivity; rank-based Wilcoxon is invariant and used for upgrade	0.0696602492492112	higher_in_early_ESCC
ST003027	AN004963	targeted LC-MS	negative	ST003027_targeted_LCMS_combined_modes	AN004963__76	0.01	FALSE	-0.00112173963385159	0.0246521017094764	scale sensitivity; rank-based Wilcoxon is invariant and used for upgrade	0.075364996654685	lower_in_early_ESCC
ST003027	AN004962	targeted LC-MS	positive	ST003027_targeted_LCMS_combined_modes	AN004962__62	0.01	FALSE	8.25099965091819e-05	0.0259695090746173	scale sensitivity; rank-based Wilcoxon is invariant and used for upgrade	0.0778003135814994	higher_in_early_ESCC
ST003027	AN004963	targeted LC-MS	negative	ST003027_targeted_LCMS_combined_modes	AN004963__93	0.01	FALSE	0.00101883131604657	0.0258745017016666	scale sensitivity; rank-based Wilcoxon is invariant and used for upgrade	0.0778003135814994	higher_in_early_ESCC
ST003027	AN004963	targeted LC-MS	negative	ST003027_targeted_LCMS_combined_modes	AN004963__185	0.01	FALSE	0.00184097041123981	0.0261758064386353	scale sensitivity; rank-based Wilcoxon is invariant and used for upgrade	0.0778003135814994	higher_in_early_ESCC
ST003027	AN004962	targeted LC-MS	positive	ST003027_targeted_LCMS_combined_modes	AN004962__65	0.01	FALSE	4.74781248512017e-05	0.0266081949127393	scale sensitivity; rank-based Wilcoxon is invariant and used for upgrade	0.0783599134586176	higher_in_early_ESCC
ST003027	AN004962	targeted LC-MS	positive	ST003027_targeted_LCMS_combined_modes	AN004962__42	0.01	FALSE	0.000871379610599382	0.0280294468118277	scale sensitivity; rank-based Wilcoxon is invariant and used for upgrade	0.0810581299693397	higher_in_early_ESCC
ST003027	AN004962	targeted LC-MS	positive	ST003027_targeted_LCMS_combined_modes	AN004962__262	0.01	FALSE	6.23774993588699e-05	0.0278460870202062	scale sensitivity; rank-based Wilcoxon is invariant and used for upgrade	0.0810581299693397	higher_in_early_ESCC
ST003027	AN004963	targeted LC-MS	negative	ST003027_targeted_LCMS_combined_modes	AN004963__14	0.01	FALSE	-0.0432241028360362	0.0290375396916276	scale sensitivity; rank-based Wilcoxon is invariant and used for upgrade	0.0832236628661826	lower_in_early_ESCC
ST003027	AN004962	targeted LC-MS	positive	ST003027_targeted_LCMS_combined_modes	AN004962__150	0.01	FALSE	0.00050731595172344	0.0308265779302671	scale sensitivity; rank-based Wilcoxon is invariant and used for upgrade	0.087569305447927	higher_in_early_ESCC
ST003027	AN004962	targeted LC-MS	positive	ST003027_targeted_LCMS_combined_modes	AN004962__185	0.01	FALSE	0.000905329507661153	0.0314148232995337	scale sensitivity; rank-based Wilcoxon is invariant and used for upgrade	0.0884285015421526	higher_in_early_ESCC
ST003027	AN004962	targeted LC-MS	positive	ST003027_targeted_LCMS_combined_modes	AN004962__199	0.01	FALSE	0.000323658546857785	0.0316799927643226	scale sensitivity; rank-based Wilcoxon is invariant and used for upgrade	0.0884285015421526	higher_in_early_ESCC
ST003027	AN004963	targeted LC-MS	negative	ST003027_targeted_LCMS_combined_modes	AN004963__19	0.01	FALSE	-0.00255513135132987	0.0322433849979914	scale sensitivity; rank-based Wilcoxon is invariant and used for upgrade	0.0887611955891259	lower_in_early_ESCC
ST003027	AN004963	targeted LC-MS	negative	ST003027_targeted_LCMS_combined_modes	AN004963__98	0.01	FALSE	-0.000694673808861239	0.0323522114764104	scale sensitivity; rank-based Wilcoxon is invariant and used for upgrade	0.0887611955891259	lower_in_early_ESCC
ST003027	AN004962	targeted LC-MS	positive	ST003027_targeted_LCMS_combined_modes	AN004962__219	0.01	FALSE	9.06718601851076e-05	0.0362883193057206	scale sensitivity; rank-based Wilcoxon is invariant and used for upgrade	0.0987165296367483	higher_in_early_ESCC
ST003027	AN004962	targeted LC-MS	positive	ST003027_targeted_LCMS_combined_modes	AN004962__149	0.01	FALSE	-0.00148340661726323	0.0445173580814281	scale sensitivity; rank-based Wilcoxon is invariant and used for upgrade	0.120084638186037	lower_in_early_ESCC
ST003027	AN004963	targeted LC-MS	negative	ST003027_targeted_LCMS_combined_modes	AN004963__78	0.01	FALSE	0.000343066195306061	0.0470746300835182	scale sensitivity; rank-based Wilcoxon is invariant and used for upgrade	0.125924635473411	higher_in_early_ESCC
ST003027	AN004962	targeted LC-MS	positive	ST003027_targeted_LCMS_combined_modes	AN004962__254	0.01	FALSE	-0.00011427811829502	0.0486185880718067	scale sensitivity; rank-based Wilcoxon is invariant and used for upgrade	0.128979890669834	lower_in_early_ESCC
ST003027	AN004963	targeted LC-MS	negative	ST003027_targeted_LCMS_combined_modes	AN004963__99	0.01	FALSE	0.00974573944484977	0.0498375276588036	scale sensitivity; rank-based Wilcoxon is invariant and used for upgrade	0.131129888348164	higher_in_early_ESCC
ST003027	AN004963	targeted LC-MS	negative	ST003027_targeted_LCMS_combined_modes	AN004963__85	0.01	FALSE	-0.00140073475575212	0.0503219593795039	scale sensitivity; rank-based Wilcoxon is invariant and used for upgrade	0.131328040331876	lower_in_early_ESCC
ST003027	AN004963	targeted LC-MS	negative	ST003027_targeted_LCMS_combined_modes	AN004963__2	0.01	FALSE	-0.218778016041591	0.0524327414712574	scale sensitivity; rank-based Wilcoxon is invariant and used for upgrade	0.135733145260271	lower_in_early_ESCC
ST003027	AN004962	targeted LC-MS	positive	ST003027_targeted_LCMS_combined_modes	AN004962__181	0.01	FALSE	0.00139173298631773	0.0545563917084653	scale sensitivity; rank-based Wilcoxon is invariant and used for upgrade	0.140100813907339	higher_in_early_ESCC
ST003027	AN004962	targeted LC-MS	positive	ST003027_targeted_LCMS_combined_modes	AN004962__79	0.01	FALSE	-0.00019177937902359	0.0560122614117833	scale sensitivity; rank-based Wilcoxon is invariant and used for upgrade	0.142697904072876	lower_in_early_ESCC
ST003027	AN004962	targeted LC-MS	positive	ST003027_targeted_LCMS_combined_modes	AN004962__84	0.01	FALSE	0.0246428506796123	0.0597525396445111	scale sensitivity; rank-based Wilcoxon is invariant and used for upgrade	0.151028072644788	higher_in_early_ESCC
ST003027	AN004962	targeted LC-MS	positive	ST003027_targeted_LCMS_combined_modes	AN004962__169	0.01	FALSE	0.0235890906500969	0.0634779505087059	scale sensitivity; rank-based Wilcoxon is invariant and used for upgrade	0.159190797760114	higher_in_early_ESCC
ST003027	AN004962	targeted LC-MS	positive	ST003027_targeted_LCMS_combined_modes	AN004962__232	0.01	FALSE	0.00013332185467051	0.0652863668249022	scale sensitivity; rank-based Wilcoxon is invariant and used for upgrade	0.161207105775335	higher_in_early_ESCC
ST003027	AN004963	targeted LC-MS	negative	ST003027_targeted_LCMS_combined_modes	AN004963__192	0.01	FALSE	-0.00775276704841681	0.065283128945535	scale sensitivity; rank-based Wilcoxon is invariant and used for upgrade	0.161207105775335	lower_in_early_ESCC
ST003027	AN004962	targeted LC-MS	positive	ST003027_targeted_LCMS_combined_modes	AN004962__68	0.01	FALSE	0.000296798572711947	0.0718764260140623	scale sensitivity; rank-based Wilcoxon is invariant and used for upgrade	0.174790399625106	higher_in_early_ESCC
ST003027	AN004963	targeted LC-MS	negative	ST003027_targeted_LCMS_combined_modes	AN004963__97	0.01	FALSE	0.00243105289934853	0.0717323277415535	scale sensitivity; rank-based Wilcoxon is invariant and used for upgrade	0.174790399625106	higher_in_early_ESCC
ST003027	AN004962	targeted LC-MS	positive	ST003027_targeted_LCMS_combined_modes	AN004962__27	0.01	FALSE	-0.0303333391975697	0.0775782836917771	scale sensitivity; rank-based Wilcoxon is invariant and used for upgrade	0.184463919000448	lower_in_early_ESCC
ST003027	AN004963	targeted LC-MS	negative	ST003027_targeted_LCMS_combined_modes	AN004963__169	0.01	FALSE	0.00118142692390912	0.0774895218425962	scale sensitivity; rank-based Wilcoxon is invariant and used for upgrade	0.184463919000448	higher_in_early_ESCC
ST003027	AN004963	targeted LC-MS	negative	ST003027_targeted_LCMS_combined_modes	AN004963__171	0.01	FALSE	0.000295784972003091	0.0774774229448003	scale sensitivity; rank-based Wilcoxon is invariant and used for upgrade	0.184463919000448	higher_in_early_ESCC
ST003027	AN004962	targeted LC-MS	positive	ST003027_targeted_LCMS_combined_modes	AN004962__242	0.01	FALSE	-0.00294439004030572	0.0797965834900921	scale sensitivity; rank-based Wilcoxon is invariant and used for upgrade	0.188343406619997	lower_in_early_ESCC
ST003027	AN004962	targeted LC-MS	positive	ST003027_targeted_LCMS_combined_modes	AN004962__18	0.01	FALSE	0.000695667115855851	0.0806778077013914	scale sensitivity; rank-based Wilcoxon is invariant and used for upgrade	0.189033403446326	higher_in_early_ESCC
ST003027	AN004962	targeted LC-MS	positive	ST003027_targeted_LCMS_combined_modes	AN004962__237	0.01	FALSE	3.10087498613726e-05	0.08263461465244	scale sensitivity; rank-based Wilcoxon is invariant and used for upgrade	0.192215299300241	higher_in_early_ESCC
ST003027	AN004963	targeted LC-MS	negative	ST003027_targeted_LCMS_combined_modes	AN004963__179	0.01	FALSE	-0.000278325604264892	0.0860848698385385	scale sensitivity; rank-based Wilcoxon is invariant and used for upgrade	0.198800310922093	lower_in_early_ESCC
ST003027	AN004962	targeted LC-MS	positive	ST003027_targeted_LCMS_combined_modes	AN004962__122	0.01	FALSE	0.000926675530742179	0.0973977795683815	scale sensitivity; rank-based Wilcoxon is invariant and used for upgrade	0.223319194581789	higher_in_early_ESCC
ST003027	AN004962	targeted LC-MS	positive	ST003027_targeted_LCMS_combined_modes	AN004962__201	0.01	FALSE	3.57718747471806e-05	0.10198845730609	scale sensitivity; rank-based Wilcoxon is invariant and used for upgrade	0.23218648790961	higher_in_early_ESCC
ST003027	AN004962	targeted LC-MS	positive	ST003027_targeted_LCMS_combined_modes	AN004962__198	0.01	FALSE	-6.031499703799e-05	0.111995467259963	scale sensitivity; rank-based Wilcoxon is invariant and used for upgrade	0.251402412520617	lower_in_early_ESCC
ST003027	AN004963	targeted LC-MS	negative	ST003027_targeted_LCMS_combined_modes	AN004963__112	0.01	FALSE	-0.00523698215794587	0.111630192589987	scale sensitivity; rank-based Wilcoxon is invariant and used for upgrade	0.251402412520617	lower_in_early_ESCC
ST003027	AN004963	targeted LC-MS	negative	ST003027_targeted_LCMS_combined_modes	AN004963__75	0.01	FALSE	0.000599201872189744	0.119564830070677	scale sensitivity; rank-based Wilcoxon is invariant and used for upgrade	0.266529933699218	higher_in_early_ESCC
ST003027	AN004962	targeted LC-MS	positive	ST003027_targeted_LCMS_combined_modes	AN004962__194	0.01	FALSE	-0.00157078657087488	0.126634010100493	scale sensitivity; rank-based Wilcoxon is invariant and used for upgrade	0.280341498222471	lower_in_early_ESCC
ST003027	AN004962	targeted LC-MS	positive	ST003027_targeted_LCMS_combined_modes	AN004962__206	0.01	FALSE	-0.00011120811272457	0.129363277441789	scale sensitivity; rank-based Wilcoxon is invariant and used for upgrade	0.284422000402837	lower_in_early_ESCC
ST003027	AN004962	targeted LC-MS	positive	ST003027_targeted_LCMS_combined_modes	AN004962__32	0.01	FALSE	0.000361062789513725	0.131008410020497	scale sensitivity; rank-based Wilcoxon is invariant and used for upgrade	0.286079589228433	higher_in_early_ESCC
ST003027	AN004962	targeted LC-MS	positive	ST003027_targeted_LCMS_combined_modes	AN004962__210	0.01	FALSE	8.65749941787827e-05	0.132889353957229	scale sensitivity; rank-based Wilcoxon is invariant and used for upgrade	0.288226233920746	higher_in_early_ESCC
ST003027	AN004963	targeted LC-MS	negative	ST003027_targeted_LCMS_combined_modes	AN004963__21	0.01	FALSE	0.000612581842070826	0.149234194131562	scale sensitivity; rank-based Wilcoxon is invariant and used for upgrade	0.32150453903511	higher_in_early_ESCC
ST003027	AN004963	targeted LC-MS	negative	ST003027_targeted_LCMS_combined_modes	AN004963__174	0.01	FALSE	0.0239117380461008	0.152665932154933	scale sensitivity; rank-based Wilcoxon is invariant and used for upgrade	0.326705094811557	higher_in_early_ESCC
ST003027	AN004962	targeted LC-MS	positive	ST003027_targeted_LCMS_combined_modes	AN004962__13	0.01	FALSE	0.00243665583590916	0.156929745509814	scale sensitivity; rank-based Wilcoxon is invariant and used for upgrade	0.331410844135857	higher_in_early_ESCC
ST003027	AN004963	targeted LC-MS	negative	ST003027_targeted_LCMS_combined_modes	AN004963__96	0.01	FALSE	0.000296987796623601	0.156911584923315	scale sensitivity; rank-based Wilcoxon is invariant and used for upgrade	0.331410844135857	higher_in_early_ESCC
ST003027	AN004963	targeted LC-MS	negative	ST003027_targeted_LCMS_combined_modes	AN004963__178	0.01	FALSE	0.0262154454767076	0.158522813127729	scale sensitivity; rank-based Wilcoxon is invariant and used for upgrade	0.332587078522883	higher_in_early_ESCC
ST003027	AN004962	targeted LC-MS	positive	ST003027_targeted_LCMS_combined_modes	AN004962__77	0.01	FALSE	0.000194709926775344	0.164560184983678	scale sensitivity; rank-based Wilcoxon is invariant and used for upgrade	0.340798834708132	higher_in_early_ESCC
ST003027	AN004962	targeted LC-MS	positive	ST003027_targeted_LCMS_combined_modes	AN004962__116	0.01	FALSE	3.65643747177095e-05	0.1637344493521	scale sensitivity; rank-based Wilcoxon is invariant and used for upgrade	0.340798834708132	higher_in_early_ESCC
ST003027	AN004962	targeted LC-MS	positive	ST003027_targeted_LCMS_combined_modes	AN004962__267	0.01	FALSE	0.00495046186845962	0.171784719340893	scale sensitivity; rank-based Wilcoxon is invariant and used for upgrade	0.351960767272477	higher_in_early_ESCC
ST003027	AN004963	targeted LC-MS	negative	ST003027_targeted_LCMS_combined_modes	AN004963__58	0.01	FALSE	0.000332706783042647	0.172142805176881	scale sensitivity; rank-based Wilcoxon is invariant and used for upgrade	0.351960767272477	higher_in_early_ESCC
ST003027	AN004963	targeted LC-MS	negative	ST003027_targeted_LCMS_combined_modes	AN004963__48	0.01	FALSE	-0.000328799310589833	0.177604612380643	scale sensitivity; rank-based Wilcoxon is invariant and used for upgrade	0.360829623887255	lower_in_early_ESCC
ST003027	AN004963	targeted LC-MS	negative	ST003027_targeted_LCMS_combined_modes	AN004963__103	0.01	FALSE	0.000220831825076288	0.181504142444338	scale sensitivity; rank-based Wilcoxon is invariant and used for upgrade	0.366432891349891	higher_in_early_ESCC
ST003027	AN004962	targeted LC-MS	positive	ST003027_targeted_LCMS_combined_modes	AN004962__22	0.01	FALSE	0.00318258574211203	0.18459682530136	scale sensitivity; rank-based Wilcoxon is invariant and used for upgrade	0.370347380760854	higher_in_early_ESCC
ST003027	AN004962	targeted LC-MS	positive	ST003027_targeted_LCMS_combined_modes	AN004962__145	0.01	FALSE	0.00106577071405052	0.188201441448122	scale sensitivity; rank-based Wilcoxon is invariant and used for upgrade	0.37411826372834	higher_in_early_ESCC
ST003027	AN004962	targeted LC-MS	positive	ST003027_targeted_LCMS_combined_modes	AN004962__180	0.01	FALSE	0.000994730902624351	0.188807348049817	scale sensitivity; rank-based Wilcoxon is invariant and used for upgrade	0.37411826372834	higher_in_early_ESCC
ST003027	AN004962	targeted LC-MS	positive	ST003027_targeted_LCMS_combined_modes	AN004962__205	0.01	FALSE	3.27568748982314e-05	0.196080226867353	scale sensitivity; rank-based Wilcoxon is invariant and used for upgrade	0.386145722849204	higher_in_early_ESCC
ST003027	AN004962	targeted LC-MS	positive	ST003027_targeted_LCMS_combined_modes	AN004962__197	0.01	FALSE	0.000491926540243659	0.203033582863953	scale sensitivity; rank-based Wilcoxon is invariant and used for upgrade	0.393374643620062	higher_in_early_ESCC
ST003027	AN004963	targeted LC-MS	negative	ST003027_targeted_LCMS_combined_modes	AN004963__123	0.01	FALSE	0.000441377341479188	0.203427385797291	scale sensitivity; rank-based Wilcoxon is invariant and used for upgrade	0.393374643620062	higher_in_early_ESCC
ST003027	AN004963	targeted LC-MS	negative	ST003027_targeted_LCMS_combined_modes	AN004963__221	0.01	FALSE	-0.0428750896681314	0.203360847808621	scale sensitivity; rank-based Wilcoxon is invariant and used for upgrade	0.393374643620062	lower_in_early_ESCC
ST003027	AN004962	targeted LC-MS	positive	ST003027_targeted_LCMS_combined_modes	AN004962__268	0.01	FALSE	0.000561528202642485	0.210912590911549	scale sensitivity; rank-based Wilcoxon is invariant and used for upgrade	0.405406836422798	higher_in_early_ESCC
ST003027	AN004962	targeted LC-MS	positive	ST003027_targeted_LCMS_combined_modes	AN004962__56	0.01	FALSE	0.0110832872220539	0.213639494023272	scale sensitivity; rank-based Wilcoxon is invariant and used for upgrade	0.408204033223037	higher_in_early_ESCC
ST003027	AN004962	targeted LC-MS	positive	ST003027_targeted_LCMS_combined_modes	AN004962__159	0.01	FALSE	3.03606244618422e-05	0.221289692119721	scale sensitivity; rank-based Wilcoxon is invariant and used for upgrade	0.420319474381245	higher_in_early_ESCC
ST003027	AN004962	targeted LC-MS	positive	ST003027_targeted_LCMS_combined_modes	AN004962__72	0.01	FALSE	0.000291567739591285	0.227448501153153	scale sensitivity; rank-based Wilcoxon is invariant and used for upgrade	0.422028721792845	higher_in_early_ESCC
ST003027	AN004962	targeted LC-MS	positive	ST003027_targeted_LCMS_combined_modes	AN004962__266	0.01	FALSE	0.00519261350653287	0.22351356537348	scale sensitivity; rank-based Wilcoxon is invariant and used for upgrade	0.422028721792845	higher_in_early_ESCC
ST003027	AN004963	targeted LC-MS	negative	ST003027_targeted_LCMS_combined_modes	AN004963__4	0.01	FALSE	0.119826007172507	0.226499473565719	scale sensitivity; rank-based Wilcoxon is invariant and used for upgrade	0.422028721792845	higher_in_early_ESCC
ST003027	AN004963	targeted LC-MS	negative	ST003027_targeted_LCMS_combined_modes	AN004963__47	0.01	FALSE	0.000216081234355093	0.225903500324781	scale sensitivity; rank-based Wilcoxon is invariant and used for upgrade	0.422028721792845	higher_in_early_ESCC
ST003027	AN004962	targeted LC-MS	positive	ST003027_targeted_LCMS_combined_modes	AN004962__123	0.01	FALSE	2.31431249290317e-05	0.229917730938724	scale sensitivity; rank-based Wilcoxon is invariant and used for upgrade	0.424158572593852	higher_in_early_ESCC
ST003027	AN004962	targeted LC-MS	positive	ST003027_targeted_LCMS_combined_modes	AN004962__25	0.01	FALSE	-0.00616118955201676	0.235434114555152	scale sensitivity; rank-based Wilcoxon is invariant and used for upgrade	0.431853432984022	lower_in_early_ESCC
ST003027	AN004963	targeted LC-MS	negative	ST003027_targeted_LCMS_combined_modes	AN004963__116	0.01	FALSE	0.000545096856767536	0.250239674186098	scale sensitivity; rank-based Wilcoxon is invariant and used for upgrade	0.456403042123508	higher_in_early_ESCC
ST003027	AN004963	targeted LC-MS	negative	ST003027_targeted_LCMS_combined_modes	AN004963__102	0.01	FALSE	0.000206767419667366	0.260217660918856	scale sensitivity; rank-based Wilcoxon is invariant and used for upgrade	0.471920164717247	higher_in_early_ESCC
ST003027	AN004962	targeted LC-MS	positive	ST003027_targeted_LCMS_combined_modes	AN004962__216	0.01	FALSE	-0.00741516568916796	0.267168334715696	scale sensitivity; rank-based Wilcoxon is invariant and used for upgrade	0.481803569908643	lower_in_early_ESCC
ST003027	AN004962	targeted LC-MS	positive	ST003027_targeted_LCMS_combined_modes	AN004962__49	0.01	FALSE	0.000672270817759077	0.273825072101974	scale sensitivity; rank-based Wilcoxon is invariant and used for upgrade	0.491049430976165	higher_in_early_ESCC
ST003027	AN004963	targeted LC-MS	negative	ST003027_targeted_LCMS_combined_modes	AN004963__15	0.01	FALSE	-0.00309992029111216	0.277792406688189	scale sensitivity; rank-based Wilcoxon is invariant and used for upgrade	0.495396458593937	lower_in_early_ESCC
ST003027	AN004962	targeted LC-MS	positive	ST003027_targeted_LCMS_combined_modes	AN004962__6	0.01	FALSE	0.000191544186938078	0.283341179076359	scale sensitivity; rank-based Wilcoxon is invariant and used for upgrade	0.499739112546764	higher_in_early_ESCC
ST003027	AN004962	targeted LC-MS	positive	ST003027_targeted_LCMS_combined_modes	AN004962__212	0.01	FALSE	-1.83987499661856e-05	0.282300927676722	scale sensitivity; rank-based Wilcoxon is invariant and used for upgrade	0.499739112546764	lower_in_early_ESCC
ST003027	AN004962	targeted LC-MS	positive	ST003027_targeted_LCMS_combined_modes	AN004962__148	0.01	FALSE	8.48612238397149e-05	0.287482004745932	scale sensitivity; rank-based Wilcoxon is invariant and used for upgrade	0.504224884015114	higher_in_early_ESCC
ST003027	AN004962	targeted LC-MS	positive	ST003027_targeted_LCMS_combined_modes	AN004962__259	0.01	FALSE	2.3240624891251e-05	0.289026101740751	scale sensitivity; rank-based Wilcoxon is invariant and used for upgrade	0.504224884015114	higher_in_early_ESCC
ST003027	AN004963	targeted LC-MS	negative	ST003027_targeted_LCMS_combined_modes	AN004963__175	0.01	FALSE	-0.0340932260954736	0.295016088422457	scale sensitivity; rank-based Wilcoxon is invariant and used for upgrade	0.511892780451939	lower_in_early_ESCC
ST003027	AN004963	targeted LC-MS	negative	ST003027_targeted_LCMS_combined_modes	AN004963__163	0.01	FALSE	0.052198209348555	0.302952623835269	scale sensitivity; rank-based Wilcoxon is invariant and used for upgrade	0.522837592747964	higher_in_early_ESCC
ST003027	AN004962	targeted LC-MS	positive	ST003027_targeted_LCMS_combined_modes	AN004962__236	0.01	FALSE	0.00536464469840215	0.313696886641507	scale sensitivity; rank-based Wilcoxon is invariant and used for upgrade	0.538485030010288	higher_in_early_ESCC
ST003027	AN004963	targeted LC-MS	negative	ST003027_targeted_LCMS_combined_modes	AN004963__186	0.01	FALSE	0.000305627289064838	0.331078366791113	scale sensitivity; rank-based Wilcoxon is invariant and used for upgrade	0.5652987007444	higher_in_early_ESCC
ST003027	AN004962	targeted LC-MS	positive	ST003027_targeted_LCMS_combined_modes	AN004962__78	0.01	FALSE	0.000229364614177514	0.337334616120067	scale sensitivity; rank-based Wilcoxon is invariant and used for upgrade	0.572933395632494	higher_in_early_ESCC
ST003027	AN004963	targeted LC-MS	negative	ST003027_targeted_LCMS_combined_modes	AN004963__43	0.01	FALSE	0.00490957177329881	0.353162465113131	scale sensitivity; rank-based Wilcoxon is invariant and used for upgrade	0.593534823567095	higher_in_early_ESCC
ST003027	AN004963	targeted LC-MS	negative	ST003027_targeted_LCMS_combined_modes	AN004963__109	0.01	FALSE	0.12180223075052	0.353029600294634	scale sensitivity; rank-based Wilcoxon is invariant and used for upgrade	0.593534823567095	higher_in_early_ESCC
ST003027	AN004962	targeted LC-MS	positive	ST003027_targeted_LCMS_combined_modes	AN004962__91	0.01	FALSE	0.000501986060715227	0.361934043883237	scale sensitivity; rank-based Wilcoxon is invariant and used for upgrade	0.605108479617287	higher_in_early_ESCC
ST003027	AN004962	targeted LC-MS	positive	ST003027_targeted_LCMS_combined_modes	AN004962__132	0.01	FALSE	2.01149998292733e-05	0.375405620671342	scale sensitivity; rank-based Wilcoxon is invariant and used for upgrade	0.623734725768794	higher_in_early_ESCC
ST003027	AN004963	targeted LC-MS	negative	ST003027_targeted_LCMS_combined_modes	AN004963__162	0.01	FALSE	-0.00533636221906485	0.376961173829116	scale sensitivity; rank-based Wilcoxon is invariant and used for upgrade	0.623734725768794	lower_in_early_ESCC
ST003027	AN004963	targeted LC-MS	negative	ST003027_targeted_LCMS_combined_modes	AN004963__206	0.01	FALSE	-0.00019447445077152	0.385077468922031	scale sensitivity; rank-based Wilcoxon is invariant and used for upgrade	0.63389675653319	lower_in_early_ESCC
ST003027	AN004963	targeted LC-MS	negative	ST003027_targeted_LCMS_combined_modes	AN004963__73	0.01	FALSE	0.000156827915622761	0.389964449759157	scale sensitivity; rank-based Wilcoxon is invariant and used for upgrade	0.635424306460353	higher_in_early_ESCC
ST003027	AN004963	targeted LC-MS	negative	ST003027_targeted_LCMS_combined_modes	AN004963__80	0.01	FALSE	-0.0100787019802371	0.388379048317563	scale sensitivity; rank-based Wilcoxon is invariant and used for upgrade	0.635424306460353	lower_in_early_ESCC
ST003027	AN004963	targeted LC-MS	negative	ST003027_targeted_LCMS_combined_modes	AN004963__56	0.01	FALSE	0.0795611990605658	0.404571744556282	scale sensitivity; rank-based Wilcoxon is invariant and used for upgrade	0.655896616174578	higher_in_early_ESCC
ST003027	AN004962	targeted LC-MS	positive	ST003027_targeted_LCMS_combined_modes	AN004962__222	0.01	FALSE	1.32012499854298e-05	0.406922800435439	scale sensitivity; rank-based Wilcoxon is invariant and used for upgrade	0.656393059998874	higher_in_early_ESCC
ST003027	AN004962	targeted LC-MS	positive	ST003027_targeted_LCMS_combined_modes	AN004962__131	0.01	FALSE	-0.000148698480608022	0.420142501888859	scale sensitivity; rank-based Wilcoxon is invariant and used for upgrade	0.674328715531618	lower_in_early_ESCC
ST003027	AN004963	targeted LC-MS	negative	ST003027_targeted_LCMS_combined_modes	AN004963__149	0.01	FALSE	0.000135649359777894	0.436535598664591	scale sensitivity; rank-based Wilcoxon is invariant and used for upgrade	0.697153866524048	higher_in_early_ESCC
ST003027	AN004962	targeted LC-MS	positive	ST003027_targeted_LCMS_combined_modes	AN004962__172	0.01	FALSE	8.54106068834127e-05	0.443496202487942	scale sensitivity; rank-based Wilcoxon is invariant and used for upgrade	0.703079917459704	higher_in_early_ESCC
ST003027	AN004963	targeted LC-MS	negative	ST003027_targeted_LCMS_combined_modes	AN004963__180	0.01	FALSE	0.000111881874379656	0.44462686368947	scale sensitivity; rank-based Wilcoxon is invariant and used for upgrade	0.703079917459704	higher_in_early_ESCC
ST003027	AN004962	targeted LC-MS	positive	ST003027_targeted_LCMS_combined_modes	AN004962__28	0.01	FALSE	0.00572769762699962	0.456380787352844	scale sensitivity; rank-based Wilcoxon is invariant and used for upgrade	0.718128591864034	higher_in_early_ESCC
ST003027	AN004962	targeted LC-MS	positive	ST003027_targeted_LCMS_combined_modes	AN004962__136	0.01	FALSE	0.000121793062733628	0.458915026158592	scale sensitivity; rank-based Wilcoxon is invariant and used for upgrade	0.718593772667843	higher_in_early_ESCC
ST003027	AN004962	targeted LC-MS	positive	ST003027_targeted_LCMS_combined_modes	AN004962__90	0.01	FALSE	0.00290417277658773	0.461638349868529	scale sensitivity; rank-based Wilcoxon is invariant and used for upgrade	0.719349079164067	higher_in_early_ESCC
ST003027	AN004962	targeted LC-MS	positive	ST003027_targeted_LCMS_combined_modes	AN004962__15	0.01	FALSE	0.00179067817525641	0.485965023259632	scale sensitivity; rank-based Wilcoxon is invariant and used for upgrade	0.732246542211265	higher_in_early_ESCC
ST003027	AN004962	targeted LC-MS	positive	ST003027_targeted_LCMS_combined_modes	AN004962__64	0.01	FALSE	0.00146232140463115	0.478374208863619	scale sensitivity; rank-based Wilcoxon is invariant and used for upgrade	0.732246542211265	higher_in_early_ESCC
ST003027	AN004962	targeted LC-MS	positive	ST003027_targeted_LCMS_combined_modes	AN004962__247	0.01	FALSE	0.0471618416360682	0.483251042483137	scale sensitivity; rank-based Wilcoxon is invariant and used for upgrade	0.732246542211265	higher_in_early_ESCC
ST003027	AN004962	targeted LC-MS	positive	ST003027_targeted_LCMS_combined_modes	AN004962__249	0.01	FALSE	1.10231249804712e-05	0.484021460653104	scale sensitivity; rank-based Wilcoxon is invariant and used for upgrade	0.732246542211265	higher_in_early_ESCC
ST003027	AN004963	targeted LC-MS	negative	ST003027_targeted_LCMS_combined_modes	AN004963__84	0.01	FALSE	0.00125759301731171	0.476633265134139	scale sensitivity; rank-based Wilcoxon is invariant and used for upgrade	0.732246542211265	higher_in_early_ESCC
ST003027	AN004963	targeted LC-MS	negative	ST003027_targeted_LCMS_combined_modes	AN004963__147	0.01	FALSE	-0.000220806029950818	0.472757526847446	scale sensitivity; rank-based Wilcoxon is invariant and used for upgrade	0.732246542211265	lower_in_early_ESCC
ST003027	AN004963	targeted LC-MS	negative	ST003027_targeted_LCMS_combined_modes	AN004963__200	0.01	FALSE	0.0011089708048349	0.488164361474177	scale sensitivity; rank-based Wilcoxon is invariant and used for upgrade	0.732246542211265	higher_in_early_ESCC
ST003027	AN004963	targeted LC-MS	negative	ST003027_targeted_LCMS_combined_modes	AN004963__215	0.01	FALSE	0.00309648429602485	0.48028484439242	scale sensitivity; rank-based Wilcoxon is invariant and used for upgrade	0.732246542211265	higher_in_early_ESCC
ST003027	AN004962	targeted LC-MS	positive	ST003027_targeted_LCMS_combined_modes	AN004962__44	0.01	FALSE	-0.0259652633853131	0.515479467755667	scale sensitivity; rank-based Wilcoxon is invariant and used for upgrade	0.764432323772966	lower_in_early_ESCC
ST003027	AN004962	targeted LC-MS	positive	ST003027_targeted_LCMS_combined_modes	AN004962__115	0.01	FALSE	2.3695624531167e-05	0.516668722891925	scale sensitivity; rank-based Wilcoxon is invariant and used for upgrade	0.764432323772966	higher_in_early_ESCC
ST003027	AN004963	targeted LC-MS	negative	ST003027_targeted_LCMS_combined_modes	AN004963__121	0.01	FALSE	0.000102580614037464	0.516765776506958	scale sensitivity; rank-based Wilcoxon is invariant and used for upgrade	0.764432323772966	higher_in_early_ESCC
ST003027	AN004963	targeted LC-MS	negative	ST003027_targeted_LCMS_combined_modes	AN004963__33	0.01	FALSE	0.000281780181791719	0.519554815871667	scale sensitivity; rank-based Wilcoxon is invariant and used for upgrade	0.765032549976169	higher_in_early_ESCC
ST003027	AN004963	targeted LC-MS	negative	ST003027_targeted_LCMS_combined_modes	AN004963__50	0.01	FALSE	-0.000152669325270326	0.550184415688351	scale sensitivity; rank-based Wilcoxon is invariant and used for upgrade	0.802769079254366	lower_in_early_ESCC
ST003027	AN004963	targeted LC-MS	negative	ST003027_targeted_LCMS_combined_modes	AN004963__154	0.01	FALSE	-0.0036137884602005	0.549504727557343	scale sensitivity; rank-based Wilcoxon is invariant and used for upgrade	0.802769079254366	lower_in_early_ESCC
ST003027	AN004963	targeted LC-MS	negative	ST003027_targeted_LCMS_combined_modes	AN004963__176	0.01	FALSE	0.00012221488081796	0.556083238842698	scale sensitivity; rank-based Wilcoxon is invariant and used for upgrade	0.807704613884643	higher_in_early_ESCC
ST003027	AN004963	targeted LC-MS	negative	ST003027_targeted_LCMS_combined_modes	AN004963__16	0.01	FALSE	0.00111181266413926	0.558913337274423	scale sensitivity; rank-based Wilcoxon is invariant and used for upgrade	0.808158474167071	higher_in_early_ESCC
ST003027	AN004963	targeted LC-MS	negative	ST003027_targeted_LCMS_combined_modes	AN004963__9	0.01	FALSE	0.00360555213104259	0.57110821252246	scale sensitivity; rank-based Wilcoxon is invariant and used for upgrade	0.822088503227398	higher_in_early_ESCC
ST003027	AN004963	targeted LC-MS	negative	ST003027_targeted_LCMS_combined_modes	AN004963__165	0.01	FALSE	0.000166532413326436	0.611761845734524	scale sensitivity; rank-based Wilcoxon is invariant and used for upgrade	0.87667657357492	higher_in_early_ESCC
ST003027	AN004962	targeted LC-MS	positive	ST003027_targeted_LCMS_combined_modes	AN004962__34	0.01	FALSE	0.000699323752234628	0.623435311144298	scale sensitivity; rank-based Wilcoxon is invariant and used for upgrade	0.877731293321577	higher_in_early_ESCC
ST003027	AN004962	targeted LC-MS	positive	ST003027_targeted_LCMS_combined_modes	AN004962__127	0.01	FALSE	0.000445589740505565	0.621638947063398	scale sensitivity; rank-based Wilcoxon is invariant and used for upgrade	0.877731293321577	higher_in_early_ESCC
ST003027	AN004963	targeted LC-MS	negative	ST003027_targeted_LCMS_combined_modes	AN004963__51	0.01	FALSE	7.6369994818267e-05	0.622901995354401	scale sensitivity; rank-based Wilcoxon is invariant and used for upgrade	0.877731293321577	higher_in_early_ESCC
ST003027	AN004963	targeted LC-MS	negative	ST003027_targeted_LCMS_combined_modes	AN004963__172	0.01	FALSE	7.52062434403341e-05	0.61590507541186	scale sensitivity; rank-based Wilcoxon is invariant and used for upgrade	0.877731293321577	higher_in_early_ESCC
ST003027	AN004962	targeted LC-MS	positive	ST003027_targeted_LCMS_combined_modes	AN004962__26	0.01	FALSE	-1.38181243489042e-05	0.640277403028464	scale sensitivity; rank-based Wilcoxon is invariant and used for upgrade	0.897506752716755	lower_in_early_ESCC
ST003027	AN004962	targeted LC-MS	positive	ST003027_targeted_LCMS_combined_modes	AN004962__63	0.01	FALSE	0.000193832803779494	0.644380138872046	scale sensitivity; rank-based Wilcoxon is invariant and used for upgrade	0.899330541643159	higher_in_early_ESCC
ST003027	AN004962	targeted LC-MS	positive	ST003027_targeted_LCMS_combined_modes	AN004962__35	0.01	FALSE	0.00591979825015569	0.656163846268016	scale sensitivity; rank-based Wilcoxon is invariant and used for upgrade	0.907881873500143	higher_in_early_ESCC
ST003027	AN004962	targeted LC-MS	positive	ST003027_targeted_LCMS_combined_modes	AN004962__152	0.01	FALSE	6.53999999853494e-06	0.65530977441305	scale sensitivity; rank-based Wilcoxon is invariant and used for upgrade	0.907881873500143	higher_in_early_ESCC
ST003027	AN004963	targeted LC-MS	negative	ST003027_targeted_LCMS_combined_modes	AN004963__141	0.01	FALSE	-8.05143467310621e-05	0.660591786445354	scale sensitivity; rank-based Wilcoxon is invariant and used for upgrade	0.908995418165452	lower_in_early_ESCC
ST003027	AN004963	targeted LC-MS	negative	ST003027_targeted_LCMS_combined_modes	AN004963__216	0.01	FALSE	-0.000321626239391	0.662632173989769	scale sensitivity; rank-based Wilcoxon is invariant and used for upgrade	0.908995418165452	lower_in_early_ESCC
ST003027	AN004962	targeted LC-MS	positive	ST003027_targeted_LCMS_combined_modes	AN004962__121	0.01	FALSE	0.000312686776210402	0.670254017477595	scale sensitivity; rank-based Wilcoxon is invariant and used for upgrade	0.909671024570739	higher_in_early_ESCC
ST003027	AN004962	targeted LC-MS	positive	ST003027_targeted_LCMS_combined_modes	AN004962__221	0.01	FALSE	0.00720563430664697	0.671626270477462	scale sensitivity; rank-based Wilcoxon is invariant and used for upgrade	0.909671024570739	higher_in_early_ESCC
ST003027	AN004963	targeted LC-MS	negative	ST003027_targeted_LCMS_combined_modes	AN004963__213	0.01	FALSE	-0.00548677042746257	0.667471287347349	scale sensitivity; rank-based Wilcoxon is invariant and used for upgrade	0.909671024570739	lower_in_early_ESCC
ST003027	AN004962	targeted LC-MS	positive	ST003027_targeted_LCMS_combined_modes	AN004962__211	0.01	FALSE	0.00135604378062284	0.677808014380446	scale sensitivity; rank-based Wilcoxon is invariant and used for upgrade	0.914186439563543	higher_in_early_ESCC
ST003027	AN004962	targeted LC-MS	positive	ST003027_targeted_LCMS_combined_modes	AN004962__11	0.01	FALSE	-0.00117153421299276	0.696518860425983	scale sensitivity; rank-based Wilcoxon is invariant and used for upgrade	0.923894852052646	lower_in_early_ESCC
ST003027	AN004962	targeted LC-MS	positive	ST003027_targeted_LCMS_combined_modes	AN004962__168	0.01	FALSE	8.55437492604101e-06	0.691698269570942	scale sensitivity; rank-based Wilcoxon is invariant and used for upgrade	0.923894852052646	higher_in_early_ESCC
ST003027	AN004962	targeted LC-MS	positive	ST003027_targeted_LCMS_combined_modes	AN004962__263	0.01	FALSE	0.00670670960985752	0.690363024375637	scale sensitivity; rank-based Wilcoxon is invariant and used for upgrade	0.923894852052646	higher_in_early_ESCC
ST003027	AN004963	targeted LC-MS	negative	ST003027_targeted_LCMS_combined_modes	AN004963__198	0.01	FALSE	-0.000140485510317269	0.696139803580279	scale sensitivity; rank-based Wilcoxon is invariant and used for upgrade	0.923894852052646	lower_in_early_ESCC
ST003027	AN004963	targeted LC-MS	negative	ST003027_targeted_LCMS_combined_modes	AN004963__31	0.01	FALSE	5.58406241254734e-05	0.704428593965152	scale sensitivity; rank-based Wilcoxon is invariant and used for upgrade	0.930541475978657	higher_in_early_ESCC
ST003027	AN004963	targeted LC-MS	negative	ST003027_targeted_LCMS_combined_modes	AN004963__181	0.01	FALSE	5.50937482843875e-05	0.712626855334393	scale sensitivity; rank-based Wilcoxon is invariant and used for upgrade	0.937513199025984	higher_in_early_ESCC
ST003027	AN004962	targeted LC-MS	positive	ST003027_targeted_LCMS_combined_modes	AN004962__100	0.01	FALSE	5.19437499888699e-06	0.719412663383557	scale sensitivity; rank-based Wilcoxon is invariant and used for upgrade	0.938745792463909	higher_in_early_ESCC
ST003027	AN004963	targeted LC-MS	negative	ST003027_targeted_LCMS_combined_modes	AN004963__34	0.01	FALSE	0.000435224912600121	0.718962094925531	scale sensitivity; rank-based Wilcoxon is invariant and used for upgrade	0.938745792463909	higher_in_early_ESCC
ST003027	AN004963	targeted LC-MS	negative	ST003027_targeted_LCMS_combined_modes	AN004963__150	0.01	FALSE	5.31005985304923e-05	0.729007464617205	scale sensitivity; rank-based Wilcoxon is invariant and used for upgrade	0.947414559279849	higher_in_early_ESCC
ST003027	AN004963	targeted LC-MS	negative	ST003027_targeted_LCMS_combined_modes	AN004963__7	0.01	FALSE	0.0195989202330918	0.734167830414327	scale sensitivity; rank-based Wilcoxon is invariant and used for upgrade	0.95027368372177	higher_in_early_ESCC
ST003027	AN004963	targeted LC-MS	negative	ST003027_targeted_LCMS_combined_modes	AN004963__22	0.01	FALSE	-0.000312553216704418	0.743891795733293	scale sensitivity; rank-based Wilcoxon is invariant and used for upgrade	0.954832357334085	lower_in_early_ESCC
ST003027	AN004963	targeted LC-MS	negative	ST003027_targeted_LCMS_combined_modes	AN004963__190	0.01	FALSE	4.78337495567991e-05	0.743281928923334	scale sensitivity; rank-based Wilcoxon is invariant and used for upgrade	0.954832357334085	higher_in_early_ESCC
ST003027	AN004963	targeted LC-MS	negative	ST003027_targeted_LCMS_combined_modes	AN004963__202	0.01	FALSE	-8.46523046611513e-05	0.746613463211387	scale sensitivity; rank-based Wilcoxon is invariant and used for upgrade	0.954832357334085	lower_in_early_ESCC
ST003027	AN004962	targeted LC-MS	positive	ST003027_targeted_LCMS_combined_modes	AN004962__70	0.01	FALSE	-8.15687486581375e-06	0.762891108625888	scale sensitivity; rank-based Wilcoxon is invariant and used for upgrade	0.958713990882605	lower_in_early_ESCC
ST003027	AN004962	targeted LC-MS	positive	ST003027_targeted_LCMS_combined_modes	AN004962__117	0.01	FALSE	2.58812419328196e-05	0.770555170242094	scale sensitivity; rank-based Wilcoxon is invariant and used for upgrade	0.958713990882605	higher_in_early_ESCC
ST003027	AN004962	targeted LC-MS	positive	ST003027_targeted_LCMS_combined_modes	AN004962__137	0.01	FALSE	3.36337447106085e-05	0.766334526424623	scale sensitivity; rank-based Wilcoxon is invariant and used for upgrade	0.958713990882605	higher_in_early_ESCC
ST003027	AN004963	targeted LC-MS	negative	ST003027_targeted_LCMS_combined_modes	AN004963__13	0.01	FALSE	0.000104915069177263	0.768002018927813	scale sensitivity; rank-based Wilcoxon is invariant and used for upgrade	0.958713990882605	higher_in_early_ESCC
ST003027	AN004963	targeted LC-MS	negative	ST003027_targeted_LCMS_combined_modes	AN004963__110	0.01	FALSE	0.00218357114721589	0.754680211935036	scale sensitivity; rank-based Wilcoxon is invariant and used for upgrade	0.958713990882605	higher_in_early_ESCC
ST003027	AN004963	targeted LC-MS	negative	ST003027_targeted_LCMS_combined_modes	AN004963__155	0.01	FALSE	-0.0018350746422073	0.760315138849907	scale sensitivity; rank-based Wilcoxon is invariant and used for upgrade	0.958713990882605	lower_in_early_ESCC
ST003027	AN004963	targeted LC-MS	negative	ST003027_targeted_LCMS_combined_modes	AN004963__177	0.01	FALSE	-0.000119140625612555	0.75784243647317	scale sensitivity; rank-based Wilcoxon is invariant and used for upgrade	0.958713990882605	lower_in_early_ESCC
ST003027	AN004962	targeted LC-MS	positive	ST003027_targeted_LCMS_combined_modes	AN004962__240	0.01	FALSE	0.00825776906046999	0.789136604150542	scale sensitivity; rank-based Wilcoxon is invariant and used for upgrade	0.966842938672992	higher_in_early_ESCC
ST003027	AN004963	targeted LC-MS	negative	ST003027_targeted_LCMS_combined_modes	AN004963__23	0.01	FALSE	-0.00058557964841518	0.787634752475368	scale sensitivity; rank-based Wilcoxon is invariant and used for upgrade	0.966842938672992	lower_in_early_ESCC
ST003027	AN004963	targeted LC-MS	negative	ST003027_targeted_LCMS_combined_modes	AN004963__53	0.01	FALSE	-0.000161170091691061	0.787854181616153	scale sensitivity; rank-based Wilcoxon is invariant and used for upgrade	0.966842938672992	lower_in_early_ESCC
ST003027	AN004963	targeted LC-MS	negative	ST003027_targeted_LCMS_combined_modes	AN004963__125	0.01	FALSE	3.98231245326117e-05	0.784358396820993	scale sensitivity; rank-based Wilcoxon is invariant and used for upgrade	0.966842938672992	higher_in_early_ESCC
ST003027	AN004962	targeted LC-MS	positive	ST003027_targeted_LCMS_combined_modes	AN004962__129	0.01	FALSE	3.36562349592302e-05	0.793786427458144	scale sensitivity; rank-based Wilcoxon is invariant and used for upgrade	0.968841989407089	higher_in_early_ESCC
ST003027	AN004962	targeted LC-MS	positive	ST003027_targeted_LCMS_combined_modes	AN004962__101	0.01	FALSE	7.56499969715074e-06	0.808940235085283	scale sensitivity; rank-based Wilcoxon is invariant and used for upgrade	0.968917221874537	higher_in_early_ESCC
ST003027	AN004963	targeted LC-MS	negative	ST003027_targeted_LCMS_combined_modes	AN004963__6	0.01	FALSE	0.00115956881804201	0.803139839699218	scale sensitivity; rank-based Wilcoxon is invariant and used for upgrade	0.968917221874537	higher_in_early_ESCC
ST003027	AN004963	targeted LC-MS	negative	ST003027_targeted_LCMS_combined_modes	AN004963__152	0.01	FALSE	4.01162222559208e-05	0.807852046245094	scale sensitivity; rank-based Wilcoxon is invariant and used for upgrade	0.968917221874537	higher_in_early_ESCC
ST003027	AN004963	targeted LC-MS	negative	ST003027_targeted_LCMS_combined_modes	AN004963__161	0.01	FALSE	0.00648952150756504	0.798500674149477	scale sensitivity; rank-based Wilcoxon is invariant and used for upgrade	0.968917221874537	higher_in_early_ESCC
ST003027	AN004963	targeted LC-MS	negative	ST003027_targeted_LCMS_combined_modes	AN004963__170	0.01	FALSE	0.000511118593591514	0.807247411492773	scale sensitivity; rank-based Wilcoxon is invariant and used for upgrade	0.968917221874537	higher_in_early_ESCC
ST003027	AN004962	targeted LC-MS	positive	ST003027_targeted_LCMS_combined_modes	AN004962__12	0.01	FALSE	-0.0173241945194871	0.814878271149614	scale sensitivity; rank-based Wilcoxon is invariant and used for upgrade	0.972401208323517	lower_in_early_ESCC
ST003027	AN004963	targeted LC-MS	negative	ST003027_targeted_LCMS_combined_modes	AN004963__67	0.01	FALSE	3.33043749222679e-05	0.817918875199468	scale sensitivity; rank-based Wilcoxon is invariant and used for upgrade	0.972414662737146	higher_in_early_ESCC
ST003027	AN004962	targeted LC-MS	positive	ST003027_targeted_LCMS_combined_modes	AN004962__50	0.01	FALSE	-5.22893569627049e-05	0.834692312002791	scale sensitivity; rank-based Wilcoxon is invariant and used for upgrade	0.983855554385131	lower_in_early_ESCC
ST003027	AN004962	targeted LC-MS	positive	ST003027_targeted_LCMS_combined_modes	AN004962__157	0.01	FALSE	1.79787484401004e-05	0.836736966813522	scale sensitivity; rank-based Wilcoxon is invariant and used for upgrade	0.983855554385131	higher_in_early_ESCC
ST003027	AN004962	targeted LC-MS	positive	ST003027_targeted_LCMS_combined_modes	AN004962__207	0.01	FALSE	3.35437499165977e-06	0.832885874207856	scale sensitivity; rank-based Wilcoxon is invariant and used for upgrade	0.983855554385131	higher_in_early_ESCC
ST003027	AN004962	targeted LC-MS	positive	ST003027_targeted_LCMS_combined_modes	AN004962__269	0.01	FALSE	-8.2812514372977e-06	0.840609710984331	scale sensitivity; rank-based Wilcoxon is invariant and used for upgrade	0.984801887686023	lower_in_early_ESCC
ST003027	AN004962	targeted LC-MS	positive	ST003027_targeted_LCMS_combined_modes	AN004962__1	0.01	FALSE	-0.00749462400995693	0.929808882629537	scale sensitivity; rank-based Wilcoxon is invariant and used for upgrade	0.995689419702455	lower_in_early_ESCC
ST003027	AN004962	targeted LC-MS	positive	ST003027_targeted_LCMS_combined_modes	AN004962__4	0.01	FALSE	3.61312496992757e-06	0.857894838735741	scale sensitivity; rank-based Wilcoxon is invariant and used for upgrade	0.995689419702455	higher_in_early_ESCC
ST003027	AN004962	targeted LC-MS	positive	ST003027_targeted_LCMS_combined_modes	AN004962__7	0.01	FALSE	-0.000484711230051293	0.880910995993683	scale sensitivity; rank-based Wilcoxon is invariant and used for upgrade	0.995689419702455	lower_in_early_ESCC
ST003027	AN004962	targeted LC-MS	positive	ST003027_targeted_LCMS_combined_modes	AN004962__23	0.01	FALSE	5.96312540285758e-06	0.929343323638576	scale sensitivity; rank-based Wilcoxon is invariant and used for upgrade	0.995689419702455	higher_in_early_ESCC
ST003027	AN004962	targeted LC-MS	positive	ST003027_targeted_LCMS_combined_modes	AN004962__76	0.01	FALSE	2.42062499963674e-06	0.867405503386324	scale sensitivity; rank-based Wilcoxon is invariant and used for upgrade	0.995689419702455	higher_in_early_ESCC
ST003027	AN004962	targeted LC-MS	positive	ST003027_targeted_LCMS_combined_modes	AN004962__106	0.01	FALSE	0.000394492772698391	0.866391274319095	scale sensitivity; rank-based Wilcoxon is invariant and used for upgrade	0.995689419702455	higher_in_early_ESCC
ST003027	AN004962	targeted LC-MS	positive	ST003027_targeted_LCMS_combined_modes	AN004962__147	0.01	FALSE	-1.47831269404943e-05	0.872867767493854	scale sensitivity; rank-based Wilcoxon is invariant and used for upgrade	0.995689419702455	lower_in_early_ESCC
ST003027	AN004962	targeted LC-MS	positive	ST003027_targeted_LCMS_combined_modes	AN004962__153	0.01	FALSE	-1.57062507089341e-05	0.888404253906438	scale sensitivity; rank-based Wilcoxon is invariant and used for upgrade	0.995689419702455	lower_in_early_ESCC
ST003027	AN004962	targeted LC-MS	positive	ST003027_targeted_LCMS_combined_modes	AN004962__223	0.01	FALSE	-1.28624999948464e-06	0.930550859535005	scale sensitivity; rank-based Wilcoxon is invariant and used for upgrade	0.995689419702455	lower_in_early_ESCC
ST003027	AN004963	targeted LC-MS	negative	ST003027_targeted_LCMS_combined_modes	AN004963__12	0.01	FALSE	-1.41106249904818e-05	0.922084930784549	scale sensitivity; rank-based Wilcoxon is invariant and used for upgrade	0.995689419702455	lower_in_early_ESCC
ST003027	AN004963	targeted LC-MS	negative	ST003027_targeted_LCMS_combined_modes	AN004963__29	0.01	FALSE	1.91343749932759e-05	0.894422793577461	scale sensitivity; rank-based Wilcoxon is invariant and used for upgrade	0.995689419702455	higher_in_early_ESCC
ST003027	AN004963	targeted LC-MS	negative	ST003027_targeted_LCMS_combined_modes	AN004963__45	0.01	FALSE	-2.06049997815409e-05	0.886809580377867	scale sensitivity; rank-based Wilcoxon is invariant and used for upgrade	0.995689419702455	lower_in_early_ESCC
ST003027	AN004963	targeted LC-MS	negative	ST003027_targeted_LCMS_combined_modes	AN004963__57	0.01	FALSE	-3.09881429510762e-05	0.868802649734321	scale sensitivity; rank-based Wilcoxon is invariant and used for upgrade	0.995689419702455	lower_in_early_ESCC
ST003027	AN004963	targeted LC-MS	negative	ST003027_targeted_LCMS_combined_modes	AN004963__79	0.01	FALSE	7.01335805335696e-05	0.885181264133152	scale sensitivity; rank-based Wilcoxon is invariant and used for upgrade	0.995689419702455	higher_in_early_ESCC
ST003027	AN004963	targeted LC-MS	negative	ST003027_targeted_LCMS_combined_modes	AN004963__91	0.01	FALSE	0.00304925875873358	0.92259630608418	scale sensitivity; rank-based Wilcoxon is invariant and used for upgrade	0.995689419702455	higher_in_early_ESCC
ST003027	AN004963	targeted LC-MS	negative	ST003027_targeted_LCMS_combined_modes	AN004963__101	0.01	FALSE	1.78249999626682e-05	0.901904006233995	scale sensitivity; rank-based Wilcoxon is invariant and used for upgrade	0.995689419702455	higher_in_early_ESCC
ST003027	AN004963	targeted LC-MS	negative	ST003027_targeted_LCMS_combined_modes	AN004963__104	0.01	FALSE	-2.2407513569473e-05	0.893885379768289	scale sensitivity; rank-based Wilcoxon is invariant and used for upgrade	0.995689419702455	lower_in_early_ESCC
ST003027	AN004963	targeted LC-MS	negative	ST003027_targeted_LCMS_combined_modes	AN004963__119	0.01	FALSE	-2.99191400950301e-05	0.929217339051538	scale sensitivity; rank-based Wilcoxon is invariant and used for upgrade	0.995689419702455	lower_in_early_ESCC
ST003027	AN004963	targeted LC-MS	negative	ST003027_targeted_LCMS_combined_modes	AN004963__124	0.01	FALSE	-6.74720255198844e-05	0.902406105411469	scale sensitivity; rank-based Wilcoxon is invariant and used for upgrade	0.995689419702455	lower_in_early_ESCC
ST003027	AN004963	targeted LC-MS	negative	ST003027_targeted_LCMS_combined_modes	AN004963__156	0.01	FALSE	-1.55412499664995e-05	0.914280769124661	scale sensitivity; rank-based Wilcoxon is invariant and used for upgrade	0.995689419702455	lower_in_early_ESCC
ST003027	AN004963	targeted LC-MS	negative	ST003027_targeted_LCMS_combined_modes	AN004963__159	0.01	FALSE	0.00195681172821022	0.92895004821624	scale sensitivity; rank-based Wilcoxon is invariant and used for upgrade	0.995689419702455	higher_in_early_ESCC
ST003027	AN004963	targeted LC-MS	negative	ST003027_targeted_LCMS_combined_modes	AN004963__166	0.01	FALSE	1.38449998817996e-05	0.923789313988466	scale sensitivity; rank-based Wilcoxon is invariant and used for upgrade	0.995689419702455	higher_in_early_ESCC
ST003027	AN004963	targeted LC-MS	negative	ST003027_targeted_LCMS_combined_modes	AN004963__197	0.01	FALSE	0.000722005877870593	0.854446630851722	scale sensitivity; rank-based Wilcoxon is invariant and used for upgrade	0.995689419702455	higher_in_early_ESCC
ST003027	AN004963	targeted LC-MS	negative	ST003027_targeted_LCMS_combined_modes	AN004963__204	0.01	FALSE	-0.0112890539484122	0.908090398731513	scale sensitivity; rank-based Wilcoxon is invariant and used for upgrade	0.995689419702455	lower_in_early_ESCC
ST003027	AN004963	targeted LC-MS	negative	ST003027_targeted_LCMS_combined_modes	AN004963__208	0.01	FALSE	-1.33537488994129e-05	0.927992218213406	scale sensitivity; rank-based Wilcoxon is invariant and used for upgrade	0.995689419702455	lower_in_early_ESCC
ST003027	AN004963	targeted LC-MS	negative	ST003027_targeted_LCMS_combined_modes	AN004963__210	0.01	FALSE	0.000129607596828245	0.912323927604068	scale sensitivity; rank-based Wilcoxon is invariant and used for upgrade	0.995689419702455	higher_in_early_ESCC
ST003027	AN004962	targeted LC-MS	positive	ST003027_targeted_LCMS_combined_modes	AN004962__176	0.01	FALSE	-0.000356068944958952	0.935602001274396	scale sensitivity; rank-based Wilcoxon is invariant and used for upgrade	0.997768247206249	lower_in_early_ESCC
ST003027	AN004962	targeted LC-MS	positive	ST003027_targeted_LCMS_combined_modes	AN004962__83	0.01	FALSE	0.0039040533807162	0.942946162473813	scale sensitivity; rank-based Wilcoxon is invariant and used for upgrade	0.998962766185129	higher_in_early_ESCC
ST003027	AN004962	targeted LC-MS	positive	ST003027_targeted_LCMS_combined_modes	AN004962__130	0.01	FALSE	-3.26937401134934e-06	0.94176642839007	scale sensitivity; rank-based Wilcoxon is invariant and used for upgrade	0.998962766185129	lower_in_early_ESCC
ST003027	AN004962	targeted LC-MS	positive	ST003027_targeted_LCMS_combined_modes	AN004962__57	0.01	FALSE	0.000948327922505598	0.985297597350487	scale sensitivity; rank-based Wilcoxon is invariant and used for upgrade	0.999560480065581	higher_in_early_ESCC
ST003027	AN004962	targeted LC-MS	positive	ST003027_targeted_LCMS_combined_modes	AN004962__144	0.01	FALSE	-8.65428036321152e-06	0.971043458161738	scale sensitivity; rank-based Wilcoxon is invariant and used for upgrade	0.999560480065581	lower_in_early_ESCC
ST003027	AN004962	targeted LC-MS	positive	ST003027_targeted_LCMS_combined_modes	AN004962__151	0.01	FALSE	7.60187834216054e-06	0.964208003430675	scale sensitivity; rank-based Wilcoxon is invariant and used for upgrade	0.999560480065581	higher_in_early_ESCC
ST003027	AN004962	targeted LC-MS	positive	ST003027_targeted_LCMS_combined_modes	AN004962__187	0.01	FALSE	2.95334408724497e-05	0.966992595870232	scale sensitivity; rank-based Wilcoxon is invariant and used for upgrade	0.999560480065581	higher_in_early_ESCC
ST003027	AN004963	targeted LC-MS	negative	ST003027_targeted_LCMS_combined_modes	AN004963__10	0.01	FALSE	9.14371608683462e-05	0.993615384198625	scale sensitivity; rank-based Wilcoxon is invariant and used for upgrade	0.999560480065581	higher_in_early_ESCC
ST003027	AN004963	targeted LC-MS	negative	ST003027_targeted_LCMS_combined_modes	AN004963__18	0.01	FALSE	-2.94265633530725e-05	0.968126605686616	scale sensitivity; rank-based Wilcoxon is invariant and used for upgrade	0.999560480065581	lower_in_early_ESCC
ST003027	AN004963	targeted LC-MS	negative	ST003027_targeted_LCMS_combined_modes	AN004963__20	0.01	FALSE	0.00226867626195881	0.954285190305428	scale sensitivity; rank-based Wilcoxon is invariant and used for upgrade	0.999560480065581	higher_in_early_ESCC
ST003027	AN004963	targeted LC-MS	negative	ST003027_targeted_LCMS_combined_modes	AN004963__61	0.01	FALSE	-2.95187499988856e-06	0.983656632178654	scale sensitivity; rank-based Wilcoxon is invariant and used for upgrade	0.999560480065581	lower_in_early_ESCC
ST003027	AN004963	targeted LC-MS	negative	ST003027_targeted_LCMS_combined_modes	AN004963__81	0.01	FALSE	-3.36624963320333e-06	0.982948796636259	scale sensitivity; rank-based Wilcoxon is invariant and used for upgrade	0.999560480065581	lower_in_early_ESCC
ST003027	AN004963	targeted LC-MS	negative	ST003027_targeted_LCMS_combined_modes	AN004963__105	0.01	FALSE	1.99249999672461e-06	0.988997034548005	scale sensitivity; rank-based Wilcoxon is invariant and used for upgrade	0.999560480065581	higher_in_early_ESCC
ST003027	AN004963	targeted LC-MS	negative	ST003027_targeted_LCMS_combined_modes	AN004963__106	0.01	FALSE	-1.87441353329134e-05	0.961393903445861	scale sensitivity; rank-based Wilcoxon is invariant and used for upgrade	0.999560480065581	lower_in_early_ESCC
ST003027	AN004963	targeted LC-MS	negative	ST003027_targeted_LCMS_combined_modes	AN004963__117	0.01	FALSE	5.18750000030784e-07	0.997127668988114	scale sensitivity; rank-based Wilcoxon is invariant and used for upgrade	0.999560480065581	higher_in_early_ESCC
ST003027	AN004963	targeted LC-MS	negative	ST003027_targeted_LCMS_combined_modes	AN004963__128	0.01	FALSE	7.22999964544865e-06	0.960816224571583	scale sensitivity; rank-based Wilcoxon is invariant and used for upgrade	0.999560480065581	higher_in_early_ESCC
ST003027	AN004963	targeted LC-MS	negative	ST003027_targeted_LCMS_combined_modes	AN004963__142	0.01	FALSE	3.37562499226481e-06	0.981330910184735	scale sensitivity; rank-based Wilcoxon is invariant and used for upgrade	0.999560480065581	higher_in_early_ESCC
ST003027	AN004963	targeted LC-MS	negative	ST003027_targeted_LCMS_combined_modes	AN004963__145	0.01	FALSE	2.85187480750473e-06	0.984501161457348	scale sensitivity; rank-based Wilcoxon is invariant and used for upgrade	0.999560480065581	higher_in_early_ESCC
ST003027	AN004963	targeted LC-MS	negative	ST003027_targeted_LCMS_combined_modes	AN004963__167	0.01	FALSE	7.39999999993074e-07	0.995902431202472	scale sensitivity; rank-based Wilcoxon is invariant and used for upgrade	0.999560480065581	higher_in_early_ESCC
ST003027	AN004963	targeted LC-MS	negative	ST003027_targeted_LCMS_combined_modes	AN004963__187	0.01	FALSE	7.93749999939295e-08	0.999560480065581	scale sensitivity; rank-based Wilcoxon is invariant and used for upgrade	0.999560480065581	higher_in_early_ESCC
ST003027	AN004963	targeted LC-MS	negative	ST003027_targeted_LCMS_combined_modes	AN004963__212	0.01	FALSE	-5.31713042752234e-06	0.977679637589978	scale sensitivity; rank-based Wilcoxon is invariant and used for upgrade	0.999560480065581	lower_in_early_ESCC
ST003027	AN004962	targeted LC-MS	positive	ST003027_targeted_LCMS_combined_modes	AN004962__243	0.1	FALSE	0.106558038492171	1.4479991478348e-10	scale sensitivity; rank-based Wilcoxon is invariant and used for upgrade	4.6480772645497e-08	higher_in_early_ESCC
ST003027	AN004962	targeted LC-MS	positive	ST003027_targeted_LCMS_combined_modes	AN004962__2	0.1	FALSE	0.528243923422218	2.13481515708471e-08	scale sensitivity; rank-based Wilcoxon is invariant and used for upgrade	2.28425221808064e-06	higher_in_early_ESCC
ST003027	AN004962	targeted LC-MS	positive	ST003027_targeted_LCMS_combined_modes	AN004962__85	0.1	FALSE	0.552201796144539	1.74093077906684e-08	scale sensitivity; rank-based Wilcoxon is invariant and used for upgrade	2.28425221808064e-06	higher_in_early_ESCC
ST003027	AN004962	targeted LC-MS	positive	ST003027_targeted_LCMS_combined_modes	AN004962__41	0.1	FALSE	0.568265791646774	9.59832798231206e-08	scale sensitivity; rank-based Wilcoxon is invariant and used for upgrade	7.70265820580543e-06	higher_in_early_ESCC
ST003027	AN004962	targeted LC-MS	positive	ST003027_targeted_LCMS_combined_modes	AN004962__59	0.1	FALSE	0.65877769103297	4.52134829702336e-07	scale sensitivity; rank-based Wilcoxon is invariant and used for upgrade	2.4189213389075e-05	higher_in_early_ESCC
ST003027	AN004963	targeted LC-MS	negative	ST003027_targeted_LCMS_combined_modes	AN004963__127	0.1	FALSE	0.0231295101753046	3.91148750572361e-07	scale sensitivity; rank-based Wilcoxon is invariant and used for upgrade	2.4189213389075e-05	higher_in_early_ESCC
ST003027	AN004962	targeted LC-MS	positive	ST003027_targeted_LCMS_combined_modes	AN004962__67	0.1	FALSE	0.138373292016698	1.59505785614239e-06	scale sensitivity; rank-based Wilcoxon is invariant and used for upgrade	6.40016964777132e-05	higher_in_early_ESCC
ST003027	AN004963	targeted LC-MS	negative	ST003027_targeted_LCMS_combined_modes	AN004963__28	0.1	FALSE	-0.0348661390347625	1.45482641744086e-06	scale sensitivity; rank-based Wilcoxon is invariant and used for upgrade	6.40016964777132e-05	lower_in_early_ESCC
ST003027	AN004962	targeted LC-MS	positive	ST003027_targeted_LCMS_combined_modes	AN004962__17	0.1	FALSE	0.355899801522675	3.35440380500582e-06	scale sensitivity; rank-based Wilcoxon is invariant and used for upgrade	0.000119640402378541	higher_in_early_ESCC
ST003027	AN004962	targeted LC-MS	positive	ST003027_targeted_LCMS_combined_modes	AN004962__110	0.1	FALSE	0.0500000587667354	4.66352261280525e-06	scale sensitivity; rank-based Wilcoxon is invariant and used for upgrade	0.000149699075871049	higher_in_early_ESCC
ST003027	AN004963	targeted LC-MS	negative	ST003027_targeted_LCMS_combined_modes	AN004963__207	0.1	FALSE	-0.061222504757154	5.70177305679077e-06	scale sensitivity; rank-based Wilcoxon is invariant and used for upgrade	0.000166388104657258	lower_in_early_ESCC
ST003027	AN004962	targeted LC-MS	positive	ST003027_targeted_LCMS_combined_modes	AN004962__31	0.1	FALSE	0.557955504878875	6.53366247081338e-06	scale sensitivity; rank-based Wilcoxon is invariant and used for upgrade	0.000174775471094258	higher_in_early_ESCC
ST003027	AN004962	targeted LC-MS	positive	ST003027_targeted_LCMS_combined_modes	AN004962__95	0.1	FALSE	0.00310182069151905	9.83748729341261e-06	scale sensitivity; rank-based Wilcoxon is invariant and used for upgrade	0.000215902499043347	higher_in_early_ESCC
ST003027	AN004962	targeted LC-MS	positive	ST003027_targeted_LCMS_combined_modes	AN004962__228	0.1	FALSE	0.0110151862556352	9.69147207379071e-06	scale sensitivity; rank-based Wilcoxon is invariant and used for upgrade	0.000215902499043347	higher_in_early_ESCC
ST003027	AN004963	targeted LC-MS	negative	ST003027_targeted_LCMS_combined_modes	AN004963__39	0.1	FALSE	-0.0919261529838722	1.00889018244555e-05	scale sensitivity; rank-based Wilcoxon is invariant and used for upgrade	0.000215902499043347	lower_in_early_ESCC
ST003027	AN004962	targeted LC-MS	positive	ST003027_targeted_LCMS_combined_modes	AN004962__251	0.1	FALSE	0.0435676782799416	1.28878443895412e-05	scale sensitivity; rank-based Wilcoxon is invariant and used for upgrade	0.00025856237806517	higher_in_early_ESCC
ST003027	AN004962	targeted LC-MS	positive	ST003027_targeted_LCMS_combined_modes	AN004962__29	0.1	FALSE	0.643845364339982	1.87161681891655e-05	scale sensitivity; rank-based Wilcoxon is invariant and used for upgrade	0.000353405293454243	higher_in_early_ESCC
ST003027	AN004963	targeted LC-MS	negative	ST003027_targeted_LCMS_combined_modes	AN004963__168	0.1	FALSE	0.178937498000129	2.01138282015379e-05	scale sensitivity; rank-based Wilcoxon is invariant and used for upgrade	0.000358696602927426	higher_in_early_ESCC
ST003027	AN004962	targeted LC-MS	positive	ST003027_targeted_LCMS_combined_modes	AN004962__253	0.1	FALSE	0.834612702125978	2.28403239845085e-05	scale sensitivity; rank-based Wilcoxon is invariant and used for upgrade	0.000385881263106695	higher_in_early_ESCC
ST003027	AN004962	targeted LC-MS	positive	ST003027_targeted_LCMS_combined_modes	AN004962__107	0.1	FALSE	0.213935794345526	3.66057087278482e-05	scale sensitivity; rank-based Wilcoxon is invariant and used for upgrade	0.000587521625081964	higher_in_early_ESCC
ST003027	AN004963	targeted LC-MS	negative	ST003027_targeted_LCMS_combined_modes	AN004963__211	0.1	FALSE	-0.771083526429366	4.88693741414871e-05	scale sensitivity; rank-based Wilcoxon is invariant and used for upgrade	0.000747003290448445	lower_in_early_ESCC
ST003027	AN004962	targeted LC-MS	positive	ST003027_targeted_LCMS_combined_modes	AN004962__52	0.1	FALSE	0.0230967886921336	5.14732223729332e-05	scale sensitivity; rank-based Wilcoxon is invariant and used for upgrade	0.000751041108259617	higher_in_early_ESCC
ST003027	AN004962	targeted LC-MS	positive	ST003027_targeted_LCMS_combined_modes	AN004962__82	0.1	FALSE	0.0742075457879524	6.14373497907514e-05	scale sensitivity; rank-based Wilcoxon is invariant and used for upgrade	0.000758514972416584	higher_in_early_ESCC
ST003027	AN004962	targeted LC-MS	positive	ST003027_targeted_LCMS_combined_modes	AN004962__112	0.1	FALSE	0.00163554918265532	5.88347090333411e-05	scale sensitivity; rank-based Wilcoxon is invariant and used for upgrade	0.000758514972416584	higher_in_early_ESCC
ST003027	AN004962	targeted LC-MS	positive	ST003027_targeted_LCMS_combined_modes	AN004962__174	0.1	FALSE	0.405749973207464	5.71317979606159e-05	scale sensitivity; rank-based Wilcoxon is invariant and used for upgrade	0.000758514972416584	higher_in_early_ESCC
ST003027	AN004962	targeted LC-MS	positive	ST003027_targeted_LCMS_combined_modes	AN004962__260	0.1	FALSE	0.0911942927831452	5.9931912781884e-05	scale sensitivity; rank-based Wilcoxon is invariant and used for upgrade	0.000758514972416584	higher_in_early_ESCC
ST003027	AN004962	targeted LC-MS	positive	ST003027_targeted_LCMS_combined_modes	AN004962__54	0.1	FALSE	0.573767488208668	8.1196018006743e-05	scale sensitivity; rank-based Wilcoxon is invariant and used for upgrade	0.00093085434929159	higher_in_early_ESCC
ST003027	AN004963	targeted LC-MS	negative	ST003027_targeted_LCMS_combined_modes	AN004963__148	0.1	FALSE	0.00740140029403971	7.91409860938925e-05	scale sensitivity; rank-based Wilcoxon is invariant and used for upgrade	0.00093085434929159	higher_in_early_ESCC
ST003027	AN004963	targeted LC-MS	negative	ST003027_targeted_LCMS_combined_modes	AN004963__199	0.1	FALSE	-0.0277852328982142	8.57812476660378e-05	scale sensitivity; rank-based Wilcoxon is invariant and used for upgrade	0.000949509672441314	lower_in_early_ESCC
ST003027	AN004963	targeted LC-MS	negative	ST003027_targeted_LCMS_combined_modes	AN004963__27	0.1	FALSE	-0.00931558792458114	8.92042623166524e-05	scale sensitivity; rank-based Wilcoxon is invariant and used for upgrade	0.000954485606788181	lower_in_early_ESCC
ST003027	AN004963	targeted LC-MS	negative	ST003027_targeted_LCMS_combined_modes	AN004963__222	0.1	FALSE	0.0115193209267841	9.44044737266932e-05	scale sensitivity; rank-based Wilcoxon is invariant and used for upgrade	0.000977543098911888	higher_in_early_ESCC
ST003027	AN004962	targeted LC-MS	positive	ST003027_targeted_LCMS_combined_modes	AN004962__255	0.1	FALSE	0.00727328287185581	0.000148367354308363	scale sensitivity; rank-based Wilcoxon is invariant and used for upgrade	0.00148831002290577	higher_in_early_ESCC
ST003027	AN004962	targeted LC-MS	positive	ST003027_targeted_LCMS_combined_modes	AN004962__258	0.1	FALSE	0.00324457247344314	0.000177780353627666	scale sensitivity; rank-based Wilcoxon is invariant and used for upgrade	0.00167845569160238	higher_in_early_ESCC
ST003027	AN004963	targeted LC-MS	negative	ST003027_targeted_LCMS_combined_modes	AN004963__32	0.1	FALSE	0.0766433261873447	0.000175534140100842	scale sensitivity; rank-based Wilcoxon is invariant and used for upgrade	0.00167845569160238	higher_in_early_ESCC
ST003027	AN004962	targeted LC-MS	positive	ST003027_targeted_LCMS_combined_modes	AN004962__8	0.1	FALSE	0.258543885183948	0.000230582195926792	scale sensitivity; rank-based Wilcoxon is invariant and used for upgrade	0.00211259205920625	higher_in_early_ESCC
ST003027	AN004962	targeted LC-MS	positive	ST003027_targeted_LCMS_combined_modes	AN004962__66	0.1	FALSE	0.330262700136977	0.000256670063268049	scale sensitivity; rank-based Wilcoxon is invariant and used for upgrade	0.00211259205920625	higher_in_early_ESCC
ST003027	AN004962	targeted LC-MS	positive	ST003027_targeted_LCMS_combined_modes	AN004962__75	0.1	FALSE	0.371458371012916	0.000251096900529982	scale sensitivity; rank-based Wilcoxon is invariant and used for upgrade	0.00211259205920625	higher_in_early_ESCC
ST003027	AN004962	targeted LC-MS	positive	ST003027_targeted_LCMS_combined_modes	AN004962__88	0.1	FALSE	0.438630345583718	0.000244026899826671	scale sensitivity; rank-based Wilcoxon is invariant and used for upgrade	0.00211259205920625	higher_in_early_ESCC
ST003027	AN004963	targeted LC-MS	negative	ST003027_targeted_LCMS_combined_modes	AN004963__95	0.1	FALSE	-1.2526250237352	0.000243789056499453	scale sensitivity; rank-based Wilcoxon is invariant and used for upgrade	0.00211259205920625	lower_in_early_ESCC
ST003027	AN004962	targeted LC-MS	positive	ST003027_targeted_LCMS_combined_modes	AN004962__21	0.1	FALSE	-0.205074997155999	0.000276399148769963	scale sensitivity; rank-based Wilcoxon is invariant and used for upgrade	0.00221810316887895	lower_in_early_ESCC
ST003027	AN004962	targeted LC-MS	positive	ST003027_targeted_LCMS_combined_modes	AN004962__252	0.1	FALSE	0.0114930048525551	0.000363769217805403	scale sensitivity; rank-based Wilcoxon is invariant and used for upgrade	0.00284804680281791	higher_in_early_ESCC
ST003027	AN004962	targeted LC-MS	positive	ST003027_targeted_LCMS_combined_modes	AN004962__183	0.1	FALSE	0.0507395829489473	0.000399216906509036	scale sensitivity; rank-based Wilcoxon is invariant and used for upgrade	0.00305115778546192	higher_in_early_ESCC
ST003027	AN004963	targeted LC-MS	negative	ST003027_targeted_LCMS_combined_modes	AN004963__173	0.1	FALSE	0.0876275621420921	0.000459238874965886	scale sensitivity; rank-based Wilcoxon is invariant and used for upgrade	0.00342827160148952	higher_in_early_ESCC
ST003027	AN004962	targeted LC-MS	positive	ST003027_targeted_LCMS_combined_modes	AN004962__229	0.1	FALSE	0.00106287938923977	0.000573497780219265	scale sensitivity; rank-based Wilcoxon is invariant and used for upgrade	0.00418392698750873	higher_in_early_ESCC
ST003027	AN004962	targeted LC-MS	positive	ST003027_targeted_LCMS_combined_modes	AN004962__114	0.1	FALSE	0.0311760741933646	0.000644682997243734	scale sensitivity; rank-based Wilcoxon is invariant and used for upgrade	0.00441237531313944	higher_in_early_ESCC
ST003027	AN004963	targeted LC-MS	negative	ST003027_targeted_LCMS_combined_modes	AN004963__69	0.1	FALSE	0.00849998838014278	0.000639334578580304	scale sensitivity; rank-based Wilcoxon is invariant and used for upgrade	0.00441237531313944	higher_in_early_ESCC
ST003027	AN004963	targeted LC-MS	negative	ST003027_targeted_LCMS_combined_modes	AN004963__92	0.1	FALSE	-0.156344951331678	0.000646048721861538	scale sensitivity; rank-based Wilcoxon is invariant and used for upgrade	0.00441237531313944	lower_in_early_ESCC
ST003027	AN004962	targeted LC-MS	positive	ST003027_targeted_LCMS_combined_modes	AN004962__37	0.1	FALSE	0.379368628116816	0.00082297341868947	scale sensitivity; rank-based Wilcoxon is invariant and used for upgrade	0.00550363473748583	higher_in_early_ESCC
ST003027	AN004963	targeted LC-MS	negative	ST003027_targeted_LCMS_combined_modes	AN004963__118	0.1	FALSE	0.0186335868251609	0.00090017926951793	scale sensitivity; rank-based Wilcoxon is invariant and used for upgrade	0.00589709276561746	higher_in_early_ESCC
ST003027	AN004962	targeted LC-MS	positive	ST003027_targeted_LCMS_combined_modes	AN004962__165	0.1	FALSE	0.148365624964518	0.00104464484990243	scale sensitivity; rank-based Wilcoxon is invariant and used for upgrade	0.00657511758467999	higher_in_early_ESCC
ST003027	AN004963	targeted LC-MS	negative	ST003027_targeted_LCMS_combined_modes	AN004963__135	0.1	FALSE	0.0364438513525866	0.0010316422355236	scale sensitivity; rank-based Wilcoxon is invariant and used for upgrade	0.00657511758467999	higher_in_early_ESCC
ST003027	AN004962	targeted LC-MS	positive	ST003027_targeted_LCMS_combined_modes	AN004962__244	0.1	FALSE	0.00249309851127608	0.00111423306584379	scale sensitivity; rank-based Wilcoxon is invariant and used for upgrade	0.00687824642568953	higher_in_early_ESCC
ST003027	AN004962	targeted LC-MS	positive	ST003027_targeted_LCMS_combined_modes	AN004962__47	0.1	FALSE	-0.00383019171916008	0.00115915689849827	scale sensitivity; rank-based Wilcoxon is invariant and used for upgrade	0.00702055404562159	lower_in_early_ESCC
ST003027	AN004962	targeted LC-MS	positive	ST003027_targeted_LCMS_combined_modes	AN004962__167	0.1	FALSE	0.169029123155439	0.00139079311906221	scale sensitivity; rank-based Wilcoxon is invariant and used for upgrade	0.00826120089665727	higher_in_early_ESCC
ST003027	AN004962	targeted LC-MS	positive	ST003027_targeted_LCMS_combined_modes	AN004962__209	0.1	FALSE	0.000783712179621335	0.00141547055861729	scale sensitivity; rank-based Wilcoxon is invariant and used for upgrade	0.00826120089665727	higher_in_early_ESCC
ST003027	AN004962	targeted LC-MS	positive	ST003027_targeted_LCMS_combined_modes	AN004962__246	0.1	FALSE	0.623141448523386	0.00151523465191517	scale sensitivity; rank-based Wilcoxon is invariant and used for upgrade	0.00868554148687091	higher_in_early_ESCC
ST003027	AN004962	targeted LC-MS	positive	ST003027_targeted_LCMS_combined_modes	AN004962__98	0.1	FALSE	0.0953770663663364	0.00179520641548837	scale sensitivity; rank-based Wilcoxon is invariant and used for upgrade	0.00993553895468564	higher_in_early_ESCC
ST003027	AN004962	targeted LC-MS	positive	ST003027_targeted_LCMS_combined_modes	AN004962__140	0.1	FALSE	0.357556600828726	0.001789392481161	scale sensitivity; rank-based Wilcoxon is invariant and used for upgrade	0.00993553895468564	higher_in_early_ESCC
ST003027	AN004962	targeted LC-MS	positive	ST003027_targeted_LCMS_combined_modes	AN004962__113	0.1	FALSE	0.371768816108132	0.00182954773955734	scale sensitivity; rank-based Wilcoxon is invariant and used for upgrade	0.00995398007454076	higher_in_early_ESCC
ST003027	AN004962	targeted LC-MS	positive	ST003027_targeted_LCMS_combined_modes	AN004962__217	0.1	FALSE	0.00272336697981859	0.00187425246070812	scale sensitivity; rank-based Wilcoxon is invariant and used for upgrade	0.0100272506647884	higher_in_early_ESCC
ST003027	AN004962	targeted LC-MS	positive	ST003027_targeted_LCMS_combined_modes	AN004962__3	0.1	FALSE	0.00226712839764399	0.00197549327307585	scale sensitivity; rank-based Wilcoxon is invariant and used for upgrade	0.0103956285353664	higher_in_early_ESCC
ST003027	AN004962	targeted LC-MS	positive	ST003027_targeted_LCMS_combined_modes	AN004962__204	0.1	FALSE	0.466764186695469	0.00211585052018921	scale sensitivity; rank-based Wilcoxon is invariant and used for upgrade	0.0109546454351731	higher_in_early_ESCC
ST003027	AN004963	targeted LC-MS	negative	ST003027_targeted_LCMS_combined_modes	AN004963__129	0.1	FALSE	-0.388721929869849	0.00221694512032159	scale sensitivity; rank-based Wilcoxon is invariant and used for upgrade	0.0112958632321147	lower_in_early_ESCC
ST003027	AN004963	targeted LC-MS	negative	ST003027_targeted_LCMS_combined_modes	AN004963__86	0.1	FALSE	0.0526246728918696	0.00242111401826453	scale sensitivity; rank-based Wilcoxon is invariant and used for upgrade	0.0119565784594295	higher_in_early_ESCC
ST003027	AN004963	targeted LC-MS	negative	ST003027_targeted_LCMS_combined_modes	AN004963__217	0.1	FALSE	0.0365550909694534	0.00241340108100595	scale sensitivity; rank-based Wilcoxon is invariant and used for upgrade	0.0119565784594295	higher_in_early_ESCC
ST003027	AN004963	targeted LC-MS	negative	ST003027_targeted_LCMS_combined_modes	AN004963__114	0.1	FALSE	-0.914293821329307	0.00249902691453371	scale sensitivity; rank-based Wilcoxon is invariant and used for upgrade	0.0121543581752321	lower_in_early_ESCC
ST003027	AN004963	targeted LC-MS	negative	ST003027_targeted_LCMS_combined_modes	AN004963__115	0.1	FALSE	-0.284261782089625	0.0031218699682034	scale sensitivity; rank-based Wilcoxon is invariant and used for upgrade	0.0147689595694247	lower_in_early_ESCC
ST003027	AN004963	targeted LC-MS	negative	ST003027_targeted_LCMS_combined_modes	AN004963__191	0.1	FALSE	-0.0110003005758201	0.00312862694928622	scale sensitivity; rank-based Wilcoxon is invariant and used for upgrade	0.0147689595694247	lower_in_early_ESCC
ST003027	AN004962	targeted LC-MS	positive	ST003027_targeted_LCMS_combined_modes	AN004962__108	0.1	FALSE	-0.644454069179394	0.00374117592969583	scale sensitivity; rank-based Wilcoxon is invariant and used for upgrade	0.0168966823585903	lower_in_early_ESCC
ST003027	AN004962	targeted LC-MS	positive	ST003027_targeted_LCMS_combined_modes	AN004962__227	0.1	FALSE	-0.0925365946560897	0.00370814709799395	scale sensitivity; rank-based Wilcoxon is invariant and used for upgrade	0.0168966823585903	lower_in_early_ESCC
ST003027	AN004963	targeted LC-MS	negative	ST003027_targeted_LCMS_combined_modes	AN004963__3	0.1	FALSE	-0.288127081593963	0.00371857001773264	scale sensitivity; rank-based Wilcoxon is invariant and used for upgrade	0.0168966823585903	lower_in_early_ESCC
ST003027	AN004963	targeted LC-MS	negative	ST003027_targeted_LCMS_combined_modes	AN004963__107	0.1	FALSE	0.00682249881527242	0.00378991006173989	scale sensitivity; rank-based Wilcoxon is invariant and used for upgrade	0.0168966823585903	higher_in_early_ESCC
ST003027	AN004962	targeted LC-MS	positive	ST003027_targeted_LCMS_combined_modes	AN004962__214	0.1	FALSE	0.00246056574310238	0.00409212193297822	scale sensitivity; rank-based Wilcoxon is invariant and used for upgrade	0.0179941252121371	higher_in_early_ESCC
ST003027	AN004962	targeted LC-MS	positive	ST003027_targeted_LCMS_combined_modes	AN004962__218	0.1	FALSE	0.0134529170852208	0.00434315783615046	scale sensitivity; rank-based Wilcoxon is invariant and used for upgrade	0.018588715538724	higher_in_early_ESCC
ST003027	AN004962	targeted LC-MS	positive	ST003027_targeted_LCMS_combined_modes	AN004962__239	0.1	FALSE	0.00073641119877775	0.00431324424846104	scale sensitivity; rank-based Wilcoxon is invariant and used for upgrade	0.018588715538724	higher_in_early_ESCC
ST003027	AN004962	targeted LC-MS	positive	ST003027_targeted_LCMS_combined_modes	AN004962__191	0.1	FALSE	0.00144981962524247	0.00484317763303523	scale sensitivity; rank-based Wilcoxon is invariant and used for upgrade	0.0201903898727832	higher_in_early_ESCC
ST003027	AN004963	targeted LC-MS	negative	ST003027_targeted_LCMS_combined_modes	AN004963__139	0.1	FALSE	0.0816976617136945	0.00481690745885691	scale sensitivity; rank-based Wilcoxon is invariant and used for upgrade	0.0201903898727832	higher_in_early_ESCC
ST003027	AN004963	targeted LC-MS	negative	ST003027_targeted_LCMS_combined_modes	AN004963__122	0.1	FALSE	0.00460913028199784	0.00518126761275065	scale sensitivity; rank-based Wilcoxon is invariant and used for upgrade	0.0213229090217046	higher_in_early_ESCC
ST003027	AN004963	targeted LC-MS	negative	ST003027_targeted_LCMS_combined_modes	AN004963__54	0.1	FALSE	-0.00663226119791809	0.00534354009677659	scale sensitivity; rank-based Wilcoxon is invariant and used for upgrade	0.0217123591274087	lower_in_early_ESCC
ST003027	AN004962	targeted LC-MS	positive	ST003027_targeted_LCMS_combined_modes	AN004962__33	0.1	FALSE	0.396538615667787	0.00552964254543122	scale sensitivity; rank-based Wilcoxon is invariant and used for upgrade	0.0221876907135428	higher_in_early_ESCC
ST003027	AN004962	targeted LC-MS	positive	ST003027_targeted_LCMS_combined_modes	AN004962__128	0.1	FALSE	0.139681818742847	0.00608979158338376	scale sensitivity; rank-based Wilcoxon is invariant and used for upgrade	0.0234458410366554	higher_in_early_ESCC
ST003027	AN004962	targeted LC-MS	positive	ST003027_targeted_LCMS_combined_modes	AN004962__196	0.1	FALSE	-0.0428747697327345	0.00613536027127432	scale sensitivity; rank-based Wilcoxon is invariant and used for upgrade	0.0234458410366554	lower_in_early_ESCC
ST003027	AN004963	targeted LC-MS	negative	ST003027_targeted_LCMS_combined_modes	AN004963__184	0.1	FALSE	0.123332744454414	0.00613501663882858	scale sensitivity; rank-based Wilcoxon is invariant and used for upgrade	0.0234458410366554	higher_in_early_ESCC
ST003027	AN004963	targeted LC-MS	negative	ST003027_targeted_LCMS_combined_modes	AN004963__218	0.1	FALSE	0.227232669846151	0.0059399133989675	scale sensitivity; rank-based Wilcoxon is invariant and used for upgrade	0.0234458410366554	higher_in_early_ESCC
ST003027	AN004962	targeted LC-MS	positive	ST003027_targeted_LCMS_combined_modes	AN004962__184	0.1	FALSE	0.346759450440606	0.00654355112528726	scale sensitivity; rank-based Wilcoxon is invariant and used for upgrade	0.0247115283672613	higher_in_early_ESCC
ST003027	AN004962	targeted LC-MS	positive	ST003027_targeted_LCMS_combined_modes	AN004962__189	0.1	FALSE	-0.186366907564378	0.00675775258588342	scale sensitivity; rank-based Wilcoxon is invariant and used for upgrade	0.0252237044194021	lower_in_early_ESCC
ST003027	AN004963	targeted LC-MS	negative	ST003027_targeted_LCMS_combined_modes	AN004963__151	0.1	FALSE	0.0104120916848936	0.00702941754784701	scale sensitivity; rank-based Wilcoxon is invariant and used for upgrade	0.02593612681447	higher_in_early_ESCC
ST003027	AN004962	targeted LC-MS	positive	ST003027_targeted_LCMS_combined_modes	AN004962__126	0.1	FALSE	0.204300871783929	0.011015136759576	scale sensitivity; rank-based Wilcoxon is invariant and used for upgrade	0.0394373579078846	higher_in_early_ESCC
ST003027	AN004962	targeted LC-MS	positive	ST003027_targeted_LCMS_combined_modes	AN004962__141	0.1	FALSE	0.11452973528318	0.0108251477696512	scale sensitivity; rank-based Wilcoxon is invariant and used for upgrade	0.0394373579078846	higher_in_early_ESCC
ST003027	AN004963	targeted LC-MS	negative	ST003027_targeted_LCMS_combined_modes	AN004963__126	0.1	FALSE	0.005843891335395	0.0110572031517434	scale sensitivity; rank-based Wilcoxon is invariant and used for upgrade	0.0394373579078846	higher_in_early_ESCC
ST003027	AN004962	targeted LC-MS	positive	ST003027_targeted_LCMS_combined_modes	AN004962__53	0.1	FALSE	0.0843166725815411	0.0116221364180668	scale sensitivity; rank-based Wilcoxon is invariant and used for upgrade	0.0409967669252685	higher_in_early_ESCC
ST003027	AN004963	targeted LC-MS	negative	ST003027_targeted_LCMS_combined_modes	AN004963__49	0.1	FALSE	-0.0656790291724679	0.012090175127633	scale sensitivity; rank-based Wilcoxon is invariant and used for upgrade	0.0421841979996759	lower_in_early_ESCC
ST003027	AN004962	targeted LC-MS	positive	ST003027_targeted_LCMS_combined_modes	AN004962__61	0.1	FALSE	0.308857420756239	0.0126881958489396	scale sensitivity; rank-based Wilcoxon is invariant and used for upgrade	0.043794740510856	higher_in_early_ESCC
ST003027	AN004963	targeted LC-MS	negative	ST003027_targeted_LCMS_combined_modes	AN004963__160	0.1	FALSE	0.0141766696136508	0.0154684836960158	scale sensitivity; rank-based Wilcoxon is invariant and used for upgrade	0.0528232262385222	higher_in_early_ESCC
ST003027	AN004962	targeted LC-MS	positive	ST003027_targeted_LCMS_combined_modes	AN004962__135	0.1	FALSE	0.0019912687598711	0.016389359209992	scale sensitivity; rank-based Wilcoxon is invariant and used for upgrade	0.0545330211021086	higher_in_early_ESCC
ST003027	AN004963	targeted LC-MS	negative	ST003027_targeted_LCMS_combined_modes	AN004963__8	0.1	FALSE	-0.0979587685019684	0.0162217097219626	scale sensitivity; rank-based Wilcoxon is invariant and used for upgrade	0.0545330211021086	lower_in_early_ESCC
ST003027	AN004963	targeted LC-MS	negative	ST003027_targeted_LCMS_combined_modes	AN004963__221	0.1	FALSE	-0.41452952488118	0.0164788256912914	scale sensitivity; rank-based Wilcoxon is invariant and used for upgrade	0.0545330211021086	lower_in_early_ESCC
ST003027	AN004962	targeted LC-MS	positive	ST003027_targeted_LCMS_combined_modes	AN004962__60	0.1	FALSE	0.217931895185328	0.0168483360429475	scale sensitivity; rank-based Wilcoxon is invariant and used for upgrade	0.0551868966304708	higher_in_early_ESCC
ST003027	AN004962	targeted LC-MS	positive	ST003027_targeted_LCMS_combined_modes	AN004962__103	0.1	FALSE	0.0135372740500719	0.0173286246297125	scale sensitivity; rank-based Wilcoxon is invariant and used for upgrade	0.0561867525872496	higher_in_early_ESCC
ST003027	AN004963	targeted LC-MS	negative	ST003027_targeted_LCMS_combined_modes	AN004963__41	0.1	FALSE	-0.268718581707216	0.0177303977278689	scale sensitivity; rank-based Wilcoxon is invariant and used for upgrade	0.0569145767064593	lower_in_early_ESCC
ST003027	AN004962	targeted LC-MS	positive	ST003027_targeted_LCMS_combined_modes	AN004962__146	0.1	FALSE	0.0118118945293221	0.0205976397295671	scale sensitivity; rank-based Wilcoxon is invariant and used for upgrade	0.0654637856751588	higher_in_early_ESCC
ST003027	AN004963	targeted LC-MS	negative	ST003027_targeted_LCMS_combined_modes	AN004963__77	0.1	FALSE	0.0110206937739045	0.0209995078058047	scale sensitivity; rank-based Wilcoxon is invariant and used for upgrade	0.0660866863300324	higher_in_early_ESCC
ST003027	AN004963	targeted LC-MS	negative	ST003027_targeted_LCMS_combined_modes	AN004963__24	0.1	FALSE	0.0191284661518986	0.0217447197000533	scale sensitivity; rank-based Wilcoxon is invariant and used for upgrade	0.0677675245021078	higher_in_early_ESCC
ST003027	AN004962	targeted LC-MS	positive	ST003027_targeted_LCMS_combined_modes	AN004962__235	0.1	FALSE	0.447365719433188	0.0227348910395373	scale sensitivity; rank-based Wilcoxon is invariant and used for upgrade	0.0701721156124181	higher_in_early_ESCC
ST003027	AN004963	targeted LC-MS	negative	ST003027_targeted_LCMS_combined_modes	AN004963__76	0.1	FALSE	-0.0112127102579747	0.023075358458679	scale sensitivity; rank-based Wilcoxon is invariant and used for upgrade	0.0705446672879616	lower_in_early_ESCC
ST003027	AN004962	targeted LC-MS	positive	ST003027_targeted_LCMS_combined_modes	AN004962__24	0.1	FALSE	0.239927424974531	0.0240877232143355	scale sensitivity; rank-based Wilcoxon is invariant and used for upgrade	0.0722631696430066	higher_in_early_ESCC
ST003027	AN004963	targeted LC-MS	negative	ST003027_targeted_LCMS_combined_modes	AN004963__93	0.1	FALSE	0.010184670045886	0.0239256730010714	scale sensitivity; rank-based Wilcoxon is invariant and used for upgrade	0.0722631696430066	higher_in_early_ESCC
ST003027	AN004962	targeted LC-MS	positive	ST003027_targeted_LCMS_combined_modes	AN004962__62	0.1	FALSE	0.000825096509227744	0.026593787767781	scale sensitivity; rank-based Wilcoxon is invariant and used for upgrade	0.0779269007633773	higher_in_early_ESCC
ST003027	AN004963	targeted LC-MS	negative	ST003027_targeted_LCMS_combined_modes	AN004963__78	0.1	FALSE	0.00343060780915323	0.0267039223799735	scale sensitivity; rank-based Wilcoxon is invariant and used for upgrade	0.0779269007633773	higher_in_early_ESCC
ST003027	AN004963	targeted LC-MS	negative	ST003027_targeted_LCMS_combined_modes	AN004963__185	0.1	FALSE	0.0183934742764629	0.0265096408034146	scale sensitivity; rank-based Wilcoxon is invariant and used for upgrade	0.0779269007633773	higher_in_early_ESCC
ST003027	AN004962	targeted LC-MS	positive	ST003027_targeted_LCMS_combined_modes	AN004962__42	0.1	FALSE	0.00871155638362687	0.0279344548127675	scale sensitivity; rank-based Wilcoxon is invariant and used for upgrade	0.0800621428115925	higher_in_early_ESCC
ST003027	AN004963	targeted LC-MS	negative	ST003027_targeted_LCMS_combined_modes	AN004963__98	0.1	FALSE	-0.00694494108697524	0.027759809874194	scale sensitivity; rank-based Wilcoxon is invariant and used for upgrade	0.0800621428115925	lower_in_early_ESCC
ST003027	AN004962	targeted LC-MS	positive	ST003027_targeted_LCMS_combined_modes	AN004962__65	0.1	FALSE	0.000474781101201867	0.0288351046478584	scale sensitivity; rank-based Wilcoxon is invariant and used for upgrade	0.0818818683032809	higher_in_early_ESCC
ST003027	AN004962	targeted LC-MS	positive	ST003027_targeted_LCMS_combined_modes	AN004962__262	0.1	FALSE	0.000623774358871604	0.0290795420142493	scale sensitivity; rank-based Wilcoxon is invariant and used for upgrade	0.0818818683032809	higher_in_early_ESCC
ST003027	AN004962	targeted LC-MS	positive	ST003027_targeted_LCMS_combined_modes	AN004962__150	0.1	FALSE	0.00507100960694656	0.030687032889584	scale sensitivity; rank-based Wilcoxon is invariant and used for upgrade	0.0856568483265779	higher_in_early_ESCC
ST003027	AN004962	targeted LC-MS	positive	ST003027_targeted_LCMS_combined_modes	AN004962__185	0.1	FALSE	0.00904971870873773	0.0313032820698096	scale sensitivity; rank-based Wilcoxon is invariant and used for upgrade	0.0865743017165434	higher_in_early_ESCC
ST003027	AN004962	targeted LC-MS	positive	ST003027_targeted_LCMS_combined_modes	AN004962__199	0.1	FALSE	0.003236384408852	0.0315551193172448	scale sensitivity; rank-based Wilcoxon is invariant and used for upgrade	0.0865743017165434	higher_in_early_ESCC
ST003027	AN004963	targeted LC-MS	negative	ST003027_targeted_LCMS_combined_modes	AN004963__19	0.1	FALSE	-0.0254809973726704	0.0326328853170976	scale sensitivity; rank-based Wilcoxon is invariant and used for upgrade	0.0887725100575282	lower_in_early_ESCC
ST003027	AN004963	targeted LC-MS	negative	ST003027_targeted_LCMS_combined_modes	AN004963__14	0.1	FALSE	-0.228699654608084	0.0343966812430035	scale sensitivity; rank-based Wilcoxon is invariant and used for upgrade	0.0927843250336481	lower_in_early_ESCC
ST003027	AN004962	targeted LC-MS	positive	ST003027_targeted_LCMS_combined_modes	AN004962__219	0.1	FALSE	0.000906703935517813	0.0368098991195835	scale sensitivity; rank-based Wilcoxon is invariant and used for upgrade	0.0984664801448859	higher_in_early_ESCC
ST003027	AN004962	targeted LC-MS	positive	ST003027_targeted_LCMS_combined_modes	AN004962__149	0.1	FALSE	-0.0148343205270941	0.0438950503357699	scale sensitivity; rank-based Wilcoxon is invariant and used for upgrade	0.116448852543654	lower_in_early_ESCC
ST003027	AN004963	targeted LC-MS	negative	ST003027_targeted_LCMS_combined_modes	AN004963__99	0.1	FALSE	0.088539666731856	0.0457871344154525	scale sensitivity; rank-based Wilcoxon is invariant and used for upgrade	0.120472706125904	higher_in_early_ESCC
ST003027	AN004963	targeted LC-MS	negative	ST003027_targeted_LCMS_combined_modes	AN004963__171	0.1	FALSE	0.00295782200413319	0.0470643011923049	scale sensitivity; rank-based Wilcoxon is invariant and used for upgrade	0.122826347014064	higher_in_early_ESCC
ST003027	AN004962	targeted LC-MS	positive	ST003027_targeted_LCMS_combined_modes	AN004962__254	0.1	FALSE	-0.00114277454514353	0.0488686618660688	scale sensitivity; rank-based Wilcoxon is invariant and used for upgrade	0.126506777895226	lower_in_early_ESCC
ST003027	AN004963	targeted LC-MS	negative	ST003027_targeted_LCMS_combined_modes	AN004963__85	0.1	FALSE	-0.0139389994985301	0.0503874555734858	scale sensitivity; rank-based Wilcoxon is invariant and used for upgrade	0.129394985912711	lower_in_early_ESCC
ST003027	AN004963	targeted LC-MS	negative	ST003027_targeted_LCMS_combined_modes	AN004963__179	0.1	FALSE	-0.0027832355156426	0.0513989466575225	scale sensitivity; rank-based Wilcoxon is invariant and used for upgrade	0.13094493553226	lower_in_early_ESCC
ST003027	AN004962	targeted LC-MS	positive	ST003027_targeted_LCMS_combined_modes	AN004962__27	0.1	FALSE	-0.221580054875729	0.0522756311644231	scale sensitivity; rank-based Wilcoxon is invariant and used for upgrade	0.132129744911652	lower_in_early_ESCC
ST003027	AN004962	targeted LC-MS	positive	ST003027_targeted_LCMS_combined_modes	AN004962__181	0.1	FALSE	0.0138919315211007	0.0544738894908343	scale sensitivity; rank-based Wilcoxon is invariant and used for upgrade	0.136610300988733	higher_in_early_ESCC
ST003027	AN004962	targeted LC-MS	positive	ST003027_targeted_LCMS_combined_modes	AN004962__79	0.1	FALSE	-0.00191779777242312	0.0559338524371284	scale sensitivity; rank-based Wilcoxon is invariant and used for upgrade	0.139184237459831	lower_in_early_ESCC
ST003027	AN004962	targeted LC-MS	positive	ST003027_targeted_LCMS_combined_modes	AN004962__84	0.1	FALSE	0.0926864699258303	0.0584757330931476	scale sensitivity; rank-based Wilcoxon is invariant and used for upgrade	0.144390079406926	higher_in_early_ESCC
ST003027	AN004963	targeted LC-MS	negative	ST003027_targeted_LCMS_combined_modes	AN004963__2	0.1	FALSE	-0.27859512092174	0.0623917286419175	scale sensitivity; rank-based Wilcoxon is invariant and used for upgrade	0.151725340106481	lower_in_early_ESCC
ST003027	AN004963	targeted LC-MS	negative	ST003027_targeted_LCMS_combined_modes	AN004963__192	0.1	FALSE	-0.0762773392240801	0.0620199964446282	scale sensitivity; rank-based Wilcoxon is invariant and used for upgrade	0.151725340106481	lower_in_early_ESCC
ST003027	AN004962	targeted LC-MS	positive	ST003027_targeted_LCMS_combined_modes	AN004962__232	0.1	FALSE	0.00133319842184246	0.0653786365214249	scale sensitivity; rank-based Wilcoxon is invariant and used for upgrade	0.157793551303589	higher_in_early_ESCC
ST003027	AN004962	targeted LC-MS	positive	ST003027_targeted_LCMS_combined_modes	AN004962__68	0.1	FALSE	0.00296781025574604	0.0716573471661677	scale sensitivity; rank-based Wilcoxon is invariant and used for upgrade	0.171656779405521	higher_in_early_ESCC
ST003027	AN004963	targeted LC-MS	negative	ST003027_targeted_LCMS_combined_modes	AN004963__97	0.1	FALSE	0.024226579675559	0.0723657750426186	scale sensitivity; rank-based Wilcoxon is invariant and used for upgrade	0.172069731768004	higher_in_early_ESCC
ST003027	AN004962	targeted LC-MS	positive	ST003027_targeted_LCMS_combined_modes	AN004962__169	0.1	FALSE	0.151826604496009	0.0776378075340325	scale sensitivity; rank-based Wilcoxon is invariant and used for upgrade	0.181910483346164	higher_in_early_ESCC
ST003027	AN004963	targeted LC-MS	negative	ST003027_targeted_LCMS_combined_modes	AN004963__169	0.1	FALSE	0.0117995354460383	0.0771749667111861	scale sensitivity; rank-based Wilcoxon is invariant and used for upgrade	0.181910483346164	higher_in_early_ESCC
ST003027	AN004962	targeted LC-MS	positive	ST003027_targeted_LCMS_combined_modes	AN004962__242	0.1	FALSE	-0.0293760206909023	0.0790214710281656	scale sensitivity; rank-based Wilcoxon is invariant and used for upgrade	0.183810813043776	lower_in_early_ESCC
ST003027	AN004962	targeted LC-MS	positive	ST003027_targeted_LCMS_combined_modes	AN004962__18	0.1	FALSE	0.00695073210536754	0.0805413359911223	scale sensitivity; rank-based Wilcoxon is invariant and used for upgrade	0.185998337073023	higher_in_early_ESCC
ST003027	AN004962	targeted LC-MS	positive	ST003027_targeted_LCMS_combined_modes	AN004962__237	0.1	FALSE	0.000310087361372736	0.0891580662733753	scale sensitivity; rank-based Wilcoxon is invariant and used for upgrade	0.204426709098239	higher_in_early_ESCC
ST003027	AN004963	targeted LC-MS	negative	ST003027_targeted_LCMS_combined_modes	AN004963__175	0.1	FALSE	-0.261149851255103	0.094381303658667	scale sensitivity; rank-based Wilcoxon is invariant and used for upgrade	0.214868074286753	lower_in_early_ESCC
ST003027	AN004962	targeted LC-MS	positive	ST003027_targeted_LCMS_combined_modes	AN004962__122	0.1	FALSE	0.00925739851315827	0.0973518574053083	scale sensitivity; rank-based Wilcoxon is invariant and used for upgrade	0.220070043852845	higher_in_early_ESCC
ST003027	AN004963	targeted LC-MS	negative	ST003027_targeted_LCMS_combined_modes	AN004963__174	0.1	FALSE	0.178811052307717	0.102819883482193	scale sensitivity; rank-based Wilcoxon is invariant and used for upgrade	0.230805472711776	higher_in_early_ESCC
ST003027	AN004963	targeted LC-MS	negative	ST003027_targeted_LCMS_combined_modes	AN004963__178	0.1	FALSE	0.189444341979307	0.10367777814054	scale sensitivity; rank-based Wilcoxon is invariant and used for upgrade	0.231115047104954	higher_in_early_ESCC
ST003027	AN004962	targeted LC-MS	positive	ST003027_targeted_LCMS_combined_modes	AN004962__201	0.1	FALSE	0.000357718497181083	0.10671852961416	scale sensitivity; rank-based Wilcoxon is invariant and used for upgrade	0.236252744869969	higher_in_early_ESCC
ST003027	AN004962	targeted LC-MS	positive	ST003027_targeted_LCMS_combined_modes	AN004962__198	0.1	FALSE	-0.000603147038019635	0.113402721232929	scale sensitivity; rank-based Wilcoxon is invariant and used for upgrade	0.245961307538989	lower_in_early_ESCC
ST003027	AN004963	targeted LC-MS	negative	ST003027_targeted_LCMS_combined_modes	AN004963__75	0.1	FALSE	0.00598954343523675	0.112490286740586	scale sensitivity; rank-based Wilcoxon is invariant and used for upgrade	0.245961307538989	higher_in_early_ESCC
ST003027	AN004963	targeted LC-MS	negative	ST003027_targeted_LCMS_combined_modes	AN004963__112	0.1	FALSE	-0.0517020770830311	0.112637851206165	scale sensitivity; rank-based Wilcoxon is invariant and used for upgrade	0.245961307538989	lower_in_early_ESCC
ST003027	AN004962	targeted LC-MS	positive	ST003027_targeted_LCMS_combined_modes	AN004962__194	0.1	FALSE	-0.0157038351284206	0.125968738445946	scale sensitivity; rank-based Wilcoxon is invariant and used for upgrade	0.271382315712406	lower_in_early_ESCC
ST003027	AN004963	targeted LC-MS	negative	ST003027_targeted_LCMS_combined_modes	AN004963__96	0.1	FALSE	0.00296893459429322	0.12852935383806	scale sensitivity; rank-based Wilcoxon is invariant and used for upgrade	0.275052817213448	higher_in_early_ESCC
ST003027	AN004962	targeted LC-MS	positive	ST003027_targeted_LCMS_combined_modes	AN004962__206	0.1	FALSE	-0.0011120689750638	0.129484003444477	scale sensitivity; rank-based Wilcoxon is invariant and used for upgrade	0.275260696064086	lower_in_early_ESCC
ST003027	AN004962	targeted LC-MS	positive	ST003027_targeted_LCMS_combined_modes	AN004962__32	0.1	FALSE	0.00361029585308506	0.130676055482025	scale sensitivity; rank-based Wilcoxon is invariant and used for upgrade	0.275902996572749	higher_in_early_ESCC
ST003027	AN004963	targeted LC-MS	negative	ST003027_targeted_LCMS_combined_modes	AN004963__103	0.1	FALSE	0.00220826882848249	0.13150516659075	scale sensitivity; rank-based Wilcoxon is invariant and used for upgrade	0.275902996572749	higher_in_early_ESCC
ST003027	AN004962	targeted LC-MS	positive	ST003027_targeted_LCMS_combined_modes	AN004962__210	0.1	FALSE	0.000865744178908848	0.133329220900629	scale sensitivity; rank-based Wilcoxon is invariant and used for upgrade	0.277913505903258	higher_in_early_ESCC
ST003027	AN004963	targeted LC-MS	negative	ST003027_targeted_LCMS_combined_modes	AN004963__21	0.1	FALSE	0.00612393136549049	0.142905753834415	scale sensitivity; rank-based Wilcoxon is invariant and used for upgrade	0.295953206328047	higher_in_early_ESCC
ST003027	AN004963	targeted LC-MS	negative	ST003027_targeted_LCMS_combined_modes	AN004963__58	0.1	FALSE	0.0033269767787583	0.150534114150332	scale sensitivity; rank-based Wilcoxon is invariant and used for upgrade	0.309752888732414	higher_in_early_ESCC
ST003027	AN004963	targeted LC-MS	negative	ST003027_targeted_LCMS_combined_modes	AN004963__48	0.1	FALSE	-0.00328607497410752	0.155878568714247	scale sensitivity; rank-based Wilcoxon is invariant and used for upgrade	0.318707137307473	lower_in_early_ESCC
ST003027	AN004962	targeted LC-MS	positive	ST003027_targeted_LCMS_combined_modes	AN004962__13	0.1	FALSE	0.0239387189287914	0.158791330040873	scale sensitivity; rank-based Wilcoxon is invariant and used for upgrade	0.322607702171647	higher_in_early_ESCC
ST003027	AN004962	targeted LC-MS	positive	ST003027_targeted_LCMS_combined_modes	AN004962__77	0.1	FALSE	0.00194702678195133	0.164291864043475	scale sensitivity; rank-based Wilcoxon is invariant and used for upgrade	0.331683574578337	higher_in_early_ESCC
ST003027	AN004962	targeted LC-MS	positive	ST003027_targeted_LCMS_combined_modes	AN004962__116	0.1	FALSE	0.000365643467710329	0.167631471046877	scale sensitivity; rank-based Wilcoxon is invariant and used for upgrade	0.336310638787796	higher_in_early_ESCC
ST003027	AN004962	targeted LC-MS	positive	ST003027_targeted_LCMS_combined_modes	AN004962__267	0.1	FALSE	0.0464736379519691	0.17162127644245	scale sensitivity; rank-based Wilcoxon is invariant and used for upgrade	0.342176582223766	higher_in_early_ESCC
ST003027	AN004963	targeted LC-MS	negative	ST003027_targeted_LCMS_combined_modes	AN004963__47	0.1	FALSE	0.00216079685567499	0.179975464964656	scale sensitivity; rank-based Wilcoxon is invariant and used for upgrade	0.356618050948485	higher_in_early_ESCC
ST003027	AN004962	targeted LC-MS	positive	ST003027_targeted_LCMS_combined_modes	AN004962__22	0.1	FALSE	0.0311090463410385	0.18742560613584	scale sensitivity; rank-based Wilcoxon is invariant and used for upgrade	0.367093740573667	higher_in_early_ESCC
ST003027	AN004962	targeted LC-MS	positive	ST003027_targeted_LCMS_combined_modes	AN004962__145	0.1	FALSE	0.0106080575609243	0.188638069633905	scale sensitivity; rank-based Wilcoxon is invariant and used for upgrade	0.367093740573667	higher_in_early_ESCC
ST003027	AN004962	targeted LC-MS	positive	ST003027_targeted_LCMS_combined_modes	AN004962__180	0.1	FALSE	0.00992420819188737	0.188693044220109	scale sensitivity; rank-based Wilcoxon is invariant and used for upgrade	0.367093740573667	higher_in_early_ESCC
ST003027	AN004963	targeted LC-MS	negative	ST003027_targeted_LCMS_combined_modes	AN004963__123	0.1	FALSE	0.00440007105948549	0.192892955907816	scale sensitivity; rank-based Wilcoxon is invariant and used for upgrade	0.373003848472343	higher_in_early_ESCC
ST003027	AN004962	targeted LC-MS	positive	ST003027_targeted_LCMS_combined_modes	AN004962__205	0.1	FALSE	0.000327568648231537	0.20054666204665	scale sensitivity; rank-based Wilcoxon is invariant and used for upgrade	0.385481907287274	higher_in_early_ESCC
ST003027	AN004962	targeted LC-MS	positive	ST003027_targeted_LCMS_combined_modes	AN004962__197	0.1	FALSE	0.0049084539872269	0.202853839554829	scale sensitivity; rank-based Wilcoxon is invariant and used for upgrade	0.387595729149406	higher_in_early_ESCC
ST003027	AN004962	targeted LC-MS	positive	ST003027_targeted_LCMS_combined_modes	AN004962__268	0.1	FALSE	0.0056097989844922	0.210824204486996	scale sensitivity; rank-based Wilcoxon is invariant and used for upgrade	0.400441240475301	higher_in_early_ESCC
ST003027	AN004963	targeted LC-MS	negative	ST003027_targeted_LCMS_combined_modes	AN004963__102	0.1	FALSE	0.0020675946808152	0.21545687303354	scale sensitivity; rank-based Wilcoxon is invariant and used for upgrade	0.406833272022155	higher_in_early_ESCC
ST003027	AN004962	targeted LC-MS	positive	ST003027_targeted_LCMS_combined_modes	AN004962__72	0.1	FALSE	0.00291529598358337	0.227048117869176	scale sensitivity; rank-based Wilcoxon is invariant and used for upgrade	0.419069800556576	higher_in_early_ESCC
ST003027	AN004962	targeted LC-MS	positive	ST003027_targeted_LCMS_combined_modes	AN004962__159	0.1	FALSE	0.000303605711845147	0.226109422850545	scale sensitivity; rank-based Wilcoxon is invariant and used for upgrade	0.419069800556576	higher_in_early_ESCC
ST003027	AN004962	targeted LC-MS	positive	ST003027_targeted_LCMS_combined_modes	AN004962__266	0.1	FALSE	0.0476631050738065	0.224067036066782	scale sensitivity; rank-based Wilcoxon is invariant and used for upgrade	0.419069800556576	higher_in_early_ESCC
ST003027	AN004963	targeted LC-MS	negative	ST003027_targeted_LCMS_combined_modes	AN004963__4	0.1	FALSE	0.121068193467639	0.227159331142817	scale sensitivity; rank-based Wilcoxon is invariant and used for upgrade	0.419069800556576	higher_in_early_ESCC
ST003027	AN004962	targeted LC-MS	positive	ST003027_targeted_LCMS_combined_modes	AN004962__123	0.1	FALSE	0.000231431179031757	0.238233381927761	scale sensitivity; rank-based Wilcoxon is invariant and used for upgrade	0.436988089136065	higher_in_early_ESCC
ST003027	AN004962	targeted LC-MS	positive	ST003027_targeted_LCMS_combined_modes	AN004962__56	0.1	FALSE	0.0833262444276399	0.240089462730309	scale sensitivity; rank-based Wilcoxon is invariant and used for upgrade	0.437890440547893	higher_in_early_ESCC
ST003027	AN004962	targeted LC-MS	positive	ST003027_targeted_LCMS_combined_modes	AN004962__25	0.1	FALSE	-0.0530735085013433	0.242963603828867	scale sensitivity; rank-based Wilcoxon is invariant and used for upgrade	0.440628908638793	lower_in_early_ESCC
ST003027	AN004963	targeted LC-MS	negative	ST003027_targeted_LCMS_combined_modes	AN004963__116	0.1	FALSE	0.00544786135365373	0.244394610204824	scale sensitivity; rank-based Wilcoxon is invariant and used for upgrade	0.440734100425553	higher_in_early_ESCC
ST003027	AN004962	targeted LC-MS	positive	ST003027_targeted_LCMS_combined_modes	AN004962__216	0.1	FALSE	-0.0677708673716385	0.255658216099267	scale sensitivity; rank-based Wilcoxon is invariant and used for upgrade	0.458470879150082	lower_in_early_ESCC
ST003027	AN004962	targeted LC-MS	positive	ST003027_targeted_LCMS_combined_modes	AN004962__49	0.1	FALSE	0.00671733508445563	0.273557509613336	scale sensitivity; rank-based Wilcoxon is invariant and used for upgrade	0.487844225477115	higher_in_early_ESCC
ST003027	AN004963	targeted LC-MS	negative	ST003027_targeted_LCMS_combined_modes	AN004963__15	0.1	FALSE	-0.0305572748733142	0.27549935271602	scale sensitivity; rank-based Wilcoxon is invariant and used for upgrade	0.488592774706311	lower_in_early_ESCC
ST003027	AN004962	targeted LC-MS	positive	ST003027_targeted_LCMS_combined_modes	AN004962__6	0.1	FALSE	0.00191525573538607	0.282972656049014	scale sensitivity; rank-based Wilcoxon is invariant and used for upgrade	0.499089135119414	higher_in_early_ESCC
ST003027	AN004962	targeted LC-MS	positive	ST003027_targeted_LCMS_combined_modes	AN004962__148	0.1	FALSE	0.000848586341174588	0.287540016736154	scale sensitivity; rank-based Wilcoxon is invariant and used for upgrade	0.504373471979811	higher_in_early_ESCC
ST003027	AN004962	targeted LC-MS	positive	ST003027_targeted_LCMS_combined_modes	AN004962__212	0.1	FALSE	-0.000183987466185648	0.293248853399578	scale sensitivity; rank-based Wilcoxon is invariant and used for upgrade	0.511591749680785	lower_in_early_ESCC
ST003027	AN004962	targeted LC-MS	positive	ST003027_targeted_LCMS_combined_modes	AN004962__259	0.1	FALSE	0.000232406141251139	0.295581225277821	scale sensitivity; rank-based Wilcoxon is invariant and used for upgrade	0.51287336926584	higher_in_early_ESCC
ST003027	AN004963	targeted LC-MS	negative	ST003027_targeted_LCMS_combined_modes	AN004963__186	0.1	FALSE	0.00305544583567244	0.316652581651783	scale sensitivity; rank-based Wilcoxon is invariant and used for upgrade	0.54648106833453	higher_in_early_ESCC
ST003027	AN004962	targeted LC-MS	positive	ST003027_targeted_LCMS_combined_modes	AN004962__236	0.1	FALSE	0.0478847856244519	0.325256404314059	scale sensitivity; rank-based Wilcoxon is invariant and used for upgrade	0.558327838421459	higher_in_early_ESCC
ST003027	AN004962	targeted LC-MS	positive	ST003027_targeted_LCMS_combined_modes	AN004962__78	0.1	FALSE	0.00229326435868165	0.336928647065982	scale sensitivity; rank-based Wilcoxon is invariant and used for upgrade	0.572243892635874	higher_in_early_ESCC
ST003027	AN004963	targeted LC-MS	negative	ST003027_targeted_LCMS_combined_modes	AN004963__162	0.1	FALSE	-0.0545194844119553	0.335474863837416	scale sensitivity; rank-based Wilcoxon is invariant and used for upgrade	0.572243892635874	lower_in_early_ESCC
ST003027	AN004963	targeted LC-MS	negative	ST003027_targeted_LCMS_combined_modes	AN004963__73	0.1	FALSE	0.00156807192140037	0.343582190176151	scale sensitivity; rank-based Wilcoxon is invariant and used for upgrade	0.580473068666024	higher_in_early_ESCC
ST003027	AN004963	targeted LC-MS	negative	ST003027_targeted_LCMS_combined_modes	AN004963__43	0.1	FALSE	0.0437520057917479	0.346869111778505	scale sensitivity; rank-based Wilcoxon is invariant and used for upgrade	0.582958036025655	higher_in_early_ESCC
ST003027	AN004963	targeted LC-MS	negative	ST003027_targeted_LCMS_combined_modes	AN004963__109	0.1	FALSE	0.121919015109814	0.353323577593873	scale sensitivity; rank-based Wilcoxon is invariant and used for upgrade	0.590712856289757	higher_in_early_ESCC
ST003027	AN004963	targeted LC-MS	negative	ST003027_targeted_LCMS_combined_modes	AN004963__206	0.1	FALSE	-0.00194481949839027	0.355451746977794	scale sensitivity; rank-based Wilcoxon is invariant and used for upgrade	0.591191765698818	lower_in_early_ESCC
ST003027	AN004962	targeted LC-MS	positive	ST003027_targeted_LCMS_combined_modes	AN004962__91	0.1	FALSE	0.00500858427059833	0.361994963253288	scale sensitivity; rank-based Wilcoxon is invariant and used for upgrade	0.598971047444873	higher_in_early_ESCC
ST003027	AN004963	targeted LC-MS	negative	ST003027_targeted_LCMS_combined_modes	AN004963__180	0.1	FALSE	0.00111881812965709	0.369386568773194	scale sensitivity; rank-based Wilcoxon is invariant and used for upgrade	0.608067120903566	higher_in_early_ESCC
ST003027	AN004962	targeted LC-MS	positive	ST003027_targeted_LCMS_combined_modes	AN004962__132	0.1	FALSE	0.00020114982927361	0.381422183668377	scale sensitivity; rank-based Wilcoxon is invariant and used for upgrade	0.624676127334434	higher_in_early_ESCC
ST003027	AN004963	targeted LC-MS	negative	ST003027_targeted_LCMS_combined_modes	AN004963__149	0.1	FALSE	0.00135647852850243	0.386395581457904	scale sensitivity; rank-based Wilcoxon is invariant and used for upgrade	0.629609043898411	higher_in_early_ESCC
ST003027	AN004962	targeted LC-MS	positive	ST003027_targeted_LCMS_combined_modes	AN004962__28	0.1	FALSE	0.0464332544387106	0.405243202337637	scale sensitivity; rank-based Wilcoxon is invariant and used for upgrade	0.653683758544631	higher_in_early_ESCC
ST003027	AN004963	targeted LC-MS	negative	ST003027_targeted_LCMS_combined_modes	AN004963__56	0.1	FALSE	0.0800540469937898	0.404550994672091	scale sensitivity; rank-based Wilcoxon is invariant and used for upgrade	0.653683758544631	higher_in_early_ESCC
ST003027	AN004962	targeted LC-MS	positive	ST003027_targeted_LCMS_combined_modes	AN004962__131	0.1	FALSE	-0.00148671821297128	0.419787928924949	scale sensitivity; rank-based Wilcoxon is invariant and used for upgrade	0.67040758798462	lower_in_early_ESCC
ST003027	AN004962	targeted LC-MS	positive	ST003027_targeted_LCMS_combined_modes	AN004962__222	0.1	FALSE	0.000132012485429752	0.419210493717267	scale sensitivity; rank-based Wilcoxon is invariant and used for upgrade	0.67040758798462	higher_in_early_ESCC
ST003027	AN004962	targeted LC-MS	positive	ST003027_targeted_LCMS_combined_modes	AN004962__172	0.1	FALSE	0.000854088134209311	0.443303495863617	scale sensitivity; rank-based Wilcoxon is invariant and used for upgrade	0.702604520320102	higher_in_early_ESCC
ST003027	AN004963	targeted LC-MS	negative	ST003027_targeted_LCMS_combined_modes	AN004963__80	0.1	FALSE	-0.0722740947037401	0.444326223130781	scale sensitivity; rank-based Wilcoxon is invariant and used for upgrade	0.702604520320102	lower_in_early_ESCC
ST003027	AN004962	targeted LC-MS	positive	ST003027_targeted_LCMS_combined_modes	AN004962__136	0.1	FALSE	0.00121786898959065	0.45859355714154	scale sensitivity; rank-based Wilcoxon is invariant and used for upgrade	0.711393614595377	higher_in_early_ESCC
ST003027	AN004963	targeted LC-MS	negative	ST003027_targeted_LCMS_combined_modes	AN004963__121	0.1	FALSE	0.0010257952878565	0.458572135779884	scale sensitivity; rank-based Wilcoxon is invariant and used for upgrade	0.711393614595377	higher_in_early_ESCC
ST003027	AN004963	targeted LC-MS	negative	ST003027_targeted_LCMS_combined_modes	AN004963__147	0.1	FALSE	-0.00220784246914682	0.458749153337206	scale sensitivity; rank-based Wilcoxon is invariant and used for upgrade	0.711393614595377	lower_in_early_ESCC
ST003027	AN004963	targeted LC-MS	negative	ST003027_targeted_LCMS_combined_modes	AN004963__163	0.1	FALSE	0.0712126404619213	0.456230213805256	scale sensitivity; rank-based Wilcoxon is invariant and used for upgrade	0.711393614595377	higher_in_early_ESCC
ST003027	AN004962	targeted LC-MS	positive	ST003027_targeted_LCMS_combined_modes	AN004962__44	0.1	FALSE	-0.0431989285492498	0.467152120340331	scale sensitivity; rank-based Wilcoxon is invariant and used for upgrade	0.720941493409838	lower_in_early_ESCC
ST003027	AN004962	targeted LC-MS	positive	ST003027_targeted_LCMS_combined_modes	AN004962__64	0.1	FALSE	0.0143468539373806	0.481701178815132	scale sensitivity; rank-based Wilcoxon is invariant and used for upgrade	0.73323229995376	higher_in_early_ESCC
ST003027	AN004962	targeted LC-MS	positive	ST003027_targeted_LCMS_combined_modes	AN004962__90	0.1	FALSE	0.0266320982009887	0.484253107757623	scale sensitivity; rank-based Wilcoxon is invariant and used for upgrade	0.73323229995376	higher_in_early_ESCC
ST003027	AN004963	targeted LC-MS	negative	ST003027_targeted_LCMS_combined_modes	AN004963__84	0.1	FALSE	0.0124948002431156	0.47890734190647	scale sensitivity; rank-based Wilcoxon is invariant and used for upgrade	0.73323229995376	higher_in_early_ESCC
ST003027	AN004963	targeted LC-MS	negative	ST003027_targeted_LCMS_combined_modes	AN004963__215	0.1	FALSE	0.0292362269146583	0.483182184223829	scale sensitivity; rank-based Wilcoxon is invariant and used for upgrade	0.73323229995376	higher_in_early_ESCC
ST003027	AN004962	targeted LC-MS	positive	ST003027_targeted_LCMS_combined_modes	AN004962__15	0.1	FALSE	0.0172710661962302	0.491611536214372	scale sensitivity; rank-based Wilcoxon is invariant and used for upgrade	0.736643188467471	higher_in_early_ESCC
ST003027	AN004962	targeted LC-MS	positive	ST003027_targeted_LCMS_combined_modes	AN004962__249	0.1	FALSE	0.00011023123047119	0.495685136165028	scale sensitivity; rank-based Wilcoxon is invariant and used for upgrade	0.736643188467471	higher_in_early_ESCC
ST003027	AN004963	targeted LC-MS	negative	ST003027_targeted_LCMS_combined_modes	AN004963__200	0.1	FALSE	0.0109280022384579	0.491670596665474	scale sensitivity; rank-based Wilcoxon is invariant and used for upgrade	0.736643188467471	higher_in_early_ESCC
ST003027	AN004963	targeted LC-MS	negative	ST003027_targeted_LCMS_combined_modes	AN004963__204	0.1	FALSE	-0.196121905669348	0.495445050843052	scale sensitivity; rank-based Wilcoxon is invariant and used for upgrade	0.736643188467471	lower_in_early_ESCC
ST003027	AN004963	targeted LC-MS	negative	ST003027_targeted_LCMS_combined_modes	AN004963__33	0.1	FALSE	0.00281427480356454	0.513689878329078	scale sensitivity; rank-based Wilcoxon is invariant and used for upgrade	0.756396563961624	higher_in_early_ESCC
ST003027	AN004963	targeted LC-MS	negative	ST003027_targeted_LCMS_combined_modes	AN004963__154	0.1	FALSE	-0.035802247696798	0.512185761100469	scale sensitivity; rank-based Wilcoxon is invariant and used for upgrade	0.756396563961624	lower_in_early_ESCC
ST003027	AN004962	targeted LC-MS	positive	ST003027_targeted_LCMS_combined_modes	AN004962__115	0.1	FALSE	0.000236955781168818	0.518466959766984	scale sensitivity; rank-based Wilcoxon is invariant and used for upgrade	0.759944721850236	higher_in_early_ESCC
ST003027	AN004963	targeted LC-MS	negative	ST003027_targeted_LCMS_combined_modes	AN004963__176	0.1	FALSE	0.0012220308415994	0.526643329437548	scale sensitivity; rank-based Wilcoxon is invariant and used for upgrade	0.768420494315695	higher_in_early_ESCC
ST003027	AN004963	targeted LC-MS	negative	ST003027_targeted_LCMS_combined_modes	AN004963__50	0.1	FALSE	-0.00152602576797	0.531436434656994	scale sensitivity; rank-based Wilcoxon is invariant and used for upgrade	0.771905409614909	lower_in_early_ESCC
ST003027	AN004963	targeted LC-MS	negative	ST003027_targeted_LCMS_combined_modes	AN004963__16	0.1	FALSE	0.011049224020795	0.556700495875733	scale sensitivity; rank-based Wilcoxon is invariant and used for upgrade	0.804958825117613	higher_in_early_ESCC
ST003027	AN004963	targeted LC-MS	negative	ST003027_targeted_LCMS_combined_modes	AN004963__172	0.1	FALSE	0.000752055940440945	0.559290686365434	scale sensitivity; rank-based Wilcoxon is invariant and used for upgrade	0.805077624768181	higher_in_early_ESCC
ST003027	AN004963	targeted LC-MS	negative	ST003027_targeted_LCMS_combined_modes	AN004963__51	0.1	FALSE	0.00076369481835017	0.571734121119268	scale sensitivity; rank-based Wilcoxon is invariant and used for upgrade	0.819315414639666	higher_in_early_ESCC
ST003027	AN004963	targeted LC-MS	negative	ST003027_targeted_LCMS_combined_modes	AN004963__213	0.1	FALSE	-0.0518959927141968	0.583058574628994	scale sensitivity; rank-based Wilcoxon is invariant and used for upgrade	0.831830233137364	lower_in_early_ESCC
ST003027	AN004963	targeted LC-MS	negative	ST003027_targeted_LCMS_combined_modes	AN004963__165	0.1	FALSE	0.00166462000541459	0.60053408835762	scale sensitivity; rank-based Wilcoxon is invariant and used for upgrade	0.852970983906177	higher_in_early_ESCC
ST003027	AN004962	targeted LC-MS	positive	ST003027_targeted_LCMS_combined_modes	AN004962__34	0.1	FALSE	0.00695956006025918	0.623712951000876	scale sensitivity; rank-based Wilcoxon is invariant and used for upgrade	0.878122181014392	higher_in_early_ESCC
ST003027	AN004962	targeted LC-MS	positive	ST003027_targeted_LCMS_combined_modes	AN004962__127	0.1	FALSE	0.00443844343356662	0.622244828243452	scale sensitivity; rank-based Wilcoxon is invariant and used for upgrade	0.878122181014392	higher_in_early_ESCC
ST003027	AN004963	targeted LC-MS	negative	ST003027_targeted_LCMS_combined_modes	AN004963__141	0.1	FALSE	-0.000805115482837136	0.628923024432041	scale sensitivity; rank-based Wilcoxon is invariant and used for upgrade	0.881590789706049	lower_in_early_ESCC
ST003027	AN004963	targeted LC-MS	negative	ST003027_targeted_LCMS_combined_modes	AN004963__9	0.1	FALSE	0.0246247268207227	0.636191250232268	scale sensitivity; rank-based Wilcoxon is invariant and used for upgrade	0.887901701411122	higher_in_early_ESCC
ST003027	AN004962	targeted LC-MS	positive	ST003027_targeted_LCMS_combined_modes	AN004962__26	0.1	FALSE	-0.000138180598908634	0.642632886937621	scale sensitivity; rank-based Wilcoxon is invariant and used for upgrade	0.891405797447762	lower_in_early_ESCC
ST003027	AN004962	targeted LC-MS	positive	ST003027_targeted_LCMS_combined_modes	AN004962__63	0.1	FALSE	0.00193739222923852	0.644255903451342	scale sensitivity; rank-based Wilcoxon is invariant and used for upgrade	0.891405797447762	higher_in_early_ESCC
ST003027	AN004962	targeted LC-MS	positive	ST003027_targeted_LCMS_combined_modes	AN004962__121	0.1	FALSE	0.00312430109047132	0.669992757778866	scale sensitivity; rank-based Wilcoxon is invariant and used for upgrade	0.896522494723975	higher_in_early_ESCC
ST003027	AN004962	targeted LC-MS	positive	ST003027_targeted_LCMS_combined_modes	AN004962__152	0.1	FALSE	6.53999985349401e-05	0.665204482838067	scale sensitivity; rank-based Wilcoxon is invariant and used for upgrade	0.896522494723975	higher_in_early_ESCC
ST003027	AN004962	targeted LC-MS	positive	ST003027_targeted_LCMS_combined_modes	AN004962__240	0.1	FALSE	0.047198236507922	0.671044887889779	scale sensitivity; rank-based Wilcoxon is invariant and used for upgrade	0.896522494723975	higher_in_early_ESCC
ST003027	AN004963	targeted LC-MS	negative	ST003027_targeted_LCMS_combined_modes	AN004963__7	0.1	FALSE	0.100617585351672	0.674923139321431	scale sensitivity; rank-based Wilcoxon is invariant and used for upgrade	0.896522494723975	higher_in_early_ESCC
ST003027	AN004963	targeted LC-MS	negative	ST003027_targeted_LCMS_combined_modes	AN004963__20	0.1	FALSE	-0.0695775908637792	0.65355559458245	scale sensitivity; rank-based Wilcoxon is invariant and used for upgrade	0.896522494723975	lower_in_early_ESCC
ST003027	AN004963	targeted LC-MS	negative	ST003027_targeted_LCMS_combined_modes	AN004963__31	0.1	FALSE	0.000558405375477572	0.656682010199474	scale sensitivity; rank-based Wilcoxon is invariant and used for upgrade	0.896522494723975	higher_in_early_ESCC
ST003027	AN004963	targeted LC-MS	negative	ST003027_targeted_LCMS_combined_modes	AN004963__159	0.1	FALSE	-0.0552725559279921	0.674369806244552	scale sensitivity; rank-based Wilcoxon is invariant and used for upgrade	0.896522494723975	lower_in_early_ESCC
ST003027	AN004963	targeted LC-MS	negative	ST003027_targeted_LCMS_combined_modes	AN004963__181	0.1	FALSE	0.000550935784404636	0.667882894119527	scale sensitivity; rank-based Wilcoxon is invariant and used for upgrade	0.896522494723975	higher_in_early_ESCC
ST003027	AN004963	targeted LC-MS	negative	ST003027_targeted_LCMS_combined_modes	AN004963__198	0.1	FALSE	-0.00140481032330157	0.675883002252965	scale sensitivity; rank-based Wilcoxon is invariant and used for upgrade	0.896522494723975	lower_in_early_ESCC
ST003027	AN004963	targeted LC-MS	negative	ST003027_targeted_LCMS_combined_modes	AN004963__216	0.1	FALSE	-0.00320824742941984	0.663253649247832	scale sensitivity; rank-based Wilcoxon is invariant and used for upgrade	0.896522494723975	lower_in_early_ESCC
ST003027	AN004962	targeted LC-MS	positive	ST003027_targeted_LCMS_combined_modes	AN004962__11	0.1	FALSE	-0.0117388658947452	0.691252567820939	scale sensitivity; rank-based Wilcoxon is invariant and used for upgrade	0.905681935798047	lower_in_early_ESCC
ST003027	AN004962	targeted LC-MS	positive	ST003027_targeted_LCMS_combined_modes	AN004962__211	0.1	FALSE	0.0126931328869704	0.686074683554308	scale sensitivity; rank-based Wilcoxon is invariant and used for upgrade	0.905681935798047	higher_in_early_ESCC
ST003027	AN004963	targeted LC-MS	negative	ST003027_targeted_LCMS_combined_modes	AN004963__150	0.1	FALSE	0.000530979782348052	0.689057233098641	scale sensitivity; rank-based Wilcoxon is invariant and used for upgrade	0.905681935798047	higher_in_early_ESCC
ST003027	AN004962	targeted LC-MS	positive	ST003027_targeted_LCMS_combined_modes	AN004962__168	0.1	FALSE	8.55436760411159e-05	0.695782969083515	scale sensitivity; rank-based Wilcoxon is invariant and used for upgrade	0.907911923072392	higher_in_early_ESCC
ST003027	AN004963	targeted LC-MS	negative	ST003027_targeted_LCMS_combined_modes	AN004963__190	0.1	FALSE	0.000478337056800662	0.700311401205229	scale sensitivity; rank-based Wilcoxon is invariant and used for upgrade	0.910121294683718	higher_in_early_ESCC
ST003027	AN004963	targeted LC-MS	negative	ST003027_targeted_LCMS_combined_modes	AN004963__34	0.1	FALSE	0.00435212597928279	0.719261880407832	scale sensitivity; rank-based Wilcoxon is invariant and used for upgrade	0.930980095205298	higher_in_early_ESCC
ST003027	AN004962	targeted LC-MS	positive	ST003027_targeted_LCMS_combined_modes	AN004962__100	0.1	FALSE	5.19437488869895e-05	0.727867601270346	scale sensitivity; rank-based Wilcoxon is invariant and used for upgrade	0.935233993251915	higher_in_early_ESCC
ST003027	AN004963	targeted LC-MS	negative	ST003027_targeted_LCMS_combined_modes	AN004963__155	0.1	FALSE	-0.0183126434668458	0.728375384152582	scale sensitivity; rank-based Wilcoxon is invariant and used for upgrade	0.935233993251915	lower_in_early_ESCC
ST003027	AN004963	targeted LC-MS	negative	ST003027_targeted_LCMS_combined_modes	AN004963__202	0.1	FALSE	-0.000846329743456229	0.735641010266366	scale sensitivity; rank-based Wilcoxon is invariant and used for upgrade	0.94079985775101	lower_in_early_ESCC
ST003027	AN004963	targeted LC-MS	negative	ST003027_targeted_LCMS_combined_modes	AN004963__22	0.1	FALSE	-0.0031249795977828	0.744104292242875	scale sensitivity; rank-based Wilcoxon is invariant and used for upgrade	0.947847134166519	lower_in_early_ESCC
ST003027	AN004963	targeted LC-MS	negative	ST003027_targeted_LCMS_combined_modes	AN004963__125	0.1	FALSE	0.000398230782613114	0.747422297451739	scale sensitivity; rank-based Wilcoxon is invariant and used for upgrade	0.948310503881455	higher_in_early_ESCC
ST003027	AN004963	targeted LC-MS	negative	ST003027_targeted_LCMS_combined_modes	AN004963__177	0.1	FALSE	-0.00119078937338313	0.753241738554992	scale sensitivity; rank-based Wilcoxon is invariant and used for upgrade	0.951931488488789	lower_in_early_ESCC
ST003027	AN004962	targeted LC-MS	positive	ST003027_targeted_LCMS_combined_modes	AN004962__12	0.1	FALSE	-0.0376981012607298	0.768289143864105	scale sensitivity; rank-based Wilcoxon is invariant and used for upgrade	0.954987504051065	lower_in_early_ESCC
ST003027	AN004962	targeted LC-MS	positive	ST003027_targeted_LCMS_combined_modes	AN004962__70	0.1	FALSE	-8.15686158142122e-05	0.764868371686523	scale sensitivity; rank-based Wilcoxon is invariant and used for upgrade	0.954987504051065	lower_in_early_ESCC
ST003027	AN004962	targeted LC-MS	positive	ST003027_targeted_LCMS_combined_modes	AN004962__117	0.1	FALSE	0.000258804433430891	0.770535088938398	scale sensitivity; rank-based Wilcoxon is invariant and used for upgrade	0.954987504051065	higher_in_early_ESCC
ST003027	AN004962	targeted LC-MS	positive	ST003027_targeted_LCMS_combined_modes	AN004962__137	0.1	FALSE	0.000336332210878864	0.76623295568101	scale sensitivity; rank-based Wilcoxon is invariant and used for upgrade	0.954987504051065	higher_in_early_ESCC
ST003027	AN004963	targeted LC-MS	negative	ST003027_targeted_LCMS_combined_modes	AN004963__13	0.1	FALSE	0.00104921914559395	0.762731068200261	scale sensitivity; rank-based Wilcoxon is invariant and used for upgrade	0.954987504051065	higher_in_early_ESCC
ST003027	AN004963	targeted LC-MS	negative	ST003027_targeted_LCMS_combined_modes	AN004963__23	0.1	FALSE	-0.00591840164954249	0.784129598452057	scale sensitivity; rank-based Wilcoxon is invariant and used for upgrade	0.960878545441611	lower_in_early_ESCC
ST003027	AN004963	targeted LC-MS	negative	ST003027_targeted_LCMS_combined_modes	AN004963__53	0.1	FALSE	-0.00160747252523566	0.787261861218517	scale sensitivity; rank-based Wilcoxon is invariant and used for upgrade	0.960878545441611	lower_in_early_ESCC
ST003027	AN004963	targeted LC-MS	negative	ST003027_targeted_LCMS_combined_modes	AN004963__67	0.1	FALSE	0.000333043672267853	0.785950019366773	scale sensitivity; rank-based Wilcoxon is invariant and used for upgrade	0.960878545441611	higher_in_early_ESCC
ST003027	AN004963	targeted LC-MS	negative	ST003027_targeted_LCMS_combined_modes	AN004963__152	0.1	FALSE	0.000401134758067696	0.78359390025122	scale sensitivity; rank-based Wilcoxon is invariant and used for upgrade	0.960878545441611	higher_in_early_ESCC
ST003027	AN004962	targeted LC-MS	positive	ST003027_targeted_LCMS_combined_modes	AN004962__129	0.1	FALSE	0.000336547456910969	0.793662352541405	scale sensitivity; rank-based Wilcoxon is invariant and used for upgrade	0.962864767107258	higher_in_early_ESCC
ST003027	AN004963	targeted LC-MS	negative	ST003027_targeted_LCMS_combined_modes	AN004963__170	0.1	FALSE	0.00536696142837492	0.794888359138391	scale sensitivity; rank-based Wilcoxon is invariant and used for upgrade	0.962864767107258	higher_in_early_ESCC
ST003027	AN004962	targeted LC-MS	positive	ST003027_targeted_LCMS_combined_modes	AN004962__35	0.1	FALSE	0.02627109282225	0.809265573564249	scale sensitivity; rank-based Wilcoxon is invariant and used for upgrade	0.966699691784696	higher_in_early_ESCC
ST003027	AN004962	targeted LC-MS	positive	ST003027_targeted_LCMS_combined_modes	AN004962__57	0.1	FALSE	-0.0304597811549168	0.806162778473072	scale sensitivity; rank-based Wilcoxon is invariant and used for upgrade	0.966699691784696	lower_in_early_ESCC
ST003027	AN004962	targeted LC-MS	positive	ST003027_targeted_LCMS_combined_modes	AN004962__101	0.1	FALSE	7.56496971525331e-05	0.810100364766615	scale sensitivity; rank-based Wilcoxon is invariant and used for upgrade	0.966699691784696	higher_in_early_ESCC
ST003027	AN004963	targeted LC-MS	negative	ST003027_targeted_LCMS_combined_modes	AN004963__6	0.1	FALSE	0.0105453019799657	0.804476855640003	scale sensitivity; rank-based Wilcoxon is invariant and used for upgrade	0.966699691784696	higher_in_early_ESCC
ST003027	AN004962	targeted LC-MS	positive	ST003027_targeted_LCMS_combined_modes	AN004962__247	0.1	FALSE	0.056849305761586	0.815213212716281	scale sensitivity; rank-based Wilcoxon is invariant and used for upgrade	0.969197930673801	higher_in_early_ESCC
ST003027	AN004962	targeted LC-MS	positive	ST003027_targeted_LCMS_combined_modes	AN004962__50	0.1	FALSE	-0.00052287572317348	0.834540015015183	scale sensitivity; rank-based Wilcoxon is invariant and used for upgrade	0.977209932733966	lower_in_early_ESCC
ST003027	AN004962	targeted LC-MS	positive	ST003027_targeted_LCMS_combined_modes	AN004962__157	0.1	FALSE	0.000179785940121164	0.836725701888716	scale sensitivity; rank-based Wilcoxon is invariant and used for upgrade	0.977209932733966	higher_in_early_ESCC
ST003027	AN004962	targeted LC-MS	positive	ST003027_targeted_LCMS_combined_modes	AN004962__207	0.1	FALSE	3.35437416597793e-05	0.837173618385796	scale sensitivity; rank-based Wilcoxon is invariant and used for upgrade	0.977209932733966	higher_in_early_ESCC
ST003027	AN004962	targeted LC-MS	positive	ST003027_targeted_LCMS_combined_modes	AN004962__263	0.1	FALSE	0.0237079383190866	0.833668398874794	scale sensitivity; rank-based Wilcoxon is invariant and used for upgrade	0.977209932733966	higher_in_early_ESCC
ST003027	AN004963	targeted LC-MS	negative	ST003027_targeted_LCMS_combined_modes	AN004963__161	0.1	FALSE	-0.0314241669291282	0.832790682225613	scale sensitivity; rank-based Wilcoxon is invariant and used for upgrade	0.977209932733966	lower_in_early_ESCC
ST003027	AN004962	targeted LC-MS	positive	ST003027_targeted_LCMS_combined_modes	AN004962__269	0.1	FALSE	-8.28139372806953e-05	0.841104551767207	scale sensitivity; rank-based Wilcoxon is invariant and used for upgrade	0.978241163468382	lower_in_early_ESCC
ST003027	AN004963	targeted LC-MS	negative	ST003027_targeted_LCMS_combined_modes	AN004963__110	0.1	FALSE	0.0118477729326255	0.845213785564944	scale sensitivity; rank-based Wilcoxon is invariant and used for upgrade	0.979471570997642	higher_in_early_ESCC
ST003027	AN004962	targeted LC-MS	positive	ST003027_targeted_LCMS_combined_modes	AN004962__4	0.1	FALSE	3.61312199276115e-05	0.860149493996745	scale sensitivity; rank-based Wilcoxon is invariant and used for upgrade	0.983310022702645	higher_in_early_ESCC
ST003027	AN004962	targeted LC-MS	positive	ST003027_targeted_LCMS_combined_modes	AN004962__7	0.1	FALSE	-0.00450658775865971	0.887314348820814	scale sensitivity; rank-based Wilcoxon is invariant and used for upgrade	0.983310022702645	lower_in_early_ESCC
ST003027	AN004962	targeted LC-MS	positive	ST003027_targeted_LCMS_combined_modes	AN004962__76	0.1	FALSE	2.42062496367446e-05	0.871510185284074	scale sensitivity; rank-based Wilcoxon is invariant and used for upgrade	0.983310022702645	higher_in_early_ESCC
ST003027	AN004962	targeted LC-MS	positive	ST003027_targeted_LCMS_combined_modes	AN004962__106	0.1	FALSE	0.00378948960390514	0.870178320666382	scale sensitivity; rank-based Wilcoxon is invariant and used for upgrade	0.983310022702645	higher_in_early_ESCC
ST003027	AN004962	targeted LC-MS	positive	ST003027_targeted_LCMS_combined_modes	AN004962__147	0.1	FALSE	-0.00014783318978859	0.872841402223543	scale sensitivity; rank-based Wilcoxon is invariant and used for upgrade	0.983310022702645	lower_in_early_ESCC
ST003027	AN004962	targeted LC-MS	positive	ST003027_targeted_LCMS_combined_modes	AN004962__153	0.1	FALSE	-0.00015706320776491	0.888348618641018	scale sensitivity; rank-based Wilcoxon is invariant and used for upgrade	0.983310022702645	lower_in_early_ESCC
ST003027	AN004963	targeted LC-MS	negative	ST003027_targeted_LCMS_combined_modes	AN004963__29	0.1	FALSE	0.000191343743275904	0.875439992270641	scale sensitivity; rank-based Wilcoxon is invariant and used for upgrade	0.983310022702645	higher_in_early_ESCC
ST003027	AN004963	targeted LC-MS	negative	ST003027_targeted_LCMS_combined_modes	AN004963__45	0.1	FALSE	-0.000206049781541264	0.866689178027722	scale sensitivity; rank-based Wilcoxon is invariant and used for upgrade	0.983310022702645	lower_in_early_ESCC
ST003027	AN004963	targeted LC-MS	negative	ST003027_targeted_LCMS_combined_modes	AN004963__57	0.1	FALSE	-0.000309899198470026	0.856413145253359	scale sensitivity; rank-based Wilcoxon is invariant and used for upgrade	0.983310022702645	lower_in_early_ESCC
ST003027	AN004963	targeted LC-MS	negative	ST003027_targeted_LCMS_combined_modes	AN004963__79	0.1	FALSE	0.000700550013900243	0.883931610664521	scale sensitivity; rank-based Wilcoxon is invariant and used for upgrade	0.983310022702645	higher_in_early_ESCC
ST003027	AN004963	targeted LC-MS	negative	ST003027_targeted_LCMS_combined_modes	AN004963__101	0.1	FALSE	0.000178249962668149	0.884385134116984	scale sensitivity; rank-based Wilcoxon is invariant and used for upgrade	0.983310022702645	higher_in_early_ESCC
ST003027	AN004963	targeted LC-MS	negative	ST003027_targeted_LCMS_combined_modes	AN004963__104	0.1	FALSE	-0.00022408856724819	0.880834777442266	scale sensitivity; rank-based Wilcoxon is invariant and used for upgrade	0.983310022702645	lower_in_early_ESCC
ST003027	AN004963	targeted LC-MS	negative	ST003027_targeted_LCMS_combined_modes	AN004963__197	0.1	FALSE	0.0055308495596797	0.882533212833042	scale sensitivity; rank-based Wilcoxon is invariant and used for upgrade	0.983310022702645	higher_in_early_ESCC
ST003027	AN004962	targeted LC-MS	positive	ST003027_targeted_LCMS_combined_modes	AN004962__1	0.1	FALSE	-0.0104616695683779	0.917305953932851	scale sensitivity; rank-based Wilcoxon is invariant and used for upgrade	0.988104735612232	lower_in_early_ESCC
ST003027	AN004962	targeted LC-MS	positive	ST003027_targeted_LCMS_combined_modes	AN004962__83	0.1	FALSE	0.0074441400250933	0.916367993657556	scale sensitivity; rank-based Wilcoxon is invariant and used for upgrade	0.988104735612232	higher_in_early_ESCC
ST003027	AN004963	targeted LC-MS	negative	ST003027_targeted_LCMS_combined_modes	AN004963__12	0.1	FALSE	-0.000141106240481785	0.908049230460249	scale sensitivity; rank-based Wilcoxon is invariant and used for upgrade	0.988104735612232	lower_in_early_ESCC
ST003027	AN004963	targeted LC-MS	negative	ST003027_targeted_LCMS_combined_modes	AN004963__124	0.1	FALSE	-0.000673634054258646	0.901813105271852	scale sensitivity; rank-based Wilcoxon is invariant and used for upgrade	0.988104735612232	lower_in_early_ESCC
ST003027	AN004963	targeted LC-MS	negative	ST003027_targeted_LCMS_combined_modes	AN004963__156	0.1	FALSE	-0.000155412466499484	0.898883574200113	scale sensitivity; rank-based Wilcoxon is invariant and used for upgrade	0.988104735612232	lower_in_early_ESCC
ST003027	AN004963	targeted LC-MS	negative	ST003027_targeted_LCMS_combined_modes	AN004963__166	0.1	FALSE	0.000138449881799798	0.910170891788475	scale sensitivity; rank-based Wilcoxon is invariant and used for upgrade	0.988104735612232	higher_in_early_ESCC
ST003027	AN004963	targeted LC-MS	negative	ST003027_targeted_LCMS_combined_modes	AN004963__208	0.1	FALSE	-0.000133536399425821	0.915788940663577	scale sensitivity; rank-based Wilcoxon is invariant and used for upgrade	0.988104735612232	lower_in_early_ESCC
ST003027	AN004963	targeted LC-MS	negative	ST003027_targeted_LCMS_combined_modes	AN004963__210	0.1	FALSE	0.00123587101805487	0.9162396391115	scale sensitivity; rank-based Wilcoxon is invariant and used for upgrade	0.988104735612232	higher_in_early_ESCC
ST003027	AN004962	targeted LC-MS	positive	ST003027_targeted_LCMS_combined_modes	AN004962__23	0.1	FALSE	5.96316528506111e-05	0.929382475354749	scale sensitivity; rank-based Wilcoxon is invariant and used for upgrade	0.9910955424384	higher_in_early_ESCC
ST003027	AN004962	targeted LC-MS	positive	ST003027_targeted_LCMS_combined_modes	AN004962__221	0.1	FALSE	0.0080314183588408	0.935520091460546	scale sensitivity; rank-based Wilcoxon is invariant and used for upgrade	0.9910955424384	higher_in_early_ESCC
ST003027	AN004962	targeted LC-MS	positive	ST003027_targeted_LCMS_combined_modes	AN004962__223	0.1	FALSE	-1.28624994846347e-05	0.932640271177987	scale sensitivity; rank-based Wilcoxon is invariant and used for upgrade	0.9910955424384	lower_in_early_ESCC
ST003027	AN004963	targeted LC-MS	negative	ST003027_targeted_LCMS_combined_modes	AN004963__91	0.1	FALSE	0.00772776087151583	0.931694230293844	scale sensitivity; rank-based Wilcoxon is invariant and used for upgrade	0.9910955424384	higher_in_early_ESCC
ST003027	AN004963	targeted LC-MS	negative	ST003027_targeted_LCMS_combined_modes	AN004963__119	0.1	FALSE	-0.000298959068945815	0.927412304748294	scale sensitivity; rank-based Wilcoxon is invariant and used for upgrade	0.9910955424384	lower_in_early_ESCC
ST003027	AN004962	targeted LC-MS	positive	ST003027_targeted_LCMS_combined_modes	AN004962__130	0.1	FALSE	-3.26927613672604e-05	0.941914962823064	scale sensitivity; rank-based Wilcoxon is invariant and used for upgrade	0.994210423606281	lower_in_early_ESCC
ST003027	AN004962	targeted LC-MS	positive	ST003027_targeted_LCMS_combined_modes	AN004962__144	0.1	FALSE	-8.64491647062748e-05	0.971045966872197	scale sensitivity; rank-based Wilcoxon is invariant and used for upgrade	0.994210423606281	lower_in_early_ESCC
ST003027	AN004962	targeted LC-MS	positive	ST003027_targeted_LCMS_combined_modes	AN004962__151	0.1	FALSE	7.60220907559698e-05	0.964178286989639	scale sensitivity; rank-based Wilcoxon is invariant and used for upgrade	0.994210423606281	higher_in_early_ESCC
ST003027	AN004962	targeted LC-MS	positive	ST003027_targeted_LCMS_combined_modes	AN004962__176	0.1	FALSE	-0.00240590926480214	0.954194246037871	scale sensitivity; rank-based Wilcoxon is invariant and used for upgrade	0.994210423606281	lower_in_early_ESCC
ST003027	AN004962	targeted LC-MS	positive	ST003027_targeted_LCMS_combined_modes	AN004962__187	0.1	FALSE	0.000291328953964835	0.967410331822732	scale sensitivity; rank-based Wilcoxon is invariant and used for upgrade	0.994210423606281	higher_in_early_ESCC
ST003027	AN004963	targeted LC-MS	negative	ST003027_targeted_LCMS_combined_modes	AN004963__10	0.1	FALSE	0.00506496883593521	0.958016469958166	scale sensitivity; rank-based Wilcoxon is invariant and used for upgrade	0.994210423606281	higher_in_early_ESCC
ST003027	AN004963	targeted LC-MS	negative	ST003027_targeted_LCMS_combined_modes	AN004963__18	0.1	FALSE	-0.000293954883888361	0.968180627456838	scale sensitivity; rank-based Wilcoxon is invariant and used for upgrade	0.994210423606281	lower_in_early_ESCC
ST003027	AN004963	targeted LC-MS	negative	ST003027_targeted_LCMS_combined_modes	AN004963__61	0.1	FALSE	-2.95187498885624e-05	0.980691978551363	scale sensitivity; rank-based Wilcoxon is invariant and used for upgrade	0.994210423606281	lower_in_early_ESCC
ST003027	AN004963	targeted LC-MS	negative	ST003027_targeted_LCMS_combined_modes	AN004963__81	0.1	FALSE	-3.36621332115115e-05	0.980479643870044	scale sensitivity; rank-based Wilcoxon is invariant and used for upgrade	0.994210423606281	lower_in_early_ESCC
ST003027	AN004963	targeted LC-MS	negative	ST003027_targeted_LCMS_combined_modes	AN004963__106	0.1	FALSE	-0.000187204276240938	0.960690469887205	scale sensitivity; rank-based Wilcoxon is invariant and used for upgrade	0.994210423606281	lower_in_early_ESCC
ST003027	AN004963	targeted LC-MS	negative	ST003027_targeted_LCMS_combined_modes	AN004963__128	0.1	FALSE	7.22996454512498e-05	0.954089323572346	scale sensitivity; rank-based Wilcoxon is invariant and used for upgrade	0.994210423606281	higher_in_early_ESCC
ST003027	AN004963	targeted LC-MS	negative	ST003027_targeted_LCMS_combined_modes	AN004963__142	0.1	FALSE	3.37562422648068e-05	0.97795396382638	scale sensitivity; rank-based Wilcoxon is invariant and used for upgrade	0.994210423606281	higher_in_early_ESCC
ST003027	AN004963	targeted LC-MS	negative	ST003027_targeted_LCMS_combined_modes	AN004963__145	0.1	FALSE	2.8518557506071e-05	0.981821508670377	scale sensitivity; rank-based Wilcoxon is invariant and used for upgrade	0.994210423606281	higher_in_early_ESCC
ST003027	AN004963	targeted LC-MS	negative	ST003027_targeted_LCMS_combined_modes	AN004963__212	0.1	FALSE	-5.31589998601506e-05	0.974857269328927	scale sensitivity; rank-based Wilcoxon is invariant and used for upgrade	0.994210423606281	lower_in_early_ESCC
ST003027	AN004963	targeted LC-MS	negative	ST003027_targeted_LCMS_combined_modes	AN004963__105	0.1	FALSE	1.99249967246078e-05	0.98701456452747	scale sensitivity; rank-based Wilcoxon is invariant and used for upgrade	0.99632602268339	higher_in_early_ESCC
ST003027	AN004963	targeted LC-MS	negative	ST003027_targeted_LCMS_combined_modes	AN004963__117	0.1	FALSE	5.18750003078317e-06	0.996606532508756	scale sensitivity; rank-based Wilcoxon is invariant and used for upgrade	0.999480727730647	higher_in_early_ESCC
ST003027	AN004963	targeted LC-MS	negative	ST003027_targeted_LCMS_combined_modes	AN004963__167	0.1	FALSE	7.39999999307341e-06	0.99515891515881	scale sensitivity; rank-based Wilcoxon is invariant and used for upgrade	0.999480727730647	higher_in_early_ESCC
ST003027	AN004963	targeted LC-MS	negative	ST003027_targeted_LCMS_combined_modes	AN004963__187	0.1	FALSE	7.93749993929651e-07	0.999480727730647	scale sensitivity; rank-based Wilcoxon is invariant and used for upgrade	0.999480727730647	higher_in_early_ESCC
ST003027	AN004962	targeted LC-MS	positive	ST003027_targeted_LCMS_combined_modes	AN004962__243	1	TRUE	0.510947112707689	7.98565667800351e-11	scale sensitivity; rank-based Wilcoxon is invariant and used for upgrade	2.56339579363913e-08	higher_in_early_ESCC
ST003027	AN004962	targeted LC-MS	positive	ST003027_targeted_LCMS_combined_modes	AN004962__2	1	TRUE	0.766024701090307	2.38939184719256e-08	scale sensitivity; rank-based Wilcoxon is invariant and used for upgrade	1.97725441190869e-06	higher_in_early_ESCC
ST003027	AN004962	targeted LC-MS	positive	ST003027_targeted_LCMS_combined_modes	AN004962__67	1	TRUE	0.886567697925593	2.46386842605444e-08	scale sensitivity; rank-based Wilcoxon is invariant and used for upgrade	1.97725441190869e-06	higher_in_early_ESCC
ST003027	AN004962	targeted LC-MS	positive	ST003027_targeted_LCMS_combined_modes	AN004962__85	1	TRUE	0.552451428718301	1.62387657198589e-08	scale sensitivity; rank-based Wilcoxon is invariant and used for upgrade	1.97725441190869e-06	higher_in_early_ESCC
ST003027	AN004962	targeted LC-MS	positive	ST003027_targeted_LCMS_combined_modes	AN004962__41	1	TRUE	0.862162823834294	9.24746052717212e-08	scale sensitivity; rank-based Wilcoxon is invariant and used for upgrade	5.9368696584445e-06	higher_in_early_ESCC
ST003027	AN004963	targeted LC-MS	negative	ST003027_targeted_LCMS_combined_modes	AN004963__127	1	TRUE	0.208241276073602	2.2424184087308e-07	scale sensitivity; rank-based Wilcoxon is invariant and used for upgrade	1.19969384867098e-05	higher_in_early_ESCC
ST003027	AN004962	targeted LC-MS	positive	ST003027_targeted_LCMS_combined_modes	AN004962__59	1	TRUE	0.712840957905342	5.27418036612616e-07	scale sensitivity; rank-based Wilcoxon is invariant and used for upgrade	2.41858842503785e-05	higher_in_early_ESCC
ST003027	AN004963	targeted LC-MS	negative	ST003027_targeted_LCMS_combined_modes	AN004963__28	1	TRUE	-0.325867870998786	9.83306633813638e-07	scale sensitivity; rank-based Wilcoxon is invariant and used for upgrade	3.52224542036204e-05	lower_in_early_ESCC
ST003027	AN004963	targeted LC-MS	negative	ST003027_targeted_LCMS_combined_modes	AN004963__39	1	TRUE	-0.648907390296276	9.8754544496132e-07	scale sensitivity; rank-based Wilcoxon is invariant and used for upgrade	3.52224542036204e-05	lower_in_early_ESCC
ST003027	AN004962	targeted LC-MS	positive	ST003027_targeted_LCMS_combined_modes	AN004962__174	1	TRUE	1.30285398387562	1.10739490576601e-06	scale sensitivity; rank-based Wilcoxon is invariant and used for upgrade	3.5547376475089e-05	higher_in_early_ESCC
ST003027	AN004962	targeted LC-MS	positive	ST003027_targeted_LCMS_combined_modes	AN004962__110	1	TRUE	0.44868529354285	1.8242010142426e-06	scale sensitivity; rank-based Wilcoxon is invariant and used for upgrade	5.32335023247158e-05	higher_in_early_ESCC
ST003027	AN004963	targeted LC-MS	negative	ST003027_targeted_LCMS_combined_modes	AN004963__207	1	TRUE	-0.534207807945127	2.16142214062583e-06	scale sensitivity; rank-based Wilcoxon is invariant and used for upgrade	5.7818042261741e-05	lower_in_early_ESCC
ST003027	AN004962	targeted LC-MS	positive	ST003027_targeted_LCMS_combined_modes	AN004962__17	1	TRUE	0.363144611223994	3.23576529380211e-06	scale sensitivity; rank-based Wilcoxon is invariant and used for upgrade	7.5147255671092e-05	higher_in_early_ESCC
ST003027	AN004962	targeted LC-MS	positive	ST003027_targeted_LCMS_combined_modes	AN004962__82	1	TRUE	0.492160415325886	3.27745040310059e-06	scale sensitivity; rank-based Wilcoxon is invariant and used for upgrade	7.5147255671092e-05	higher_in_early_ESCC
ST003027	AN004963	targeted LC-MS	negative	ST003027_targeted_LCMS_combined_modes	AN004963__148	1	TRUE	0.0734664796398081	4.4034598856751e-06	scale sensitivity; rank-based Wilcoxon is invariant and used for upgrade	9.42340415534472e-05	higher_in_early_ESCC
ST003027	AN004962	targeted LC-MS	positive	ST003027_targeted_LCMS_combined_modes	AN004962__251	1	TRUE	0.396405592316053	4.88849014220356e-06	scale sensitivity; rank-based Wilcoxon is invariant and used for upgrade	9.8075333477959e-05	higher_in_early_ESCC
ST003027	AN004962	targeted LC-MS	positive	ST003027_targeted_LCMS_combined_modes	AN004962__95	1	TRUE	0.0310077636594256	9.02843878899079e-06	scale sensitivity; rank-based Wilcoxon is invariant and used for upgrade	0.000167079299972093	higher_in_early_ESCC
ST003027	AN004962	targeted LC-MS	positive	ST003027_targeted_LCMS_combined_modes	AN004962__228	1	TRUE	0.10838493058408	9.3689327087155e-06	scale sensitivity; rank-based Wilcoxon is invariant and used for upgrade	0.000167079299972093	higher_in_early_ESCC
ST003027	AN004962	targeted LC-MS	positive	ST003027_targeted_LCMS_combined_modes	AN004962__31	1	TRUE	0.768522161545985	1.05148418365669e-05	scale sensitivity; rank-based Wilcoxon is invariant and used for upgrade	0.000177645485765156	higher_in_early_ESCC
ST003027	AN004962	targeted LC-MS	positive	ST003027_targeted_LCMS_combined_modes	AN004962__29	1	TRUE	0.65588510853968	1.94478451843074e-05	scale sensitivity; rank-based Wilcoxon is invariant and used for upgrade	0.000297274204960127	higher_in_early_ESCC
ST003027	AN004963	targeted LC-MS	negative	ST003027_targeted_LCMS_combined_modes	AN004963__27	1	TRUE	-0.092400217618915	1.91111627717847e-05	scale sensitivity; rank-based Wilcoxon is invariant and used for upgrade	0.000297274204960127	lower_in_early_ESCC
ST003027	AN004963	targeted LC-MS	negative	ST003027_targeted_LCMS_combined_modes	AN004963__168	1	TRUE	0.725413557702844	2.06982242046003e-05	scale sensitivity; rank-based Wilcoxon is invariant and used for upgrade	0.000302005907712577	higher_in_early_ESCC
ST003027	AN004962	targeted LC-MS	positive	ST003027_targeted_LCMS_combined_modes	AN004962__107	1	TRUE	0.322312329310723	3.0483156987003e-05	scale sensitivity; rank-based Wilcoxon is invariant and used for upgrade	0.000425438843166433	higher_in_early_ESCC
ST003027	AN004962	targeted LC-MS	positive	ST003027_targeted_LCMS_combined_modes	AN004962__52	1	TRUE	0.223267773959327	3.61280969460218e-05	scale sensitivity; rank-based Wilcoxon is invariant and used for upgrade	0.000483213296653041	higher_in_early_ESCC
ST003027	AN004963	targeted LC-MS	negative	ST003027_targeted_LCMS_combined_modes	AN004963__222	1	TRUE	0.109694291488607	4.16728535536218e-05	scale sensitivity; rank-based Wilcoxon is invariant and used for upgrade	0.000535079439628504	higher_in_early_ESCC
ST003027	AN004962	targeted LC-MS	positive	ST003027_targeted_LCMS_combined_modes	AN004962__112	1	TRUE	0.0163361610853257	5.2242972947583e-05	scale sensitivity; rank-based Wilcoxon is invariant and used for upgrade	0.000619676346814966	higher_in_early_ESCC
ST003027	AN004963	targeted LC-MS	negative	ST003027_targeted_LCMS_combined_modes	AN004963__92	1	TRUE	-0.808236904198253	5.4052765454265e-05	scale sensitivity; rank-based Wilcoxon is invariant and used for upgrade	0.000619676346814966	lower_in_early_ESCC
ST003027	AN004963	targeted LC-MS	negative	ST003027_targeted_LCMS_combined_modes	AN004963__173	1	TRUE	0.613513554528857	5.02587292093825e-05	scale sensitivity; rank-based Wilcoxon is invariant and used for upgrade	0.000619676346814966	higher_in_early_ESCC
ST003027	AN004963	targeted LC-MS	negative	ST003027_targeted_LCMS_combined_modes	AN004963__199	1	TRUE	-0.264609228010229	6.63441332969007e-05	scale sensitivity; rank-based Wilcoxon is invariant and used for upgrade	0.00073436092373466	lower_in_early_ESCC
ST003027	AN004962	targeted LC-MS	positive	ST003027_targeted_LCMS_combined_modes	AN004962__21	1	TRUE	-0.947425330847687	7.77938999096231e-05	scale sensitivity; rank-based Wilcoxon is invariant and used for upgrade	0.000805543286160936	lower_in_early_ESCC
ST003027	AN004962	targeted LC-MS	positive	ST003027_targeted_LCMS_combined_modes	AN004962__54	1	TRUE	0.585481342662455	7.6551417718978e-05	scale sensitivity; rank-based Wilcoxon is invariant and used for upgrade	0.000805543286160936	higher_in_early_ESCC
ST003027	AN004962	targeted LC-MS	positive	ST003027_targeted_LCMS_combined_modes	AN004962__183	1	TRUE	0.435606713579239	9.4889323439549e-05	scale sensitivity; rank-based Wilcoxon is invariant and used for upgrade	0.000904745479785084	higher_in_early_ESCC
ST003027	AN004962	targeted LC-MS	positive	ST003027_targeted_LCMS_combined_modes	AN004962__253	1	TRUE	1.06336074792155	9.5399530812057e-05	scale sensitivity; rank-based Wilcoxon is invariant and used for upgrade	0.000904745479785084	higher_in_early_ESCC
ST003027	AN004962	targeted LC-MS	positive	ST003027_targeted_LCMS_combined_modes	AN004962__260	1	TRUE	0.473430576381613	9.58297392918781e-05	scale sensitivity; rank-based Wilcoxon is invariant and used for upgrade	0.000904745479785084	higher_in_early_ESCC
ST003027	AN004962	targeted LC-MS	positive	ST003027_targeted_LCMS_combined_modes	AN004962__184	1	TRUE	1.28666424004872	0.000122229472820365	scale sensitivity; rank-based Wilcoxon is invariant and used for upgrade	0.00112101887929534	higher_in_early_ESCC
ST003027	AN004962	targeted LC-MS	positive	ST003027_targeted_LCMS_combined_modes	AN004962__255	1	TRUE	0.0716303603082319	0.000132406283032607	scale sensitivity; rank-based Wilcoxon is invariant and used for upgrade	0.00118062269037408	higher_in_early_ESCC
ST003027	AN004962	targeted LC-MS	positive	ST003027_targeted_LCMS_combined_modes	AN004962__98	1	TRUE	0.605675415637174	0.00016357561302034	scale sensitivity; rank-based Wilcoxon is invariant and used for upgrade	0.00141688441262206	higher_in_early_ESCC
ST003027	AN004962	targeted LC-MS	positive	ST003027_targeted_LCMS_combined_modes	AN004962__258	1	TRUE	0.0323265388439849	0.000167730865045602	scale sensitivity; rank-based Wilcoxon is invariant and used for upgrade	0.00141688441262206	higher_in_early_ESCC
ST003027	AN004963	targeted LC-MS	negative	ST003027_targeted_LCMS_combined_modes	AN004963__32	1	TRUE	0.349383044309208	0.000186477820918604	scale sensitivity; rank-based Wilcoxon is invariant and used for upgrade	0.00153485591063774	higher_in_early_ESCC
ST003027	AN004962	targeted LC-MS	positive	ST003027_targeted_LCMS_combined_modes	AN004962__8	1	TRUE	0.262620981341012	0.000223554152136337	scale sensitivity; rank-based Wilcoxon is invariant and used for upgrade	0.00175338121568464	higher_in_early_ESCC
ST003027	AN004963	targeted LC-MS	negative	ST003027_targeted_LCMS_combined_modes	AN004963__69	1	TRUE	0.0845039933082864	0.000223952117891184	scale sensitivity; rank-based Wilcoxon is invariant and used for upgrade	0.00175338121568464	higher_in_early_ESCC
ST003027	AN004962	targeted LC-MS	positive	ST003027_targeted_LCMS_combined_modes	AN004962__75	1	TRUE	0.371550461742903	0.000243570784586442	scale sensitivity; rank-based Wilcoxon is invariant and used for upgrade	0.00177695958755109	higher_in_early_ESCC
ST003027	AN004962	targeted LC-MS	positive	ST003027_targeted_LCMS_combined_modes	AN004962__88	1	TRUE	0.484703024011294	0.000242694229501227	scale sensitivity; rank-based Wilcoxon is invariant and used for upgrade	0.00177695958755109	higher_in_early_ESCC
ST003027	AN004963	targeted LC-MS	negative	ST003027_targeted_LCMS_combined_modes	AN004963__95	1	TRUE	-1.28898203784601	0.000238698274591938	scale sensitivity; rank-based Wilcoxon is invariant and used for upgrade	0.00177695958755109	lower_in_early_ESCC
ST003027	AN004963	targeted LC-MS	negative	ST003027_targeted_LCMS_combined_modes	AN004963__211	1	TRUE	-0.99990510137342	0.000277026361388958	scale sensitivity; rank-based Wilcoxon is invariant and used for upgrade	0.0019761213779079	lower_in_early_ESCC
ST003027	AN004962	targeted LC-MS	positive	ST003027_targeted_LCMS_combined_modes	AN004962__66	1	TRUE	0.354233130914845	0.000292203871366546	scale sensitivity; rank-based Wilcoxon is invariant and used for upgrade	0.00203907484149264	higher_in_early_ESCC
ST003027	AN004962	targeted LC-MS	positive	ST003027_targeted_LCMS_combined_modes	AN004962__252	1	TRUE	0.111299251673626	0.000307692283062518	scale sensitivity; rank-based Wilcoxon is invariant and used for upgrade	0.0021014728268738	higher_in_early_ESCC
ST003027	AN004962	targeted LC-MS	positive	ST003027_targeted_LCMS_combined_modes	AN004962__229	1	TRUE	0.0106269525259082	0.00050448715716679	scale sensitivity; rank-based Wilcoxon is invariant and used for upgrade	0.00337375786355291	higher_in_early_ESCC
ST003027	AN004962	targeted LC-MS	positive	ST003027_targeted_LCMS_combined_modes	AN004962__114	1	TRUE	0.274765216201819	0.000546192328424632	scale sensitivity; rank-based Wilcoxon is invariant and used for upgrade	0.00357811709029198	higher_in_early_ESCC
ST003027	AN004963	targeted LC-MS	negative	ST003027_targeted_LCMS_combined_modes	AN004963__122	1	TRUE	0.0459551988436607	0.000617099807424529	scale sensitivity; rank-based Wilcoxon is invariant and used for upgrade	0.00396178076366548	higher_in_early_ESCC
ST003027	AN004963	targeted LC-MS	negative	ST003027_targeted_LCMS_combined_modes	AN004963__135	1	TRUE	0.314290184195286	0.000705267758708001	scale sensitivity; rank-based Wilcoxon is invariant and used for upgrade	0.00443903824598565	higher_in_early_ESCC
ST003027	AN004963	targeted LC-MS	negative	ST003027_targeted_LCMS_combined_modes	AN004963__118	1	TRUE	0.175970401725207	0.000773047399041219	scale sensitivity; rank-based Wilcoxon is invariant and used for upgrade	0.00477208105946599	higher_in_early_ESCC
ST003027	AN004962	targeted LC-MS	positive	ST003027_targeted_LCMS_combined_modes	AN004962__37	1	TRUE	0.398024512650535	0.000863167637892523	scale sensitivity; rank-based Wilcoxon is invariant and used for upgrade	0.00522786437289622	higher_in_early_ESCC
ST003027	AN004962	targeted LC-MS	positive	ST003027_targeted_LCMS_combined_modes	AN004962__165	1	TRUE	0.383601426929472	0.000929753870584215	scale sensitivity; rank-based Wilcoxon is invariant and used for upgrade	0.00552687023069505	higher_in_early_ESCC
ST003027	AN004963	targeted LC-MS	negative	ST003027_targeted_LCMS_combined_modes	AN004963__221	1	TRUE	-0.960538373730961	0.000960997174848163	scale sensitivity; rank-based Wilcoxon is invariant and used for upgrade	0.005608728965932	lower_in_early_ESCC
ST003027	AN004963	targeted LC-MS	negative	ST003027_targeted_LCMS_combined_modes	AN004963__86	1	TRUE	0.427143389114903	0.000995771441646263	scale sensitivity; rank-based Wilcoxon is invariant and used for upgrade	0.00570790415657947	higher_in_early_ESCC
ST003027	AN004962	targeted LC-MS	positive	ST003027_targeted_LCMS_combined_modes	AN004962__244	1	TRUE	0.0248925240918316	0.001065032120454	scale sensitivity; rank-based Wilcoxon is invariant and used for upgrade	0.00599781246781988	higher_in_early_ESCC
ST003027	AN004962	targeted LC-MS	positive	ST003027_targeted_LCMS_combined_modes	AN004962__47	1	TRUE	-0.0382382309990978	0.00109856576874477	scale sensitivity; rank-based Wilcoxon is invariant and used for upgrade	0.00607999330632882	lower_in_early_ESCC
ST003027	AN004962	targeted LC-MS	positive	ST003027_targeted_LCMS_combined_modes	AN004962__167	1	TRUE	0.286221213055563	0.00116877316242179	scale sensitivity; rank-based Wilcoxon is invariant and used for upgrade	0.00635891839215923	higher_in_early_ESCC
ST003027	AN004962	targeted LC-MS	positive	ST003027_targeted_LCMS_combined_modes	AN004962__209	1	TRUE	0.00783680466154177	0.00120802336548836	scale sensitivity; rank-based Wilcoxon is invariant and used for upgrade	0.00646292500536274	higher_in_early_ESCC
ST003027	AN004963	targeted LC-MS	negative	ST003027_targeted_LCMS_combined_modes	AN004963__107	1	TRUE	0.0674511057666247	0.00156765864937294	scale sensitivity; rank-based Wilcoxon is invariant and used for upgrade	0.00824948240079856	higher_in_early_ESCC
ST003027	AN004962	targeted LC-MS	positive	ST003027_targeted_LCMS_combined_modes	AN004962__113	1	TRUE	0.393052345632112	0.00173953696182607	scale sensitivity; rank-based Wilcoxon is invariant and used for upgrade	0.00900631233461561	higher_in_early_ESCC
ST003027	AN004962	targeted LC-MS	positive	ST003027_targeted_LCMS_combined_modes	AN004962__217	1	TRUE	0.0271827304619829	0.00178538962936305	scale sensitivity; rank-based Wilcoxon is invariant and used for upgrade	0.00909698525437364	higher_in_early_ESCC
ST003027	AN004962	targeted LC-MS	positive	ST003027_targeted_LCMS_combined_modes	AN004962__140	1	TRUE	0.371352764810205	0.00182618689174474	scale sensitivity; rank-based Wilcoxon is invariant and used for upgrade	0.00915946862890721	higher_in_early_ESCC
ST003027	AN004962	targeted LC-MS	positive	ST003027_targeted_LCMS_combined_modes	AN004962__3	1	TRUE	0.0225034033247152	0.00190753778769168	scale sensitivity; rank-based Wilcoxon is invariant and used for upgrade	0.00942030199767739	higher_in_early_ESCC
ST003027	AN004962	targeted LC-MS	positive	ST003027_targeted_LCMS_combined_modes	AN004962__204	1	TRUE	0.671903130685114	0.00208653939816012	scale sensitivity; rank-based Wilcoxon is invariant and used for upgrade	0.0101481688910515	higher_in_early_ESCC
ST003027	AN004963	targeted LC-MS	negative	ST003027_targeted_LCMS_combined_modes	AN004963__191	1	TRUE	-0.108641845766113	0.00229172684741419	scale sensitivity; rank-based Wilcoxon is invariant and used for upgrade	0.0109797659405963	lower_in_early_ESCC
ST003027	AN004963	targeted LC-MS	negative	ST003027_targeted_LCMS_combined_modes	AN004963__54	1	TRUE	-0.0658110233625527	0.00236799569454877	scale sensitivity; rank-based Wilcoxon is invariant and used for upgrade	0.011178332616914	lower_in_early_ESCC
ST003027	AN004963	targeted LC-MS	negative	ST003027_targeted_LCMS_combined_modes	AN004963__217	1	TRUE	0.243071688003516	0.00262149605176126	scale sensitivity; rank-based Wilcoxon is invariant and used for upgrade	0.0121956555451502	higher_in_early_ESCC
ST003027	AN004962	targeted LC-MS	positive	ST003027_targeted_LCMS_combined_modes	AN004962__227	1	TRUE	-0.487924024922164	0.00278099510723125	scale sensitivity; rank-based Wilcoxon is invariant and used for upgrade	0.0127528489917319	lower_in_early_ESCC
ST003027	AN004963	targeted LC-MS	negative	ST003027_targeted_LCMS_combined_modes	AN004963__114	1	TRUE	-1.04064022577304	0.00301173322263117	scale sensitivity; rank-based Wilcoxon is invariant and used for upgrade	0.0132433748556795	lower_in_early_ESCC
ST003027	AN004963	targeted LC-MS	negative	ST003027_targeted_LCMS_combined_modes	AN004963__115	1	TRUE	-0.285013052753641	0.00298112237548448	scale sensitivity; rank-based Wilcoxon is invariant and used for upgrade	0.0132433748556795	lower_in_early_ESCC
ST003027	AN004963	targeted LC-MS	negative	ST003027_targeted_LCMS_combined_modes	AN004963__129	1	TRUE	-0.465146135451244	0.00294087505982379	scale sensitivity; rank-based Wilcoxon is invariant and used for upgrade	0.0132433748556795	lower_in_early_ESCC
ST003027	AN004962	targeted LC-MS	positive	ST003027_targeted_LCMS_combined_modes	AN004962__108	1	TRUE	-0.752372275672723	0.00341345005895989	scale sensitivity; rank-based Wilcoxon is invariant and used for upgrade	0.0143377288565535	lower_in_early_ESCC
ST003027	AN004962	targeted LC-MS	positive	ST003027_targeted_LCMS_combined_modes	AN004962__218	1	TRUE	0.129262937868476	0.00343926829269352	scale sensitivity; rank-based Wilcoxon is invariant and used for upgrade	0.0143377288565535	higher_in_early_ESCC
ST003027	AN004963	targeted LC-MS	negative	ST003027_targeted_LCMS_combined_modes	AN004963__3	1	TRUE	-0.702298360594218	0.00332158925449835	scale sensitivity; rank-based Wilcoxon is invariant and used for upgrade	0.0143377288565535	lower_in_early_ESCC
ST003027	AN004963	targeted LC-MS	negative	ST003027_targeted_LCMS_combined_modes	AN004963__139	1	TRUE	0.419284826771463	0.00342407496255963	scale sensitivity; rank-based Wilcoxon is invariant and used for upgrade	0.0143377288565535	higher_in_early_ESCC
ST003027	AN004962	targeted LC-MS	positive	ST003027_targeted_LCMS_combined_modes	AN004962__239	1	TRUE	0.00736282422667344	0.0038324090059131	scale sensitivity; rank-based Wilcoxon is invariant and used for upgrade	0.0157718370627962	higher_in_early_ESCC
ST003027	AN004962	targeted LC-MS	positive	ST003027_targeted_LCMS_combined_modes	AN004962__214	1	TRUE	0.0244314253393777	0.00399962656544968	scale sensitivity; rank-based Wilcoxon is invariant and used for upgrade	0.0162516471836626	higher_in_early_ESCC
ST003027	AN004962	targeted LC-MS	positive	ST003027_targeted_LCMS_combined_modes	AN004962__128	1	TRUE	0.361734123391254	0.00449457433872489	scale sensitivity; rank-based Wilcoxon is invariant and used for upgrade	0.0180344795341336	higher_in_early_ESCC
ST003027	AN004962	targeted LC-MS	positive	ST003027_targeted_LCMS_combined_modes	AN004962__191	1	TRUE	0.0144928830048674	0.00461395480412002	scale sensitivity; rank-based Wilcoxon is invariant and used for upgrade	0.0182849320015127	higher_in_early_ESCC
ST003027	AN004962	targeted LC-MS	positive	ST003027_targeted_LCMS_combined_modes	AN004962__246	1	TRUE	0.715375792410631	0.00474934187825576	scale sensitivity; rank-based Wilcoxon is invariant and used for upgrade	0.0185919358892695	higher_in_early_ESCC
ST003027	AN004963	targeted LC-MS	negative	ST003027_targeted_LCMS_combined_modes	AN004963__78	1	TRUE	0.0342522406311994	0.00493964665996491	scale sensitivity; rank-based Wilcoxon is invariant and used for upgrade	0.0191039346728763	higher_in_early_ESCC
ST003027	AN004963	targeted LC-MS	negative	ST003027_targeted_LCMS_combined_modes	AN004963__126	1	TRUE	0.057864981397209	0.00520685476563179	scale sensitivity; rank-based Wilcoxon is invariant and used for upgrade	0.0198976235686643	higher_in_early_ESCC
ST003027	AN004962	targeted LC-MS	positive	ST003027_targeted_LCMS_combined_modes	AN004962__196	1	TRUE	-0.344289195352746	0.00533769721581393	scale sensitivity; rank-based Wilcoxon is invariant and used for upgrade	0.0201576565444267	lower_in_early_ESCC
ST003027	AN004962	targeted LC-MS	positive	ST003027_targeted_LCMS_combined_modes	AN004962__33	1	TRUE	0.399598829799023	0.0055011507496743	scale sensitivity; rank-based Wilcoxon is invariant and used for upgrade	0.0205333650075052	higher_in_early_ESCC
ST003027	AN004963	targeted LC-MS	negative	ST003027_targeted_LCMS_combined_modes	AN004963__151	1	TRUE	0.0966793457449824	0.00564165020662286	scale sensitivity; rank-based Wilcoxon is invariant and used for upgrade	0.0208157438658154	higher_in_early_ESCC
ST003027	AN004962	targeted LC-MS	positive	ST003027_targeted_LCMS_combined_modes	AN004962__189	1	TRUE	-0.549179116257717	0.00623962507858559	scale sensitivity; rank-based Wilcoxon is invariant and used for upgrade	0.0225047151710784	lower_in_early_ESCC
ST003027	AN004963	targeted LC-MS	negative	ST003027_targeted_LCMS_combined_modes	AN004963__218	1	TRUE	0.237483644306968	0.00623505963490712	scale sensitivity; rank-based Wilcoxon is invariant and used for upgrade	0.0225047151710784	higher_in_early_ESCC
ST003027	AN004962	targeted LC-MS	positive	ST003027_targeted_LCMS_combined_modes	AN004962__141	1	TRUE	0.510824964892487	0.00889812471957794	scale sensitivity; rank-based Wilcoxon is invariant and used for upgrade	0.0313878904943354	higher_in_early_ESCC
ST003027	AN004963	targeted LC-MS	negative	ST003027_targeted_LCMS_combined_modes	AN004963__179	1	TRUE	-0.0278119028361992	0.00885164573633659	scale sensitivity; rank-based Wilcoxon is invariant and used for upgrade	0.0313878904943354	lower_in_early_ESCC
ST003027	AN004963	targeted LC-MS	negative	ST003027_targeted_LCMS_combined_modes	AN004963__184	1	TRUE	0.536890442037683	0.00957956532042817	scale sensitivity; rank-based Wilcoxon is invariant and used for upgrade	0.0334243529114939	higher_in_early_ESCC
ST003027	AN004963	targeted LC-MS	negative	ST003027_targeted_LCMS_combined_modes	AN004963__171	1	TRUE	0.0295506077799324	0.0097697975721924	scale sensitivity; rank-based Wilcoxon is invariant and used for upgrade	0.0337215593620834	higher_in_early_ESCC
ST003027	AN004963	targeted LC-MS	negative	ST003027_targeted_LCMS_combined_modes	AN004963__49	1	TRUE	-0.271279615606933	0.0100284398533822	scale sensitivity; rank-based Wilcoxon is invariant and used for upgrade	0.0342460552439968	lower_in_early_ESCC
ST003027	AN004962	targeted LC-MS	positive	ST003027_targeted_LCMS_combined_modes	AN004962__126	1	TRUE	0.208710752957197	0.0108301983454468	scale sensitivity; rank-based Wilcoxon is invariant and used for upgrade	0.0365946701988255	higher_in_early_ESCC
ST003027	AN004962	targeted LC-MS	positive	ST003027_targeted_LCMS_combined_modes	AN004962__53	1	TRUE	0.226606029061961	0.01201770326959	scale sensitivity; rank-based Wilcoxon is invariant and used for upgrade	0.0401841953076914	higher_in_early_ESCC
ST003027	AN004962	targeted LC-MS	positive	ST003027_targeted_LCMS_combined_modes	AN004962__61	1	TRUE	0.310015927169172	0.0124779131559904	scale sensitivity; rank-based Wilcoxon is invariant and used for upgrade	0.041292887866731	higher_in_early_ESCC
ST003027	AN004962	targeted LC-MS	positive	ST003027_targeted_LCMS_combined_modes	AN004962__103	1	TRUE	0.128674542260563	0.0147914904922445	scale sensitivity; rank-based Wilcoxon is invariant and used for upgrade	0.0484496780409234	higher_in_early_ESCC
ST003027	AN004963	targeted LC-MS	negative	ST003027_targeted_LCMS_combined_modes	AN004963__174	1	TRUE	0.708760204916102	0.0149706434881307	scale sensitivity; rank-based Wilcoxon is invariant and used for upgrade	0.0485411773706055	higher_in_early_ESCC
ST003027	AN004963	targeted LC-MS	negative	ST003027_targeted_LCMS_combined_modes	AN004963__178	1	TRUE	0.733538091146281	0.0151710507525799	scale sensitivity; rank-based Wilcoxon is invariant and used for upgrade	0.0486990729157815	higher_in_early_ESCC
ST003027	AN004962	targeted LC-MS	positive	ST003027_targeted_LCMS_combined_modes	AN004962__135	1	TRUE	0.0199003486028446	0.015992350896035	scale sensitivity; rank-based Wilcoxon is invariant and used for upgrade	0.0508271746299725	higher_in_early_ESCC
ST003027	AN004963	targeted LC-MS	negative	ST003027_targeted_LCMS_combined_modes	AN004963__160	1	TRUE	0.0979905810235293	0.016176535806091	scale sensitivity; rank-based Wilcoxon is invariant and used for upgrade	0.0509085097426981	higher_in_early_ESCC
ST003027	AN004962	targeted LC-MS	positive	ST003027_targeted_LCMS_combined_modes	AN004962__60	1	TRUE	0.263625073070464	0.0165805278943689	scale sensitivity; rank-based Wilcoxon is invariant and used for upgrade	0.0516732956708002	higher_in_early_ESCC
ST003027	AN004963	targeted LC-MS	negative	ST003027_targeted_LCMS_combined_modes	AN004963__41	1	TRUE	-0.286310899133427	0.0178407750742709	scale sensitivity; rank-based Wilcoxon is invariant and used for upgrade	0.0550662384503938	lower_in_early_ESCC
ST003027	AN004962	targeted LC-MS	positive	ST003027_targeted_LCMS_combined_modes	AN004962__146	1	TRUE	0.112088209268479	0.0189407939287741	scale sensitivity; rank-based Wilcoxon is invariant and used for upgrade	0.0579047128679665	higher_in_early_ESCC
ST003027	AN004962	targeted LC-MS	positive	ST003027_targeted_LCMS_combined_modes	AN004962__149	1	TRUE	-0.143813733334624	0.0194157028154489	scale sensitivity; rank-based Wilcoxon is invariant and used for upgrade	0.0587966094694255	lower_in_early_ESCC
ST003027	AN004963	targeted LC-MS	negative	ST003027_targeted_LCMS_combined_modes	AN004963__77	1	TRUE	0.104191837786454	0.0197809993670919	scale sensitivity; rank-based Wilcoxon is invariant and used for upgrade	0.0593429981012756	higher_in_early_ESCC
ST003027	AN004963	targeted LC-MS	negative	ST003027_targeted_LCMS_combined_modes	AN004963__24	1	TRUE	0.176407435896018	0.0201393292366473	scale sensitivity; rank-based Wilcoxon is invariant and used for upgrade	0.0598585618978129	higher_in_early_ESCC
ST003027	AN004963	targeted LC-MS	negative	ST003027_targeted_LCMS_combined_modes	AN004963__76	1	TRUE	-0.10806168702325	0.0206895496932557	scale sensitivity; rank-based Wilcoxon is invariant and used for upgrade	0.0609297747847254	lower_in_early_ESCC
ST003027	AN004963	targeted LC-MS	negative	ST003027_targeted_LCMS_combined_modes	AN004963__93	1	TRUE	0.098549732394988	0.0218268818554844	scale sensitivity; rank-based Wilcoxon is invariant and used for upgrade	0.0634503792244477	higher_in_early_ESCC
ST003027	AN004963	targeted LC-MS	negative	ST003027_targeted_LCMS_combined_modes	AN004963__185	1	TRUE	0.172036872356953	0.021940785339295	scale sensitivity; rank-based Wilcoxon is invariant and used for upgrade	0.0634503792244477	higher_in_early_ESCC
ST003027	AN004963	targeted LC-MS	negative	ST003027_targeted_LCMS_combined_modes	AN004963__98	1	TRUE	-0.0677436811614083	0.0221642903389309	scale sensitivity; rank-based Wilcoxon is invariant and used for upgrade	0.0635244392749715	lower_in_early_ESCC
ST003027	AN004962	targeted LC-MS	positive	ST003027_targeted_LCMS_combined_modes	AN004962__235	1	TRUE	0.447967496506451	0.0225747410045504	scale sensitivity; rank-based Wilcoxon is invariant and used for upgrade	0.0641282465704484	higher_in_early_ESCC
ST003027	AN004963	targeted LC-MS	negative	ST003027_targeted_LCMS_combined_modes	AN004963__19	1	TRUE	-0.216665687265066	0.0231481156765002	scale sensitivity; rank-based Wilcoxon is invariant and used for upgrade	0.0651802204575138	lower_in_early_ESCC
ST003027	AN004962	targeted LC-MS	positive	ST003027_targeted_LCMS_combined_modes	AN004962__24	1	TRUE	0.243667169307992	0.0240645848182975	scale sensitivity; rank-based Wilcoxon is invariant and used for upgrade	0.0666145385592822	higher_in_early_ESCC
ST003027	AN004963	targeted LC-MS	negative	ST003027_targeted_LCMS_combined_modes	AN004963__8	1	TRUE	-0.359312674468515	0.024072543529211	scale sensitivity; rank-based Wilcoxon is invariant and used for upgrade	0.0666145385592822	lower_in_early_ESCC
ST003027	AN004962	targeted LC-MS	positive	ST003027_targeted_LCMS_combined_modes	AN004962__62	1	TRUE	0.00824751379241084	0.0254295569095066	scale sensitivity; rank-based Wilcoxon is invariant and used for upgrade	0.0697682715209541	higher_in_early_ESCC
ST003027	AN004962	targeted LC-MS	positive	ST003027_targeted_LCMS_combined_modes	AN004962__65	1	TRUE	0.00474766372077379	0.0261631048260488	scale sensitivity; rank-based Wilcoxon is invariant and used for upgrade	0.0711725139759462	higher_in_early_ESCC
ST003027	AN004962	targeted LC-MS	positive	ST003027_targeted_LCMS_combined_modes	AN004962__42	1	TRUE	0.0850554434291511	0.0265778834956473	scale sensitivity; rank-based Wilcoxon is invariant and used for upgrade	0.0716932823706117	higher_in_early_ESCC
ST003027	AN004962	targeted LC-MS	positive	ST003027_targeted_LCMS_combined_modes	AN004962__262	1	TRUE	0.00623710903793918	0.0273347714480977	scale sensitivity; rank-based Wilcoxon is invariant and used for upgrade	0.0731205136236613	higher_in_early_ESCC
ST003027	AN004962	targeted LC-MS	positive	ST003027_targeted_LCMS_combined_modes	AN004962__185	1	TRUE	0.087323242843108	0.0289819153956035	scale sensitivity; rank-based Wilcoxon is invariant and used for upgrade	0.0768859077850308	higher_in_early_ESCC
ST003027	AN004962	targeted LC-MS	positive	ST003027_targeted_LCMS_combined_modes	AN004962__199	1	TRUE	0.0321677058108078	0.0304004353933872	scale sensitivity; rank-based Wilcoxon is invariant and used for upgrade	0.0799880308301418	higher_in_early_ESCC
ST003027	AN004962	targeted LC-MS	positive	ST003027_targeted_LCMS_combined_modes	AN004962__150	1	TRUE	0.0487090618624842	0.0309604991892647	scale sensitivity; rank-based Wilcoxon is invariant and used for upgrade	0.0807993515427151	higher_in_early_ESCC
ST003027	AN004962	targeted LC-MS	positive	ST003027_targeted_LCMS_combined_modes	AN004962__219	1	TRUE	0.00905241389260411	0.0356731386643764	scale sensitivity; rank-based Wilcoxon is invariant and used for upgrade	0.0923473992843938	higher_in_early_ESCC
ST003027	AN004963	targeted LC-MS	negative	ST003027_targeted_LCMS_combined_modes	AN004963__192	1	TRUE	-0.41429032687111	0.0365853670033405	scale sensitivity; rank-based Wilcoxon is invariant and used for upgrade	0.0939512224645785	lower_in_early_ESCC
ST003027	AN004963	targeted LC-MS	negative	ST003027_targeted_LCMS_combined_modes	AN004963__175	1	TRUE	-0.430374332921546	0.0389440117017796	scale sensitivity; rank-based Wilcoxon is invariant and used for upgrade	0.0992145060021528	lower_in_early_ESCC
ST003027	AN004963	targeted LC-MS	negative	ST003027_targeted_LCMS_combined_modes	AN004963__14	1	TRUE	-0.282746210228644	0.042363041215323	scale sensitivity; rank-based Wilcoxon is invariant and used for upgrade	0.107075088426131	lower_in_early_ESCC
ST003027	AN004963	targeted LC-MS	negative	ST003027_targeted_LCMS_combined_modes	AN004963__99	1	TRUE	0.23905986445293	0.0444313965613464	scale sensitivity; rank-based Wilcoxon is invariant and used for upgrade	0.111425611689002	higher_in_early_ESCC
ST003027	AN004962	targeted LC-MS	positive	ST003027_targeted_LCMS_combined_modes	AN004962__27	1	TRUE	-0.399891307482092	0.0464747608340363	scale sensitivity; rank-based Wilcoxon is invariant and used for upgrade	0.115646497889346	lower_in_early_ESCC
ST003027	AN004963	targeted LC-MS	negative	ST003027_targeted_LCMS_combined_modes	AN004963__85	1	TRUE	-0.100332142833668	0.0470039389637345	scale sensitivity; rank-based Wilcoxon is invariant and used for upgrade	0.115659206405211	lower_in_early_ESCC
ST003027	AN004963	targeted LC-MS	negative	ST003027_targeted_LCMS_combined_modes	AN004963__103	1	TRUE	0.0220334842152644	0.0472004861030613	scale sensitivity; rank-based Wilcoxon is invariant and used for upgrade	0.115659206405211	higher_in_early_ESCC
ST003027	AN004962	targeted LC-MS	positive	ST003027_targeted_LCMS_combined_modes	AN004962__254	1	TRUE	-0.0114211199688857	0.0477591209657907	scale sensitivity; rank-based Wilcoxon is invariant and used for upgrade	0.116141498712264	lower_in_early_ESCC
ST003027	AN004962	targeted LC-MS	positive	ST003027_targeted_LCMS_combined_modes	AN004962__242	1	TRUE	-0.255411692170869	0.048694498196918	scale sensitivity; rank-based Wilcoxon is invariant and used for upgrade	0.117525818956471	lower_in_early_ESCC
ST003027	AN004962	targeted LC-MS	positive	ST003027_targeted_LCMS_combined_modes	AN004962__79	1	TRUE	-0.0191818445879272	0.0546000054595392	scale sensitivity; rank-based Wilcoxon is invariant and used for upgrade	0.130795535466508	lower_in_early_ESCC
ST003027	AN004962	targeted LC-MS	positive	ST003027_targeted_LCMS_combined_modes	AN004962__181	1	TRUE	0.120437805347683	0.0555726439917394	scale sensitivity; rank-based Wilcoxon is invariant and used for upgrade	0.132139397935914	higher_in_early_ESCC
ST003027	AN004962	targeted LC-MS	positive	ST003027_targeted_LCMS_combined_modes	AN004962__84	1	TRUE	0.100006798047293	0.0576567482397403	scale sensitivity; rank-based Wilcoxon is invariant and used for upgrade	0.136086883712916	higher_in_early_ESCC
ST003027	AN004963	targeted LC-MS	negative	ST003027_targeted_LCMS_combined_modes	AN004963__2	1	TRUE	-0.279572281684525	0.0612959205419207	scale sensitivity; rank-based Wilcoxon is invariant and used for upgrade	0.143620368569026	lower_in_early_ESCC
ST003027	AN004963	targeted LC-MS	negative	ST003027_targeted_LCMS_combined_modes	AN004963__97	1	TRUE	0.199026900563754	0.0630282313634295	scale sensitivity; rank-based Wilcoxon is invariant and used for upgrade	0.146609146867108	higher_in_early_ESCC
ST003027	AN004962	targeted LC-MS	positive	ST003027_targeted_LCMS_combined_modes	AN004962__232	1	TRUE	0.0133119913771218	0.0640042321001442	scale sensitivity; rank-based Wilcoxon is invariant and used for upgrade	0.147808334562203	higher_in_early_ESCC
ST003027	AN004963	targeted LC-MS	negative	ST003027_targeted_LCMS_combined_modes	AN004963__169	1	TRUE	0.10746246190924	0.0682144754039812	scale sensitivity; rank-based Wilcoxon is invariant and used for upgrade	0.156406047176271	higher_in_early_ESCC
ST003027	AN004962	targeted LC-MS	positive	ST003027_targeted_LCMS_combined_modes	AN004962__68	1	TRUE	0.0295068610985546	0.0701827114822614	scale sensitivity; rank-based Wilcoxon is invariant and used for upgrade	0.15977766231068	higher_in_early_ESCC
ST003027	AN004962	targeted LC-MS	positive	ST003027_targeted_LCMS_combined_modes	AN004962__18	1	TRUE	0.0643938158098167	0.0820749675921474	scale sensitivity; rank-based Wilcoxon is invariant and used for upgrade	0.18423821396559	higher_in_early_ESCC
ST003027	AN004962	targeted LC-MS	positive	ST003027_targeted_LCMS_combined_modes	AN004962__237	1	TRUE	0.00310073638525529	0.0818461083014919	scale sensitivity; rank-based Wilcoxon is invariant and used for upgrade	0.18423821396559	higher_in_early_ESCC
ST003027	AN004963	targeted LC-MS	negative	ST003027_targeted_LCMS_combined_modes	AN004963__96	1	TRUE	0.0287905561499756	0.0836494600625819	scale sensitivity; rank-based Wilcoxon is invariant and used for upgrade	0.186468588056172	higher_in_early_ESCC
ST003027	AN004962	targeted LC-MS	positive	ST003027_targeted_LCMS_combined_modes	AN004962__216	1	TRUE	-0.366418414664901	0.0856354095828447	scale sensitivity; rank-based Wilcoxon is invariant and used for upgrade	0.18957907914547	lower_in_early_ESCC
ST003027	AN004962	targeted LC-MS	positive	ST003027_targeted_LCMS_combined_modes	AN004962__194	1	TRUE	-0.152539069807145	0.0944534686568895	scale sensitivity; rank-based Wilcoxon is invariant and used for upgrade	0.207668242731928	lower_in_early_ESCC
ST003027	AN004963	targeted LC-MS	negative	ST003027_targeted_LCMS_combined_modes	AN004963__47	1	TRUE	0.0215925385773873	0.096955727614119	scale sensitivity; rank-based Wilcoxon is invariant and used for upgrade	0.211719650096138	higher_in_early_ESCC
ST003027	AN004962	targeted LC-MS	positive	ST003027_targeted_LCMS_combined_modes	AN004962__201	1	TRUE	0.00357693473688891	0.100969931424097	scale sensitivity; rank-based Wilcoxon is invariant and used for upgrade	0.21899559450767	higher_in_early_ESCC
ST003027	AN004963	targeted LC-MS	negative	ST003027_targeted_LCMS_combined_modes	AN004963__75	1	TRUE	0.0576387567519773	0.104115422271622	scale sensitivity; rank-based Wilcoxon is invariant and used for upgrade	0.224302352679131	higher_in_early_ESCC
ST003027	AN004962	targeted LC-MS	positive	ST003027_targeted_LCMS_combined_modes	AN004962__122	1	TRUE	0.0846326917845695	0.10662017381329	scale sensitivity; rank-based Wilcoxon is invariant and used for upgrade	0.228167171960441	higher_in_early_ESCC
ST003027	AN004962	targeted LC-MS	positive	ST003027_targeted_LCMS_combined_modes	AN004962__198	1	TRUE	-0.0060285409701987	0.110778171720245	scale sensitivity; rank-based Wilcoxon is invariant and used for upgrade	0.235495318690056	lower_in_early_ESCC
ST003027	AN004963	targeted LC-MS	negative	ST003027_targeted_LCMS_combined_modes	AN004963__58	1	TRUE	0.03317743531488	0.114054340441757	scale sensitivity; rank-based Wilcoxon is invariant and used for upgrade	0.240864758432922	higher_in_early_ESCC
ST003027	AN004962	targeted LC-MS	positive	ST003027_targeted_LCMS_combined_modes	AN004962__169	1	TRUE	0.19722397256699	0.124548916838464	scale sensitivity; rank-based Wilcoxon is invariant and used for upgrade	0.26119679942267	higher_in_early_ESCC
ST003027	AN004963	targeted LC-MS	negative	ST003027_targeted_LCMS_combined_modes	AN004963__48	1	TRUE	-0.0311113854291617	0.125309367947325	scale sensitivity; rank-based Wilcoxon is invariant and used for upgrade	0.26119679942267	lower_in_early_ESCC
ST003027	AN004962	targeted LC-MS	positive	ST003027_targeted_LCMS_combined_modes	AN004962__206	1	TRUE	-0.0111085866730248	0.127903199931034	scale sensitivity; rank-based Wilcoxon is invariant and used for upgrade	0.264883401147495	lower_in_early_ESCC
ST003027	AN004962	targeted LC-MS	positive	ST003027_targeted_LCMS_combined_modes	AN004962__32	1	TRUE	0.0357795209940559	0.130404754235035	scale sensitivity; rank-based Wilcoxon is invariant and used for upgrade	0.26798071698292	higher_in_early_ESCC
ST003027	AN004962	targeted LC-MS	positive	ST003027_targeted_LCMS_combined_modes	AN004962__210	1	TRUE	0.00865169148864302	0.131473436383249	scale sensitivity; rank-based Wilcoxon is invariant and used for upgrade	0.26798071698292	higher_in_early_ESCC
ST003027	AN004963	targeted LC-MS	negative	ST003027_targeted_LCMS_combined_modes	AN004963__102	1	TRUE	0.0205977457204316	0.131903281256391	scale sensitivity; rank-based Wilcoxon is invariant and used for upgrade	0.26798071698292	higher_in_early_ESCC
ST003027	AN004963	targeted LC-MS	negative	ST003027_targeted_LCMS_combined_modes	AN004963__112	1	TRUE	-0.327602916364572	0.134858987163859	scale sensitivity; rank-based Wilcoxon is invariant and used for upgrade	0.272262483519488	lower_in_early_ESCC
ST003027	AN004963	targeted LC-MS	negative	ST003027_targeted_LCMS_combined_modes	AN004963__21	1	TRUE	0.0595103870961518	0.137712030533738	scale sensitivity; rank-based Wilcoxon is invariant and used for upgrade	0.276284761258311	higher_in_early_ESCC
ST003027	AN004963	targeted LC-MS	negative	ST003027_targeted_LCMS_combined_modes	AN004963__162	1	TRUE	-0.311900674091848	0.145207232196021	scale sensitivity; rank-based Wilcoxon is invariant and used for upgrade	0.289512556117532	lower_in_early_ESCC
ST003027	AN004962	targeted LC-MS	positive	ST003027_targeted_LCMS_combined_modes	AN004962__77	1	TRUE	0.0193984347936746	0.163364911504028	scale sensitivity; rank-based Wilcoxon is invariant and used for upgrade	0.31975693044386	higher_in_early_ESCC
ST003027	AN004962	targeted LC-MS	positive	ST003027_targeted_LCMS_combined_modes	AN004962__116	1	TRUE	0.00365615528795589	0.16237939637024	scale sensitivity; rank-based Wilcoxon is invariant and used for upgrade	0.31975693044386	higher_in_early_ESCC
ST003027	AN004963	targeted LC-MS	negative	ST003027_targeted_LCMS_combined_modes	AN004963__180	1	TRUE	0.0111875672551727	0.161736204606233	scale sensitivity; rank-based Wilcoxon is invariant and used for upgrade	0.31975693044386	higher_in_early_ESCC
ST003027	AN004962	targeted LC-MS	positive	ST003027_targeted_LCMS_combined_modes	AN004962__180	1	TRUE	0.0839199762238122	0.192262489690411	scale sensitivity; rank-based Wilcoxon is invariant and used for upgrade	0.374037934488617	higher_in_early_ESCC
ST003027	AN004962	targeted LC-MS	positive	ST003027_targeted_LCMS_combined_modes	AN004962__205	1	TRUE	0.00327558574112822	0.1946559743448	scale sensitivity; rank-based Wilcoxon is invariant and used for upgrade	0.375568900459935	higher_in_early_ESCC
ST003027	AN004963	targeted LC-MS	negative	ST003027_targeted_LCMS_combined_modes	AN004963__123	1	TRUE	0.0346366715655182	0.195389427965138	scale sensitivity; rank-based Wilcoxon is invariant and used for upgrade	0.375568900459935	higher_in_early_ESCC
ST003027	AN004962	targeted LC-MS	positive	ST003027_targeted_LCMS_combined_modes	AN004962__197	1	TRUE	0.0410187851606847	0.206213884397505	scale sensitivity; rank-based Wilcoxon is invariant and used for upgrade	0.394015814830947	higher_in_early_ESCC
ST003027	AN004963	targeted LC-MS	negative	ST003027_targeted_LCMS_combined_modes	AN004963__15	1	TRUE	-0.181793872988652	0.210013875464461	scale sensitivity; rank-based Wilcoxon is invariant and used for upgrade	0.398902094817112	lower_in_early_ESCC
ST003027	AN004962	targeted LC-MS	positive	ST003027_targeted_LCMS_combined_modes	AN004962__159	1	TRUE	0.00303552463772708	0.21984333269985	scale sensitivity; rank-based Wilcoxon is invariant and used for upgrade	0.415115939980304	higher_in_early_ESCC
ST003027	AN004962	targeted LC-MS	positive	ST003027_targeted_LCMS_combined_modes	AN004962__268	1	TRUE	0.0513578351356405	0.222456391549924	scale sensitivity; rank-based Wilcoxon is invariant and used for upgrade	0.417593577120033	higher_in_early_ESCC
ST003027	AN004962	targeted LC-MS	positive	ST003027_targeted_LCMS_combined_modes	AN004962__72	1	TRUE	0.0287850669015856	0.226906720293648	scale sensitivity; rank-based Wilcoxon is invariant and used for upgrade	0.418603777093453	higher_in_early_ESCC
ST003027	AN004962	targeted LC-MS	positive	ST003027_targeted_LCMS_combined_modes	AN004962__267	1	TRUE	0.154257323527103	0.226658434139185	scale sensitivity; rank-based Wilcoxon is invariant and used for upgrade	0.418603777093453	higher_in_early_ESCC
ST003027	AN004963	targeted LC-MS	negative	ST003027_targeted_LCMS_combined_modes	AN004963__4	1	TRUE	0.121080898918432	0.224792551168638	scale sensitivity; rank-based Wilcoxon is invariant and used for upgrade	0.418603777093453	higher_in_early_ESCC
ST003027	AN004962	targeted LC-MS	positive	ST003027_targeted_LCMS_combined_modes	AN004962__123	1	TRUE	0.00231424153756474	0.228635039957362	scale sensitivity; rank-based Wilcoxon is invariant and used for upgrade	0.419181817887774	higher_in_early_ESCC
ST003027	AN004962	targeted LC-MS	positive	ST003027_targeted_LCMS_combined_modes	AN004962__145	1	TRUE	0.0766998053024444	0.229831775539714	scale sensitivity; rank-based Wilcoxon is invariant and used for upgrade	0.419181817887774	higher_in_early_ESCC
ST003027	AN004963	targeted LC-MS	negative	ST003027_targeted_LCMS_combined_modes	AN004963__116	1	TRUE	0.0517490565875902	0.240943405647132	scale sensitivity; rank-based Wilcoxon is invariant and used for upgrade	0.436965159393951	higher_in_early_ESCC
ST003027	AN004962	targeted LC-MS	positive	ST003027_targeted_LCMS_combined_modes	AN004962__13	1	TRUE	0.112735715377378	0.245276542356321	scale sensitivity; rank-based Wilcoxon is invariant and used for upgrade	0.442324551103252	higher_in_early_ESCC
ST003027	AN004963	targeted LC-MS	negative	ST003027_targeted_LCMS_combined_modes	AN004963__73	1	TRUE	0.0154782094864026	0.250078105669887	scale sensitivity; rank-based Wilcoxon is invariant and used for upgrade	0.448464088938736	higher_in_early_ESCC
ST003027	AN004962	targeted LC-MS	positive	ST003027_targeted_LCMS_combined_modes	AN004962__49	1	TRUE	0.0623112799155987	0.269444616614287	scale sensitivity; rank-based Wilcoxon is invariant and used for upgrade	0.480509566295479	higher_in_early_ESCC
ST003027	AN004962	targeted LC-MS	positive	ST003027_targeted_LCMS_combined_modes	AN004962__266	1	TRUE	0.14629522709801	0.277155050277183	scale sensitivity; rank-based Wilcoxon is invariant and used for upgrade	0.488828412851515	higher_in_early_ESCC
ST003027	AN004963	targeted LC-MS	negative	ST003027_targeted_LCMS_combined_modes	AN004963__149	1	TRUE	0.013549776384562	0.275875018082308	scale sensitivity; rank-based Wilcoxon is invariant and used for upgrade	0.488828412851515	higher_in_early_ESCC
ST003027	AN004962	targeted LC-MS	positive	ST003027_targeted_LCMS_combined_modes	AN004962__6	1	TRUE	0.0189709898796636	0.28264289312309	scale sensitivity; rank-based Wilcoxon is invariant and used for upgrade	0.490423614554118	higher_in_early_ESCC
ST003027	AN004962	targeted LC-MS	positive	ST003027_targeted_LCMS_combined_modes	AN004962__25	1	TRUE	-0.106259922345174	0.281562762320335	scale sensitivity; rank-based Wilcoxon is invariant and used for upgrade	0.490423614554118	lower_in_early_ESCC
ST003027	AN004962	targeted LC-MS	positive	ST003027_targeted_LCMS_combined_modes	AN004962__212	1	TRUE	-0.00183984118723925	0.281105518989991	scale sensitivity; rank-based Wilcoxon is invariant and used for upgrade	0.490423614554118	lower_in_early_ESCC
ST003027	AN004962	targeted LC-MS	positive	ST003027_targeted_LCMS_combined_modes	AN004962__148	1	TRUE	0.00846011109479089	0.286157514533997	scale sensitivity; rank-based Wilcoxon is invariant and used for upgrade	0.491050072765815	higher_in_early_ESCC
ST003027	AN004962	targeted LC-MS	positive	ST003027_targeted_LCMS_combined_modes	AN004962__259	1	TRUE	0.00232395376321227	0.287593189034184	scale sensitivity; rank-based Wilcoxon is invariant and used for upgrade	0.491050072765815	higher_in_early_ESCC
ST003027	AN004963	targeted LC-MS	negative	ST003027_targeted_LCMS_combined_modes	AN004963__43	1	TRUE	0.112011083649731	0.285558016491564	scale sensitivity; rank-based Wilcoxon is invariant and used for upgrade	0.491050072765815	higher_in_early_ESCC
ST003027	AN004962	targeted LC-MS	positive	ST003027_targeted_LCMS_combined_modes	AN004962__22	1	TRUE	0.139063271653809	0.292690335442644	scale sensitivity; rank-based Wilcoxon is invariant and used for upgrade	0.497108982418459	higher_in_early_ESCC
ST003027	AN004962	targeted LC-MS	positive	ST003027_targeted_LCMS_combined_modes	AN004962__56	1	TRUE	0.131879839684865	0.295952325385504	scale sensitivity; rank-based Wilcoxon is invariant and used for upgrade	0.497947260455949	higher_in_early_ESCC
ST003027	AN004963	targeted LC-MS	negative	ST003027_targeted_LCMS_combined_modes	AN004963__186	1	TRUE	0.029775269864077	0.297400444228835	scale sensitivity; rank-based Wilcoxon is invariant and used for upgrade	0.497947260455949	higher_in_early_ESCC
ST003027	AN004963	targeted LC-MS	negative	ST003027_targeted_LCMS_combined_modes	AN004963__206	1	TRUE	-0.0195209433947096	0.297837613730661	scale sensitivity; rank-based Wilcoxon is invariant and used for upgrade	0.497947260455949	lower_in_early_ESCC
ST003027	AN004963	targeted LC-MS	negative	ST003027_targeted_LCMS_combined_modes	AN004963__121	1	TRUE	0.0102471393900675	0.306520812907481	scale sensitivity; rank-based Wilcoxon is invariant and used for upgrade	0.509809227685499	higher_in_early_ESCC
ST003027	AN004962	targeted LC-MS	positive	ST003027_targeted_LCMS_combined_modes	AN004962__78	1	TRUE	0.0225678952889491	0.337655442181405	scale sensitivity; rank-based Wilcoxon is invariant and used for upgrade	0.558697922372325	higher_in_early_ESCC
ST003027	AN004963	targeted LC-MS	negative	ST003027_targeted_LCMS_combined_modes	AN004963__109	1	TRUE	0.121920185110301	0.350706953063668	scale sensitivity; rank-based Wilcoxon is invariant and used for upgrade	0.577317599658654	higher_in_early_ESCC
ST003027	AN004963	targeted LC-MS	negative	ST003027_targeted_LCMS_combined_modes	AN004963__154	1	TRUE	-0.135677478263274	0.354816977323895	scale sensitivity; rank-based Wilcoxon is invariant and used for upgrade	0.58110331490291	lower_in_early_ESCC
ST003027	AN004962	targeted LC-MS	positive	ST003027_targeted_LCMS_combined_modes	AN004962__132	1	TRUE	0.00201132931153758	0.373966172683546	scale sensitivity; rank-based Wilcoxon is invariant and used for upgrade	0.606278492077871	higher_in_early_ESCC
ST003027	AN004963	targeted LC-MS	negative	ST003027_targeted_LCMS_combined_modes	AN004963__159	1	TRUE	-0.193779245755022	0.373674456752291	scale sensitivity; rank-based Wilcoxon is invariant and used for upgrade	0.606278492077871	lower_in_early_ESCC
ST003027	AN004962	targeted LC-MS	positive	ST003027_targeted_LCMS_combined_modes	AN004962__28	1	TRUE	0.0735586398811878	0.382119070464823	scale sensitivity; rank-based Wilcoxon is invariant and used for upgrade	0.6152040364424	higher_in_early_ESCC
ST003027	AN004962	targeted LC-MS	positive	ST003027_targeted_LCMS_combined_modes	AN004962__91	1	TRUE	0.0419402902852073	0.385221219080755	scale sensitivity; rank-based Wilcoxon is invariant and used for upgrade	0.6152040364424	higher_in_early_ESCC
ST003027	AN004963	targeted LC-MS	negative	ST003027_targeted_LCMS_combined_modes	AN004963__172	1	TRUE	0.00751407610487528	0.384212948436508	scale sensitivity; rank-based Wilcoxon is invariant and used for upgrade	0.6152040364424	higher_in_early_ESCC
ST003027	AN004963	targeted LC-MS	negative	ST003027_targeted_LCMS_combined_modes	AN004963__56	1	TRUE	0.0800590505199299	0.402178715810922	scale sensitivity; rank-based Wilcoxon is invariant and used for upgrade	0.639105781065871	higher_in_early_ESCC
ST003027	AN004962	targeted LC-MS	positive	ST003027_targeted_LCMS_combined_modes	AN004962__222	1	TRUE	0.00132011043005546	0.405848688740586	scale sensitivity; rank-based Wilcoxon is invariant and used for upgrade	0.641760734412454	higher_in_early_ESCC
ST003027	AN004962	targeted LC-MS	positive	ST003027_targeted_LCMS_combined_modes	AN004962__131	1	TRUE	-0.0146105671300957	0.42024854365298	scale sensitivity; rank-based Wilcoxon is invariant and used for upgrade	0.661273443689248	lower_in_early_ESCC
ST003027	AN004963	targeted LC-MS	negative	ST003027_targeted_LCMS_combined_modes	AN004963__51	1	TRUE	0.00763182662610179	0.424278775410594	scale sensitivity; rank-based Wilcoxon is invariant and used for upgrade	0.664358472716101	higher_in_early_ESCC
ST003027	AN004963	targeted LC-MS	negative	ST003027_targeted_LCMS_combined_modes	AN004963__147	1	TRUE	-0.0218626692189049	0.433258390772236	scale sensitivity; rank-based Wilcoxon is invariant and used for upgrade	0.675125939018872	lower_in_early_ESCC
ST003027	AN004962	targeted LC-MS	positive	ST003027_targeted_LCMS_combined_modes	AN004962__172	1	TRUE	0.00852302591787385	0.442276401479995	scale sensitivity; rank-based Wilcoxon is invariant and used for upgrade	0.685848912439992	higher_in_early_ESCC
ST003027	AN004962	targeted LC-MS	positive	ST003027_targeted_LCMS_combined_modes	AN004962__236	1	TRUE	0.109987959885195	0.447525024966289	scale sensitivity; rank-based Wilcoxon is invariant and used for upgrade	0.690651601029706	higher_in_early_ESCC
ST003027	AN004962	targeted LC-MS	positive	ST003027_targeted_LCMS_combined_modes	AN004962__136	1	TRUE	0.0121176408692611	0.458675327712454	scale sensitivity; rank-based Wilcoxon is invariant and used for upgrade	0.7044726325153	higher_in_early_ESCC
ST003027	AN004963	targeted LC-MS	negative	ST003027_targeted_LCMS_combined_modes	AN004963__163	1	TRUE	0.0709717225854565	0.462725445676788	scale sensitivity; rank-based Wilcoxon is invariant and used for upgrade	0.707308895534518	higher_in_early_ESCC
ST003027	AN004962	targeted LC-MS	positive	ST003027_targeted_LCMS_combined_modes	AN004962__44	1	TRUE	-0.0435868426189616	0.465157451581738	scale sensitivity; rank-based Wilcoxon is invariant and used for upgrade	0.707656596956103	lower_in_early_ESCC
ST003027	AN004963	targeted LC-MS	negative	ST003027_targeted_LCMS_combined_modes	AN004963__176	1	TRUE	0.012104646950625	0.469688878006541	scale sensitivity; rank-based Wilcoxon is invariant and used for upgrade	0.709262620223286	higher_in_early_ESCC
ST003027	AN004963	targeted LC-MS	negative	ST003027_targeted_LCMS_combined_modes	AN004963__215	1	TRUE	0.11052407292792	0.470632205942554	scale sensitivity; rank-based Wilcoxon is invariant and used for upgrade	0.709262620223286	higher_in_early_ESCC
ST003027	AN004963	targeted LC-MS	negative	ST003027_targeted_LCMS_combined_modes	AN004963__16	1	TRUE	0.0744767225052947	0.478297012724855	scale sensitivity; rank-based Wilcoxon is invariant and used for upgrade	0.717445519087282	higher_in_early_ESCC
ST003027	AN004962	targeted LC-MS	positive	ST003027_targeted_LCMS_combined_modes	AN004962__249	1	TRUE	0.00110229297185484	0.48303749043914	scale sensitivity; rank-based Wilcoxon is invariant and used for upgrade	0.721186206655647	higher_in_early_ESCC
ST003027	AN004963	targeted LC-MS	negative	ST003027_targeted_LCMS_combined_modes	AN004963__31	1	TRUE	0.00558318840241352	0.493317602856864	scale sensitivity; rank-based Wilcoxon is invariant and used for upgrade	0.733124770912284	higher_in_early_ESCC
ST003027	AN004963	targeted LC-MS	negative	ST003027_targeted_LCMS_combined_modes	AN004963__50	1	TRUE	-0.0146384216260285	0.505894019225469	scale sensitivity; rank-based Wilcoxon is invariant and used for upgrade	0.748350139038598	lower_in_early_ESCC
ST003027	AN004962	targeted LC-MS	positive	ST003027_targeted_LCMS_combined_modes	AN004962__115	1	TRUE	0.00236909385670173	0.51524714778209	scale sensitivity; rank-based Wilcoxon is invariant and used for upgrade	0.758689607513994	higher_in_early_ESCC
ST003027	AN004963	targeted LC-MS	negative	ST003027_targeted_LCMS_combined_modes	AN004963__170	1	TRUE	0.0725317925676137	0.522803962730636	scale sensitivity; rank-based Wilcoxon is invariant and used for upgrade	0.762818509256974	higher_in_early_ESCC
ST003027	AN004963	targeted LC-MS	negative	ST003027_targeted_LCMS_combined_modes	AN004963__181	1	TRUE	0.00550766112187022	0.520775240561193	scale sensitivity; rank-based Wilcoxon is invariant and used for upgrade	0.762818509256974	higher_in_early_ESCC
ST003027	AN004963	targeted LC-MS	negative	ST003027_targeted_LCMS_combined_modes	AN004963__20	1	TRUE	-0.10935695188137	0.53868022015871	scale sensitivity; rank-based Wilcoxon is invariant and used for upgrade	0.775409644264331	lower_in_early_ESCC
ST003027	AN004963	targeted LC-MS	negative	ST003027_targeted_LCMS_combined_modes	AN004963__33	1	TRUE	0.0250776685794921	0.536782007649823	scale sensitivity; rank-based Wilcoxon is invariant and used for upgrade	0.775409644264331	higher_in_early_ESCC
ST003027	AN004963	targeted LC-MS	negative	ST003027_targeted_LCMS_combined_modes	AN004963__110	1	TRUE	-0.112914358989189	0.534544254841721	scale sensitivity; rank-based Wilcoxon is invariant and used for upgrade	0.775409644264331	lower_in_early_ESCC
ST003027	AN004963	targeted LC-MS	negative	ST003027_targeted_LCMS_combined_modes	AN004963__190	1	TRUE	0.00478293196579952	0.546824417052271	scale sensitivity; rank-based Wilcoxon is invariant and used for upgrade	0.783618919079371	higher_in_early_ESCC
ST003027	AN004963	targeted LC-MS	negative	ST003027_targeted_LCMS_combined_modes	AN004963__80	1	TRUE	-0.12308104971383	0.55055970735261	scale sensitivity; rank-based Wilcoxon is invariant and used for upgrade	0.785465182489724	lower_in_early_ESCC
ST003027	AN004962	targeted LC-MS	positive	ST003027_targeted_LCMS_combined_modes	AN004962__35	1	TRUE	-0.150767974909618	0.558862871083041	scale sensitivity; rank-based Wilcoxon is invariant and used for upgrade	0.786820094814282	lower_in_early_ESCC
ST003027	AN004963	targeted LC-MS	negative	ST003027_targeted_LCMS_combined_modes	AN004963__84	1	TRUE	0.0885359703320503	0.55404046336921	scale sensitivity; rank-based Wilcoxon is invariant and used for upgrade	0.786820094814282	higher_in_early_ESCC
ST003027	AN004963	targeted LC-MS	negative	ST003027_targeted_LCMS_combined_modes	AN004963__141	1	TRUE	-0.00802334644629115	0.55725062936986	scale sensitivity; rank-based Wilcoxon is invariant and used for upgrade	0.786820094814282	lower_in_early_ESCC
ST003027	AN004962	targeted LC-MS	positive	ST003027_targeted_LCMS_combined_modes	AN004962__11	1	TRUE	-0.0986990710324797	0.564392695072201	scale sensitivity; rank-based Wilcoxon is invariant and used for upgrade	0.789887151226243	lower_in_early_ESCC
ST003027	AN004963	targeted LC-MS	negative	ST003027_targeted_LCMS_combined_modes	AN004963__150	1	TRUE	0.00528377894414049	0.56596275633033	scale sensitivity; rank-based Wilcoxon is invariant and used for upgrade	0.789887151226243	higher_in_early_ESCC
ST003027	AN004962	targeted LC-MS	positive	ST003027_targeted_LCMS_combined_modes	AN004962__64	1	TRUE	0.0717679159239801	0.57367001851302	scale sensitivity; rank-based Wilcoxon is invariant and used for upgrade	0.791022945842108	higher_in_early_ESCC
ST003027	AN004963	targeted LC-MS	negative	ST003027_targeted_LCMS_combined_modes	AN004963__161	1	TRUE	-0.125627110252888	0.574169303368259	scale sensitivity; rank-based Wilcoxon is invariant and used for upgrade	0.791022945842108	lower_in_early_ESCC
ST003027	AN004963	targeted LC-MS	negative	ST003027_targeted_LCMS_combined_modes	AN004963__200	1	TRUE	0.0597599266316975	0.573164934810823	scale sensitivity; rank-based Wilcoxon is invariant and used for upgrade	0.791022945842108	higher_in_early_ESCC
ST003027	AN004963	targeted LC-MS	negative	ST003027_targeted_LCMS_combined_modes	AN004963__7	1	TRUE	0.18406572357021	0.580129496205778	scale sensitivity; rank-based Wilcoxon is invariant and used for upgrade	0.792432205455552	higher_in_early_ESCC
ST003027	AN004963	targeted LC-MS	negative	ST003027_targeted_LCMS_combined_modes	AN004963__155	1	TRUE	-0.0668606033388608	0.578657302725189	scale sensitivity; rank-based Wilcoxon is invariant and used for upgrade	0.792432205455552	lower_in_early_ESCC
ST003027	AN004963	targeted LC-MS	negative	ST003027_targeted_LCMS_combined_modes	AN004963__165	1	TRUE	0.01598171258617	0.590908297678817	scale sensitivity; rank-based Wilcoxon is invariant and used for upgrade	0.80373543879195	higher_in_early_ESCC
ST003027	AN004963	targeted LC-MS	negative	ST003027_targeted_LCMS_combined_modes	AN004963__125	1	TRUE	0.00398184525020288	0.611538171917348	scale sensitivity; rank-based Wilcoxon is invariant and used for upgrade	0.828285878419699	higher_in_early_ESCC
ST003027	AN004962	targeted LC-MS	positive	ST003027_targeted_LCMS_combined_modes	AN004962__240	1	TRUE	0.0628727634823409	0.62036091323425	scale sensitivity; rank-based Wilcoxon is invariant and used for upgrade	0.836705265328547	higher_in_early_ESCC
ST003027	AN004962	targeted LC-MS	positive	ST003027_targeted_LCMS_combined_modes	AN004962__26	1	TRUE	-0.00138116185859199	0.639253717982298	scale sensitivity; rank-based Wilcoxon is invariant and used for upgrade	0.851454122291774	lower_in_early_ESCC
ST003027	AN004963	targeted LC-MS	negative	ST003027_targeted_LCMS_combined_modes	AN004963__198	1	TRUE	-0.0140039153027517	0.636686076905914	scale sensitivity; rank-based Wilcoxon is invariant and used for upgrade	0.851454122291774	lower_in_early_ESCC
ST003027	AN004963	targeted LC-MS	negative	ST003027_targeted_LCMS_combined_modes	AN004963__204	1	TRUE	-0.177489897659192	0.636437074692108	scale sensitivity; rank-based Wilcoxon is invariant and used for upgrade	0.851454122291774	lower_in_early_ESCC
ST003027	AN004962	targeted LC-MS	positive	ST003027_targeted_LCMS_combined_modes	AN004962__63	1	TRUE	0.0185235060059043	0.647401575750454	scale sensitivity; rank-based Wilcoxon is invariant and used for upgrade	0.855209488954304	higher_in_early_ESCC
ST003027	AN004962	targeted LC-MS	positive	ST003027_targeted_LCMS_combined_modes	AN004962__211	1	TRUE	0.0600914239422163	0.645024548990794	scale sensitivity; rank-based Wilcoxon is invariant and used for upgrade	0.855209488954304	higher_in_early_ESCC
ST003027	AN004962	targeted LC-MS	positive	ST003027_targeted_LCMS_combined_modes	AN004962__34	1	TRUE	0.0511248366374891	0.654337870908079	scale sensitivity; rank-based Wilcoxon is invariant and used for upgrade	0.857733073010088	higher_in_early_ESCC
ST003027	AN004962	targeted LC-MS	positive	ST003027_targeted_LCMS_combined_modes	AN004962__152	1	TRUE	0.000653998534947791	0.654656083761594	scale sensitivity; rank-based Wilcoxon is invariant and used for upgrade	0.857733073010088	higher_in_early_ESCC
ST003027	AN004962	targeted LC-MS	positive	ST003027_targeted_LCMS_combined_modes	AN004962__121	1	TRUE	0.0291017597504011	0.65864059655131	scale sensitivity; rank-based Wilcoxon is invariant and used for upgrade	0.85944565647549	higher_in_early_ESCC
ST003027	AN004962	targeted LC-MS	positive	ST003027_targeted_LCMS_combined_modes	AN004962__15	1	TRUE	0.0632937270039417	0.663215164959015	scale sensitivity; rank-based Wilcoxon is invariant and used for upgrade	0.859941773513693	higher_in_early_ESCC
ST003027	AN004963	targeted LC-MS	negative	ST003027_targeted_LCMS_combined_modes	AN004963__67	1	TRUE	0.00333035977197728	0.664378691063539	scale sensitivity; rank-based Wilcoxon is invariant and used for upgrade	0.859941773513693	higher_in_early_ESCC
ST003027	AN004962	targeted LC-MS	positive	ST003027_targeted_LCMS_combined_modes	AN004962__127	1	TRUE	0.0338409608071651	0.670391567904424	scale sensitivity; rank-based Wilcoxon is invariant and used for upgrade	0.864239732117752	higher_in_early_ESCC
ST003027	AN004963	targeted LC-MS	negative	ST003027_targeted_LCMS_combined_modes	AN004963__216	1	TRUE	-0.0264818825212848	0.678900586264319	scale sensitivity; rank-based Wilcoxon is invariant and used for upgrade	0.871708352763385	lower_in_early_ESCC
ST003027	AN004963	targeted LC-MS	negative	ST003027_targeted_LCMS_combined_modes	AN004963__34	1	TRUE	0.0418514944440218	0.686749681827647	scale sensitivity; rank-based Wilcoxon is invariant and used for upgrade	0.878273497476792	higher_in_early_ESCC
ST003027	AN004962	targeted LC-MS	positive	ST003027_targeted_LCMS_combined_modes	AN004962__168	1	TRUE	0.000855363553029171	0.690844528023867	scale sensitivity; rank-based Wilcoxon is invariant and used for upgrade	0.880004339268498	higher_in_early_ESCC
ST003027	AN004962	targeted LC-MS	positive	ST003027_targeted_LCMS_combined_modes	AN004962__100	1	TRUE	0.000519436386993889	0.71888035779007	scale sensitivity; rank-based Wilcoxon is invariant and used for upgrade	0.895873760105223	higher_in_early_ESCC
ST003027	AN004963	targeted LC-MS	negative	ST003027_targeted_LCMS_combined_modes	AN004963__22	1	TRUE	-0.0297205321877975	0.709773649446902	scale sensitivity; rank-based Wilcoxon is invariant and used for upgrade	0.895873760105223	lower_in_early_ESCC
ST003027	AN004963	targeted LC-MS	negative	ST003027_targeted_LCMS_combined_modes	AN004963__23	1	TRUE	-0.0585284073257809	0.706849275526718	scale sensitivity; rank-based Wilcoxon is invariant and used for upgrade	0.895873760105223	lower_in_early_ESCC
ST003027	AN004963	targeted LC-MS	negative	ST003027_targeted_LCMS_combined_modes	AN004963__152	1	TRUE	0.00398409551758557	0.718579020416823	scale sensitivity; rank-based Wilcoxon is invariant and used for upgrade	0.895873760105223	higher_in_early_ESCC
ST003027	AN004963	targeted LC-MS	negative	ST003027_targeted_LCMS_combined_modes	AN004963__202	1	TRUE	-0.00827782639510649	0.720048068869619	scale sensitivity; rank-based Wilcoxon is invariant and used for upgrade	0.895873760105223	lower_in_early_ESCC
ST003027	AN004963	targeted LC-MS	negative	ST003027_targeted_LCMS_combined_modes	AN004963__213	1	TRUE	-0.0635167154653278	0.716960824524965	scale sensitivity; rank-based Wilcoxon is invariant and used for upgrade	0.895873760105223	lower_in_early_ESCC
ST003027	AN004963	targeted LC-MS	negative	ST003027_targeted_LCMS_combined_modes	AN004963__177	1	TRUE	-0.0113870102276068	0.742017470207038	scale sensitivity; rank-based Wilcoxon is invariant and used for upgrade	0.919643273885942	lower_in_early_ESCC
ST003027	AN004963	targeted LC-MS	negative	ST003027_targeted_LCMS_combined_modes	AN004963__13	1	TRUE	0.0105575957935069	0.751922124359879	scale sensitivity; rank-based Wilcoxon is invariant and used for upgrade	0.92833462276739	higher_in_early_ESCC
ST003027	AN004962	targeted LC-MS	positive	ST003027_targeted_LCMS_combined_modes	AN004962__12	1	TRUE	-0.038050115411445	0.768763616980156	scale sensitivity; rank-based Wilcoxon is invariant and used for upgrade	0.932738747639109	lower_in_early_ESCC
ST003027	AN004962	targeted LC-MS	positive	ST003027_targeted_LCMS_combined_modes	AN004962__70	1	TRUE	-0.000815553358433244	0.762163836418517	scale sensitivity; rank-based Wilcoxon is invariant and used for upgrade	0.932738747639109	lower_in_early_ESCC
ST003027	AN004962	targeted LC-MS	positive	ST003027_targeted_LCMS_combined_modes	AN004962__117	1	TRUE	0.00258011903862816	0.770017969234778	scale sensitivity; rank-based Wilcoxon is invariant and used for upgrade	0.932738747639109	higher_in_early_ESCC
ST003027	AN004962	targeted LC-MS	positive	ST003027_targeted_LCMS_combined_modes	AN004962__137	1	TRUE	0.00335811270327558	0.765552014105094	scale sensitivity; rank-based Wilcoxon is invariant and used for upgrade	0.932738747639109	higher_in_early_ESCC
ST003027	AN004963	targeted LC-MS	negative	ST003027_targeted_LCMS_combined_modes	AN004963__6	1	TRUE	0.033690913911943	0.76738719256411	scale sensitivity; rank-based Wilcoxon is invariant and used for upgrade	0.932738747639109	higher_in_early_ESCC
ST003027	AN004962	targeted LC-MS	positive	ST003027_targeted_LCMS_combined_modes	AN004962__57	1	TRUE	-0.0334334656783506	0.79393940576506	scale sensitivity; rank-based Wilcoxon is invariant and used for upgrade	0.950949810636509	lower_in_early_ESCC
ST003027	AN004962	targeted LC-MS	positive	ST003027_targeted_LCMS_combined_modes	AN004962__129	1	TRUE	0.00335036585756475	0.792286943164629	scale sensitivity; rank-based Wilcoxon is invariant and used for upgrade	0.950949810636509	higher_in_early_ESCC
ST003027	AN004963	targeted LC-MS	negative	ST003027_targeted_LCMS_combined_modes	AN004963__45	1	TRUE	-0.00206028158118006	0.788868849422011	scale sensitivity; rank-based Wilcoxon is invariant and used for upgrade	0.950949810636509	lower_in_early_ESCC
ST003027	AN004963	targeted LC-MS	negative	ST003027_targeted_LCMS_combined_modes	AN004963__29	1	TRUE	0.00191343077597921	0.800806363694019	scale sensitivity; rank-based Wilcoxon is invariant and used for upgrade	0.955609080839331	higher_in_early_ESCC
ST003027	AN004962	targeted LC-MS	positive	ST003027_targeted_LCMS_combined_modes	AN004962__101	1	TRUE	0.00075619733490704	0.808351116416848	scale sensitivity; rank-based Wilcoxon is invariant and used for upgrade	0.959628409860508	higher_in_early_ESCC
ST003027	AN004963	targeted LC-MS	negative	ST003027_targeted_LCMS_combined_modes	AN004963__53	1	TRUE	-0.0127604371029912	0.810153579664168	scale sensitivity; rank-based Wilcoxon is invariant and used for upgrade	0.959628409860508	lower_in_early_ESCC
ST003027	AN004963	targeted LC-MS	negative	ST003027_targeted_LCMS_combined_modes	AN004963__9	1	TRUE	0.0219454865557855	0.816354757803562	scale sensitivity; rank-based Wilcoxon is invariant and used for upgrade	0.959889660274518	higher_in_early_ESCC
ST003027	AN004963	targeted LC-MS	negative	ST003027_targeted_LCMS_combined_modes	AN004963__101	1	TRUE	0.00178246267020567	0.816169309174874	scale sensitivity; rank-based Wilcoxon is invariant and used for upgrade	0.959889660274518	higher_in_early_ESCC
ST003027	AN004962	targeted LC-MS	positive	ST003027_targeted_LCMS_combined_modes	AN004962__50	1	TRUE	-0.00521190896424939	0.832863313374349	scale sensitivity; rank-based Wilcoxon is invariant and used for upgrade	0.966145646754881	lower_in_early_ESCC
ST003027	AN004962	targeted LC-MS	positive	ST003027_targeted_LCMS_combined_modes	AN004962__157	1	TRUE	0.0017963172019557	0.836170759780167	scale sensitivity; rank-based Wilcoxon is invariant and used for upgrade	0.966145646754881	higher_in_early_ESCC
ST003027	AN004962	targeted LC-MS	positive	ST003027_targeted_LCMS_combined_modes	AN004962__207	1	TRUE	0.000335429160038939	0.832511725776407	scale sensitivity; rank-based Wilcoxon is invariant and used for upgrade	0.966145646754881	higher_in_early_ESCC
ST003027	AN004962	targeted LC-MS	positive	ST003027_targeted_LCMS_combined_modes	AN004962__269	1	TRUE	-0.000829560584746021	0.839734066805644	scale sensitivity; rank-based Wilcoxon is invariant and used for upgrade	0.966145646754881	lower_in_early_ESCC
ST003027	AN004963	targeted LC-MS	negative	ST003027_targeted_LCMS_combined_modes	AN004963__57	1	TRUE	-0.00311650387659239	0.82682139655871	scale sensitivity; rank-based Wilcoxon is invariant and used for upgrade	0.966145646754881	lower_in_early_ESCC
ST003027	AN004963	targeted LC-MS	negative	ST003027_targeted_LCMS_combined_modes	AN004963__156	1	TRUE	-0.00155409150149062	0.83843710838156	scale sensitivity; rank-based Wilcoxon is invariant and used for upgrade	0.966145646754881	lower_in_early_ESCC
ST003027	AN004963	targeted LC-MS	negative	ST003027_targeted_LCMS_combined_modes	AN004963__104	1	TRUE	-0.00225409788620939	0.844552474746234	scale sensitivity; rank-based Wilcoxon is invariant and used for upgrade	0.96821908711979	lower_in_early_ESCC
ST003027	AN004962	targeted LC-MS	positive	ST003027_targeted_LCMS_combined_modes	AN004962__4	1	TRUE	0.000361282431020231	0.857502360624518	scale sensitivity; rank-based Wilcoxon is invariant and used for upgrade	0.972644020355018	higher_in_early_ESCC
ST003027	AN004963	targeted LC-MS	negative	ST003027_targeted_LCMS_combined_modes	AN004963__12	1	TRUE	-0.0014110529819807	0.852718826834721	scale sensitivity; rank-based Wilcoxon is invariant and used for upgrade	0.972644020355018	lower_in_early_ESCC
ST003027	AN004963	targeted LC-MS	negative	ST003027_targeted_LCMS_combined_modes	AN004963__166	1	TRUE	0.00138438182378616	0.857109201924436	scale sensitivity; rank-based Wilcoxon is invariant and used for upgrade	0.972644020355018	higher_in_early_ESCC
ST003027	AN004962	targeted LC-MS	positive	ST003027_targeted_LCMS_combined_modes	AN004962__76	1	TRUE	0.000242062136746146	0.867143876252614	scale sensitivity; rank-based Wilcoxon is invariant and used for upgrade	0.97523670966574	higher_in_early_ESCC
ST003027	AN004962	targeted LC-MS	positive	ST003027_targeted_LCMS_combined_modes	AN004962__147	1	TRUE	-0.00148018273753253	0.871940609576534	scale sensitivity; rank-based Wilcoxon is invariant and used for upgrade	0.97523670966574	lower_in_early_ESCC
ST003027	AN004962	targeted LC-MS	positive	ST003027_targeted_LCMS_combined_modes	AN004962__221	1	TRUE	-0.022639890088425	0.863656607673663	scale sensitivity; rank-based Wilcoxon is invariant and used for upgrade	0.97523670966574	lower_in_early_ESCC
ST003027	AN004963	targeted LC-MS	negative	ST003027_targeted_LCMS_combined_modes	AN004963__208	1	TRUE	-0.00133427571499802	0.871560347748626	scale sensitivity; rank-based Wilcoxon is invariant and used for upgrade	0.97523670966574	lower_in_early_ESCC
ST003027	AN004962	targeted LC-MS	positive	ST003027_targeted_LCMS_combined_modes	AN004962__153	1	TRUE	-0.00157121853401482	0.887285245824734	scale sensitivity; rank-based Wilcoxon is invariant and used for upgrade	0.978625547606874	lower_in_early_ESCC
ST003027	AN004962	targeted LC-MS	positive	ST003027_targeted_LCMS_combined_modes	AN004962__176	1	TRUE	-0.0229660849269155	0.896311249210034	scale sensitivity; rank-based Wilcoxon is invariant and used for upgrade	0.978625547606874	lower_in_early_ESCC
ST003027	AN004962	targeted LC-MS	positive	ST003027_targeted_LCMS_combined_modes	AN004962__247	1	TRUE	0.0495378481362971	0.890194993062085	scale sensitivity; rank-based Wilcoxon is invariant and used for upgrade	0.978625547606874	higher_in_early_ESCC
ST003027	AN004962	targeted LC-MS	positive	ST003027_targeted_LCMS_combined_modes	AN004962__263	1	TRUE	-0.0242595692446788	0.894207618888493	scale sensitivity; rank-based Wilcoxon is invariant and used for upgrade	0.978625547606874	lower_in_early_ESCC
ST003027	AN004963	targeted LC-MS	negative	ST003027_targeted_LCMS_combined_modes	AN004963__10	1	TRUE	0.0382143641616852	0.882978063968224	scale sensitivity; rank-based Wilcoxon is invariant and used for upgrade	0.978625547606874	higher_in_early_ESCC
ST003027	AN004963	targeted LC-MS	negative	ST003027_targeted_LCMS_combined_modes	AN004963__79	1	TRUE	0.00628549827583869	0.892487665286959	scale sensitivity; rank-based Wilcoxon is invariant and used for upgrade	0.978625547606874	higher_in_early_ESCC
ST003027	AN004963	targeted LC-MS	negative	ST003027_targeted_LCMS_combined_modes	AN004963__210	1	TRUE	-0.0135876537882133	0.882418145697305	scale sensitivity; rank-based Wilcoxon is invariant and used for upgrade	0.978625547606874	lower_in_early_ESCC
ST003027	AN004962	targeted LC-MS	positive	ST003027_targeted_LCMS_combined_modes	AN004962__1	1	TRUE	-0.0105051368046176	0.916961663292935	scale sensitivity; rank-based Wilcoxon is invariant and used for upgrade	0.98894435720384	lower_in_early_ESCC
ST003027	AN004962	targeted LC-MS	positive	ST003027_targeted_LCMS_combined_modes	AN004962__23	1	TRUE	0.000596714652745476	0.929019922107003	scale sensitivity; rank-based Wilcoxon is invariant and used for upgrade	0.98894435720384	higher_in_early_ESCC
ST003027	AN004962	targeted LC-MS	positive	ST003027_targeted_LCMS_combined_modes	AN004962__83	1	TRUE	0.0075272990216595	0.915576941679344	scale sensitivity; rank-based Wilcoxon is invariant and used for upgrade	0.98894435720384	higher_in_early_ESCC
ST003027	AN004962	targeted LC-MS	positive	ST003027_targeted_LCMS_combined_modes	AN004962__223	1	TRUE	-0.000128624484640095	0.930408709892709	scale sensitivity; rank-based Wilcoxon is invariant and used for upgrade	0.98894435720384	lower_in_early_ESCC
ST003027	AN004963	targeted LC-MS	negative	ST003027_targeted_LCMS_combined_modes	AN004963__91	1	TRUE	0.00821552464449926	0.930271748053178	scale sensitivity; rank-based Wilcoxon is invariant and used for upgrade	0.98894435720384	higher_in_early_ESCC
ST003027	AN004963	targeted LC-MS	negative	ST003027_targeted_LCMS_combined_modes	AN004963__119	1	TRUE	-0.00277747670066739	0.928517591816452	scale sensitivity; rank-based Wilcoxon is invariant and used for upgrade	0.98894435720384	lower_in_early_ESCC
ST003027	AN004963	targeted LC-MS	negative	ST003027_targeted_LCMS_combined_modes	AN004963__124	1	TRUE	-0.0058384191331026	0.912156674055058	scale sensitivity; rank-based Wilcoxon is invariant and used for upgrade	0.98894435720384	lower_in_early_ESCC
ST003027	AN004963	targeted LC-MS	negative	ST003027_targeted_LCMS_combined_modes	AN004963__128	1	TRUE	0.000722645707893523	0.929284408567137	scale sensitivity; rank-based Wilcoxon is invariant and used for upgrade	0.98894435720384	higher_in_early_ESCC
ST003027	AN004962	targeted LC-MS	positive	ST003027_targeted_LCMS_combined_modes	AN004962__7	1	TRUE	0.00797363285333097	0.965584987429779	scale sensitivity; rank-based Wilcoxon is invariant and used for upgrade	0.992206479222892	higher_in_early_ESCC
ST003027	AN004962	targeted LC-MS	positive	ST003027_targeted_LCMS_combined_modes	AN004962__90	1	TRUE	-0.00794089598100545	0.965401403581808	scale sensitivity; rank-based Wilcoxon is invariant and used for upgrade	0.992206479222892	lower_in_early_ESCC
ST003027	AN004962	targeted LC-MS	positive	ST003027_targeted_LCMS_combined_modes	AN004962__106	1	TRUE	0.00521044657239111	0.971956631710801	scale sensitivity; rank-based Wilcoxon is invariant and used for upgrade	0.992206479222892	higher_in_early_ESCC
ST003027	AN004962	targeted LC-MS	positive	ST003027_targeted_LCMS_combined_modes	AN004962__130	1	TRUE	-0.00032595065383756	0.941710674055723	scale sensitivity; rank-based Wilcoxon is invariant and used for upgrade	0.992206479222892	lower_in_early_ESCC
ST003027	AN004962	targeted LC-MS	positive	ST003027_targeted_LCMS_combined_modes	AN004962__144	1	TRUE	-0.000775704079122325	0.973660563723398	scale sensitivity; rank-based Wilcoxon is invariant and used for upgrade	0.992206479222892	lower_in_early_ESCC
ST003027	AN004962	targeted LC-MS	positive	ST003027_targeted_LCMS_combined_modes	AN004962__151	1	TRUE	0.000763390870350163	0.963835831716858	scale sensitivity; rank-based Wilcoxon is invariant and used for upgrade	0.992206479222892	higher_in_early_ESCC
ST003027	AN004963	targeted LC-MS	negative	ST003027_targeted_LCMS_combined_modes	AN004963__18	1	TRUE	-0.00250126243371751	0.971518354327613	scale sensitivity; rank-based Wilcoxon is invariant and used for upgrade	0.992206479222892	lower_in_early_ESCC
ST003027	AN004963	targeted LC-MS	negative	ST003027_targeted_LCMS_combined_modes	AN004963__61	1	TRUE	-0.00029518738856253	0.968887402037191	scale sensitivity; rank-based Wilcoxon is invariant and used for upgrade	0.992206479222892	lower_in_early_ESCC
ST003027	AN004963	targeted LC-MS	negative	ST003027_targeted_LCMS_combined_modes	AN004963__81	1	TRUE	-0.0003362590294269	0.972931772500313	scale sensitivity; rank-based Wilcoxon is invariant and used for upgrade	0.992206479222892	lower_in_early_ESCC
ST003027	AN004963	targeted LC-MS	negative	ST003027_targeted_LCMS_combined_modes	AN004963__106	1	TRUE	-0.00165277986247069	0.963898266359874	scale sensitivity; rank-based Wilcoxon is invariant and used for upgrade	0.992206479222892	lower_in_early_ESCC
ST003027	AN004963	targeted LC-MS	negative	ST003027_targeted_LCMS_combined_modes	AN004963__142	1	TRUE	0.000337554765224053	0.964563940092208	scale sensitivity; rank-based Wilcoxon is invariant and used for upgrade	0.992206479222892	higher_in_early_ESCC
ST003027	AN004963	targeted LC-MS	negative	ST003027_targeted_LCMS_combined_modes	AN004963__145	1	TRUE	0.000284995141224422	0.971855187331744	scale sensitivity; rank-based Wilcoxon is invariant and used for upgrade	0.992206479222892	higher_in_early_ESCC
ST003027	AN004963	targeted LC-MS	negative	ST003027_targeted_LCMS_combined_modes	AN004963__212	1	TRUE	-0.000519375740659609	0.967834157239247	scale sensitivity; rank-based Wilcoxon is invariant and used for upgrade	0.992206479222892	lower_in_early_ESCC
ST003027	AN004963	targeted LC-MS	negative	ST003027_targeted_LCMS_combined_modes	AN004963__105	1	TRUE	0.00019924672482476	0.979198222915075	scale sensitivity; rank-based Wilcoxon is invariant and used for upgrade	0.994691865682719	higher_in_early_ESCC
ST003027	AN004962	targeted LC-MS	positive	ST003027_targeted_LCMS_combined_modes	AN004962__187	1	TRUE	-0.000134973587908427	0.9984174109684	scale sensitivity; rank-based Wilcoxon is invariant and used for upgrade	0.999163032343901	lower_in_early_ESCC
ST003027	AN004963	targeted LC-MS	negative	ST003027_targeted_LCMS_combined_modes	AN004963__117	1	TRUE	5.18750307831049e-05	0.994530900101273	scale sensitivity; rank-based Wilcoxon is invariant and used for upgrade	0.999163032343901	higher_in_early_ESCC
ST003027	AN004963	targeted LC-MS	negative	ST003027_targeted_LCMS_combined_modes	AN004963__167	1	TRUE	7.3999993073416e-05	0.992197102190232	scale sensitivity; rank-based Wilcoxon is invariant and used for upgrade	0.999163032343901	higher_in_early_ESCC
ST003027	AN004963	targeted LC-MS	negative	ST003027_targeted_LCMS_combined_modes	AN004963__187	1	TRUE	7.93749392964834e-06	0.999163032343901	scale sensitivity; rank-based Wilcoxon is invariant and used for upgrade	0.999163032343901	higher_in_early_ESCC
ST003027	AN004963	targeted LC-MS	negative	ST003027_targeted_LCMS_combined_modes	AN004963__197	1	TRUE	-0.00147015205160783	0.991793068770946	scale sensitivity; rank-based Wilcoxon is invariant and used for upgrade	0.999163032343901	lower_in_early_ESCC
ST003027	AN004962	targeted LC-MS	positive	ST003027_targeted_LCMS_combined_modes	AN004962__243	10	FALSE	0.590069886300733	1.45389296804667e-10	scale sensitivity; rank-based Wilcoxon is invariant and used for upgrade	4.6669964274298e-08	higher_in_early_ESCC
ST003027	AN004962	targeted LC-MS	positive	ST003027_targeted_LCMS_combined_modes	AN004962__67	10	FALSE	1.42424017973586	2.6930829608766e-09	scale sensitivity; rank-based Wilcoxon is invariant and used for upgrade	4.32239815220695e-07	higher_in_early_ESCC
ST003027	AN004962	targeted LC-MS	positive	ST003027_targeted_LCMS_combined_modes	AN004962__85	10	FALSE	0.552453927231063	1.49633402595363e-08	scale sensitivity; rank-based Wilcoxon is invariant and used for upgrade	1.60107740777038e-06	higher_in_early_ESCC
ST003027	AN004962	targeted LC-MS	positive	ST003027_targeted_LCMS_combined_modes	AN004962__2	10	FALSE	0.770969067454157	2.07074237859002e-08	scale sensitivity; rank-based Wilcoxon is invariant and used for upgrade	1.62275200783907e-06	higher_in_early_ESCC
ST003027	AN004962	targeted LC-MS	positive	ST003027_targeted_LCMS_combined_modes	AN004962__110	10	FALSE	1.4337609110495	2.52765110255307e-08	scale sensitivity; rank-based Wilcoxon is invariant and used for upgrade	1.62275200783907e-06	higher_in_early_ESCC
ST003027	AN004962	targeted LC-MS	positive	ST003027_targeted_LCMS_combined_modes	AN004962__41	10	FALSE	0.86974255218478	8.23139686095242e-08	scale sensitivity; rank-based Wilcoxon is invariant and used for upgrade	3.77468341766532e-06	higher_in_early_ESCC
ST003027	AN004962	targeted LC-MS	positive	ST003027_targeted_LCMS_combined_modes	AN004962__251	10	FALSE	1.38296229792856	7.15994457880498e-08	scale sensitivity; rank-based Wilcoxon is invariant and used for upgrade	3.77468341766532e-06	higher_in_early_ESCC
ST003027	AN004963	targeted LC-MS	negative	ST003027_targeted_LCMS_combined_modes	AN004963__148	10	FALSE	0.490877808828281	1.1911437310381e-07	scale sensitivity; rank-based Wilcoxon is invariant and used for upgrade	4.77946422079038e-06	higher_in_early_ESCC
ST003027	AN004963	targeted LC-MS	negative	ST003027_targeted_LCMS_combined_modes	AN004963__28	10	FALSE	-1.18856021716847	1.51793622671816e-07	scale sensitivity; rank-based Wilcoxon is invariant and used for upgrade	5.41397254196143e-06	lower_in_early_ESCC
ST003027	AN004963	targeted LC-MS	negative	ST003027_targeted_LCMS_combined_modes	AN004963__39	10	FALSE	-1.11685181959081	3.40901098575333e-07	scale sensitivity; rank-based Wilcoxon is invariant and used for upgrade	1.09429252642682e-05	lower_in_early_ESCC
ST003027	AN004962	targeted LC-MS	positive	ST003027_targeted_LCMS_combined_modes	AN004962__59	10	FALSE	0.713506406294814	4.6218372196919e-07	scale sensitivity; rank-based Wilcoxon is invariant and used for upgrade	1.14123826732392e-05	higher_in_early_ESCC
ST003027	AN004962	targeted LC-MS	positive	ST003027_targeted_LCMS_combined_modes	AN004962__82	10	FALSE	0.725324594062486	4.38328242847046e-07	scale sensitivity; rank-based Wilcoxon is invariant and used for upgrade	1.14123826732392e-05	higher_in_early_ESCC
ST003027	AN004963	targeted LC-MS	negative	ST003027_targeted_LCMS_combined_modes	AN004963__127	10	FALSE	0.499612322776063	3.9282521974419e-07	scale sensitivity; rank-based Wilcoxon is invariant and used for upgrade	1.14123826732392e-05	higher_in_early_ESCC
ST003027	AN004962	targeted LC-MS	positive	ST003027_targeted_LCMS_combined_modes	AN004962__174	10	FALSE	1.48688579586872	6.64381504621152e-07	scale sensitivity; rank-based Wilcoxon is invariant and used for upgrade	1.52333187845278e-05	higher_in_early_ESCC
ST003027	AN004963	targeted LC-MS	negative	ST003027_targeted_LCMS_combined_modes	AN004963__27	10	FALSE	-0.627280226869744	1.92484524519533e-06	scale sensitivity; rank-based Wilcoxon is invariant and used for upgrade	4.11916882471801e-05	lower_in_early_ESCC
ST003027	AN004962	targeted LC-MS	positive	ST003027_targeted_LCMS_combined_modes	AN004962__52	10	FALSE	1.13063091554143	2.17100613043548e-06	scale sensitivity; rank-based Wilcoxon is invariant and used for upgrade	4.35558104918618e-05	higher_in_early_ESCC
ST003027	AN004963	targeted LC-MS	negative	ST003027_targeted_LCMS_combined_modes	AN004963__207	10	FALSE	-1.4631608687166	2.73056163569342e-06	scale sensitivity; rank-based Wilcoxon is invariant and used for upgrade	5.15594285327992e-05	lower_in_early_ESCC
ST003027	AN004962	targeted LC-MS	positive	ST003027_targeted_LCMS_combined_modes	AN004962__17	10	FALSE	0.363219629149404	3.23524523387068e-06	scale sensitivity; rank-based Wilcoxon is invariant and used for upgrade	5.76952066706937e-05	higher_in_early_ESCC
ST003027	AN004962	targeted LC-MS	positive	ST003027_targeted_LCMS_combined_modes	AN004962__95	10	FALSE	0.300494498990675	6.28513601915466e-06	scale sensitivity; rank-based Wilcoxon is invariant and used for upgrade	0.000106185719060455	higher_in_early_ESCC
ST003027	AN004962	targeted LC-MS	positive	ST003027_targeted_LCMS_combined_modes	AN004962__31	10	FALSE	0.772585086776081	9.59440008190771e-06	scale sensitivity; rank-based Wilcoxon is invariant and used for upgrade	0.000153990121314619	higher_in_early_ESCC
ST003027	AN004962	targeted LC-MS	positive	ST003027_targeted_LCMS_combined_modes	AN004962__29	10	FALSE	0.656011618057698	1.74761937520371e-05	scale sensitivity; rank-based Wilcoxon is invariant and used for upgrade	0.000267136104495424	higher_in_early_ESCC
ST003027	AN004963	targeted LC-MS	negative	ST003027_targeted_LCMS_combined_modes	AN004963__173	10	FALSE	1.16488190413776	1.88840758157969e-05	scale sensitivity; rank-based Wilcoxon is invariant and used for upgrade	0.000275535833494128	higher_in_early_ESCC
ST003027	AN004962	targeted LC-MS	positive	ST003027_targeted_LCMS_combined_modes	AN004962__183	10	FALSE	1.50669480990566	2.25838142220977e-05	scale sensitivity; rank-based Wilcoxon is invariant and used for upgrade	0.000309539484309478	higher_in_early_ESCC
ST003027	AN004962	targeted LC-MS	positive	ST003027_targeted_LCMS_combined_modes	AN004962__228	10	FALSE	0.572532076110338	2.31431390137927e-05	scale sensitivity; rank-based Wilcoxon is invariant and used for upgrade	0.000309539484309478	higher_in_early_ESCC
ST003027	AN004962	targeted LC-MS	positive	ST003027_targeted_LCMS_combined_modes	AN004962__112	10	FALSE	0.14726839827321	2.43096398418714e-05	scale sensitivity; rank-based Wilcoxon is invariant and used for upgrade	0.000312135775569629	higher_in_early_ESCC
ST003027	AN004962	targeted LC-MS	positive	ST003027_targeted_LCMS_combined_modes	AN004962__184	10	FALSE	2.04208040831666	2.59200514396486e-05	scale sensitivity; rank-based Wilcoxon is invariant and used for upgrade	0.000318295590091106	higher_in_early_ESCC
ST003027	AN004963	targeted LC-MS	negative	ST003027_targeted_LCMS_combined_modes	AN004963__92	10	FALSE	-1.05812376454071	2.67725262693453e-05	scale sensitivity; rank-based Wilcoxon is invariant and used for upgrade	0.000318295590091106	lower_in_early_ESCC
ST003027	AN004962	targeted LC-MS	positive	ST003027_targeted_LCMS_combined_modes	AN004962__107	10	FALSE	0.32452066755214	3.03924227087066e-05	scale sensitivity; rank-based Wilcoxon is invariant and used for upgrade	0.000348427417481958	higher_in_early_ESCC
ST003027	AN004963	targeted LC-MS	negative	ST003027_targeted_LCMS_combined_modes	AN004963__86	10	FALSE	1.26048080032615	3.2791774288163e-05	scale sensitivity; rank-based Wilcoxon is invariant and used for upgrade	0.000362971018844839	higher_in_early_ESCC
ST003027	AN004963	targeted LC-MS	negative	ST003027_targeted_LCMS_combined_modes	AN004963__69	10	FALSE	0.638533357311276	3.45829170558496e-05	scale sensitivity; rank-based Wilcoxon is invariant and used for upgrade	0.000369974723650975	higher_in_early_ESCC
ST003027	AN004963	targeted LC-MS	negative	ST003027_targeted_LCMS_combined_modes	AN004963__168	10	FALSE	0.822622860170932	3.57296462092842e-05	scale sensitivity; rank-based Wilcoxon is invariant and used for upgrade	0.000369974723650975	higher_in_early_ESCC
ST003027	AN004963	targeted LC-MS	negative	ST003027_targeted_LCMS_combined_modes	AN004963__199	10	FALSE	-0.968192892418675	3.96091357838682e-05	scale sensitivity; rank-based Wilcoxon is invariant and used for upgrade	0.000397329143331928	lower_in_early_ESCC
ST003027	AN004963	targeted LC-MS	negative	ST003027_targeted_LCMS_combined_modes	AN004963__122	10	FALSE	0.374058202751387	4.33997751807376e-05	scale sensitivity; rank-based Wilcoxon is invariant and used for upgrade	0.000422161449485356	higher_in_early_ESCC
ST003027	AN004962	targeted LC-MS	positive	ST003027_targeted_LCMS_combined_modes	AN004962__98	10	FALSE	0.97999850515962	5.332045338071e-05	scale sensitivity; rank-based Wilcoxon is invariant and used for upgrade	0.000489024729577369	higher_in_early_ESCC
ST003027	AN004962	targeted LC-MS	positive	ST003027_targeted_LCMS_combined_modes	AN004962__255	10	FALSE	0.390396780124475	5.28608484400173e-05	scale sensitivity; rank-based Wilcoxon is invariant and used for upgrade	0.000489024729577369	higher_in_early_ESCC
ST003027	AN004962	targeted LC-MS	positive	ST003027_targeted_LCMS_combined_modes	AN004962__54	10	FALSE	0.585604363462047	6.98826150446906e-05	scale sensitivity; rank-based Wilcoxon is invariant and used for upgrade	0.000623119984148491	higher_in_early_ESCC
ST003027	AN004963	targeted LC-MS	negative	ST003027_targeted_LCMS_combined_modes	AN004963__222	10	FALSE	0.361987000838717	7.33676888202264e-05	scale sensitivity; rank-based Wilcoxon is invariant and used for upgrade	0.00063651427327818	higher_in_early_ESCC
ST003027	AN004962	targeted LC-MS	positive	ST003027_targeted_LCMS_combined_modes	AN004962__21	10	FALSE	-1.29178528251293	9.43384862809107e-05	scale sensitivity; rank-based Wilcoxon is invariant and used for upgrade	0.000796911949899272	lower_in_early_ESCC
ST003027	AN004962	targeted LC-MS	positive	ST003027_targeted_LCMS_combined_modes	AN004962__253	10	FALSE	1.07353011252363	0.000100309750184156	scale sensitivity; rank-based Wilcoxon is invariant and used for upgrade	0.0008256264053619	higher_in_early_ESCC
ST003027	AN004962	targeted LC-MS	positive	ST003027_targeted_LCMS_combined_modes	AN004962__252	10	FALSE	0.474054659363305	0.000121586998377508	scale sensitivity; rank-based Wilcoxon is invariant and used for upgrade	0.000975735661979504	higher_in_early_ESCC
ST003027	AN004962	targeted LC-MS	positive	ST003027_targeted_LCMS_combined_modes	AN004962__258	10	FALSE	0.250446187425835	0.000132084488028902	scale sensitivity; rank-based Wilcoxon is invariant and used for upgrade	0.00103412489407994	higher_in_early_ESCC
ST003027	AN004962	targeted LC-MS	positive	ST003027_targeted_LCMS_combined_modes	AN004962__229	10	FALSE	0.104502141884029	0.000196118400778354	scale sensitivity; rank-based Wilcoxon is invariant and used for upgrade	0.00149890492023456	higher_in_early_ESCC
ST003027	AN004963	targeted LC-MS	negative	ST003027_targeted_LCMS_combined_modes	AN004963__95	10	FALSE	-1.28942432839931	0.000202535019206671	scale sensitivity; rank-based Wilcoxon is invariant and used for upgrade	0.00151194746896143	lower_in_early_ESCC
ST003027	AN004962	targeted LC-MS	positive	ST003027_targeted_LCMS_combined_modes	AN004962__8	10	FALSE	0.262662857120374	0.000227674347288819	scale sensitivity; rank-based Wilcoxon is invariant and used for upgrade	0.00161673720718648	higher_in_early_ESCC
ST003027	AN004962	targeted LC-MS	positive	ST003027_targeted_LCMS_combined_modes	AN004962__75	10	FALSE	0.371551383206612	0.000232718151611685	scale sensitivity; rank-based Wilcoxon is invariant and used for upgrade	0.00161673720718648	higher_in_early_ESCC
ST003027	AN004962	targeted LC-MS	positive	ST003027_targeted_LCMS_combined_modes	AN004962__88	10	FALSE	0.485273474927776	0.000226084010506674	scale sensitivity; rank-based Wilcoxon is invariant and used for upgrade	0.00161673720718648	higher_in_early_ESCC
ST003027	AN004963	targeted LC-MS	negative	ST003027_targeted_LCMS_combined_modes	AN004963__32	10	FALSE	0.400006558235834	0.000241755096401717	scale sensitivity; rank-based Wilcoxon is invariant and used for upgrade	0.00161673720718648	higher_in_early_ESCC
ST003027	AN004963	targeted LC-MS	negative	ST003027_targeted_LCMS_combined_modes	AN004963__54	10	FALSE	-0.480011768953391	0.000240836092468909	scale sensitivity; rank-based Wilcoxon is invariant and used for upgrade	0.00161673720718648	lower_in_early_ESCC
ST003027	AN004963	targeted LC-MS	negative	ST003027_targeted_LCMS_combined_modes	AN004963__179	10	FALSE	-0.26261608347384	0.000255107031661822	scale sensitivity; rank-based Wilcoxon is invariant and used for upgrade	0.00167121137068255	lower_in_early_ESCC
ST003027	AN004962	targeted LC-MS	positive	ST003027_targeted_LCMS_combined_modes	AN004962__66	10	FALSE	0.354504961265599	0.00028122748940395	scale sensitivity; rank-based Wilcoxon is invariant and used for upgrade	0.00173603892497438	higher_in_early_ESCC
ST003027	AN004962	targeted LC-MS	positive	ST003027_targeted_LCMS_combined_modes	AN004962__260	10	FALSE	0.571616892330078	0.00027304003033885	scale sensitivity; rank-based Wilcoxon is invariant and used for upgrade	0.00173603892497438	higher_in_early_ESCC
ST003027	AN004963	targeted LC-MS	negative	ST003027_targeted_LCMS_combined_modes	AN004963__211	10	FALSE	-1.00297112875336	0.000276086791297028	scale sensitivity; rank-based Wilcoxon is invariant and used for upgrade	0.00173603892497438	lower_in_early_ESCC
ST003027	AN004962	targeted LC-MS	positive	ST003027_targeted_LCMS_combined_modes	AN004962__209	10	FALSE	0.0780548596682508	0.000320443197163636	scale sensitivity; rank-based Wilcoxon is invariant and used for upgrade	0.00187022302344595	higher_in_early_ESCC
ST003027	AN004963	targeted LC-MS	negative	ST003027_targeted_LCMS_combined_modes	AN004963__78	10	FALSE	0.305724438011954	0.000309467005852941	scale sensitivity; rank-based Wilcoxon is invariant and used for upgrade	0.00187022302344595	higher_in_early_ESCC
ST003027	AN004963	targeted LC-MS	negative	ST003027_targeted_LCMS_combined_modes	AN004963__118	10	FALSE	0.644669830715546	0.000320306564330039	scale sensitivity; rank-based Wilcoxon is invariant and used for upgrade	0.00187022302344595	higher_in_early_ESCC
ST003027	AN004962	targeted LC-MS	positive	ST003027_targeted_LCMS_combined_modes	AN004962__47	10	FALSE	-0.334198473492072	0.000387231479793306	scale sensitivity; rank-based Wilcoxon is invariant and used for upgrade	0.00221966616095806	lower_in_early_ESCC
ST003027	AN004962	targeted LC-MS	positive	ST003027_targeted_LCMS_combined_modes	AN004962__114	10	FALSE	0.694736695667063	0.000496983106974978	scale sensitivity; rank-based Wilcoxon is invariant and used for upgrade	0.00276598760326852	higher_in_early_ESCC
ST003027	AN004963	targeted LC-MS	negative	ST003027_targeted_LCMS_combined_modes	AN004963__107	10	FALSE	0.415703794665815	0.000499773461026712	scale sensitivity; rank-based Wilcoxon is invariant and used for upgrade	0.00276598760326852	higher_in_early_ESCC
ST003027	AN004962	targeted LC-MS	positive	ST003027_targeted_LCMS_combined_modes	AN004962__218	10	FALSE	0.590921797760092	0.000549521534560504	scale sensitivity; rank-based Wilcoxon is invariant and used for upgrade	0.00298976970498172	higher_in_early_ESCC
ST003027	AN004963	targeted LC-MS	negative	ST003027_targeted_LCMS_combined_modes	AN004963__191	10	FALSE	-0.709390342505382	0.000693487319444217	scale sensitivity; rank-based Wilcoxon is invariant and used for upgrade	0.00371015715902656	lower_in_early_ESCC
ST003027	AN004963	targeted LC-MS	negative	ST003027_targeted_LCMS_combined_modes	AN004963__171	10	FALSE	0.274617873703015	0.000741638766596748	scale sensitivity; rank-based Wilcoxon is invariant and used for upgrade	0.0039027220340583	higher_in_early_ESCC
ST003027	AN004963	targeted LC-MS	negative	ST003027_targeted_LCMS_combined_modes	AN004963__221	10	FALSE	-1.00346876061814	0.00075661010282872	scale sensitivity; rank-based Wilcoxon is invariant and used for upgrade	0.00391728779045192	lower_in_early_ESCC
ST003027	AN004962	targeted LC-MS	positive	ST003027_targeted_LCMS_combined_modes	AN004962__37	10	FALSE	0.398234626169621	0.000819395504866414	scale sensitivity; rank-based Wilcoxon is invariant and used for upgrade	0.0041750151914622	higher_in_early_ESCC
ST003027	AN004962	targeted LC-MS	positive	ST003027_targeted_LCMS_combined_modes	AN004962__217	10	FALSE	0.237458631045128	0.000855356874388554	scale sensitivity; rank-based Wilcoxon is invariant and used for upgrade	0.00429014932310509	higher_in_early_ESCC
ST003027	AN004962	targeted LC-MS	positive	ST003027_targeted_LCMS_combined_modes	AN004962__165	10	FALSE	0.398243734992606	0.000943674556120557	scale sensitivity; rank-based Wilcoxon is invariant and used for upgrade	0.00458968988658634	higher_in_early_ESCC
ST003027	AN004962	targeted LC-MS	positive	ST003027_targeted_LCMS_combined_modes	AN004962__244	10	FALSE	0.219873703420606	0.000929995481445167	scale sensitivity; rank-based Wilcoxon is invariant and used for upgrade	0.00458968988658634	higher_in_early_ESCC
ST003027	AN004963	targeted LC-MS	negative	ST003027_targeted_LCMS_combined_modes	AN004963__126	10	FALSE	0.348758040481985	0.00105737625041253	scale sensitivity; rank-based Wilcoxon is invariant and used for upgrade	0.00506593696093168	higher_in_early_ESCC
ST003027	AN004962	targeted LC-MS	positive	ST003027_targeted_LCMS_combined_modes	AN004962__167	10	FALSE	0.289276342117979	0.00114422504788955	scale sensitivity; rank-based Wilcoxon is invariant and used for upgrade	0.00540141529959628	higher_in_early_ESCC
ST003027	AN004962	targeted LC-MS	positive	ST003027_targeted_LCMS_combined_modes	AN004962__239	10	FALSE	0.0723833580424031	0.00151021381216731	scale sensitivity; rank-based Wilcoxon is invariant and used for upgrade	0.00702577730008269	higher_in_early_ESCC
ST003027	AN004962	targeted LC-MS	positive	ST003027_targeted_LCMS_combined_modes	AN004962__113	10	FALSE	0.393292216175458	0.0016535415364758	scale sensitivity; rank-based Wilcoxon is invariant and used for upgrade	0.00758266904583901	higher_in_early_ESCC
ST003027	AN004962	targeted LC-MS	positive	ST003027_targeted_LCMS_combined_modes	AN004962__140	10	FALSE	0.37150141331759	0.0017438005743615	scale sensitivity; rank-based Wilcoxon is invariant and used for upgrade	0.00788394344183156	higher_in_early_ESCC
ST003027	AN004962	targeted LC-MS	positive	ST003027_targeted_LCMS_combined_modes	AN004962__103	10	FALSE	0.606152420582409	0.00185123434318749	scale sensitivity; rank-based Wilcoxon is invariant and used for upgrade	0.00825341978004422	higher_in_early_ESCC
ST003027	AN004963	targeted LC-MS	negative	ST003027_targeted_LCMS_combined_modes	AN004963__185	10	FALSE	0.792299262746777	0.00195680784311865	scale sensitivity; rank-based Wilcoxon is invariant and used for upgrade	0.00860459339234365	higher_in_early_ESCC
ST003027	AN004962	targeted LC-MS	positive	ST003027_targeted_LCMS_combined_modes	AN004962__204	10	FALSE	0.681401091604671	0.00205457015338817	scale sensitivity; rank-based Wilcoxon is invariant and used for upgrade	0.0089123921518595	higher_in_early_ESCC
ST003027	AN004962	targeted LC-MS	positive	ST003027_targeted_LCMS_combined_modes	AN004962__149	10	FALSE	-0.42693454949209	0.002198604290857	scale sensitivity; rank-based Wilcoxon is invariant and used for upgrade	0.00941002636486797	lower_in_early_ESCC
ST003027	AN004962	targeted LC-MS	positive	ST003027_targeted_LCMS_combined_modes	AN004962__3	10	FALSE	0.143948708315461	0.00237599762565901	scale sensitivity; rank-based Wilcoxon is invariant and used for upgrade	0.010035463655744	higher_in_early_ESCC
ST003027	AN004963	targeted LC-MS	negative	ST003027_targeted_LCMS_combined_modes	AN004963__135	10	FALSE	0.905160263856149	0.00256967295345137	scale sensitivity; rank-based Wilcoxon is invariant and used for upgrade	0.0107125327020505	higher_in_early_ESCC
ST003027	AN004963	targeted LC-MS	negative	ST003027_targeted_LCMS_combined_modes	AN004963__114	10	FALSE	-1.04463914358834	0.00272753794817194	scale sensitivity; rank-based Wilcoxon is invariant and used for upgrade	0.0112248677097845	lower_in_early_ESCC
ST003027	AN004963	targeted LC-MS	negative	ST003027_targeted_LCMS_combined_modes	AN004963__19	10	FALSE	-0.795866675318498	0.00282903387143299	scale sensitivity; rank-based Wilcoxon is invariant and used for upgrade	0.0114951882624049	lower_in_early_ESCC
ST003027	AN004963	targeted LC-MS	negative	ST003027_targeted_LCMS_combined_modes	AN004963__129	10	FALSE	-0.466374943343638	0.00286984312591604	scale sensitivity; rank-based Wilcoxon is invariant and used for upgrade	0.0115152455427381	lower_in_early_ESCC
ST003027	AN004962	targeted LC-MS	positive	ST003027_targeted_LCMS_combined_modes	AN004962__227	10	FALSE	-0.648512119869477	0.00293206862448152	scale sensitivity; rank-based Wilcoxon is invariant and used for upgrade	0.011619679363686	lower_in_early_ESCC
ST003027	AN004962	targeted LC-MS	positive	ST003027_targeted_LCMS_combined_modes	AN004962__108	10	FALSE	-0.754341354739236	0.00320225959490089	scale sensitivity; rank-based Wilcoxon is invariant and used for upgrade	0.0120932391760375	lower_in_early_ESCC
ST003027	AN004962	targeted LC-MS	positive	ST003027_targeted_LCMS_combined_modes	AN004962__191	10	FALSE	0.140249468039411	0.00309603716819481	scale sensitivity; rank-based Wilcoxon is invariant and used for upgrade	0.0120932391760375	higher_in_early_ESCC
ST003027	AN004963	targeted LC-MS	negative	ST003027_targeted_LCMS_combined_modes	AN004963__3	10	FALSE	-0.748099122319914	0.00319132423602102	scale sensitivity; rank-based Wilcoxon is invariant and used for upgrade	0.0120932391760375	lower_in_early_ESCC
ST003027	AN004963	targeted LC-MS	negative	ST003027_targeted_LCMS_combined_modes	AN004963__180	10	FALSE	0.111271222854109	0.00316363524428031	scale sensitivity; rank-based Wilcoxon is invariant and used for upgrade	0.0120932391760375	higher_in_early_ESCC
ST003027	AN004963	targeted LC-MS	negative	ST003027_targeted_LCMS_combined_modes	AN004963__115	10	FALSE	-0.28502060706987	0.00342656661370552	scale sensitivity; rank-based Wilcoxon is invariant and used for upgrade	0.012789859104645	lower_in_early_ESCC
ST003027	AN004963	targeted LC-MS	negative	ST003027_targeted_LCMS_combined_modes	AN004963__139	10	FALSE	0.518639263934252	0.00384846316523359	scale sensitivity; rank-based Wilcoxon is invariant and used for upgrade	0.0141995020234481	higher_in_early_ESCC
ST003027	AN004962	targeted LC-MS	positive	ST003027_targeted_LCMS_combined_modes	AN004962__196	10	FALSE	-0.830313192803419	0.00434337368740404	scale sensitivity; rank-based Wilcoxon is invariant and used for upgrade	0.0158434426551897	lower_in_early_ESCC
ST003027	AN004962	targeted LC-MS	positive	ST003027_targeted_LCMS_combined_modes	AN004962__128	10	FALSE	0.376031196034297	0.00442556022835265	scale sensitivity; rank-based Wilcoxon is invariant and used for upgrade	0.0159618520595641	higher_in_early_ESCC
ST003027	AN004962	targeted LC-MS	positive	ST003027_targeted_LCMS_combined_modes	AN004962__246	10	FALSE	0.720921336696281	0.00478619154791074	scale sensitivity; rank-based Wilcoxon is invariant and used for upgrade	0.017070749854215	higher_in_early_ESCC
ST003027	AN004963	targeted LC-MS	negative	ST003027_targeted_LCMS_combined_modes	AN004963__151	10	FALSE	0.267820765600622	0.00486054099498415	scale sensitivity; rank-based Wilcoxon is invariant and used for upgrade	0.0171454248284606	higher_in_early_ESCC
ST003027	AN004963	targeted LC-MS	negative	ST003027_targeted_LCMS_combined_modes	AN004963__217	10	FALSE	0.352899184076466	0.00497894124609184	scale sensitivity; rank-based Wilcoxon is invariant and used for upgrade	0.0173721754347335	higher_in_early_ESCC
ST003027	AN004962	targeted LC-MS	positive	ST003027_targeted_LCMS_combined_modes	AN004962__33	10	FALSE	0.399630015158574	0.00525330819735887	scale sensitivity; rank-based Wilcoxon is invariant and used for upgrade	0.0181323863586258	higher_in_early_ESCC
ST003027	AN004963	targeted LC-MS	negative	ST003027_targeted_LCMS_combined_modes	AN004963__76	10	FALSE	-0.579125223620386	0.00536227888857528	scale sensitivity; rank-based Wilcoxon is invariant and used for upgrade	0.0183116119492837	lower_in_early_ESCC
ST003027	AN004963	targeted LC-MS	negative	ST003027_targeted_LCMS_combined_modes	AN004963__174	10	FALSE	1.44865192762123	0.00583248998791601	scale sensitivity; rank-based Wilcoxon is invariant and used for upgrade	0.0197076766960109	higher_in_early_ESCC
ST003027	AN004962	targeted LC-MS	positive	ST003027_targeted_LCMS_combined_modes	AN004962__214	10	FALSE	0.158471902938722	0.00596769367652423	scale sensitivity; rank-based Wilcoxon is invariant and used for upgrade	0.0199544757308779	higher_in_early_ESCC
ST003027	AN004963	targeted LC-MS	negative	ST003027_targeted_LCMS_combined_modes	AN004963__178	10	FALSE	1.506913326392	0.0065399200481551	scale sensitivity; rank-based Wilcoxon is invariant and used for upgrade	0.0216424158294617	higher_in_early_ESCC
ST003027	AN004963	targeted LC-MS	negative	ST003027_targeted_LCMS_combined_modes	AN004963__218	10	FALSE	0.237598006681975	0.00751238919203837	scale sensitivity; rank-based Wilcoxon is invariant and used for upgrade	0.0246069074555542	higher_in_early_ESCC
ST003027	AN004963	targeted LC-MS	negative	ST003027_targeted_LCMS_combined_modes	AN004963__24	10	FALSE	0.736954871904258	0.00851322938132023	scale sensitivity; rank-based Wilcoxon is invariant and used for upgrade	0.027603501327311	higher_in_early_ESCC
ST003027	AN004962	targeted LC-MS	positive	ST003027_targeted_LCMS_combined_modes	AN004962__189	10	FALSE	-0.588028480435229	0.00873695525952978	scale sensitivity; rank-based Wilcoxon is invariant and used for upgrade	0.0280456263830906	lower_in_early_ESCC
ST003027	AN004962	targeted LC-MS	positive	ST003027_targeted_LCMS_combined_modes	AN004962__242	10	FALSE	-0.714329646351974	0.00893032194180311	scale sensitivity; rank-based Wilcoxon is invariant and used for upgrade	0.0283825083496911	lower_in_early_ESCC
ST003027	AN004963	targeted LC-MS	negative	ST003027_targeted_LCMS_combined_modes	AN004963__49	10	FALSE	-0.302797042901575	0.0100632250453579	scale sensitivity; rank-based Wilcoxon is invariant and used for upgrade	0.0316695611721558	lower_in_early_ESCC
ST003027	AN004962	targeted LC-MS	positive	ST003027_targeted_LCMS_combined_modes	AN004962__65	10	FALSE	0.0473312003775148	0.0107890330694335	scale sensitivity; rank-based Wilcoxon is invariant and used for upgrade	0.0333007655316168	higher_in_early_ESCC
ST003027	AN004962	targeted LC-MS	positive	ST003027_targeted_LCMS_combined_modes	AN004962__126	10	FALSE	0.208756637851858	0.0107536213111894	scale sensitivity; rank-based Wilcoxon is invariant and used for upgrade	0.0333007655316168	higher_in_early_ESCC
ST003027	AN004963	targeted LC-MS	negative	ST003027_targeted_LCMS_combined_modes	AN004963__103	10	FALSE	0.185291471242777	0.0117209830410887	scale sensitivity; rank-based Wilcoxon is invariant and used for upgrade	0.0358327195827569	higher_in_early_ESCC
ST003027	AN004962	targeted LC-MS	positive	ST003027_targeted_LCMS_combined_modes	AN004962__53	10	FALSE	0.235439101587133	0.0118427455126985	scale sensitivity; rank-based Wilcoxon is invariant and used for upgrade	0.0358634085809076	higher_in_early_ESCC
ST003027	AN004962	targeted LC-MS	positive	ST003027_targeted_LCMS_combined_modes	AN004962__61	10	FALSE	0.310027604951119	0.01207305909041	scale sensitivity; rank-based Wilcoxon is invariant and used for upgrade	0.0362191772712301	higher_in_early_ESCC
ST003027	AN004962	targeted LC-MS	positive	ST003027_targeted_LCMS_combined_modes	AN004962__199	10	FALSE	0.245982266949862	0.0122157163861067	scale sensitivity; rank-based Wilcoxon is invariant and used for upgrade	0.0363078237031504	higher_in_early_ESCC
ST003027	AN004962	targeted LC-MS	positive	ST003027_targeted_LCMS_combined_modes	AN004962__42	10	FALSE	0.483511295553307	0.0134986566004091	scale sensitivity; rank-based Wilcoxon is invariant and used for upgrade	0.0397529244837737	higher_in_early_ESCC
ST003027	AN004962	targeted LC-MS	positive	ST003027_targeted_LCMS_combined_modes	AN004962__146	10	FALSE	0.446152782862794	0.0136631779701564	scale sensitivity; rank-based Wilcoxon is invariant and used for upgrade	0.0398716375310927	higher_in_early_ESCC
ST003027	AN004962	targeted LC-MS	positive	ST003027_targeted_LCMS_combined_modes	AN004962__135	10	FALSE	0.188690643332192	0.0147777768458924	scale sensitivity; rank-based Wilcoxon is invariant and used for upgrade	0.0419793483852342	higher_in_early_ESCC
ST003027	AN004962	targeted LC-MS	positive	ST003027_targeted_LCMS_combined_modes	AN004962__141	10	FALSE	0.650426561786144	0.0146661972061194	scale sensitivity; rank-based Wilcoxon is invariant and used for upgrade	0.0419793483852342	higher_in_early_ESCC
ST003027	AN004962	targeted LC-MS	positive	ST003027_targeted_LCMS_combined_modes	AN004962__185	10	FALSE	0.424416194119637	0.0147409366949562	scale sensitivity; rank-based Wilcoxon is invariant and used for upgrade	0.0419793483852342	higher_in_early_ESCC
ST003027	AN004962	targeted LC-MS	positive	ST003027_targeted_LCMS_combined_modes	AN004962__60	10	FALSE	0.264292797395221	0.0161657286505986	scale sensitivity; rank-based Wilcoxon is invariant and used for upgrade	0.0455192885687907	higher_in_early_ESCC
ST003027	AN004963	targeted LC-MS	negative	ST003027_targeted_LCMS_combined_modes	AN004963__93	10	FALSE	0.480552844828478	0.0164873658189307	scale sensitivity; rank-based Wilcoxon is invariant and used for upgrade	0.0460212558945805	higher_in_early_ESCC
ST003027	AN004962	targeted LC-MS	positive	ST003027_targeted_LCMS_combined_modes	AN004962__62	10	FALSE	0.0794050712318737	0.0173019557470437	scale sensitivity; rank-based Wilcoxon is invariant and used for upgrade	0.0474694683316326	higher_in_early_ESCC
ST003027	AN004962	targeted LC-MS	positive	ST003027_targeted_LCMS_combined_modes	AN004962__262	10	FALSE	0.0617525779457435	0.0172651696012066	scale sensitivity; rank-based Wilcoxon is invariant and used for upgrade	0.0474694683316326	higher_in_early_ESCC
ST003027	AN004963	targeted LC-MS	negative	ST003027_targeted_LCMS_combined_modes	AN004963__41	10	FALSE	-0.286516972767145	0.0182575816527262	scale sensitivity; rank-based Wilcoxon is invariant and used for upgrade	0.0496668111061451	lower_in_early_ESCC
ST003027	AN004962	targeted LC-MS	positive	ST003027_targeted_LCMS_combined_modes	AN004962__235	10	FALSE	0.447973593475064	0.0217256391433853	scale sensitivity; rank-based Wilcoxon is invariant and used for upgrade	0.0586044551682915	higher_in_early_ESCC
ST003027	AN004962	targeted LC-MS	positive	ST003027_targeted_LCMS_combined_modes	AN004962__24	10	FALSE	0.243706029328937	0.0235418502803296	scale sensitivity; rank-based Wilcoxon is invariant and used for upgrade	0.0629744494998818	higher_in_early_ESCC
ST003027	AN004962	targeted LC-MS	positive	ST003027_targeted_LCMS_combined_modes	AN004962__194	10	FALSE	-0.792305615873952	0.0257579686576124	scale sensitivity; rank-based Wilcoxon is invariant and used for upgrade	0.0677730158942098	lower_in_early_ESCC
ST003027	AN004963	targeted LC-MS	negative	ST003027_targeted_LCMS_combined_modes	AN004963__8	10	FALSE	-0.401238508058314	0.0256162721657805	scale sensitivity; rank-based Wilcoxon is invariant and used for upgrade	0.0677730158942098	lower_in_early_ESCC
ST003027	AN004963	targeted LC-MS	negative	ST003027_targeted_LCMS_combined_modes	AN004963__77	10	FALSE	0.361360325081215	0.0261654031456177	scale sensitivity; rank-based Wilcoxon is invariant and used for upgrade	0.0682853204044169	higher_in_early_ESCC
ST003027	AN004963	targeted LC-MS	negative	ST003027_targeted_LCMS_combined_modes	AN004963__98	10	FALSE	-0.319085230133359	0.0277129789671888	scale sensitivity; rank-based Wilcoxon is invariant and used for upgrade	0.0717408568424807	lower_in_early_ESCC
ST003027	AN004962	targeted LC-MS	positive	ST003027_targeted_LCMS_combined_modes	AN004962__79	10	FALSE	-0.190365965124504	0.027989583583052	scale sensitivity; rank-based Wilcoxon is invariant and used for upgrade	0.0718772506412776	lower_in_early_ESCC
ST003027	AN004963	targeted LC-MS	negative	ST003027_targeted_LCMS_combined_modes	AN004963__160	10	FALSE	0.135730340731512	0.0287038452754353	scale sensitivity; rank-based Wilcoxon is invariant and used for upgrade	0.073126462963609	higher_in_early_ESCC
ST003027	AN004963	targeted LC-MS	negative	ST003027_targeted_LCMS_combined_modes	AN004963__169	10	FALSE	0.408952103336321	0.031123946856259	scale sensitivity; rank-based Wilcoxon is invariant and used for upgrade	0.0786676137075524	higher_in_early_ESCC
ST003027	AN004962	targeted LC-MS	positive	ST003027_targeted_LCMS_combined_modes	AN004962__219	10	FALSE	0.0789460376368338	0.0325336956369582	scale sensitivity; rank-based Wilcoxon is invariant and used for upgrade	0.0815884085895592	higher_in_early_ESCC
ST003027	AN004962	targeted LC-MS	positive	ST003027_targeted_LCMS_combined_modes	AN004962__237	10	FALSE	0.0308713712638944	0.0331714592259788	scale sensitivity; rank-based Wilcoxon is invariant and used for upgrade	0.0825429334227844	higher_in_early_ESCC
ST003027	AN004963	targeted LC-MS	negative	ST003027_targeted_LCMS_combined_modes	AN004963__175	10	FALSE	-0.435026974769785	0.0366036308542626	scale sensitivity; rank-based Wilcoxon is invariant and used for upgrade	0.0903828115709099	lower_in_early_ESCC
ST003027	AN004962	targeted LC-MS	positive	ST003027_targeted_LCMS_combined_modes	AN004962__216	10	FALSE	-0.591001471123041	0.0374126843253545	scale sensitivity; rank-based Wilcoxon is invariant and used for upgrade	0.0916753562476243	lower_in_early_ESCC
ST003027	AN004962	targeted LC-MS	positive	ST003027_targeted_LCMS_combined_modes	AN004962__254	10	FALSE	-0.108531946432236	0.0395179286639075	scale sensitivity; rank-based Wilcoxon is invariant and used for upgrade	0.0961004174326841	lower_in_early_ESCC
ST003027	AN004962	targeted LC-MS	positive	ST003027_targeted_LCMS_combined_modes	AN004962__232	10	FALSE	0.120319859435717	0.0416216741328327	scale sensitivity; rank-based Wilcoxon is invariant and used for upgrade	0.100455318771724	higher_in_early_ESCC
ST003027	AN004963	targeted LC-MS	negative	ST003027_targeted_LCMS_combined_modes	AN004963__14	10	FALSE	-0.283710274991062	0.0424703611083589	scale sensitivity; rank-based Wilcoxon is invariant and used for upgrade	0.101738700864054	lower_in_early_ESCC
ST003027	AN004962	targeted LC-MS	positive	ST003027_targeted_LCMS_combined_modes	AN004962__68	10	FALSE	0.231002431686859	0.0438480164370523	scale sensitivity; rank-based Wilcoxon is invariant and used for upgrade	0.104260839083658	higher_in_early_ESCC
ST003027	AN004962	targeted LC-MS	positive	ST003027_targeted_LCMS_combined_modes	AN004962__27	10	FALSE	-0.410759564958844	0.045750691778331	scale sensitivity; rank-based Wilcoxon is invariant and used for upgrade	0.107189395790797	lower_in_early_ESCC
ST003027	AN004963	targeted LC-MS	negative	ST003027_targeted_LCMS_combined_modes	AN004963__47	10	FALSE	0.204295958466245	0.0460814224895017	scale sensitivity; rank-based Wilcoxon is invariant and used for upgrade	0.107189395790797	higher_in_early_ESCC
ST003027	AN004963	targeted LC-MS	negative	ST003027_targeted_LCMS_combined_modes	AN004963__58	10	FALSE	0.258248505830059	0.0459232217163278	scale sensitivity; rank-based Wilcoxon is invariant and used for upgrade	0.107189395790797	higher_in_early_ESCC
ST003027	AN004963	targeted LC-MS	negative	ST003027_targeted_LCMS_combined_modes	AN004963__99	10	FALSE	0.248474126564688	0.0479011905666482	scale sensitivity; rank-based Wilcoxon is invariant and used for upgrade	0.110620735049598	higher_in_early_ESCC
ST003027	AN004962	targeted LC-MS	positive	ST003027_targeted_LCMS_combined_modes	AN004962__150	10	FALSE	0.171293730422806	0.0486774612853362	scale sensitivity; rank-based Wilcoxon is invariant and used for upgrade	0.111610464804235	higher_in_early_ESCC
ST003027	AN004963	targeted LC-MS	negative	ST003027_targeted_LCMS_combined_modes	AN004963__102	10	FALSE	0.17160172549531	0.0494658499671572	scale sensitivity; rank-based Wilcoxon is invariant and used for upgrade	0.112613743542252	higher_in_early_ESCC
ST003027	AN004963	targeted LC-MS	negative	ST003027_targeted_LCMS_combined_modes	AN004963__85	10	FALSE	-0.146616435078247	0.053800466367371	scale sensitivity; rank-based Wilcoxon is invariant and used for upgrade	0.121619364112156	lower_in_early_ESCC
ST003027	AN004962	targeted LC-MS	positive	ST003027_targeted_LCMS_combined_modes	AN004962__84	10	FALSE	0.100090005344664	0.0597063072715543	scale sensitivity; rank-based Wilcoxon is invariant and used for upgrade	0.13402604639279	higher_in_early_ESCC
ST003027	AN004963	targeted LC-MS	negative	ST003027_targeted_LCMS_combined_modes	AN004963__2	10	FALSE	-0.279582120009034	0.0607328139581596	scale sensitivity; rank-based Wilcoxon is invariant and used for upgrade	0.135383564448397	lower_in_early_ESCC
ST003027	AN004962	targeted LC-MS	positive	ST003027_targeted_LCMS_combined_modes	AN004962__201	10	FALSE	0.0355245133588981	0.0618347973351659	scale sensitivity; rank-based Wilcoxon is invariant and used for upgrade	0.136889447893712	higher_in_early_ESCC
ST003027	AN004963	targeted LC-MS	negative	ST003027_targeted_LCMS_combined_modes	AN004963__184	10	FALSE	0.655176711427968	0.0637173186665995	scale sensitivity; rank-based Wilcoxon is invariant and used for upgrade	0.140090817068345	higher_in_early_ESCC
ST003027	AN004963	targeted LC-MS	negative	ST003027_targeted_LCMS_combined_modes	AN004963__96	10	FALSE	0.110634589681334	0.0727140132285483	scale sensitivity; rank-based Wilcoxon is invariant and used for upgrade	0.158783661539891	higher_in_early_ESCC
ST003027	AN004963	targeted LC-MS	negative	ST003027_targeted_LCMS_combined_modes	AN004963__97	10	FALSE	0.568599476745977	0.0812234752996322	scale sensitivity; rank-based Wilcoxon is invariant and used for upgrade	0.176167132237716	higher_in_early_ESCC
ST003027	AN004962	targeted LC-MS	positive	ST003027_targeted_LCMS_combined_modes	AN004962__181	10	FALSE	0.274025899388655	0.0926454847081946	scale sensitivity; rank-based Wilcoxon is invariant and used for upgrade	0.199591950277386	higher_in_early_ESCC
ST003027	AN004962	targeted LC-MS	positive	ST003027_targeted_LCMS_combined_modes	AN004962__18	10	FALSE	0.186851916380217	0.0948677055850835	scale sensitivity; rank-based Wilcoxon is invariant and used for upgrade	0.203016889952079	higher_in_early_ESCC
ST003027	AN004962	targeted LC-MS	positive	ST003027_targeted_LCMS_combined_modes	AN004962__198	10	FALSE	-0.0576185832767565	0.0980657796379523	scale sensitivity; rank-based Wilcoxon is invariant and used for upgrade	0.208470962011806	lower_in_early_ESCC
ST003027	AN004963	targeted LC-MS	negative	ST003027_targeted_LCMS_combined_modes	AN004963__75	10	FALSE	0.23247130619594	0.113665860762222	scale sensitivity; rank-based Wilcoxon is invariant and used for upgrade	0.240044350688641	higher_in_early_ESCC
ST003027	AN004962	targeted LC-MS	positive	ST003027_targeted_LCMS_combined_modes	AN004962__206	10	FALSE	-0.1021538061723	0.119103250263861	scale sensitivity; rank-based Wilcoxon is invariant and used for upgrade	0.248260671004542	lower_in_early_ESCC
ST003027	AN004963	targeted LC-MS	negative	ST003027_targeted_LCMS_combined_modes	AN004963__162	10	FALSE	-0.425425080094293	0.118506592390097	scale sensitivity; rank-based Wilcoxon is invariant and used for upgrade	0.248260671004542	lower_in_early_ESCC
ST003027	AN004962	targeted LC-MS	positive	ST003027_targeted_LCMS_combined_modes	AN004962__210	10	FALSE	0.0817311589334018	0.122626635568005	scale sensitivity; rank-based Wilcoxon is invariant and used for upgrade	0.252848931528232	higher_in_early_ESCC
ST003027	AN004963	targeted LC-MS	negative	ST003027_targeted_LCMS_combined_modes	AN004963__206	10	FALSE	-0.210592771629265	0.122879854574468	scale sensitivity; rank-based Wilcoxon is invariant and used for upgrade	0.252848931528232	lower_in_early_ESCC
ST003027	AN004962	targeted LC-MS	positive	ST003027_targeted_LCMS_combined_modes	AN004962__169	10	FALSE	0.197642596350371	0.124901687477757	scale sensitivity; rank-based Wilcoxon is invariant and used for upgrade	0.255372240002293	higher_in_early_ESCC
ST003027	AN004962	targeted LC-MS	positive	ST003027_targeted_LCMS_combined_modes	AN004962__116	10	FALSE	0.0362896353614216	0.126847936191823	scale sensitivity; rank-based Wilcoxon is invariant and used for upgrade	0.257710047579589	higher_in_early_ESCC
ST003027	AN004963	targeted LC-MS	negative	ST003027_targeted_LCMS_combined_modes	AN004963__172	10	FALSE	0.0695466935125548	0.145835304622033	scale sensitivity; rank-based Wilcoxon is invariant and used for upgrade	0.294422218765237	higher_in_early_ESCC
ST003027	AN004963	targeted LC-MS	negative	ST003027_targeted_LCMS_combined_modes	AN004963__48	10	FALSE	-0.0958619055713516	0.149604809444269	scale sensitivity; rank-based Wilcoxon is invariant and used for upgrade	0.300144648947565	lower_in_early_ESCC
ST003027	AN004962	targeted LC-MS	positive	ST003027_targeted_LCMS_combined_modes	AN004962__32	10	FALSE	0.241769796613935	0.152133184879265	scale sensitivity; rank-based Wilcoxon is invariant and used for upgrade	0.300822728417835	higher_in_early_ESCC
ST003027	AN004962	targeted LC-MS	positive	ST003027_targeted_LCMS_combined_modes	AN004962__123	10	FALSE	0.023072736887125	0.153468532211732	scale sensitivity; rank-based Wilcoxon is invariant and used for upgrade	0.300822728417835	higher_in_early_ESCC
ST003027	AN004962	targeted LC-MS	positive	ST003027_targeted_LCMS_combined_modes	AN004962__205	10	FALSE	0.0326560618969883	0.153691362805374	scale sensitivity; rank-based Wilcoxon is invariant and used for upgrade	0.300822728417835	higher_in_early_ESCC
ST003027	AN004963	targeted LC-MS	negative	ST003027_targeted_LCMS_combined_modes	AN004963__121	10	FALSE	0.0942868373198576	0.153178932399222	scale sensitivity; rank-based Wilcoxon is invariant and used for upgrade	0.300822728417835	higher_in_early_ESCC
ST003027	AN004963	targeted LC-MS	negative	ST003027_targeted_LCMS_combined_modes	AN004963__192	10	FALSE	-0.443782910670562	0.164295118007884	scale sensitivity; rank-based Wilcoxon is invariant and used for upgrade	0.319628684124429	lower_in_early_ESCC
ST003027	AN004963	targeted LC-MS	negative	ST003027_targeted_LCMS_combined_modes	AN004963__21	10	FALSE	0.311942782837491	0.165705967768552	scale sensitivity; rank-based Wilcoxon is invariant and used for upgrade	0.320431419600634	higher_in_early_ESCC
ST003027	AN004963	targeted LC-MS	negative	ST003027_targeted_LCMS_combined_modes	AN004963__112	10	FALSE	-0.749996732193412	0.17220252687787	scale sensitivity; rank-based Wilcoxon is invariant and used for upgrade	0.331000066633511	lower_in_early_ESCC
ST003027	AN004962	targeted LC-MS	positive	ST003027_targeted_LCMS_combined_modes	AN004962__77	10	FALSE	0.153362190381753	0.176070247333213	scale sensitivity; rank-based Wilcoxon is invariant and used for upgrade	0.3324097792297	higher_in_early_ESCC
ST003027	AN004962	targeted LC-MS	positive	ST003027_targeted_LCMS_combined_modes	AN004962__159	10	FALSE	0.0298499584685181	0.175640656673112	scale sensitivity; rank-based Wilcoxon is invariant and used for upgrade	0.3324097792297	higher_in_early_ESCC
ST003027	AN004962	targeted LC-MS	positive	ST003027_targeted_LCMS_combined_modes	AN004962__212	10	FALSE	-0.0183650953901032	0.177078106692457	scale sensitivity; rank-based Wilcoxon is invariant and used for upgrade	0.3324097792297	lower_in_early_ESCC
ST003027	AN004963	targeted LC-MS	negative	ST003027_targeted_LCMS_combined_modes	AN004963__31	10	FALSE	0.0550062113797573	0.17690969607865	scale sensitivity; rank-based Wilcoxon is invariant and used for upgrade	0.3324097792297	higher_in_early_ESCC
ST003027	AN004963	targeted LC-MS	negative	ST003027_targeted_LCMS_combined_modes	AN004963__149	10	FALSE	0.124269116575701	0.188882602314776	scale sensitivity; rank-based Wilcoxon is invariant and used for upgrade	0.352507647343273	higher_in_early_ESCC
ST003027	AN004963	targeted LC-MS	negative	ST003027_targeted_LCMS_combined_modes	AN004963__190	10	FALSE	0.0474063390862802	0.193969291825196	scale sensitivity; rank-based Wilcoxon is invariant and used for upgrade	0.359908339166983	higher_in_early_ESCC
ST003027	AN004963	targeted LC-MS	negative	ST003027_targeted_LCMS_combined_modes	AN004963__15	10	FALSE	-0.239059159210792	0.200097947179986	scale sensitivity; rank-based Wilcoxon is invariant and used for upgrade	0.36914621290101	lower_in_early_ESCC
ST003027	AN004963	targeted LC-MS	negative	ST003027_targeted_LCMS_combined_modes	AN004963__73	10	FALSE	0.0846994719159451	0.21826373268031	scale sensitivity; rank-based Wilcoxon is invariant and used for upgrade	0.400358046802168	higher_in_early_ESCC
ST003027	AN004962	targeted LC-MS	positive	ST003027_targeted_LCMS_combined_modes	AN004962__197	10	FALSE	0.074702021511595	0.219564556514073	scale sensitivity; rank-based Wilcoxon is invariant and used for upgrade	0.400455810460326	higher_in_early_ESCC
ST003027	AN004962	targeted LC-MS	positive	ST003027_targeted_LCMS_combined_modes	AN004962__180	10	FALSE	0.190721399071145	0.225183285829185	scale sensitivity; rank-based Wilcoxon is invariant and used for upgrade	0.408383247181743	higher_in_early_ESCC
ST003027	AN004962	targeted LC-MS	positive	ST003027_targeted_LCMS_combined_modes	AN004962__259	10	FALSE	0.0231330773678237	0.227264450775404	scale sensitivity; rank-based Wilcoxon is invariant and used for upgrade	0.409842071342162	higher_in_early_ESCC
ST003027	AN004963	targeted LC-MS	negative	ST003027_targeted_LCMS_combined_modes	AN004963__4	10	FALSE	0.121081026002303	0.230367865647846	scale sensitivity; rank-based Wilcoxon is invariant and used for upgrade	0.413117792586361	higher_in_early_ESCC
ST003027	AN004963	targeted LC-MS	negative	ST003027_targeted_LCMS_combined_modes	AN004963__116	10	FALSE	0.183011601231109	0.244662777825456	scale sensitivity; rank-based Wilcoxon is invariant and used for upgrade	0.436315287122063	higher_in_early_ESCC
ST003027	AN004963	targeted LC-MS	negative	ST003027_targeted_LCMS_combined_modes	AN004963__51	10	FALSE	0.0718795462152046	0.247672044762966	scale sensitivity; rank-based Wilcoxon is invariant and used for upgrade	0.439241582148685	higher_in_early_ESCC
ST003027	AN004963	targeted LC-MS	negative	ST003027_targeted_LCMS_combined_modes	AN004963__125	10	FALSE	0.0393689930869743	0.251979404649721	scale sensitivity; rank-based Wilcoxon is invariant and used for upgrade	0.444425213695386	higher_in_early_ESCC
ST003027	AN004962	targeted LC-MS	positive	ST003027_targeted_LCMS_combined_modes	AN004962__72	10	FALSE	0.177833335538785	0.254216943335871	scale sensitivity; rank-based Wilcoxon is invariant and used for upgrade	0.444880367310101	higher_in_early_ESCC
ST003027	AN004962	targeted LC-MS	positive	ST003027_targeted_LCMS_combined_modes	AN004962__267	10	FALSE	0.166084591869299	0.255009307118562	scale sensitivity; rank-based Wilcoxon is invariant and used for upgrade	0.444880367310101	higher_in_early_ESCC
ST003027	AN004963	targeted LC-MS	negative	ST003027_targeted_LCMS_combined_modes	AN004963__181	10	FALSE	0.0535300553714652	0.26637147169881	scale sensitivity; rank-based Wilcoxon is invariant and used for upgrade	0.462190499542259	higher_in_early_ESCC
ST003027	AN004962	targeted LC-MS	positive	ST003027_targeted_LCMS_combined_modes	AN004962__222	10	FALSE	0.0131867103077299	0.276364770570117	scale sensitivity; rank-based Wilcoxon is invariant and used for upgrade	0.475891455303974	higher_in_early_ESCC
ST003027	AN004963	targeted LC-MS	negative	ST003027_targeted_LCMS_combined_modes	AN004963__67	10	FALSE	0.0332270564906119	0.277232716952782	scale sensitivity; rank-based Wilcoxon is invariant and used for upgrade	0.475891455303974	higher_in_early_ESCC
ST003027	AN004962	targeted LC-MS	positive	ST003027_targeted_LCMS_combined_modes	AN004962__25	10	FALSE	-0.107930854399209	0.283245797961275	scale sensitivity; rank-based Wilcoxon is invariant and used for upgrade	0.482420408991678	lower_in_early_ESCC
ST003027	AN004963	targeted LC-MS	negative	ST003027_targeted_LCMS_combined_modes	AN004963__43	10	FALSE	0.116263328289342	0.284418088959454	scale sensitivity; rank-based Wilcoxon is invariant and used for upgrade	0.482420408991678	higher_in_early_ESCC
ST003027	AN004963	targeted LC-MS	negative	ST003027_targeted_LCMS_combined_modes	AN004963__123	10	FALSE	0.0557760686847213	0.285544790368906	scale sensitivity; rank-based Wilcoxon is invariant and used for upgrade	0.482420408991678	higher_in_early_ESCC
ST003027	AN004962	targeted LC-MS	positive	ST003027_targeted_LCMS_combined_modes	AN004962__49	10	FALSE	0.174083601550115	0.289274577957279	scale sensitivity; rank-based Wilcoxon is invariant and used for upgrade	0.486163034158569	higher_in_early_ESCC
ST003027	AN004962	targeted LC-MS	positive	ST003027_targeted_LCMS_combined_modes	AN004962__266	10	FALSE	0.160975344557202	0.292462214117664	scale sensitivity; rank-based Wilcoxon is invariant and used for upgrade	0.48896026422797	higher_in_early_ESCC
ST003027	AN004962	targeted LC-MS	positive	ST003027_targeted_LCMS_combined_modes	AN004962__56	10	FALSE	0.133049958558803	0.295919253691315	scale sensitivity; rank-based Wilcoxon is invariant and used for upgrade	0.492176582564312	higher_in_early_ESCC
ST003027	AN004962	targeted LC-MS	positive	ST003027_targeted_LCMS_combined_modes	AN004962__148	10	FALSE	0.0674684568149698	0.313649184793204	scale sensitivity; rank-based Wilcoxon is invariant and used for upgrade	0.518976228446487	higher_in_early_ESCC
ST003027	AN004962	targeted LC-MS	positive	ST003027_targeted_LCMS_combined_modes	AN004962__132	10	FALSE	0.0199479876868129	0.317371217336112	scale sensitivity; rank-based Wilcoxon is invariant and used for upgrade	0.522441850076368	higher_in_early_ESCC
ST003027	AN004963	targeted LC-MS	negative	ST003027_targeted_LCMS_combined_modes	AN004963__210	10	FALSE	-0.28885982853302	0.330647145605969	scale sensitivity; rank-based Wilcoxon is invariant and used for upgrade	0.541519049691408	lower_in_early_ESCC
ST003027	AN004962	targeted LC-MS	positive	ST003027_targeted_LCMS_combined_modes	AN004962__6	10	FALSE	0.123144254486111	0.336176083029639	scale sensitivity; rank-based Wilcoxon is invariant and used for upgrade	0.547473271904147	higher_in_early_ESCC
ST003027	AN004963	targeted LC-MS	negative	ST003027_targeted_LCMS_combined_modes	AN004963__154	10	FALSE	-0.148437766999873	0.337693793884801	scale sensitivity; rank-based Wilcoxon is invariant and used for upgrade	0.547473271904147	lower_in_early_ESCC
ST003027	AN004962	targeted LC-MS	positive	ST003027_targeted_LCMS_combined_modes	AN004962__268	10	FALSE	0.132744488061736	0.341299962969987	scale sensitivity; rank-based Wilcoxon is invariant and used for upgrade	0.550539136248069	higher_in_early_ESCC
ST003027	AN004962	targeted LC-MS	positive	ST003027_targeted_LCMS_combined_modes	AN004962__13	10	FALSE	0.117865472268357	0.350567177368006	scale sensitivity; rank-based Wilcoxon is invariant and used for upgrade	0.56036594214242	higher_in_early_ESCC
ST003027	AN004962	targeted LC-MS	positive	ST003027_targeted_LCMS_combined_modes	AN004962__145	10	FALSE	0.105712207437629	0.355730983428523	scale sensitivity; rank-based Wilcoxon is invariant and used for upgrade	0.56036594214242	higher_in_early_ESCC
ST003027	AN004962	targeted LC-MS	positive	ST003027_targeted_LCMS_combined_modes	AN004962__249	10	FALSE	0.0110036630049356	0.355123517690738	scale sensitivity; rank-based Wilcoxon is invariant and used for upgrade	0.56036594214242	higher_in_early_ESCC
ST003027	AN004963	targeted LC-MS	negative	ST003027_targeted_LCMS_combined_modes	AN004963__109	10	FALSE	0.121920196810523	0.351289376558911	scale sensitivity; rank-based Wilcoxon is invariant and used for upgrade	0.56036594214242	higher_in_early_ESCC
ST003027	AN004963	targeted LC-MS	negative	ST003027_targeted_LCMS_combined_modes	AN004963__159	10	FALSE	-0.207799313700219	0.356120411828828	scale sensitivity; rank-based Wilcoxon is invariant and used for upgrade	0.56036594214242	lower_in_early_ESCC
ST003027	AN004963	targeted LC-MS	negative	ST003027_targeted_LCMS_combined_modes	AN004963__147	10	FALSE	-0.131530517974578	0.378997374433649	scale sensitivity; rank-based Wilcoxon is invariant and used for upgrade	0.59345442533269	lower_in_early_ESCC
ST003027	AN004962	targeted LC-MS	positive	ST003027_targeted_LCMS_combined_modes	AN004962__28	10	FALSE	0.0740933841044482	0.381378737805787	scale sensitivity; rank-based Wilcoxon is invariant and used for upgrade	0.594284343862415	higher_in_early_ESCC
ST003027	AN004962	targeted LC-MS	positive	ST003027_targeted_LCMS_combined_modes	AN004962__78	10	FALSE	0.135704182012746	0.385842790949941	scale sensitivity; rank-based Wilcoxon is invariant and used for upgrade	0.598335922197735	higher_in_early_ESCC
ST003027	AN004962	targeted LC-MS	positive	ST003027_targeted_LCMS_combined_modes	AN004962__22	10	FALSE	0.150516408563668	0.397025349126147	scale sensitivity; rank-based Wilcoxon is invariant and used for upgrade	0.612717005141795	higher_in_early_ESCC
ST003027	AN004963	targeted LC-MS	negative	ST003027_targeted_LCMS_combined_modes	AN004963__170	10	FALSE	0.122693063703869	0.40486252003226	scale sensitivity; rank-based Wilcoxon is invariant and used for upgrade	0.621822339379692	higher_in_early_ESCC
ST003027	AN004963	targeted LC-MS	negative	ST003027_targeted_LCMS_combined_modes	AN004963__56	10	FALSE	0.0800591005628686	0.40900198196004	scale sensitivity; rank-based Wilcoxon is invariant and used for upgrade	0.625188743853204	higher_in_early_ESCC
ST003027	AN004962	targeted LC-MS	positive	ST003027_targeted_LCMS_combined_modes	AN004962__11	10	FALSE	-0.242250486205635	0.41095419800266	scale sensitivity; rank-based Wilcoxon is invariant and used for upgrade	0.625195723027743	lower_in_early_ESCC
ST003027	AN004962	targeted LC-MS	positive	ST003027_targeted_LCMS_combined_modes	AN004962__122	10	FALSE	0.179769740574849	0.419946935669422	scale sensitivity; rank-based Wilcoxon is invariant and used for upgrade	0.63586304882021	higher_in_early_ESCC
ST003027	AN004963	targeted LC-MS	negative	ST003027_targeted_LCMS_combined_modes	AN004963__186	10	FALSE	0.13312016584728	0.42416583492175	scale sensitivity; rank-based Wilcoxon is invariant and used for upgrade	0.639235835727145	higher_in_early_ESCC
ST003027	AN004963	targeted LC-MS	negative	ST003027_targeted_LCMS_combined_modes	AN004963__110	10	FALSE	-0.158016727529748	0.429992830053535	scale sensitivity; rank-based Wilcoxon is invariant and used for upgrade	0.641989295103185	lower_in_early_ESCC
ST003027	AN004963	targeted LC-MS	negative	ST003027_targeted_LCMS_combined_modes	AN004963__215	10	FALSE	0.143970866032385	0.428034256133236	scale sensitivity; rank-based Wilcoxon is invariant and used for upgrade	0.641989295103185	higher_in_early_ESCC
ST003027	AN004963	targeted LC-MS	negative	ST003027_targeted_LCMS_combined_modes	AN004963__16	10	FALSE	0.10402077195656	0.434121791773852	scale sensitivity; rank-based Wilcoxon is invariant and used for upgrade	0.645153218330586	higher_in_early_ESCC
ST003027	AN004963	targeted LC-MS	negative	ST003027_targeted_LCMS_combined_modes	AN004963__150	10	FALSE	0.037197008956831	0.455780187057903	scale sensitivity; rank-based Wilcoxon is invariant and used for upgrade	0.674218617721599	higher_in_early_ESCC
ST003027	AN004962	targeted LC-MS	positive	ST003027_targeted_LCMS_combined_modes	AN004962__90	10	FALSE	-0.237893219948565	0.459263726184492	scale sensitivity; rank-based Wilcoxon is invariant and used for upgrade	0.676255303234963	lower_in_early_ESCC
ST003027	AN004962	targeted LC-MS	positive	ST003027_targeted_LCMS_combined_modes	AN004962__44	10	FALSE	-0.0435907757739873	0.467247033380765	scale sensitivity; rank-based Wilcoxon is invariant and used for upgrade	0.681202819451777	lower_in_early_ESCC
ST003027	AN004963	targeted LC-MS	negative	ST003027_targeted_LCMS_combined_modes	AN004963__163	10	FALSE	0.0709688013679566	0.46899010311166	scale sensitivity; rank-based Wilcoxon is invariant and used for upgrade	0.681202819451777	higher_in_early_ESCC
ST003027	AN004963	targeted LC-MS	negative	ST003027_targeted_LCMS_combined_modes	AN004963__176	10	FALSE	0.0766673303341573	0.465375372959343	scale sensitivity; rank-based Wilcoxon is invariant and used for upgrade	0.681202819451777	higher_in_early_ESCC
ST003027	AN004962	targeted LC-MS	positive	ST003027_targeted_LCMS_combined_modes	AN004962__35	10	FALSE	-0.201046409734524	0.47220317654052	scale sensitivity; rank-based Wilcoxon is invariant and used for upgrade	0.682218165323171	lower_in_early_ESCC
ST003027	AN004962	targeted LC-MS	positive	ST003027_targeted_LCMS_combined_modes	AN004962__172	10	FALSE	0.0725020595140832	0.473939722327312	scale sensitivity; rank-based Wilcoxon is invariant and used for upgrade	0.682218165323171	higher_in_early_ESCC
ST003027	AN004962	targeted LC-MS	positive	ST003027_targeted_LCMS_combined_modes	AN004962__236	10	FALSE	0.110026327152793	0.476170609755489	scale sensitivity; rank-based Wilcoxon is invariant and used for upgrade	0.682369489872821	higher_in_early_ESCC
ST003027	AN004962	targeted LC-MS	positive	ST003027_targeted_LCMS_combined_modes	AN004962__131	10	FALSE	-0.0767368579218891	0.487636559793217	scale sensitivity; rank-based Wilcoxon is invariant and used for upgrade	0.695694825304989	lower_in_early_ESCC
ST003027	AN004962	targeted LC-MS	positive	ST003027_targeted_LCMS_combined_modes	AN004962__115	10	FALSE	0.0232448024301566	0.499248188948197	scale sensitivity; rank-based Wilcoxon is invariant and used for upgrade	0.705985324459785	higher_in_early_ESCC
ST003027	AN004963	targeted LC-MS	negative	ST003027_targeted_LCMS_combined_modes	AN004963__29	10	FALSE	0.0191276585112256	0.497717411423426	scale sensitivity; rank-based Wilcoxon is invariant and used for upgrade	0.705985324459785	higher_in_early_ESCC
ST003027	AN004963	targeted LC-MS	negative	ST003027_targeted_LCMS_combined_modes	AN004963__45	10	FALSE	-0.0203904814485226	0.510565928140542	scale sensitivity; rank-based Wilcoxon is invariant and used for upgrade	0.718823083039974	lower_in_early_ESCC
ST003027	AN004963	targeted LC-MS	negative	ST003027_targeted_LCMS_combined_modes	AN004963__200	10	FALSE	0.122125399797619	0.520334350044462	scale sensitivity; rank-based Wilcoxon is invariant and used for upgrade	0.729376971023023	higher_in_early_ESCC
ST003027	AN004962	targeted LC-MS	positive	ST003027_targeted_LCMS_combined_modes	AN004962__136	10	FALSE	0.0877081306615261	0.527075002716891	scale sensitivity; rank-based Wilcoxon is invariant and used for upgrade	0.732428899879316	higher_in_early_ESCC
ST003027	AN004963	targeted LC-MS	negative	ST003027_targeted_LCMS_combined_modes	AN004963__141	10	FALSE	-0.0625188427226368	0.524952649988406	scale sensitivity; rank-based Wilcoxon is invariant and used for upgrade	0.732428899879316	lower_in_early_ESCC
ST003027	AN004962	targeted LC-MS	positive	ST003027_targeted_LCMS_combined_modes	AN004962__152	10	FALSE	0.00653853571531254	0.531240901574672	scale sensitivity; rank-based Wilcoxon is invariant and used for upgrade	0.735035902609783	higher_in_early_ESCC
ST003027	AN004963	targeted LC-MS	negative	ST003027_targeted_LCMS_combined_modes	AN004963__20	10	FALSE	-0.110034690467456	0.5347442702521	scale sensitivity; rank-based Wilcoxon is invariant and used for upgrade	0.736707771463193	lower_in_early_ESCC
ST003027	AN004963	targeted LC-MS	negative	ST003027_targeted_LCMS_combined_modes	AN004963__80	10	FALSE	-0.132968461899015	0.542951476674865	scale sensitivity; rank-based Wilcoxon is invariant and used for upgrade	0.744818051336032	lower_in_early_ESCC
ST003027	AN004962	targeted LC-MS	positive	ST003027_targeted_LCMS_combined_modes	AN004962__211	10	FALSE	0.0932157691971742	0.55588933316466	scale sensitivity; rank-based Wilcoxon is invariant and used for upgrade	0.759073787333207	higher_in_early_ESCC
ST003027	AN004963	targeted LC-MS	negative	ST003027_targeted_LCMS_combined_modes	AN004963__101	10	FALSE	0.0177878743416891	0.558072940220053	scale sensitivity; rank-based Wilcoxon is invariant and used for upgrade	0.759073787333207	higher_in_early_ESCC
ST003027	AN004963	targeted LC-MS	negative	ST003027_targeted_LCMS_combined_modes	AN004963__161	10	FALSE	-0.130920574573101	0.560721752286338	scale sensitivity; rank-based Wilcoxon is invariant and used for upgrade	0.759458575881496	lower_in_early_ESCC
ST003027	AN004963	targeted LC-MS	negative	ST003027_targeted_LCMS_combined_modes	AN004963__7	10	FALSE	0.190127038066951	0.567944208043107	scale sensitivity; rank-based Wilcoxon is invariant and used for upgrade	0.762803727120658	higher_in_early_ESCC
ST003027	AN004963	targeted LC-MS	negative	ST003027_targeted_LCMS_combined_modes	AN004963__155	10	FALSE	-0.0714617472446006	0.566440700454264	scale sensitivity; rank-based Wilcoxon is invariant and used for upgrade	0.762803727120658	lower_in_early_ESCC
ST003027	AN004963	targeted LC-MS	negative	ST003027_targeted_LCMS_combined_modes	AN004963__156	10	FALSE	-0.0155079504807854	0.595511950446539	scale sensitivity; rank-based Wilcoxon is invariant and used for upgrade	0.796497233722246	lower_in_early_ESCC
ST003027	AN004963	targeted LC-MS	negative	ST003027_targeted_LCMS_combined_modes	AN004963__22	10	FALSE	-0.086574288309234	0.602138430396408	scale sensitivity; rank-based Wilcoxon is invariant and used for upgrade	0.798704281641517	lower_in_early_ESCC
ST003027	AN004963	targeted LC-MS	negative	ST003027_targeted_LCMS_combined_modes	AN004963__50	10	FALSE	-0.0496626349582068	0.600380523400343	scale sensitivity; rank-based Wilcoxon is invariant and used for upgrade	0.798704281641517	lower_in_early_ESCC
ST003027	AN004962	targeted LC-MS	positive	ST003027_targeted_LCMS_combined_modes	AN004962__100	10	FALSE	0.00519326243753835	0.60992630623635	scale sensitivity; rank-based Wilcoxon is invariant and used for upgrade	0.80570512058382	higher_in_early_ESCC
ST003027	AN004962	targeted LC-MS	positive	ST003027_targeted_LCMS_combined_modes	AN004962__240	10	FALSE	0.0631502930452434	0.617853218209055	scale sensitivity; rank-based Wilcoxon is invariant and used for upgrade	0.809513808347374	higher_in_early_ESCC
ST003027	AN004963	targeted LC-MS	negative	ST003027_targeted_LCMS_combined_modes	AN004963__198	10	FALSE	-0.11764157948997	0.615449755352407	scale sensitivity; rank-based Wilcoxon is invariant and used for upgrade	0.809513808347374	lower_in_early_ESCC
ST003027	AN004962	targeted LC-MS	positive	ST003027_targeted_LCMS_combined_modes	AN004962__26	10	FALSE	-0.0132089414549119	0.623869851732223	scale sensitivity; rank-based Wilcoxon is invariant and used for upgrade	0.810663655734019	lower_in_early_ESCC
ST003027	AN004962	targeted LC-MS	positive	ST003027_targeted_LCMS_combined_modes	AN004962__64	10	FALSE	0.0896528992004191	0.626307123433136	scale sensitivity; rank-based Wilcoxon is invariant and used for upgrade	0.810663655734019	higher_in_early_ESCC
ST003027	AN004963	targeted LC-MS	negative	ST003027_targeted_LCMS_combined_modes	AN004963__12	10	FALSE	-0.0141011265491725	0.622635519764831	scale sensitivity; rank-based Wilcoxon is invariant and used for upgrade	0.810663655734019	lower_in_early_ESCC
ST003027	AN004962	targeted LC-MS	positive	ST003027_targeted_LCMS_combined_modes	AN004962__63	10	FALSE	0.0847294744309755	0.633793730147604	scale sensitivity; rank-based Wilcoxon is invariant and used for upgrade	0.811516914568514	higher_in_early_ESCC
ST003027	AN004962	targeted LC-MS	positive	ST003027_targeted_LCMS_combined_modes	AN004962__121	10	FALSE	0.0898693441313077	0.63380221745318	scale sensitivity; rank-based Wilcoxon is invariant and used for upgrade	0.811516914568514	higher_in_early_ESCC
ST003027	AN004963	targeted LC-MS	negative	ST003027_targeted_LCMS_combined_modes	AN004963__34	10	FALSE	0.127824215373134	0.634550609210894	scale sensitivity; rank-based Wilcoxon is invariant and used for upgrade	0.811516914568514	higher_in_early_ESCC
ST003027	AN004963	targeted LC-MS	negative	ST003027_targeted_LCMS_combined_modes	AN004963__13	10	FALSE	0.108923933657427	0.645536075580172	scale sensitivity; rank-based Wilcoxon is invariant and used for upgrade	0.822290001036647	higher_in_early_ESCC
ST003027	AN004962	targeted LC-MS	positive	ST003027_targeted_LCMS_combined_modes	AN004962__168	10	FALSE	0.00848159253312553	0.651038181032771	scale sensitivity; rank-based Wilcoxon is invariant and used for upgrade	0.826020775144346	higher_in_early_ESCC
ST003027	AN004963	targeted LC-MS	negative	ST003027_targeted_LCMS_combined_modes	AN004963__166	10	FALSE	0.0137291561484952	0.656387906882739	scale sensitivity; rank-based Wilcoxon is invariant and used for upgrade	0.829529598855745	higher_in_early_ESCC
ST003027	AN004962	targeted LC-MS	positive	ST003027_targeted_LCMS_combined_modes	AN004962__91	10	FALSE	0.0570607302704218	0.673172352251975	scale sensitivity; rank-based Wilcoxon is invariant and used for upgrade	0.844095019815953	higher_in_early_ESCC
ST003027	AN004963	targeted LC-MS	negative	ST003027_targeted_LCMS_combined_modes	AN004963__84	10	FALSE	0.253644827816834	0.671841210135664	scale sensitivity; rank-based Wilcoxon is invariant and used for upgrade	0.844095019815953	higher_in_early_ESCC
ST003027	AN004963	targeted LC-MS	negative	ST003027_targeted_LCMS_combined_modes	AN004963__177	10	FALSE	-0.04348273911153	0.679162842421702	scale sensitivity; rank-based Wilcoxon is invariant and used for upgrade	0.848292888783526	lower_in_early_ESCC
ST003027	AN004962	targeted LC-MS	positive	ST003027_targeted_LCMS_combined_modes	AN004962__7	10	FALSE	0.112879842875035	0.703194383889506	scale sensitivity; rank-based Wilcoxon is invariant and used for upgrade	0.871526630225991	higher_in_early_ESCC
ST003027	AN004963	targeted LC-MS	negative	ST003027_targeted_LCMS_combined_modes	AN004963__204	10	FALSE	-0.148940542261264	0.703103587824669	scale sensitivity; rank-based Wilcoxon is invariant and used for upgrade	0.871526630225991	lower_in_early_ESCC
ST003027	AN004963	targeted LC-MS	negative	ST003027_targeted_LCMS_combined_modes	AN004963__104	10	FALSE	-0.0265829389097163	0.706752057358495	scale sensitivity; rank-based Wilcoxon is invariant and used for upgrade	0.872566963123373	lower_in_early_ESCC
ST003027	AN004963	targeted LC-MS	negative	ST003027_targeted_LCMS_combined_modes	AN004963__57	10	FALSE	-0.0376528940286913	0.733189043351441	scale sensitivity; rank-based Wilcoxon is invariant and used for upgrade	0.901738248719589	lower_in_early_ESCC
ST003027	AN004962	targeted LC-MS	positive	ST003027_targeted_LCMS_combined_modes	AN004962__50	10	FALSE	-0.0483100981813829	0.750635873075039	scale sensitivity; rank-based Wilcoxon is invariant and used for upgrade	0.909260812290896	lower_in_early_ESCC
ST003027	AN004962	targeted LC-MS	positive	ST003027_targeted_LCMS_combined_modes	AN004962__70	10	FALSE	-0.00802697606200504	0.744445478615154	scale sensitivity; rank-based Wilcoxon is invariant and used for upgrade	0.909260812290896	lower_in_early_ESCC
ST003027	AN004963	targeted LC-MS	negative	ST003027_targeted_LCMS_combined_modes	AN004963__23	10	FALSE	-0.121472263017969	0.746920060032325	scale sensitivity; rank-based Wilcoxon is invariant and used for upgrade	0.909260812290896	lower_in_early_ESCC
ST003027	AN004963	targeted LC-MS	negative	ST003027_targeted_LCMS_combined_modes	AN004963__152	10	FALSE	0.0234664280629206	0.748686169402577	scale sensitivity; rank-based Wilcoxon is invariant and used for upgrade	0.909260812290896	higher_in_early_ESCC
ST003027	AN004963	targeted LC-MS	negative	ST003027_targeted_LCMS_combined_modes	AN004963__213	10	FALSE	-0.0568823663652349	0.753638473757269	scale sensitivity; rank-based Wilcoxon is invariant and used for upgrade	0.909465977729636	lower_in_early_ESCC
ST003027	AN004962	targeted LC-MS	positive	ST003027_targeted_LCMS_combined_modes	AN004962__12	10	FALSE	-0.0380534330786126	0.767672000847338	scale sensitivity; rank-based Wilcoxon is invariant and used for upgrade	0.911876225969433	lower_in_early_ESCC
ST003027	AN004962	targeted LC-MS	positive	ST003027_targeted_LCMS_combined_modes	AN004962__137	10	FALSE	0.0299029326723658	0.767620321126614	scale sensitivity; rank-based Wilcoxon is invariant and used for upgrade	0.911876225969433	higher_in_early_ESCC
ST003027	AN004963	targeted LC-MS	negative	ST003027_targeted_LCMS_combined_modes	AN004963__6	10	FALSE	0.0361177492279348	0.762176854305843	scale sensitivity; rank-based Wilcoxon is invariant and used for upgrade	0.911876225969433	higher_in_early_ESCC
ST003027	AN004963	targeted LC-MS	negative	ST003027_targeted_LCMS_combined_modes	AN004963__208	10	FALSE	-0.0123671883970004	0.769839430647091	scale sensitivity; rank-based Wilcoxon is invariant and used for upgrade	0.911876225969433	lower_in_early_ESCC
ST003027	AN004963	targeted LC-MS	negative	ST003027_targeted_LCMS_combined_modes	AN004963__216	10	FALSE	-0.0423944842378838	0.768609886002755	scale sensitivity; rank-based Wilcoxon is invariant and used for upgrade	0.911876225969433	lower_in_early_ESCC
ST003027	AN004962	targeted LC-MS	positive	ST003027_targeted_LCMS_combined_modes	AN004962__117	10	FALSE	0.021171130059855	0.781887255521232	scale sensitivity; rank-based Wilcoxon is invariant and used for upgrade	0.914770696908922	higher_in_early_ESCC
ST003027	AN004962	targeted LC-MS	positive	ST003027_targeted_LCMS_combined_modes	AN004962__129	10	FALSE	0.022070620880928	0.783682061214809	scale sensitivity; rank-based Wilcoxon is invariant and used for upgrade	0.914770696908922	higher_in_early_ESCC
ST003027	AN004962	targeted LC-MS	positive	ST003027_targeted_LCMS_combined_modes	AN004962__176	10	FALSE	-0.0605839677518683	0.77869537092486	scale sensitivity; rank-based Wilcoxon is invariant and used for upgrade	0.914770696908922	lower_in_early_ESCC
ST003027	AN004962	targeted LC-MS	positive	ST003027_targeted_LCMS_combined_modes	AN004962__207	10	FALSE	0.00334606090834547	0.78196880109749	scale sensitivity; rank-based Wilcoxon is invariant and used for upgrade	0.914770696908922	higher_in_early_ESCC
ST003027	AN004962	targeted LC-MS	positive	ST003027_targeted_LCMS_combined_modes	AN004962__57	10	FALSE	-0.0334660539719636	0.792835005068733	scale sensitivity; rank-based Wilcoxon is invariant and used for upgrade	0.922101581982114	lower_in_early_ESCC
ST003027	AN004962	targeted LC-MS	positive	ST003027_targeted_LCMS_combined_modes	AN004962__101	10	FALSE	0.00727932201780378	0.800583046576431	scale sensitivity; rank-based Wilcoxon is invariant and used for upgrade	0.924529013887101	higher_in_early_ESCC
ST003027	AN004962	targeted LC-MS	positive	ST003027_targeted_LCMS_combined_modes	AN004962__269	10	FALSE	-0.00956957432033234	0.803562600855144	scale sensitivity; rank-based Wilcoxon is invariant and used for upgrade	0.924529013887101	lower_in_early_ESCC
ST003027	AN004963	targeted LC-MS	negative	ST003027_targeted_LCMS_combined_modes	AN004963__202	10	FALSE	-0.0393496150568949	0.80321243831404	scale sensitivity; rank-based Wilcoxon is invariant and used for upgrade	0.924529013887101	lower_in_early_ESCC
ST003027	AN004962	targeted LC-MS	positive	ST003027_targeted_LCMS_combined_modes	AN004962__76	10	FALSE	0.00242026191004839	0.813050772737319	scale sensitivity; rank-based Wilcoxon is invariant and used for upgrade	0.932104635888141	higher_in_early_ESCC
ST003027	AN004962	targeted LC-MS	positive	ST003027_targeted_LCMS_combined_modes	AN004962__187	10	FALSE	-0.0859716474409254	0.828527034503509	scale sensitivity; rank-based Wilcoxon is invariant and used for upgrade	0.943110560551867	lower_in_early_ESCC
ST003027	AN004963	targeted LC-MS	negative	ST003027_targeted_LCMS_combined_modes	AN004963__9	10	FALSE	0.0212523814930421	0.826902596947242	scale sensitivity; rank-based Wilcoxon is invariant and used for upgrade	0.943110560551867	higher_in_early_ESCC
ST003027	AN004962	targeted LC-MS	positive	ST003027_targeted_LCMS_combined_modes	AN004962__4	10	FALSE	0.0035833923773115	0.835079382500133	scale sensitivity; rank-based Wilcoxon is invariant and used for upgrade	0.946604491927768	higher_in_early_ESCC
ST003027	AN004962	targeted LC-MS	positive	ST003027_targeted_LCMS_combined_modes	AN004962__157	10	FALSE	0.016610255376859	0.837494316845751	scale sensitivity; rank-based Wilcoxon is invariant and used for upgrade	0.946604491927768	higher_in_early_ESCC
ST003027	AN004962	targeted LC-MS	positive	ST003027_targeted_LCMS_combined_modes	AN004962__127	10	FALSE	0.0606441754957404	0.8550373950879	scale sensitivity; rank-based Wilcoxon is invariant and used for upgrade	0.95614207592888	higher_in_early_ESCC
ST003027	AN004962	targeted LC-MS	positive	ST003027_targeted_LCMS_combined_modes	AN004962__147	10	FALSE	-0.0140151989312511	0.854537321034448	scale sensitivity; rank-based Wilcoxon is invariant and used for upgrade	0.95614207592888	lower_in_early_ESCC
ST003027	AN004962	targeted LC-MS	positive	ST003027_targeted_LCMS_combined_modes	AN004962__153	10	FALSE	-0.0135881257200089	0.859408221737994	scale sensitivity; rank-based Wilcoxon is invariant and used for upgrade	0.95614207592888	lower_in_early_ESCC
ST003027	AN004962	targeted LC-MS	positive	ST003027_targeted_LCMS_combined_modes	AN004962__221	10	FALSE	-0.0234643267504522	0.858708952328632	scale sensitivity; rank-based Wilcoxon is invariant and used for upgrade	0.95614207592888	lower_in_early_ESCC
ST003027	AN004962	targeted LC-MS	positive	ST003027_targeted_LCMS_combined_modes	AN004962__247	10	FALSE	0.0659358792956102	0.862414575051085	scale sensitivity; rank-based Wilcoxon is invariant and used for upgrade	0.95614207592888	higher_in_early_ESCC
ST003027	AN004963	targeted LC-MS	negative	ST003027_targeted_LCMS_combined_modes	AN004963__128	10	FALSE	0.00689863984832143	0.863804367661605	scale sensitivity; rank-based Wilcoxon is invariant and used for upgrade	0.95614207592888	higher_in_early_ESCC
ST003027	AN004962	targeted LC-MS	positive	ST003027_targeted_LCMS_combined_modes	AN004962__263	10	FALSE	-0.0289486019769276	0.875581200629765	scale sensitivity; rank-based Wilcoxon is invariant and used for upgrade	0.962539607541625	lower_in_early_ESCC
ST003027	AN004963	targeted LC-MS	negative	ST003027_targeted_LCMS_combined_modes	AN004963__10	10	FALSE	0.0446918932812936	0.875163007950295	scale sensitivity; rank-based Wilcoxon is invariant and used for upgrade	0.962539607541625	higher_in_early_ESCC
ST003027	AN004963	targeted LC-MS	negative	ST003027_targeted_LCMS_combined_modes	AN004963__18	10	FALSE	0.0460189903533057	0.885139640601345	scale sensitivity; rank-based Wilcoxon is invariant and used for upgrade	0.966427974942284	higher_in_early_ESCC
ST003027	AN004963	targeted LC-MS	negative	ST003027_targeted_LCMS_combined_modes	AN004963__165	10	FALSE	0.0258084198191424	0.882370546167845	scale sensitivity; rank-based Wilcoxon is invariant and used for upgrade	0.966427974942284	higher_in_early_ESCC
ST003027	AN004962	targeted LC-MS	positive	ST003027_targeted_LCMS_combined_modes	AN004962__15	10	FALSE	0.0339641971370677	0.891682979493855	scale sensitivity; rank-based Wilcoxon is invariant and used for upgrade	0.970271987856025	higher_in_early_ESCC
ST003027	AN004962	targeted LC-MS	positive	ST003027_targeted_LCMS_combined_modes	AN004962__1	10	FALSE	-0.0105055735847497	0.916694814908945	scale sensitivity; rank-based Wilcoxon is invariant and used for upgrade	0.974367667502554	lower_in_early_ESCC
ST003027	AN004962	targeted LC-MS	positive	ST003027_targeted_LCMS_combined_modes	AN004962__83	10	FALSE	0.00752814222362463	0.915667215249515	scale sensitivity; rank-based Wilcoxon is invariant and used for upgrade	0.974367667502554	higher_in_early_ESCC
ST003027	AN004962	targeted LC-MS	positive	ST003027_targeted_LCMS_combined_modes	AN004962__223	10	FALSE	-0.00128573518199518	0.903372311836802	scale sensitivity; rank-based Wilcoxon is invariant and used for upgrade	0.974367667502554	lower_in_early_ESCC
ST003027	AN004963	targeted LC-MS	negative	ST003027_targeted_LCMS_combined_modes	AN004963__61	10	FALSE	-0.00295176357644646	0.915398570913218	scale sensitivity; rank-based Wilcoxon is invariant and used for upgrade	0.974367667502554	lower_in_early_ESCC
ST003027	AN004963	targeted LC-MS	negative	ST003027_targeted_LCMS_combined_modes	AN004963__79	10	FALSE	-0.0248788088277903	0.916683912248652	scale sensitivity; rank-based Wilcoxon is invariant and used for upgrade	0.974367667502554	lower_in_early_ESCC
ST003027	AN004963	targeted LC-MS	negative	ST003027_targeted_LCMS_combined_modes	AN004963__142	10	FALSE	0.00336793167914756	0.906201488290942	scale sensitivity; rank-based Wilcoxon is invariant and used for upgrade	0.974367667502554	higher_in_early_ESCC
ST003027	AN004963	targeted LC-MS	negative	ST003027_targeted_LCMS_combined_modes	AN004963__197	10	FALSE	0.0189506599770111	0.912745190613046	scale sensitivity; rank-based Wilcoxon is invariant and used for upgrade	0.974367667502554	higher_in_early_ESCC
ST003027	AN004962	targeted LC-MS	positive	ST003027_targeted_LCMS_combined_modes	AN004962__23	10	FALSE	0.00630547832260001	0.922119522368688	scale sensitivity; rank-based Wilcoxon is invariant and used for upgrade	0.976898899935145	higher_in_early_ESCC
ST003027	AN004962	targeted LC-MS	positive	ST003027_targeted_LCMS_combined_modes	AN004962__106	10	FALSE	-0.022236256124649	0.928911716220081	scale sensitivity; rank-based Wilcoxon is invariant and used for upgrade	0.97790291001994	lower_in_early_ESCC
ST003027	AN004963	targeted LC-MS	negative	ST003027_targeted_LCMS_combined_modes	AN004963__91	10	FALSE	0.00822092459967294	0.931336921133308	scale sensitivity; rank-based Wilcoxon is invariant and used for upgrade	0.97790291001994	higher_in_early_ESCC
ST003027	AN004963	targeted LC-MS	negative	ST003027_targeted_LCMS_combined_modes	AN004963__124	10	FALSE	-0.0228159170322164	0.932206512355457	scale sensitivity; rank-based Wilcoxon is invariant and used for upgrade	0.97790291001994	lower_in_early_ESCC
ST003027	AN004962	targeted LC-MS	positive	ST003027_targeted_LCMS_combined_modes	AN004962__34	10	FALSE	0.0197747320062822	0.949648899995753	scale sensitivity; rank-based Wilcoxon is invariant and used for upgrade	0.986528468927627	higher_in_early_ESCC
ST003027	AN004963	targeted LC-MS	negative	ST003027_targeted_LCMS_combined_modes	AN004963__105	10	FALSE	0.00198924628005548	0.94662604640372	scale sensitivity; rank-based Wilcoxon is invariant and used for upgrade	0.986528468927627	higher_in_early_ESCC
ST003027	AN004963	targeted LC-MS	negative	ST003027_targeted_LCMS_combined_modes	AN004963__145	10	FALSE	0.0026720808892133	0.945875053072024	scale sensitivity; rank-based Wilcoxon is invariant and used for upgrade	0.986528468927627	higher_in_early_ESCC
ST003027	AN004962	targeted LC-MS	positive	ST003027_targeted_LCMS_combined_modes	AN004962__130	10	FALSE	-0.00243113618939179	0.953315769208107	scale sensitivity; rank-based Wilcoxon is invariant and used for upgrade	0.986679085506271	lower_in_early_ESCC
ST003027	AN004962	targeted LC-MS	positive	ST003027_targeted_LCMS_combined_modes	AN004962__144	10	FALSE	0.00826816806957023	0.955941419291122	scale sensitivity; rank-based Wilcoxon is invariant and used for upgrade	0.986679085506271	higher_in_early_ESCC
ST003027	AN004962	targeted LC-MS	positive	ST003027_targeted_LCMS_combined_modes	AN004962__151	10	FALSE	0.00697962965722632	0.959855498569385	scale sensitivity; rank-based Wilcoxon is invariant and used for upgrade	0.987543637951194	higher_in_early_ESCC
ST003027	AN004963	targeted LC-MS	negative	ST003027_targeted_LCMS_combined_modes	AN004963__81	10	FALSE	-0.00306544715975696	0.963585775407194	scale sensitivity; rank-based Wilcoxon is invariant and used for upgrade	0.988214165832937	lower_in_early_ESCC
ST003027	AN004963	targeted LC-MS	negative	ST003027_targeted_LCMS_combined_modes	AN004963__33	10	FALSE	0.0034312917196393	0.98336935174043	scale sensitivity; rank-based Wilcoxon is invariant and used for upgrade	0.992152002678952	higher_in_early_ESCC
ST003027	AN004963	targeted LC-MS	negative	ST003027_targeted_LCMS_combined_modes	AN004963__106	10	FALSE	0.00790217304931529	0.971148937592608	scale sensitivity; rank-based Wilcoxon is invariant and used for upgrade	0.992152002678952	higher_in_early_ESCC
ST003027	AN004963	targeted LC-MS	negative	ST003027_targeted_LCMS_combined_modes	AN004963__117	10	FALSE	0.000518780775125514	0.985100828845043	scale sensitivity; rank-based Wilcoxon is invariant and used for upgrade	0.992152002678952	higher_in_early_ESCC
ST003027	AN004963	targeted LC-MS	negative	ST003027_targeted_LCMS_combined_modes	AN004963__119	10	FALSE	-0.00303417288309679	0.985970370263507	scale sensitivity; rank-based Wilcoxon is invariant and used for upgrade	0.992152002678952	lower_in_early_ESCC
ST003027	AN004963	targeted LC-MS	negative	ST003027_targeted_LCMS_combined_modes	AN004963__167	10	FALSE	0.00073999307363969	0.978723483676231	scale sensitivity; rank-based Wilcoxon is invariant and used for upgrade	0.992152002678952	higher_in_early_ESCC
ST003027	AN004963	targeted LC-MS	negative	ST003027_targeted_LCMS_combined_modes	AN004963__212	10	FALSE	0.00202094269999528	0.981970295164457	scale sensitivity; rank-based Wilcoxon is invariant and used for upgrade	0.992152002678952	higher_in_early_ESCC
ST003027	AN004963	targeted LC-MS	negative	ST003027_targeted_LCMS_combined_modes	AN004963__53	10	FALSE	0.000833380932681038	0.994933978398134	scale sensitivity; rank-based Wilcoxon is invariant and used for upgrade	0.997717918558079	higher_in_early_ESCC
ST003027	AN004963	targeted LC-MS	negative	ST003027_targeted_LCMS_combined_modes	AN004963__187	10	FALSE	7.93689297790335e-05	0.997717918558079	scale sensitivity; rank-based Wilcoxon is invariant and used for upgrade	0.997717918558079	higher_in_early_ESCC
ST003027	AN004962	targeted LC-MS	positive	ST003027_targeted_LCMS_combined_modes	AN004962__243	100	FALSE	0.591109148176571	8.51827496913863e-10	scale sensitivity; rank-based Wilcoxon is invariant and used for upgrade	2.7343662650935e-07	higher_in_early_ESCC
ST003027	AN004962	targeted LC-MS	positive	ST003027_targeted_LCMS_combined_modes	AN004962__67	100	FALSE	1.44482727518188	2.05107173803796e-09	scale sensitivity; rank-based Wilcoxon is invariant and used for upgrade	3.29197013955092e-07	higher_in_early_ESCC
ST003027	AN004962	targeted LC-MS	positive	ST003027_targeted_LCMS_combined_modes	AN004962__110	100	FALSE	1.61959894822606	1.04680042421987e-08	scale sensitivity; rank-based Wilcoxon is invariant and used for upgrade	1.12007645391527e-06	higher_in_early_ESCC
ST003027	AN004962	targeted LC-MS	positive	ST003027_targeted_LCMS_combined_modes	AN004962__2	100	FALSE	0.771019180708215	2.8263850447782e-08	scale sensitivity; rank-based Wilcoxon is invariant and used for upgrade	1.8145391987476e-06	higher_in_early_ESCC
ST003027	AN004963	targeted LC-MS	negative	ST003027_targeted_LCMS_combined_modes	AN004963__179	100	FALSE	-1.31855955079721	2.70251011824545e-08	scale sensitivity; rank-based Wilcoxon is invariant and used for upgrade	1.8145391987476e-06	lower_in_early_ESCC
ST003027	AN004962	targeted LC-MS	positive	ST003027_targeted_LCMS_combined_modes	AN004962__85	100	FALSE	0.552453952216411	4.56256900250301e-08	scale sensitivity; rank-based Wilcoxon is invariant and used for upgrade	2.44097441633911e-06	higher_in_early_ESCC
ST003027	AN004962	targeted LC-MS	positive	ST003027_targeted_LCMS_combined_modes	AN004962__251	100	FALSE	1.66697183199618	6.55110956258342e-08	scale sensitivity; rank-based Wilcoxon is invariant and used for upgrade	3.00415167084183e-06	higher_in_early_ESCC
ST003027	AN004962	targeted LC-MS	positive	ST003027_targeted_LCMS_combined_modes	AN004962__41	100	FALSE	0.869820341981014	8.74181386689211e-08	scale sensitivity; rank-based Wilcoxon is invariant and used for upgrade	3.19095665358804e-06	higher_in_early_ESCC
ST003027	AN004963	targeted LC-MS	negative	ST003027_targeted_LCMS_combined_modes	AN004963__148	100	FALSE	0.700954559482003	8.94660743996646e-08	scale sensitivity; rank-based Wilcoxon is invariant and used for upgrade	3.19095665358804e-06	higher_in_early_ESCC
ST003027	AN004963	targeted LC-MS	negative	ST003027_targeted_LCMS_combined_modes	AN004963__39	100	FALSE	-1.13667076104234	3.77540980202835e-07	scale sensitivity; rank-based Wilcoxon is invariant and used for upgrade	1.2119065464511e-05	lower_in_early_ESCC
ST003027	AN004962	targeted LC-MS	positive	ST003027_targeted_LCMS_combined_modes	AN004962__82	100	FALSE	0.730528466422426	5.03373992175116e-07	scale sensitivity; rank-based Wilcoxon is invariant and used for upgrade	1.34652542906843e-05	higher_in_early_ESCC
ST003027	AN004962	targeted LC-MS	positive	ST003027_targeted_LCMS_combined_modes	AN004962__174	100	FALSE	1.48986362819828	5.02329543797888e-07	scale sensitivity; rank-based Wilcoxon is invariant and used for upgrade	1.34652542906843e-05	higher_in_early_ESCC
ST003027	AN004962	targeted LC-MS	positive	ST003027_targeted_LCMS_combined_modes	AN004962__59	100	FALSE	0.713513078953252	5.62820915156023e-07	scale sensitivity; rank-based Wilcoxon is invariant and used for upgrade	1.38973472126987e-05	higher_in_early_ESCC
ST003027	AN004963	targeted LC-MS	negative	ST003027_targeted_LCMS_combined_modes	AN004963__28	100	FALSE	-1.4415376144927	8.44915899940438e-07	scale sensitivity; rank-based Wilcoxon is invariant and used for upgrade	1.937271456292e-05	lower_in_early_ESCC
ST003027	AN004963	targeted LC-MS	negative	ST003027_targeted_LCMS_combined_modes	AN004963__127	100	FALSE	0.514253167132285	1.00251758733818e-06	scale sensitivity; rank-based Wilcoxon is invariant and used for upgrade	2.1453876369037e-05	higher_in_early_ESCC
ST003027	AN004963	targeted LC-MS	negative	ST003027_targeted_LCMS_combined_modes	AN004963__27	100	FALSE	-1.00177302131319	1.10753131311047e-06	scale sensitivity; rank-based Wilcoxon is invariant and used for upgrade	2.22198469692788e-05	lower_in_early_ESCC
ST003027	AN004962	targeted LC-MS	positive	ST003027_targeted_LCMS_combined_modes	AN004962__52	100	FALSE	1.70105575113482	2.92486775192152e-06	scale sensitivity; rank-based Wilcoxon is invariant and used for upgrade	5.52283851980476e-05	higher_in_early_ESCC
ST003027	AN004962	targeted LC-MS	positive	ST003027_targeted_LCMS_combined_modes	AN004962__95	100	FALSE	1.52033328839381	4.23908423132224e-06	scale sensitivity; rank-based Wilcoxon is invariant and used for upgrade	7.55970021252466e-05	higher_in_early_ESCC
ST003027	AN004962	targeted LC-MS	positive	ST003027_targeted_LCMS_combined_modes	AN004962__31	100	FALSE	0.772626170030747	9.42013238603528e-06	scale sensitivity; rank-based Wilcoxon is invariant and used for upgrade	0.000159150657679859	higher_in_early_ESCC
ST003027	AN004962	targeted LC-MS	positive	ST003027_targeted_LCMS_combined_modes	AN004962__17	100	FALSE	0.363220379597085	1.13686439899389e-05	scale sensitivity; rank-based Wilcoxon is invariant and used for upgrade	0.00018246673603852	higher_in_early_ESCC
ST003027	AN004963	targeted LC-MS	negative	ST003027_targeted_LCMS_combined_modes	AN004963__207	100	FALSE	-1.58934777584072	1.76608203327704e-05	scale sensitivity; rank-based Wilcoxon is invariant and used for upgrade	0.000269958253658061	lower_in_early_ESCC
ST003027	AN004962	targeted LC-MS	positive	ST003027_targeted_LCMS_combined_modes	AN004962__29	100	FALSE	0.656012883817137	1.87174240140756e-05	scale sensitivity; rank-based Wilcoxon is invariant and used for upgrade	0.000273104232205376	higher_in_early_ESCC
ST003027	AN004963	targeted LC-MS	negative	ST003027_targeted_LCMS_combined_modes	AN004963__173	100	FALSE	1.20714353363228	2.0607050446273e-05	scale sensitivity; rank-based Wilcoxon is invariant and used for upgrade	0.000287602747532767	higher_in_early_ESCC
ST003027	AN004962	targeted LC-MS	positive	ST003027_targeted_LCMS_combined_modes	AN004962__184	100	FALSE	2.12073215431355	2.258707835712e-05	scale sensitivity; rank-based Wilcoxon is invariant and used for upgrade	0.000290018086105421	higher_in_early_ESCC
ST003027	AN004963	targeted LC-MS	negative	ST003027_targeted_LCMS_combined_modes	AN004963__180	100	FALSE	0.839037014970655	2.17472065056317e-05	scale sensitivity; rank-based Wilcoxon is invariant and used for upgrade	0.000290018086105421	higher_in_early_ESCC
ST003027	AN004962	targeted LC-MS	positive	ST003027_targeted_LCMS_combined_modes	AN004962__209	100	FALSE	0.62179761321601	2.44559086358466e-05	scale sensitivity; rank-based Wilcoxon is invariant and used for upgrade	0.000301936410465645	higher_in_early_ESCC
ST003027	AN004963	targeted LC-MS	negative	ST003027_targeted_LCMS_combined_modes	AN004963__92	100	FALSE	-1.06360614729123	2.67263863891169e-05	scale sensitivity; rank-based Wilcoxon is invariant and used for upgrade	0.000317747038181723	lower_in_early_ESCC
ST003027	AN004962	targeted LC-MS	positive	ST003027_targeted_LCMS_combined_modes	AN004962__112	100	FALSE	0.346139153708525	3.23145373195112e-05	scale sensitivity; rank-based Wilcoxon is invariant and used for upgrade	0.000366776139772229	higher_in_early_ESCC
ST003027	AN004963	targeted LC-MS	negative	ST003027_targeted_LCMS_combined_modes	AN004963__86	100	FALSE	1.45586822223912	3.39124426262154e-05	scale sensitivity; rank-based Wilcoxon is invariant and used for upgrade	0.000366776139772229	higher_in_early_ESCC
ST003027	AN004963	targeted LC-MS	negative	ST003027_targeted_LCMS_combined_modes	AN004963__122	100	FALSE	0.734412647412887	3.42781439039466e-05	scale sensitivity; rank-based Wilcoxon is invariant and used for upgrade	0.000366776139772229	higher_in_early_ESCC
ST003027	AN004963	targeted LC-MS	negative	ST003027_targeted_LCMS_combined_modes	AN004963__69	100	FALSE	1.39587687236339	3.81746747011293e-05	scale sensitivity; rank-based Wilcoxon is invariant and used for upgrade	0.000385177175646493	higher_in_early_ESCC
ST003027	AN004963	targeted LC-MS	negative	ST003027_targeted_LCMS_combined_modes	AN004963__168	100	FALSE	0.823947716025095	3.83977246750398e-05	scale sensitivity; rank-based Wilcoxon is invariant and used for upgrade	0.000385177175646493	higher_in_early_ESCC
ST003027	AN004963	targeted LC-MS	negative	ST003027_targeted_LCMS_combined_modes	AN004963__78	100	FALSE	0.90599575680926	4.11660791245436e-05	scale sensitivity; rank-based Wilcoxon is invariant and used for upgrade	0.000400433678756924	higher_in_early_ESCC
ST003027	AN004963	targeted LC-MS	negative	ST003027_targeted_LCMS_combined_modes	AN004963__171	100	FALSE	1.16182910462666	4.24315527158043e-05	scale sensitivity; rank-based Wilcoxon is invariant and used for upgrade	0.000400603777110976	higher_in_early_ESCC
ST003027	AN004962	targeted LC-MS	positive	ST003027_targeted_LCMS_combined_modes	AN004962__98	100	FALSE	0.99341911238947	4.59489112506298e-05	scale sensitivity; rank-based Wilcoxon is invariant and used for upgrade	0.000421417157470062	higher_in_early_ESCC
ST003027	AN004962	targeted LC-MS	positive	ST003027_targeted_LCMS_combined_modes	AN004962__47	100	FALSE	-0.810381300511917	6.76948518422029e-05	scale sensitivity; rank-based Wilcoxon is invariant and used for upgrade	0.000587298579495868	lower_in_early_ESCC
ST003027	AN004962	targeted LC-MS	positive	ST003027_targeted_LCMS_combined_modes	AN004962__229	100	FALSE	0.56493606176549	6.60110633724877e-05	scale sensitivity; rank-based Wilcoxon is invariant and used for upgrade	0.000587298579495868	higher_in_early_ESCC
ST003027	AN004962	targeted LC-MS	positive	ST003027_targeted_LCMS_combined_modes	AN004962__54	100	FALSE	0.58560559430448	7.58585039521548e-05	scale sensitivity; rank-based Wilcoxon is invariant and used for upgrade	0.000624373840221582	higher_in_early_ESCC
ST003027	AN004963	targeted LC-MS	negative	ST003027_targeted_LCMS_combined_modes	AN004963__54	100	FALSE	-0.949955615830666	7.55409993212929e-05	scale sensitivity; rank-based Wilcoxon is invariant and used for upgrade	0.000624373840221582	lower_in_early_ESCC
ST003027	AN004962	targeted LC-MS	positive	ST003027_targeted_LCMS_combined_modes	AN004962__21	100	FALSE	-1.30760356809073	8.15588155686277e-05	scale sensitivity; rank-based Wilcoxon is invariant and used for upgrade	0.000644989539268924	lower_in_early_ESCC
ST003027	AN004962	targeted LC-MS	positive	ST003027_targeted_LCMS_combined_modes	AN004962__107	100	FALSE	0.324543018968601	8.34171643757698e-05	scale sensitivity; rank-based Wilcoxon is invariant and used for upgrade	0.000644989539268924	higher_in_early_ESCC
ST003027	AN004962	targeted LC-MS	positive	ST003027_targeted_LCMS_combined_modes	AN004962__183	100	FALSE	2.65933494083726	8.64004678771456e-05	scale sensitivity; rank-based Wilcoxon is invariant and used for upgrade	0.000644989539268924	higher_in_early_ESCC
ST003027	AN004962	targeted LC-MS	positive	ST003027_targeted_LCMS_combined_modes	AN004962__253	100	FALSE	1.07365197561501	8.54767782878243e-05	scale sensitivity; rank-based Wilcoxon is invariant and used for upgrade	0.000644989539268924	higher_in_early_ESCC
ST003027	AN004962	targeted LC-MS	positive	ST003027_targeted_LCMS_combined_modes	AN004962__255	100	FALSE	0.487672910800631	9.05887724467423e-05	scale sensitivity; rank-based Wilcoxon is invariant and used for upgrade	0.000660886271713734	higher_in_early_ESCC
ST003027	AN004963	targeted LC-MS	negative	ST003027_targeted_LCMS_combined_modes	AN004963__199	100	FALSE	-1.08073236768044	0.000109963353824081	scale sensitivity; rank-based Wilcoxon is invariant and used for upgrade	0.000784405257278443	lower_in_early_ESCC
ST003027	AN004962	targeted LC-MS	positive	ST003027_targeted_LCMS_combined_modes	AN004962__228	100	FALSE	0.721097156960086	0.000122902355010102	scale sensitivity; rank-based Wilcoxon is invariant and used for upgrade	0.000857644694744409	higher_in_early_ESCC
ST003027	AN004963	targeted LC-MS	negative	ST003027_targeted_LCMS_combined_modes	AN004963__222	100	FALSE	0.385651382318724	0.000151485101232128	scale sensitivity; rank-based Wilcoxon is invariant and used for upgrade	0.00103461101054283	higher_in_early_ESCC
ST003027	AN004962	targeted LC-MS	positive	ST003027_targeted_LCMS_combined_modes	AN004962__252	100	FALSE	0.540256291686365	0.000164947784447107	scale sensitivity; rank-based Wilcoxon is invariant and used for upgrade	0.00110308830849003	higher_in_early_ESCC
ST003027	AN004963	targeted LC-MS	negative	ST003027_targeted_LCMS_combined_modes	AN004963__95	100	FALSE	-1.28942876232603	0.000195472199191938	scale sensitivity; rank-based Wilcoxon is invariant and used for upgrade	0.00128054236613494	lower_in_early_ESCC
ST003027	AN004962	targeted LC-MS	positive	ST003027_targeted_LCMS_combined_modes	AN004962__88	100	FALSE	0.48527919448183	0.000261870482520823	scale sensitivity; rank-based Wilcoxon is invariant and used for upgrade	0.00168120849778368	higher_in_early_ESCC
ST003027	AN004963	targeted LC-MS	negative	ST003027_targeted_LCMS_combined_modes	AN004963__211	100	FALSE	-1.00299933342846	0.00027415927792371	scale sensitivity; rank-based Wilcoxon is invariant and used for upgrade	0.00172559074928453	lower_in_early_ESCC
ST003027	AN004962	targeted LC-MS	positive	ST003027_targeted_LCMS_combined_modes	AN004962__260	100	FALSE	0.573055073053504	0.00029010013860013	scale sensitivity; rank-based Wilcoxon is invariant and used for upgrade	0.00179081047097388	higher_in_early_ESCC
ST003027	AN004962	targeted LC-MS	positive	ST003027_targeted_LCMS_combined_modes	AN004962__217	100	FALSE	0.590144613134169	0.000300951721526985	scale sensitivity; rank-based Wilcoxon is invariant and used for upgrade	0.00181148169891569	higher_in_early_ESCC
ST003027	AN004962	targeted LC-MS	positive	ST003027_targeted_LCMS_combined_modes	AN004962__258	100	FALSE	0.429127882205821	0.000304735239069928	scale sensitivity; rank-based Wilcoxon is invariant and used for upgrade	0.00181148169891569	higher_in_early_ESCC
ST003027	AN004963	targeted LC-MS	negative	ST003027_targeted_LCMS_combined_modes	AN004963__118	100	FALSE	0.732082663404792	0.000326078784909057	scale sensitivity; rank-based Wilcoxon is invariant and used for upgrade	0.00190311436283286	higher_in_early_ESCC
ST003027	AN004962	targeted LC-MS	positive	ST003027_targeted_LCMS_combined_modes	AN004962__75	100	FALSE	0.371551392421312	0.000347878301921046	scale sensitivity; rank-based Wilcoxon is invariant and used for upgrade	0.00199408812351171	higher_in_early_ESCC
ST003027	AN004963	targeted LC-MS	negative	ST003027_targeted_LCMS_combined_modes	AN004963__32	100	FALSE	0.400677164403251	0.000364998879105132	scale sensitivity; rank-based Wilcoxon is invariant and used for upgrade	0.00205552000338153	higher_in_early_ESCC
ST003027	AN004962	targeted LC-MS	positive	ST003027_targeted_LCMS_combined_modes	AN004962__66	100	FALSE	0.354507683353861	0.000433229933116006	scale sensitivity; rank-based Wilcoxon is invariant and used for upgrade	0.00239770359534893	higher_in_early_ESCC
ST003027	AN004962	targeted LC-MS	positive	ST003027_targeted_LCMS_combined_modes	AN004962__218	100	FALSE	0.719599987318867	0.000456282016287578	scale sensitivity; rank-based Wilcoxon is invariant and used for upgrade	0.00248248351234428	higher_in_early_ESCC
ST003027	AN004962	targeted LC-MS	positive	ST003027_targeted_LCMS_combined_modes	AN004962__114	100	FALSE	0.728166095219275	0.000486138912131762	scale sensitivity; rank-based Wilcoxon is invariant and used for upgrade	0.00257334661517659	higher_in_early_ESCC
ST003027	AN004962	targeted LC-MS	positive	ST003027_targeted_LCMS_combined_modes	AN004962__191	100	FALSE	0.722999756544151	0.000489016023444773	scale sensitivity; rank-based Wilcoxon is invariant and used for upgrade	0.00257334661517659	higher_in_early_ESCC
ST003027	AN004963	targeted LC-MS	negative	ST003027_targeted_LCMS_combined_modes	AN004963__107	100	FALSE	0.577962043817205	0.000531491780984187	scale sensitivity; rank-based Wilcoxon is invariant and used for upgrade	0.00275175583380522	higher_in_early_ESCC
ST003027	AN004962	targeted LC-MS	positive	ST003027_targeted_LCMS_combined_modes	AN004962__239	100	FALSE	0.370374595296674	0.000565953859817932	scale sensitivity; rank-based Wilcoxon is invariant and used for upgrade	0.00288366966669137	higher_in_early_ESCC
ST003027	AN004962	targeted LC-MS	positive	ST003027_targeted_LCMS_combined_modes	AN004962__8	100	FALSE	0.262663275992345	0.000594782656291291	scale sensitivity; rank-based Wilcoxon is invariant and used for upgrade	0.00298320676046101	higher_in_early_ESCC
ST003027	AN004962	targeted LC-MS	positive	ST003027_targeted_LCMS_combined_modes	AN004962__103	100	FALSE	0.825550861581838	0.000632340229063393	scale sensitivity; rank-based Wilcoxon is invariant and used for upgrade	0.00312278790045152	higher_in_early_ESCC
ST003027	AN004963	targeted LC-MS	negative	ST003027_targeted_LCMS_combined_modes	AN004963__221	100	FALSE	-1.00397581386727	0.000743578373701967	scale sensitivity; rank-based Wilcoxon is invariant and used for upgrade	0.00361649481755047	lower_in_early_ESCC
ST003027	AN004963	targeted LC-MS	negative	ST003027_targeted_LCMS_combined_modes	AN004963__126	100	FALSE	0.45200328832733	0.000816564484237274	scale sensitivity; rank-based Wilcoxon is invariant and used for upgrade	0.00391219700656962	higher_in_early_ESCC
ST003027	AN004963	targeted LC-MS	negative	ST003027_targeted_LCMS_combined_modes	AN004963__185	100	FALSE	1.10422841572685	0.000906995315100771	scale sensitivity; rank-based Wilcoxon is invariant and used for upgrade	0.00428155141393158	higher_in_early_ESCC
ST003027	AN004962	targeted LC-MS	positive	ST003027_targeted_LCMS_combined_modes	AN004962__37	100	FALSE	0.398236730168369	0.00099107625997775	scale sensitivity; rank-based Wilcoxon is invariant and used for upgrade	0.00461065912250518	higher_in_early_ESCC
ST003027	AN004962	targeted LC-MS	positive	ST003027_targeted_LCMS_combined_modes	AN004962__165	100	FALSE	0.39840333794775	0.00112716483968942	scale sensitivity; rank-based Wilcoxon is invariant and used for upgrade	0.00516885590771862	higher_in_early_ESCC
ST003027	AN004962	targeted LC-MS	positive	ST003027_targeted_LCMS_combined_modes	AN004962__232	100	FALSE	0.512709516266075	0.00126389551403045	scale sensitivity; rank-based Wilcoxon is invariant and used for upgrade	0.00571423183103909	higher_in_early_ESCC
ST003027	AN004962	targeted LC-MS	positive	ST003027_targeted_LCMS_combined_modes	AN004962__65	100	FALSE	0.398280732533069	0.00129671547267562	scale sensitivity; rank-based Wilcoxon is invariant and used for upgrade	0.0057811898156788	higher_in_early_ESCC
ST003027	AN004962	targeted LC-MS	positive	ST003027_targeted_LCMS_combined_modes	AN004962__79	100	FALSE	-0.857004475878868	0.00143285213097052	scale sensitivity; rank-based Wilcoxon is invariant and used for upgrade	0.00630062375399365	lower_in_early_ESCC
ST003027	AN004963	targeted LC-MS	negative	ST003027_targeted_LCMS_combined_modes	AN004963__19	100	FALSE	-1.06385100168611	0.00160052931635726	scale sensitivity; rank-based Wilcoxon is invariant and used for upgrade	0.00694283662906323	lower_in_early_ESCC
ST003027	AN004962	targeted LC-MS	positive	ST003027_targeted_LCMS_combined_modes	AN004962__167	100	FALSE	0.289307521425608	0.0017929011572363	scale sensitivity; rank-based Wilcoxon is invariant and used for upgrade	0.00767361695297137	higher_in_early_ESCC
ST003027	AN004962	targeted LC-MS	positive	ST003027_targeted_LCMS_combined_modes	AN004962__113	100	FALSE	0.393294618084321	0.00189673520229461	scale sensitivity; rank-based Wilcoxon is invariant and used for upgrade	0.00799180007662609	higher_in_early_ESCC
ST003027	AN004962	targeted LC-MS	positive	ST003027_targeted_LCMS_combined_modes	AN004962__204	100	FALSE	0.681509446019361	0.00191703615545237	scale sensitivity; rank-based Wilcoxon is invariant and used for upgrade	0.00799180007662609	higher_in_early_ESCC
ST003027	AN004962	targeted LC-MS	positive	ST003027_targeted_LCMS_combined_modes	AN004962__140	100	FALSE	0.371502900982863	0.00206521796010335	scale sensitivity; rank-based Wilcoxon is invariant and used for upgrade	0.00847421686630523	higher_in_early_ESCC
ST003027	AN004962	targeted LC-MS	positive	ST003027_targeted_LCMS_combined_modes	AN004962__149	100	FALSE	-0.447077631118657	0.0021119543592038	scale sensitivity; rank-based Wilcoxon is invariant and used for upgrade	0.00847421686630523	lower_in_early_ESCC
ST003027	AN004963	targeted LC-MS	negative	ST003027_targeted_LCMS_combined_modes	AN004963__191	100	FALSE	-1.37599828907389	0.00209228492857096	scale sensitivity; rank-based Wilcoxon is invariant and used for upgrade	0.00847421686630523	lower_in_early_ESCC
ST003027	AN004963	targeted LC-MS	negative	ST003027_targeted_LCMS_combined_modes	AN004963__76	100	FALSE	-0.955824735351046	0.0024384276163661	scale sensitivity; rank-based Wilcoxon is invariant and used for upgrade	0.00966339833152489	lower_in_early_ESCC
ST003027	AN004963	targeted LC-MS	negative	ST003027_targeted_LCMS_combined_modes	AN004963__114	100	FALSE	-1.04468124602225	0.00266233360621991	scale sensitivity; rank-based Wilcoxon is invariant and used for upgrade	0.0104220620438609	lower_in_early_ESCC
ST003027	AN004962	targeted LC-MS	positive	ST003027_targeted_LCMS_combined_modes	AN004962__227	100	FALSE	-0.653234074263957	0.0027952188060199	scale sensitivity; rank-based Wilcoxon is invariant and used for upgrade	0.0108104245389444	lower_in_early_ESCC
ST003027	AN004963	targeted LC-MS	negative	ST003027_targeted_LCMS_combined_modes	AN004963__29	100	FALSE	0.185271526549708	0.00285935554958209	scale sensitivity; rank-based Wilcoxon is invariant and used for upgrade	0.0109268229930459	higher_in_early_ESCC
ST003027	AN004962	targeted LC-MS	positive	ST003027_targeted_LCMS_combined_modes	AN004962__108	100	FALSE	-0.754361316037114	0.00293376638074623	scale sensitivity; rank-based Wilcoxon is invariant and used for upgrade	0.0110792824496416	lower_in_early_ESCC
ST003027	AN004962	targeted LC-MS	positive	ST003027_targeted_LCMS_combined_modes	AN004962__62	100	FALSE	0.344221413007626	0.00313506800798544	scale sensitivity; rank-based Wilcoxon is invariant and used for upgrade	0.0115923321999038	higher_in_early_ESCC
ST003027	AN004963	targeted LC-MS	negative	ST003027_targeted_LCMS_combined_modes	AN004963__129	100	FALSE	-0.466387337637549	0.00314184704483374	scale sensitivity; rank-based Wilcoxon is invariant and used for upgrade	0.0115923321999038	lower_in_early_ESCC
ST003027	AN004963	targeted LC-MS	negative	ST003027_targeted_LCMS_combined_modes	AN004963__3	100	FALSE	-0.748724723621684	0.00320097145921582	scale sensitivity; rank-based Wilcoxon is invariant and used for upgrade	0.0116762708910032	lower_in_early_ESCC
ST003027	AN004962	targeted LC-MS	positive	ST003027_targeted_LCMS_combined_modes	AN004962__199	100	FALSE	0.52896087484662	0.00370794658582475	scale sensitivity; rank-based Wilcoxon is invariant and used for upgrade	0.0133736051016825	higher_in_early_ESCC
ST003027	AN004962	targeted LC-MS	positive	ST003027_targeted_LCMS_combined_modes	AN004962__196	100	FALSE	-0.912107402632355	0.00389505466464257	scale sensitivity; rank-based Wilcoxon is invariant and used for upgrade	0.0138923616372252	lower_in_early_ESCC
ST003027	AN004963	targeted LC-MS	negative	ST003027_targeted_LCMS_combined_modes	AN004963__139	100	FALSE	0.520288366238173	0.00406293611023969	scale sensitivity; rank-based Wilcoxon is invariant and used for upgrade	0.0143318955097466	higher_in_early_ESCC
ST003027	AN004962	targeted LC-MS	positive	ST003027_targeted_LCMS_combined_modes	AN004962__246	100	FALSE	0.720984453329539	0.0044186210406708	scale sensitivity; rank-based Wilcoxon is invariant and used for upgrade	0.0154171451527753	higher_in_early_ESCC
ST003027	AN004962	targeted LC-MS	positive	ST003027_targeted_LCMS_combined_modes	AN004962__128	100	FALSE	0.376186479507343	0.00482549243325943	scale sensitivity; rank-based Wilcoxon is invariant and used for upgrade	0.0161578880264622	higher_in_early_ESCC
ST003027	AN004962	targeted LC-MS	positive	ST003027_targeted_LCMS_combined_modes	AN004962__244	100	FALSE	0.616089517540726	0.00473694201883499	scale sensitivity; rank-based Wilcoxon is invariant and used for upgrade	0.0161578880264622	higher_in_early_ESCC
ST003027	AN004963	targeted LC-MS	negative	ST003027_targeted_LCMS_combined_modes	AN004963__102	100	FALSE	0.632137428685894	0.00475054581075799	scale sensitivity; rank-based Wilcoxon is invariant and used for upgrade	0.0161578880264622	higher_in_early_ESCC
ST003027	AN004963	targeted LC-MS	negative	ST003027_targeted_LCMS_combined_modes	AN004963__115	100	FALSE	-0.285020682617223	0.0048322655780074	scale sensitivity; rank-based Wilcoxon is invariant and used for upgrade	0.0161578880264622	lower_in_early_ESCC
ST003027	AN004962	targeted LC-MS	positive	ST003027_targeted_LCMS_combined_modes	AN004962__33	100	FALSE	0.399630327072394	0.00552185379796952	scale sensitivity; rank-based Wilcoxon is invariant and used for upgrade	0.0182733512283321	higher_in_early_ESCC
ST003027	AN004962	targeted LC-MS	positive	ST003027_targeted_LCMS_combined_modes	AN004962__237	100	FALSE	0.231115381059537	0.00585464804821634	scale sensitivity; rank-based Wilcoxon is invariant and used for upgrade	0.0190721687312349	higher_in_early_ESCC
ST003027	AN004963	targeted LC-MS	negative	ST003027_targeted_LCMS_combined_modes	AN004963__206	100	FALSE	-1.09032932212184	0.00588207073019394	scale sensitivity; rank-based Wilcoxon is invariant and used for upgrade	0.0190721687312349	lower_in_early_ESCC
ST003027	AN004963	targeted LC-MS	negative	ST003027_targeted_LCMS_combined_modes	AN004963__217	100	FALSE	0.355981257814106	0.00603746658401832	scale sensitivity; rank-based Wilcoxon is invariant and used for upgrade	0.0193802677346988	higher_in_early_ESCC
ST003027	AN004963	targeted LC-MS	negative	ST003027_targeted_LCMS_combined_modes	AN004963__151	100	FALSE	0.278556171973576	0.0063818096256784	scale sensitivity; rank-based Wilcoxon is invariant and used for upgrade	0.0202827810875521	higher_in_early_ESCC
ST003027	AN004962	targeted LC-MS	positive	ST003027_targeted_LCMS_combined_modes	AN004962__3	100	FALSE	0.186701405591073	0.0069126037334055	scale sensitivity; rank-based Wilcoxon is invariant and used for upgrade	0.0217543705727761	higher_in_early_ESCC
ST003027	AN004962	targeted LC-MS	positive	ST003027_targeted_LCMS_combined_modes	AN004962__242	100	FALSE	-0.762863525204261	0.00701369830902093	scale sensitivity; rank-based Wilcoxon is invariant and used for upgrade	0.0218582248271429	lower_in_early_ESCC
ST003027	AN004962	targeted LC-MS	positive	ST003027_targeted_LCMS_combined_modes	AN004962__189	100	FALSE	-0.588473479141065	0.0083352415274825	scale sensitivity; rank-based Wilcoxon is invariant and used for upgrade	0.0257270435607873	lower_in_early_ESCC
ST003027	AN004963	targeted LC-MS	negative	ST003027_targeted_LCMS_combined_modes	AN004963__103	100	FALSE	0.375716651602222	0.0088767840269425	scale sensitivity; rank-based Wilcoxon is invariant and used for upgrade	0.0271375968823671	higher_in_early_ESCC
ST003027	AN004963	targeted LC-MS	negative	ST003027_targeted_LCMS_combined_modes	AN004963__218	100	FALSE	0.237599151729414	0.0106247239455725	scale sensitivity; rank-based Wilcoxon is invariant and used for upgrade	0.032174871571026	higher_in_early_ESCC
ST003027	AN004962	targeted LC-MS	positive	ST003027_targeted_LCMS_combined_modes	AN004962__262	100	FALSE	0.397568626990632	0.0115332382495988	scale sensitivity; rank-based Wilcoxon is invariant and used for upgrade	0.0345997147487963	higher_in_early_ESCC
ST003027	AN004963	targeted LC-MS	negative	ST003027_targeted_LCMS_combined_modes	AN004963__49	100	FALSE	-0.303191211711996	0.0119597610805625	scale sensitivity; rank-based Wilcoxon is invariant and used for upgrade	0.0355470676561163	lower_in_early_ESCC
ST003027	AN004962	targeted LC-MS	positive	ST003027_targeted_LCMS_combined_modes	AN004962__61	100	FALSE	0.310027721738313	0.0132705345247583	scale sensitivity; rank-based Wilcoxon is invariant and used for upgrade	0.0387258325677039	higher_in_early_ESCC
ST003027	AN004962	targeted LC-MS	positive	ST003027_targeted_LCMS_combined_modes	AN004962__146	100	FALSE	0.535607437364118	0.0131864359517758	scale sensitivity; rank-based Wilcoxon is invariant and used for upgrade	0.0387258325677039	higher_in_early_ESCC
ST003027	AN004962	targeted LC-MS	positive	ST003027_targeted_LCMS_combined_modes	AN004962__214	100	FALSE	0.20815173860351	0.0135708095724657	scale sensitivity; rank-based Wilcoxon is invariant and used for upgrade	0.0392453141690224	higher_in_early_ESCC
ST003027	AN004962	targeted LC-MS	positive	ST003027_targeted_LCMS_combined_modes	AN004962__141	100	FALSE	0.655637818424921	0.0141690645639533	scale sensitivity; rank-based Wilcoxon is invariant and used for upgrade	0.0406095511163305	higher_in_early_ESCC
ST003027	AN004962	targeted LC-MS	positive	ST003027_targeted_LCMS_combined_modes	AN004962__53	100	FALSE	0.235534289150756	0.0151035680742841	scale sensitivity; rank-based Wilcoxon is invariant and used for upgrade	0.042904826122524	higher_in_early_ESCC
ST003027	AN004962	targeted LC-MS	positive	ST003027_targeted_LCMS_combined_modes	AN004962__126	100	FALSE	0.208757096888865	0.0152806957942352	scale sensitivity; rank-based Wilcoxon is invariant and used for upgrade	0.043027222367978	higher_in_early_ESCC
ST003027	AN004962	targeted LC-MS	positive	ST003027_targeted_LCMS_combined_modes	AN004962__185	100	FALSE	0.563852750644937	0.0163252117696164	scale sensitivity; rank-based Wilcoxon is invariant and used for upgrade	0.045246674577349	higher_in_early_ESCC
ST003027	AN004963	targeted LC-MS	negative	ST003027_targeted_LCMS_combined_modes	AN004963__47	100	FALSE	1.08205645737274	0.0163508232117523	scale sensitivity; rank-based Wilcoxon is invariant and used for upgrade	0.045246674577349	higher_in_early_ESCC
ST003027	AN004962	targeted LC-MS	positive	ST003027_targeted_LCMS_combined_modes	AN004962__135	100	FALSE	0.869821092481544	0.0166203425304769	scale sensitivity; rank-based Wilcoxon is invariant and used for upgrade	0.0455994013015648	higher_in_early_ESCC
ST003027	AN004962	targeted LC-MS	positive	ST003027_targeted_LCMS_combined_modes	AN004962__42	100	FALSE	0.78133765979927	0.0186985065987896	scale sensitivity; rank-based Wilcoxon is invariant and used for upgrade	0.0500367540076574	higher_in_early_ESCC
ST003027	AN004962	targeted LC-MS	positive	ST003027_targeted_LCMS_combined_modes	AN004962__60	100	FALSE	0.26429951001033	0.0185436284687198	scale sensitivity; rank-based Wilcoxon is invariant and used for upgrade	0.0500367540076574	higher_in_early_ESCC
ST003027	AN004963	targeted LC-MS	negative	ST003027_targeted_LCMS_combined_modes	AN004963__135	100	FALSE	1.34691001474597	0.0187053286009934	scale sensitivity; rank-based Wilcoxon is invariant and used for upgrade	0.0500367540076574	higher_in_early_ESCC
ST003027	AN004962	targeted LC-MS	positive	ST003027_targeted_LCMS_combined_modes	AN004962__254	100	FALSE	-0.400222252150094	0.0191869044544988	scale sensitivity; rank-based Wilcoxon is invariant and used for upgrade	0.0506123326062467	lower_in_early_ESCC
ST003027	AN004963	targeted LC-MS	negative	ST003027_targeted_LCMS_combined_modes	AN004963__67	100	FALSE	0.280245989374108	0.0192358398067355	scale sensitivity; rank-based Wilcoxon is invariant and used for upgrade	0.0506123326062467	higher_in_early_ESCC
ST003027	AN004963	targeted LC-MS	negative	ST003027_targeted_LCMS_combined_modes	AN004963__41	100	FALSE	-0.28651903744602	0.0208796808138502	scale sensitivity; rank-based Wilcoxon is invariant and used for upgrade	0.0540514317842412	lower_in_early_ESCC
ST003027	AN004963	targeted LC-MS	negative	ST003027_targeted_LCMS_combined_modes	AN004963__174	100	FALSE	1.904467107873	0.0207222512625272	scale sensitivity; rank-based Wilcoxon is invariant and used for upgrade	0.0540514317842412	higher_in_early_ESCC
ST003027	AN004962	targeted LC-MS	positive	ST003027_targeted_LCMS_combined_modes	AN004962__235	100	FALSE	0.447973654452834	0.0211876828229486	scale sensitivity; rank-based Wilcoxon is invariant and used for upgrade	0.054409969489332	higher_in_early_ESCC
ST003027	AN004962	targeted LC-MS	positive	ST003027_targeted_LCMS_combined_modes	AN004962__194	100	FALSE	-1.64961080742945	0.0219551541796493	scale sensitivity; rank-based Wilcoxon is invariant and used for upgrade	0.0554929487532869	lower_in_early_ESCC
ST003027	AN004962	targeted LC-MS	positive	ST003027_targeted_LCMS_combined_modes	AN004962__201	100	FALSE	0.256861071376422	0.0219033315696085	scale sensitivity; rank-based Wilcoxon is invariant and used for upgrade	0.0554929487532869	higher_in_early_ESCC
ST003027	AN004963	targeted LC-MS	negative	ST003027_targeted_LCMS_combined_modes	AN004963__58	100	FALSE	0.460283856365619	0.0242629768748625	scale sensitivity; rank-based Wilcoxon is invariant and used for upgrade	0.0608469966939911	higher_in_early_ESCC
ST003027	AN004963	targeted LC-MS	negative	ST003027_targeted_LCMS_combined_modes	AN004963__178	100	FALSE	1.96969642474109	0.0247892303632877	scale sensitivity; rank-based Wilcoxon is invariant and used for upgrade	0.0616848290435299	higher_in_early_ESCC
ST003027	AN004962	targeted LC-MS	positive	ST003027_targeted_LCMS_combined_modes	AN004962__68	100	FALSE	0.746589892355575	0.0265042293096274	scale sensitivity; rank-based Wilcoxon is invariant and used for upgrade	0.0649454779266443	higher_in_early_ESCC
ST003027	AN004963	targeted LC-MS	negative	ST003027_targeted_LCMS_combined_modes	AN004963__8	100	FALSE	-0.401828270825302	0.0264385838984946	scale sensitivity; rank-based Wilcoxon is invariant and used for upgrade	0.0649454779266443	lower_in_early_ESCC
ST003027	AN004962	targeted LC-MS	positive	ST003027_targeted_LCMS_combined_modes	AN004962__24	100	FALSE	0.243706418084571	0.0268657515344402	scale sensitivity; rank-based Wilcoxon is invariant and used for upgrade	0.0653326230496613	higher_in_early_ESCC
ST003027	AN004963	targeted LC-MS	negative	ST003027_targeted_LCMS_combined_modes	AN004963__98	100	FALSE	-0.397940942992071	0.0305217432159879	scale sensitivity; rank-based Wilcoxon is invariant and used for upgrade	0.0736652599423467	lower_in_early_ESCC
ST003027	AN004963	targeted LC-MS	negative	ST003027_targeted_LCMS_combined_modes	AN004963__77	100	FALSE	0.395389160409826	0.0319497714310568	scale sensitivity; rank-based Wilcoxon is invariant and used for upgrade	0.0765363927564868	higher_in_early_ESCC
ST003027	AN004962	targeted LC-MS	positive	ST003027_targeted_LCMS_combined_modes	AN004962__216	100	FALSE	-0.597747138494237	0.0348371126011434	scale sensitivity; rank-based Wilcoxon is invariant and used for upgrade	0.0828349121849411	lower_in_early_ESCC
ST003027	AN004963	targeted LC-MS	negative	ST003027_targeted_LCMS_combined_modes	AN004963__175	100	FALSE	-0.435074606214565	0.0370116077336503	scale sensitivity; rank-based Wilcoxon is invariant and used for upgrade	0.0873582800183953	lower_in_early_ESCC
ST003027	AN004963	targeted LC-MS	negative	ST003027_targeted_LCMS_combined_modes	AN004963__24	100	FALSE	1.09412840355676	0.0381103235988729	scale sensitivity; rank-based Wilcoxon is invariant and used for upgrade	0.0892949917900598	higher_in_early_ESCC
ST003027	AN004963	targeted LC-MS	negative	ST003027_targeted_LCMS_combined_modes	AN004963__160	100	FALSE	0.136374175080224	0.0437905352929488	scale sensitivity; rank-based Wilcoxon is invariant and used for upgrade	0.101860592964033	higher_in_early_ESCC
ST003027	AN004962	targeted LC-MS	positive	ST003027_targeted_LCMS_combined_modes	AN004962__27	100	FALSE	-0.410882024992523	0.0446132777708485	scale sensitivity; rank-based Wilcoxon is invariant and used for upgrade	0.103027785355701	lower_in_early_ESCC
ST003027	AN004963	targeted LC-MS	negative	ST003027_targeted_LCMS_combined_modes	AN004963__14	100	FALSE	-0.283720037750158	0.0453309898238525	scale sensitivity; rank-based Wilcoxon is invariant and used for upgrade	0.103937483810405	lower_in_early_ESCC
ST003027	AN004963	targeted LC-MS	negative	ST003027_targeted_LCMS_combined_modes	AN004963__190	100	FALSE	0.340625027138534	0.0488863313709837	scale sensitivity; rank-based Wilcoxon is invariant and used for upgrade	0.111294413972239	higher_in_early_ESCC
ST003027	AN004963	targeted LC-MS	negative	ST003027_targeted_LCMS_combined_modes	AN004963__99	100	FALSE	0.248573087566127	0.0523388225597207	scale sensitivity; rank-based Wilcoxon is invariant and used for upgrade	0.118315225645566	higher_in_early_ESCC
ST003027	AN004963	targeted LC-MS	negative	ST003027_targeted_LCMS_combined_modes	AN004963__93	100	FALSE	0.58080792002754	0.0576356031101438	scale sensitivity; rank-based Wilcoxon is invariant and used for upgrade	0.129377822366127	higher_in_early_ESCC
ST003027	AN004962	targeted LC-MS	positive	ST003027_targeted_LCMS_combined_modes	AN004962__219	100	FALSE	0.161163361586453	0.0587397590919908	scale sensitivity; rank-based Wilcoxon is invariant and used for upgrade	0.130940712975896	higher_in_early_ESCC
ST003027	AN004962	targeted LC-MS	positive	ST003027_targeted_LCMS_combined_modes	AN004962__212	100	FALSE	-0.160221217939254	0.0596373164488483	scale sensitivity; rank-based Wilcoxon is invariant and used for upgrade	0.132024679862623	lower_in_early_ESCC
ST003027	AN004963	targeted LC-MS	negative	ST003027_targeted_LCMS_combined_modes	AN004963__2	100	FALSE	-0.279582218398989	0.0635885119440794	scale sensitivity; rank-based Wilcoxon is invariant and used for upgrade	0.139807618726366	lower_in_early_ESCC
ST003027	AN004962	targeted LC-MS	positive	ST003027_targeted_LCMS_combined_modes	AN004962__150	100	FALSE	0.182223811407123	0.0651488391775392	scale sensitivity; rank-based Wilcoxon is invariant and used for upgrade	0.142263791673402	higher_in_early_ESCC
ST003027	AN004963	targeted LC-MS	negative	ST003027_targeted_LCMS_combined_modes	AN004963__85	100	FALSE	-0.147505019976687	0.068874235554038	scale sensitivity; rank-based Wilcoxon is invariant and used for upgrade	0.149382632519231	lower_in_early_ESCC
ST003027	AN004963	targeted LC-MS	negative	ST003027_targeted_LCMS_combined_modes	AN004963__169	100	FALSE	0.460433037628692	0.0698331201072979	scale sensitivity; rank-based Wilcoxon is invariant and used for upgrade	0.150445849358675	higher_in_early_ESCC
ST003027	AN004962	targeted LC-MS	positive	ST003027_targeted_LCMS_combined_modes	AN004962__123	100	FALSE	0.189267609462228	0.0712800766231596	scale sensitivity; rank-based Wilcoxon is invariant and used for upgrade	0.152539363973562	higher_in_early_ESCC
ST003027	AN004962	targeted LC-MS	positive	ST003027_targeted_LCMS_combined_modes	AN004962__222	100	FALSE	0.119895394971445	0.0732855686036585	scale sensitivity; rank-based Wilcoxon is invariant and used for upgrade	0.155792500144201	higher_in_early_ESCC
ST003027	AN004963	targeted LC-MS	negative	ST003027_targeted_LCMS_combined_modes	AN004963__31	100	FALSE	0.341671025990538	0.0796156460480942	scale sensitivity; rank-based Wilcoxon is invariant and used for upgrade	0.168135673562094	higher_in_early_ESCC
ST003027	AN004963	targeted LC-MS	negative	ST003027_targeted_LCMS_combined_modes	AN004963__125	100	FALSE	0.239196800411152	0.0846134525075904	scale sensitivity; rank-based Wilcoxon is invariant and used for upgrade	0.177522341535533	higher_in_early_ESCC
ST003027	AN004963	targeted LC-MS	negative	ST003027_targeted_LCMS_combined_modes	AN004963__12	100	FALSE	-0.133150110446931	0.0877244490065704	scale sensitivity; rank-based Wilcoxon is invariant and used for upgrade	0.182854208643566	lower_in_early_ESCC
ST003027	AN004962	targeted LC-MS	positive	ST003027_targeted_LCMS_combined_modes	AN004962__116	100	FALSE	0.268737339283476	0.0892948947536264	scale sensitivity; rank-based Wilcoxon is invariant and used for upgrade	0.184926846554284	higher_in_early_ESCC
ST003027	AN004963	targeted LC-MS	negative	ST003027_targeted_LCMS_combined_modes	AN004963__96	100	FALSE	0.119537965936419	0.0901936460432076	scale sensitivity; rank-based Wilcoxon is invariant and used for upgrade	0.185590771665831	higher_in_early_ESCC
ST003027	AN004962	targeted LC-MS	positive	ST003027_targeted_LCMS_combined_modes	AN004962__84	100	FALSE	0.100090838585471	0.098172261831609	scale sensitivity; rank-based Wilcoxon is invariant and used for upgrade	0.20072163087864	higher_in_early_ESCC
ST003027	AN004962	targeted LC-MS	positive	ST003027_targeted_LCMS_combined_modes	AN004962__18	100	FALSE	0.198069911239929	0.100694034261323	scale sensitivity; rank-based Wilcoxon is invariant and used for upgrade	0.202017406236779	higher_in_early_ESCC
ST003027	AN004962	targeted LC-MS	positive	ST003027_targeted_LCMS_combined_modes	AN004962__181	100	FALSE	0.282757061708759	0.100622481447506	scale sensitivity; rank-based Wilcoxon is invariant and used for upgrade	0.202017406236779	higher_in_early_ESCC
ST003027	AN004963	targeted LC-MS	negative	ST003027_targeted_LCMS_combined_modes	AN004963__184	100	FALSE	0.767831153271575	0.100528639577506	scale sensitivity; rank-based Wilcoxon is invariant and used for upgrade	0.202017406236779	higher_in_early_ESCC
ST003027	AN004963	targeted LC-MS	negative	ST003027_targeted_LCMS_combined_modes	AN004963__172	100	FALSE	0.203556534166486	0.112069355607017	scale sensitivity; rank-based Wilcoxon is invariant and used for upgrade	0.223442628259952	higher_in_early_ESCC
ST003027	AN004962	targeted LC-MS	positive	ST003027_targeted_LCMS_combined_modes	AN004962__198	100	FALSE	-0.230125144015766	0.115655947542425	scale sensitivity; rank-based Wilcoxon is invariant and used for upgrade	0.228929432457968	lower_in_early_ESCC
ST003027	AN004962	targeted LC-MS	positive	ST003027_targeted_LCMS_combined_modes	AN004962__205	100	FALSE	0.269625508428893	0.116247655734109	scale sensitivity; rank-based Wilcoxon is invariant and used for upgrade	0.228929432457968	higher_in_early_ESCC
ST003027	AN004962	targeted LC-MS	positive	ST003027_targeted_LCMS_combined_modes	AN004962__159	100	FALSE	0.179308337835333	0.117552406456718	scale sensitivity; rank-based Wilcoxon is invariant and used for upgrade	0.228958973397808	higher_in_early_ESCC
ST003027	AN004963	targeted LC-MS	negative	ST003027_targeted_LCMS_combined_modes	AN004963__162	100	FALSE	-0.42953073127332	0.117689191933453	scale sensitivity; rank-based Wilcoxon is invariant and used for upgrade	0.228958973397808	lower_in_early_ESCC
ST003027	AN004963	targeted LC-MS	negative	ST003027_targeted_LCMS_combined_modes	AN004963__156	100	FALSE	-0.133239321404109	0.120509410391649	scale sensitivity; rank-based Wilcoxon is invariant and used for upgrade	0.233033257444091	lower_in_early_ESCC
ST003027	AN004963	targeted LC-MS	negative	ST003027_targeted_LCMS_combined_modes	AN004963__121	100	FALSE	0.366879089888865	0.123671593526607	scale sensitivity; rank-based Wilcoxon is invariant and used for upgrade	0.237716057018208	higher_in_early_ESCC
ST003027	AN004962	targeted LC-MS	positive	ST003027_targeted_LCMS_combined_modes	AN004962__206	100	FALSE	-0.429828035093641	0.126066803621235	scale sensitivity; rank-based Wilcoxon is invariant and used for upgrade	0.240877642633431	lower_in_early_ESCC
ST003027	AN004962	targeted LC-MS	positive	ST003027_targeted_LCMS_combined_modes	AN004962__169	100	FALSE	0.197646631530208	0.129095589583598	scale sensitivity; rank-based Wilcoxon is invariant and used for upgrade	0.245205232286005	higher_in_early_ESCC
ST003027	AN004962	targeted LC-MS	positive	ST003027_targeted_LCMS_combined_modes	AN004962__152	100	FALSE	0.0640070253596767	0.130481815267156	scale sensitivity; rank-based Wilcoxon is invariant and used for upgrade	0.246380368827983	higher_in_early_ESCC
ST003027	AN004963	targeted LC-MS	negative	ST003027_targeted_LCMS_combined_modes	AN004963__75	100	FALSE	0.263723868887114	0.133050988176859	scale sensitivity; rank-based Wilcoxon is invariant and used for upgrade	0.249762381314455	higher_in_early_ESCC
ST003027	AN004962	targeted LC-MS	positive	ST003027_targeted_LCMS_combined_modes	AN004962__249	100	FALSE	0.0953436466827298	0.138947563601734	scale sensitivity; rank-based Wilcoxon is invariant and used for upgrade	0.259314929745097	higher_in_early_ESCC
ST003027	AN004962	targeted LC-MS	positive	ST003027_targeted_LCMS_combined_modes	AN004962__210	100	FALSE	0.361062774685554	0.1546086786298	scale sensitivity; rank-based Wilcoxon is invariant and used for upgrade	0.286875062659917	higher_in_early_ESCC
ST003027	AN004962	targeted LC-MS	positive	ST003027_targeted_LCMS_combined_modes	AN004962__100	100	FALSE	0.0508734793934697	0.156542002051903	scale sensitivity; rank-based Wilcoxon is invariant and used for upgrade	0.288793003785408	higher_in_early_ESCC
ST003027	AN004963	targeted LC-MS	negative	ST003027_targeted_LCMS_combined_modes	AN004963__48	100	FALSE	-0.100743875899716	0.176826241032939	scale sensitivity; rank-based Wilcoxon is invariant and used for upgrade	0.324349847837563	lower_in_early_ESCC
ST003027	AN004962	targeted LC-MS	positive	ST003027_targeted_LCMS_combined_modes	AN004962__77	100	FALSE	0.353587103245665	0.190950388958966	scale sensitivity; rank-based Wilcoxon is invariant and used for upgrade	0.345790044491104	higher_in_early_ESCC
ST003027	AN004963	targeted LC-MS	negative	ST003027_targeted_LCMS_combined_modes	AN004963__101	100	FALSE	0.153051295826747	0.191427111246277	scale sensitivity; rank-based Wilcoxon is invariant and used for upgrade	0.345790044491104	higher_in_early_ESCC
ST003027	AN004963	targeted LC-MS	negative	ST003027_targeted_LCMS_combined_modes	AN004963__112	100	FALSE	-1.18153262742753	0.191746504421858	scale sensitivity; rank-based Wilcoxon is invariant and used for upgrade	0.345790044491104	lower_in_early_ESCC
ST003027	AN004962	targeted LC-MS	positive	ST003027_targeted_LCMS_combined_modes	AN004962__259	100	FALSE	0.175454490455655	0.203218603652788	scale sensitivity; rank-based Wilcoxon is invariant and used for upgrade	0.360404263936712	higher_in_early_ESCC
ST003027	AN004963	targeted LC-MS	negative	ST003027_targeted_LCMS_combined_modes	AN004963__15	100	FALSE	-0.239903097756069	0.202581305476983	scale sensitivity; rank-based Wilcoxon is invariant and used for upgrade	0.360404263936712	lower_in_early_ESCC
ST003027	AN004963	targeted LC-MS	negative	ST003027_targeted_LCMS_combined_modes	AN004963__21	100	FALSE	0.687083522207182	0.201132896699282	scale sensitivity; rank-based Wilcoxon is invariant and used for upgrade	0.360404263936712	higher_in_early_ESCC
ST003027	AN004963	targeted LC-MS	negative	ST003027_targeted_LCMS_combined_modes	AN004963__210	100	FALSE	-0.551066309543909	0.206219728291053	scale sensitivity; rank-based Wilcoxon is invariant and used for upgrade	0.36371721308477	lower_in_early_ESCC
ST003027	AN004963	targeted LC-MS	negative	ST003027_targeted_LCMS_combined_modes	AN004963__181	100	FALSE	0.291512038813554	0.217426317415399	scale sensitivity; rank-based Wilcoxon is invariant and used for upgrade	0.381387146941766	higher_in_early_ESCC
ST003027	AN004963	targeted LC-MS	negative	ST003027_targeted_LCMS_combined_modes	AN004963__45	100	FALSE	-0.119211896145268	0.225408583815134	scale sensitivity; rank-based Wilcoxon is invariant and used for upgrade	0.393239975025315	lower_in_early_ESCC
ST003027	AN004962	targeted LC-MS	positive	ST003027_targeted_LCMS_combined_modes	AN004962__180	100	FALSE	0.197261915185487	0.230530693043807	scale sensitivity; rank-based Wilcoxon is invariant and used for upgrade	0.400001905227363	higher_in_early_ESCC
ST003027	AN004963	targeted LC-MS	negative	ST003027_targeted_LCMS_combined_modes	AN004963__73	100	FALSE	0.102540646393749	0.237117133043602	scale sensitivity; rank-based Wilcoxon is invariant and used for upgrade	0.409218277994603	higher_in_early_ESCC
ST003027	AN004963	targeted LC-MS	negative	ST003027_targeted_LCMS_combined_modes	AN004963__4	100	FALSE	0.121081027273139	0.246676115879513	scale sensitivity; rank-based Wilcoxon is invariant and used for upgrade	0.423438680199592	higher_in_early_ESCC
ST003027	AN004963	targeted LC-MS	negative	ST003027_targeted_LCMS_combined_modes	AN004963__116	100	FALSE	0.197363668954733	0.255746960080114	scale sensitivity; rank-based Wilcoxon is invariant and used for upgrade	0.436674330775089	higher_in_early_ESCC
ST003027	AN004962	targeted LC-MS	positive	ST003027_targeted_LCMS_combined_modes	AN004962__267	100	FALSE	0.16622859986956	0.257847031888648	scale sensitivity; rank-based Wilcoxon is invariant and used for upgrade	0.437930673207704	higher_in_early_ESCC
ST003027	AN004962	targeted LC-MS	positive	ST003027_targeted_LCMS_combined_modes	AN004962__197	100	FALSE	0.0756101884012885	0.265072628475008	scale sensitivity; rank-based Wilcoxon is invariant and used for upgrade	0.447833230213041	higher_in_early_ESCC
ST003027	AN004962	targeted LC-MS	positive	ST003027_targeted_LCMS_combined_modes	AN004962__132	100	FALSE	0.135112164575845	0.273226518192961	scale sensitivity; rank-based Wilcoxon is invariant and used for upgrade	0.459192211203876	higher_in_early_ESCC
ST003027	AN004963	targeted LC-MS	negative	ST003027_targeted_LCMS_combined_modes	AN004963__149	100	FALSE	0.425278312660225	0.276002572051974	scale sensitivity; rank-based Wilcoxon is invariant and used for upgrade	0.461441800149394	higher_in_early_ESCC
ST003027	AN004962	targeted LC-MS	positive	ST003027_targeted_LCMS_combined_modes	AN004962__49	100	FALSE	0.184525348488355	0.289821486182292	scale sensitivity; rank-based Wilcoxon is invariant and used for upgrade	0.482034699816144	higher_in_early_ESCC
ST003027	AN004962	targeted LC-MS	positive	ST003027_targeted_LCMS_combined_modes	AN004962__266	100	FALSE	0.16122417473	0.294119447355868	scale sensitivity; rank-based Wilcoxon is invariant and used for upgrade	0.486661559800174	higher_in_early_ESCC
ST003027	AN004962	targeted LC-MS	positive	ST003027_targeted_LCMS_combined_modes	AN004962__25	100	FALSE	-0.107947888439143	0.296903624816572	scale sensitivity; rank-based Wilcoxon is invariant and used for upgrade	0.488749043928818	lower_in_early_ESCC
ST003027	AN004963	targeted LC-MS	negative	ST003027_targeted_LCMS_combined_modes	AN004963__43	100	FALSE	0.116309069024915	0.298458136421043	scale sensitivity; rank-based Wilcoxon is invariant and used for upgrade	0.488801335669157	higher_in_early_ESCC
ST003027	AN004962	targeted LC-MS	positive	ST003027_targeted_LCMS_combined_modes	AN004962__56	100	FALSE	0.133061880150592	0.301555551152081	scale sensitivity; rank-based Wilcoxon is invariant and used for upgrade	0.491367167105676	higher_in_early_ESCC
ST003027	AN004962	targeted LC-MS	positive	ST003027_targeted_LCMS_combined_modes	AN004962__269	100	FALSE	-0.226768931250889	0.305956737419001	scale sensitivity; rank-based Wilcoxon is invariant and used for upgrade	0.494862839040967	lower_in_early_ESCC
ST003027	AN004963	targeted LC-MS	negative	ST003027_targeted_LCMS_combined_modes	AN004963__51	100	FALSE	0.27749900595054	0.306784127629758	scale sensitivity; rank-based Wilcoxon is invariant and used for upgrade	0.494862839040967	higher_in_early_ESCC
ST003027	AN004962	targeted LC-MS	positive	ST003027_targeted_LCMS_combined_modes	AN004962__11	100	FALSE	-0.385887206540566	0.32970086960355	scale sensitivity; rank-based Wilcoxon is invariant and used for upgrade	0.529169895713698	lower_in_early_ESCC
ST003027	AN004963	targeted LC-MS	negative	ST003027_targeted_LCMS_combined_modes	AN004963__97	100	FALSE	0.592478095185189	0.341666123973878	scale sensitivity; rank-based Wilcoxon is invariant and used for upgrade	0.538350613409848	higher_in_early_ESCC
ST003027	AN004963	targeted LC-MS	negative	ST003027_targeted_LCMS_combined_modes	AN004963__123	100	FALSE	0.0562286085786967	0.339181938653256	scale sensitivity; rank-based Wilcoxon is invariant and used for upgrade	0.538350613409848	higher_in_early_ESCC
ST003027	AN004963	targeted LC-MS	negative	ST003027_targeted_LCMS_combined_modes	AN004963__154	100	FALSE	-0.148597228008619	0.342129361793175	scale sensitivity; rank-based Wilcoxon is invariant and used for upgrade	0.538350613409848	lower_in_early_ESCC
ST003027	AN004963	targeted LC-MS	negative	ST003027_targeted_LCMS_combined_modes	AN004963__166	100	FALSE	0.0910305520485815	0.337396886584954	scale sensitivity; rank-based Wilcoxon is invariant and used for upgrade	0.538350613409848	higher_in_early_ESCC
ST003027	AN004962	targeted LC-MS	positive	ST003027_targeted_LCMS_combined_modes	AN004962__268	100	FALSE	0.143807419298217	0.352181971647624	scale sensitivity; rank-based Wilcoxon is invariant and used for upgrade	0.55146542877506	higher_in_early_ESCC
ST003027	AN004962	targeted LC-MS	positive	ST003027_targeted_LCMS_combined_modes	AN004962__13	100	FALSE	0.117650173779475	0.359417683381244	scale sensitivity; rank-based Wilcoxon is invariant and used for upgrade	0.554678251756632	higher_in_early_ESCC
ST003027	AN004963	targeted LC-MS	negative	ST003027_targeted_LCMS_combined_modes	AN004963__109	100	FALSE	0.12192019692753	0.359293551731045	scale sensitivity; rank-based Wilcoxon is invariant and used for upgrade	0.554678251756632	higher_in_early_ESCC
ST003027	AN004963	targeted LC-MS	negative	ST003027_targeted_LCMS_combined_modes	AN004963__159	100	FALSE	-0.2079836213897	0.356726970006635	scale sensitivity; rank-based Wilcoxon is invariant and used for upgrade	0.554678251756632	lower_in_early_ESCC
ST003027	AN004962	targeted LC-MS	positive	ST003027_targeted_LCMS_combined_modes	AN004962__90	100	FALSE	-0.392430926517314	0.362342301717464	scale sensitivity; rank-based Wilcoxon is invariant and used for upgrade	0.55651616675266	lower_in_early_ESCC
ST003027	AN004962	targeted LC-MS	positive	ST003027_targeted_LCMS_combined_modes	AN004962__145	100	FALSE	0.105789014916565	0.370542023469153	scale sensitivity; rank-based Wilcoxon is invariant and used for upgrade	0.566399950159991	higher_in_early_ESCC
ST003027	AN004963	targeted LC-MS	negative	ST003027_targeted_LCMS_combined_modes	AN004963__165	100	FALSE	-0.326363429866656	0.37531985292672	scale sensitivity; rank-based Wilcoxon is invariant and used for upgrade	0.57098423122975	lower_in_early_ESCC
ST003027	AN004963	targeted LC-MS	negative	ST003027_targeted_LCMS_combined_modes	AN004963__147	100	FALSE	-0.169293563871557	0.385621040432306	scale sensitivity; rank-based Wilcoxon is invariant and used for upgrade	0.583888462164011	lower_in_early_ESCC
ST003027	AN004962	targeted LC-MS	positive	ST003027_targeted_LCMS_combined_modes	AN004962__22	100	FALSE	0.150376496572585	0.399469781632535	scale sensitivity; rank-based Wilcoxon is invariant and used for upgrade	0.602017839925088	higher_in_early_ESCC
ST003027	AN004962	targeted LC-MS	positive	ST003027_targeted_LCMS_combined_modes	AN004962__28	100	FALSE	0.0740987842709515	0.403102875811328	scale sensitivity; rank-based Wilcoxon is invariant and used for upgrade	0.604654313716992	higher_in_early_ESCC
ST003027	AN004963	targeted LC-MS	negative	ST003027_targeted_LCMS_combined_modes	AN004963__170	100	FALSE	0.123783179530907	0.407968471165108	scale sensitivity; rank-based Wilcoxon is invariant and used for upgrade	0.609106415088371	higher_in_early_ESCC
ST003027	AN004963	targeted LC-MS	negative	ST003027_targeted_LCMS_combined_modes	AN004963__56	100	FALSE	0.0800591010632985	0.426718421740986	scale sensitivity; rank-based Wilcoxon is invariant and used for upgrade	0.633228912723411	higher_in_early_ESCC
ST003027	AN004963	targeted LC-MS	negative	ST003027_targeted_LCMS_combined_modes	AN004963__110	100	FALSE	-0.158670083793323	0.43004331144456	scale sensitivity; rank-based Wilcoxon is invariant and used for upgrade	0.633228912723411	lower_in_early_ESCC
ST003027	AN004963	targeted LC-MS	negative	ST003027_targeted_LCMS_combined_modes	AN004963__215	100	FALSE	0.144872898269159	0.429228059967972	scale sensitivity; rank-based Wilcoxon is invariant and used for upgrade	0.633228912723411	higher_in_early_ESCC
ST003027	AN004963	targeted LC-MS	negative	ST003027_targeted_LCMS_combined_modes	AN004963__16	100	FALSE	0.10456531879472	0.440445541477675	scale sensitivity; rank-based Wilcoxon is invariant and used for upgrade	0.645584560796043	higher_in_early_ESCC
ST003027	AN004963	targeted LC-MS	negative	ST003027_targeted_LCMS_combined_modes	AN004963__176	100	FALSE	0.125793909125029	0.454249185296485	scale sensitivity; rank-based Wilcoxon is invariant and used for upgrade	0.662790856728053	higher_in_early_ESCC
ST003027	AN004962	targeted LC-MS	positive	ST003027_targeted_LCMS_combined_modes	AN004962__35	100	FALSE	-0.201867089116942	0.466422051135504	scale sensitivity; rank-based Wilcoxon is invariant and used for upgrade	0.677472753006773	lower_in_early_ESCC
ST003027	AN004962	targeted LC-MS	positive	ST003027_targeted_LCMS_combined_modes	AN004962__236	100	FALSE	0.110009549281393	0.477791089322868	scale sensitivity; rank-based Wilcoxon is invariant and used for upgrade	0.68776206131229	higher_in_early_ESCC
ST003027	AN004963	targeted LC-MS	negative	ST003027_targeted_LCMS_combined_modes	AN004963__61	100	FALSE	-0.0294086940600009	0.476760773576524	scale sensitivity; rank-based Wilcoxon is invariant and used for upgrade	0.68776206131229	lower_in_early_ESCC
ST003027	AN004963	targeted LC-MS	negative	ST003027_targeted_LCMS_combined_modes	AN004963__192	100	FALSE	-0.303813527766264	0.482037243199074	scale sensitivity; rank-based Wilcoxon is invariant and used for upgrade	0.690776585120102	lower_in_early_ESCC
ST003027	AN004963	targeted LC-MS	negative	ST003027_targeted_LCMS_combined_modes	AN004963__163	100	FALSE	0.0709687721005707	0.485354186814775	scale sensitivity; rank-based Wilcoxon is invariant and used for upgrade	0.692438639855746	higher_in_early_ESCC
ST003027	AN004963	targeted LC-MS	negative	ST003027_targeted_LCMS_combined_modes	AN004963__200	100	FALSE	0.137025159670012	0.498396982213221	scale sensitivity; rank-based Wilcoxon is invariant and used for upgrade	0.707900138453291	higher_in_early_ESCC
ST003027	AN004962	targeted LC-MS	positive	ST003027_targeted_LCMS_combined_modes	AN004962__44	100	FALSE	-0.043590815111024	0.511367021645033	scale sensitivity; rank-based Wilcoxon is invariant and used for upgrade	0.723122528405531	lower_in_early_ESCC
ST003027	AN004962	targeted LC-MS	positive	ST003027_targeted_LCMS_combined_modes	AN004962__148	100	FALSE	0.103070528255418	0.519023608971876	scale sensitivity; rank-based Wilcoxon is invariant and used for upgrade	0.730730607368299	higher_in_early_ESCC
ST003027	AN004962	targeted LC-MS	positive	ST003027_targeted_LCMS_combined_modes	AN004962__76	100	FALSE	0.0238585334727984	0.522853294594979	scale sensitivity; rank-based Wilcoxon is invariant and used for upgrade	0.732907893296893	higher_in_early_ESCC
ST003027	AN004962	targeted LC-MS	positive	ST003027_targeted_LCMS_combined_modes	AN004962__32	100	FALSE	0.304695635672096	0.530251825733335	scale sensitivity; rank-based Wilcoxon is invariant and used for upgrade	0.735847563995831	higher_in_early_ESCC
ST003027	AN004962	targeted LC-MS	positive	ST003027_targeted_LCMS_combined_modes	AN004962__63	100	FALSE	0.145007449604765	0.534183249169977	scale sensitivity; rank-based Wilcoxon is invariant and used for upgrade	0.735847563995831	higher_in_early_ESCC
ST003027	AN004962	targeted LC-MS	positive	ST003027_targeted_LCMS_combined_modes	AN004962__72	100	FALSE	0.201080430386581	0.528373997311943	scale sensitivity; rank-based Wilcoxon is invariant and used for upgrade	0.735847563995831	higher_in_early_ESCC
ST003027	AN004963	targeted LC-MS	negative	ST003027_targeted_LCMS_combined_modes	AN004963__13	100	FALSE	0.378549092918772	0.538704602925297	scale sensitivity; rank-based Wilcoxon is invariant and used for upgrade	0.735847563995831	higher_in_early_ESCC
ST003027	AN004963	targeted LC-MS	negative	ST003027_targeted_LCMS_combined_modes	AN004963__20	100	FALSE	-0.110041522189643	0.537047584317164	scale sensitivity; rank-based Wilcoxon is invariant and used for upgrade	0.735847563995831	lower_in_early_ESCC
ST003027	AN004963	targeted LC-MS	negative	ST003027_targeted_LCMS_combined_modes	AN004963__104	100	FALSE	-0.069913722345154	0.538227744946417	scale sensitivity; rank-based Wilcoxon is invariant and used for upgrade	0.735847563995831	lower_in_early_ESCC
ST003027	AN004963	targeted LC-MS	negative	ST003027_targeted_LCMS_combined_modes	AN004963__80	100	FALSE	-0.13313394732197	0.543584022783097	scale sensitivity; rank-based Wilcoxon is invariant and used for upgrade	0.739366403870229	lower_in_early_ESCC
ST003027	AN004962	targeted LC-MS	positive	ST003027_targeted_LCMS_combined_modes	AN004962__211	100	FALSE	0.0941169928179715	0.554506837283921	scale sensitivity; rank-based Wilcoxon is invariant and used for upgrade	0.751040906194678	higher_in_early_ESCC
ST003027	AN004963	targeted LC-MS	negative	ST003027_targeted_LCMS_combined_modes	AN004963__161	100	FALSE	-0.130978413679077	0.561244826121025	scale sensitivity; rank-based Wilcoxon is invariant and used for upgrade	0.756973063801887	lower_in_early_ESCC
ST003027	AN004963	targeted LC-MS	negative	ST003027_targeted_LCMS_combined_modes	AN004963__7	100	FALSE	0.190194900465345	0.567002190452889	scale sensitivity; rank-based Wilcoxon is invariant and used for upgrade	0.761538506842583	higher_in_early_ESCC
ST003027	AN004963	targeted LC-MS	negative	ST003027_targeted_LCMS_combined_modes	AN004963__150	100	FALSE	0.0462325297120798	0.570752366073603	scale sensitivity; rank-based Wilcoxon is invariant and used for upgrade	0.763381289623444	higher_in_early_ESCC
ST003027	AN004963	targeted LC-MS	negative	ST003027_targeted_LCMS_combined_modes	AN004963__155	100	FALSE	-0.0715136292525109	0.573821162195748	scale sensitivity; rank-based Wilcoxon is invariant and used for upgrade	0.76430121603666	lower_in_early_ESCC
ST003027	AN004963	targeted LC-MS	negative	ST003027_targeted_LCMS_combined_modes	AN004963__141	100	FALSE	-0.117264500772715	0.581672541720102	scale sensitivity; rank-based Wilcoxon is invariant and used for upgrade	0.77155737971964	lower_in_early_ESCC
ST003027	AN004963	targeted LC-MS	negative	ST003027_targeted_LCMS_combined_modes	AN004963__22	100	FALSE	-0.091679341565067	0.593935439883429	scale sensitivity; rank-based Wilcoxon is invariant and used for upgrade	0.784581383549715	lower_in_early_ESCC
ST003027	AN004963	targeted LC-MS	negative	ST003027_targeted_LCMS_combined_modes	AN004963__23	100	FALSE	-0.283264708759342	0.605662462727692	scale sensitivity; rank-based Wilcoxon is invariant and used for upgrade	0.796793649736021	lower_in_early_ESCC
ST003027	AN004962	targeted LC-MS	positive	ST003027_targeted_LCMS_combined_modes	AN004962__64	100	FALSE	0.0898621702280114	0.627237784813599	scale sensitivity; rank-based Wilcoxon is invariant and used for upgrade	0.809369990513552	higher_in_early_ESCC
ST003027	AN004962	targeted LC-MS	positive	ST003027_targeted_LCMS_combined_modes	AN004962__78	100	FALSE	0.184479388741692	0.632871861741127	scale sensitivity; rank-based Wilcoxon is invariant and used for upgrade	0.809369990513552	higher_in_early_ESCC
ST003027	AN004962	targeted LC-MS	positive	ST003027_targeted_LCMS_combined_modes	AN004962__115	100	FALSE	0.1156077770882	0.619762285310134	scale sensitivity; rank-based Wilcoxon is invariant and used for upgrade	0.809369990513552	higher_in_early_ESCC
ST003027	AN004962	targeted LC-MS	positive	ST003027_targeted_LCMS_combined_modes	AN004962__121	100	FALSE	0.0978728940571969	0.628035259113405	scale sensitivity; rank-based Wilcoxon is invariant and used for upgrade	0.809369990513552	higher_in_early_ESCC
ST003027	AN004962	targeted LC-MS	positive	ST003027_targeted_LCMS_combined_modes	AN004962__240	100	FALSE	0.0631530933986593	0.62202162351064	scale sensitivity; rank-based Wilcoxon is invariant and used for upgrade	0.809369990513552	higher_in_early_ESCC
ST003027	AN004963	targeted LC-MS	negative	ST003027_targeted_LCMS_combined_modes	AN004963__34	100	FALSE	0.142251837088067	0.626812570406193	scale sensitivity; rank-based Wilcoxon is invariant and used for upgrade	0.809369990513552	higher_in_early_ESCC
ST003027	AN004963	targeted LC-MS	negative	ST003027_targeted_LCMS_combined_modes	AN004963__152	100	FALSE	-0.0925679306436042	0.632661502660256	scale sensitivity; rank-based Wilcoxon is invariant and used for upgrade	0.809369990513552	lower_in_early_ESCC
ST003027	AN004963	targeted LC-MS	negative	ST003027_targeted_LCMS_combined_modes	AN004963__50	100	FALSE	-0.0509833905974464	0.645439985380901	scale sensitivity; rank-based Wilcoxon is invariant and used for upgrade	0.822167600425671	lower_in_early_ESCC
ST003027	AN004962	targeted LC-MS	positive	ST003027_targeted_LCMS_combined_modes	AN004962__7	100	FALSE	0.132246163356747	0.662342184942193	scale sensitivity; rank-based Wilcoxon is invariant and used for upgrade	0.840363009353534	higher_in_early_ESCC
ST003027	AN004962	targeted LC-MS	positive	ST003027_targeted_LCMS_combined_modes	AN004962__50	100	FALSE	-0.098079475182383	0.682460075892997	scale sensitivity; rank-based Wilcoxon is invariant and used for upgrade	0.851730736249861	lower_in_early_ESCC
ST003027	AN004962	targeted LC-MS	positive	ST003027_targeted_LCMS_combined_modes	AN004962__144	100	FALSE	0.136716183752839	0.694248253654069	scale sensitivity; rank-based Wilcoxon is invariant and used for upgrade	0.851730736249861	higher_in_early_ESCC
ST003027	AN004962	targeted LC-MS	positive	ST003027_targeted_LCMS_combined_modes	AN004962__168	100	FALSE	0.0522929950265074	0.675755607904273	scale sensitivity; rank-based Wilcoxon is invariant and used for upgrade	0.851730736249861	higher_in_early_ESCC
ST003027	AN004962	targeted LC-MS	positive	ST003027_targeted_LCMS_combined_modes	AN004962__207	100	FALSE	0.0271129426930397	0.695182096253781	scale sensitivity; rank-based Wilcoxon is invariant and used for upgrade	0.851730736249861	higher_in_early_ESCC
ST003027	AN004963	targeted LC-MS	negative	ST003027_targeted_LCMS_combined_modes	AN004963__57	100	FALSE	-0.174710407019099	0.687805926332825	scale sensitivity; rank-based Wilcoxon is invariant and used for upgrade	0.851730736249861	lower_in_early_ESCC
ST003027	AN004963	targeted LC-MS	negative	ST003027_targeted_LCMS_combined_modes	AN004963__79	100	FALSE	-0.176221014375925	0.692391826042617	scale sensitivity; rank-based Wilcoxon is invariant and used for upgrade	0.851730736249861	lower_in_early_ESCC
ST003027	AN004963	targeted LC-MS	negative	ST003027_targeted_LCMS_combined_modes	AN004963__84	100	FALSE	0.509624922295702	0.680334788050356	scale sensitivity; rank-based Wilcoxon is invariant and used for upgrade	0.851730736249861	higher_in_early_ESCC
ST003027	AN004963	targeted LC-MS	negative	ST003027_targeted_LCMS_combined_modes	AN004963__142	100	FALSE	0.0286301336145366	0.693482716940299	scale sensitivity; rank-based Wilcoxon is invariant and used for upgrade	0.851730736249861	higher_in_early_ESCC
ST003027	AN004963	targeted LC-MS	negative	ST003027_targeted_LCMS_combined_modes	AN004963__177	100	FALSE	-0.0470940122926749	0.679169754181978	scale sensitivity; rank-based Wilcoxon is invariant and used for upgrade	0.851730736249861	lower_in_early_ESCC
ST003027	AN004962	targeted LC-MS	positive	ST003027_targeted_LCMS_combined_modes	AN004962__117	100	FALSE	0.0970627291569137	0.704963759105098	scale sensitivity; rank-based Wilcoxon is invariant and used for upgrade	0.857171843457335	higher_in_early_ESCC
ST003027	AN004963	targeted LC-MS	negative	ST003027_targeted_LCMS_combined_modes	AN004963__204	100	FALSE	-0.148313871821856	0.703721866779579	scale sensitivity; rank-based Wilcoxon is invariant and used for upgrade	0.857171843457335	lower_in_early_ESCC
ST003027	AN004963	targeted LC-MS	negative	ST003027_targeted_LCMS_combined_modes	AN004963__212	100	FALSE	0.116864820447807	0.709783336184501	scale sensitivity; rank-based Wilcoxon is invariant and used for upgrade	0.859775286472546	higher_in_early_ESCC
ST003027	AN004963	targeted LC-MS	negative	ST003027_targeted_LCMS_combined_modes	AN004963__198	100	FALSE	-0.300851600907618	0.715918040720393	scale sensitivity; rank-based Wilcoxon is invariant and used for upgrade	0.86394620703476	lower_in_early_ESCC
ST003027	AN004962	targeted LC-MS	positive	ST003027_targeted_LCMS_combined_modes	AN004962__172	100	FALSE	0.150812993130771	0.718917864872571	scale sensitivity; rank-based Wilcoxon is invariant and used for upgrade	0.864316983610844	higher_in_early_ESCC
ST003027	AN004962	targeted LC-MS	positive	ST003027_targeted_LCMS_combined_modes	AN004962__91	100	FALSE	0.0491092937853712	0.735433090478002	scale sensitivity; rank-based Wilcoxon is invariant and used for upgrade	0.880873216579995	higher_in_early_ESCC
ST003027	AN004962	targeted LC-MS	positive	ST003027_targeted_LCMS_combined_modes	AN004962__136	100	FALSE	0.135535094411367	0.756405664642879	scale sensitivity; rank-based Wilcoxon is invariant and used for upgrade	0.899282290186534	higher_in_early_ESCC
ST003027	AN004963	targeted LC-MS	negative	ST003027_targeted_LCMS_combined_modes	AN004963__213	100	FALSE	-0.0567931302160769	0.755343577901069	scale sensitivity; rank-based Wilcoxon is invariant and used for upgrade	0.899282290186534	lower_in_early_ESCC
ST003027	AN004962	targeted LC-MS	positive	ST003027_targeted_LCMS_combined_modes	AN004962__12	100	FALSE	-0.0380534662320748	0.770133004926287	scale sensitivity; rank-based Wilcoxon is invariant and used for upgrade	0.904933430494064	lower_in_early_ESCC
ST003027	AN004962	targeted LC-MS	positive	ST003027_targeted_LCMS_combined_modes	AN004962__176	100	FALSE	-0.0615735060667895	0.774594922469474	scale sensitivity; rank-based Wilcoxon is invariant and used for upgrade	0.904933430494064	lower_in_early_ESCC
ST003027	AN004963	targeted LC-MS	negative	ST003027_targeted_LCMS_combined_modes	AN004963__6	100	FALSE	0.0361457109644707	0.767182428494487	scale sensitivity; rank-based Wilcoxon is invariant and used for upgrade	0.904933430494064	higher_in_early_ESCC
ST003027	AN004963	targeted LC-MS	negative	ST003027_targeted_LCMS_combined_modes	AN004963__18	100	FALSE	0.184907582727529	0.775254496529183	scale sensitivity; rank-based Wilcoxon is invariant and used for upgrade	0.904933430494064	higher_in_early_ESCC
ST003027	AN004963	targeted LC-MS	negative	ST003027_targeted_LCMS_combined_modes	AN004963__106	100	FALSE	0.134403671976306	0.766925401319481	scale sensitivity; rank-based Wilcoxon is invariant and used for upgrade	0.904933430494064	higher_in_early_ESCC
ST003027	AN004962	targeted LC-MS	positive	ST003027_targeted_LCMS_combined_modes	AN004962__26	100	FALSE	-0.0355853102514887	0.779279915187693	scale sensitivity; rank-based Wilcoxon is invariant and used for upgrade	0.90633642309873	lower_in_early_ESCC
ST003027	AN004963	targeted LC-MS	negative	ST003027_targeted_LCMS_combined_modes	AN004963__216	100	FALSE	-0.0414056620180627	0.782645222487843	scale sensitivity; rank-based Wilcoxon is invariant and used for upgrade	0.906964319200714	lower_in_early_ESCC
ST003027	AN004962	targeted LC-MS	positive	ST003027_targeted_LCMS_combined_modes	AN004962__223	100	FALSE	-0.0123959186763163	0.785737600166613	scale sensitivity; rank-based Wilcoxon is invariant and used for upgrade	0.907272552710369	lower_in_early_ESCC
ST003027	AN004962	targeted LC-MS	positive	ST003027_targeted_LCMS_combined_modes	AN004962__57	100	FALSE	-0.033466380176101	0.795161661272404	scale sensitivity; rank-based Wilcoxon is invariant and used for upgrade	0.914863416732766	lower_in_early_ESCC
ST003027	AN004962	targeted LC-MS	positive	ST003027_targeted_LCMS_combined_modes	AN004962__70	100	FALSE	-0.0419947605971965	0.799965905819047	scale sensitivity; rank-based Wilcoxon is invariant and used for upgrade	0.916136871351655	lower_in_early_ESCC
ST003027	AN004962	targeted LC-MS	positive	ST003027_targeted_LCMS_combined_modes	AN004962__129	100	FALSE	0.0273940986523722	0.801976513550826	scale sensitivity; rank-based Wilcoxon is invariant and used for upgrade	0.916136871351655	higher_in_early_ESCC
ST003027	AN004963	targeted LC-MS	negative	ST003027_targeted_LCMS_combined_modes	AN004963__33	100	FALSE	-0.048906058590676	0.808152494554964	scale sensitivity; rank-based Wilcoxon is invariant and used for upgrade	0.919918265078523	lower_in_early_ESCC
ST003027	AN004962	targeted LC-MS	positive	ST003027_targeted_LCMS_combined_modes	AN004962__137	100	FALSE	0.0881792505191001	0.811864181059448	scale sensitivity; rank-based Wilcoxon is invariant and used for upgrade	0.920877746007359	higher_in_early_ESCC
ST003027	AN004962	targeted LC-MS	positive	ST003027_targeted_LCMS_combined_modes	AN004962__34	100	FALSE	-0.120000253727789	0.820531354901839	scale sensitivity; rank-based Wilcoxon is invariant and used for upgrade	0.922022678423182	lower_in_early_ESCC
ST003027	AN004962	targeted LC-MS	positive	ST003027_targeted_LCMS_combined_modes	AN004962__131	100	FALSE	0.0533513409698713	0.820309146345939	scale sensitivity; rank-based Wilcoxon is invariant and used for upgrade	0.922022678423182	higher_in_early_ESCC
ST003027	AN004963	targeted LC-MS	negative	ST003027_targeted_LCMS_combined_modes	AN004963__124	100	FALSE	-0.106923254859423	0.821490610682337	scale sensitivity; rank-based Wilcoxon is invariant and used for upgrade	0.922022678423182	lower_in_early_ESCC
ST003027	AN004962	targeted LC-MS	positive	ST003027_targeted_LCMS_combined_modes	AN004962__187	100	FALSE	-0.220256322733342	0.836162475263987	scale sensitivity; rank-based Wilcoxon is invariant and used for upgrade	0.931972758887986	lower_in_early_ESCC
ST003027	AN004963	targeted LC-MS	negative	ST003027_targeted_LCMS_combined_modes	AN004963__9	100	FALSE	0.0212450186635058	0.833313757128688	scale sensitivity; rank-based Wilcoxon is invariant and used for upgrade	0.931972758887986	higher_in_early_ESCC
ST003027	AN004962	targeted LC-MS	positive	ST003027_targeted_LCMS_combined_modes	AN004962__153	100	FALSE	-0.0220642743648383	0.846733536361177	scale sensitivity; rank-based Wilcoxon is invariant and used for upgrade	0.938907938083684	lower_in_early_ESCC
ST003027	AN004963	targeted LC-MS	negative	ST003027_targeted_LCMS_combined_modes	AN004963__167	100	FALSE	0.00739309592875383	0.84823458580769	scale sensitivity; rank-based Wilcoxon is invariant and used for upgrade	0.938907938083684	higher_in_early_ESCC
ST003027	AN004962	targeted LC-MS	positive	ST003027_targeted_LCMS_combined_modes	AN004962__4	100	FALSE	0.0213464330954076	0.862564114935993	scale sensitivity; rank-based Wilcoxon is invariant and used for upgrade	0.940030843270008	higher_in_early_ESCC
ST003027	AN004962	targeted LC-MS	positive	ST003027_targeted_LCMS_combined_modes	AN004962__157	100	FALSE	0.0563522497825593	0.863891273410132	scale sensitivity; rank-based Wilcoxon is invariant and used for upgrade	0.940030843270008	higher_in_early_ESCC
ST003027	AN004962	targeted LC-MS	positive	ST003027_targeted_LCMS_combined_modes	AN004962__221	100	FALSE	-0.0234727190019388	0.860018536404843	scale sensitivity; rank-based Wilcoxon is invariant and used for upgrade	0.940030843270008	lower_in_early_ESCC
ST003027	AN004962	targeted LC-MS	positive	ST003027_targeted_LCMS_combined_modes	AN004962__247	100	FALSE	0.0663745802120168	0.859884100395227	scale sensitivity; rank-based Wilcoxon is invariant and used for upgrade	0.940030843270008	higher_in_early_ESCC
ST003027	AN004963	targeted LC-MS	negative	ST003027_targeted_LCMS_combined_modes	AN004963__105	100	FALSE	0.0177514482717098	0.860238889899496	scale sensitivity; rank-based Wilcoxon is invariant and used for upgrade	0.940030843270008	higher_in_early_ESCC
ST003027	AN004962	targeted LC-MS	positive	ST003027_targeted_LCMS_combined_modes	AN004962__23	100	FALSE	0.0638798735034263	0.870559046885502	scale sensitivity; rank-based Wilcoxon is invariant and used for upgrade	0.942570503130611	higher_in_early_ESCC
ST003027	AN004962	targeted LC-MS	positive	ST003027_targeted_LCMS_combined_modes	AN004962__263	100	FALSE	-0.0290017055021252	0.875034298856455	scale sensitivity; rank-based Wilcoxon is invariant and used for upgrade	0.942570503130611	lower_in_early_ESCC
ST003027	AN004963	targeted LC-MS	negative	ST003027_targeted_LCMS_combined_modes	AN004963__10	100	FALSE	0.0447876786140942	0.874951919629814	scale sensitivity; rank-based Wilcoxon is invariant and used for upgrade	0.942570503130611	higher_in_early_ESCC
ST003027	AN004962	targeted LC-MS	positive	ST003027_targeted_LCMS_combined_modes	AN004962__1	100	FALSE	-0.0105055779527632	0.919018202190719	scale sensitivity; rank-based Wilcoxon is invariant and used for upgrade	0.951777851297449	lower_in_early_ESCC
ST003027	AN004962	targeted LC-MS	positive	ST003027_targeted_LCMS_combined_modes	AN004962__6	100	FALSE	0.0375191117884619	0.924930217311506	scale sensitivity; rank-based Wilcoxon is invariant and used for upgrade	0.951777851297449	higher_in_early_ESCC
ST003027	AN004962	targeted LC-MS	positive	ST003027_targeted_LCMS_combined_modes	AN004962__15	100	FALSE	0.0309912530821714	0.902318303269823	scale sensitivity; rank-based Wilcoxon is invariant and used for upgrade	0.951777851297449	higher_in_early_ESCC
ST003027	AN004962	targeted LC-MS	positive	ST003027_targeted_LCMS_combined_modes	AN004962__83	100	FALSE	0.00752815065681745	0.921357859974106	scale sensitivity; rank-based Wilcoxon is invariant and used for upgrade	0.951777851297449	higher_in_early_ESCC
ST003027	AN004962	targeted LC-MS	positive	ST003027_targeted_LCMS_combined_modes	AN004962__101	100	FALSE	0.0216529127289793	0.887020168440012	scale sensitivity; rank-based Wilcoxon is invariant and used for upgrade	0.951777851297449	higher_in_early_ESCC
ST003027	AN004962	targeted LC-MS	positive	ST003027_targeted_LCMS_combined_modes	AN004962__106	100	FALSE	-0.0272896993738314	0.915009113901831	scale sensitivity; rank-based Wilcoxon is invariant and used for upgrade	0.951777851297449	lower_in_early_ESCC
ST003027	AN004962	targeted LC-MS	positive	ST003027_targeted_LCMS_combined_modes	AN004962__122	100	FALSE	0.0511774010621275	0.907639130068988	scale sensitivity; rank-based Wilcoxon is invariant and used for upgrade	0.951777851297449	higher_in_early_ESCC
ST003027	AN004962	targeted LC-MS	positive	ST003027_targeted_LCMS_combined_modes	AN004962__127	100	FALSE	0.0625635268170031	0.92583166368905	scale sensitivity; rank-based Wilcoxon is invariant and used for upgrade	0.951777851297449	higher_in_early_ESCC
ST003027	AN004962	targeted LC-MS	positive	ST003027_targeted_LCMS_combined_modes	AN004962__130	100	FALSE	0.0250069028740965	0.898903665667261	scale sensitivity; rank-based Wilcoxon is invariant and used for upgrade	0.951777851297449	higher_in_early_ESCC
ST003027	AN004962	targeted LC-MS	positive	ST003027_targeted_LCMS_combined_modes	AN004962__147	100	FALSE	-0.0143490914152	0.930337693027185	scale sensitivity; rank-based Wilcoxon is invariant and used for upgrade	0.951777851297449	lower_in_early_ESCC
ST003027	AN004963	targeted LC-MS	negative	ST003027_targeted_LCMS_combined_modes	AN004963__91	100	FALSE	0.00822097865440341	0.933987611086281	scale sensitivity; rank-based Wilcoxon is invariant and used for upgrade	0.951777851297449	higher_in_early_ESCC
ST003027	AN004963	targeted LC-MS	negative	ST003027_targeted_LCMS_combined_modes	AN004963__117	100	FALSE	0.00521749453800051	0.898593528211441	scale sensitivity; rank-based Wilcoxon is invariant and used for upgrade	0.951777851297449	higher_in_early_ESCC
ST003027	AN004963	targeted LC-MS	negative	ST003027_targeted_LCMS_combined_modes	AN004963__119	100	FALSE	0.0425767043018805	0.910293186675793	scale sensitivity; rank-based Wilcoxon is invariant and used for upgrade	0.951777851297449	higher_in_early_ESCC
ST003027	AN004963	targeted LC-MS	negative	ST003027_targeted_LCMS_combined_modes	AN004963__186	100	FALSE	-0.0305816371957761	0.931820149089254	scale sensitivity; rank-based Wilcoxon is invariant and used for upgrade	0.951777851297449	lower_in_early_ESCC
ST003027	AN004963	targeted LC-MS	negative	ST003027_targeted_LCMS_combined_modes	AN004963__197	100	FALSE	0.0197424132339448	0.910069988262526	scale sensitivity; rank-based Wilcoxon is invariant and used for upgrade	0.951777851297449	higher_in_early_ESCC
ST003027	AN004963	targeted LC-MS	negative	ST003027_targeted_LCMS_combined_modes	AN004963__202	100	FALSE	0.0406964335062598	0.919949224702493	scale sensitivity; rank-based Wilcoxon is invariant and used for upgrade	0.951777851297449	higher_in_early_ESCC
ST003027	AN004963	targeted LC-MS	negative	ST003027_targeted_LCMS_combined_modes	AN004963__208	100	FALSE	-0.0176472561397997	0.919648955007601	scale sensitivity; rank-based Wilcoxon is invariant and used for upgrade	0.951777851297449	lower_in_early_ESCC
ST003027	AN004963	targeted LC-MS	negative	ST003027_targeted_LCMS_combined_modes	AN004963__53	100	FALSE	0.00596222101406507	0.965772875909684	scale sensitivity; rank-based Wilcoxon is invariant and used for upgrade	0.98105409230066	higher_in_early_ESCC
ST003027	AN004963	targeted LC-MS	negative	ST003027_targeted_LCMS_combined_modes	AN004963__81	100	FALSE	-0.0075549559128133	0.979805465541894	scale sensitivity; rank-based Wilcoxon is invariant and used for upgrade	0.990755584642072	lower_in_early_ESCC
ST003027	AN004963	targeted LC-MS	negative	ST003027_targeted_LCMS_combined_modes	AN004963__128	100	FALSE	0.00270992420050797	0.984582652650532	scale sensitivity; rank-based Wilcoxon is invariant and used for upgrade	0.990755584642072	higher_in_early_ESCC
ST003027	AN004963	targeted LC-MS	negative	ST003027_targeted_LCMS_combined_modes	AN004963__187	100	FALSE	0.000787692803818721	0.983815582343002	scale sensitivity; rank-based Wilcoxon is invariant and used for upgrade	0.990755584642072	higher_in_early_ESCC
ST003027	AN004962	targeted LC-MS	positive	ST003027_targeted_LCMS_combined_modes	AN004962__151	100	FALSE	-0.00556045559800977	0.988826787619346	scale sensitivity; rank-based Wilcoxon is invariant and used for upgrade	0.99086275199282	lower_in_early_ESCC
ST003027	AN004963	targeted LC-MS	negative	ST003027_targeted_LCMS_combined_modes	AN004963__145	100	FALSE	0.00222511932316699	0.99086275199282	scale sensitivity; rank-based Wilcoxon is invariant and used for upgrade	0.99086275199282	higher_in_early_ESCC
ST003027	AN004962	targeted LC-MS	positive	ST003027_targeted_LCMS_combined_modes	AN004962__67	1000	FALSE	1.44504437331719	2.5557078884851e-09	scale sensitivity; rank-based Wilcoxon is invariant and used for upgrade	4.10191116101859e-07	higher_in_early_ESCC
ST003027	AN004962	targeted LC-MS	positive	ST003027_targeted_LCMS_combined_modes	AN004962__243	1000	FALSE	0.59111957675249	1.84035566257725e-09	scale sensitivity; rank-based Wilcoxon is invariant and used for upgrade	4.10191116101859e-07	higher_in_early_ESCC
ST003027	AN004963	targeted LC-MS	negative	ST003027_targeted_LCMS_combined_modes	AN004963__179	1000	FALSE	-2.2563162399812	5.2414612974321e-09	scale sensitivity; rank-based Wilcoxon is invariant and used for upgrade	5.60836358825234e-07	lower_in_early_ESCC
ST003027	AN004962	targeted LC-MS	positive	ST003027_targeted_LCMS_combined_modes	AN004962__110	1000	FALSE	1.6224265842112	1.23586911746869e-08	scale sensitivity; rank-based Wilcoxon is invariant and used for upgrade	9.91784966768621e-07	higher_in_early_ESCC
ST003027	AN004962	targeted LC-MS	positive	ST003027_targeted_LCMS_combined_modes	AN004962__2	1000	FALSE	0.771019681908969	4.08896445213358e-08	scale sensitivity; rank-based Wilcoxon is invariant and used for upgrade	2.62511517826976e-06	higher_in_early_ESCC
ST003027	AN004962	targeted LC-MS	positive	ST003027_targeted_LCMS_combined_modes	AN004962__85	1000	FALSE	0.552453952466259	7.94974002442216e-08	scale sensitivity; rank-based Wilcoxon is invariant and used for upgrade	3.64552363977073e-06	higher_in_early_ESCC
ST003027	AN004962	targeted LC-MS	positive	ST003027_targeted_LCMS_combined_modes	AN004962__251	1000	FALSE	1.67417989000353	7.81605070492178e-08	scale sensitivity; rank-based Wilcoxon is invariant and used for upgrade	3.64552363977073e-06	higher_in_early_ESCC
ST003027	AN004962	targeted LC-MS	positive	ST003027_targeted_LCMS_combined_modes	AN004962__41	1000	FALSE	0.869821120088419	1.16035250498477e-07	scale sensitivity; rank-based Wilcoxon is invariant and used for upgrade	4.65591442625139e-06	higher_in_early_ESCC
ST003027	AN004963	targeted LC-MS	negative	ST003027_targeted_LCMS_combined_modes	AN004963__148	1000	FALSE	0.705275081041966	1.82792091739418e-07	scale sensitivity; rank-based Wilcoxon is invariant and used for upgrade	6.51958460537257e-06	higher_in_early_ESCC
ST003027	AN004963	targeted LC-MS	negative	ST003027_targeted_LCMS_combined_modes	AN004963__39	1000	FALSE	-1.1368828759457	4.55375663351723e-07	scale sensitivity; rank-based Wilcoxon is invariant and used for upgrade	1.46175587935903e-05	lower_in_early_ESCC
ST003027	AN004962	targeted LC-MS	positive	ST003027_targeted_LCMS_combined_modes	AN004962__174	1000	FALSE	1.48989366069585	5.70792033105372e-07	scale sensitivity; rank-based Wilcoxon is invariant and used for upgrade	1.66567493297113e-05	higher_in_early_ESCC
ST003027	AN004962	targeted LC-MS	positive	ST003027_targeted_LCMS_combined_modes	AN004962__82	1000	FALSE	0.730581329590867	6.67848155955642e-07	scale sensitivity; rank-based Wilcoxon is invariant and used for upgrade	1.78649381718134e-05	higher_in_early_ESCC
ST003027	AN004962	targeted LC-MS	positive	ST003027_targeted_LCMS_combined_modes	AN004962__59	1000	FALSE	0.713513145681667	7.50192998622369e-07	scale sensitivity; rank-based Wilcoxon is invariant and used for upgrade	1.85239963505985e-05	higher_in_early_ESCC
ST003027	AN004963	targeted LC-MS	negative	ST003027_targeted_LCMS_combined_modes	AN004963__28	1000	FALSE	-1.45194473208545	1.06801567325293e-06	scale sensitivity; rank-based Wilcoxon is invariant and used for upgrade	2.44880736510137e-05	lower_in_early_ESCC
ST003027	AN004963	targeted LC-MS	negative	ST003027_targeted_LCMS_combined_modes	AN004963__27	1000	FALSE	-1.01415824670715	1.36800124569314e-06	scale sensitivity; rank-based Wilcoxon is invariant and used for upgrade	2.92752266578332e-05	lower_in_early_ESCC
ST003027	AN004963	targeted LC-MS	negative	ST003027_targeted_LCMS_combined_modes	AN004963__127	1000	FALSE	0.514408260706426	2.5000045217434e-06	scale sensitivity; rank-based Wilcoxon is invariant and used for upgrade	5.0156340717477e-05	higher_in_early_ESCC
ST003027	AN004962	targeted LC-MS	positive	ST003027_targeted_LCMS_combined_modes	AN004962__209	1000	FALSE	1.80775332894965	3.06204363284748e-06	scale sensitivity; rank-based Wilcoxon is invariant and used for upgrade	5.78185885967083e-05	higher_in_early_ESCC
ST003027	AN004962	targeted LC-MS	positive	ST003027_targeted_LCMS_combined_modes	AN004962__95	1000	FALSE	3.09512803678343	4.70750930956945e-06	scale sensitivity; rank-based Wilcoxon is invariant and used for upgrade	8.39505826873219e-05	higher_in_early_ESCC
ST003027	AN004962	targeted LC-MS	positive	ST003027_targeted_LCMS_combined_modes	AN004962__52	1000	FALSE	1.72600866793728	4.98361343094767e-06	scale sensitivity; rank-based Wilcoxon is invariant and used for upgrade	8.41968374386422e-05	higher_in_early_ESCC
ST003027	AN004962	targeted LC-MS	positive	ST003027_targeted_LCMS_combined_modes	AN004962__31	1000	FALSE	0.772626580909309	1.12019459385049e-05	scale sensitivity; rank-based Wilcoxon is invariant and used for upgrade	0.000179791232313004	higher_in_early_ESCC
ST003027	AN004962	targeted LC-MS	positive	ST003027_targeted_LCMS_combined_modes	AN004962__17	1000	FALSE	0.363220387101585	1.83517793165957e-05	scale sensitivity; rank-based Wilcoxon is invariant and used for upgrade	0.000280520055267963	higher_in_early_ESCC
ST003027	AN004963	targeted LC-MS	negative	ST003027_targeted_LCMS_combined_modes	AN004963__207	1000	FALSE	-1.5902089168668	1.96239831231112e-05	scale sensitivity; rank-based Wilcoxon is invariant and used for upgrade	0.000286331753750849	lower_in_early_ESCC
ST003027	AN004963	targeted LC-MS	negative	ST003027_targeted_LCMS_combined_modes	AN004963__173	1000	FALSE	1.20766998809309	2.16426101456185e-05	scale sensitivity; rank-based Wilcoxon is invariant and used for upgrade	0.000302055558988849	higher_in_early_ESCC
ST003027	AN004962	targeted LC-MS	positive	ST003027_targeted_LCMS_combined_modes	AN004962__29	1000	FALSE	0.656012896474806	2.26904342466456e-05	scale sensitivity; rank-based Wilcoxon is invariant and used for upgrade	0.000303484558048885	higher_in_early_ESCC
ST003027	AN004962	targeted LC-MS	positive	ST003027_targeted_LCMS_combined_modes	AN004962__184	1000	FALSE	2.12182642183159	2.56184505317907e-05	scale sensitivity; rank-based Wilcoxon is invariant and used for upgrade	0.000328940904828192	higher_in_early_ESCC
ST003027	AN004963	targeted LC-MS	negative	ST003027_targeted_LCMS_combined_modes	AN004963__92	1000	FALSE	-1.06366203793148	2.8681703949949e-05	scale sensitivity; rank-based Wilcoxon is invariant and used for upgrade	0.000354108729535908	lower_in_early_ESCC
ST003027	AN004963	targeted LC-MS	negative	ST003027_targeted_LCMS_combined_modes	AN004963__86	1000	FALSE	1.45941337578127	3.53636410079229e-05	scale sensitivity; rank-based Wilcoxon is invariant and used for upgrade	0.00042043439864975	higher_in_early_ESCC
ST003027	AN004963	targeted LC-MS	negative	ST003027_targeted_LCMS_combined_modes	AN004963__180	1000	FALSE	2.23431167552428	3.89868506198709e-05	scale sensitivity; rank-based Wilcoxon is invariant and used for upgrade	0.000446956394606377	higher_in_early_ESCC
ST003027	AN004962	targeted LC-MS	positive	ST003027_targeted_LCMS_combined_modes	AN004962__112	1000	FALSE	0.354994323201696	4.66321142682858e-05	scale sensitivity; rank-based Wilcoxon is invariant and used for upgrade	0.000482868021939347	higher_in_early_ESCC
ST003027	AN004963	targeted LC-MS	negative	ST003027_targeted_LCMS_combined_modes	AN004963__122	1000	FALSE	0.749701188157713	4.42507591991818e-05	scale sensitivity; rank-based Wilcoxon is invariant and used for upgrade	0.000482868021939347	higher_in_early_ESCC
ST003027	AN004963	targeted LC-MS	negative	ST003027_targeted_LCMS_combined_modes	AN004963__168	1000	FALSE	0.823961019616978	4.52119233989823e-05	scale sensitivity; rank-based Wilcoxon is invariant and used for upgrade	0.000482868021939347	higher_in_early_ESCC
ST003027	AN004962	targeted LC-MS	positive	ST003027_targeted_LCMS_combined_modes	AN004962__98	1000	FALSE	0.993559749090341	5.07489273600999e-05	scale sensitivity; rank-based Wilcoxon is invariant and used for upgrade	0.000509075177581002	higher_in_early_ESCC
ST003027	AN004963	targeted LC-MS	negative	ST003027_targeted_LCMS_combined_modes	AN004963__78	1000	FALSE	0.973791087710662	5.94104024137099e-05	scale sensitivity; rank-based Wilcoxon is invariant and used for upgrade	0.000577901187115179	higher_in_early_ESCC
ST003027	AN004962	targeted LC-MS	positive	ST003027_targeted_LCMS_combined_modes	AN004962__47	1000	FALSE	-0.846573007266404	7.48434873244229e-05	scale sensitivity; rank-based Wilcoxon is invariant and used for upgrade	0.00070661057150411	lower_in_early_ESCC
ST003027	AN004962	targeted LC-MS	positive	ST003027_targeted_LCMS_combined_modes	AN004962__65	1000	FALSE	1.34586974843182	8.12193026482272e-05	scale sensitivity; rank-based Wilcoxon is invariant and used for upgrade	0.000744897032859455	higher_in_early_ESCC
ST003027	AN004962	targeted LC-MS	positive	ST003027_targeted_LCMS_combined_modes	AN004962__21	1000	FALSE	-1.30777655024865	8.78085701429092e-05	scale sensitivity; rank-based Wilcoxon is invariant and used for upgrade	0.000761074031554595	lower_in_early_ESCC
ST003027	AN004962	targeted LC-MS	positive	ST003027_targeted_LCMS_combined_modes	AN004962__54	1000	FALSE	0.585605606612965	9.00959912743758e-05	scale sensitivity; rank-based Wilcoxon is invariant and used for upgrade	0.000761074031554595	higher_in_early_ESCC
ST003027	AN004963	targeted LC-MS	negative	ST003027_targeted_LCMS_combined_modes	AN004963__54	1000	FALSE	-0.977329446742722	8.70573345783933e-05	scale sensitivity; rank-based Wilcoxon is invariant and used for upgrade	0.000761074031554595	lower_in_early_ESCC
ST003027	AN004962	targeted LC-MS	positive	ST003027_targeted_LCMS_combined_modes	AN004962__253	1000	FALSE	1.0736531970227	9.29554420765315e-05	scale sensitivity; rank-based Wilcoxon is invariant and used for upgrade	0.000765094792476067	higher_in_early_ESCC
ST003027	AN004962	targeted LC-MS	positive	ST003027_targeted_LCMS_combined_modes	AN004962__255	1000	FALSE	0.489303552811587	0.000112511538661375	scale sensitivity; rank-based Wilcoxon is invariant and used for upgrade	0.000900912896673689	higher_in_early_ESCC
ST003027	AN004963	targeted LC-MS	negative	ST003027_targeted_LCMS_combined_modes	AN004963__69	1000	FALSE	1.45729328916888	0.000115069871537761	scale sensitivity; rank-based Wilcoxon is invariant and used for upgrade	0.000900912896673689	higher_in_early_ESCC
ST003027	AN004963	targeted LC-MS	negative	ST003027_targeted_LCMS_combined_modes	AN004963__199	1000	FALSE	-1.08208762660737	0.00011811375596641	scale sensitivity; rank-based Wilcoxon is invariant and used for upgrade	0.000902726563457563	lower_in_early_ESCC
ST003027	AN004962	targeted LC-MS	positive	ST003027_targeted_LCMS_combined_modes	AN004962__107	1000	FALSE	0.324543242509987	0.00012288722314212	scale sensitivity; rank-based Wilcoxon is invariant and used for upgrade	0.000917367409967918	higher_in_early_ESCC
ST003027	AN004962	targeted LC-MS	positive	ST003027_targeted_LCMS_combined_modes	AN004962__228	1000	FALSE	0.724700929799109	0.000146304084792064	scale sensitivity; rank-based Wilcoxon is invariant and used for upgrade	0.00106735480041483	higher_in_early_ESCC
ST003027	AN004963	targeted LC-MS	negative	ST003027_targeted_LCMS_combined_modes	AN004963__29	1000	FALSE	0.927824665853172	0.00018380471023942	scale sensitivity; rank-based Wilcoxon is invariant and used for upgrade	0.00131114026637453	higher_in_early_ESCC
ST003027	AN004962	targeted LC-MS	positive	ST003027_targeted_LCMS_combined_modes	AN004962__252	1000	FALSE	0.54116211696114	0.000194611124748775	scale sensitivity; rank-based Wilcoxon is invariant and used for upgrade	0.00135804719661645	higher_in_early_ESCC
ST003027	AN004963	targeted LC-MS	negative	ST003027_targeted_LCMS_combined_modes	AN004963__95	1000	FALSE	-1.2894288066664	0.000200449252719794	scale sensitivity; rank-based Wilcoxon is invariant and used for upgrade	0.00136902574729902	lower_in_early_ESCC
ST003027	AN004962	targeted LC-MS	positive	ST003027_targeted_LCMS_combined_modes	AN004962__183	1000	FALSE	3.81064376786289	0.000205810198205931	scale sensitivity; rank-based Wilcoxon is invariant and used for upgrade	0.00137635570050216	higher_in_early_ESCC
ST003027	AN004963	targeted LC-MS	negative	ST003027_targeted_LCMS_combined_modes	AN004963__171	1000	FALSE	1.97755566506777	0.000255235150869641	scale sensitivity; rank-based Wilcoxon is invariant and used for upgrade	0.00167205068222765	higher_in_early_ESCC
ST003027	AN004963	targeted LC-MS	negative	ST003027_targeted_LCMS_combined_modes	AN004963__222	1000	FALSE	0.385924171154409	0.000270814228149278	scale sensitivity; rank-based Wilcoxon is invariant and used for upgrade	0.00173862734471836	higher_in_early_ESCC
ST003027	AN004963	targeted LC-MS	negative	ST003027_targeted_LCMS_combined_modes	AN004963__211	1000	FALSE	-1.00299961517273	0.000285108488914827	scale sensitivity; rank-based Wilcoxon is invariant and used for upgrade	0.00179450637140509	lower_in_early_ESCC
ST003027	AN004962	targeted LC-MS	positive	ST003027_targeted_LCMS_combined_modes	AN004962__88	1000	FALSE	0.485279251678884	0.000309742235634803	scale sensitivity; rank-based Wilcoxon is invariant and used for upgrade	0.00191206264689946	higher_in_early_ESCC
ST003027	AN004962	targeted LC-MS	positive	ST003027_targeted_LCMS_combined_modes	AN004962__260	1000	FALSE	0.573069529299396	0.000330952542507742	scale sensitivity; rank-based Wilcoxon is invariant and used for upgrade	0.00200444841782991	higher_in_early_ESCC
ST003027	AN004962	targeted LC-MS	positive	ST003027_targeted_LCMS_combined_modes	AN004962__217	1000	FALSE	0.614105118895471	0.000337897847515731	scale sensitivity; rank-based Wilcoxon is invariant and used for upgrade	0.00200861498245463	higher_in_early_ESCC
ST003027	AN004963	targeted LC-MS	negative	ST003027_targeted_LCMS_combined_modes	AN004963__118	1000	FALSE	0.733426652504065	0.000367087106344756	scale sensitivity; rank-based Wilcoxon is invariant and used for upgrade	0.00214245383884849	higher_in_early_ESCC
ST003027	AN004962	targeted LC-MS	positive	ST003027_targeted_LCMS_combined_modes	AN004962__229	1000	FALSE	0.701247861727844	0.000385736719187697	scale sensitivity; rank-based Wilcoxon is invariant and used for upgrade	0.0021723067870044	higher_in_early_ESCC
ST003027	AN004962	targeted LC-MS	positive	ST003027_targeted_LCMS_combined_modes	AN004962__258	1000	FALSE	0.434860018393436	0.000381395809042457	scale sensitivity; rank-based Wilcoxon is invariant and used for upgrade	0.0021723067870044	higher_in_early_ESCC
ST003027	AN004962	targeted LC-MS	positive	ST003027_targeted_LCMS_combined_modes	AN004962__75	1000	FALSE	0.371551392513462	0.000436303244503429	scale sensitivity; rank-based Wilcoxon is invariant and used for upgrade	0.00241471278423449	higher_in_early_ESCC
ST003027	AN004962	targeted LC-MS	positive	ST003027_targeted_LCMS_combined_modes	AN004962__232	1000	FALSE	0.638084043685211	0.000465868119771326	scale sensitivity; rank-based Wilcoxon is invariant and used for upgrade	0.00253463841434908	higher_in_early_ESCC
ST003027	AN004962	targeted LC-MS	positive	ST003027_targeted_LCMS_combined_modes	AN004962__218	1000	FALSE	0.721663748039791	0.000499350179325388	scale sensitivity; rank-based Wilcoxon is invariant and used for upgrade	0.00267152345939083	higher_in_early_ESCC
ST003027	AN004962	targeted LC-MS	positive	ST003027_targeted_LCMS_combined_modes	AN004962__114	1000	FALSE	0.728553072597187	0.00053003525158323	scale sensitivity; rank-based Wilcoxon is invariant and used for upgrade	0.00278920189767569	higher_in_early_ESCC
ST003027	AN004962	targeted LC-MS	positive	ST003027_targeted_LCMS_combined_modes	AN004962__66	1000	FALSE	0.354507710575119	0.000545067275757884	scale sensitivity; rank-based Wilcoxon is invariant and used for upgrade	0.00282204186319808	higher_in_early_ESCC
ST003027	AN004963	targeted LC-MS	negative	ST003027_targeted_LCMS_combined_modes	AN004963__32	1000	FALSE	0.400683895247347	0.000560407865079303	scale sensitivity; rank-based Wilcoxon is invariant and used for upgrade	0.00285541150302312	higher_in_early_ESCC
ST003027	AN004962	targeted LC-MS	positive	ST003027_targeted_LCMS_combined_modes	AN004962__191	1000	FALSE	1.03543125626103	0.000640065819045936	scale sensitivity; rank-based Wilcoxon is invariant and used for upgrade	0.00311304739263251	higher_in_early_ESCC
ST003027	AN004962	targeted LC-MS	positive	ST003027_targeted_LCMS_combined_modes	AN004962__239	1000	FALSE	0.444539370893062	0.000621298614729637	scale sensitivity; rank-based Wilcoxon is invariant and used for upgrade	0.00311304739263251	higher_in_early_ESCC
ST003027	AN004963	targeted LC-MS	negative	ST003027_targeted_LCMS_combined_modes	AN004963__107	1000	FALSE	0.581508948760413	0.000639054405295698	scale sensitivity; rank-based Wilcoxon is invariant and used for upgrade	0.00311304739263251	higher_in_early_ESCC
ST003027	AN004962	targeted LC-MS	positive	ST003027_targeted_LCMS_combined_modes	AN004962__103	1000	FALSE	0.830502537253591	0.000667770220197295	scale sensitivity; rank-based Wilcoxon is invariant and used for upgrade	0.00319931702512435	higher_in_early_ESCC
ST003027	AN004963	targeted LC-MS	negative	ST003027_targeted_LCMS_combined_modes	AN004963__221	1000	FALSE	-1.0039808950625	0.000766367257800268	scale sensitivity; rank-based Wilcoxon is invariant and used for upgrade	0.00361770426108656	lower_in_early_ESCC
ST003027	AN004962	targeted LC-MS	positive	ST003027_targeted_LCMS_combined_modes	AN004962__8	1000	FALSE	0.262663280181071	0.00083233240755514	scale sensitivity; rank-based Wilcoxon is invariant and used for upgrade	0.00387215511340869	higher_in_early_ESCC
ST003027	AN004963	targeted LC-MS	negative	ST003027_targeted_LCMS_combined_modes	AN004963__185	1000	FALSE	1.11861670497955	0.000935464310964646	scale sensitivity; rank-based Wilcoxon is invariant and used for upgrade	0.00428977205456645	higher_in_early_ESCC
ST003027	AN004962	targeted LC-MS	positive	ST003027_targeted_LCMS_combined_modes	AN004962__79	1000	FALSE	-1.08157913363591	0.000974479284960988	scale sensitivity; rank-based Wilcoxon is invariant and used for upgrade	0.00440574437285179	lower_in_early_ESCC
ST003027	AN004963	targeted LC-MS	negative	ST003027_targeted_LCMS_combined_modes	AN004963__126	1000	FALSE	0.453744829302085	0.00106209798607751	scale sensitivity; rank-based Wilcoxon is invariant and used for upgrade	0.00473518685459558	higher_in_early_ESCC
ST003027	AN004962	targeted LC-MS	positive	ST003027_targeted_LCMS_combined_modes	AN004962__37	1000	FALSE	0.398236751208644	0.00115862999775358	scale sensitivity; rank-based Wilcoxon is invariant and used for upgrade	0.00509479766135477	higher_in_early_ESCC
ST003027	AN004962	targeted LC-MS	positive	ST003027_targeted_LCMS_combined_modes	AN004962__165	1000	FALSE	0.398404935502304	0.00131037385224151	scale sensitivity; rank-based Wilcoxon is invariant and used for upgrade	0.00568418927796655	higher_in_early_ESCC
ST003027	AN004963	targeted LC-MS	negative	ST003027_targeted_LCMS_combined_modes	AN004963__206	1000	FALSE	-2.13861448335286	0.00141904320166489	scale sensitivity; rank-based Wilcoxon is invariant and used for upgrade	0.00607350490312572	lower_in_early_ESCC
ST003027	AN004963	targeted LC-MS	negative	ST003027_targeted_LCMS_combined_modes	AN004963__19	1000	FALSE	-1.07405011109318	0.00162389279078092	scale sensitivity; rank-based Wilcoxon is invariant and used for upgrade	0.00685881034000888	lower_in_early_ESCC
ST003027	AN004962	targeted LC-MS	positive	ST003027_targeted_LCMS_combined_modes	AN004962__204	1000	FALSE	0.681510531274547	0.00204657542116245	scale sensitivity; rank-based Wilcoxon is invariant and used for upgrade	0.00853182740510579	higher_in_early_ESCC
ST003027	AN004962	targeted LC-MS	positive	ST003027_targeted_LCMS_combined_modes	AN004962__113	1000	FALSE	0.393294642103733	0.00216347857350894	scale sensitivity; rank-based Wilcoxon is invariant and used for upgrade	0.00890354643713293	higher_in_early_ESCC
ST003027	AN004962	targeted LC-MS	positive	ST003027_targeted_LCMS_combined_modes	AN004962__167	1000	FALSE	0.289307833283269	0.00220658699392912	scale sensitivity; rank-based Wilcoxon is invariant and used for upgrade	0.00896600538039555	higher_in_early_ESCC
ST003027	AN004962	targeted LC-MS	positive	ST003027_targeted_LCMS_combined_modes	AN004962__62	1000	FALSE	0.397450435456804	0.00233613486214796	scale sensitivity; rank-based Wilcoxon is invariant and used for upgrade	0.00928371416085039	higher_in_early_ESCC
ST003027	AN004962	targeted LC-MS	positive	ST003027_targeted_LCMS_combined_modes	AN004962__140	1000	FALSE	0.371502915859631	0.00237154068906459	scale sensitivity; rank-based Wilcoxon is invariant and used for upgrade	0.00928371416085039	higher_in_early_ESCC
ST003027	AN004962	targeted LC-MS	positive	ST003027_targeted_LCMS_combined_modes	AN004962__149	1000	FALSE	-0.44729923708288	0.00235116373293919	scale sensitivity; rank-based Wilcoxon is invariant and used for upgrade	0.00928371416085039	lower_in_early_ESCC
ST003027	AN004963	targeted LC-MS	negative	ST003027_targeted_LCMS_combined_modes	AN004963__76	1000	FALSE	-0.97019447655372	0.00269909129425199	scale sensitivity; rank-based Wilcoxon is invariant and used for upgrade	0.0103397845320782	lower_in_early_ESCC
ST003027	AN004963	targeted LC-MS	negative	ST003027_targeted_LCMS_combined_modes	AN004963__114	1000	FALSE	-1.04468166727867	0.0027057380083943	scale sensitivity; rank-based Wilcoxon is invariant and used for upgrade	0.0103397845320782	lower_in_early_ESCC
ST003027	AN004962	targeted LC-MS	positive	ST003027_targeted_LCMS_combined_modes	AN004962__227	1000	FALSE	-0.653283717909863	0.00297244878754412	scale sensitivity; rank-based Wilcoxon is invariant and used for upgrade	0.011225365421196	lower_in_early_ESCC
ST003027	AN004962	targeted LC-MS	positive	ST003027_targeted_LCMS_combined_modes	AN004962__108	1000	FALSE	-0.754361515677879	0.00309265174733012	scale sensitivity; rank-based Wilcoxon is invariant and used for upgrade	0.0115435024522438	lower_in_early_ESCC
ST003027	AN004963	targeted LC-MS	negative	ST003027_targeted_LCMS_combined_modes	AN004963__3	1000	FALSE	-0.7487310094776	0.00331792121579782	scale sensitivity; rank-based Wilcoxon is invariant and used for upgrade	0.0122419851755299	lower_in_early_ESCC
ST003027	AN004963	targeted LC-MS	negative	ST003027_targeted_LCMS_combined_modes	AN004963__129	1000	FALSE	-0.466387461591285	0.00366753997785982	scale sensitivity; rank-based Wilcoxon is invariant and used for upgrade	0.0133781856010568	lower_in_early_ESCC
ST003027	AN004962	targeted LC-MS	positive	ST003027_targeted_LCMS_combined_modes	AN004962__199	1000	FALSE	0.548347859807601	0.00376812240637182	scale sensitivity; rank-based Wilcoxon is invariant and used for upgrade	0.0135906437353411	higher_in_early_ESCC
ST003027	AN004962	targeted LC-MS	positive	ST003027_targeted_LCMS_combined_modes	AN004962__196	1000	FALSE	-0.913495188181073	0.00406332595183162	scale sensitivity; rank-based Wilcoxon is invariant and used for upgrade	0.0144925292281994	lower_in_early_ESCC
ST003027	AN004963	targeted LC-MS	negative	ST003027_targeted_LCMS_combined_modes	AN004963__139	1000	FALSE	0.520305004658781	0.00451463786610018	scale sensitivity; rank-based Wilcoxon is invariant and used for upgrade	0.0159252610441556	higher_in_early_ESCC
ST003027	AN004962	targeted LC-MS	positive	ST003027_targeted_LCMS_combined_modes	AN004962__246	1000	FALSE	0.720985085427229	0.00463903278607317	scale sensitivity; rank-based Wilcoxon is invariant and used for upgrade	0.0161861904818422	higher_in_early_ESCC
ST003027	AN004962	targeted LC-MS	positive	ST003027_targeted_LCMS_combined_modes	AN004962__128	1000	FALSE	0.376188033726459	0.00534690623282442	scale sensitivity; rank-based Wilcoxon is invariant and used for upgrade	0.0184554505455552	higher_in_early_ESCC
ST003027	AN004962	targeted LC-MS	positive	ST003027_targeted_LCMS_combined_modes	AN004962__33	1000	FALSE	0.399630330191545	0.00604645140562311	scale sensitivity; rank-based Wilcoxon is invariant and used for upgrade	0.0206479883106917	higher_in_early_ESCC
ST003027	AN004963	targeted LC-MS	negative	ST003027_targeted_LCMS_combined_modes	AN004963__102	1000	FALSE	0.74517405918041	0.00681489082867145	scale sensitivity; rank-based Wilcoxon is invariant and used for upgrade	0.0227872912083702	higher_in_early_ESCC
ST003027	AN004963	targeted LC-MS	negative	ST003027_targeted_LCMS_combined_modes	AN004963__115	1000	FALSE	-0.285020683372698	0.0067567563476484	scale sensitivity; rank-based Wilcoxon is invariant and used for upgrade	0.0227872912083702	lower_in_early_ESCC
ST003027	AN004962	targeted LC-MS	positive	ST003027_targeted_LCMS_combined_modes	AN004962__242	1000	FALSE	-0.763448343249951	0.00728755291117051	scale sensitivity; rank-based Wilcoxon is invariant and used for upgrade	0.0241165410771725	lower_in_early_ESCC
ST003027	AN004963	targeted LC-MS	negative	ST003027_targeted_LCMS_combined_modes	AN004963__217	1000	FALSE	0.356013289440726	0.00739316445948003	scale sensitivity; rank-based Wilcoxon is invariant and used for upgrade	0.0242163856274805	higher_in_early_ESCC
ST003027	AN004962	targeted LC-MS	positive	ST003027_targeted_LCMS_combined_modes	AN004962__237	1000	FALSE	0.366217400570572	0.00765357249917682	scale sensitivity; rank-based Wilcoxon is invariant and used for upgrade	0.0248161290124824	higher_in_early_ESCC
ST003027	AN004962	targeted LC-MS	positive	ST003027_targeted_LCMS_combined_modes	AN004962__189	1000	FALSE	-0.58847793241285	0.00874299618130451	scale sensitivity; rank-based Wilcoxon is invariant and used for upgrade	0.0277871462791955	lower_in_early_ESCC
ST003027	AN004963	targeted LC-MS	negative	ST003027_targeted_LCMS_combined_modes	AN004963__151	1000	FALSE	0.278671337370789	0.00869414814310304	scale sensitivity; rank-based Wilcoxon is invariant and used for upgrade	0.0277871462791955	higher_in_early_ESCC
ST003027	AN004962	targeted LC-MS	positive	ST003027_targeted_LCMS_combined_modes	AN004962__3	1000	FALSE	0.187344010264523	0.00888225750042019	scale sensitivity; rank-based Wilcoxon is invariant and used for upgrade	0.0279529868395577	higher_in_early_ESCC
ST003027	AN004963	targeted LC-MS	negative	ST003027_targeted_LCMS_combined_modes	AN004963__103	1000	FALSE	0.383886672097129	0.0101621906745058	scale sensitivity; rank-based Wilcoxon is invariant and used for upgrade	0.0316705165681199	higher_in_early_ESCC
ST003027	AN004962	targeted LC-MS	positive	ST003027_targeted_LCMS_combined_modes	AN004962__146	1000	FALSE	0.537435651060829	0.0137659387775071	scale sensitivity; rank-based Wilcoxon is invariant and used for upgrade	0.0424890994959595	higher_in_early_ESCC
ST003027	AN004962	targeted LC-MS	positive	ST003027_targeted_LCMS_combined_modes	AN004962__61	1000	FALSE	0.310027722906183	0.0144911098380001	scale sensitivity; rank-based Wilcoxon is invariant and used for upgrade	0.0437886446917539	higher_in_early_ESCC
ST003027	AN004962	targeted LC-MS	positive	ST003027_targeted_LCMS_combined_modes	AN004962__141	1000	FALSE	0.655695553285399	0.0146848650165477	scale sensitivity; rank-based Wilcoxon is invariant and used for upgrade	0.0437886446917539	higher_in_early_ESCC
ST003027	AN004963	targeted LC-MS	negative	ST003027_targeted_LCMS_combined_modes	AN004963__49	1000	FALSE	-0.303195164179462	0.0145390938219082	scale sensitivity; rank-based Wilcoxon is invariant and used for upgrade	0.0437886446917539	lower_in_early_ESCC
ST003027	AN004963	targeted LC-MS	negative	ST003027_targeted_LCMS_combined_modes	AN004963__218	1000	FALSE	0.237599163180038	0.0147326281205901	scale sensitivity; rank-based Wilcoxon is invariant and used for upgrade	0.0437886446917539	higher_in_early_ESCC
ST003027	AN004963	targeted LC-MS	negative	ST003027_targeted_LCMS_combined_modes	AN004963__191	1000	FALSE	-1.83984761620186	0.0149299716812762	scale sensitivity; rank-based Wilcoxon is invariant and used for upgrade	0.0439680817402721	lower_in_early_ESCC
ST003027	AN004963	targeted LC-MS	negative	ST003027_targeted_LCMS_combined_modes	AN004963__47	1000	FALSE	2.3192110766958	0.0155277222481758	scale sensitivity; rank-based Wilcoxon is invariant and used for upgrade	0.045312716742404	higher_in_early_ESCC
ST003027	AN004962	targeted LC-MS	positive	ST003027_targeted_LCMS_combined_modes	AN004962__214	1000	FALSE	0.208921648456785	0.0159104598752591	scale sensitivity; rank-based Wilcoxon is invariant and used for upgrade	0.046011329909533	higher_in_early_ESCC
ST003027	AN004962	targeted LC-MS	positive	ST003027_targeted_LCMS_combined_modes	AN004962__201	1000	FALSE	0.471953099528689	0.0165245916152463	scale sensitivity; rank-based Wilcoxon is invariant and used for upgrade	0.0473606598972684	higher_in_early_ESCC
ST003027	AN004962	targeted LC-MS	positive	ST003027_targeted_LCMS_combined_modes	AN004962__53	1000	FALSE	0.235535241784806	0.0170658029029376	scale sensitivity; rank-based Wilcoxon is invariant and used for upgrade	0.0484789622286987	higher_in_early_ESCC
ST003027	AN004962	targeted LC-MS	positive	ST003027_targeted_LCMS_combined_modes	AN004962__185	1000	FALSE	0.567148919613296	0.0172330397476331	scale sensitivity; rank-based Wilcoxon is invariant and used for upgrade	0.0485246119209669	higher_in_early_ESCC
ST003027	AN004962	targeted LC-MS	positive	ST003027_targeted_LCMS_combined_modes	AN004962__126	1000	FALSE	0.208757101479254	0.0176852297680627	scale sensitivity; rank-based Wilcoxon is invariant and used for upgrade	0.0493648587438969	higher_in_early_ESCC
ST003027	AN004962	targeted LC-MS	positive	ST003027_targeted_LCMS_combined_modes	AN004962__100	1000	FALSE	0.251328186750978	0.0181894659372748	scale sensitivity; rank-based Wilcoxon is invariant and used for upgrade	0.050334642809183	higher_in_early_ESCC
ST003027	AN004962	targeted LC-MS	positive	ST003027_targeted_LCMS_combined_modes	AN004962__254	1000	FALSE	-0.441265155539622	0.0185286293122575	scale sensitivity; rank-based Wilcoxon is invariant and used for upgrade	0.0508349573438859	lower_in_early_ESCC
ST003027	AN004962	targeted LC-MS	positive	ST003027_targeted_LCMS_combined_modes	AN004962__60	1000	FALSE	0.264299577140037	0.0203556148832922	scale sensitivity; rank-based Wilcoxon is invariant and used for upgrade	0.0553741726909899	higher_in_early_ESCC
ST003027	AN004962	targeted LC-MS	positive	ST003027_targeted_LCMS_combined_modes	AN004962__135	1000	FALSE	1.72894986781987	0.021424018706175	scale sensitivity; rank-based Wilcoxon is invariant and used for upgrade	0.0577908403754804	higher_in_early_ESCC
ST003027	AN004962	targeted LC-MS	positive	ST003027_targeted_LCMS_combined_modes	AN004962__235	1000	FALSE	0.447973655062615	0.0221242274865274	scale sensitivity; rank-based Wilcoxon is invariant and used for upgrade	0.0591823085264607	higher_in_early_ESCC
ST003027	AN004962	targeted LC-MS	positive	ST003027_targeted_LCMS_combined_modes	AN004962__42	1000	FALSE	0.786857825488721	0.0229619562927348	scale sensitivity; rank-based Wilcoxon is invariant and used for upgrade	0.0609156030575857	higher_in_early_ESCC
ST003027	AN004962	targeted LC-MS	positive	ST003027_targeted_LCMS_combined_modes	AN004962__244	1000	FALSE	0.908979839772255	0.0231979862745063	scale sensitivity; rank-based Wilcoxon is invariant and used for upgrade	0.0610373245419388	higher_in_early_ESCC
ST003027	AN004962	targeted LC-MS	positive	ST003027_targeted_LCMS_combined_modes	AN004962__194	1000	FALSE	-2.51301583194335	0.0242742918815479	scale sensitivity; rank-based Wilcoxon is invariant and used for upgrade	0.0633499812518444	lower_in_early_ESCC
ST003027	AN004963	targeted LC-MS	negative	ST003027_targeted_LCMS_combined_modes	AN004963__41	1000	FALSE	-0.286519058093198	0.0245147395560791	scale sensitivity; rank-based Wilcoxon is invariant and used for upgrade	0.063461543528237	lower_in_early_ESCC
ST003027	AN004963	targeted LC-MS	negative	ST003027_targeted_LCMS_combined_modes	AN004963__58	1000	FALSE	0.468812322791176	0.0250786164475929	scale sensitivity; rank-based Wilcoxon is invariant and used for upgrade	0.0644018870374185	higher_in_early_ESCC
ST003027	AN004963	targeted LC-MS	negative	ST003027_targeted_LCMS_combined_modes	AN004963__8	1000	FALSE	-0.401834198726517	0.0282382686625933	scale sensitivity; rank-based Wilcoxon is invariant and used for upgrade	0.0719403511166067	lower_in_early_ESCC
ST003027	AN004962	targeted LC-MS	positive	ST003027_targeted_LCMS_combined_modes	AN004962__24	1000	FALSE	0.243706421972144	0.0292722591074064	scale sensitivity; rank-based Wilcoxon is invariant and used for upgrade	0.0739873635706887	higher_in_early_ESCC
ST003027	AN004962	targeted LC-MS	positive	ST003027_targeted_LCMS_combined_modes	AN004962__222	1000	FALSE	0.311672977223268	0.0323616262967219	scale sensitivity; rank-based Wilcoxon is invariant and used for upgrade	0.0807602940754713	higher_in_early_ESCC
ST003027	AN004963	targeted LC-MS	negative	ST003027_targeted_LCMS_combined_modes	AN004963__98	1000	FALSE	-0.399702067662104	0.0324550714508904	scale sensitivity; rank-based Wilcoxon is invariant and used for upgrade	0.0807602940754713	lower_in_early_ESCC
ST003027	AN004963	targeted LC-MS	negative	ST003027_targeted_LCMS_combined_modes	AN004963__77	1000	FALSE	0.395832386400802	0.0339683645056179	scale sensitivity; rank-based Wilcoxon is invariant and used for upgrade	0.0838757308177181	higher_in_early_ESCC
ST003027	AN004962	targeted LC-MS	positive	ST003027_targeted_LCMS_combined_modes	AN004962__216	1000	FALSE	-0.597816455848777	0.0357433474046401	scale sensitivity; rank-based Wilcoxon is invariant and used for upgrade	0.0875848436403776	lower_in_early_ESCC
ST003027	AN004963	targeted LC-MS	negative	ST003027_targeted_LCMS_combined_modes	AN004963__175	1000	FALSE	-0.435075082643191	0.0385390616255084	scale sensitivity; rank-based Wilcoxon is invariant and used for upgrade	0.0937199907711227	lower_in_early_ESCC
ST003027	AN004962	targeted LC-MS	positive	ST003027_targeted_LCMS_combined_modes	AN004962__123	1000	FALSE	0.415708577693971	0.0392558490527564	scale sensitivity; rank-based Wilcoxon is invariant and used for upgrade	0.0947453198942466	higher_in_early_ESCC
ST003027	AN004963	targeted LC-MS	negative	ST003027_targeted_LCMS_combined_modes	AN004963__135	1000	FALSE	1.7787514683278	0.0397106732027986	scale sensitivity; rank-based Wilcoxon is invariant and used for upgrade	0.0951278067022264	higher_in_early_ESCC
ST003027	AN004962	targeted LC-MS	positive	ST003027_targeted_LCMS_combined_modes	AN004962__152	1000	FALSE	0.315320788771079	0.0425000876892912	scale sensitivity; rank-based Wilcoxon is invariant and used for upgrade	0.101055764061203	higher_in_early_ESCC
ST003027	AN004962	targeted LC-MS	positive	ST003027_targeted_LCMS_combined_modes	AN004962__212	1000	FALSE	-0.487374457777051	0.0455766993120865	scale sensitivity; rank-based Wilcoxon is invariant and used for upgrade	0.106789200577955	lower_in_early_ESCC
ST003027	AN004963	targeted LC-MS	negative	ST003027_targeted_LCMS_combined_modes	AN004963__174	1000	FALSE	2.33647367171364	0.045454472471583	scale sensitivity; rank-based Wilcoxon is invariant and used for upgrade	0.106789200577955	higher_in_early_ESCC
ST003027	AN004962	targeted LC-MS	positive	ST003027_targeted_LCMS_combined_modes	AN004962__27	1000	FALSE	-0.410883251254862	0.0460654943245536	scale sensitivity; rank-based Wilcoxon is invariant and used for upgrade	0.10715234549407	lower_in_early_ESCC
ST003027	AN004963	targeted LC-MS	negative	ST003027_targeted_LCMS_combined_modes	AN004963__14	1000	FALSE	-0.283720135390263	0.0499459392864583	scale sensitivity; rank-based Wilcoxon is invariant and used for upgrade	0.115342780654339	lower_in_early_ESCC
ST003027	AN004963	targeted LC-MS	negative	ST003027_targeted_LCMS_combined_modes	AN004963__178	1000	FALSE	2.40179403770161	0.0538538478735381	scale sensitivity; rank-based Wilcoxon is invariant and used for upgrade	0.123479179767184	higher_in_early_ESCC
ST003027	AN004963	targeted LC-MS	negative	ST003027_targeted_LCMS_combined_modes	AN004963__12	1000	FALSE	-0.621463492298383	0.0558025692639234	scale sensitivity; rank-based Wilcoxon is invariant and used for upgrade	0.127039891728506	lower_in_early_ESCC
ST003027	AN004963	targeted LC-MS	negative	ST003027_targeted_LCMS_combined_modes	AN004963__99	1000	FALSE	0.248574077596714	0.0585003637586154	scale sensitivity; rank-based Wilcoxon is invariant and used for upgrade	0.132243780045884	higher_in_early_ESCC
ST003027	AN004962	targeted LC-MS	positive	ST003027_targeted_LCMS_combined_modes	AN004962__262	1000	FALSE	0.562230690324539	0.0633037699803043	scale sensitivity; rank-based Wilcoxon is invariant and used for upgrade	0.141728480238499	higher_in_early_ESCC
ST003027	AN004963	targeted LC-MS	negative	ST003027_targeted_LCMS_combined_modes	AN004963__156	1000	FALSE	-0.317906162046097	0.0640206530672348	scale sensitivity; rank-based Wilcoxon is invariant and used for upgrade	0.141728480238499	lower_in_early_ESCC
ST003027	AN004963	targeted LC-MS	negative	ST003027_targeted_LCMS_combined_modes	AN004963__160	1000	FALSE	0.136380663337588	0.0638546492277817	scale sensitivity; rank-based Wilcoxon is invariant and used for upgrade	0.141728480238499	higher_in_early_ESCC
ST003027	AN004962	targeted LC-MS	positive	ST003027_targeted_LCMS_combined_modes	AN004962__219	1000	FALSE	0.163670787857591	0.0661993917703363	scale sensitivity; rank-based Wilcoxon is invariant and used for upgrade	0.145547977796424	higher_in_early_ESCC
ST003027	AN004963	targeted LC-MS	negative	ST003027_targeted_LCMS_combined_modes	AN004963__2	1000	FALSE	-0.279582219382892	0.0685131436734278	scale sensitivity; rank-based Wilcoxon is invariant and used for upgrade	0.149610334144016	lower_in_early_ESCC
ST003027	AN004962	targeted LC-MS	positive	ST003027_targeted_LCMS_combined_modes	AN004962__269	1000	FALSE	-1.00687767047791	0.0693828787966771	scale sensitivity; rank-based Wilcoxon is invariant and used for upgrade	0.150485838471171	lower_in_early_ESCC
ST003027	AN004962	targeted LC-MS	positive	ST003027_targeted_LCMS_combined_modes	AN004962__150	1000	FALSE	0.182340520943629	0.0701759188057092	scale sensitivity; rank-based Wilcoxon is invariant and used for upgrade	0.151184361990823	higher_in_early_ESCC
ST003027	AN004963	targeted LC-MS	negative	ST003027_targeted_LCMS_combined_modes	AN004963__93	1000	FALSE	0.566722003945967	0.0738039838210498	scale sensitivity; rank-based Wilcoxon is invariant and used for upgrade	0.157940525377047	higher_in_early_ESCC
ST003027	AN004962	targeted LC-MS	positive	ST003027_targeted_LCMS_combined_modes	AN004962__68	1000	FALSE	1.32045377891827	0.0764833397238951	scale sensitivity; rank-based Wilcoxon is invariant and used for upgrade	0.162590410936227	higher_in_early_ESCC
ST003027	AN004963	targeted LC-MS	negative	ST003027_targeted_LCMS_combined_modes	AN004963__190	1000	FALSE	0.901330024954278	0.0778886155285031	scale sensitivity; rank-based Wilcoxon is invariant and used for upgrade	0.164488457793747	higher_in_early_ESCC
ST003027	AN004963	targeted LC-MS	negative	ST003027_targeted_LCMS_combined_modes	AN004963__169	1000	FALSE	0.456177575890754	0.0787287920794114	scale sensitivity; rank-based Wilcoxon is invariant and used for upgrade	0.165176093186216	higher_in_early_ESCC
ST003027	AN004963	targeted LC-MS	negative	ST003027_targeted_LCMS_combined_modes	AN004963__61	1000	FALSE	-0.238966995976342	0.0833440554259834	scale sensitivity; rank-based Wilcoxon is invariant and used for upgrade	0.173723647998316	lower_in_early_ESCC
ST003027	AN004962	targeted LC-MS	positive	ST003027_targeted_LCMS_combined_modes	AN004962__116	1000	FALSE	0.795526112651577	0.0871973848821496	scale sensitivity; rank-based Wilcoxon is invariant and used for upgrade	0.179425388122885	higher_in_early_ESCC
ST003027	AN004963	targeted LC-MS	negative	ST003027_targeted_LCMS_combined_modes	AN004963__85	1000	FALSE	-0.147514000005955	0.0866826363274188	scale sensitivity; rank-based Wilcoxon is invariant and used for upgrade	0.179425388122885	lower_in_early_ESCC
ST003027	AN004963	targeted LC-MS	negative	ST003027_targeted_LCMS_combined_modes	AN004963__31	1000	FALSE	0.774503380764046	0.0902328273387513	scale sensitivity; rank-based Wilcoxon is invariant and used for upgrade	0.184488774367765	higher_in_early_ESCC
ST003027	AN004963	targeted LC-MS	negative	ST003027_targeted_LCMS_combined_modes	AN004963__67	1000	FALSE	0.699631081960689	0.0975385663941781	scale sensitivity; rank-based Wilcoxon is invariant and used for upgrade	0.198163796281843	higher_in_early_ESCC
ST003027	AN004962	targeted LC-MS	positive	ST003027_targeted_LCMS_combined_modes	AN004962__181	1000	FALSE	0.282854956901048	0.103542071355743	scale sensitivity; rank-based Wilcoxon is invariant and used for upgrade	0.20903776669933	higher_in_early_ESCC
ST003027	AN004962	targeted LC-MS	positive	ST003027_targeted_LCMS_combined_modes	AN004962__18	1000	FALSE	0.198201066573139	0.105314279223921	scale sensitivity; rank-based Wilcoxon is invariant and used for upgrade	0.211286772692991	higher_in_early_ESCC
ST003027	AN004962	targeted LC-MS	positive	ST003027_targeted_LCMS_combined_modes	AN004962__84	1000	FALSE	0.100090846917993	0.112113430695422	scale sensitivity; rank-based Wilcoxon is invariant and used for upgrade	0.22353050467845	higher_in_early_ESCC
ST003027	AN004963	targeted LC-MS	negative	ST003027_targeted_LCMS_combined_modes	AN004963__96	1000	FALSE	0.119639017331035	0.116901694918658	scale sensitivity; rank-based Wilcoxon is invariant and used for upgrade	0.231638543635118	higher_in_early_ESCC
ST003027	AN004962	targeted LC-MS	positive	ST003027_targeted_LCMS_combined_modes	AN004962__205	1000	FALSE	0.813999349064306	0.119942745003127	scale sensitivity; rank-based Wilcoxon is invariant and used for upgrade	0.231973625625487	higher_in_early_ESCC
ST003027	AN004963	targeted LC-MS	negative	ST003027_targeted_LCMS_combined_modes	AN004963__162	1000	FALSE	-0.429574119649969	0.118899134156778	scale sensitivity; rank-based Wilcoxon is invariant and used for upgrade	0.231973625625487	lower_in_early_ESCC
ST003027	AN004963	targeted LC-MS	negative	ST003027_targeted_LCMS_combined_modes	AN004963__172	1000	FALSE	0.217759570408126	0.118896699146631	scale sensitivity; rank-based Wilcoxon is invariant and used for upgrade	0.231973625625487	higher_in_early_ESCC
ST003027	AN004963	targeted LC-MS	negative	ST003027_targeted_LCMS_combined_modes	AN004963__184	1000	FALSE	0.911023914757557	0.119961438796981	scale sensitivity; rank-based Wilcoxon is invariant and used for upgrade	0.231973625625487	higher_in_early_ESCC
ST003027	AN004962	targeted LC-MS	positive	ST003027_targeted_LCMS_combined_modes	AN004962__159	1000	FALSE	0.34719281445405	0.128016686819201	scale sensitivity; rank-based Wilcoxon is invariant and used for upgrade	0.246068002808165	higher_in_early_ESCC
ST003027	AN004962	targeted LC-MS	positive	ST003027_targeted_LCMS_combined_modes	AN004962__169	1000	FALSE	0.197646671866009	0.133786766101366	scale sensitivity; rank-based Wilcoxon is invariant and used for upgrade	0.255628285229395	higher_in_early_ESCC
ST003027	AN004963	targeted LC-MS	negative	ST003027_targeted_LCMS_combined_modes	AN004963__75	1000	FALSE	0.264179173166746	0.138327083030064	scale sensitivity; rank-based Wilcoxon is invariant and used for upgrade	0.262739607412133	higher_in_early_ESCC
ST003027	AN004963	targeted LC-MS	negative	ST003027_targeted_LCMS_combined_modes	AN004963__181	1000	FALSE	0.721775900062785	0.140575221185962	scale sensitivity; rank-based Wilcoxon is invariant and used for upgrade	0.265439094121728	higher_in_early_ESCC
ST003027	AN004963	targeted LC-MS	negative	ST003027_targeted_LCMS_combined_modes	AN004963__121	1000	FALSE	0.463056920479555	0.141914859962016	scale sensitivity; rank-based Wilcoxon is invariant and used for upgrade	0.266401579226942	higher_in_early_ESCC
ST003027	AN004962	targeted LC-MS	positive	ST003027_targeted_LCMS_combined_modes	AN004962__198	1000	FALSE	-0.377953877577232	0.164219322945313	scale sensitivity; rank-based Wilcoxon is invariant and used for upgrade	0.305540416525911	lower_in_early_ESCC
ST003027	AN004962	targeted LC-MS	positive	ST003027_targeted_LCMS_combined_modes	AN004962__206	1000	FALSE	-0.780214803609017	0.164668199560694	scale sensitivity; rank-based Wilcoxon is invariant and used for upgrade	0.305540416525911	lower_in_early_ESCC
ST003027	AN004963	targeted LC-MS	negative	ST003027_targeted_LCMS_combined_modes	AN004963__210	1000	FALSE	-0.698550482920523	0.17911642048028	scale sensitivity; rank-based Wilcoxon is invariant and used for upgrade	0.330438913644655	lower_in_early_ESCC
ST003027	AN004962	targeted LC-MS	positive	ST003027_targeted_LCMS_combined_modes	AN004962__77	1000	FALSE	0.397161040878761	0.181403046585802	scale sensitivity; rank-based Wilcoxon is invariant and used for upgrade	0.332745016880243	higher_in_early_ESCC
ST003027	AN004963	targeted LC-MS	negative	ST003027_targeted_LCMS_combined_modes	AN004963__165	1000	FALSE	-0.651996874224064	0.197082223014944	scale sensitivity; rank-based Wilcoxon is invariant and used for upgrade	0.359451099930665	lower_in_early_ESCC
ST003027	AN004963	targeted LC-MS	negative	ST003027_targeted_LCMS_combined_modes	AN004963__112	1000	FALSE	-1.61326531029676	0.205640807631705	scale sensitivity; rank-based Wilcoxon is invariant and used for upgrade	0.372941803671058	lower_in_early_ESCC
ST003027	AN004963	targeted LC-MS	negative	ST003027_targeted_LCMS_combined_modes	AN004963__15	1000	FALSE	-0.239911527037255	0.207348959030634	scale sensitivity; rank-based Wilcoxon is invariant and used for upgrade	0.37294562659038	lower_in_early_ESCC
ST003027	AN004963	targeted LC-MS	negative	ST003027_targeted_LCMS_combined_modes	AN004963__48	1000	FALSE	-0.100797389797331	0.207966564360368	scale sensitivity; rank-based Wilcoxon is invariant and used for upgrade	0.37294562659038	lower_in_early_ESCC
ST003027	AN004962	targeted LC-MS	positive	ST003027_targeted_LCMS_combined_modes	AN004962__210	1000	FALSE	0.7588156626184	0.211077192896862	scale sensitivity; rank-based Wilcoxon is invariant and used for upgrade	0.376420993999403	higher_in_early_ESCC
ST003027	AN004962	targeted LC-MS	positive	ST003027_targeted_LCMS_combined_modes	AN004962__76	1000	FALSE	0.142333679062392	0.222829356911554	scale sensitivity; rank-based Wilcoxon is invariant and used for upgrade	0.395183555627674	higher_in_early_ESCC
ST003027	AN004963	targeted LC-MS	negative	ST003027_targeted_LCMS_combined_modes	AN004963__21	1000	FALSE	1.11654021940437	0.226352122503947	scale sensitivity; rank-based Wilcoxon is invariant and used for upgrade	0.399225446833884	higher_in_early_ESCC
ST003027	AN004962	targeted LC-MS	positive	ST003027_targeted_LCMS_combined_modes	AN004962__249	1000	FALSE	0.184515739896447	0.229587071893622	scale sensitivity; rank-based Wilcoxon is invariant and used for upgrade	0.402718306436354	higher_in_early_ESCC
ST003027	AN004962	targeted LC-MS	positive	ST003027_targeted_LCMS_combined_modes	AN004962__180	1000	FALSE	0.197333805489182	0.234659858281798	scale sensitivity; rank-based Wilcoxon is invariant and used for upgrade	0.409379426676398	higher_in_early_ESCC
ST003027	AN004963	targeted LC-MS	negative	ST003027_targeted_LCMS_combined_modes	AN004963__24	1000	FALSE	0.997878031253743	0.238957522256828	scale sensitivity; rank-based Wilcoxon is invariant and used for upgrade	0.414623592672658	higher_in_early_ESCC
ST003027	AN004962	targeted LC-MS	positive	ST003027_targeted_LCMS_combined_modes	AN004962__131	1000	FALSE	0.337584396130005	0.263830852200958	scale sensitivity; rank-based Wilcoxon is invariant and used for upgrade	0.44646107896606	higher_in_early_ESCC
ST003027	AN004962	targeted LC-MS	positive	ST003027_targeted_LCMS_combined_modes	AN004962__267	1000	FALSE	0.166230044373751	0.262760526861424	scale sensitivity; rank-based Wilcoxon is invariant and used for upgrade	0.44646107896606	higher_in_early_ESCC
ST003027	AN004963	targeted LC-MS	negative	ST003027_targeted_LCMS_combined_modes	AN004963__4	1000	FALSE	0.121081027285857	0.264260451724459	scale sensitivity; rank-based Wilcoxon is invariant and used for upgrade	0.44646107896606	higher_in_early_ESCC
ST003027	AN004963	targeted LC-MS	negative	ST003027_targeted_LCMS_combined_modes	AN004963__73	1000	FALSE	0.102791093833448	0.261917807632439	scale sensitivity; rank-based Wilcoxon is invariant and used for upgrade	0.44646107896606	higher_in_early_ESCC
ST003027	AN004963	targeted LC-MS	negative	ST003027_targeted_LCMS_combined_modes	AN004963__116	1000	FALSE	0.197524565938494	0.262012613599054	scale sensitivity; rank-based Wilcoxon is invariant and used for upgrade	0.44646107896606	higher_in_early_ESCC
ST003027	AN004962	targeted LC-MS	positive	ST003027_targeted_LCMS_combined_modes	AN004962__132	1000	FALSE	0.272643686484296	0.267112380833146	scale sensitivity; rank-based Wilcoxon is invariant and used for upgrade	0.448916619096544	higher_in_early_ESCC
ST003027	AN004962	targeted LC-MS	positive	ST003027_targeted_LCMS_combined_modes	AN004962__197	1000	FALSE	0.0756194465221203	0.28086984694379	scale sensitivity; rank-based Wilcoxon is invariant and used for upgrade	0.469579275359149	higher_in_early_ESCC
ST003027	AN004962	targeted LC-MS	positive	ST003027_targeted_LCMS_combined_modes	AN004962__49	1000	FALSE	0.184651514763591	0.293728997984947	scale sensitivity; rank-based Wilcoxon is invariant and used for upgrade	0.48853372203714	higher_in_early_ESCC
ST003027	AN004962	targeted LC-MS	positive	ST003027_targeted_LCMS_combined_modes	AN004962__266	1000	FALSE	0.161226687449652	0.298816840063295	scale sensitivity; rank-based Wilcoxon is invariant and used for upgrade	0.492165471451431	higher_in_early_ESCC
ST003027	AN004963	targeted LC-MS	negative	ST003027_targeted_LCMS_combined_modes	AN004963__45	1000	FALSE	-0.143630201445362	0.298979024713486	scale sensitivity; rank-based Wilcoxon is invariant and used for upgrade	0.492165471451431	lower_in_early_ESCC
ST003027	AN004962	targeted LC-MS	positive	ST003027_targeted_LCMS_combined_modes	AN004962__25	1000	FALSE	-0.107948058811372	0.305002159707955	scale sensitivity; rank-based Wilcoxon is invariant and used for upgrade	0.499518843195171	lower_in_early_ESCC
ST003027	AN004962	targeted LC-MS	positive	ST003027_targeted_LCMS_combined_modes	AN004962__56	1000	FALSE	0.133061999389133	0.307520221044451	scale sensitivity; rank-based Wilcoxon is invariant and used for upgrade	0.501086248503902	higher_in_early_ESCC
ST003027	AN004962	targeted LC-MS	positive	ST003027_targeted_LCMS_combined_modes	AN004962__11	1000	FALSE	-0.529795904461203	0.309084541172335	scale sensitivity; rank-based Wilcoxon is invariant and used for upgrade	0.501091604627876	lower_in_early_ESCC
ST003027	AN004963	targeted LC-MS	negative	ST003027_targeted_LCMS_combined_modes	AN004963__166	1000	FALSE	0.133323281593322	0.311742412778502	scale sensitivity; rank-based Wilcoxon is invariant and used for upgrade	0.502860876893965	higher_in_early_ESCC
ST003027	AN004963	targeted LC-MS	negative	ST003027_targeted_LCMS_combined_modes	AN004963__43	1000	FALSE	0.116309526785429	0.314152243127019	scale sensitivity; rank-based Wilcoxon is invariant and used for upgrade	0.504214350218865	higher_in_early_ESCC
ST003027	AN004963	targeted LC-MS	negative	ST003027_targeted_LCMS_combined_modes	AN004963__125	1000	FALSE	0.256662982057997	0.329613458906045	scale sensitivity; rank-based Wilcoxon is invariant and used for upgrade	0.526397613476818	higher_in_early_ESCC
ST003027	AN004963	targeted LC-MS	negative	ST003027_targeted_LCMS_combined_modes	AN004963__101	1000	FALSE	0.416813820780956	0.333250106323963	scale sensitivity; rank-based Wilcoxon is invariant and used for upgrade	0.529570713514812	higher_in_early_ESCC
ST003027	AN004962	targeted LC-MS	positive	ST003027_targeted_LCMS_combined_modes	AN004962__90	1000	FALSE	-0.536479600186535	0.336109967928244	scale sensitivity; rank-based Wilcoxon is invariant and used for upgrade	0.531484234999834	lower_in_early_ESCC
ST003027	AN004963	targeted LC-MS	negative	ST003027_targeted_LCMS_combined_modes	AN004963__154	1000	FALSE	-0.148598827100891	0.35015849131718	scale sensitivity; rank-based Wilcoxon is invariant and used for upgrade	0.548296954696658	lower_in_early_ESCC
ST003027	AN004963	targeted LC-MS	negative	ST003027_targeted_LCMS_combined_modes	AN004963__167	1000	FALSE	0.0686586259049533	0.349800305451028	scale sensitivity; rank-based Wilcoxon is invariant and used for upgrade	0.548296954696658	higher_in_early_ESCC
ST003027	AN004962	targeted LC-MS	positive	ST003027_targeted_LCMS_combined_modes	AN004962__268	1000	FALSE	0.143991090693222	0.356834185408013	scale sensitivity; rank-based Wilcoxon is invariant and used for upgrade	0.556037735514428	higher_in_early_ESCC
ST003027	AN004963	targeted LC-MS	negative	ST003027_targeted_LCMS_combined_modes	AN004963__159	1000	FALSE	-0.207985471308415	0.359399853521502	scale sensitivity; rank-based Wilcoxon is invariant and used for upgrade	0.557330207634793	lower_in_early_ESCC
ST003027	AN004962	targeted LC-MS	positive	ST003027_targeted_LCMS_combined_modes	AN004962__13	1000	FALSE	0.117647909978557	0.365393962644936	scale sensitivity; rank-based Wilcoxon is invariant and used for upgrade	0.563901259658771	higher_in_early_ESCC
ST003027	AN004963	targeted LC-MS	negative	ST003027_targeted_LCMS_combined_modes	AN004963__109	1000	FALSE	0.121920196928693	0.370664430977076	scale sensitivity; rank-based Wilcoxon is invariant and used for upgrade	0.569298001644218	higher_in_early_ESCC
ST003027	AN004962	targeted LC-MS	positive	ST003027_targeted_LCMS_combined_modes	AN004962__145	1000	FALSE	0.105789405515224	0.377225054100045	scale sensitivity; rank-based Wilcoxon is invariant and used for upgrade	0.57661543983864	higher_in_early_ESCC
ST003027	AN004963	targeted LC-MS	negative	ST003027_targeted_LCMS_combined_modes	AN004963__51	1000	FALSE	0.494440123219258	0.387628067598933	scale sensitivity; rank-based Wilcoxon is invariant and used for upgrade	0.589499984461528	higher_in_early_ESCC
ST003027	AN004963	targeted LC-MS	negative	ST003027_targeted_LCMS_combined_modes	AN004963__123	1000	FALSE	0.0562331895950168	0.391163541091295	scale sensitivity; rank-based Wilcoxon is invariant and used for upgrade	0.589499984461528	higher_in_early_ESCC
ST003027	AN004963	targeted LC-MS	negative	ST003027_targeted_LCMS_combined_modes	AN004963__147	1000	FALSE	-0.169845816887391	0.390641471213361	scale sensitivity; rank-based Wilcoxon is invariant and used for upgrade	0.589499984461528	lower_in_early_ESCC
ST003027	AN004962	targeted LC-MS	positive	ST003027_targeted_LCMS_combined_modes	AN004962__22	1000	FALSE	0.15037493317079	0.403216129201648	scale sensitivity; rank-based Wilcoxon is invariant and used for upgrade	0.604824193802473	higher_in_early_ESCC
ST003027	AN004962	targeted LC-MS	positive	ST003027_targeted_LCMS_combined_modes	AN004962__259	1000	FALSE	0.373940439389969	0.407750447143966	scale sensitivity; rank-based Wilcoxon is invariant and used for upgrade	0.60878090015448	higher_in_early_ESCC
ST003027	AN004962	targeted LC-MS	positive	ST003027_targeted_LCMS_combined_modes	AN004962__28	1000	FALSE	0.0740988382779388	0.41306295317883	scale sensitivity; rank-based Wilcoxon is invariant and used for upgrade	0.613857444307429	higher_in_early_ESCC
ST003027	AN004963	targeted LC-MS	negative	ST003027_targeted_LCMS_combined_modes	AN004963__170	1000	FALSE	0.123794239886733	0.416587616182834	scale sensitivity; rank-based Wilcoxon is invariant and used for upgrade	0.616242510574607	higher_in_early_ESCC
ST003027	AN004963	targeted LC-MS	negative	ST003027_targeted_LCMS_combined_modes	AN004963__23	1000	FALSE	-0.564085472428931	0.426474534156408	scale sensitivity; rank-based Wilcoxon is invariant and used for upgrade	0.627973970019298	lower_in_early_ESCC
ST003027	AN004963	targeted LC-MS	negative	ST003027_targeted_LCMS_combined_modes	AN004963__110	1000	FALSE	-0.158676649204253	0.43408820316704	scale sensitivity; rank-based Wilcoxon is invariant and used for upgrade	0.633841255588611	lower_in_early_ESCC
ST003027	AN004963	targeted LC-MS	negative	ST003027_targeted_LCMS_combined_modes	AN004963__215	1000	FALSE	0.144882140230644	0.434408337163534	scale sensitivity; rank-based Wilcoxon is invariant and used for upgrade	0.633841255588611	higher_in_early_ESCC
ST003027	AN004963	targeted LC-MS	negative	ST003027_targeted_LCMS_combined_modes	AN004963__56	1000	FALSE	0.0800591010683043	0.444949209921823	scale sensitivity; rank-based Wilcoxon is invariant and used for upgrade	0.646283694049345	higher_in_early_ESCC
ST003027	AN004963	targeted LC-MS	negative	ST003027_targeted_LCMS_combined_modes	AN004963__16	1000	FALSE	0.104570818040825	0.450812754711534	scale sensitivity; rank-based Wilcoxon is invariant and used for upgrade	0.651731453385153	higher_in_early_ESCC
ST003027	AN004963	targeted LC-MS	negative	ST003027_targeted_LCMS_combined_modes	AN004963__106	1000	FALSE	0.440293007092428	0.456132644025269	scale sensitivity; rank-based Wilcoxon is invariant and used for upgrade	0.651731453385153	higher_in_early_ESCC
ST003027	AN004963	targeted LC-MS	negative	ST003027_targeted_LCMS_combined_modes	AN004963__149	1000	FALSE	0.589496074676216	0.45363137879041	scale sensitivity; rank-based Wilcoxon is invariant and used for upgrade	0.651731453385153	higher_in_early_ESCC
ST003027	AN004963	targeted LC-MS	negative	ST003027_targeted_LCMS_combined_modes	AN004963__176	1000	FALSE	0.128909298670052	0.456821112185855	scale sensitivity; rank-based Wilcoxon is invariant and used for upgrade	0.651731453385153	higher_in_early_ESCC
ST003027	AN004963	targeted LC-MS	negative	ST003027_targeted_LCMS_combined_modes	AN004963__212	1000	FALSE	0.469855038503607	0.465563669002348	scale sensitivity; rank-based Wilcoxon is invariant and used for upgrade	0.661265211282096	higher_in_early_ESCC
ST003027	AN004962	targeted LC-MS	positive	ST003027_targeted_LCMS_combined_modes	AN004962__35	1000	FALSE	-0.20187536419188	0.468663819877444	scale sensitivity; rank-based Wilcoxon is invariant and used for upgrade	0.662736062469866	lower_in_early_ESCC
ST003027	AN004963	targeted LC-MS	negative	ST003027_targeted_LCMS_combined_modes	AN004963__97	1000	FALSE	0.692343005166304	0.475405147519137	scale sensitivity; rank-based Wilcoxon is invariant and used for upgrade	0.669320405059837	higher_in_early_ESCC
ST003027	AN004962	targeted LC-MS	positive	ST003027_targeted_LCMS_combined_modes	AN004962__236	1000	FALSE	0.110009378669135	0.482019989193328	scale sensitivity; rank-based Wilcoxon is invariant and used for upgrade	0.675669941183661	higher_in_early_ESCC
ST003027	AN004963	targeted LC-MS	negative	ST003027_targeted_LCMS_combined_modes	AN004963__163	1000	FALSE	0.0709687718078875	0.502195989989109	scale sensitivity; rank-based Wilcoxon is invariant and used for upgrade	0.697856765309541	higher_in_early_ESCC
ST003027	AN004963	targeted LC-MS	negative	ST003027_targeted_LCMS_combined_modes	AN004963__200	1000	FALSE	0.137250999216803	0.501762241096456	scale sensitivity; rank-based Wilcoxon is invariant and used for upgrade	0.697856765309541	higher_in_early_ESCC
ST003027	AN004962	targeted LC-MS	positive	ST003027_targeted_LCMS_combined_modes	AN004962__144	1000	FALSE	0.422205265878665	0.506749421334532	scale sensitivity; rank-based Wilcoxon is invariant and used for upgrade	0.701148983829245	higher_in_early_ESCC
ST003027	AN004963	targeted LC-MS	negative	ST003027_targeted_LCMS_combined_modes	AN004963__13	1000	FALSE	0.666154436303437	0.512326682646823	scale sensitivity; rank-based Wilcoxon is invariant and used for upgrade	0.705823455491975	higher_in_early_ESCC
ST003027	AN004962	targeted LC-MS	positive	ST003027_targeted_LCMS_combined_modes	AN004962__44	1000	FALSE	-0.0435908155043983	0.525673256812597	scale sensitivity; rank-based Wilcoxon is invariant and used for upgrade	0.72111587793523	lower_in_early_ESCC
ST003027	AN004962	targeted LC-MS	positive	ST003027_targeted_LCMS_combined_modes	AN004962__63	1000	FALSE	0.148973115363554	0.530487332967508	scale sensitivity; rank-based Wilcoxon is invariant and used for upgrade	0.724623122904554	higher_in_early_ESCC
ST003027	AN004962	targeted LC-MS	positive	ST003027_targeted_LCMS_combined_modes	AN004962__117	1000	FALSE	0.291978418607043	0.539999040150869	scale sensitivity; rank-based Wilcoxon is invariant and used for upgrade	0.730439369735834	higher_in_early_ESCC
ST003027	AN004963	targeted LC-MS	negative	ST003027_targeted_LCMS_combined_modes	AN004963__20	1000	FALSE	-0.110041590512358	0.541954471661659	scale sensitivity; rank-based Wilcoxon is invariant and used for upgrade	0.730439369735834	lower_in_early_ESCC
ST003027	AN004963	targeted LC-MS	negative	ST003027_targeted_LCMS_combined_modes	AN004963__80	1000	FALSE	-0.133135614738601	0.546122893260437	scale sensitivity; rank-based Wilcoxon is invariant and used for upgrade	0.730439369735834	lower_in_early_ESCC
ST003027	AN004963	targeted LC-MS	negative	ST003027_targeted_LCMS_combined_modes	AN004963__104	1000	FALSE	-0.0715435515197811	0.5452438466634	scale sensitivity; rank-based Wilcoxon is invariant and used for upgrade	0.730439369735834	lower_in_early_ESCC
ST003027	AN004963	targeted LC-MS	negative	ST003027_targeted_LCMS_combined_modes	AN004963__152	1000	FALSE	-0.130615627501357	0.54105372967151	scale sensitivity; rank-based Wilcoxon is invariant and used for upgrade	0.730439369735834	lower_in_early_ESCC
ST003027	AN004962	targeted LC-MS	positive	ST003027_targeted_LCMS_combined_modes	AN004962__148	1000	FALSE	0.0999917127230363	0.55220500110355	scale sensitivity; rank-based Wilcoxon is invariant and used for upgrade	0.735509565785227	higher_in_early_ESCC
ST003027	AN004962	targeted LC-MS	positive	ST003027_targeted_LCMS_combined_modes	AN004962__211	1000	FALSE	0.0941262216061745	0.558083814936415	scale sensitivity; rank-based Wilcoxon is invariant and used for upgrade	0.740268200804088	higher_in_early_ESCC
ST003027	AN004963	targeted LC-MS	negative	ST003027_targeted_LCMS_combined_modes	AN004963__161	1000	FALSE	-0.130978992631754	0.563426509090987	scale sensitivity; rank-based Wilcoxon is invariant and used for upgrade	0.744279462626366	lower_in_early_ESCC
ST003027	AN004963	targeted LC-MS	negative	ST003027_targeted_LCMS_combined_modes	AN004963__7	1000	FALSE	0.190195579940935	0.567808854584386	scale sensitivity; rank-based Wilcoxon is invariant and used for upgrade	0.746994435744212	higher_in_early_ESCC
ST003027	AN004963	targeted LC-MS	negative	ST003027_targeted_LCMS_combined_modes	AN004963__141	1000	FALSE	-0.124649137736587	0.576381264718952	scale sensitivity; rank-based Wilcoxon is invariant and used for upgrade	0.755177085611362	lower_in_early_ESCC
ST003027	AN004963	targeted LC-MS	negative	ST003027_targeted_LCMS_combined_modes	AN004963__155	1000	FALSE	-0.0715141487604907	0.583562533712496	scale sensitivity; rank-based Wilcoxon is invariant and used for upgrade	0.76147794033216	lower_in_early_ESCC
ST003027	AN004963	targeted LC-MS	negative	ST003027_targeted_LCMS_combined_modes	AN004963__124	1000	FALSE	-0.32724502887888	0.591389186077903	scale sensitivity; rank-based Wilcoxon is invariant and used for upgrade	0.768566513080999	lower_in_early_ESCC
ST003027	AN004963	targeted LC-MS	negative	ST003027_targeted_LCMS_combined_modes	AN004963__22	1000	FALSE	-0.0917376514847472	0.598671240210354	scale sensitivity; rank-based Wilcoxon is invariant and used for upgrade	0.771780996415757	lower_in_early_ESCC
ST003027	AN004963	targeted LC-MS	negative	ST003027_targeted_LCMS_combined_modes	AN004963__150	1000	FALSE	0.0460610454301094	0.597736808963053	scale sensitivity; rank-based Wilcoxon is invariant and used for upgrade	0.771780996415757	higher_in_early_ESCC
ST003027	AN004963	targeted LC-MS	negative	ST003027_targeted_LCMS_combined_modes	AN004963__142	1000	FALSE	0.116912668417211	0.60526824941198	scale sensitivity; rank-based Wilcoxon is invariant and used for upgrade	0.777164432244982	higher_in_early_ESCC
ST003027	AN004962	targeted LC-MS	positive	ST003027_targeted_LCMS_combined_modes	AN004962__6	1000	FALSE	-0.375019432656293	0.630739437010958	scale sensitivity; rank-based Wilcoxon is invariant and used for upgrade	0.786747688051861	lower_in_early_ESCC
ST003027	AN004962	targeted LC-MS	positive	ST003027_targeted_LCMS_combined_modes	AN004962__64	1000	FALSE	0.0898641513973288	0.629849558420246	scale sensitivity; rank-based Wilcoxon is invariant and used for upgrade	0.786747688051861	higher_in_early_ESCC
ST003027	AN004962	targeted LC-MS	positive	ST003027_targeted_LCMS_combined_modes	AN004962__72	1000	FALSE	0.168687042489287	0.631694525647995	scale sensitivity; rank-based Wilcoxon is invariant and used for upgrade	0.786747688051861	higher_in_early_ESCC
ST003027	AN004962	targeted LC-MS	positive	ST003027_targeted_LCMS_combined_modes	AN004962__121	1000	FALSE	0.0979816674558815	0.630291932347633	scale sensitivity; rank-based Wilcoxon is invariant and used for upgrade	0.786747688051861	higher_in_early_ESCC
ST003027	AN004962	targeted LC-MS	positive	ST003027_targeted_LCMS_combined_modes	AN004962__240	1000	FALSE	0.0631531214047261	0.626327968194157	scale sensitivity; rank-based Wilcoxon is invariant and used for upgrade	0.786747688051861	higher_in_early_ESCC
ST003027	AN004963	targeted LC-MS	negative	ST003027_targeted_LCMS_combined_modes	AN004963__34	1000	FALSE	0.142518599439183	0.627630431193537	scale sensitivity; rank-based Wilcoxon is invariant and used for upgrade	0.786747688051861	higher_in_early_ESCC
ST003027	AN004963	targeted LC-MS	negative	ST003027_targeted_LCMS_combined_modes	AN004963__79	1000	FALSE	-0.320799638357621	0.630145904727165	scale sensitivity; rank-based Wilcoxon is invariant and used for upgrade	0.786747688051861	lower_in_early_ESCC
ST003027	AN004963	targeted LC-MS	negative	ST003027_targeted_LCMS_combined_modes	AN004963__128	1000	FALSE	-0.124038123975199	0.632339263294019	scale sensitivity; rank-based Wilcoxon is invariant and used for upgrade	0.786747688051861	lower_in_early_ESCC
ST003027	AN004962	targeted LC-MS	positive	ST003027_targeted_LCMS_combined_modes	AN004962__151	1000	FALSE	-0.267951166427248	0.64573732237176	scale sensitivity; rank-based Wilcoxon is invariant and used for upgrade	0.800315368653803	lower_in_early_ESCC
ST003027	AN004963	targeted LC-MS	negative	ST003027_targeted_LCMS_combined_modes	AN004963__50	1000	FALSE	-0.0509786365828671	0.656683829689828	scale sensitivity; rank-based Wilcoxon is invariant and used for upgrade	0.804563012711583	lower_in_early_ESCC
ST003027	AN004963	targeted LC-MS	negative	ST003027_targeted_LCMS_combined_modes	AN004963__117	1000	FALSE	0.0576301217104607	0.654697931157631	scale sensitivity; rank-based Wilcoxon is invariant and used for upgrade	0.804563012711583	higher_in_early_ESCC
ST003027	AN004963	targeted LC-MS	negative	ST003027_targeted_LCMS_combined_modes	AN004963__186	1000	FALSE	-0.209164668672857	0.653187308166728	scale sensitivity; rank-based Wilcoxon is invariant and used for upgrade	0.804563012711583	lower_in_early_ESCC
ST003027	AN004962	targeted LC-MS	positive	ST003027_targeted_LCMS_combined_modes	AN004962__7	1000	FALSE	0.132513799617668	0.663337924409572	scale sensitivity; rank-based Wilcoxon is invariant and used for upgrade	0.809625375420048	higher_in_early_ESCC
ST003027	AN004963	targeted LC-MS	negative	ST003027_targeted_LCMS_combined_modes	AN004963__177	1000	FALSE	-0.0471350225638156	0.688434400107441	scale sensitivity; rank-based Wilcoxon is invariant and used for upgrade	0.837073645585184	lower_in_early_ESCC
ST003027	AN004962	targeted LC-MS	positive	ST003027_targeted_LCMS_combined_modes	AN004962__50	1000	FALSE	-0.0974725656186495	0.691429004989501	scale sensitivity; rank-based Wilcoxon is invariant and used for upgrade	0.837542304157093	lower_in_early_ESCC
ST003027	AN004963	targeted LC-MS	negative	ST003027_targeted_LCMS_combined_modes	AN004963__57	1000	FALSE	-0.318779912624066	0.705483748769649	scale sensitivity; rank-based Wilcoxon is invariant and used for upgrade	0.848165855262387	lower_in_early_ESCC
ST003027	AN004963	targeted LC-MS	negative	ST003027_targeted_LCMS_combined_modes	AN004963__204	1000	FALSE	-0.148307503179177	0.705130547834381	scale sensitivity; rank-based Wilcoxon is invariant and used for upgrade	0.848165855262387	lower_in_early_ESCC
ST003027	AN004962	targeted LC-MS	positive	ST003027_targeted_LCMS_combined_modes	AN004962__34	1000	FALSE	-0.263868762879754	0.730081157141426	scale sensitivity; rank-based Wilcoxon is invariant and used for upgrade	0.868168430090668	lower_in_early_ESCC
ST003027	AN004962	targeted LC-MS	positive	ST003027_targeted_LCMS_combined_modes	AN004962__223	1000	FALSE	-0.0676617681076059	0.732939702662215	scale sensitivity; rank-based Wilcoxon is invariant and used for upgrade	0.868168430090668	lower_in_early_ESCC
ST003027	AN004963	targeted LC-MS	negative	ST003027_targeted_LCMS_combined_modes	AN004963__84	1000	FALSE	0.665773225465187	0.729560218614566	scale sensitivity; rank-based Wilcoxon is invariant and used for upgrade	0.868168430090668	higher_in_early_ESCC
ST003027	AN004963	targeted LC-MS	negative	ST003027_targeted_LCMS_combined_modes	AN004963__202	1000	FALSE	0.224405543292591	0.730364684413693	scale sensitivity; rank-based Wilcoxon is invariant and used for upgrade	0.868168430090668	higher_in_early_ESCC
ST003027	AN004962	targeted LC-MS	positive	ST003027_targeted_LCMS_combined_modes	AN004962__91	1000	FALSE	0.0489995999001236	0.738825259289754	scale sensitivity; rank-based Wilcoxon is invariant and used for upgrade	0.870011736459752	higher_in_early_ESCC
ST003027	AN004963	targeted LC-MS	negative	ST003027_targeted_LCMS_combined_modes	AN004963__18	1000	FALSE	0.328765524863871	0.739916523531191	scale sensitivity; rank-based Wilcoxon is invariant and used for upgrade	0.870011736459752	higher_in_early_ESCC
ST003027	AN004963	targeted LC-MS	negative	ST003027_targeted_LCMS_combined_modes	AN004963__213	1000	FALSE	-0.0567922346435577	0.758042760692225	scale sensitivity; rank-based Wilcoxon is invariant and used for upgrade	0.888071993365709	lower_in_early_ESCC
ST003027	AN004962	targeted LC-MS	positive	ST003027_targeted_LCMS_combined_modes	AN004962__12	1000	FALSE	-0.0380534665636016	0.772833634985453	scale sensitivity; rank-based Wilcoxon is invariant and used for upgrade	0.895987202507406	lower_in_early_ESCC
ST003027	AN004962	targeted LC-MS	positive	ST003027_targeted_LCMS_combined_modes	AN004962__176	1000	FALSE	-0.0615836132112708	0.775963994694888	scale sensitivity; rank-based Wilcoxon is invariant and used for upgrade	0.895987202507406	lower_in_early_ESCC
ST003027	AN004963	targeted LC-MS	negative	ST003027_targeted_LCMS_combined_modes	AN004963__6	1000	FALSE	0.0361459910281656	0.773380418353611	scale sensitivity; rank-based Wilcoxon is invariant and used for upgrade	0.895987202507406	higher_in_early_ESCC
ST003027	AN004963	targeted LC-MS	negative	ST003027_targeted_LCMS_combined_modes	AN004963__192	1000	FALSE	-0.159942353149475	0.775846879177733	scale sensitivity; rank-based Wilcoxon is invariant and used for upgrade	0.895987202507406	lower_in_early_ESCC
ST003027	AN004962	targeted LC-MS	positive	ST003027_targeted_LCMS_combined_modes	AN004962__130	1000	FALSE	0.102082534278048	0.789348728305259	scale sensitivity; rank-based Wilcoxon is invariant and used for upgrade	0.904931934949958	higher_in_early_ESCC
ST003027	AN004963	targeted LC-MS	negative	ST003027_targeted_LCMS_combined_modes	AN004963__216	1000	FALSE	-0.0413926998804035	0.786625788759161	scale sensitivity; rank-based Wilcoxon is invariant and used for upgrade	0.904931934949958	lower_in_early_ESCC
ST003027	AN004962	targeted LC-MS	positive	ST003027_targeted_LCMS_combined_modes	AN004962__57	1000	FALSE	-0.0334663834381725	0.797614804604426	scale sensitivity; rank-based Wilcoxon is invariant and used for upgrade	0.911154278569469	lower_in_early_ESCC
ST003027	AN004962	targeted LC-MS	positive	ST003027_targeted_LCMS_combined_modes	AN004962__129	1000	FALSE	0.0274538211750217	0.805254703907292	scale sensitivity; rank-based Wilcoxon is invariant and used for upgrade	0.913380777223466	higher_in_early_ESCC
ST003027	AN004963	targeted LC-MS	negative	ST003027_targeted_LCMS_combined_modes	AN004963__33	1000	FALSE	-0.0503213623481038	0.80517169373822	scale sensitivity; rank-based Wilcoxon is invariant and used for upgrade	0.913380777223466	lower_in_early_ESCC
ST003027	AN004962	targeted LC-MS	positive	ST003027_targeted_LCMS_combined_modes	AN004962__78	1000	FALSE	-0.118852661564572	0.827433260785931	scale sensitivity; rank-based Wilcoxon is invariant and used for upgrade	0.928734542517117	lower_in_early_ESCC
ST003027	AN004962	targeted LC-MS	positive	ST003027_targeted_LCMS_combined_modes	AN004962__115	1000	FALSE	0.136972379085304	0.825392620254418	scale sensitivity; rank-based Wilcoxon is invariant and used for upgrade	0.928734542517117	higher_in_early_ESCC
ST003027	AN004962	targeted LC-MS	positive	ST003027_targeted_LCMS_combined_modes	AN004962__137	1000	FALSE	0.130595134093223	0.82747065158846	scale sensitivity; rank-based Wilcoxon is invariant and used for upgrade	0.928734542517117	higher_in_early_ESCC
ST003027	AN004962	targeted LC-MS	positive	ST003027_targeted_LCMS_combined_modes	AN004962__157	1000	FALSE	0.11032456011141	0.834577730491733	scale sensitivity; rank-based Wilcoxon is invariant and used for upgrade	0.933447566159743	higher_in_early_ESCC
ST003027	AN004963	targeted LC-MS	negative	ST003027_targeted_LCMS_combined_modes	AN004963__9	1000	FALSE	0.021244944989796	0.839690061981665	scale sensitivity; rank-based Wilcoxon is invariant and used for upgrade	0.935904548250397	higher_in_early_ESCC
ST003027	AN004962	targeted LC-MS	positive	ST003027_targeted_LCMS_combined_modes	AN004962__153	1000	FALSE	-0.022233854501156	0.848672348171674	scale sensitivity; rank-based Wilcoxon is invariant and used for upgrade	0.939392495734853	lower_in_early_ESCC
ST003027	AN004963	targeted LC-MS	negative	ST003027_targeted_LCMS_combined_modes	AN004963__208	1000	FALSE	0.0834706536511604	0.8462981037484	scale sensitivity; rank-based Wilcoxon is invariant and used for upgrade	0.939392495734853	higher_in_early_ESCC
ST003027	AN004962	targeted LC-MS	positive	ST003027_targeted_LCMS_combined_modes	AN004962__136	1000	FALSE	0.13106155622273	0.861482585041139	scale sensitivity; rank-based Wilcoxon is invariant and used for upgrade	0.94077678464294	higher_in_early_ESCC
ST003027	AN004962	targeted LC-MS	positive	ST003027_targeted_LCMS_combined_modes	AN004962__187	1000	FALSE	-0.334230916847982	0.854544121031404	scale sensitivity; rank-based Wilcoxon is invariant and used for upgrade	0.94077678464294	lower_in_early_ESCC
ST003027	AN004962	targeted LC-MS	positive	ST003027_targeted_LCMS_combined_modes	AN004962__221	1000	FALSE	-0.0234728029395495	0.861646027056151	scale sensitivity; rank-based Wilcoxon is invariant and used for upgrade	0.94077678464294	lower_in_early_ESCC
ST003027	AN004962	targeted LC-MS	positive	ST003027_targeted_LCMS_combined_modes	AN004962__247	1000	FALSE	0.0663790534351794	0.860760524906256	scale sensitivity; rank-based Wilcoxon is invariant and used for upgrade	0.94077678464294	higher_in_early_ESCC
ST003027	AN004962	targeted LC-MS	positive	ST003027_targeted_LCMS_combined_modes	AN004962__26	1000	FALSE	-0.024264197104924	0.875886875507687	scale sensitivity; rank-based Wilcoxon is invariant and used for upgrade	0.943576738087731	lower_in_early_ESCC
ST003027	AN004962	targeted LC-MS	positive	ST003027_targeted_LCMS_combined_modes	AN004962__207	1000	FALSE	-0.0383548768830335	0.870677567464185	scale sensitivity; rank-based Wilcoxon is invariant and used for upgrade	0.943576738087731	lower_in_early_ESCC
ST003027	AN004962	targeted LC-MS	positive	ST003027_targeted_LCMS_combined_modes	AN004962__263	1000	FALSE	-0.0290022372760603	0.875968435981757	scale sensitivity; rank-based Wilcoxon is invariant and used for upgrade	0.943576738087731	lower_in_early_ESCC
ST003027	AN004963	targeted LC-MS	negative	ST003027_targeted_LCMS_combined_modes	AN004963__10	1000	FALSE	0.0447886422456172	0.875363643931179	scale sensitivity; rank-based Wilcoxon is invariant and used for upgrade	0.943576738087731	higher_in_early_ESCC
ST003027	AN004962	targeted LC-MS	positive	ST003027_targeted_LCMS_combined_modes	AN004962__32	1000	FALSE	-0.120828824253647	0.896929798008756	scale sensitivity; rank-based Wilcoxon is invariant and used for upgrade	0.954153479909689	lower_in_early_ESCC
ST003027	AN004962	targeted LC-MS	positive	ST003027_targeted_LCMS_combined_modes	AN004962__122	1000	FALSE	-0.0925676000689082	0.891442378312657	scale sensitivity; rank-based Wilcoxon is invariant and used for upgrade	0.954153479909689	lower_in_early_ESCC
ST003027	AN004963	targeted LC-MS	negative	ST003027_targeted_LCMS_combined_modes	AN004963__105	1000	FALSE	0.0449839898229019	0.89664030086492	scale sensitivity; rank-based Wilcoxon is invariant and used for upgrade	0.954153479909689	higher_in_early_ESCC
ST003027	AN004963	targeted LC-MS	negative	ST003027_targeted_LCMS_combined_modes	AN004963__198	1000	FALSE	-0.206036962254207	0.897677105709428	scale sensitivity; rank-based Wilcoxon is invariant and used for upgrade	0.954153479909689	lower_in_early_ESCC
ST003027	AN004962	targeted LC-MS	positive	ST003027_targeted_LCMS_combined_modes	AN004962__15	1000	FALSE	0.0309586517839371	0.902972271527177	scale sensitivity; rank-based Wilcoxon is invariant and used for upgrade	0.956614188647603	higher_in_early_ESCC
ST003027	AN004963	targeted LC-MS	negative	ST003027_targeted_LCMS_combined_modes	AN004963__119	1000	FALSE	0.0802175068956237	0.905990943288162	scale sensitivity; rank-based Wilcoxon is invariant and used for upgrade	0.956654910511513	higher_in_early_ESCC
ST003027	AN004962	targeted LC-MS	positive	ST003027_targeted_LCMS_combined_modes	AN004962__106	1000	FALSE	-0.0273622430517229	0.915277878013499	scale sensitivity; rank-based Wilcoxon is invariant and used for upgrade	0.957016934339847	lower_in_early_ESCC
ST003027	AN004962	targeted LC-MS	positive	ST003027_targeted_LCMS_combined_modes	AN004962__172	1000	FALSE	-0.0964340628917837	0.913550987698134	scale sensitivity; rank-based Wilcoxon is invariant and used for upgrade	0.957016934339847	lower_in_early_ESCC
ST003027	AN004963	targeted LC-MS	negative	ST003027_targeted_LCMS_combined_modes	AN004963__197	1000	FALSE	0.0197505803378935	0.911168576190245	scale sensitivity; rank-based Wilcoxon is invariant and used for upgrade	0.957016934339847	higher_in_early_ESCC
ST003027	AN004962	targeted LC-MS	positive	ST003027_targeted_LCMS_combined_modes	AN004962__1	1000	FALSE	-0.0105055779964385	0.920362101131619	scale sensitivity; rank-based Wilcoxon is invariant and used for upgrade	0.95920855345211	lower_in_early_ESCC
ST003027	AN004962	targeted LC-MS	positive	ST003027_targeted_LCMS_combined_modes	AN004962__83	1000	FALSE	0.00752815074115354	0.923453701303633	scale sensitivity; rank-based Wilcoxon is invariant and used for upgrade	0.95931598096591	higher_in_early_ESCC
ST003027	AN004963	targeted LC-MS	negative	ST003027_targeted_LCMS_combined_modes	AN004963__91	1000	FALSE	0.00822097919495768	0.936625292970902	scale sensitivity; rank-based Wilcoxon is invariant and used for upgrade	0.969860384011805	higher_in_early_ESCC
ST003027	AN004962	targeted LC-MS	positive	ST003027_targeted_LCMS_combined_modes	AN004962__101	1000	FALSE	0.0144258424070172	0.945056826824553	scale sensitivity; rank-based Wilcoxon is invariant and used for upgrade	0.972318081444492	higher_in_early_ESCC
ST003027	AN004962	targeted LC-MS	positive	ST003027_targeted_LCMS_combined_modes	AN004962__147	1000	FALSE	-0.0118326490504721	0.944614846980257	scale sensitivity; rank-based Wilcoxon is invariant and used for upgrade	0.972318081444492	lower_in_early_ESCC
ST003027	AN004962	targeted LC-MS	positive	ST003027_targeted_LCMS_combined_modes	AN004962__70	1000	FALSE	0.0254167513957437	0.950767024634174	scale sensitivity; rank-based Wilcoxon is invariant and used for upgrade	0.972831340385074	higher_in_early_ESCC
ST003027	AN004962	targeted LC-MS	positive	ST003027_targeted_LCMS_combined_modes	AN004962__127	1000	FALSE	0.0625856425067373	0.951616949784776	scale sensitivity; rank-based Wilcoxon is invariant and used for upgrade	0.972831340385074	higher_in_early_ESCC
ST003027	AN004962	targeted LC-MS	positive	ST003027_targeted_LCMS_combined_modes	AN004962__23	1000	FALSE	0.0512133413421778	0.960594792864482	scale sensitivity; rank-based Wilcoxon is invariant and used for upgrade	0.978351417789565	higher_in_early_ESCC
ST003027	AN004963	targeted LC-MS	negative	ST003027_targeted_LCMS_combined_modes	AN004963__53	1000	FALSE	0.00602652092215372	0.966160122863839	scale sensitivity; rank-based Wilcoxon is invariant and used for upgrade	0.978351417789565	higher_in_early_ESCC
ST003027	AN004963	targeted LC-MS	negative	ST003027_targeted_LCMS_combined_modes	AN004963__145	1000	FALSE	-0.023983166634033	0.963161521100032	scale sensitivity; rank-based Wilcoxon is invariant and used for upgrade	0.978351417789565	lower_in_early_ESCC
ST003027	AN004962	targeted LC-MS	positive	ST003027_targeted_LCMS_combined_modes	AN004962__168	1000	FALSE	-0.0105060176237743	0.973854538142037	scale sensitivity; rank-based Wilcoxon is invariant and used for upgrade	0.979960209227567	lower_in_early_ESCC
ST003027	AN004963	targeted LC-MS	negative	ST003027_targeted_LCMS_combined_modes	AN004963__187	1000	FALSE	0.00291362503876591	0.97215792185033	scale sensitivity; rank-based Wilcoxon is invariant and used for upgrade	0.979960209227567	higher_in_early_ESCC
ST003027	AN004963	targeted LC-MS	negative	ST003027_targeted_LCMS_combined_modes	AN004963__81	1000	FALSE	0.0143325094126268	0.980777189594115	scale sensitivity; rank-based Wilcoxon is invariant and used for upgrade	0.983842118311597	higher_in_early_ESCC
ST003027	AN004962	targeted LC-MS	positive	ST003027_targeted_LCMS_combined_modes	AN004962__4	1000	FALSE	0.00412116400812834	0.992350146283281	scale sensitivity; rank-based Wilcoxon is invariant and used for upgrade	0.992350146283281	higher_in_early_ESCC
