study_id	analysis_id	platform	ion_mode	evidence_family	within_analysis_evidence_unit	feature_id	metabolite_name	normalized_name_key	n_escc_nonmissing	n_normal_nonmissing	positive_count_total	positive_detection_rate_escc	positive_detection_rate_normal	missing_fraction_all	zero_count_all	negative_count_all	censoring_sensitive	all_na	all_zero	zero_variance	primary_test	exclusion_reason	source_unit_conflict	source_upstream_imputation	additional_imputation_by_this_script	absolute_concentration_claim_allowed
ST003025	AN004960	targeted GC-MS	GC-EI positive	ST003025_targeted_GCMS	ST003025_targeted_tissue_32	AN004960__1	Acetic acid	aceticacid	16	16	32	1	1	0	0	0	FALSE	FALSE	FALSE	FALSE	TRUE	pass	source_units_field_mz_but_method_comments_describe_ug_per_g	author-processed matrix includes minimum_x_random_0.1_to_0.5 imputation; seed and imputed cells unavailable	none	no
ST003025	AN004960	targeted GC-MS	GC-EI positive	ST003025_targeted_GCMS	ST003025_targeted_tissue_32	AN004960__10	Nonanoic acid	nonanoicacid	16	16	32	1	1	0	0	0	FALSE	FALSE	FALSE	FALSE	TRUE	pass	source_units_field_mz_but_method_comments_describe_ug_per_g	author-processed matrix includes minimum_x_random_0.1_to_0.5 imputation; seed and imputed cells unavailable	none	no
ST003025	AN004960	targeted GC-MS	GC-EI positive	ST003025_targeted_GCMS	ST003025_targeted_tissue_32	AN004960__11	Decanoic acid	decanoicacid	16	16	32	1	1	0	0	0	FALSE	FALSE	FALSE	FALSE	TRUE	pass	source_units_field_mz_but_method_comments_describe_ug_per_g	author-processed matrix includes minimum_x_random_0.1_to_0.5 imputation; seed and imputed cells unavailable	none	no
ST003025	AN004960	targeted GC-MS	GC-EI positive	ST003025_targeted_GCMS	ST003025_targeted_tissue_32	AN004960__2	Propionic acid	propionicacid	16	16	32	1	1	0	0	0	FALSE	FALSE	FALSE	FALSE	TRUE	pass	source_units_field_mz_but_method_comments_describe_ug_per_g	author-processed matrix includes minimum_x_random_0.1_to_0.5 imputation; seed and imputed cells unavailable	none	no
ST003025	AN004960	targeted GC-MS	GC-EI positive	ST003025_targeted_GCMS	ST003025_targeted_tissue_32	AN004960__3	Isobutyric acid	isobutyricacid	16	16	32	1	1	0	0	0	FALSE	FALSE	FALSE	FALSE	TRUE	pass	source_units_field_mz_but_method_comments_describe_ug_per_g	author-processed matrix includes minimum_x_random_0.1_to_0.5 imputation; seed and imputed cells unavailable	none	no
ST003025	AN004960	targeted GC-MS	GC-EI positive	ST003025_targeted_GCMS	ST003025_targeted_tissue_32	AN004960__4	Butyric acid	butyricacid	16	16	32	1	1	0	0	0	FALSE	FALSE	FALSE	FALSE	TRUE	pass	source_units_field_mz_but_method_comments_describe_ug_per_g	author-processed matrix includes minimum_x_random_0.1_to_0.5 imputation; seed and imputed cells unavailable	none	no
ST003025	AN004960	targeted GC-MS	GC-EI positive	ST003025_targeted_GCMS	ST003025_targeted_tissue_32	AN004960__5	Isovaleric acid	isovalericacid	16	16	32	1	1	0	0	0	FALSE	FALSE	FALSE	FALSE	TRUE	pass	source_units_field_mz_but_method_comments_describe_ug_per_g	author-processed matrix includes minimum_x_random_0.1_to_0.5 imputation; seed and imputed cells unavailable	none	no
ST003025	AN004960	targeted GC-MS	GC-EI positive	ST003025_targeted_GCMS	ST003025_targeted_tissue_32	AN004960__6	Valeric acid	valericacid	16	16	32	1	1	0	0	0	FALSE	FALSE	FALSE	FALSE	TRUE	pass	source_units_field_mz_but_method_comments_describe_ug_per_g	author-processed matrix includes minimum_x_random_0.1_to_0.5 imputation; seed and imputed cells unavailable	none	no
ST003025	AN004960	targeted GC-MS	GC-EI positive	ST003025_targeted_GCMS	ST003025_targeted_tissue_32	AN004960__7	Hexanoic acid	hexanoicacid	16	16	32	1	1	0	0	0	FALSE	FALSE	FALSE	FALSE	TRUE	pass	source_units_field_mz_but_method_comments_describe_ug_per_g	author-processed matrix includes minimum_x_random_0.1_to_0.5 imputation; seed and imputed cells unavailable	none	no
ST003025	AN004960	targeted GC-MS	GC-EI positive	ST003025_targeted_GCMS	ST003025_targeted_tissue_32	AN004960__8	Heptanoic acid	heptanoicacid	16	16	32	1	1	0	0	0	FALSE	FALSE	FALSE	FALSE	TRUE	pass	source_units_field_mz_but_method_comments_describe_ug_per_g	author-processed matrix includes minimum_x_random_0.1_to_0.5 imputation; seed and imputed cells unavailable	none	no
ST003025	AN004960	targeted GC-MS	GC-EI positive	ST003025_targeted_GCMS	ST003025_targeted_tissue_32	AN004960__9	Octanoic acid	octanoicacid	16	16	32	1	1	0	0	0	FALSE	FALSE	FALSE	FALSE	TRUE	pass	source_units_field_mz_but_method_comments_describe_ug_per_g	author-processed matrix includes minimum_x_random_0.1_to_0.5 imputation; seed and imputed cells unavailable	none	no
ST003027	AN004962	targeted LC-MS	positive	ST003027_targeted_LCMS_combined_modes	ST003027_targeted_tissue_shared_32	AN004962__1	Urea	urea	16	16	32	1	1	0	0	0	FALSE	FALSE	FALSE	FALSE	TRUE	pass	source_units_field_mz_but_method_comments_describe_nmol_per_g	not described in source metadata	none	no
ST003027	AN004962	targeted LC-MS	positive	ST003027_targeted_LCMS_combined_modes	ST003027_targeted_tissue_shared_32	AN004962__10	Morpholine	morpholine	0	0	0	0	0	1	0	0	FALSE	TRUE	FALSE	FALSE	FALSE	all_na	source_units_field_mz_but_method_comments_describe_nmol_per_g	not described in source metadata	none	no
ST003027	AN004962	targeted LC-MS	positive	ST003027_targeted_LCMS_combined_modes	ST003027_targeted_tissue_shared_32	AN004962__100	Nicotyrine	nicotyrine	16	16	31	1	0.9375	0	1	0	TRUE	FALSE	FALSE	FALSE	TRUE	pass	source_units_field_mz_but_method_comments_describe_nmol_per_g	not described in source metadata	none	no
ST003027	AN004962	targeted LC-MS	positive	ST003027_targeted_LCMS_combined_modes	ST003027_targeted_tissue_shared_32	AN004962__101	2-Aminooctanoic acid	2aminooctanoicacid	16	16	32	1	1	0	0	0	FALSE	FALSE	FALSE	FALSE	TRUE	pass	source_units_field_mz_but_method_comments_describe_nmol_per_g	not described in source metadata	none	no
ST003027	AN004962	targeted LC-MS	positive	ST003027_targeted_LCMS_combined_modes	ST003027_targeted_tissue_shared_32	AN004962__102	Tryptamine	tryptamine	16	16	6	0.3125	0.0625	0	26	0	TRUE	FALSE	FALSE	FALSE	FALSE	fewer_than_8_positive_values_across_32	source_units_field_mz_but_method_comments_describe_nmol_per_g	not described in source metadata	none	no
ST003027	AN004962	targeted LC-MS	positive	ST003027_targeted_LCMS_combined_modes	ST003027_targeted_tissue_shared_32	AN004962__103	D-Alanyl-D-alanine	dalanyldalanine	16	16	32	1	1	0	0	0	FALSE	FALSE	FALSE	FALSE	TRUE	pass	source_units_field_mz_but_method_comments_describe_nmol_per_g	not described in source metadata	none	no
ST003027	AN004962	targeted LC-MS	positive	ST003027_targeted_LCMS_combined_modes	ST003027_targeted_tissue_shared_32	AN004962__104	4,6-Dihydroxyquinoline	46dihydroxyquinoline	0	0	0	0	0	1	0	0	FALSE	TRUE	FALSE	FALSE	FALSE	all_na	source_units_field_mz_but_method_comments_describe_nmol_per_g	not described in source metadata	none	no
ST003027	AN004962	targeted LC-MS	positive	ST003027_targeted_LCMS_combined_modes	ST003027_targeted_tissue_shared_32	AN004962__105	Indole-3-carboxylic acid	indole3carboxylicacid	0	0	0	0	0	1	0	0	FALSE	TRUE	FALSE	FALSE	FALSE	all_na	source_units_field_mz_but_method_comments_describe_nmol_per_g	not described in source metadata	none	no
ST003027	AN004962	targeted LC-MS	positive	ST003027_targeted_LCMS_combined_modes	ST003027_targeted_tissue_shared_32	AN004962__106	2-indolecarboxylic acid	2indolecarboxylicacid	16	16	32	1	1	0	0	0	FALSE	FALSE	FALSE	FALSE	TRUE	pass	source_units_field_mz_but_method_comments_describe_nmol_per_g	not described in source metadata	none	no
ST003027	AN004962	targeted LC-MS	positive	ST003027_targeted_LCMS_combined_modes	ST003027_targeted_tissue_shared_32	AN004962__107	L-Carnitine	lcarnitine	16	16	32	1	1	0	0	0	FALSE	FALSE	FALSE	FALSE	TRUE	pass	source_units_field_mz_but_method_comments_describe_nmol_per_g	not described in source metadata	none	no
ST003027	AN004962	targeted LC-MS	positive	ST003027_targeted_LCMS_combined_modes	ST003027_targeted_tissue_shared_32	AN004962__108	L-2-Aminoadipic?Acid	l2aminoadipicacid	16	16	32	1	1	0	0	0	FALSE	FALSE	FALSE	FALSE	TRUE	pass	source_units_field_mz_but_method_comments_describe_nmol_per_g	not described in source metadata	none	no
ST003027	AN004962	targeted LC-MS	positive	ST003027_targeted_LCMS_combined_modes	ST003027_targeted_tissue_shared_32	AN004962__109	L-Nicotine	lnicotine	16	16	0	0	0	0	32	0	TRUE	FALSE	TRUE	TRUE	FALSE	all_zero	source_units_field_mz_but_method_comments_describe_nmol_per_g	not described in source metadata	none	no
ST003027	AN004962	targeted LC-MS	positive	ST003027_targeted_LCMS_combined_modes	ST003027_targeted_tissue_shared_32	AN004962__11	Sarcosine	sarcosine	16	16	31	0.9375	1	0	1	0	TRUE	FALSE	FALSE	FALSE	TRUE	pass	source_units_field_mz_but_method_comments_describe_nmol_per_g	not described in source metadata	none	no
ST003027	AN004962	targeted LC-MS	positive	ST003027_targeted_LCMS_combined_modes	ST003027_targeted_tissue_shared_32	AN004962__110	5-Hydroxylysine	5hydroxylysine	16	16	32	1	1	0	0	0	FALSE	FALSE	FALSE	FALSE	TRUE	pass	source_units_field_mz_but_method_comments_describe_nmol_per_g	not described in source metadata	none	no
ST003027	AN004962	targeted LC-MS	positive	ST003027_targeted_LCMS_combined_modes	ST003027_targeted_tissue_shared_32	AN004962__111	Hordenine	hordenine	0	0	0	0	0	1	0	0	FALSE	TRUE	FALSE	FALSE	FALSE	all_na	source_units_field_mz_but_method_comments_describe_nmol_per_g	not described in source metadata	none	no
ST003027	AN004962	targeted LC-MS	positive	ST003027_targeted_LCMS_combined_modes	ST003027_targeted_tissue_shared_32	AN004962__112	7-Methylguanine	7methylguanine	16	16	32	1	1	0	0	0	FALSE	FALSE	FALSE	FALSE	TRUE	pass	source_units_field_mz_but_method_comments_describe_nmol_per_g	not described in source metadata	none	no
ST003027	AN004962	targeted LC-MS	positive	ST003027_targeted_LCMS_combined_modes	ST003027_targeted_tissue_shared_32	AN004962__113	L-Phenylalanine	lphenylalanine	16	16	32	1	1	0	0	0	FALSE	FALSE	FALSE	FALSE	TRUE	pass	source_units_field_mz_but_method_comments_describe_nmol_per_g	not described in source metadata	none	no
ST003027	AN004962	targeted LC-MS	positive	ST003027_targeted_LCMS_combined_modes	ST003027_targeted_tissue_shared_32	AN004962__114	Methionine sulfoxide	methioninesulfoxide	16	16	32	1	1	0	0	0	FALSE	FALSE	FALSE	FALSE	TRUE	pass	source_units_field_mz_but_method_comments_describe_nmol_per_g	not described in source metadata	none	no
ST003027	AN004962	targeted LC-MS	positive	ST003027_targeted_LCMS_combined_modes	ST003027_targeted_tissue_shared_32	AN004962__115	7-Methylxanthine	7methylxanthine	16	16	14	0.4375	0.4375	0	18	0	TRUE	FALSE	FALSE	FALSE	TRUE	pass	source_units_field_mz_but_method_comments_describe_nmol_per_g	not described in source metadata	none	no
ST003027	AN004962	targeted LC-MS	positive	ST003027_targeted_LCMS_combined_modes	ST003027_targeted_tissue_shared_32	AN004962__116	1-Methylxanthine	1methylxanthine	16	16	8	0.375	0.125	0	24	0	TRUE	FALSE	FALSE	FALSE	TRUE	pass	source_units_field_mz_but_method_comments_describe_nmol_per_g	not described in source metadata	none	no
ST003027	AN004962	targeted LC-MS	positive	ST003027_targeted_LCMS_combined_modes	ST003027_targeted_tissue_shared_32	AN004962__117	Pyridoxal	pyridoxal	16	16	29	0.9375	0.875	0	2	1	TRUE	FALSE	FALSE	FALSE	TRUE	pass	source_units_field_mz_but_method_comments_describe_nmol_per_g	not described in source metadata	none	no
ST003027	AN004962	targeted LC-MS	positive	ST003027_targeted_LCMS_combined_modes	ST003027_targeted_tissue_shared_32	AN004962__118	Pyridoxamine	pyridoxamine	0	0	0	0	0	1	0	0	FALSE	TRUE	FALSE	FALSE	FALSE	all_na	source_units_field_mz_but_method_comments_describe_nmol_per_g	not described in source metadata	none	no
ST003027	AN004962	targeted LC-MS	positive	ST003027_targeted_LCMS_combined_modes	ST003027_targeted_tissue_shared_32	AN004962__119	Pyridoxine	pyridoxine	16	16	6	0.1875	0.1875	0	26	0	TRUE	FALSE	FALSE	FALSE	FALSE	fewer_than_8_positive_values_across_32	source_units_field_mz_but_method_comments_describe_nmol_per_g	not described in source metadata	none	no
ST003027	AN004962	targeted LC-MS	positive	ST003027_targeted_LCMS_combined_modes	ST003027_targeted_tissue_shared_32	AN004962__12	L-Alanine	lalanine	16	16	32	1	1	0	0	0	FALSE	FALSE	FALSE	FALSE	TRUE	pass	source_units_field_mz_but_method_comments_describe_nmol_per_g	not described in source metadata	none	no
ST003027	AN004962	targeted LC-MS	positive	ST003027_targeted_LCMS_combined_modes	ST003027_targeted_tissue_shared_32	AN004962__120	N-(2-Furoyl)glycine	n2furoylglycine	0	0	0	0	0	1	0	0	FALSE	TRUE	FALSE	FALSE	FALSE	all_na	source_units_field_mz_but_method_comments_describe_nmol_per_g	not described in source metadata	none	no
ST003027	AN004962	targeted LC-MS	positive	ST003027_targeted_LCMS_combined_modes	ST003027_targeted_tissue_shared_32	AN004962__121	3-Methylhistidine	3methylhistidine	16	16	32	1	1	0	0	0	FALSE	FALSE	FALSE	FALSE	TRUE	pass	source_units_field_mz_but_method_comments_describe_nmol_per_g	not described in source metadata	none	no
ST003027	AN004962	targeted LC-MS	positive	ST003027_targeted_LCMS_combined_modes	ST003027_targeted_tissue_shared_32	AN004962__122	Glycylproline	glycylproline	16	16	29	0.875	0.9375	0	3	0	TRUE	FALSE	FALSE	FALSE	TRUE	pass	source_units_field_mz_but_method_comments_describe_nmol_per_g	not described in source metadata	none	no
ST003027	AN004962	targeted LC-MS	positive	ST003027_targeted_LCMS_combined_modes	ST003027_targeted_tissue_shared_32	AN004962__123	Acetylleucine	acetylleucine	16	16	32	1	1	0	0	0	FALSE	FALSE	FALSE	FALSE	TRUE	pass	source_units_field_mz_but_method_comments_describe_nmol_per_g	not described in source metadata	none	no
ST003027	AN004962	targeted LC-MS	positive	ST003027_targeted_LCMS_combined_modes	ST003027_targeted_tissue_shared_32	AN004962__124	Quinoline-2-carboxylic acid	quinoline2carboxylicacid	0	0	0	0	0	1	0	0	FALSE	TRUE	FALSE	FALSE	FALSE	all_na	source_units_field_mz_but_method_comments_describe_nmol_per_g	not described in source metadata	none	no
ST003027	AN004962	targeted LC-MS	positive	ST003027_targeted_LCMS_combined_modes	ST003027_targeted_tissue_shared_32	AN004962__125	N-Acetylornithine	nacetylornithine	16	16	1	0.0625	0	0	31	0	TRUE	FALSE	FALSE	FALSE	FALSE	fewer_than_8_positive_values_across_32	source_units_field_mz_but_method_comments_describe_nmol_per_g	not described in source metadata	none	no
ST003027	AN004962	targeted LC-MS	positive	ST003027_targeted_LCMS_combined_modes	ST003027_targeted_tissue_shared_32	AN004962__126	L-Arginine	larginine	16	16	32	1	1	0	0	0	FALSE	FALSE	FALSE	FALSE	TRUE	pass	source_units_field_mz_but_method_comments_describe_nmol_per_g	not described in source metadata	none	no
ST003027	AN004962	targeted LC-MS	positive	ST003027_targeted_LCMS_combined_modes	ST003027_targeted_tissue_shared_32	AN004962__127	Indole-3-acetic acid	indole3aceticacid	16	16	8	0.25	0.25	0	24	0	TRUE	FALSE	FALSE	FALSE	TRUE	pass	source_units_field_mz_but_method_comments_describe_nmol_per_g	not described in source metadata	none	no
ST003027	AN004962	targeted LC-MS	positive	ST003027_targeted_LCMS_combined_modes	ST003027_targeted_tissue_shared_32	AN004962__128	L-Citrulline	lcitrulline	16	16	32	1	1	0	0	0	FALSE	FALSE	FALSE	FALSE	TRUE	pass	source_units_field_mz_but_method_comments_describe_nmol_per_g	not described in source metadata	none	no
ST003027	AN004962	targeted LC-MS	positive	ST003027_targeted_LCMS_combined_modes	ST003027_targeted_tissue_shared_32	AN004962__129	Guanidinosuccinic acid	guanidinosuccinicacid	16	16	32	1	1	0	0	0	FALSE	FALSE	FALSE	FALSE	TRUE	pass	source_units_field_mz_but_method_comments_describe_nmol_per_g	not described in source metadata	none	no
ST003027	AN004962	targeted LC-MS	positive	ST003027_targeted_LCMS_combined_modes	ST003027_targeted_tissue_shared_32	AN004962__13	beta-Alanine	betaalanine	16	16	32	1	1	0	0	0	FALSE	FALSE	FALSE	FALSE	TRUE	pass	source_units_field_mz_but_method_comments_describe_nmol_per_g	not described in source metadata	none	no
ST003027	AN004962	targeted LC-MS	positive	ST003027_targeted_LCMS_combined_modes	ST003027_targeted_tissue_shared_32	AN004962__130	Cotinine	cotinine	16	16	32	1	1	0	0	0	FALSE	FALSE	FALSE	FALSE	TRUE	pass	source_units_field_mz_but_method_comments_describe_nmol_per_g	not described in source metadata	none	no
ST003027	AN004962	targeted LC-MS	positive	ST003027_targeted_LCMS_combined_modes	ST003027_targeted_tissue_shared_32	AN004962__131	Serotonin	serotonin	16	16	32	1	1	0	0	0	FALSE	FALSE	FALSE	FALSE	TRUE	pass	source_units_field_mz_but_method_comments_describe_nmol_per_g	not described in source metadata	none	no
ST003027	AN004962	targeted LC-MS	positive	ST003027_targeted_LCMS_combined_modes	ST003027_targeted_tissue_shared_32	AN004962__132	D-Mannosamine	dmannosamine	16	16	31	1	0.9375	0	1	0	TRUE	FALSE	FALSE	FALSE	TRUE	pass	source_units_field_mz_but_method_comments_describe_nmol_per_g	not described in source metadata	none	no
ST003027	AN004962	targeted LC-MS	positive	ST003027_targeted_LCMS_combined_modes	ST003027_targeted_tissue_shared_32	AN004962__133	D-Glucosamine	dglucosamine	0	0	0	0	0	1	0	0	FALSE	TRUE	FALSE	FALSE	FALSE	all_na	source_units_field_mz_but_method_comments_describe_nmol_per_g	not described in source metadata	none	no
ST003027	AN004962	targeted LC-MS	positive	ST003027_targeted_LCMS_combined_modes	ST003027_targeted_tissue_shared_32	AN004962__134	D-Galactosamine	dgalactosamine	0	0	0	0	0	1	0	0	FALSE	TRUE	FALSE	FALSE	FALSE	all_na	source_units_field_mz_but_method_comments_describe_nmol_per_g	not described in source metadata	none	no
ST003027	AN004962	targeted LC-MS	positive	ST003027_targeted_LCMS_combined_modes	ST003027_targeted_tissue_shared_32	AN004962__135	Carbocysteine	carbocysteine	16	16	18	0.75	0.375	0	14	0	TRUE	FALSE	FALSE	FALSE	TRUE	pass	source_units_field_mz_but_method_comments_describe_nmol_per_g	not described in source metadata	none	no
ST003027	AN004962	targeted LC-MS	positive	ST003027_targeted_LCMS_combined_modes	ST003027_targeted_tissue_shared_32	AN004962__136	Paraxanthine	paraxanthine	16	16	26	0.8125	0.8125	0	6	0	TRUE	FALSE	FALSE	FALSE	TRUE	pass	source_units_field_mz_but_method_comments_describe_nmol_per_g	not described in source metadata	none	no
ST003027	AN004962	targeted LC-MS	positive	ST003027_targeted_LCMS_combined_modes	ST003027_targeted_tissue_shared_32	AN004962__137	Theobromine	theobromine	16	16	28	0.875	0.875	0	4	0	TRUE	FALSE	FALSE	FALSE	TRUE	pass	source_units_field_mz_but_method_comments_describe_nmol_per_g	not described in source metadata	none	no
ST003027	AN004962	targeted LC-MS	positive	ST003027_targeted_LCMS_combined_modes	ST003027_targeted_tissue_shared_32	AN004962__138	Nicotinuric acid	nicotinuricacid	0	0	0	0	0	1	0	0	FALSE	TRUE	FALSE	FALSE	FALSE	all_na	source_units_field_mz_but_method_comments_describe_nmol_per_g	not described in source metadata	none	no
ST003027	AN004962	targeted LC-MS	positive	ST003027_targeted_LCMS_combined_modes	ST003027_targeted_tissue_shared_32	AN004962__139	Methionine sulfoximine	methioninesulfoximine	0	0	0	0	0	1	0	0	FALSE	TRUE	FALSE	FALSE	FALSE	all_na	source_units_field_mz_but_method_comments_describe_nmol_per_g	not described in source metadata	none	no
ST003027	AN004962	targeted LC-MS	positive	ST003027_targeted_LCMS_combined_modes	ST003027_targeted_tissue_shared_32	AN004962__14	Glyceraldehyde	glyceraldehyde	16	16	0	0	0	0	32	0	TRUE	FALSE	TRUE	TRUE	FALSE	all_zero	source_units_field_mz_but_method_comments_describe_nmol_per_g	not described in source metadata	none	no
ST003027	AN004962	targeted LC-MS	positive	ST003027_targeted_LCMS_combined_modes	ST003027_targeted_tissue_shared_32	AN004962__140	L-Tyrosine	ltyrosine	16	16	32	1	1	0	0	0	FALSE	FALSE	FALSE	FALSE	TRUE	pass	source_units_field_mz_but_method_comments_describe_nmol_per_g	not described in source metadata	none	no
ST003027	AN004962	targeted LC-MS	positive	ST003027_targeted_LCMS_combined_modes	ST003027_targeted_tissue_shared_32	AN004962__141	Sorbitol	sorbitol	16	16	32	1	1	0	0	0	FALSE	FALSE	FALSE	FALSE	TRUE	pass	source_units_field_mz_but_method_comments_describe_nmol_per_g	not described in source metadata	none	no
ST003027	AN004962	targeted LC-MS	positive	ST003027_targeted_LCMS_combined_modes	ST003027_targeted_tissue_shared_32	AN004962__142	Mannitol	mannitol	16	16	1	0.0625	0	0	31	0	TRUE	FALSE	FALSE	FALSE	FALSE	fewer_than_8_positive_values_across_32	source_units_field_mz_but_method_comments_describe_nmol_per_g	not described in source metadata	none	no
ST003027	AN004962	targeted LC-MS	positive	ST003027_targeted_LCMS_combined_modes	ST003027_targeted_tissue_shared_32	AN004962__143	Normetanephrine	normetanephrine	0	0	0	0	0	1	0	0	FALSE	TRUE	FALSE	FALSE	FALSE	all_na	source_units_field_mz_but_method_comments_describe_nmol_per_g	not described in source metadata	none	no
ST003027	AN004962	targeted LC-MS	positive	ST003027_targeted_LCMS_combined_modes	ST003027_targeted_tissue_shared_32	AN004962__144	Epinephrine	epinephrine	16	16	10	0.375	0.25	0	22	0	TRUE	FALSE	FALSE	FALSE	TRUE	pass	source_units_field_mz_but_method_comments_describe_nmol_per_g	not described in source metadata	none	no
ST003027	AN004962	targeted LC-MS	positive	ST003027_targeted_LCMS_combined_modes	ST003027_targeted_tissue_shared_32	AN004962__145	O-Phospho-L-Serine	ophospholserine	16	16	32	1	1	0	0	0	FALSE	FALSE	FALSE	FALSE	TRUE	pass	source_units_field_mz_but_method_comments_describe_nmol_per_g	not described in source metadata	none	no
ST003027	AN004962	targeted LC-MS	positive	ST003027_targeted_LCMS_combined_modes	ST003027_targeted_tissue_shared_32	AN004962__146	Glycyl-L-Leucine	glycyllleucine	16	16	32	1	1	0	0	0	FALSE	FALSE	FALSE	FALSE	TRUE	pass	source_units_field_mz_but_method_comments_describe_nmol_per_g	not described in source metadata	none	no
ST003027	AN004962	targeted LC-MS	positive	ST003027_targeted_LCMS_combined_modes	ST003027_targeted_tissue_shared_32	AN004962__147	N-Acetylglutamine	nacetylglutamine	16	16	32	1	1	0	0	0	FALSE	FALSE	FALSE	FALSE	TRUE	pass	source_units_field_mz_but_method_comments_describe_nmol_per_g	not described in source metadata	none	no
ST003027	AN004962	targeted LC-MS	positive	ST003027_targeted_LCMS_combined_modes	ST003027_targeted_tissue_shared_32	AN004962__148	N6-Acetyl-L-lysine	n6acetylllysine	16	16	32	1	1	0	0	0	FALSE	FALSE	FALSE	FALSE	TRUE	pass	source_units_field_mz_but_method_comments_describe_nmol_per_g	not described in source metadata	none	no
ST003027	AN004962	targeted LC-MS	positive	ST003027_targeted_LCMS_combined_modes	ST003027_targeted_tissue_shared_32	AN004962__149	L-Homoarginine	lhomoarginine	16	16	32	1	1	0	0	0	FALSE	FALSE	FALSE	FALSE	TRUE	pass	source_units_field_mz_but_method_comments_describe_nmol_per_g	not described in source metadata	none	no
ST003027	AN004962	targeted LC-MS	positive	ST003027_targeted_LCMS_combined_modes	ST003027_targeted_tissue_shared_32	AN004962__15	2-Piperidone	2piperidone	16	16	32	1	1	0	0	0	FALSE	FALSE	FALSE	FALSE	TRUE	pass	source_units_field_mz_but_method_comments_describe_nmol_per_g	not described in source metadata	none	no
ST003027	AN004962	targeted LC-MS	positive	ST003027_targeted_LCMS_combined_modes	ST003027_targeted_tissue_shared_32	AN004962__150	N6,N6,N6-Trimethyl-L-lysine	n6n6n6trimethylllysine	16	16	32	1	1	0	0	0	FALSE	FALSE	FALSE	FALSE	TRUE	pass	source_units_field_mz_but_method_comments_describe_nmol_per_g	not described in source metadata	none	no
ST003027	AN004962	targeted LC-MS	positive	ST003027_targeted_LCMS_combined_modes	ST003027_targeted_tissue_shared_32	AN004962__151	3-Indolepropionic acid	3indolepropionicacid	16	16	30	0.875	1	0	1	1	TRUE	FALSE	FALSE	FALSE	TRUE	pass	source_units_field_mz_but_method_comments_describe_nmol_per_g	not described in source metadata	none	no
ST003027	AN004962	targeted LC-MS	positive	ST003027_targeted_LCMS_combined_modes	ST003027_targeted_tissue_shared_32	AN004962__152	3-Indoleglyoxylic acid	3indoleglyoxylicacid	16	16	32	1	1	0	0	0	FALSE	FALSE	FALSE	FALSE	TRUE	pass	source_units_field_mz_but_method_comments_describe_nmol_per_g	not described in source metadata	none	no
ST003027	AN004962	targeted LC-MS	positive	ST003027_targeted_LCMS_combined_modes	ST003027_targeted_tissue_shared_32	AN004962__153	Homocitrulline	homocitrulline	16	16	32	1	1	0	0	0	FALSE	FALSE	FALSE	FALSE	TRUE	pass	source_units_field_mz_but_method_comments_describe_nmol_per_g	not described in source metadata	none	no
ST003027	AN004962	targeted LC-MS	positive	ST003027_targeted_LCMS_combined_modes	ST003027_targeted_tissue_shared_32	AN004962__154	5-Methoxytryptamine	5methoxytryptamine	0	0	0	0	0	1	0	0	FALSE	TRUE	FALSE	FALSE	FALSE	all_na	source_units_field_mz_but_method_comments_describe_nmol_per_g	not described in source metadata	none	no
ST003027	AN004962	targeted LC-MS	positive	ST003027_targeted_LCMS_combined_modes	ST003027_targeted_tissue_shared_32	AN004962__155	5-Hydroxyindole-3-acetic acid	5hydroxyindole3aceticacid	0	0	0	0	0	1	0	0	FALSE	TRUE	FALSE	FALSE	FALSE	all_na	source_units_field_mz_but_method_comments_describe_nmol_per_g	not described in source metadata	none	no
ST003027	AN004962	targeted LC-MS	positive	ST003027_targeted_LCMS_combined_modes	ST003027_targeted_tissue_shared_32	AN004962__156	Scopoletin	scopoletin	16	16	1	0	0.0625	0	31	0	TRUE	FALSE	FALSE	FALSE	FALSE	fewer_than_8_positive_values_across_32	source_units_field_mz_but_method_comments_describe_nmol_per_g	not described in source metadata	none	no
ST003027	AN004962	targeted LC-MS	positive	ST003027_targeted_LCMS_combined_modes	ST003027_targeted_tissue_shared_32	AN004962__157	Caffeine	caffeine	16	16	31	1	0.9375	0	0	1	TRUE	FALSE	FALSE	FALSE	TRUE	pass	source_units_field_mz_but_method_comments_describe_nmol_per_g	not described in source metadata	none	no
ST003027	AN004962	targeted LC-MS	positive	ST003027_targeted_LCMS_combined_modes	ST003027_targeted_tissue_shared_32	AN004962__158	O-Benzyl-L-serine	obenzyllserine	0	0	0	0	0	1	0	0	FALSE	TRUE	FALSE	FALSE	FALSE	all_na	source_units_field_mz_but_method_comments_describe_nmol_per_g	not described in source metadata	none	no
ST003027	AN004962	targeted LC-MS	positive	ST003027_targeted_LCMS_combined_modes	ST003027_targeted_tissue_shared_32	AN004962__159	2-Amino-2-deoxy-D-gluconic acid	2amino2deoxydgluconicacid	16	16	31	1	0.9375	0	1	0	TRUE	FALSE	FALSE	FALSE	TRUE	pass	source_units_field_mz_but_method_comments_describe_nmol_per_g	not described in source metadata	none	no
ST003027	AN004962	targeted LC-MS	positive	ST003027_targeted_LCMS_combined_modes	ST003027_targeted_tissue_shared_32	AN004962__16	Cyclohexylamine	cyclohexylamine	16	16	0	0	0	0	32	0	TRUE	FALSE	TRUE	TRUE	FALSE	all_zero	source_units_field_mz_but_method_comments_describe_nmol_per_g	not described in source metadata	none	no
ST003027	AN004962	targeted LC-MS	positive	ST003027_targeted_LCMS_combined_modes	ST003027_targeted_tissue_shared_32	AN004962__160	1,7-Dimethyluric acid	17dimethyluricacid	0	0	0	0	0	1	0	0	FALSE	TRUE	FALSE	FALSE	FALSE	all_na	source_units_field_mz_but_method_comments_describe_nmol_per_g	not described in source metadata	none	no
ST003027	AN004962	targeted LC-MS	positive	ST003027_targeted_LCMS_combined_modes	ST003027_targeted_tissue_shared_32	AN004962__161	3,7-Dimethyluric acid	37dimethyluricacid	0	0	0	0	0	1	0	0	FALSE	TRUE	FALSE	FALSE	FALSE	all_na	source_units_field_mz_but_method_comments_describe_nmol_per_g	not described in source metadata	none	no
ST003027	AN004962	targeted LC-MS	positive	ST003027_targeted_LCMS_combined_modes	ST003027_targeted_tissue_shared_32	AN004962__162	Selenomethionine	selenomethionine	0	0	0	0	0	1	0	0	FALSE	TRUE	FALSE	FALSE	FALSE	all_na	source_units_field_mz_but_method_comments_describe_nmol_per_g	not described in source metadata	none	no
ST003027	AN004962	targeted LC-MS	positive	ST003027_targeted_LCMS_combined_modes	ST003027_targeted_tissue_shared_32	AN004962__163	L-Dopa	ldopa	0	0	0	0	0	1	0	0	FALSE	TRUE	FALSE	FALSE	FALSE	all_na	source_units_field_mz_but_method_comments_describe_nmol_per_g	not described in source metadata	none	no
ST003027	AN004962	targeted LC-MS	positive	ST003027_targeted_LCMS_combined_modes	ST003027_targeted_tissue_shared_32	AN004962__164	Cysteine-S-sulfate	cysteinessulfate	16	16	6	0.3125	0.0625	0	26	0	TRUE	FALSE	FALSE	FALSE	FALSE	fewer_than_8_positive_values_across_32	source_units_field_mz_but_method_comments_describe_nmol_per_g	not described in source metadata	none	no
ST003027	AN004962	targeted LC-MS	positive	ST003027_targeted_LCMS_combined_modes	ST003027_targeted_tissue_shared_32	AN004962__165	N,N-Dimethylarginine	nndimethylarginine	16	16	32	1	1	0	0	0	FALSE	FALSE	FALSE	FALSE	TRUE	pass	source_units_field_mz_but_method_comments_describe_nmol_per_g	not described in source metadata	none	no
ST003027	AN004962	targeted LC-MS	positive	ST003027_targeted_LCMS_combined_modes	ST003027_targeted_tissue_shared_32	AN004962__166	Indole-3-butyric acid	indole3butyricacid	0	0	0	0	0	1	0	0	FALSE	TRUE	FALSE	FALSE	FALSE	all_na	source_units_field_mz_but_method_comments_describe_nmol_per_g	not described in source metadata	none	no
ST003027	AN004962	targeted LC-MS	positive	ST003027_targeted_LCMS_combined_modes	ST003027_targeted_tissue_shared_32	AN004962__167	O-Acetylcarnitine	oacetylcarnitine	16	16	32	1	1	0	0	0	FALSE	FALSE	FALSE	FALSE	TRUE	pass	source_units_field_mz_but_method_comments_describe_nmol_per_g	not described in source metadata	none	no
ST003027	AN004962	targeted LC-MS	positive	ST003027_targeted_LCMS_combined_modes	ST003027_targeted_tissue_shared_32	AN004962__168	5-Hydroxytryptophan	5hydroxytryptophan	16	16	29	0.875	0.9375	0	3	0	TRUE	FALSE	FALSE	FALSE	TRUE	pass	source_units_field_mz_but_method_comments_describe_nmol_per_g	not described in source metadata	none	no
ST003027	AN004962	targeted LC-MS	positive	ST003027_targeted_LCMS_combined_modes	ST003027_targeted_tissue_shared_32	AN004962__169	L-Tryptophan	ltryptophan	16	16	32	1	1	0	0	0	FALSE	FALSE	FALSE	FALSE	TRUE	pass	source_units_field_mz_but_method_comments_describe_nmol_per_g	not described in source metadata	none	no
ST003027	AN004962	targeted LC-MS	positive	ST003027_targeted_LCMS_combined_modes	ST003027_targeted_tissue_shared_32	AN004962__17	Choline	choline	16	16	32	1	1	0	0	0	FALSE	FALSE	FALSE	FALSE	TRUE	pass	source_units_field_mz_but_method_comments_describe_nmol_per_g	not described in source metadata	none	no
ST003027	AN004962	targeted LC-MS	positive	ST003027_targeted_LCMS_combined_modes	ST003027_targeted_tissue_shared_32	AN004962__170	Panthenol	panthenol	16	16	1	0.0625	0	0	31	0	TRUE	FALSE	FALSE	FALSE	FALSE	fewer_than_8_positive_values_across_32	source_units_field_mz_but_method_comments_describe_nmol_per_g	not described in source metadata	none	no
ST003027	AN004962	targeted LC-MS	positive	ST003027_targeted_LCMS_combined_modes	ST003027_targeted_tissue_shared_32	AN004962__171	5-Methoxyindoleacetate	5methoxyindoleacetate	0	0	0	0	0	1	0	0	FALSE	TRUE	FALSE	FALSE	FALSE	all_na	source_units_field_mz_but_method_comments_describe_nmol_per_g	not described in source metadata	none	no
ST003027	AN004962	targeted LC-MS	positive	ST003027_targeted_LCMS_combined_modes	ST003027_targeted_tissue_shared_32	AN004962__172	Indole-3-lactic acid	indole3lacticacid	16	16	23	0.6875	0.75	0	5	4	TRUE	FALSE	FALSE	FALSE	TRUE	pass	source_units_field_mz_but_method_comments_describe_nmol_per_g	not described in source metadata	none	no
ST003027	AN004962	targeted LC-MS	positive	ST003027_targeted_LCMS_combined_modes	ST003027_targeted_tissue_shared_32	AN004962__173	N-Acetyl-L-phenylalanine	nacetyllphenylalanine	16	16	3	0.0625	0.125	0	29	0	TRUE	FALSE	FALSE	FALSE	FALSE	fewer_than_8_positive_values_across_32	source_units_field_mz_but_method_comments_describe_nmol_per_g	not described in source metadata	none	no
ST003027	AN004962	targeted LC-MS	positive	ST003027_targeted_LCMS_combined_modes	ST003027_targeted_tissue_shared_32	AN004962__174	Kynurenine	kynurenine	16	16	32	1	1	0	0	0	FALSE	FALSE	FALSE	FALSE	TRUE	pass	source_units_field_mz_but_method_comments_describe_nmol_per_g	not described in source metadata	none	no
ST003027	AN004962	targeted LC-MS	positive	ST003027_targeted_LCMS_combined_modes	ST003027_targeted_tissue_shared_32	AN004962__175	1,3,7-Trimethyluric acid	137trimethyluricacid	0	0	0	0	0	1	0	0	FALSE	TRUE	FALSE	FALSE	FALSE	all_na	source_units_field_mz_but_method_comments_describe_nmol_per_g	not described in source metadata	none	no
ST003027	AN004962	targeted LC-MS	positive	ST003027_targeted_LCMS_combined_modes	ST003027_targeted_tissue_shared_32	AN004962__176	Propionylcarnitine	propionylcarnitine	16	16	32	1	1	0	0	0	FALSE	FALSE	FALSE	FALSE	TRUE	pass	source_units_field_mz_but_method_comments_describe_nmol_per_g	not described in source metadata	none	no
ST003027	AN004962	targeted LC-MS	positive	ST003027_targeted_LCMS_combined_modes	ST003027_targeted_tissue_shared_32	AN004962__177	N-Acetyl-5-hydroxytryptamine	nacetyl5hydroxytryptamine	16	16	4	0.25	0	0	28	0	TRUE	FALSE	FALSE	FALSE	FALSE	fewer_than_8_positive_values_across_32	source_units_field_mz_but_method_comments_describe_nmol_per_g	not described in source metadata	none	no
ST003027	AN004962	targeted LC-MS	positive	ST003027_targeted_LCMS_combined_modes	ST003027_targeted_tissue_shared_32	AN004962__178	N,N-Dimethyl-5-methoxytryptamine	nndimethyl5methoxytryptamine	0	0	0	0	0	1	0	0	FALSE	TRUE	FALSE	FALSE	FALSE	all_na	source_units_field_mz_but_method_comments_describe_nmol_per_g	not described in source metadata	none	no
ST003027	AN004962	targeted LC-MS	positive	ST003027_targeted_LCMS_combined_modes	ST003027_targeted_tissue_shared_32	AN004962__179	Abrine	abrine	0	0	0	0	0	1	0	0	FALSE	TRUE	FALSE	FALSE	FALSE	all_na	source_units_field_mz_but_method_comments_describe_nmol_per_g	not described in source metadata	none	no
ST003027	AN004962	targeted LC-MS	positive	ST003027_targeted_LCMS_combined_modes	ST003027_targeted_tissue_shared_32	AN004962__18	N,N-Dimethylglycine	nndimethylglycine	16	16	32	1	1	0	0	0	FALSE	FALSE	FALSE	FALSE	TRUE	pass	source_units_field_mz_but_method_comments_describe_nmol_per_g	not described in source metadata	none	no
ST003027	AN004962	targeted LC-MS	positive	ST003027_targeted_LCMS_combined_modes	ST003027_targeted_tissue_shared_32	AN004962__180	gamma-Glutamylalanine	gammaglutamylalanine	16	16	32	1	1	0	0	0	FALSE	FALSE	FALSE	FALSE	TRUE	pass	source_units_field_mz_but_method_comments_describe_nmol_per_g	not described in source metadata	none	no
ST003027	AN004962	targeted LC-MS	positive	ST003027_targeted_LCMS_combined_modes	ST003027_targeted_tissue_shared_32	AN004962__181	Pantothenic acid	pantothenicacid	16	16	32	1	1	0	0	0	FALSE	FALSE	FALSE	FALSE	TRUE	pass	source_units_field_mz_but_method_comments_describe_nmol_per_g	not described in source metadata	none	no
ST003027	AN004962	targeted LC-MS	positive	ST003027_targeted_LCMS_combined_modes	ST003027_targeted_tissue_shared_32	AN004962__182	O-Succinyl-L-homoserine	osuccinyllhomoserine	16	16	0	0	0	0	32	0	TRUE	FALSE	TRUE	TRUE	FALSE	all_zero	source_units_field_mz_but_method_comments_describe_nmol_per_g	not described in source metadata	none	no
ST003027	AN004962	targeted LC-MS	positive	ST003027_targeted_LCMS_combined_modes	ST003027_targeted_tissue_shared_32	AN004962__183	N-Acetyl-D-Glucosamine	nacetyldglucosamine	16	16	22	0.9375	0.4375	0	10	0	TRUE	FALSE	FALSE	FALSE	TRUE	pass	source_units_field_mz_but_method_comments_describe_nmol_per_g	not described in source metadata	none	no
ST003027	AN004962	targeted LC-MS	positive	ST003027_targeted_LCMS_combined_modes	ST003027_targeted_tissue_shared_32	AN004962__184	L-Cystathionine	lcystathionine	16	16	32	1	1	0	0	0	FALSE	FALSE	FALSE	FALSE	TRUE	pass	source_units_field_mz_but_method_comments_describe_nmol_per_g	not described in source metadata	none	no
ST003027	AN004962	targeted LC-MS	positive	ST003027_targeted_LCMS_combined_modes	ST003027_targeted_tissue_shared_32	AN004962__185	Glycylphenylalanine	glycylphenylalanine	16	16	32	1	1	0	0	0	FALSE	FALSE	FALSE	FALSE	TRUE	pass	source_units_field_mz_but_method_comments_describe_nmol_per_g	not described in source metadata	none	no
ST003027	AN004962	targeted LC-MS	positive	ST003027_targeted_LCMS_combined_modes	ST003027_targeted_tissue_shared_32	AN004962__186	N-Acetyl-L-tyrosine	nacetylltyrosine	0	0	0	0	0	1	0	0	FALSE	TRUE	FALSE	FALSE	FALSE	all_na	source_units_field_mz_but_method_comments_describe_nmol_per_g	not described in source metadata	none	no
ST003027	AN004962	targeted LC-MS	positive	ST003027_targeted_LCMS_combined_modes	ST003027_targeted_tissue_shared_32	AN004962__187	3-Hydroxykynurenine	3hydroxykynurenine	16	16	16	0.5	0.5	0	3	13	TRUE	FALSE	FALSE	FALSE	TRUE	pass	source_units_field_mz_but_method_comments_describe_nmol_per_g	not described in source metadata	none	no
ST003027	AN004962	targeted LC-MS	positive	ST003027_targeted_LCMS_combined_modes	ST003027_targeted_tissue_shared_32	AN004962__188	3-Nitrotyrosine	3nitrotyrosine	0	0	0	0	0	1	0	0	FALSE	TRUE	FALSE	FALSE	FALSE	all_na	source_units_field_mz_but_method_comments_describe_nmol_per_g	not described in source metadata	none	no
ST003027	AN004962	targeted LC-MS	positive	ST003027_targeted_LCMS_combined_modes	ST003027_targeted_tissue_shared_32	AN004962__189	L-Carnosine	lcarnosine	16	16	32	1	1	0	0	0	FALSE	FALSE	FALSE	FALSE	TRUE	pass	source_units_field_mz_but_method_comments_describe_nmol_per_g	not described in source metadata	none	no
ST003027	AN004962	targeted LC-MS	positive	ST003027_targeted_LCMS_combined_modes	ST003027_targeted_tissue_shared_32	AN004962__19	L-2-Aminobutyric acid	l2aminobutyricacid	16	16	1	0.0625	0	0	22	9	TRUE	FALSE	FALSE	FALSE	FALSE	fewer_than_8_positive_values_across_32	source_units_field_mz_but_method_comments_describe_nmol_per_g	not described in source metadata	none	no
ST003027	AN004962	targeted LC-MS	positive	ST003027_targeted_LCMS_combined_modes	ST003027_targeted_tissue_shared_32	AN004962__190	Resveratrol	resveratrol	0	0	0	0	0	1	0	0	FALSE	TRUE	FALSE	FALSE	FALSE	all_na	source_units_field_mz_but_method_comments_describe_nmol_per_g	not described in source metadata	none	no
ST003027	AN004962	targeted LC-MS	positive	ST003027_targeted_LCMS_combined_modes	ST003027_targeted_tissue_shared_32	AN004962__191	Leucyl-Valine	leucylvaline	16	16	32	1	1	0	0	0	FALSE	FALSE	FALSE	FALSE	TRUE	pass	source_units_field_mz_but_method_comments_describe_nmol_per_g	not described in source metadata	none	no
ST003027	AN004962	targeted LC-MS	positive	ST003027_targeted_LCMS_combined_modes	ST003027_targeted_tissue_shared_32	AN004962__192	Melatonin	melatonin	16	16	0	0	0	0	32	0	TRUE	FALSE	TRUE	TRUE	FALSE	all_zero	source_units_field_mz_but_method_comments_describe_nmol_per_g	not described in source metadata	none	no
ST003027	AN004962	targeted LC-MS	positive	ST003027_targeted_LCMS_combined_modes	ST003027_targeted_tissue_shared_32	AN004962__193	5-Methoxytryptophan	5methoxytryptophan	16	16	0	0	0	0	32	0	TRUE	FALSE	TRUE	TRUE	FALSE	all_zero	source_units_field_mz_but_method_comments_describe_nmol_per_g	not described in source metadata	none	no
ST003027	AN004962	targeted LC-MS	positive	ST003027_targeted_LCMS_combined_modes	ST003027_targeted_tissue_shared_32	AN004962__194	Anserine	anserine	16	16	16	0.3125	0.6875	0	16	0	TRUE	FALSE	FALSE	FALSE	TRUE	pass	source_units_field_mz_but_method_comments_describe_nmol_per_g	not described in source metadata	none	no
ST003027	AN004962	targeted LC-MS	positive	ST003027_targeted_LCMS_combined_modes	ST003027_targeted_tissue_shared_32	AN004962__195	5-methyl-2'-deoxycytidine	5methyl2deoxycytidine	16	16	0	0	0	0	32	0	TRUE	FALSE	TRUE	TRUE	FALSE	all_zero	source_units_field_mz_but_method_comments_describe_nmol_per_g	not described in source metadata	none	no
ST003027	AN004962	targeted LC-MS	positive	ST003027_targeted_LCMS_combined_modes	ST003027_targeted_tissue_shared_32	AN004962__196	Cytidine	cytidine	16	16	32	1	1	0	0	0	FALSE	FALSE	FALSE	FALSE	TRUE	pass	source_units_field_mz_but_method_comments_describe_nmol_per_g	not described in source metadata	none	no
ST003027	AN004962	targeted LC-MS	positive	ST003027_targeted_LCMS_combined_modes	ST003027_targeted_tissue_shared_32	AN004962__197	Pseudouridine	pseudouridine	16	16	32	1	1	0	0	0	FALSE	FALSE	FALSE	FALSE	TRUE	pass	source_units_field_mz_but_method_comments_describe_nmol_per_g	not described in source metadata	none	no
ST003027	AN004962	targeted LC-MS	positive	ST003027_targeted_LCMS_combined_modes	ST003027_targeted_tissue_shared_32	AN004962__198	Biotin	biotin	16	16	31	0.9375	1	0	1	0	TRUE	FALSE	FALSE	FALSE	TRUE	pass	source_units_field_mz_but_method_comments_describe_nmol_per_g	not described in source metadata	none	no
ST003027	AN004962	targeted LC-MS	positive	ST003027_targeted_LCMS_combined_modes	ST003027_targeted_tissue_shared_32	AN004962__199	gamma-L-Glutamyl-L-valine	gammalglutamyllvaline	16	16	32	1	1	0	0	0	FALSE	FALSE	FALSE	FALSE	TRUE	pass	source_units_field_mz_but_method_comments_describe_nmol_per_g	not described in source metadata	none	no
ST003027	AN004962	targeted LC-MS	positive	ST003027_targeted_LCMS_combined_modes	ST003027_targeted_tissue_shared_32	AN004962__2	Ethanolamine	ethanolamine	16	16	32	1	1	0	0	0	FALSE	FALSE	FALSE	FALSE	TRUE	pass	source_units_field_mz_but_method_comments_describe_nmol_per_g	not described in source metadata	none	no
ST003027	AN004962	targeted LC-MS	positive	ST003027_targeted_LCMS_combined_modes	ST003027_targeted_tissue_shared_32	AN004962__20	2-Aminoisobutyric acid	2aminoisobutyricacid	0	0	0	0	0	1	0	0	FALSE	TRUE	FALSE	FALSE	FALSE	all_na	source_units_field_mz_but_method_comments_describe_nmol_per_g	not described in source metadata	none	no
ST003027	AN004962	targeted LC-MS	positive	ST003027_targeted_LCMS_combined_modes	ST003027_targeted_tissue_shared_32	AN004962__200	6-Hydroxymelatonin	6hydroxymelatonin	0	0	0	0	0	1	0	0	FALSE	TRUE	FALSE	FALSE	FALSE	all_na	source_units_field_mz_but_method_comments_describe_nmol_per_g	not described in source metadata	none	no
ST003027	AN004962	targeted LC-MS	positive	ST003027_targeted_LCMS_combined_modes	ST003027_targeted_tissue_shared_32	AN004962__201	2'-Deoxyadenosine	2deoxyadenosine	16	16	32	1	1	0	0	0	FALSE	FALSE	FALSE	FALSE	TRUE	pass	source_units_field_mz_but_method_comments_describe_nmol_per_g	not described in source metadata	none	no
ST003027	AN004962	targeted LC-MS	positive	ST003027_targeted_LCMS_combined_modes	ST003027_targeted_tissue_shared_32	AN004962__202	5-Methylcytidine	5methylcytidine	0	0	0	0	0	1	0	0	FALSE	TRUE	FALSE	FALSE	FALSE	all_na	source_units_field_mz_but_method_comments_describe_nmol_per_g	not described in source metadata	none	no
ST003027	AN004962	targeted LC-MS	positive	ST003027_targeted_LCMS_combined_modes	ST003027_targeted_tissue_shared_32	AN004962__203	5-hydroxymethyl-2'-deoxycytidine	5hydroxymethyl2deoxycytidine	0	0	0	0	0	1	0	0	FALSE	TRUE	FALSE	FALSE	FALSE	all_na	source_units_field_mz_but_method_comments_describe_nmol_per_g	not described in source metadata	none	no
ST003027	AN004962	targeted LC-MS	positive	ST003027_targeted_LCMS_combined_modes	ST003027_targeted_tissue_shared_32	AN004962__204	Glycerophosphocholine	glycerophosphocholine	16	16	32	1	1	0	0	0	FALSE	FALSE	FALSE	FALSE	TRUE	pass	source_units_field_mz_but_method_comments_describe_nmol_per_g	not described in source metadata	none	no
ST003027	AN004962	targeted LC-MS	positive	ST003027_targeted_LCMS_combined_modes	ST003027_targeted_tissue_shared_32	AN004962__205	N-3-Methyluridine	n3methyluridine	16	16	10	0.4375	0.1875	0	22	0	TRUE	FALSE	FALSE	FALSE	TRUE	pass	source_units_field_mz_but_method_comments_describe_nmol_per_g	not described in source metadata	none	no
ST003027	AN004962	targeted LC-MS	positive	ST003027_targeted_LCMS_combined_modes	ST003027_targeted_tissue_shared_32	AN004962__206	Acadesine	acadesine	16	16	24	0.6875	0.8125	0	8	0	TRUE	FALSE	FALSE	FALSE	TRUE	pass	source_units_field_mz_but_method_comments_describe_nmol_per_g	not described in source metadata	none	no
ST003027	AN004962	targeted LC-MS	positive	ST003027_targeted_LCMS_combined_modes	ST003027_targeted_tissue_shared_32	AN004962__207	2-Thiocytidine	2thiocytidine	16	16	31	0.9375	1	0	1	0	TRUE	FALSE	FALSE	FALSE	TRUE	pass	source_units_field_mz_but_method_comments_describe_nmol_per_g	not described in source metadata	none	no
ST003027	AN004962	targeted LC-MS	positive	ST003027_targeted_LCMS_combined_modes	ST003027_targeted_tissue_shared_32	AN004962__208	D-Glucosamine-6-sulfate	dglucosamine6sulfate	0	0	0	0	0	1	0	0	FALSE	TRUE	FALSE	FALSE	FALSE	all_na	source_units_field_mz_but_method_comments_describe_nmol_per_g	not described in source metadata	none	no
ST003027	AN004962	targeted LC-MS	positive	ST003027_targeted_LCMS_combined_modes	ST003027_targeted_tissue_shared_32	AN004962__209	Thiamine	thiamine	16	16	25	1	0.5625	0	6	1	TRUE	FALSE	FALSE	FALSE	TRUE	pass	source_units_field_mz_but_method_comments_describe_nmol_per_g	not described in source metadata	none	no
ST003027	AN004962	targeted LC-MS	positive	ST003027_targeted_LCMS_combined_modes	ST003027_targeted_tissue_shared_32	AN004962__21	3-Aminoisobutyric acid	3aminoisobutyricacid	16	16	32	1	1	0	0	0	FALSE	FALSE	FALSE	FALSE	TRUE	pass	source_units_field_mz_but_method_comments_describe_nmol_per_g	not described in source metadata	none	no
ST003027	AN004962	targeted LC-MS	positive	ST003027_targeted_LCMS_combined_modes	ST003027_targeted_tissue_shared_32	AN004962__210	Threonylphenylalanine	threonylphenylalanine	16	16	19	0.6875	0.5	0	13	0	TRUE	FALSE	FALSE	FALSE	TRUE	pass	source_units_field_mz_but_method_comments_describe_nmol_per_g	not described in source metadata	none	no
ST003027	AN004962	targeted LC-MS	positive	ST003027_targeted_LCMS_combined_modes	ST003027_targeted_tissue_shared_32	AN004962__211	Adenosine	adenosine	16	16	32	1	1	0	0	0	FALSE	FALSE	FALSE	FALSE	TRUE	pass	source_units_field_mz_but_method_comments_describe_nmol_per_g	not described in source metadata	none	no
ST003027	AN004962	targeted LC-MS	positive	ST003027_targeted_LCMS_combined_modes	ST003027_targeted_tissue_shared_32	AN004962__212	N-Acetylcarnosine	nacetylcarnosine	16	16	30	0.875	1	0	2	0	TRUE	FALSE	FALSE	FALSE	TRUE	pass	source_units_field_mz_but_method_comments_describe_nmol_per_g	not described in source metadata	none	no
ST003027	AN004962	targeted LC-MS	positive	ST003027_targeted_LCMS_combined_modes	ST003027_targeted_tissue_shared_32	AN004962__213	L-Homocystine	lhomocystine	0	0	0	0	0	1	0	0	FALSE	TRUE	FALSE	FALSE	FALSE	all_na	source_units_field_mz_but_method_comments_describe_nmol_per_g	not described in source metadata	none	no
ST003027	AN004962	targeted LC-MS	positive	ST003027_targeted_LCMS_combined_modes	ST003027_targeted_tissue_shared_32	AN004962__214	Estrone	estrone	16	16	32	1	1	0	0	0	FALSE	FALSE	FALSE	FALSE	TRUE	pass	source_units_field_mz_but_method_comments_describe_nmol_per_g	not described in source metadata	none	no
ST003027	AN004962	targeted LC-MS	positive	ST003027_targeted_LCMS_combined_modes	ST003027_targeted_tissue_shared_32	AN004962__215	5-Hydroxymethylcytidine	5hydroxymethylcytidine	0	0	0	0	0	1	0	0	FALSE	TRUE	FALSE	FALSE	FALSE	all_na	source_units_field_mz_but_method_comments_describe_nmol_per_g	not described in source metadata	none	no
ST003027	AN004962	targeted LC-MS	positive	ST003027_targeted_LCMS_combined_modes	ST003027_targeted_tissue_shared_32	AN004962__216	L-Saccharopine	lsaccharopine	16	16	32	1	1	0	0	0	FALSE	FALSE	FALSE	FALSE	TRUE	pass	source_units_field_mz_but_method_comments_describe_nmol_per_g	not described in source metadata	none	no
ST003027	AN004962	targeted LC-MS	positive	ST003027_targeted_LCMS_combined_modes	ST003027_targeted_tissue_shared_32	AN004962__217	gamma-Glutamylmethionine	gammaglutamylmethionine	16	16	32	1	1	0	0	0	FALSE	FALSE	FALSE	FALSE	TRUE	pass	source_units_field_mz_but_method_comments_describe_nmol_per_g	not described in source metadata	none	no
ST003027	AN004962	targeted LC-MS	positive	ST003027_targeted_LCMS_combined_modes	ST003027_targeted_tissue_shared_32	AN004962__218	L-alpha-Aspartyl-L-phenylalanine	lalphaaspartyllphenylalanine	16	16	32	1	1	0	0	0	FALSE	FALSE	FALSE	FALSE	TRUE	pass	source_units_field_mz_but_method_comments_describe_nmol_per_g	not described in source metadata	none	no
ST003027	AN004962	targeted LC-MS	positive	ST003027_targeted_LCMS_combined_modes	ST003027_targeted_tissue_shared_32	AN004962__219	1-Methyladenosine	1methyladenosine	16	16	32	1	1	0	0	0	FALSE	FALSE	FALSE	FALSE	TRUE	pass	source_units_field_mz_but_method_comments_describe_nmol_per_g	not described in source metadata	none	no
ST003027	AN004962	targeted LC-MS	positive	ST003027_targeted_LCMS_combined_modes	ST003027_targeted_tissue_shared_32	AN004962__22	4-Aminobutyric acid	4aminobutyricacid	16	16	32	1	1	0	0	0	FALSE	FALSE	FALSE	FALSE	TRUE	pass	source_units_field_mz_but_method_comments_describe_nmol_per_g	not described in source metadata	none	no
ST003027	AN004962	targeted LC-MS	positive	ST003027_targeted_LCMS_combined_modes	ST003027_targeted_tissue_shared_32	AN004962__220	8-Hydroxy-2'-deoxyguanosine	8hydroxy2deoxyguanosine	0	0	0	0	0	1	0	0	FALSE	TRUE	FALSE	FALSE	FALSE	all_na	source_units_field_mz_but_method_comments_describe_nmol_per_g	not described in source metadata	none	no
ST003027	AN004962	targeted LC-MS	positive	ST003027_targeted_LCMS_combined_modes	ST003027_targeted_tissue_shared_32	AN004962__221	Guanosine	guanosine	16	16	32	1	1	0	0	0	FALSE	FALSE	FALSE	FALSE	TRUE	pass	source_units_field_mz_but_method_comments_describe_nmol_per_g	not described in source metadata	none	no
ST003027	AN004962	targeted LC-MS	positive	ST003027_targeted_LCMS_combined_modes	ST003027_targeted_tissue_shared_32	AN004962__222	Retinal	retinal	16	16	32	1	1	0	0	0	FALSE	FALSE	FALSE	FALSE	TRUE	pass	source_units_field_mz_but_method_comments_describe_nmol_per_g	not described in source metadata	none	no
ST003027	AN004962	targeted LC-MS	positive	ST003027_targeted_LCMS_combined_modes	ST003027_targeted_tissue_shared_32	AN004962__223	Piperine	piperine	16	16	11	0.3125	0.375	0	21	0	TRUE	FALSE	FALSE	FALSE	TRUE	pass	source_units_field_mz_but_method_comments_describe_nmol_per_g	not described in source metadata	none	no
ST003027	AN004962	targeted LC-MS	positive	ST003027_targeted_LCMS_combined_modes	ST003027_targeted_tissue_shared_32	AN004962__224	Testosterone	testosterone	0	0	0	0	0	1	0	0	FALSE	TRUE	FALSE	FALSE	FALSE	all_na	source_units_field_mz_but_method_comments_describe_nmol_per_g	not described in source metadata	none	no
ST003027	AN004962	targeted LC-MS	positive	ST003027_targeted_LCMS_combined_modes	ST003027_targeted_tissue_shared_32	AN004962__225	Dehydroepiandrosterone	dehydroepiandrosterone	16	16	0	0	0	0	32	0	TRUE	FALSE	TRUE	TRUE	FALSE	all_zero	source_units_field_mz_but_method_comments_describe_nmol_per_g	not described in source metadata	none	no
ST003027	AN004962	targeted LC-MS	positive	ST003027_targeted_LCMS_combined_modes	ST003027_targeted_tissue_shared_32	AN004962__226	Trimethoprim	trimethoprim	14	13	0	0	0	0.15625	27	0	TRUE	FALSE	TRUE	TRUE	FALSE	all_zero	source_units_field_mz_but_method_comments_describe_nmol_per_g	not described in source metadata	none	no
ST003027	AN004962	targeted LC-MS	positive	ST003027_targeted_LCMS_combined_modes	ST003027_targeted_tissue_shared_32	AN004962__227	L-Argininosuccinic Acid	largininosuccinicacid	16	16	32	1	1	0	0	0	FALSE	FALSE	FALSE	FALSE	TRUE	pass	source_units_field_mz_but_method_comments_describe_nmol_per_g	not described in source metadata	none	no
ST003027	AN004962	targeted LC-MS	positive	ST003027_targeted_LCMS_combined_modes	ST003027_targeted_tissue_shared_32	AN004962__228	5'-Deoxy-5'-methylthioadenosine	5deoxy5methylthioadenosine	16	16	32	1	1	0	0	0	FALSE	FALSE	FALSE	FALSE	TRUE	pass	source_units_field_mz_but_method_comments_describe_nmol_per_g	not described in source metadata	none	no
ST003027	AN004962	targeted LC-MS	positive	ST003027_targeted_LCMS_combined_modes	ST003027_targeted_tissue_shared_32	AN004962__229	2'-O-methylguanosine	2omethylguanosine	16	16	32	1	1	0	0	0	FALSE	FALSE	FALSE	FALSE	TRUE	pass	source_units_field_mz_but_method_comments_describe_nmol_per_g	not described in source metadata	none	no
ST003027	AN004962	targeted LC-MS	positive	ST003027_targeted_LCMS_combined_modes	ST003027_targeted_tissue_shared_32	AN004962__23	Diethanolamine	diethanolamine	16	16	21	0.625	0.6875	0	0	11	TRUE	FALSE	FALSE	FALSE	TRUE	pass	source_units_field_mz_but_method_comments_describe_nmol_per_g	not described in source metadata	none	no
ST003027	AN004962	targeted LC-MS	positive	ST003027_targeted_LCMS_combined_modes	ST003027_targeted_tissue_shared_32	AN004962__230	7-Methylguanosine	7methylguanosine	16	16	4	0.25	0	0	28	0	TRUE	FALSE	FALSE	FALSE	FALSE	fewer_than_8_positive_values_across_32	source_units_field_mz_but_method_comments_describe_nmol_per_g	not described in source metadata	none	no
ST003027	AN004962	targeted LC-MS	positive	ST003027_targeted_LCMS_combined_modes	ST003027_targeted_tissue_shared_32	AN004962__231	8-Hydroxyguanosine	8hydroxyguanosine	0	0	0	0	0	1	0	0	FALSE	TRUE	FALSE	FALSE	FALSE	all_na	source_units_field_mz_but_method_comments_describe_nmol_per_g	not described in source metadata	none	no
ST003027	AN004962	targeted LC-MS	positive	ST003027_targeted_LCMS_combined_modes	ST003027_targeted_tissue_shared_32	AN004962__232	Adrenosterone	adrenosterone	16	16	32	1	1	0	0	0	FALSE	FALSE	FALSE	FALSE	TRUE	pass	source_units_field_mz_but_method_comments_describe_nmol_per_g	not described in source metadata	none	no
ST003027	AN004962	targeted LC-MS	positive	ST003027_targeted_LCMS_combined_modes	ST003027_targeted_tissue_shared_32	AN004962__233	Tretinoin	tretinoin	0	0	0	0	0	1	0	0	FALSE	TRUE	FALSE	FALSE	FALSE	all_na	source_units_field_mz_but_method_comments_describe_nmol_per_g	not described in source metadata	none	no
ST003027	AN004962	targeted LC-MS	positive	ST003027_targeted_LCMS_combined_modes	ST003027_targeted_tissue_shared_32	AN004962__234	3-Iodo-L-tyrosine	3iodoltyrosine	16	16	5	0.125	0.1875	0	27	0	TRUE	FALSE	FALSE	FALSE	FALSE	fewer_than_8_positive_values_across_32	source_units_field_mz_but_method_comments_describe_nmol_per_g	not described in source metadata	none	no
ST003027	AN004962	targeted LC-MS	positive	ST003027_targeted_LCMS_combined_modes	ST003027_targeted_tissue_shared_32	AN004962__235	Glutathione	glutathione	16	16	32	1	1	0	0	0	FALSE	FALSE	FALSE	FALSE	TRUE	pass	source_units_field_mz_but_method_comments_describe_nmol_per_g	not described in source metadata	none	no
ST003027	AN004962	targeted LC-MS	positive	ST003027_targeted_LCMS_combined_modes	ST003027_targeted_tissue_shared_32	AN004962__236	N-Acetyl-Neuraminic Acid	nacetylneuraminicacid	16	16	32	1	1	0	0	0	FALSE	FALSE	FALSE	FALSE	TRUE	pass	source_units_field_mz_but_method_comments_describe_nmol_per_g	not described in source metadata	none	no
ST003027	AN004962	targeted LC-MS	positive	ST003027_targeted_LCMS_combined_modes	ST003027_targeted_tissue_shared_32	AN004962__237	N,N-Dimethylguanosine	nndimethylguanosine	16	16	32	1	1	0	0	0	FALSE	FALSE	FALSE	FALSE	TRUE	pass	source_units_field_mz_but_method_comments_describe_nmol_per_g	not described in source metadata	none	no
ST003027	AN004962	targeted LC-MS	positive	ST003027_targeted_LCMS_combined_modes	ST003027_targeted_tissue_shared_32	AN004962__238	Progesterone	progesterone	0	0	0	0	0	1	0	0	FALSE	TRUE	FALSE	FALSE	FALSE	all_na	source_units_field_mz_but_method_comments_describe_nmol_per_g	not described in source metadata	none	no
ST003027	AN004962	targeted LC-MS	positive	ST003027_targeted_LCMS_combined_modes	ST003027_targeted_tissue_shared_32	AN004962__239	5alpha-Pregnane-3,20-dione	5alphapregnane320dione	16	16	32	1	1	0	0	0	FALSE	FALSE	FALSE	FALSE	TRUE	pass	source_units_field_mz_but_method_comments_describe_nmol_per_g	not described in source metadata	none	no
ST003027	AN004962	targeted LC-MS	positive	ST003027_targeted_LCMS_combined_modes	ST003027_targeted_tissue_shared_32	AN004962__24	L-Serine	lserine	16	16	32	1	1	0	0	0	FALSE	FALSE	FALSE	FALSE	TRUE	pass	source_units_field_mz_but_method_comments_describe_nmol_per_g	not described in source metadata	none	no
ST003027	AN004962	targeted LC-MS	positive	ST003027_targeted_LCMS_combined_modes	ST003027_targeted_tissue_shared_32	AN004962__240	Cytidine-5'-monophosphate	cytidine5monophosphate	16	16	32	1	1	0	0	0	FALSE	FALSE	FALSE	FALSE	TRUE	pass	source_units_field_mz_but_method_comments_describe_nmol_per_g	not described in source metadata	none	no
ST003027	AN004962	targeted LC-MS	positive	ST003027_targeted_LCMS_combined_modes	ST003027_targeted_tissue_shared_32	AN004962__241	Acetaminophen glucuronide	acetaminophenglucuronide	0	0	0	0	0	1	0	0	FALSE	TRUE	FALSE	FALSE	FALSE	all_na	source_units_field_mz_but_method_comments_describe_nmol_per_g	not described in source metadata	none	no
ST003027	AN004962	targeted LC-MS	positive	ST003027_targeted_LCMS_combined_modes	ST003027_targeted_tissue_shared_32	AN004962__242	Nicotinamide mononucleotide	nicotinamidemononucleotide	16	16	32	1	1	0	0	0	FALSE	FALSE	FALSE	FALSE	TRUE	pass	source_units_field_mz_but_method_comments_describe_nmol_per_g	not described in source metadata	none	no
ST003027	AN004962	targeted LC-MS	positive	ST003027_targeted_LCMS_combined_modes	ST003027_targeted_tissue_shared_32	AN004962__243	N-Acetylglucosaminylasparagine	nacetylglucosaminylasparagine	16	16	32	1	1	0	0	0	FALSE	FALSE	FALSE	FALSE	TRUE	pass	source_units_field_mz_but_method_comments_describe_nmol_per_g	not described in source metadata	none	no
ST003027	AN004962	targeted LC-MS	positive	ST003027_targeted_LCMS_combined_modes	ST003027_targeted_tissue_shared_32	AN004962__244	Thiamine monophosphate	thiaminemonophosphate	16	16	30	1	0.875	0	2	0	TRUE	FALSE	FALSE	FALSE	TRUE	pass	source_units_field_mz_but_method_comments_describe_nmol_per_g	not described in source metadata	none	no
ST003027	AN004962	targeted LC-MS	positive	ST003027_targeted_LCMS_combined_modes	ST003027_targeted_tissue_shared_32	AN004962__245	Corticosterone	corticosterone	0	0	0	0	0	1	0	0	FALSE	TRUE	FALSE	FALSE	FALSE	all_na	source_units_field_mz_but_method_comments_describe_nmol_per_g	not described in source metadata	none	no
ST003027	AN004962	targeted LC-MS	positive	ST003027_targeted_LCMS_combined_modes	ST003027_targeted_tissue_shared_32	AN004962__246	Adenosine monophosphate	adenosinemonophosphate	16	16	32	1	1	0	0	0	FALSE	FALSE	FALSE	FALSE	TRUE	pass	source_units_field_mz_but_method_comments_describe_nmol_per_g	not described in source metadata	none	no
ST003027	AN004962	targeted LC-MS	positive	ST003027_targeted_LCMS_combined_modes	ST003027_targeted_tissue_shared_32	AN004962__247	Inosinic acid	inosinicacid	16	16	32	1	1	0	0	0	FALSE	FALSE	FALSE	FALSE	TRUE	pass	source_units_field_mz_but_method_comments_describe_nmol_per_g	not described in source metadata	none	no
ST003027	AN004962	targeted LC-MS	positive	ST003027_targeted_LCMS_combined_modes	ST003027_targeted_tissue_shared_32	AN004962__248	Chenodeoxycholic acid	chenodeoxycholicacid	16	16	4	0.125	0.125	0	28	0	TRUE	FALSE	FALSE	FALSE	FALSE	fewer_than_8_positive_values_across_32	source_units_field_mz_but_method_comments_describe_nmol_per_g	not described in source metadata	none	no
ST003027	AN004962	targeted LC-MS	positive	ST003027_targeted_LCMS_combined_modes	ST003027_targeted_tissue_shared_32	AN004962__249	Cortisone	cortisone	16	16	32	1	1	0	0	0	FALSE	FALSE	FALSE	FALSE	TRUE	pass	source_units_field_mz_but_method_comments_describe_nmol_per_g	not described in source metadata	none	no
ST003027	AN004962	targeted LC-MS	positive	ST003027_targeted_LCMS_combined_modes	ST003027_targeted_tissue_shared_32	AN004962__25	Hypotaurine	hypotaurine	16	16	32	1	1	0	0	0	FALSE	FALSE	FALSE	FALSE	TRUE	pass	source_units_field_mz_but_method_comments_describe_nmol_per_g	not described in source metadata	none	no
ST003027	AN004962	targeted LC-MS	positive	ST003027_targeted_LCMS_combined_modes	ST003027_targeted_tissue_shared_32	AN004962__250	Hydrocortisone	hydrocortisone	0	0	0	0	0	1	0	0	FALSE	TRUE	FALSE	FALSE	FALSE	all_na	source_units_field_mz_but_method_comments_describe_nmol_per_g	not described in source metadata	none	no
ST003027	AN004962	targeted LC-MS	positive	ST003027_targeted_LCMS_combined_modes	ST003027_targeted_tissue_shared_32	AN004962__251	Riboflavin	riboflavin	16	16	32	1	1	0	0	0	FALSE	FALSE	FALSE	FALSE	TRUE	pass	source_units_field_mz_but_method_comments_describe_nmol_per_g	not described in source metadata	none	no
ST003027	AN004962	targeted LC-MS	positive	ST003027_targeted_LCMS_combined_modes	ST003027_targeted_tissue_shared_32	AN004962__252	S-Adenosyl-L-homocysteine	sadenosyllhomocysteine	16	16	32	1	1	0	0	0	FALSE	FALSE	FALSE	FALSE	TRUE	pass	source_units_field_mz_but_method_comments_describe_nmol_per_g	not described in source metadata	none	no
ST003027	AN004962	targeted LC-MS	positive	ST003027_targeted_LCMS_combined_modes	ST003027_targeted_tissue_shared_32	AN004962__253	S-Adenosylmethionine	sadenosylmethionine	16	16	32	1	1	0	0	0	FALSE	FALSE	FALSE	FALSE	TRUE	pass	source_units_field_mz_but_method_comments_describe_nmol_per_g	not described in source metadata	none	no
ST003027	AN004962	targeted LC-MS	positive	ST003027_targeted_LCMS_combined_modes	ST003027_targeted_tissue_shared_32	AN004962__254	7-Ketocholesterol	7ketocholesterol	16	16	32	1	1	0	0	0	FALSE	FALSE	FALSE	FALSE	TRUE	pass	source_units_field_mz_but_method_comments_describe_nmol_per_g	not described in source metadata	none	no
ST003027	AN004962	targeted LC-MS	positive	ST003027_targeted_LCMS_combined_modes	ST003027_targeted_tissue_shared_32	AN004962__255	Thiamine pyrophosphate	thiaminepyrophosphate	16	16	32	1	1	0	0	0	FALSE	FALSE	FALSE	FALSE	TRUE	pass	source_units_field_mz_but_method_comments_describe_nmol_per_g	not described in source metadata	none	no
ST003027	AN004962	targeted LC-MS	positive	ST003027_targeted_LCMS_combined_modes	ST003027_targeted_tissue_shared_32	AN004962__256	Folic Acid	folicacid	0	0	0	0	0	1	0	0	FALSE	TRUE	FALSE	FALSE	FALSE	all_na	source_units_field_mz_but_method_comments_describe_nmol_per_g	not described in source metadata	none	no
ST003027	AN004962	targeted LC-MS	positive	ST003027_targeted_LCMS_combined_modes	ST003027_targeted_tissue_shared_32	AN004962__257	Menatetrenone	menatetrenone	0	0	0	0	0	1	0	0	FALSE	TRUE	FALSE	FALSE	FALSE	all_na	source_units_field_mz_but_method_comments_describe_nmol_per_g	not described in source metadata	none	no
ST003027	AN004962	targeted LC-MS	positive	ST003027_targeted_LCMS_combined_modes	ST003027_targeted_tissue_shared_32	AN004962__258	Flavin mononucleotide	flavinmononucleotide	16	16	32	1	1	0	0	0	FALSE	FALSE	FALSE	FALSE	TRUE	pass	source_units_field_mz_but_method_comments_describe_nmol_per_g	not described in source metadata	none	no
ST003027	AN004962	targeted LC-MS	positive	ST003027_targeted_LCMS_combined_modes	ST003027_targeted_tissue_shared_32	AN004962__259	Galactosylsphingosine	galactosylsphingosine	16	16	23	0.75	0.6875	0	9	0	TRUE	FALSE	FALSE	FALSE	TRUE	pass	source_units_field_mz_but_method_comments_describe_nmol_per_g	not described in source metadata	none	no
ST003027	AN004962	targeted LC-MS	positive	ST003027_targeted_LCMS_combined_modes	ST003027_targeted_tissue_shared_32	AN004962__26	Cytosine	cytosine	16	16	32	1	1	0	0	0	FALSE	FALSE	FALSE	FALSE	TRUE	pass	source_units_field_mz_but_method_comments_describe_nmol_per_g	not described in source metadata	none	no
ST003027	AN004962	targeted LC-MS	positive	ST003027_targeted_LCMS_combined_modes	ST003027_targeted_tissue_shared_32	AN004962__260	Citicoline	citicoline	16	16	32	1	1	0	0	0	FALSE	FALSE	FALSE	FALSE	TRUE	pass	source_units_field_mz_but_method_comments_describe_nmol_per_g	not described in source metadata	none	no
ST003027	AN004962	targeted LC-MS	positive	ST003027_targeted_LCMS_combined_modes	ST003027_targeted_tissue_shared_32	AN004962__261	3,5-Diiodo-L-thyronine	35diiodolthyronine	14	12	0	0	0	0.1875	26	0	TRUE	FALSE	TRUE	TRUE	FALSE	all_zero	source_units_field_mz_but_method_comments_describe_nmol_per_g	not described in source metadata	none	no
ST003027	AN004962	targeted LC-MS	positive	ST003027_targeted_LCMS_combined_modes	ST003027_targeted_tissue_shared_32	AN004962__262	Biliverdin	biliverdin	16	16	32	1	1	0	0	0	FALSE	FALSE	FALSE	FALSE	TRUE	pass	source_units_field_mz_but_method_comments_describe_nmol_per_g	not described in source metadata	none	no
ST003027	AN004962	targeted LC-MS	positive	ST003027_targeted_LCMS_combined_modes	ST003027_targeted_tissue_shared_32	AN004962__263	NAD+	nad	16	16	32	1	1	0	0	0	FALSE	FALSE	FALSE	FALSE	TRUE	pass	source_units_field_mz_but_method_comments_describe_nmol_per_g	not described in source metadata	none	no
ST003027	AN004962	targeted LC-MS	positive	ST003027_targeted_LCMS_combined_modes	ST003027_targeted_tissue_shared_32	AN004962__264	Methyl vitamin B12	methylvitaminb12	0	0	0	0	0	1	0	0	FALSE	TRUE	FALSE	FALSE	FALSE	all_na	source_units_field_mz_but_method_comments_describe_nmol_per_g	not described in source metadata	none	no
ST003027	AN004962	targeted LC-MS	positive	ST003027_targeted_LCMS_combined_modes	ST003027_targeted_tissue_shared_32	AN004962__265	Cyanocobalamin	cyanocobalamin	0	0	0	0	0	1	0	0	FALSE	TRUE	FALSE	FALSE	FALSE	all_na	source_units_field_mz_but_method_comments_describe_nmol_per_g	not described in source metadata	none	no
ST003027	AN004962	targeted LC-MS	positive	ST003027_targeted_LCMS_combined_modes	ST003027_targeted_tissue_shared_32	AN004962__266	Nicotinamide adenine dinucleotide phosphate	nicotinamideadeninedinucleotidephosphate	16	16	32	1	1	0	0	0	FALSE	FALSE	FALSE	FALSE	TRUE	pass	source_units_field_mz_but_method_comments_describe_nmol_per_g	not described in source metadata	none	no
ST003027	AN004962	targeted LC-MS	positive	ST003027_targeted_LCMS_combined_modes	ST003027_targeted_tissue_shared_32	AN004962__267	NADPH	nadph	16	16	32	1	1	0	0	0	FALSE	FALSE	FALSE	FALSE	TRUE	pass	source_units_field_mz_but_method_comments_describe_nmol_per_g	not described in source metadata	none	no
ST003027	AN004962	targeted LC-MS	positive	ST003027_targeted_LCMS_combined_modes	ST003027_targeted_tissue_shared_32	AN004962__268	Acetyl coenzyme A	acetylcoenzymea	16	16	32	1	1	0	0	0	FALSE	FALSE	FALSE	FALSE	TRUE	pass	source_units_field_mz_but_method_comments_describe_nmol_per_g	not described in source metadata	none	no
ST003027	AN004962	targeted LC-MS	positive	ST003027_targeted_LCMS_combined_modes	ST003027_targeted_tissue_shared_32	AN004962__269	Propionyl-CoA	propionylcoa	16	16	22	0.5	0.875	0	10	0	TRUE	FALSE	FALSE	FALSE	TRUE	pass	source_units_field_mz_but_method_comments_describe_nmol_per_g	not described in source metadata	none	no
ST003027	AN004962	targeted LC-MS	positive	ST003027_targeted_LCMS_combined_modes	ST003027_targeted_tissue_shared_32	AN004962__27	Histamine	histamine	16	16	32	1	1	0	0	0	FALSE	FALSE	FALSE	FALSE	TRUE	pass	source_units_field_mz_but_method_comments_describe_nmol_per_g	not described in source metadata	none	no
ST003027	AN004962	targeted LC-MS	positive	ST003027_targeted_LCMS_combined_modes	ST003027_targeted_tissue_shared_32	AN004962__28	Creatinine	creatinine	16	16	32	1	1	0	0	0	FALSE	FALSE	FALSE	FALSE	TRUE	pass	source_units_field_mz_but_method_comments_describe_nmol_per_g	not described in source metadata	none	no
ST003027	AN004962	targeted LC-MS	positive	ST003027_targeted_LCMS_combined_modes	ST003027_targeted_tissue_shared_32	AN004962__29	L-Proline	lproline	16	16	32	1	1	0	0	0	FALSE	FALSE	FALSE	FALSE	TRUE	pass	source_units_field_mz_but_method_comments_describe_nmol_per_g	not described in source metadata	none	no
ST003027	AN004962	targeted LC-MS	positive	ST003027_targeted_LCMS_combined_modes	ST003027_targeted_tissue_shared_32	AN004962__3	Imidazole	imidazole	16	16	32	1	1	0	0	0	FALSE	FALSE	FALSE	FALSE	TRUE	pass	source_units_field_mz_but_method_comments_describe_nmol_per_g	not described in source metadata	none	no
ST003027	AN004962	targeted LC-MS	positive	ST003027_targeted_LCMS_combined_modes	ST003027_targeted_tissue_shared_32	AN004962__30	Homocysteine thiolactone	homocysteinethiolactone	16	16	0	0	0	0	32	0	TRUE	FALSE	TRUE	TRUE	FALSE	all_zero	source_units_field_mz_but_method_comments_describe_nmol_per_g	not described in source metadata	none	no
ST003027	AN004962	targeted LC-MS	positive	ST003027_targeted_LCMS_combined_modes	ST003027_targeted_tissue_shared_32	AN004962__31	Betaine	betaine	16	16	32	1	1	0	0	0	FALSE	FALSE	FALSE	FALSE	TRUE	pass	source_units_field_mz_but_method_comments_describe_nmol_per_g	not described in source metadata	none	no
ST003027	AN004962	targeted LC-MS	positive	ST003027_targeted_LCMS_combined_modes	ST003027_targeted_tissue_shared_32	AN004962__32	Norvaline	norvaline	16	16	28	0.8125	0.9375	0	0	4	TRUE	FALSE	FALSE	FALSE	TRUE	pass	source_units_field_mz_but_method_comments_describe_nmol_per_g	not described in source metadata	none	no
ST003027	AN004962	targeted LC-MS	positive	ST003027_targeted_LCMS_combined_modes	ST003027_targeted_tissue_shared_32	AN004962__33	L-Valine	lvaline	16	16	32	1	1	0	0	0	FALSE	FALSE	FALSE	FALSE	TRUE	pass	source_units_field_mz_but_method_comments_describe_nmol_per_g	not described in source metadata	none	no
ST003027	AN004962	targeted LC-MS	positive	ST003027_targeted_LCMS_combined_modes	ST003027_targeted_tissue_shared_32	AN004962__34	N-Acetylglycine	nacetylglycine	16	16	29	0.875	0.9375	0	3	0	TRUE	FALSE	FALSE	FALSE	TRUE	pass	source_units_field_mz_but_method_comments_describe_nmol_per_g	not described in source metadata	none	no
ST003027	AN004962	targeted LC-MS	positive	ST003027_targeted_LCMS_combined_modes	ST003027_targeted_tissue_shared_32	AN004962__35	5-Aminovaleric acid	5aminovalericacid	16	16	32	1	1	0	0	0	FALSE	FALSE	FALSE	FALSE	TRUE	pass	source_units_field_mz_but_method_comments_describe_nmol_per_g	not described in source metadata	none	no
ST003027	AN004962	targeted LC-MS	positive	ST003027_targeted_LCMS_combined_modes	ST003027_targeted_tissue_shared_32	AN004962__36	L-Allothreonine	lallothreonine	16	16	0	0	0	0	32	0	TRUE	FALSE	TRUE	TRUE	FALSE	all_zero	source_units_field_mz_but_method_comments_describe_nmol_per_g	not described in source metadata	none	no
ST003027	AN004962	targeted LC-MS	positive	ST003027_targeted_LCMS_combined_modes	ST003027_targeted_tissue_shared_32	AN004962__37	L-Threonine	lthreonine	16	16	32	1	1	0	0	0	FALSE	FALSE	FALSE	FALSE	TRUE	pass	source_units_field_mz_but_method_comments_describe_nmol_per_g	not described in source metadata	none	no
ST003027	AN004962	targeted LC-MS	positive	ST003027_targeted_LCMS_combined_modes	ST003027_targeted_tissue_shared_32	AN004962__38	L-Homoserine	lhomoserine	0	0	0	0	0	1	0	0	FALSE	TRUE	FALSE	FALSE	FALSE	all_na	source_units_field_mz_but_method_comments_describe_nmol_per_g	not described in source metadata	none	no
ST003027	AN004962	targeted LC-MS	positive	ST003027_targeted_LCMS_combined_modes	ST003027_targeted_tissue_shared_32	AN004962__39	Purine	purine	16	16	4	0.25	0	0	28	0	TRUE	FALSE	FALSE	FALSE	FALSE	fewer_than_8_positive_values_across_32	source_units_field_mz_but_method_comments_describe_nmol_per_g	not described in source metadata	none	no
ST003027	AN004962	targeted LC-MS	positive	ST003027_targeted_LCMS_combined_modes	ST003027_targeted_tissue_shared_32	AN004962__4	Pyrrolidine	pyrrolidine	16	16	15	0.4375	0.5	0	16	1	TRUE	FALSE	FALSE	FALSE	TRUE	pass	source_units_field_mz_but_method_comments_describe_nmol_per_g	not described in source metadata	none	no
ST003027	AN004962	targeted LC-MS	positive	ST003027_targeted_LCMS_combined_modes	ST003027_targeted_tissue_shared_32	AN004962__40	Phenylethylamine	phenylethylamine	0	0	0	0	0	1	0	0	FALSE	TRUE	FALSE	FALSE	FALSE	all_na	source_units_field_mz_but_method_comments_describe_nmol_per_g	not described in source metadata	none	no
ST003027	AN004962	targeted LC-MS	positive	ST003027_targeted_LCMS_combined_modes	ST003027_targeted_tissue_shared_32	AN004962__41	Nicotinamide	nicotinamide	16	16	32	1	1	0	0	0	FALSE	FALSE	FALSE	FALSE	TRUE	pass	source_units_field_mz_but_method_comments_describe_nmol_per_g	not described in source metadata	none	no
ST003027	AN004962	targeted LC-MS	positive	ST003027_targeted_LCMS_combined_modes	ST003027_targeted_tissue_shared_32	AN004962__42	Nicotinic acid	nicotinicacid	16	16	32	1	1	0	0	0	FALSE	FALSE	FALSE	FALSE	TRUE	pass	source_units_field_mz_but_method_comments_describe_nmol_per_g	not described in source metadata	none	no
ST003027	AN004962	targeted LC-MS	positive	ST003027_targeted_LCMS_combined_modes	ST003027_targeted_tissue_shared_32	AN004962__43	5-Methylcytosine	5methylcytosine	0	0	0	0	0	1	0	0	FALSE	TRUE	FALSE	FALSE	FALSE	all_na	source_units_field_mz_but_method_comments_describe_nmol_per_g	not described in source metadata	none	no
ST003027	AN004962	targeted LC-MS	positive	ST003027_targeted_LCMS_combined_modes	ST003027_targeted_tissue_shared_32	AN004962__44	Taurine	taurine	16	16	32	1	1	0	0	0	FALSE	FALSE	FALSE	FALSE	TRUE	pass	source_units_field_mz_but_method_comments_describe_nmol_per_g	not described in source metadata	none	no
ST003027	AN004962	targeted LC-MS	positive	ST003027_targeted_LCMS_combined_modes	ST003027_targeted_tissue_shared_32	AN004962__45	Maltol	maltol	16	16	0	0	0	0	32	0	TRUE	FALSE	TRUE	TRUE	FALSE	all_zero	source_units_field_mz_but_method_comments_describe_nmol_per_g	not described in source metadata	none	no
ST003027	AN004962	targeted LC-MS	positive	ST003027_targeted_LCMS_combined_modes	ST003027_targeted_tissue_shared_32	AN004962__46	Thymine	thymine	0	0	0	0	0	1	0	0	FALSE	TRUE	FALSE	FALSE	FALSE	all_na	source_units_field_mz_but_method_comments_describe_nmol_per_g	not described in source metadata	none	no
ST003027	AN004962	targeted LC-MS	positive	ST003027_targeted_LCMS_combined_modes	ST003027_targeted_tissue_shared_32	AN004962__47	Imidazoleacetic acid	imidazoleaceticacid	16	16	32	1	1	0	0	0	FALSE	FALSE	FALSE	FALSE	TRUE	pass	source_units_field_mz_but_method_comments_describe_nmol_per_g	not described in source metadata	none	no
ST003027	AN004962	targeted LC-MS	positive	ST003027_targeted_LCMS_combined_modes	ST003027_targeted_tissue_shared_32	AN004962__48	Metformin	metformin	16	16	2	0.0625	0.0625	0	26	4	TRUE	FALSE	FALSE	FALSE	FALSE	fewer_than_8_positive_values_across_32	source_units_field_mz_but_method_comments_describe_nmol_per_g	not described in source metadata	none	no
ST003027	AN004962	targeted LC-MS	positive	ST003027_targeted_LCMS_combined_modes	ST003027_targeted_tissue_shared_32	AN004962__49	L-Pipecolic acid	lpipecolicacid	16	16	32	1	1	0	0	0	FALSE	FALSE	FALSE	FALSE	TRUE	pass	source_units_field_mz_but_method_comments_describe_nmol_per_g	not described in source metadata	none	no
ST003027	AN004962	targeted LC-MS	positive	ST003027_targeted_LCMS_combined_modes	ST003027_targeted_tissue_shared_32	AN004962__5	Butylamine	butylamine	0	0	0	0	0	1	0	0	FALSE	TRUE	FALSE	FALSE	FALSE	all_na	source_units_field_mz_but_method_comments_describe_nmol_per_g	not described in source metadata	none	no
ST003027	AN004962	targeted LC-MS	positive	ST003027_targeted_LCMS_combined_modes	ST003027_targeted_tissue_shared_32	AN004962__50	L-Pyroglutamic acid	lpyroglutamicacid	16	16	32	1	1	0	0	0	FALSE	FALSE	FALSE	FALSE	TRUE	pass	source_units_field_mz_but_method_comments_describe_nmol_per_g	not described in source metadata	none	no
ST003027	AN004962	targeted LC-MS	positive	ST003027_targeted_LCMS_combined_modes	ST003027_targeted_tissue_shared_32	AN004962__51	Mevalonolactone	mevalonolactone	0	0	0	0	0	1	0	0	FALSE	TRUE	FALSE	FALSE	FALSE	all_na	source_units_field_mz_but_method_comments_describe_nmol_per_g	not described in source metadata	none	no
ST003027	AN004962	targeted LC-MS	positive	ST003027_targeted_LCMS_combined_modes	ST003027_targeted_tissue_shared_32	AN004962__52	N-Acetylputrescine	nacetylputrescine	16	16	32	1	1	0	0	0	FALSE	FALSE	FALSE	FALSE	TRUE	pass	source_units_field_mz_but_method_comments_describe_nmol_per_g	not described in source metadata	none	no
ST003027	AN004962	targeted LC-MS	positive	ST003027_targeted_LCMS_combined_modes	ST003027_targeted_tissue_shared_32	AN004962__53	Agmatine	agmatine	16	16	32	1	1	0	0	0	FALSE	FALSE	FALSE	FALSE	TRUE	pass	source_units_field_mz_but_method_comments_describe_nmol_per_g	not described in source metadata	none	no
ST003027	AN004962	targeted LC-MS	positive	ST003027_targeted_LCMS_combined_modes	ST003027_targeted_tissue_shared_32	AN004962__54	L-Leucine	lleucine	16	16	32	1	1	0	0	0	FALSE	FALSE	FALSE	FALSE	TRUE	pass	source_units_field_mz_but_method_comments_describe_nmol_per_g	not described in source metadata	none	no
ST003027	AN004962	targeted LC-MS	positive	ST003027_targeted_LCMS_combined_modes	ST003027_targeted_tissue_shared_32	AN004962__55	N-Propionylglycine	npropionylglycine	0	0	0	0	0	1	0	0	FALSE	TRUE	FALSE	FALSE	FALSE	all_na	source_units_field_mz_but_method_comments_describe_nmol_per_g	not described in source metadata	none	no
ST003027	AN004962	targeted LC-MS	positive	ST003027_targeted_LCMS_combined_modes	ST003027_targeted_tissue_shared_32	AN004962__56	Hydroxyproline	hydroxyproline	16	16	32	1	1	0	0	0	FALSE	FALSE	FALSE	FALSE	TRUE	pass	source_units_field_mz_but_method_comments_describe_nmol_per_g	not described in source metadata	none	no
ST003027	AN004962	targeted LC-MS	positive	ST003027_targeted_LCMS_combined_modes	ST003027_targeted_tissue_shared_32	AN004962__57	Creatine	creatine	16	16	32	1	1	0	0	0	FALSE	FALSE	FALSE	FALSE	TRUE	pass	source_units_field_mz_but_method_comments_describe_nmol_per_g	not described in source metadata	none	no
ST003027	AN004962	targeted LC-MS	positive	ST003027_targeted_LCMS_combined_modes	ST003027_targeted_tissue_shared_32	AN004962__58	Aminocaproic acid	aminocaproicacid	0	0	0	0	0	1	0	0	FALSE	TRUE	FALSE	FALSE	FALSE	all_na	source_units_field_mz_but_method_comments_describe_nmol_per_g	not described in source metadata	none	no
ST003027	AN004962	targeted LC-MS	positive	ST003027_targeted_LCMS_combined_modes	ST003027_targeted_tissue_shared_32	AN004962__59	L-Asparagine	lasparagine	16	16	32	1	1	0	0	0	FALSE	FALSE	FALSE	FALSE	TRUE	pass	source_units_field_mz_but_method_comments_describe_nmol_per_g	not described in source metadata	none	no
ST003027	AN004962	targeted LC-MS	positive	ST003027_targeted_LCMS_combined_modes	ST003027_targeted_tissue_shared_32	AN004962__6	1-Aminopropan-2-ol	1aminopropan2ol	16	16	17	0.4375	0.625	0	15	0	TRUE	FALSE	FALSE	FALSE	TRUE	pass	source_units_field_mz_but_method_comments_describe_nmol_per_g	not described in source metadata	none	no
ST003027	AN004962	targeted LC-MS	positive	ST003027_targeted_LCMS_combined_modes	ST003027_targeted_tissue_shared_32	AN004962__60	L-Ornithine	lornithine	16	16	32	1	1	0	0	0	FALSE	FALSE	FALSE	FALSE	TRUE	pass	source_units_field_mz_but_method_comments_describe_nmol_per_g	not described in source metadata	none	no
ST003027	AN004962	targeted LC-MS	positive	ST003027_targeted_LCMS_combined_modes	ST003027_targeted_tissue_shared_32	AN004962__61	L-Aspartic acid	lasparticacid	16	16	32	1	1	0	0	0	FALSE	FALSE	FALSE	FALSE	TRUE	pass	source_units_field_mz_but_method_comments_describe_nmol_per_g	not described in source metadata	none	no
ST003027	AN004962	targeted LC-MS	positive	ST003027_targeted_LCMS_combined_modes	ST003027_targeted_tissue_shared_32	AN004962__62	2-Phenylacetamide	2phenylacetamide	16	16	32	1	1	0	0	0	FALSE	FALSE	FALSE	FALSE	TRUE	pass	source_units_field_mz_but_method_comments_describe_nmol_per_g	not described in source metadata	none	no
ST003027	AN004962	targeted LC-MS	positive	ST003027_targeted_LCMS_combined_modes	ST003027_targeted_tissue_shared_32	AN004962__63	Adenine	adenine	16	16	32	1	1	0	0	0	FALSE	FALSE	FALSE	FALSE	TRUE	pass	source_units_field_mz_but_method_comments_describe_nmol_per_g	not described in source metadata	none	no
ST003027	AN004962	targeted LC-MS	positive	ST003027_targeted_LCMS_combined_modes	ST003027_targeted_tissue_shared_32	AN004962__64	S-Methyl-L-cysteine	smethyllcysteine	16	16	32	1	1	0	0	0	FALSE	FALSE	FALSE	FALSE	TRUE	pass	source_units_field_mz_but_method_comments_describe_nmol_per_g	not described in source metadata	none	no
ST003027	AN004962	targeted LC-MS	positive	ST003027_targeted_LCMS_combined_modes	ST003027_targeted_tissue_shared_32	AN004962__65	N-Methylnicotinamide	nmethylnicotinamide	16	16	31	1	0.9375	0	0	1	TRUE	FALSE	FALSE	FALSE	TRUE	pass	source_units_field_mz_but_method_comments_describe_nmol_per_g	not described in source metadata	none	no
ST003027	AN004962	targeted LC-MS	positive	ST003027_targeted_LCMS_combined_modes	ST003027_targeted_tissue_shared_32	AN004962__66	Hypoxanthine	hypoxanthine	16	16	32	1	1	0	0	0	FALSE	FALSE	FALSE	FALSE	TRUE	pass	source_units_field_mz_but_method_comments_describe_nmol_per_g	not described in source metadata	none	no
ST003027	AN004962	targeted LC-MS	positive	ST003027_targeted_LCMS_combined_modes	ST003027_targeted_tissue_shared_32	AN004962__67	1-Methylnicotinamide	1methylnicotinamide	16	16	32	1	1	0	0	0	FALSE	FALSE	FALSE	FALSE	TRUE	pass	source_units_field_mz_but_method_comments_describe_nmol_per_g	not described in source metadata	none	no
ST003027	AN004962	targeted LC-MS	positive	ST003027_targeted_LCMS_combined_modes	ST003027_targeted_tissue_shared_32	AN004962__68	Hydroxytyrosol	hydroxytyrosol	16	16	25	0.8125	0.75	0	3	4	TRUE	FALSE	FALSE	FALSE	TRUE	pass	source_units_field_mz_but_method_comments_describe_nmol_per_g	not described in source metadata	none	no
ST003027	AN004962	targeted LC-MS	positive	ST003027_targeted_LCMS_combined_modes	ST003027_targeted_tissue_shared_32	AN004962__69	Tyramine	tyramine	16	16	0	0	0	0	32	0	TRUE	FALSE	TRUE	TRUE	FALSE	all_zero	source_units_field_mz_but_method_comments_describe_nmol_per_g	not described in source metadata	none	no
ST003027	AN004962	targeted LC-MS	positive	ST003027_targeted_LCMS_combined_modes	ST003027_targeted_tissue_shared_32	AN004962__7	Trimethylamine N-oxide	trimethylaminenoxide	16	16	32	1	1	0	0	0	FALSE	FALSE	FALSE	FALSE	TRUE	pass	source_units_field_mz_but_method_comments_describe_nmol_per_g	not described in source metadata	none	no
ST003027	AN004962	targeted LC-MS	positive	ST003027_targeted_LCMS_combined_modes	ST003027_targeted_tissue_shared_32	AN004962__70	Trigonelline	trigonelline	16	16	29	0.9375	0.875	0	2	1	TRUE	FALSE	FALSE	FALSE	TRUE	pass	source_units_field_mz_but_method_comments_describe_nmol_per_g	not described in source metadata	none	no
ST003027	AN004962	targeted LC-MS	positive	ST003027_targeted_LCMS_combined_modes	ST003027_targeted_tissue_shared_32	AN004962__71	Nicotinamide N-oxide	nicotinamidenoxide	16	16	2	0.0625	0.0625	0	30	0	TRUE	FALSE	FALSE	FALSE	FALSE	fewer_than_8_positive_values_across_32	source_units_field_mz_but_method_comments_describe_nmol_per_g	not described in source metadata	none	no
ST003027	AN004962	targeted LC-MS	positive	ST003027_targeted_LCMS_combined_modes	ST003027_targeted_tissue_shared_32	AN004962__72	Urocanic acid	urocanicacid	16	16	32	1	1	0	0	0	FALSE	FALSE	FALSE	FALSE	TRUE	pass	source_units_field_mz_but_method_comments_describe_nmol_per_g	not described in source metadata	none	no
ST003027	AN004962	targeted LC-MS	positive	ST003027_targeted_LCMS_combined_modes	ST003027_targeted_tissue_shared_32	AN004962__73	6-Hydroxynicotinic acid	6hydroxynicotinicacid	16	16	0	0	0	0	32	0	TRUE	FALSE	TRUE	TRUE	FALSE	all_zero	source_units_field_mz_but_method_comments_describe_nmol_per_g	not described in source metadata	none	no
ST003027	AN004962	targeted LC-MS	positive	ST003027_targeted_LCMS_combined_modes	ST003027_targeted_tissue_shared_32	AN004962__74	Histidinol	histidinol	0	0	0	0	0	1	0	0	FALSE	TRUE	FALSE	FALSE	FALSE	all_na	source_units_field_mz_but_method_comments_describe_nmol_per_g	not described in source metadata	none	no
ST003027	AN004962	targeted LC-MS	positive	ST003027_targeted_LCMS_combined_modes	ST003027_targeted_tissue_shared_32	AN004962__75	O-Phosphoethanolamine	ophosphoethanolamine	16	16	32	1	1	0	0	0	FALSE	FALSE	FALSE	FALSE	TRUE	pass	source_units_field_mz_but_method_comments_describe_nmol_per_g	not described in source metadata	none	no
ST003027	AN004962	targeted LC-MS	positive	ST003027_targeted_LCMS_combined_modes	ST003027_targeted_tissue_shared_32	AN004962__76	Ectoine	ectoine	16	16	32	1	1	0	0	0	FALSE	FALSE	FALSE	FALSE	TRUE	pass	source_units_field_mz_but_method_comments_describe_nmol_per_g	not described in source metadata	none	no
ST003027	AN004962	targeted LC-MS	positive	ST003027_targeted_LCMS_combined_modes	ST003027_targeted_tissue_shared_32	AN004962__77	1,1-Dimethyl-prolinium	11dimethylprolinium	16	16	32	1	1	0	0	0	FALSE	FALSE	FALSE	FALSE	TRUE	pass	source_units_field_mz_but_method_comments_describe_nmol_per_g	not described in source metadata	none	no
ST003027	AN004962	targeted LC-MS	positive	ST003027_targeted_LCMS_combined_modes	ST003027_targeted_tissue_shared_32	AN004962__78	N-Acetylcadaverine	nacetylcadaverine	16	16	30	0.875	1	0	2	0	TRUE	FALSE	FALSE	FALSE	TRUE	pass	source_units_field_mz_but_method_comments_describe_nmol_per_g	not described in source metadata	none	no
ST003027	AN004962	targeted LC-MS	positive	ST003027_targeted_LCMS_combined_modes	ST003027_targeted_tissue_shared_32	AN004962__79	Acetylcholine	acetylcholine	16	16	32	1	1	0	0	0	FALSE	FALSE	FALSE	FALSE	TRUE	pass	source_units_field_mz_but_method_comments_describe_nmol_per_g	not described in source metadata	none	no
ST003027	AN004962	targeted LC-MS	positive	ST003027_targeted_LCMS_combined_modes	ST003027_targeted_tissue_shared_32	AN004962__8	L-Glycine	lglycine	16	16	32	1	1	0	0	0	FALSE	FALSE	FALSE	FALSE	TRUE	pass	source_units_field_mz_but_method_comments_describe_nmol_per_g	not described in source metadata	none	no
ST003027	AN004962	targeted LC-MS	positive	ST003027_targeted_LCMS_combined_modes	ST003027_targeted_tissue_shared_32	AN004962__80	Isobutyrylglycine	isobutyrylglycine	0	0	0	0	0	1	0	0	FALSE	TRUE	FALSE	FALSE	FALSE	all_na	source_units_field_mz_but_method_comments_describe_nmol_per_g	not described in source metadata	none	no
ST003027	AN004962	targeted LC-MS	positive	ST003027_targeted_LCMS_combined_modes	ST003027_targeted_tissue_shared_32	AN004962__81	4-Acetamidobutyric acid	4acetamidobutyricacid	16	16	7	0.375	0.0625	0	22	3	TRUE	FALSE	FALSE	FALSE	FALSE	fewer_than_8_positive_values_across_32	source_units_field_mz_but_method_comments_describe_nmol_per_g	not described in source metadata	none	no
ST003027	AN004962	targeted LC-MS	positive	ST003027_targeted_LCMS_combined_modes	ST003027_targeted_tissue_shared_32	AN004962__82	4-(Trimethylammonio)butanoate	4trimethylammoniobutanoate	16	16	32	1	1	0	0	0	FALSE	FALSE	FALSE	FALSE	TRUE	pass	source_units_field_mz_but_method_comments_describe_nmol_per_g	not described in source metadata	none	no
ST003027	AN004962	targeted LC-MS	positive	ST003027_targeted_LCMS_combined_modes	ST003027_targeted_tissue_shared_32	AN004962__83	L-Glutamine	lglutamine	16	16	32	1	1	0	0	0	FALSE	FALSE	FALSE	FALSE	TRUE	pass	source_units_field_mz_but_method_comments_describe_nmol_per_g	not described in source metadata	none	no
ST003027	AN004962	targeted LC-MS	positive	ST003027_targeted_LCMS_combined_modes	ST003027_targeted_tissue_shared_32	AN004962__84	L-Lysine	llysine	16	16	32	1	1	0	0	0	FALSE	FALSE	FALSE	FALSE	TRUE	pass	source_units_field_mz_but_method_comments_describe_nmol_per_g	not described in source metadata	none	no
ST003027	AN004962	targeted LC-MS	positive	ST003027_targeted_LCMS_combined_modes	ST003027_targeted_tissue_shared_32	AN004962__85	L-Glutamic acid	lglutamicacid	16	16	32	1	1	0	0	0	FALSE	FALSE	FALSE	FALSE	TRUE	pass	source_units_field_mz_but_method_comments_describe_nmol_per_g	not described in source metadata	none	no
ST003027	AN004962	targeted LC-MS	positive	ST003027_targeted_LCMS_combined_modes	ST003027_targeted_tissue_shared_32	AN004962__86	6-Methyladenine	6methyladenine	0	0	0	0	0	1	0	0	FALSE	TRUE	FALSE	FALSE	FALSE	all_na	source_units_field_mz_but_method_comments_describe_nmol_per_g	not described in source metadata	none	no
ST003027	AN004962	targeted LC-MS	positive	ST003027_targeted_LCMS_combined_modes	ST003027_targeted_tissue_shared_32	AN004962__87	3-Methyladenine	3methyladenine	0	0	0	0	0	1	0	0	FALSE	TRUE	FALSE	FALSE	FALSE	all_na	source_units_field_mz_but_method_comments_describe_nmol_per_g	not described in source metadata	none	no
ST003027	AN004962	targeted LC-MS	positive	ST003027_targeted_LCMS_combined_modes	ST003027_targeted_tissue_shared_32	AN004962__88	L-Methionine	lmethionine	16	16	32	1	1	0	0	0	FALSE	FALSE	FALSE	FALSE	TRUE	pass	source_units_field_mz_but_method_comments_describe_nmol_per_g	not described in source metadata	none	no
ST003027	AN004962	targeted LC-MS	positive	ST003027_targeted_LCMS_combined_modes	ST003027_targeted_tissue_shared_32	AN004962__89	Acetaminophen	acetaminophen	0	0	0	0	0	1	0	0	FALSE	TRUE	FALSE	FALSE	FALSE	all_na	source_units_field_mz_but_method_comments_describe_nmol_per_g	not described in source metadata	none	no
ST003027	AN004962	targeted LC-MS	positive	ST003027_targeted_LCMS_combined_modes	ST003027_targeted_tissue_shared_32	AN004962__9	Isoamylamine	isoamylamine	16	16	0	0	0	0	32	0	TRUE	FALSE	TRUE	TRUE	FALSE	all_zero	source_units_field_mz_but_method_comments_describe_nmol_per_g	not described in source metadata	none	no
ST003027	AN004962	targeted LC-MS	positive	ST003027_targeted_LCMS_combined_modes	ST003027_targeted_tissue_shared_32	AN004962__90	Guanine	guanine	16	16	31	0.9375	1	0	1	0	TRUE	FALSE	FALSE	FALSE	TRUE	pass	source_units_field_mz_but_method_comments_describe_nmol_per_g	not described in source metadata	none	no
ST003027	AN004962	targeted LC-MS	positive	ST003027_targeted_LCMS_combined_modes	ST003027_targeted_tissue_shared_32	AN004962__91	2-Phenylglycine	2phenylglycine	16	16	32	1	1	0	0	0	FALSE	FALSE	FALSE	FALSE	TRUE	pass	source_units_field_mz_but_method_comments_describe_nmol_per_g	not described in source metadata	none	no
ST003027	AN004962	targeted LC-MS	positive	ST003027_targeted_LCMS_combined_modes	ST003027_targeted_tissue_shared_32	AN004962__92	Mercaptopurine	mercaptopurine	0	0	0	0	0	1	0	0	FALSE	TRUE	FALSE	FALSE	FALSE	all_na	source_units_field_mz_but_method_comments_describe_nmol_per_g	not described in source metadata	none	no
ST003027	AN004962	targeted LC-MS	positive	ST003027_targeted_LCMS_combined_modes	ST003027_targeted_tissue_shared_32	AN004962__93	Oxypurinol	oxypurinol	0	0	0	0	0	1	0	0	FALSE	TRUE	FALSE	FALSE	FALSE	all_na	source_units_field_mz_but_method_comments_describe_nmol_per_g	not described in source metadata	none	no
ST003027	AN004962	targeted LC-MS	positive	ST003027_targeted_LCMS_combined_modes	ST003027_targeted_tissue_shared_32	AN004962__94	Xylitol	xylitol	0	0	0	0	0	1	0	0	FALSE	TRUE	FALSE	FALSE	FALSE	all_na	source_units_field_mz_but_method_comments_describe_nmol_per_g	not described in source metadata	none	no
ST003027	AN004962	targeted LC-MS	positive	ST003027_targeted_LCMS_combined_modes	ST003027_targeted_tissue_shared_32	AN004962__95	Cystamine	cystamine	16	16	13	0.75	0.0625	0	19	0	TRUE	FALSE	FALSE	FALSE	TRUE	pass	source_units_field_mz_but_method_comments_describe_nmol_per_g	not described in source metadata	none	no
ST003027	AN004962	targeted LC-MS	positive	ST003027_targeted_LCMS_combined_modes	ST003027_targeted_tissue_shared_32	AN004962__96	Octopamine	octopamine	0	0	0	0	0	1	0	0	FALSE	TRUE	FALSE	FALSE	FALSE	all_na	source_units_field_mz_but_method_comments_describe_nmol_per_g	not described in source metadata	none	no
ST003027	AN004962	targeted LC-MS	positive	ST003027_targeted_LCMS_combined_modes	ST003027_targeted_tissue_shared_32	AN004962__97	Dopamine	dopamine	0	0	0	0	0	1	0	0	FALSE	TRUE	FALSE	FALSE	FALSE	all_na	source_units_field_mz_but_method_comments_describe_nmol_per_g	not described in source metadata	none	no
ST003027	AN004962	targeted LC-MS	positive	ST003027_targeted_LCMS_combined_modes	ST003027_targeted_tissue_shared_32	AN004962__98	L-Cysteinesulfinic acid	lcysteinesulfinicacid	16	16	32	1	1	0	0	0	FALSE	FALSE	FALSE	FALSE	TRUE	pass	source_units_field_mz_but_method_comments_describe_nmol_per_g	not described in source metadata	none	no
ST003027	AN004962	targeted LC-MS	positive	ST003027_targeted_LCMS_combined_modes	ST003027_targeted_tissue_shared_32	AN004962__99	Tiglylglycine	tiglylglycine	0	0	0	0	0	1	0	0	FALSE	TRUE	FALSE	FALSE	FALSE	all_na	source_units_field_mz_but_method_comments_describe_nmol_per_g	not described in source metadata	none	no
ST003027	AN004963	targeted LC-MS	negative	ST003027_targeted_LCMS_combined_modes	ST003027_targeted_tissue_shared_32	AN004963__1	Glycolic Acid	glycolicacid	0	0	0	0	0	1	0	0	FALSE	TRUE	FALSE	FALSE	FALSE	all_na	source_units_field_mz_but_method_comments_describe_nmol_per_g	not described in source metadata	none	no
ST003027	AN004963	targeted LC-MS	negative	ST003027_targeted_LCMS_combined_modes	ST003027_targeted_tissue_shared_32	AN004963__10	p-Cresol	pcresol	16	16	32	1	1	0	0	0	FALSE	FALSE	FALSE	FALSE	TRUE	pass	source_units_field_mz_but_method_comments_describe_nmol_per_g	not described in source metadata	none	no
ST003027	AN004963	targeted LC-MS	negative	ST003027_targeted_LCMS_combined_modes	ST003027_targeted_tissue_shared_32	AN004963__100	2-Isopropylmalic acid	2isopropylmalicacid	0	0	0	0	0	1	0	0	FALSE	TRUE	FALSE	FALSE	FALSE	all_na	source_units_field_mz_but_method_comments_describe_nmol_per_g	not described in source metadata	none	no
ST003027	AN004963	targeted LC-MS	negative	ST003027_targeted_LCMS_combined_modes	ST003027_targeted_tissue_shared_32	AN004963__101	Allantoic acid	allantoicacid	16	16	15	0.5	0.4375	0	17	0	TRUE	FALSE	FALSE	FALSE	TRUE	pass	source_units_field_mz_but_method_comments_describe_nmol_per_g	not described in source metadata	none	no
ST003027	AN004963	targeted LC-MS	negative	ST003027_targeted_LCMS_combined_modes	ST003027_targeted_tissue_shared_32	AN004963__102	N-carbamoyl-L-aspartate	ncarbamoyllaspartate	16	16	32	1	1	0	0	0	FALSE	FALSE	FALSE	FALSE	TRUE	pass	source_units_field_mz_but_method_comments_describe_nmol_per_g	not described in source metadata	none	no
ST003027	AN004963	targeted LC-MS	negative	ST003027_targeted_LCMS_combined_modes	ST003027_targeted_tissue_shared_32	AN004963__103	N-Formyl-L-methionine	nformyllmethionine	16	16	32	1	1	0	0	0	FALSE	FALSE	FALSE	FALSE	TRUE	pass	source_units_field_mz_but_method_comments_describe_nmol_per_g	not described in source metadata	none	no
ST003027	AN004963	targeted LC-MS	negative	ST003027_targeted_LCMS_combined_modes	ST003027_targeted_tissue_shared_32	AN004963__104	Gluconolactone	gluconolactone	16	16	32	1	1	0	0	0	FALSE	FALSE	FALSE	FALSE	TRUE	pass	source_units_field_mz_but_method_comments_describe_nmol_per_g	not described in source metadata	none	no
ST003027	AN004963	targeted LC-MS	negative	ST003027_targeted_LCMS_combined_modes	ST003027_targeted_tissue_shared_32	AN004963__105	Cyclamic acid	cyclamicacid	16	16	31	1	0.9375	0	1	0	TRUE	FALSE	FALSE	FALSE	TRUE	pass	source_units_field_mz_but_method_comments_describe_nmol_per_g	not described in source metadata	none	no
ST003027	AN004963	targeted LC-MS	negative	ST003027_targeted_LCMS_combined_modes	ST003027_targeted_tissue_shared_32	AN004963__106	Hippuric acid	hippuricacid	16	16	30	1	0.875	0	2	0	TRUE	FALSE	FALSE	FALSE	TRUE	pass	source_units_field_mz_but_method_comments_describe_nmol_per_g	not described in source metadata	none	no
ST003027	AN004963	targeted LC-MS	negative	ST003027_targeted_LCMS_combined_modes	ST003027_targeted_tissue_shared_32	AN004963__107	4-Hydroxyphenylpyruvic acid	4hydroxyphenylpyruvicacid	16	16	32	1	1	0	0	0	FALSE	FALSE	FALSE	FALSE	TRUE	pass	source_units_field_mz_but_method_comments_describe_nmol_per_g	not described in source metadata	none	no
ST003027	AN004963	targeted LC-MS	negative	ST003027_targeted_LCMS_combined_modes	ST003027_targeted_tissue_shared_32	AN004963__108	Homovanillic acid	homovanillicacid	0	0	0	0	0	1	0	0	FALSE	TRUE	FALSE	FALSE	FALSE	all_na	source_units_field_mz_but_method_comments_describe_nmol_per_g	not described in source metadata	none	no
ST003027	AN004963	targeted LC-MS	negative	ST003027_targeted_LCMS_combined_modes	ST003027_targeted_tissue_shared_32	AN004963__109	D-Tagatose	dtagatose	16	16	32	1	1	0	0	0	FALSE	FALSE	FALSE	FALSE	TRUE	pass	source_units_field_mz_but_method_comments_describe_nmol_per_g	not described in source metadata	none	no
ST003027	AN004963	targeted LC-MS	negative	ST003027_targeted_LCMS_combined_modes	ST003027_targeted_tissue_shared_32	AN004963__11	2-Furoic acid	2furoicacid	0	0	0	0	0	1	0	0	FALSE	TRUE	FALSE	FALSE	FALSE	all_na	source_units_field_mz_but_method_comments_describe_nmol_per_g	not described in source metadata	none	no
ST003027	AN004963	targeted LC-MS	negative	ST003027_targeted_LCMS_combined_modes	ST003027_targeted_tissue_shared_32	AN004963__110	D-Fructose	dfructose	16	16	32	1	1	0	0	0	FALSE	FALSE	FALSE	FALSE	TRUE	pass	source_units_field_mz_but_method_comments_describe_nmol_per_g	not described in source metadata	none	no
ST003027	AN004963	targeted LC-MS	negative	ST003027_targeted_LCMS_combined_modes	ST003027_targeted_tissue_shared_32	AN004963__111	L-Sorbose	lsorbose	0	0	0	0	0	1	0	0	FALSE	TRUE	FALSE	FALSE	FALSE	all_na	source_units_field_mz_but_method_comments_describe_nmol_per_g	not described in source metadata	none	no
ST003027	AN004963	targeted LC-MS	negative	ST003027_targeted_LCMS_combined_modes	ST003027_targeted_tissue_shared_32	AN004963__112	D-(+)-Allose	dallose	16	16	23	0.625	0.8125	0	9	0	TRUE	FALSE	FALSE	FALSE	TRUE	pass	source_units_field_mz_but_method_comments_describe_nmol_per_g	not described in source metadata	none	no
ST003027	AN004963	targeted LC-MS	negative	ST003027_targeted_LCMS_combined_modes	ST003027_targeted_tissue_shared_32	AN004963__113	Caffeic acid	caffeicacid	0	0	0	0	0	1	0	0	FALSE	TRUE	FALSE	FALSE	FALSE	all_na	source_units_field_mz_but_method_comments_describe_nmol_per_g	not described in source metadata	none	no
ST003027	AN004963	targeted LC-MS	negative	ST003027_targeted_LCMS_combined_modes	ST003027_targeted_tissue_shared_32	AN004963__114	D-Glucose	dglucose	16	16	32	1	1	0	0	0	FALSE	FALSE	FALSE	FALSE	TRUE	pass	source_units_field_mz_but_method_comments_describe_nmol_per_g	not described in source metadata	none	no
ST003027	AN004963	targeted LC-MS	negative	ST003027_targeted_LCMS_combined_modes	ST003027_targeted_tissue_shared_32	AN004963__115	Inositol	inositol	16	16	32	1	1	0	0	0	FALSE	FALSE	FALSE	FALSE	TRUE	pass	source_units_field_mz_but_method_comments_describe_nmol_per_g	not described in source metadata	none	no
ST003027	AN004963	targeted LC-MS	negative	ST003027_targeted_LCMS_combined_modes	ST003027_targeted_tissue_shared_32	AN004963__116	L-Methionine sulfone	lmethioninesulfone	16	16	32	1	1	0	0	0	FALSE	FALSE	FALSE	FALSE	TRUE	pass	source_units_field_mz_but_method_comments_describe_nmol_per_g	not described in source metadata	none	no
ST003027	AN004963	targeted LC-MS	negative	ST003027_targeted_LCMS_combined_modes	ST003027_targeted_tissue_shared_32	AN004963__117	3-Methyluric acid	3methyluricacid	16	16	31	1	0.9375	0	1	0	TRUE	FALSE	FALSE	FALSE	TRUE	pass	source_units_field_mz_but_method_comments_describe_nmol_per_g	not described in source metadata	none	no
ST003027	AN004963	targeted LC-MS	negative	ST003027_targeted_LCMS_combined_modes	ST003027_targeted_tissue_shared_32	AN004963__118	Galactitol	galactitol	16	16	32	1	1	0	0	0	FALSE	FALSE	FALSE	FALSE	TRUE	pass	source_units_field_mz_but_method_comments_describe_nmol_per_g	not described in source metadata	none	no
ST003027	AN004963	targeted LC-MS	negative	ST003027_targeted_LCMS_combined_modes	ST003027_targeted_tissue_shared_32	AN004963__119	4-Pyridoxic acid	4pyridoxicacid	16	16	12	0.375	0.375	0	20	0	TRUE	FALSE	FALSE	FALSE	TRUE	pass	source_units_field_mz_but_method_comments_describe_nmol_per_g	not described in source metadata	none	no
ST003027	AN004963	targeted LC-MS	negative	ST003027_targeted_LCMS_combined_modes	ST003027_targeted_tissue_shared_32	AN004963__12	Maleic acid	maleicacid	16	16	13	0.25	0.5625	0	19	0	TRUE	FALSE	FALSE	FALSE	TRUE	pass	source_units_field_mz_but_method_comments_describe_nmol_per_g	not described in source metadata	none	no
ST003027	AN004963	targeted LC-MS	negative	ST003027_targeted_LCMS_combined_modes	ST003027_targeted_tissue_shared_32	AN004963__120	L-Homocysteic?Acid	lhomocysteicacid	16	16	1	0	0.0625	0	31	0	TRUE	FALSE	FALSE	FALSE	FALSE	fewer_than_8_positive_values_across_32	source_units_field_mz_but_method_comments_describe_nmol_per_g	not described in source metadata	none	no
ST003027	AN004963	targeted LC-MS	negative	ST003027_targeted_LCMS_combined_modes	ST003027_targeted_tissue_shared_32	AN004963__121	3-Indoleacrylic Acid	3indoleacrylicacid	16	16	32	1	1	0	0	0	FALSE	FALSE	FALSE	FALSE	TRUE	pass	source_units_field_mz_but_method_comments_describe_nmol_per_g	not described in source metadata	none	no
ST003027	AN004963	targeted LC-MS	negative	ST003027_targeted_LCMS_combined_modes	ST003027_targeted_tissue_shared_32	AN004963__122	3-Hydroxydecanoic acid	3hydroxydecanoicacid	16	16	32	1	1	0	0	0	FALSE	FALSE	FALSE	FALSE	TRUE	pass	source_units_field_mz_but_method_comments_describe_nmol_per_g	not described in source metadata	none	no
ST003027	AN004963	targeted LC-MS	negative	ST003027_targeted_LCMS_combined_modes	ST003027_targeted_tissue_shared_32	AN004963__123	Azelaic acid	azelaicacid	16	16	32	1	1	0	0	0	FALSE	FALSE	FALSE	FALSE	TRUE	pass	source_units_field_mz_but_method_comments_describe_nmol_per_g	not described in source metadata	none	no
ST003027	AN004963	targeted LC-MS	negative	ST003027_targeted_LCMS_combined_modes	ST003027_targeted_tissue_shared_32	AN004963__124	alpha-Cyano-4-hydroxycinnamic acid	alphacyano4hydroxycinnamicacid	16	16	31	0.9375	1	0	0	1	TRUE	FALSE	FALSE	FALSE	TRUE	pass	source_units_field_mz_but_method_comments_describe_nmol_per_g	not described in source metadata	none	no
ST003027	AN004963	targeted LC-MS	negative	ST003027_targeted_LCMS_combined_modes	ST003027_targeted_tissue_shared_32	AN004963__125	Kynurenic acid	kynurenicacid	16	16	31	0.9375	1	0	1	0	TRUE	FALSE	FALSE	FALSE	TRUE	pass	source_units_field_mz_but_method_comments_describe_nmol_per_g	not described in source metadata	none	no
ST003027	AN004963	targeted LC-MS	negative	ST003027_targeted_LCMS_combined_modes	ST003027_targeted_tissue_shared_32	AN004963__126	N-Acetyl-L-glutamic acid	nacetyllglutamicacid	16	16	32	1	1	0	0	0	FALSE	FALSE	FALSE	FALSE	TRUE	pass	source_units_field_mz_but_method_comments_describe_nmol_per_g	not described in source metadata	none	no
ST003027	AN004963	targeted LC-MS	negative	ST003027_targeted_LCMS_combined_modes	ST003027_targeted_tissue_shared_32	AN004963__127	gamma-Carboxyglutamic acid	gammacarboxyglutamicacid	16	16	32	1	1	0	0	0	FALSE	FALSE	FALSE	FALSE	TRUE	pass	source_units_field_mz_but_method_comments_describe_nmol_per_g	not described in source metadata	none	no
ST003027	AN004963	targeted LC-MS	negative	ST003027_targeted_LCMS_combined_modes	ST003027_targeted_tissue_shared_32	AN004963__128	Quinic acid	quinicacid	16	16	31	0.9375	1	0	1	0	TRUE	FALSE	FALSE	FALSE	TRUE	pass	source_units_field_mz_but_method_comments_describe_nmol_per_g	not described in source metadata	none	no
ST003027	AN004963	targeted LC-MS	negative	ST003027_targeted_LCMS_combined_modes	ST003027_targeted_tissue_shared_32	AN004963__129	Citric Acid	citricacid	16	16	32	1	1	0	0	0	FALSE	FALSE	FALSE	FALSE	TRUE	pass	source_units_field_mz_but_method_comments_describe_nmol_per_g	not described in source metadata	none	no
ST003027	AN004963	targeted LC-MS	negative	ST003027_targeted_LCMS_combined_modes	ST003027_targeted_tissue_shared_32	AN004963__13	Levulinic-acid	levulinicacid	16	16	20	0.6875	0.5625	0	12	0	TRUE	FALSE	FALSE	FALSE	TRUE	pass	source_units_field_mz_but_method_comments_describe_nmol_per_g	not described in source metadata	none	no
ST003027	AN004963	targeted LC-MS	negative	ST003027_targeted_LCMS_combined_modes	ST003027_targeted_tissue_shared_32	AN004963__130	Isocitric acid	isocitricacid	0	0	0	0	0	1	0	0	FALSE	TRUE	FALSE	FALSE	FALSE	all_na	source_units_field_mz_but_method_comments_describe_nmol_per_g	not described in source metadata	none	no
ST003027	AN004963	targeted LC-MS	negative	ST003027_targeted_LCMS_combined_modes	ST003027_targeted_tissue_shared_32	AN004963__131	Methyl hippurate	methylhippurate	0	0	0	0	0	1	0	0	FALSE	TRUE	FALSE	FALSE	FALSE	all_na	source_units_field_mz_but_method_comments_describe_nmol_per_g	not described in source metadata	none	no
ST003027	AN004963	targeted LC-MS	negative	ST003027_targeted_LCMS_combined_modes	ST003027_targeted_tissue_shared_32	AN004963__132	4-Methylhippuric acid	4methylhippuricacid	16	16	0	0	0	0	32	0	TRUE	FALSE	TRUE	TRUE	FALSE	all_zero	source_units_field_mz_but_method_comments_describe_nmol_per_g	not described in source metadata	none	no
ST003027	AN004963	targeted LC-MS	negative	ST003027_targeted_LCMS_combined_modes	ST003027_targeted_tissue_shared_32	AN004963__133	Aminohippuric acid	aminohippuricacid	0	0	0	0	0	1	0	0	FALSE	TRUE	FALSE	FALSE	FALSE	all_na	source_units_field_mz_but_method_comments_describe_nmol_per_g	not described in source metadata	none	no
ST003027	AN004963	targeted LC-MS	negative	ST003027_targeted_LCMS_combined_modes	ST003027_targeted_tissue_shared_32	AN004963__134	2-dehydro-D-gluconic acid	2dehydrodgluconicacid	0	0	0	0	0	1	0	0	FALSE	TRUE	FALSE	FALSE	FALSE	all_na	source_units_field_mz_but_method_comments_describe_nmol_per_g	not described in source metadata	none	no
ST003027	AN004963	targeted LC-MS	negative	ST003027_targeted_LCMS_combined_modes	ST003027_targeted_tissue_shared_32	AN004963__135	D-Glucuronic Acid	dglucuronicacid	16	16	27	0.9375	0.75	0	5	0	TRUE	FALSE	FALSE	FALSE	TRUE	pass	source_units_field_mz_but_method_comments_describe_nmol_per_g	not described in source metadata	none	no
ST003027	AN004963	targeted LC-MS	negative	ST003027_targeted_LCMS_combined_modes	ST003027_targeted_tissue_shared_32	AN004963__136	Salicyluric acid	salicyluricacid	0	0	0	0	0	1	0	0	FALSE	TRUE	FALSE	FALSE	FALSE	all_na	source_units_field_mz_but_method_comments_describe_nmol_per_g	not described in source metadata	none	no
ST003027	AN004963	targeted LC-MS	negative	ST003027_targeted_LCMS_combined_modes	ST003027_targeted_tissue_shared_32	AN004963__137	4-Hydroxyhippuric acid	4hydroxyhippuricacid	0	0	0	0	0	1	0	0	FALSE	TRUE	FALSE	FALSE	FALSE	all_na	source_units_field_mz_but_method_comments_describe_nmol_per_g	not described in source metadata	none	no
ST003027	AN004963	targeted LC-MS	negative	ST003027_targeted_LCMS_combined_modes	ST003027_targeted_tissue_shared_32	AN004963__138	1,3-Dimethyluric-Acid	13dimethyluricacid	16	16	3	0.125	0.0625	0	29	0	TRUE	FALSE	FALSE	FALSE	FALSE	fewer_than_8_positive_values_across_32	source_units_field_mz_but_method_comments_describe_nmol_per_g	not described in source metadata	none	no
ST003027	AN004963	targeted LC-MS	negative	ST003027_targeted_LCMS_combined_modes	ST003027_targeted_tissue_shared_32	AN004963__139	Gluconic acid	gluconicacid	16	16	32	1	1	0	0	0	FALSE	FALSE	FALSE	FALSE	TRUE	pass	source_units_field_mz_but_method_comments_describe_nmol_per_g	not described in source metadata	none	no
ST003027	AN004963	targeted LC-MS	negative	ST003027_targeted_LCMS_combined_modes	ST003027_targeted_tissue_shared_32	AN004963__14	Fumaric acid	fumaricacid	16	16	32	1	1	0	0	0	FALSE	FALSE	FALSE	FALSE	TRUE	pass	source_units_field_mz_but_method_comments_describe_nmol_per_g	not described in source metadata	none	no
ST003027	AN004963	targeted LC-MS	negative	ST003027_targeted_LCMS_combined_modes	ST003027_targeted_tissue_shared_32	AN004963__140	Vanillylmandelic acid	vanillylmandelicacid	0	0	0	0	0	1	0	0	FALSE	TRUE	FALSE	FALSE	FALSE	all_na	source_units_field_mz_but_method_comments_describe_nmol_per_g	not described in source metadata	none	no
ST003027	AN004963	targeted LC-MS	negative	ST003027_targeted_LCMS_combined_modes	ST003027_targeted_tissue_shared_32	AN004963__141	Sebacic acid	sebacicacid	16	16	32	1	1	0	0	0	FALSE	FALSE	FALSE	FALSE	TRUE	pass	source_units_field_mz_but_method_comments_describe_nmol_per_g	not described in source metadata	none	no
ST003027	AN004963	targeted LC-MS	negative	ST003027_targeted_LCMS_combined_modes	ST003027_targeted_tissue_shared_32	AN004963__142	o-Methoxyphenyl sulfate	omethoxyphenylsulfate	16	16	32	1	1	0	0	0	FALSE	FALSE	FALSE	FALSE	TRUE	pass	source_units_field_mz_but_method_comments_describe_nmol_per_g	not described in source metadata	none	no
ST003027	AN004963	targeted LC-MS	negative	ST003027_targeted_LCMS_combined_modes	ST003027_targeted_tissue_shared_32	AN004963__143	Cinnamoylglycine	cinnamoylglycine	0	0	0	0	0	1	0	0	FALSE	TRUE	FALSE	FALSE	FALSE	all_na	source_units_field_mz_but_method_comments_describe_nmol_per_g	not described in source metadata	none	no
ST003027	AN004963	targeted LC-MS	negative	ST003027_targeted_LCMS_combined_modes	ST003027_targeted_tissue_shared_32	AN004963__144	Xanthurenic acid	xanthurenicacid	0	0	0	0	0	1	0	0	FALSE	TRUE	FALSE	FALSE	FALSE	all_na	source_units_field_mz_but_method_comments_describe_nmol_per_g	not described in source metadata	none	no
ST003027	AN004963	targeted LC-MS	negative	ST003027_targeted_LCMS_combined_modes	ST003027_targeted_tissue_shared_32	AN004963__145	Pyrogallol-1-O-sulphate	pyrogallol1osulphate	16	16	13	0.375	0.4375	0	19	0	TRUE	FALSE	FALSE	FALSE	TRUE	pass	source_units_field_mz_but_method_comments_describe_nmol_per_g	not described in source metadata	none	no
ST003027	AN004963	targeted LC-MS	negative	ST003027_targeted_LCMS_combined_modes	ST003027_targeted_tissue_shared_32	AN004963__146	Thioctic acid	thiocticacid	0	0	0	0	0	1	0	0	FALSE	TRUE	FALSE	FALSE	FALSE	all_na	source_units_field_mz_but_method_comments_describe_nmol_per_g	not described in source metadata	none	no
ST003027	AN004963	targeted LC-MS	negative	ST003027_targeted_LCMS_combined_modes	ST003027_targeted_tissue_shared_32	AN004963__147	2-Methylcitric acid	2methylcitricacid	16	16	32	1	1	0	0	0	FALSE	FALSE	FALSE	FALSE	TRUE	pass	source_units_field_mz_but_method_comments_describe_nmol_per_g	not described in source metadata	none	no
ST003027	AN004963	targeted LC-MS	negative	ST003027_targeted_LCMS_combined_modes	ST003027_targeted_tissue_shared_32	AN004963__148	Glucaric acid	glucaricacid	16	16	32	1	1	0	0	0	FALSE	FALSE	FALSE	FALSE	TRUE	pass	source_units_field_mz_but_method_comments_describe_nmol_per_g	not described in source metadata	none	no
ST003027	AN004963	targeted LC-MS	negative	ST003027_targeted_LCMS_combined_modes	ST003027_targeted_tissue_shared_32	AN004963__149	3-Methoxytyrosine	3methoxytyrosine	16	16	17	0.5625	0.5	0	15	0	TRUE	FALSE	FALSE	FALSE	TRUE	pass	source_units_field_mz_but_method_comments_describe_nmol_per_g	not described in source metadata	none	no
ST003027	AN004963	targeted LC-MS	negative	ST003027_targeted_LCMS_combined_modes	ST003027_targeted_tissue_shared_32	AN004963__15	Guanidoacetic acid	guanidoaceticacid	16	16	32	1	1	0	0	0	FALSE	FALSE	FALSE	FALSE	TRUE	pass	source_units_field_mz_but_method_comments_describe_nmol_per_g	not described in source metadata	none	no
ST003027	AN004963	targeted LC-MS	negative	ST003027_targeted_LCMS_combined_modes	ST003027_targeted_tissue_shared_32	AN004963__150	N-Acetyl-S-(3-hydroxypropyl)cysteine	nacetyls3hydroxypropylcysteine	16	16	32	1	1	0	0	0	FALSE	FALSE	FALSE	FALSE	TRUE	pass	source_units_field_mz_but_method_comments_describe_nmol_per_g	not described in source metadata	none	no
ST003027	AN004963	targeted LC-MS	negative	ST003027_targeted_LCMS_combined_modes	ST003027_targeted_tissue_shared_32	AN004963__151	Myristic acid	myristicacid	16	16	32	1	1	0	0	0	FALSE	FALSE	FALSE	FALSE	TRUE	pass	source_units_field_mz_but_method_comments_describe_nmol_per_g	not described in source metadata	none	no
ST003027	AN004963	targeted LC-MS	negative	ST003027_targeted_LCMS_combined_modes	ST003027_targeted_tissue_shared_32	AN004963__152	2'-Deoxyuridine	2deoxyuridine	16	16	32	1	1	0	0	0	FALSE	FALSE	FALSE	FALSE	TRUE	pass	source_units_field_mz_but_method_comments_describe_nmol_per_g	not described in source metadata	none	no
ST003027	AN004963	targeted LC-MS	negative	ST003027_targeted_LCMS_combined_modes	ST003027_targeted_tissue_shared_32	AN004963__153	Dodecanedioic acid	dodecanedioicacid	0	0	0	0	0	1	0	0	FALSE	TRUE	FALSE	FALSE	FALSE	all_na	source_units_field_mz_but_method_comments_describe_nmol_per_g	not described in source metadata	none	no
ST003027	AN004963	targeted LC-MS	negative	ST003027_targeted_LCMS_combined_modes	ST003027_targeted_tissue_shared_32	AN004963__154	Xylulose 5-phosphate	xylulose5phosphate	16	16	32	1	1	0	0	0	FALSE	FALSE	FALSE	FALSE	TRUE	pass	source_units_field_mz_but_method_comments_describe_nmol_per_g	not described in source metadata	none	no
ST003027	AN004963	targeted LC-MS	negative	ST003027_targeted_LCMS_combined_modes	ST003027_targeted_tissue_shared_32	AN004963__155	Ribose-5-Phosphate	ribose5phosphate	16	16	32	1	1	0	0	0	FALSE	FALSE	FALSE	FALSE	TRUE	pass	source_units_field_mz_but_method_comments_describe_nmol_per_g	not described in source metadata	none	no
ST003027	AN004963	targeted LC-MS	negative	ST003027_targeted_LCMS_combined_modes	ST003027_targeted_tissue_shared_32	AN004963__156	Dopamine 3-O-sulfate	dopamine3osulfate	16	16	32	1	1	0	0	0	FALSE	FALSE	FALSE	FALSE	TRUE	pass	source_units_field_mz_but_method_comments_describe_nmol_per_g	not described in source metadata	none	no
ST003027	AN004963	targeted LC-MS	negative	ST003027_targeted_LCMS_combined_modes	ST003027_targeted_tissue_shared_32	AN004963__157	Dopamine 4-O-sulfate	dopamine4osulfate	0	0	0	0	0	1	0	0	FALSE	TRUE	FALSE	FALSE	FALSE	all_na	source_units_field_mz_but_method_comments_describe_nmol_per_g	not described in source metadata	none	no
ST003027	AN004963	targeted LC-MS	negative	ST003027_targeted_LCMS_combined_modes	ST003027_targeted_tissue_shared_32	AN004963__158	Thymidine	thymidine	0	0	0	0	0	1	0	0	FALSE	TRUE	FALSE	FALSE	FALSE	all_na	source_units_field_mz_but_method_comments_describe_nmol_per_g	not described in source metadata	none	no
ST003027	AN004963	targeted LC-MS	negative	ST003027_targeted_LCMS_combined_modes	ST003027_targeted_tissue_shared_32	AN004963__159	Uridine	uridine	16	16	32	1	1	0	0	0	FALSE	FALSE	FALSE	FALSE	TRUE	pass	source_units_field_mz_but_method_comments_describe_nmol_per_g	not described in source metadata	none	no
ST003027	AN004963	targeted LC-MS	negative	ST003027_targeted_LCMS_combined_modes	ST003027_targeted_tissue_shared_32	AN004963__16	2-Hydroxy-3-methylbutyric acid	2hydroxy3methylbutyricacid	16	16	32	1	1	0	0	0	FALSE	FALSE	FALSE	FALSE	TRUE	pass	source_units_field_mz_but_method_comments_describe_nmol_per_g	not described in source metadata	none	no
ST003027	AN004963	targeted LC-MS	negative	ST003027_targeted_LCMS_combined_modes	ST003027_targeted_tissue_shared_32	AN004963__160	Glucose 1-phosphate	glucose1phosphate	16	16	32	1	1	0	0	0	FALSE	FALSE	FALSE	FALSE	TRUE	pass	source_units_field_mz_but_method_comments_describe_nmol_per_g	not described in source metadata	none	no
ST003027	AN004963	targeted LC-MS	negative	ST003027_targeted_LCMS_combined_modes	ST003027_targeted_tissue_shared_32	AN004963__161	Fructose-6-phosphate	fructose6phosphate	16	16	32	1	1	0	0	0	FALSE	FALSE	FALSE	FALSE	TRUE	pass	source_units_field_mz_but_method_comments_describe_nmol_per_g	not described in source metadata	none	no
ST003027	AN004963	targeted LC-MS	negative	ST003027_targeted_LCMS_combined_modes	ST003027_targeted_tissue_shared_32	AN004963__162	Mannose 6-phosphate	mannose6phosphate	16	16	32	1	1	0	0	0	FALSE	FALSE	FALSE	FALSE	TRUE	pass	source_units_field_mz_but_method_comments_describe_nmol_per_g	not described in source metadata	none	no
ST003027	AN004963	targeted LC-MS	negative	ST003027_targeted_LCMS_combined_modes	ST003027_targeted_tissue_shared_32	AN004963__163	Inosine	inosine	16	16	32	1	1	0	0	0	FALSE	FALSE	FALSE	FALSE	TRUE	pass	source_units_field_mz_but_method_comments_describe_nmol_per_g	not described in source metadata	none	no
ST003027	AN004963	targeted LC-MS	negative	ST003027_targeted_LCMS_combined_modes	ST003027_targeted_tissue_shared_32	AN004963__164	alpha-Linolenic acid	alphalinolenicacid	16	16	0	0	0	0	32	0	TRUE	FALSE	TRUE	TRUE	FALSE	all_zero	source_units_field_mz_but_method_comments_describe_nmol_per_g	not described in source metadata	none	no
ST003027	AN004963	targeted LC-MS	negative	ST003027_targeted_LCMS_combined_modes	ST003027_targeted_tissue_shared_32	AN004963__165	p-Cresol glucuronide	pcresolglucuronide	16	14	28	0.875	1	0.0625	2	0	TRUE	FALSE	FALSE	FALSE	TRUE	pass	source_units_field_mz_but_method_comments_describe_nmol_per_g	not described in source metadata	none	no
ST003027	AN004963	targeted LC-MS	negative	ST003027_targeted_LCMS_combined_modes	ST003027_targeted_tissue_shared_32	AN004963__166	N4-Acetylcytidine	n4acetylcytidine	16	16	32	1	1	0	0	0	FALSE	FALSE	FALSE	FALSE	TRUE	pass	source_units_field_mz_but_method_comments_describe_nmol_per_g	not described in source metadata	none	no
ST003027	AN004963	targeted LC-MS	negative	ST003027_targeted_LCMS_combined_modes	ST003027_targeted_tissue_shared_32	AN004963__167	Hexadecanedioic acid	hexadecanedioicacid	16	16	25	0.875	0.6875	0	7	0	TRUE	FALSE	FALSE	FALSE	TRUE	pass	source_units_field_mz_but_method_comments_describe_nmol_per_g	not described in source metadata	none	no
ST003027	AN004963	targeted LC-MS	negative	ST003027_targeted_LCMS_combined_modes	ST003027_targeted_tissue_shared_32	AN004963__168	N-Acetyl-D-Glucosamine 6-Phosphate	nacetyldglucosamine6phosphate	16	16	32	1	1	0	0	0	FALSE	FALSE	FALSE	FALSE	TRUE	pass	source_units_field_mz_but_method_comments_describe_nmol_per_g	not described in source metadata	none	no
ST003027	AN004963	targeted LC-MS	negative	ST003027_targeted_LCMS_combined_modes	ST003027_targeted_tissue_shared_32	AN004963__169	Spaglumic acid	spaglumicacid	16	16	32	1	1	0	0	0	FALSE	FALSE	FALSE	FALSE	TRUE	pass	source_units_field_mz_but_method_comments_describe_nmol_per_g	not described in source metadata	none	no
ST003027	AN004963	targeted LC-MS	negative	ST003027_targeted_LCMS_combined_modes	ST003027_targeted_tissue_shared_32	AN004963__17	2-Hydroxy-2-methylbutyric acid	2hydroxy2methylbutyricacid	0	0	0	0	0	1	0	0	FALSE	TRUE	FALSE	FALSE	FALSE	all_na	source_units_field_mz_but_method_comments_describe_nmol_per_g	not described in source metadata	none	no
ST003027	AN004963	targeted LC-MS	negative	ST003027_targeted_LCMS_combined_modes	ST003027_targeted_tissue_shared_32	AN004963__170	D-Ribulose 1,5-bisphosphate	dribulose15bisphosphate	16	16	32	1	1	0	0	0	FALSE	FALSE	FALSE	FALSE	TRUE	pass	source_units_field_mz_but_method_comments_describe_nmol_per_g	not described in source metadata	none	no
ST003027	AN004963	targeted LC-MS	negative	ST003027_targeted_LCMS_combined_modes	ST003027_targeted_tissue_shared_32	AN004963__171	Thymidine-5'-phosphate	thymidine5phosphate	16	16	25	0.9375	0.625	0	7	0	TRUE	FALSE	FALSE	FALSE	TRUE	pass	source_units_field_mz_but_method_comments_describe_nmol_per_g	not described in source metadata	none	no
ST003027	AN004963	targeted LC-MS	negative	ST003027_targeted_LCMS_combined_modes	ST003027_targeted_tissue_shared_32	AN004963__172	Cyclic AMP	cyclicamp	16	16	32	1	1	0	0	0	FALSE	FALSE	FALSE	FALSE	TRUE	pass	source_units_field_mz_but_method_comments_describe_nmol_per_g	not described in source metadata	none	no
ST003027	AN004963	targeted LC-MS	negative	ST003027_targeted_LCMS_combined_modes	ST003027_targeted_tissue_shared_32	AN004963__173	2'-Deoxyadenosine-5'-monophosphate	2deoxyadenosine5monophosphate	16	16	32	1	1	0	0	0	FALSE	FALSE	FALSE	FALSE	TRUE	pass	source_units_field_mz_but_method_comments_describe_nmol_per_g	not described in source metadata	none	no
ST003027	AN004963	targeted LC-MS	negative	ST003027_targeted_LCMS_combined_modes	ST003027_targeted_tissue_shared_32	AN004963__174	Sucrose	sucrose	16	16	23	0.8125	0.625	0	9	0	TRUE	FALSE	FALSE	FALSE	TRUE	pass	source_units_field_mz_but_method_comments_describe_nmol_per_g	not described in source metadata	none	no
ST003027	AN004963	targeted LC-MS	negative	ST003027_targeted_LCMS_combined_modes	ST003027_targeted_tissue_shared_32	AN004963__175	Cellobiose	cellobiose	16	16	32	1	1	0	0	0	FALSE	FALSE	FALSE	FALSE	TRUE	pass	source_units_field_mz_but_method_comments_describe_nmol_per_g	not described in source metadata	none	no
ST003027	AN004963	targeted LC-MS	negative	ST003027_targeted_LCMS_combined_modes	ST003027_targeted_tissue_shared_32	AN004963__176	Trehalose	trehalose	16	16	32	1	1	0	0	0	FALSE	FALSE	FALSE	FALSE	TRUE	pass	source_units_field_mz_but_method_comments_describe_nmol_per_g	not described in source metadata	none	no
ST003027	AN004963	targeted LC-MS	negative	ST003027_targeted_LCMS_combined_modes	ST003027_targeted_tissue_shared_32	AN004963__177	Lactose	lactose	16	16	32	1	1	0	0	0	FALSE	FALSE	FALSE	FALSE	TRUE	pass	source_units_field_mz_but_method_comments_describe_nmol_per_g	not described in source metadata	none	no
ST003027	AN004963	targeted LC-MS	negative	ST003027_targeted_LCMS_combined_modes	ST003027_targeted_tissue_shared_32	AN004963__178	Gentiobiose	gentiobiose	16	16	21	0.75	0.5625	0	11	0	TRUE	FALSE	FALSE	FALSE	TRUE	pass	source_units_field_mz_but_method_comments_describe_nmol_per_g	not described in source metadata	none	no
ST003027	AN004963	targeted LC-MS	negative	ST003027_targeted_LCMS_combined_modes	ST003027_targeted_tissue_shared_32	AN004963__179	Cyclic guanosine monophosphate	cyclicguanosinemonophosphate	16	16	30	0.875	1	0	2	0	TRUE	FALSE	FALSE	FALSE	TRUE	pass	source_units_field_mz_but_method_comments_describe_nmol_per_g	not described in source metadata	none	no
ST003027	AN004963	targeted LC-MS	negative	ST003027_targeted_LCMS_combined_modes	ST003027_targeted_tissue_shared_32	AN004963__18	beta-Hydroxyisovaleric acid	betahydroxyisovalericacid	16	16	25	0.8125	0.75	0	7	0	TRUE	FALSE	FALSE	FALSE	TRUE	pass	source_units_field_mz_but_method_comments_describe_nmol_per_g	not described in source metadata	none	no
ST003027	AN004963	targeted LC-MS	negative	ST003027_targeted_LCMS_combined_modes	ST003027_targeted_tissue_shared_32	AN004963__180	2'-Deoxyguanosine 5'-monophosphate	2deoxyguanosine5monophosphate	16	16	14	0.75	0.125	0	18	0	TRUE	FALSE	FALSE	FALSE	TRUE	pass	source_units_field_mz_but_method_comments_describe_nmol_per_g	not described in source metadata	none	no
ST003027	AN004963	targeted LC-MS	negative	ST003027_targeted_LCMS_combined_modes	ST003027_targeted_tissue_shared_32	AN004963__181	Prostaglandin E2	prostaglandine2	16	16	32	1	1	0	0	0	FALSE	FALSE	FALSE	FALSE	TRUE	pass	source_units_field_mz_but_method_comments_describe_nmol_per_g	not described in source metadata	none	no
ST003027	AN004963	targeted LC-MS	negative	ST003027_targeted_LCMS_combined_modes	ST003027_targeted_tissue_shared_32	AN004963__182	Prostaglandin D1	prostaglandind1	16	16	0	0	0	0	32	0	TRUE	FALSE	TRUE	TRUE	FALSE	all_zero	source_units_field_mz_but_method_comments_describe_nmol_per_g	not described in source metadata	none	no
ST003027	AN004963	targeted LC-MS	negative	ST003027_targeted_LCMS_combined_modes	ST003027_targeted_tissue_shared_32	AN004963__183	Aldosterone	aldosterone	0	0	0	0	0	1	0	0	FALSE	TRUE	FALSE	FALSE	FALSE	all_na	source_units_field_mz_but_method_comments_describe_nmol_per_g	not described in source metadata	none	no
ST003027	AN004963	targeted LC-MS	negative	ST003027_targeted_LCMS_combined_modes	ST003027_targeted_tissue_shared_32	AN004963__184	Guanosine-5'-monophosphate	guanosine5monophosphate	16	16	31	1	0.9375	0	1	0	TRUE	FALSE	FALSE	FALSE	TRUE	pass	source_units_field_mz_but_method_comments_describe_nmol_per_g	not described in source metadata	none	no
ST003027	AN004963	targeted LC-MS	negative	ST003027_targeted_LCMS_combined_modes	ST003027_targeted_tissue_shared_32	AN004963__185	Xanthylic acid (XMP)	xanthylicacidxmp	16	16	32	1	1	0	0	0	FALSE	FALSE	FALSE	FALSE	TRUE	pass	source_units_field_mz_but_method_comments_describe_nmol_per_g	not described in source metadata	none	no
ST003027	AN004963	targeted LC-MS	negative	ST003027_targeted_LCMS_combined_modes	ST003027_targeted_tissue_shared_32	AN004963__186	Lithocholic acid	lithocholicacid	16	16	31	0.9375	1	0	1	0	TRUE	FALSE	FALSE	FALSE	TRUE	pass	source_units_field_mz_but_method_comments_describe_nmol_per_g	not described in source metadata	none	no
ST003027	AN004963	targeted LC-MS	negative	ST003027_targeted_LCMS_combined_modes	ST003027_targeted_tissue_shared_32	AN004963__187	2'-Deoxycytidine diphosphate	2deoxycytidinediphosphate	16	16	14	0.3125	0.5625	0	18	0	TRUE	FALSE	FALSE	FALSE	TRUE	pass	source_units_field_mz_but_method_comments_describe_nmol_per_g	not described in source metadata	none	no
ST003027	AN004963	targeted LC-MS	negative	ST003027_targeted_LCMS_combined_modes	ST003027_targeted_tissue_shared_32	AN004963__188	Nutriacholic acid	nutriacholicacid	0	0	0	0	0	1	0	0	FALSE	TRUE	FALSE	FALSE	FALSE	all_na	source_units_field_mz_but_method_comments_describe_nmol_per_g	not described in source metadata	none	no
ST003027	AN004963	targeted LC-MS	negative	ST003027_targeted_LCMS_combined_modes	ST003027_targeted_tissue_shared_32	AN004963__189	Deoxycholic acid	deoxycholicacid	16	16	2	0.0625	0.0625	0	29	1	TRUE	FALSE	FALSE	FALSE	FALSE	fewer_than_8_positive_values_across_32	source_units_field_mz_but_method_comments_describe_nmol_per_g	not described in source metadata	none	no
ST003027	AN004963	targeted LC-MS	negative	ST003027_targeted_LCMS_combined_modes	ST003027_targeted_tissue_shared_32	AN004963__19	Methylmalonic acid	methylmalonicacid	16	16	32	1	1	0	0	0	FALSE	FALSE	FALSE	FALSE	TRUE	pass	source_units_field_mz_but_method_comments_describe_nmol_per_g	not described in source metadata	none	no
ST003027	AN004963	targeted LC-MS	negative	ST003027_targeted_LCMS_combined_modes	ST003027_targeted_tissue_shared_32	AN004963__190	Thymidine-5'-diphosphate	thymidine5diphosphate	16	16	12	0.5	0.25	0	20	0	TRUE	FALSE	FALSE	FALSE	TRUE	pass	source_units_field_mz_but_method_comments_describe_nmol_per_g	not described in source metadata	none	no
ST003027	AN004963	targeted LC-MS	negative	ST003027_targeted_LCMS_combined_modes	ST003027_targeted_tissue_shared_32	AN004963__191	Cytidine-5'-diphosphate	cytidine5diphosphate	16	16	28	0.8125	0.9375	0	2	2	TRUE	FALSE	FALSE	FALSE	TRUE	pass	source_units_field_mz_but_method_comments_describe_nmol_per_g	not described in source metadata	none	no
ST003027	AN004963	targeted LC-MS	negative	ST003027_targeted_LCMS_combined_modes	ST003027_targeted_tissue_shared_32	AN004963__192	Uridine-5'-diphosphate	uridine5diphosphate	16	16	31	1	0.9375	0	1	0	TRUE	FALSE	FALSE	FALSE	TRUE	pass	source_units_field_mz_but_method_comments_describe_nmol_per_g	not described in source metadata	none	no
ST003027	AN004963	targeted LC-MS	negative	ST003027_targeted_LCMS_combined_modes	ST003027_targeted_tissue_shared_32	AN004963__193	3-Oxocholic acid	3oxocholicacid	0	0	0	0	0	1	0	0	FALSE	TRUE	FALSE	FALSE	FALSE	all_na	source_units_field_mz_but_method_comments_describe_nmol_per_g	not described in source metadata	none	no
ST003027	AN004963	targeted LC-MS	negative	ST003027_targeted_LCMS_combined_modes	ST003027_targeted_tissue_shared_32	AN004963__194	7-Ketodeoxycholic acid	7ketodeoxycholicacid	0	0	0	0	0	1	0	0	FALSE	TRUE	FALSE	FALSE	FALSE	all_na	source_units_field_mz_but_method_comments_describe_nmol_per_g	not described in source metadata	none	no
ST003027	AN004963	targeted LC-MS	negative	ST003027_targeted_LCMS_combined_modes	ST003027_targeted_tissue_shared_32	AN004963__195	Cholic acid	cholicacid	0	0	0	0	0	1	0	0	FALSE	TRUE	FALSE	FALSE	FALSE	all_na	source_units_field_mz_but_method_comments_describe_nmol_per_g	not described in source metadata	none	no
ST003027	AN004963	targeted LC-MS	negative	ST003027_targeted_LCMS_combined_modes	ST003027_targeted_tissue_shared_32	AN004963__196	Trehalose-6-phosphate	trehalose6phosphate	16	16	0	0	0	0	14	18	TRUE	FALSE	FALSE	FALSE	FALSE	fewer_than_8_positive_values_across_32	source_units_field_mz_but_method_comments_describe_nmol_per_g	not described in source metadata	none	no
ST003027	AN004963	targeted LC-MS	negative	ST003027_targeted_LCMS_combined_modes	ST003027_targeted_tissue_shared_32	AN004963__197	Adenosine-5'-diphosphate	adenosine5diphosphate	16	16	32	1	1	0	0	0	FALSE	FALSE	FALSE	FALSE	TRUE	pass	source_units_field_mz_but_method_comments_describe_nmol_per_g	not described in source metadata	none	no
ST003027	AN004963	targeted LC-MS	negative	ST003027_targeted_LCMS_combined_modes	ST003027_targeted_tissue_shared_32	AN004963__198	2'-Deoxyguanosine-5'-diphosphate	2deoxyguanosine5diphosphate	10	9	10	0.5	0.555555555555556	0.40625	6	3	TRUE	FALSE	FALSE	FALSE	TRUE	pass	source_units_field_mz_but_method_comments_describe_nmol_per_g	not described in source metadata	none	no
ST003027	AN004963	targeted LC-MS	negative	ST003027_targeted_LCMS_combined_modes	ST003027_targeted_tissue_shared_32	AN004963__199	Inosine diphosphate	inosinediphosphate	16	16	32	1	1	0	0	0	FALSE	FALSE	FALSE	FALSE	TRUE	pass	source_units_field_mz_but_method_comments_describe_nmol_per_g	not described in source metadata	none	no
ST003027	AN004963	targeted LC-MS	negative	ST003027_targeted_LCMS_combined_modes	ST003027_targeted_tissue_shared_32	AN004963__2	Pyruvic acid?	pyruvicacid	16	16	32	1	1	0	0	0	FALSE	FALSE	FALSE	FALSE	TRUE	pass	source_units_field_mz_but_method_comments_describe_nmol_per_g	not described in source metadata	none	no
ST003027	AN004963	targeted LC-MS	negative	ST003027_targeted_LCMS_combined_modes	ST003027_targeted_tissue_shared_32	AN004963__20	Succinic acid	succinicacid	16	16	32	1	1	0	0	0	FALSE	FALSE	FALSE	FALSE	TRUE	pass	source_units_field_mz_but_method_comments_describe_nmol_per_g	not described in source metadata	none	no
ST003027	AN004963	targeted LC-MS	negative	ST003027_targeted_LCMS_combined_modes	ST003027_targeted_tissue_shared_32	AN004963__200	Guanosine-5'-diphosphate	guanosine5diphosphate	16	16	32	1	1	0	0	0	FALSE	FALSE	FALSE	FALSE	TRUE	pass	source_units_field_mz_but_method_comments_describe_nmol_per_g	not described in source metadata	none	no
ST003027	AN004963	targeted LC-MS	negative	ST003027_targeted_LCMS_combined_modes	ST003027_targeted_tissue_shared_32	AN004963__201	Glycodeoxycholic acid	glycodeoxycholicacid	14	14	2	0.0714285714285714	0.0714285714285714	0.125	26	0	TRUE	FALSE	FALSE	FALSE	FALSE	fewer_than_8_positive_values_across_32	source_units_field_mz_but_method_comments_describe_nmol_per_g	not described in source metadata	none	no
ST003027	AN004963	targeted LC-MS	negative	ST003027_targeted_LCMS_combined_modes	ST003027_targeted_tissue_shared_32	AN004963__202	Glycochenodeoxycholic acid	glycochenodeoxycholicacid	16	16	25	0.8125	0.75	0	7	0	TRUE	FALSE	FALSE	FALSE	TRUE	pass	source_units_field_mz_but_method_comments_describe_nmol_per_g	not described in source metadata	none	no
ST003027	AN004963	targeted LC-MS	negative	ST003027_targeted_LCMS_combined_modes	ST003027_targeted_tissue_shared_32	AN004963__203	Glycocholic acid	glycocholicacid	14	14	7	0.214285714285714	0.285714285714286	0.125	21	0	TRUE	FALSE	FALSE	FALSE	FALSE	fewer_than_8_positive_values_across_32	source_units_field_mz_but_method_comments_describe_nmol_per_g	not described in source metadata	none	no
ST003027	AN004963	targeted LC-MS	negative	ST003027_targeted_LCMS_combined_modes	ST003027_targeted_tissue_shared_32	AN004963__204	2'-Deoxyuridine 5'-triphosphate	2deoxyuridine5triphosphate	16	16	32	1	1	0	0	0	FALSE	FALSE	FALSE	FALSE	TRUE	pass	source_units_field_mz_but_method_comments_describe_nmol_per_g	not described in source metadata	none	no
ST003027	AN004963	targeted LC-MS	negative	ST003027_targeted_LCMS_combined_modes	ST003027_targeted_tissue_shared_32	AN004963__205	Enoxolone	enoxolone	0	0	0	0	0	1	0	0	FALSE	TRUE	FALSE	FALSE	FALSE	all_na	source_units_field_mz_but_method_comments_describe_nmol_per_g	not described in source metadata	none	no
ST003027	AN004963	targeted LC-MS	negative	ST003027_targeted_LCMS_combined_modes	ST003027_targeted_tissue_shared_32	AN004963__206	Thymidine-5-triphosphate	thymidine5triphosphate	16	16	25	0.5625	1	0	7	0	TRUE	FALSE	FALSE	FALSE	TRUE	pass	source_units_field_mz_but_method_comments_describe_nmol_per_g	not described in source metadata	none	no
ST003027	AN004963	targeted LC-MS	negative	ST003027_targeted_LCMS_combined_modes	ST003027_targeted_tissue_shared_32	AN004963__207	Cytidine-5'-triphosphate	cytidine5triphosphate	16	16	32	1	1	0	0	0	FALSE	FALSE	FALSE	FALSE	TRUE	pass	source_units_field_mz_but_method_comments_describe_nmol_per_g	not described in source metadata	none	no
ST003027	AN004963	targeted LC-MS	negative	ST003027_targeted_LCMS_combined_modes	ST003027_targeted_tissue_shared_32	AN004963__208	Taurochenodeoxycholate	taurochenodeoxycholate	16	16	9	0.3125	0.25	0	23	0	TRUE	FALSE	FALSE	FALSE	TRUE	pass	source_units_field_mz_but_method_comments_describe_nmol_per_g	not described in source metadata	none	no
ST003027	AN004963	targeted LC-MS	negative	ST003027_targeted_LCMS_combined_modes	ST003027_targeted_tissue_shared_32	AN004963__209	1-Kestose	1kestose	16	16	1	0.0625	0	0	31	0	TRUE	FALSE	FALSE	FALSE	FALSE	fewer_than_8_positive_values_across_32	source_units_field_mz_but_method_comments_describe_nmol_per_g	not described in source metadata	none	no
ST003027	AN004963	targeted LC-MS	negative	ST003027_targeted_LCMS_combined_modes	ST003027_targeted_tissue_shared_32	AN004963__21	3-(Methylthio)propionate	3methylthiopropionate	16	16	15	0.5625	0.375	0	17	0	TRUE	FALSE	FALSE	FALSE	TRUE	pass	source_units_field_mz_but_method_comments_describe_nmol_per_g	not described in source metadata	none	no
ST003027	AN004963	targeted LC-MS	negative	ST003027_targeted_LCMS_combined_modes	ST003027_targeted_tissue_shared_32	AN004963__210	Raffinose	raffinose	16	16	31	0.9375	1	0	1	0	TRUE	FALSE	FALSE	FALSE	TRUE	pass	source_units_field_mz_but_method_comments_describe_nmol_per_g	not described in source metadata	none	no
ST003027	AN004963	targeted LC-MS	negative	ST003027_targeted_LCMS_combined_modes	ST003027_targeted_tissue_shared_32	AN004963__211	Adenosine-5'-triphosphate	adenosine5triphosphate	16	16	32	1	1	0	0	0	FALSE	FALSE	FALSE	FALSE	TRUE	pass	source_units_field_mz_but_method_comments_describe_nmol_per_g	not described in source metadata	none	no
ST003027	AN004963	targeted LC-MS	negative	ST003027_targeted_LCMS_combined_modes	ST003027_targeted_tissue_shared_32	AN004963__212	Taurocholic acid	taurocholicacid	14	14	9	0.428571428571429	0.214285714285714	0.125	19	0	TRUE	FALSE	FALSE	FALSE	TRUE	pass	source_units_field_mz_but_method_comments_describe_nmol_per_g	not described in source metadata	none	no
ST003027	AN004963	targeted LC-MS	negative	ST003027_targeted_LCMS_combined_modes	ST003027_targeted_tissue_shared_32	AN004963__213	UDP-D-glucose	udpdglucose	16	16	32	1	1	0	0	0	FALSE	FALSE	FALSE	FALSE	TRUE	pass	source_units_field_mz_but_method_comments_describe_nmol_per_g	not described in source metadata	none	no
ST003027	AN004963	targeted LC-MS	negative	ST003027_targeted_LCMS_combined_modes	ST003027_targeted_tissue_shared_32	AN004963__214	Naringin	naringin	0	0	0	0	0	1	0	0	FALSE	TRUE	FALSE	FALSE	FALSE	all_na	source_units_field_mz_but_method_comments_describe_nmol_per_g	not described in source metadata	none	no
ST003027	AN004963	targeted LC-MS	negative	ST003027_targeted_LCMS_combined_modes	ST003027_targeted_tissue_shared_32	AN004963__215	Uridine diphosphate glucuronic acid	uridinediphosphateglucuronicacid	16	16	32	1	1	0	0	0	FALSE	FALSE	FALSE	FALSE	TRUE	pass	source_units_field_mz_but_method_comments_describe_nmol_per_g	not described in source metadata	none	no
ST003027	AN004963	targeted LC-MS	negative	ST003027_targeted_LCMS_combined_modes	ST003027_targeted_tissue_shared_32	AN004963__216	Bilirubin	bilirubin	16	16	32	1	1	0	0	0	FALSE	FALSE	FALSE	FALSE	TRUE	pass	source_units_field_mz_but_method_comments_describe_nmol_per_g	not described in source metadata	none	no
ST003027	AN004963	targeted LC-MS	negative	ST003027_targeted_LCMS_combined_modes	ST003027_targeted_tissue_shared_32	AN004963__217	GDP-L-Fucose	gdplfucose	16	16	32	1	1	0	0	0	FALSE	FALSE	FALSE	FALSE	TRUE	pass	source_units_field_mz_but_method_comments_describe_nmol_per_g	not described in source metadata	none	no
ST003027	AN004963	targeted LC-MS	negative	ST003027_targeted_LCMS_combined_modes	ST003027_targeted_tissue_shared_32	AN004963__218	Glutathione Disulfide	glutathionedisulfide	16	16	32	1	1	0	0	0	FALSE	FALSE	FALSE	FALSE	TRUE	pass	source_units_field_mz_but_method_comments_describe_nmol_per_g	not described in source metadata	none	no
ST003027	AN004963	targeted LC-MS	negative	ST003027_targeted_LCMS_combined_modes	ST003027_targeted_tissue_shared_32	AN004963__219	Acarbose	acarbose	0	0	0	0	0	1	0	0	FALSE	TRUE	FALSE	FALSE	FALSE	all_na	source_units_field_mz_but_method_comments_describe_nmol_per_g	not described in source metadata	none	no
ST003027	AN004963	targeted LC-MS	negative	ST003027_targeted_LCMS_combined_modes	ST003027_targeted_tissue_shared_32	AN004963__22	Benzoic acid	benzoicacid	16	16	32	1	1	0	0	0	FALSE	FALSE	FALSE	FALSE	TRUE	pass	source_units_field_mz_but_method_comments_describe_nmol_per_g	not described in source metadata	none	no
ST003027	AN004963	targeted LC-MS	negative	ST003027_targeted_LCMS_combined_modes	ST003027_targeted_tissue_shared_32	AN004963__220	1,4-Dihydronicotinamide adenine dinucleotide	14dihydronicotinamideadeninedinucleotide	14	16	3	0.214285714285714	0	0.0625	27	0	TRUE	FALSE	FALSE	FALSE	FALSE	fewer_than_8_positive_values_across_32	source_units_field_mz_but_method_comments_describe_nmol_per_g	not described in source metadata	none	no
ST003027	AN004963	targeted LC-MS	negative	ST003027_targeted_LCMS_combined_modes	ST003027_targeted_tissue_shared_32	AN004963__221	Maltotetraose	maltotetraose	16	16	32	1	1	0	0	0	FALSE	FALSE	FALSE	FALSE	TRUE	pass	source_units_field_mz_but_method_comments_describe_nmol_per_g	not described in source metadata	none	no
ST003027	AN004963	targeted LC-MS	negative	ST003027_targeted_LCMS_combined_modes	ST003027_targeted_tissue_shared_32	AN004963__222	Flavin adenine dinucleotide	flavinadeninedinucleotide	16	16	32	1	1	0	0	0	FALSE	FALSE	FALSE	FALSE	TRUE	pass	source_units_field_mz_but_method_comments_describe_nmol_per_g	not described in source metadata	none	no
ST003027	AN004963	targeted LC-MS	negative	ST003027_targeted_LCMS_combined_modes	ST003027_targeted_tissue_shared_32	AN004963__23	Erythritol	erythritol	16	16	30	0.875	1	0	2	0	TRUE	FALSE	FALSE	FALSE	TRUE	pass	source_units_field_mz_but_method_comments_describe_nmol_per_g	not described in source metadata	none	no
ST003027	AN004963	targeted LC-MS	negative	ST003027_targeted_LCMS_combined_modes	ST003027_targeted_tissue_shared_32	AN004963__24	Picolinic acid	picolinicacid	16	16	27	0.8125	0.875	0	2	3	TRUE	FALSE	FALSE	FALSE	TRUE	pass	source_units_field_mz_but_method_comments_describe_nmol_per_g	not described in source metadata	none	no
ST003027	AN004963	targeted LC-MS	negative	ST003027_targeted_LCMS_combined_modes	ST003027_targeted_tissue_shared_32	AN004963__25	Phloroglucinol	phloroglucinol	0	0	0	0	0	1	0	0	FALSE	TRUE	FALSE	FALSE	FALSE	all_na	source_units_field_mz_but_method_comments_describe_nmol_per_g	not described in source metadata	none	no
ST003027	AN004963	targeted LC-MS	negative	ST003027_targeted_LCMS_combined_modes	ST003027_targeted_tissue_shared_32	AN004963__26	5-Aminoimidazole-4-carboxamide	5aminoimidazole4carboxamide	0	0	0	0	0	1	0	0	FALSE	TRUE	FALSE	FALSE	FALSE	all_na	source_units_field_mz_but_method_comments_describe_nmol_per_g	not described in source metadata	none	no
ST003027	AN004963	targeted LC-MS	negative	ST003027_targeted_LCMS_combined_modes	ST003027_targeted_tissue_shared_32	AN004963__27	2-Oxohexanoic acid	2oxohexanoicacid	16	16	32	1	1	0	0	0	FALSE	FALSE	FALSE	FALSE	TRUE	pass	source_units_field_mz_but_method_comments_describe_nmol_per_g	not described in source metadata	none	no
ST003027	AN004963	targeted LC-MS	negative	ST003027_targeted_LCMS_combined_modes	ST003027_targeted_tissue_shared_32	AN004963__28	3-Methyl-2-oxovaleric acid	3methyl2oxovalericacid	16	16	32	1	1	0	0	0	FALSE	FALSE	FALSE	FALSE	TRUE	pass	source_units_field_mz_but_method_comments_describe_nmol_per_g	not described in source metadata	none	no
ST003027	AN004963	targeted LC-MS	negative	ST003027_targeted_LCMS_combined_modes	ST003027_targeted_tissue_shared_32	AN004963__29	Citraconic acid	citraconicacid	16	16	25	0.9375	0.625	0	7	0	TRUE	FALSE	FALSE	FALSE	TRUE	pass	source_units_field_mz_but_method_comments_describe_nmol_per_g	not described in source metadata	none	no
ST003027	AN004963	targeted LC-MS	negative	ST003027_targeted_LCMS_combined_modes	ST003027_targeted_tissue_shared_32	AN004963__3	3-Hydroxypropionic acid	3hydroxypropionicacid	16	16	32	1	1	0	0	0	FALSE	FALSE	FALSE	FALSE	TRUE	pass	source_units_field_mz_but_method_comments_describe_nmol_per_g	not described in source metadata	none	no
ST003027	AN004963	targeted LC-MS	negative	ST003027_targeted_LCMS_combined_modes	ST003027_targeted_tissue_shared_32	AN004963__30	Mesaconic acid	mesaconicacid	0	0	0	0	0	1	0	0	FALSE	TRUE	FALSE	FALSE	FALSE	all_na	source_units_field_mz_but_method_comments_describe_nmol_per_g	not described in source metadata	none	no
ST003027	AN004963	targeted LC-MS	negative	ST003027_targeted_LCMS_combined_modes	ST003027_targeted_tissue_shared_32	AN004963__31	Itaconic acid	itaconicacid	16	16	27	0.9375	0.75	0	5	0	TRUE	FALSE	FALSE	FALSE	TRUE	pass	source_units_field_mz_but_method_comments_describe_nmol_per_g	not described in source metadata	none	no
ST003027	AN004963	targeted LC-MS	negative	ST003027_targeted_LCMS_combined_modes	ST003027_targeted_tissue_shared_32	AN004963__32	N-Acetyl-L-alanine	nacetyllalanine	16	16	32	1	1	0	0	0	FALSE	FALSE	FALSE	FALSE	TRUE	pass	source_units_field_mz_but_method_comments_describe_nmol_per_g	not described in source metadata	none	no
ST003027	AN004963	targeted LC-MS	negative	ST003027_targeted_LCMS_combined_modes	ST003027_targeted_tissue_shared_32	AN004963__33	3-Guanidinopropionic acid	3guanidinopropionicacid	16	16	32	1	1	0	0	0	FALSE	FALSE	FALSE	FALSE	TRUE	pass	source_units_field_mz_but_method_comments_describe_nmol_per_g	not described in source metadata	none	no
ST003027	AN004963	targeted LC-MS	negative	ST003027_targeted_LCMS_combined_modes	ST003027_targeted_tissue_shared_32	AN004963__34	Hydroxyisocaproic acid	hydroxyisocaproicacid	16	16	32	1	1	0	0	0	FALSE	FALSE	FALSE	FALSE	TRUE	pass	source_units_field_mz_but_method_comments_describe_nmol_per_g	not described in source metadata	none	no
ST003027	AN004963	targeted LC-MS	negative	ST003027_targeted_LCMS_combined_modes	ST003027_targeted_tissue_shared_32	AN004963__35	6-Hydroxyhexanoic acid	6hydroxyhexanoicacid	0	0	0	0	0	1	0	0	FALSE	TRUE	FALSE	FALSE	FALSE	all_na	source_units_field_mz_but_method_comments_describe_nmol_per_g	not described in source metadata	none	no
ST003027	AN004963	targeted LC-MS	negative	ST003027_targeted_LCMS_combined_modes	ST003027_targeted_tissue_shared_32	AN004963__36	Ethylmalonic acid	ethylmalonicacid	0	0	0	0	0	1	0	0	FALSE	TRUE	FALSE	FALSE	FALSE	all_na	source_units_field_mz_but_method_comments_describe_nmol_per_g	not described in source metadata	none	no
ST003027	AN004963	targeted LC-MS	negative	ST003027_targeted_LCMS_combined_modes	ST003027_targeted_tissue_shared_32	AN004963__37	3-Ureidopropionic acid	3ureidopropionicacid	16	16	0	0	0	0	32	0	TRUE	FALSE	TRUE	TRUE	FALSE	all_zero	source_units_field_mz_but_method_comments_describe_nmol_per_g	not described in source metadata	none	no
ST003027	AN004963	targeted LC-MS	negative	ST003027_targeted_LCMS_combined_modes	ST003027_targeted_tissue_shared_32	AN004963__38	Methylsuccinic acid	methylsuccinicacid	16	16	0	0	0	0	0	32	TRUE	FALSE	FALSE	FALSE	FALSE	fewer_than_8_positive_values_across_32	source_units_field_mz_but_method_comments_describe_nmol_per_g	not described in source metadata	none	no
ST003027	AN004963	targeted LC-MS	negative	ST003027_targeted_LCMS_combined_modes	ST003027_targeted_tissue_shared_32	AN004963__39	Glutaric acid	glutaricacid	16	16	32	1	1	0	0	0	FALSE	FALSE	FALSE	FALSE	TRUE	pass	source_units_field_mz_but_method_comments_describe_nmol_per_g	not described in source metadata	none	no
ST003027	AN004963	targeted LC-MS	negative	ST003027_targeted_LCMS_combined_modes	ST003027_targeted_tissue_shared_32	AN004963__4	Lactic acid	lacticacid	16	16	32	1	1	0	0	0	FALSE	FALSE	FALSE	FALSE	TRUE	pass	source_units_field_mz_but_method_comments_describe_nmol_per_g	not described in source metadata	none	no
ST003027	AN004963	targeted LC-MS	negative	ST003027_targeted_LCMS_combined_modes	ST003027_targeted_tissue_shared_32	AN004963__40	5-Hydroxyindole	5hydroxyindole	0	1	1	0	1	0.96875	0	0	FALSE	FALSE	FALSE	FALSE	FALSE	fewer_than_4_nonmissing_in_one_group	source_units_field_mz_but_method_comments_describe_nmol_per_g	not described in source metadata	none	no
ST003027	AN004963	targeted LC-MS	negative	ST003027_targeted_LCMS_combined_modes	ST003027_targeted_tissue_shared_32	AN004963__41	L-Malic acid	lmalicacid	16	16	32	1	1	0	0	0	FALSE	FALSE	FALSE	FALSE	TRUE	pass	source_units_field_mz_but_method_comments_describe_nmol_per_g	not described in source metadata	none	no
ST003027	AN004963	targeted LC-MS	negative	ST003027_targeted_LCMS_combined_modes	ST003027_targeted_tissue_shared_32	AN004963__42	2-Methylbenzoic acid	2methylbenzoicacid	0	0	0	0	0	1	0	0	FALSE	TRUE	FALSE	FALSE	FALSE	all_na	source_units_field_mz_but_method_comments_describe_nmol_per_g	not described in source metadata	none	no
ST003027	AN004963	targeted LC-MS	negative	ST003027_targeted_LCMS_combined_modes	ST003027_targeted_tissue_shared_32	AN004963__43	L-Threonic acid	lthreonicacid	16	16	32	1	1	0	0	0	FALSE	FALSE	FALSE	FALSE	TRUE	pass	source_units_field_mz_but_method_comments_describe_nmol_per_g	not described in source metadata	none	no
ST003027	AN004963	targeted LC-MS	negative	ST003027_targeted_LCMS_combined_modes	ST003027_targeted_tissue_shared_32	AN004963__44	Anthranilic acid	anthranilicacid	16	16	7	0.4375	0	0	25	0	TRUE	FALSE	FALSE	FALSE	FALSE	fewer_than_8_positive_values_across_32	source_units_field_mz_but_method_comments_describe_nmol_per_g	not described in source metadata	none	no
ST003027	AN004963	targeted LC-MS	negative	ST003027_targeted_LCMS_combined_modes	ST003027_targeted_tissue_shared_32	AN004963__45	Salicylic acid	salicylicacid	16	16	32	1	1	0	0	0	FALSE	FALSE	FALSE	FALSE	TRUE	pass	source_units_field_mz_but_method_comments_describe_nmol_per_g	not described in source metadata	none	no
ST003027	AN004963	targeted LC-MS	negative	ST003027_targeted_LCMS_combined_modes	ST003027_targeted_tissue_shared_32	AN004963__46	4-Hydroxybenzoic acid	4hydroxybenzoicacid	0	0	0	0	0	1	0	0	FALSE	TRUE	FALSE	FALSE	FALSE	all_na	source_units_field_mz_but_method_comments_describe_nmol_per_g	not described in source metadata	none	no
ST003027	AN004963	targeted LC-MS	negative	ST003027_targeted_LCMS_combined_modes	ST003027_targeted_tissue_shared_32	AN004963__47	2-Methylglutaric acid	2methylglutaricacid	16	16	26	0.9375	0.6875	0	0	6	TRUE	FALSE	FALSE	FALSE	TRUE	pass	source_units_field_mz_but_method_comments_describe_nmol_per_g	not described in source metadata	none	no
ST003027	AN004963	targeted LC-MS	negative	ST003027_targeted_LCMS_combined_modes	ST003027_targeted_tissue_shared_32	AN004963__48	Adipic acid	adipicacid	16	16	32	1	1	0	0	0	FALSE	FALSE	FALSE	FALSE	TRUE	pass	source_units_field_mz_but_method_comments_describe_nmol_per_g	not described in source metadata	none	no
ST003027	AN004963	targeted LC-MS	negative	ST003027_targeted_LCMS_combined_modes	ST003027_targeted_tissue_shared_32	AN004963__49	2-Ketoglutaric?Acid	2ketoglutaricacid	16	16	32	1	1	0	0	0	FALSE	FALSE	FALSE	FALSE	TRUE	pass	source_units_field_mz_but_method_comments_describe_nmol_per_g	not described in source metadata	none	no
ST003027	AN004963	targeted LC-MS	negative	ST003027_targeted_LCMS_combined_modes	ST003027_targeted_tissue_shared_32	AN004963__5	Acetoacetic acid	acetoaceticacid	0	0	0	0	0	1	0	0	FALSE	TRUE	FALSE	FALSE	FALSE	all_na	source_units_field_mz_but_method_comments_describe_nmol_per_g	not described in source metadata	none	no
ST003027	AN004963	targeted LC-MS	negative	ST003027_targeted_LCMS_combined_modes	ST003027_targeted_tissue_shared_32	AN004963__50	N-Acetylserine	nacetylserine	16	16	32	1	1	0	0	0	FALSE	FALSE	FALSE	FALSE	TRUE	pass	source_units_field_mz_but_method_comments_describe_nmol_per_g	not described in source metadata	none	no
ST003027	AN004963	targeted LC-MS	negative	ST003027_targeted_LCMS_combined_modes	ST003027_targeted_tissue_shared_32	AN004963__51	trans-Cinnamic acid	transcinnamicacid	16	16	11	0.375	0.3125	0	21	0	TRUE	FALSE	FALSE	FALSE	TRUE	pass	source_units_field_mz_but_method_comments_describe_nmol_per_g	not described in source metadata	none	no
ST003027	AN004963	targeted LC-MS	negative	ST003027_targeted_LCMS_combined_modes	ST003027_targeted_tissue_shared_32	AN004963__52	Mevalonic acid	mevalonicacid	0	0	0	0	0	1	0	0	FALSE	TRUE	FALSE	FALSE	FALSE	all_na	source_units_field_mz_but_method_comments_describe_nmol_per_g	not described in source metadata	none	no
ST003027	AN004963	targeted LC-MS	negative	ST003027_targeted_LCMS_combined_modes	ST003027_targeted_tissue_shared_32	AN004963__53	Citramalic acid	citramalicacid	16	16	32	1	1	0	0	0	FALSE	FALSE	FALSE	FALSE	TRUE	pass	source_units_field_mz_but_method_comments_describe_nmol_per_g	not described in source metadata	none	no
ST003027	AN004963	targeted LC-MS	negative	ST003027_targeted_LCMS_combined_modes	ST003027_targeted_tissue_shared_32	AN004963__54	3-Hydroxyglutaric acid	3hydroxyglutaricacid	16	16	32	1	1	0	0	0	FALSE	FALSE	FALSE	FALSE	TRUE	pass	source_units_field_mz_but_method_comments_describe_nmol_per_g	not described in source metadata	none	no
ST003027	AN004963	targeted LC-MS	negative	ST003027_targeted_LCMS_combined_modes	ST003027_targeted_tissue_shared_32	AN004963__55	Benzoylformic acid	benzoylformicacid	16	16	0	0	0	0	32	0	TRUE	FALSE	TRUE	TRUE	FALSE	all_zero	source_units_field_mz_but_method_comments_describe_nmol_per_g	not described in source metadata	none	no
ST003027	AN004963	targeted LC-MS	negative	ST003027_targeted_LCMS_combined_modes	ST003027_targeted_tissue_shared_32	AN004963__56	L-Arabinose	larabinose	16	16	32	1	1	0	0	0	FALSE	FALSE	FALSE	FALSE	TRUE	pass	source_units_field_mz_but_method_comments_describe_nmol_per_g	not described in source metadata	none	no
ST003027	AN004963	targeted LC-MS	negative	ST003027_targeted_LCMS_combined_modes	ST003027_targeted_tissue_shared_32	AN004963__57	L-Tartaric acid	ltartaricacid	16	16	17	0.5	0.5625	0	15	0	TRUE	FALSE	FALSE	FALSE	TRUE	pass	source_units_field_mz_but_method_comments_describe_nmol_per_g	not described in source metadata	none	no
ST003027	AN004963	targeted LC-MS	negative	ST003027_targeted_LCMS_combined_modes	ST003027_targeted_tissue_shared_32	AN004963__58	Methyl salicylate	methylsalicylate	16	16	32	1	1	0	0	0	FALSE	FALSE	FALSE	FALSE	TRUE	pass	source_units_field_mz_but_method_comments_describe_nmol_per_g	not described in source metadata	none	no
ST003027	AN004963	targeted LC-MS	negative	ST003027_targeted_LCMS_combined_modes	ST003027_targeted_tissue_shared_32	AN004963__59	2-Hydroxyphenylacetic acid	2hydroxyphenylaceticacid	16	16	2	0.0625	0.0625	0	30	0	TRUE	FALSE	FALSE	FALSE	FALSE	fewer_than_8_positive_values_across_32	source_units_field_mz_but_method_comments_describe_nmol_per_g	not described in source metadata	none	no
ST003027	AN004963	targeted LC-MS	negative	ST003027_targeted_LCMS_combined_modes	ST003027_targeted_tissue_shared_32	AN004963__6	2-Hydroxybutyric acid	2hydroxybutyricacid	16	16	32	1	1	0	0	0	FALSE	FALSE	FALSE	FALSE	TRUE	pass	source_units_field_mz_but_method_comments_describe_nmol_per_g	not described in source metadata	none	no
ST003027	AN004963	targeted LC-MS	negative	ST003027_targeted_LCMS_combined_modes	ST003027_targeted_tissue_shared_32	AN004963__60	3-Methoxybenzoic acid	3methoxybenzoicacid	16	16	2	0	0.125	0	30	0	TRUE	FALSE	FALSE	FALSE	FALSE	fewer_than_8_positive_values_across_32	source_units_field_mz_but_method_comments_describe_nmol_per_g	not described in source metadata	none	no
ST003027	AN004963	targeted LC-MS	negative	ST003027_targeted_LCMS_combined_modes	ST003027_targeted_tissue_shared_32	AN004963__61	Phenoxyacetic acid	phenoxyaceticacid	16	16	10	0.1875	0.4375	0	22	0	TRUE	FALSE	FALSE	FALSE	TRUE	pass	source_units_field_mz_but_method_comments_describe_nmol_per_g	not described in source metadata	none	no
ST003027	AN004963	targeted LC-MS	negative	ST003027_targeted_LCMS_combined_modes	ST003027_targeted_tissue_shared_32	AN004963__62	Mandelic acid	mandelicacid	16	16	0	0	0	0	32	0	TRUE	FALSE	TRUE	TRUE	FALSE	all_zero	source_units_field_mz_but_method_comments_describe_nmol_per_g	not described in source metadata	none	no
ST003027	AN004963	targeted LC-MS	negative	ST003027_targeted_LCMS_combined_modes	ST003027_targeted_tissue_shared_32	AN004963__63	2-Methoxybenzoic acid	2methoxybenzoicacid	0	0	0	0	0	1	0	0	FALSE	TRUE	FALSE	FALSE	FALSE	all_na	source_units_field_mz_but_method_comments_describe_nmol_per_g	not described in source metadata	none	no
ST003027	AN004963	targeted LC-MS	negative	ST003027_targeted_LCMS_combined_modes	ST003027_targeted_tissue_shared_32	AN004963__64	3-Hydroxyanthranilic acid	3hydroxyanthranilicacid	0	0	0	0	0	1	0	0	FALSE	TRUE	FALSE	FALSE	FALSE	all_na	source_units_field_mz_but_method_comments_describe_nmol_per_g	not described in source metadata	none	no
ST003027	AN004963	targeted LC-MS	negative	ST003027_targeted_LCMS_combined_modes	ST003027_targeted_tissue_shared_32	AN004963__65	2,3-Dihydroxybenzoic acid	23dihydroxybenzoicacid	0	0	0	0	0	1	0	0	FALSE	TRUE	FALSE	FALSE	FALSE	all_na	source_units_field_mz_but_method_comments_describe_nmol_per_g	not described in source metadata	none	no
ST003027	AN004963	targeted LC-MS	negative	ST003027_targeted_LCMS_combined_modes	ST003027_targeted_tissue_shared_32	AN004963__66	Gentisic acid	gentisicacid	0	0	0	0	0	1	0	0	FALSE	TRUE	FALSE	FALSE	FALSE	all_na	source_units_field_mz_but_method_comments_describe_nmol_per_g	not described in source metadata	none	no
ST003027	AN004963	targeted LC-MS	negative	ST003027_targeted_LCMS_combined_modes	ST003027_targeted_tissue_shared_32	AN004963__67	2,4-Dihydroxybenzoic acid	24dihydroxybenzoicacid	16	16	22	0.75	0.625	0	10	0	TRUE	FALSE	FALSE	FALSE	TRUE	pass	source_units_field_mz_but_method_comments_describe_nmol_per_g	not described in source metadata	none	no
ST003027	AN004963	targeted LC-MS	negative	ST003027_targeted_LCMS_combined_modes	ST003027_targeted_tissue_shared_32	AN004963__68	3,5-Dihydroxybenzoic acid	35dihydroxybenzoicacid	0	0	0	0	0	1	0	0	FALSE	TRUE	FALSE	FALSE	FALSE	all_na	source_units_field_mz_but_method_comments_describe_nmol_per_g	not described in source metadata	none	no
ST003027	AN004963	targeted LC-MS	negative	ST003027_targeted_LCMS_combined_modes	ST003027_targeted_tissue_shared_32	AN004963__69	Orotic acid	oroticacid	16	16	32	1	1	0	0	0	FALSE	FALSE	FALSE	FALSE	TRUE	pass	source_units_field_mz_but_method_comments_describe_nmol_per_g	not described in source metadata	none	no
ST003027	AN004963	targeted LC-MS	negative	ST003027_targeted_LCMS_combined_modes	ST003027_targeted_tissue_shared_32	AN004963__7	3-Hydroxybutyric acid	3hydroxybutyricacid	16	16	32	1	1	0	0	0	FALSE	FALSE	FALSE	FALSE	TRUE	pass	source_units_field_mz_but_method_comments_describe_nmol_per_g	not described in source metadata	none	no
ST003027	AN004963	targeted LC-MS	negative	ST003027_targeted_LCMS_combined_modes	ST003027_targeted_tissue_shared_32	AN004963__70	2,4-Dihydroxypyrimidine-5-carboxylic acid	24dihydroxypyrimidine5carboxylicacid	0	0	0	0	0	1	0	0	FALSE	TRUE	FALSE	FALSE	FALSE	all_na	source_units_field_mz_but_method_comments_describe_nmol_per_g	not described in source metadata	none	no
ST003027	AN004963	targeted LC-MS	negative	ST003027_targeted_LCMS_combined_modes	ST003027_targeted_tissue_shared_32	AN004963__71	N-Isovaleroylglycine	nisovaleroylglycine	15	16	1	0.0666666666666667	0	0.03125	30	0	TRUE	FALSE	FALSE	FALSE	FALSE	fewer_than_8_positive_values_across_32	source_units_field_mz_but_method_comments_describe_nmol_per_g	not described in source metadata	none	no
ST003027	AN004963	targeted LC-MS	negative	ST003027_targeted_LCMS_combined_modes	ST003027_targeted_tissue_shared_32	AN004963__72	3-Methyladipic acid	3methyladipicacid	0	0	0	0	0	1	0	0	FALSE	TRUE	FALSE	FALSE	FALSE	all_na	source_units_field_mz_but_method_comments_describe_nmol_per_g	not described in source metadata	none	no
ST003027	AN004963	targeted LC-MS	negative	ST003027_targeted_LCMS_combined_modes	ST003027_targeted_tissue_shared_32	AN004963__73	Pimelic acid	pimelicacid	16	16	32	1	1	0	0	0	FALSE	FALSE	FALSE	FALSE	TRUE	pass	source_units_field_mz_but_method_comments_describe_nmol_per_g	not described in source metadata	none	no
ST003027	AN004963	targeted LC-MS	negative	ST003027_targeted_LCMS_combined_modes	ST003027_targeted_tissue_shared_32	AN004963__74	Tryptophol	tryptophol	16	16	2	0.125	0	0	26	4	TRUE	FALSE	FALSE	FALSE	FALSE	fewer_than_8_positive_values_across_32	source_units_field_mz_but_method_comments_describe_nmol_per_g	not described in source metadata	none	no
ST003027	AN004963	targeted LC-MS	negative	ST003027_targeted_LCMS_combined_modes	ST003027_targeted_tissue_shared_32	AN004963__75	3-Hydroxy-3-methylglutaric acid	3hydroxy3methylglutaricacid	16	16	32	1	1	0	0	0	FALSE	FALSE	FALSE	FALSE	TRUE	pass	source_units_field_mz_but_method_comments_describe_nmol_per_g	not described in source metadata	none	no
ST003027	AN004963	targeted LC-MS	negative	ST003027_targeted_LCMS_combined_modes	ST003027_targeted_tissue_shared_32	AN004963__76	2-Hydroxyadipic acid	2hydroxyadipicacid	16	16	32	1	1	0	0	0	FALSE	FALSE	FALSE	FALSE	TRUE	pass	source_units_field_mz_but_method_comments_describe_nmol_per_g	not described in source metadata	none	no
ST003027	AN004963	targeted LC-MS	negative	ST003027_targeted_LCMS_combined_modes	ST003027_targeted_tissue_shared_32	AN004963__77	Acetylcysteine	acetylcysteine	16	16	32	1	1	0	0	0	FALSE	FALSE	FALSE	FALSE	TRUE	pass	source_units_field_mz_but_method_comments_describe_nmol_per_g	not described in source metadata	none	no
ST003027	AN004963	targeted LC-MS	negative	ST003027_targeted_LCMS_combined_modes	ST003027_targeted_tissue_shared_32	AN004963__78	Phenylpyruvic acid	phenylpyruvicacid	16	16	32	1	1	0	0	0	FALSE	FALSE	FALSE	FALSE	TRUE	pass	source_units_field_mz_but_method_comments_describe_nmol_per_g	not described in source metadata	none	no
ST003027	AN004963	targeted LC-MS	negative	ST003027_targeted_LCMS_combined_modes	ST003027_targeted_tissue_shared_32	AN004963__79	L-Rhamnose	lrhamnose	16	16	29	0.875	0.9375	0	3	0	TRUE	FALSE	FALSE	FALSE	TRUE	pass	source_units_field_mz_but_method_comments_describe_nmol_per_g	not described in source metadata	none	no
ST003027	AN004963	targeted LC-MS	negative	ST003027_targeted_LCMS_combined_modes	ST003027_targeted_tissue_shared_32	AN004963__8	3-Hydroxyisobutyric acid	3hydroxyisobutyricacid	16	16	32	1	1	0	0	0	FALSE	FALSE	FALSE	FALSE	TRUE	pass	source_units_field_mz_but_method_comments_describe_nmol_per_g	not described in source metadata	none	no
ST003027	AN004963	targeted LC-MS	negative	ST003027_targeted_LCMS_combined_modes	ST003027_targeted_tissue_shared_32	AN004963__80	1,5-Anhydro-D-Glucitol	15anhydrodglucitol	16	16	32	1	1	0	0	0	FALSE	FALSE	FALSE	FALSE	TRUE	pass	source_units_field_mz_but_method_comments_describe_nmol_per_g	not described in source metadata	none	no
ST003027	AN004963	targeted LC-MS	negative	ST003027_targeted_LCMS_combined_modes	ST003027_targeted_tissue_shared_32	AN004963__81	3-Methylxanthine	3methylxanthine	16	16	24	0.75	0.75	0	8	0	TRUE	FALSE	FALSE	FALSE	TRUE	pass	source_units_field_mz_but_method_comments_describe_nmol_per_g	not described in source metadata	none	no
ST003027	AN004963	targeted LC-MS	negative	ST003027_targeted_LCMS_combined_modes	ST003027_targeted_tissue_shared_32	AN004963__82	Atrolactic acid	atrolacticacid	0	0	0	0	0	1	0	0	FALSE	TRUE	FALSE	FALSE	FALSE	all_na	source_units_field_mz_but_method_comments_describe_nmol_per_g	not described in source metadata	none	no
ST003027	AN004963	targeted LC-MS	negative	ST003027_targeted_LCMS_combined_modes	ST003027_targeted_tissue_shared_32	AN004963__83	3-(3-Hydroxyphenyl)propanoic acid	33hydroxyphenylpropanoicacid	0	0	0	0	0	1	0	0	FALSE	TRUE	FALSE	FALSE	FALSE	all_na	source_units_field_mz_but_method_comments_describe_nmol_per_g	not described in source metadata	none	no
ST003027	AN004963	targeted LC-MS	negative	ST003027_targeted_LCMS_combined_modes	ST003027_targeted_tissue_shared_32	AN004963__84	Desaminotyrosine	desaminotyrosine	16	16	10	0.3125	0.3125	0	9	13	TRUE	FALSE	FALSE	FALSE	TRUE	pass	source_units_field_mz_but_method_comments_describe_nmol_per_g	not described in source metadata	none	no
ST003027	AN004963	targeted LC-MS	negative	ST003027_targeted_LCMS_combined_modes	ST003027_targeted_tissue_shared_32	AN004963__85	Terephthalic acid	terephthalicacid	16	16	32	1	1	0	0	0	FALSE	FALSE	FALSE	FALSE	TRUE	pass	source_units_field_mz_but_method_comments_describe_nmol_per_g	not described in source metadata	none	no
ST003027	AN004963	targeted LC-MS	negative	ST003027_targeted_LCMS_combined_modes	ST003027_targeted_tissue_shared_32	AN004963__86	Quinolinic acid	quinolinicacid	16	16	32	1	1	0	0	0	FALSE	FALSE	FALSE	FALSE	TRUE	pass	source_units_field_mz_but_method_comments_describe_nmol_per_g	not described in source metadata	none	no
ST003027	AN004963	targeted LC-MS	negative	ST003027_targeted_LCMS_combined_modes	ST003027_targeted_tissue_shared_32	AN004963__87	4-(Methylthio)benzoic acid	4methylthiobenzoicacid	0	0	0	0	0	1	0	0	FALSE	TRUE	FALSE	FALSE	FALSE	all_na	source_units_field_mz_but_method_comments_describe_nmol_per_g	not described in source metadata	none	no
ST003027	AN004963	targeted LC-MS	negative	ST003027_targeted_LCMS_combined_modes	ST003027_targeted_tissue_shared_32	AN004963__88	Orsellinic acid	orsellinicacid	0	0	0	0	0	1	0	0	FALSE	TRUE	FALSE	FALSE	FALSE	all_na	source_units_field_mz_but_method_comments_describe_nmol_per_g	not described in source metadata	none	no
ST003027	AN004963	targeted LC-MS	negative	ST003027_targeted_LCMS_combined_modes	ST003027_targeted_tissue_shared_32	AN004963__89	Homogentisic acid	homogentisicacid	0	0	0	0	0	1	0	0	FALSE	TRUE	FALSE	FALSE	FALSE	all_na	source_units_field_mz_but_method_comments_describe_nmol_per_g	not described in source metadata	none	no
ST003027	AN004963	targeted LC-MS	negative	ST003027_targeted_LCMS_combined_modes	ST003027_targeted_tissue_shared_32	AN004963__9	Glyceric acid	glycericacid	16	16	32	1	1	0	0	0	FALSE	FALSE	FALSE	FALSE	TRUE	pass	source_units_field_mz_but_method_comments_describe_nmol_per_g	not described in source metadata	none	no
ST003027	AN004963	targeted LC-MS	negative	ST003027_targeted_LCMS_combined_modes	ST003027_targeted_tissue_shared_32	AN004963__90	p-Hydroxymandelic acid	phydroxymandelicacid	0	0	0	0	0	1	0	0	FALSE	TRUE	FALSE	FALSE	FALSE	all_na	source_units_field_mz_but_method_comments_describe_nmol_per_g	not described in source metadata	none	no
ST003027	AN004963	targeted LC-MS	negative	ST003027_targeted_LCMS_combined_modes	ST003027_targeted_tissue_shared_32	AN004963__91	Uric acid	uricacid	16	16	32	1	1	0	0	0	FALSE	FALSE	FALSE	FALSE	TRUE	pass	source_units_field_mz_but_method_comments_describe_nmol_per_g	not described in source metadata	none	no
ST003027	AN004963	targeted LC-MS	negative	ST003027_targeted_LCMS_combined_modes	ST003027_targeted_tissue_shared_32	AN004963__92	Phosphoenolpyruvic acid	phosphoenolpyruvicacid	16	16	32	1	1	0	0	0	FALSE	FALSE	FALSE	FALSE	TRUE	pass	source_units_field_mz_but_method_comments_describe_nmol_per_g	not described in source metadata	none	no
ST003027	AN004963	targeted LC-MS	negative	ST003027_targeted_LCMS_combined_modes	ST003027_targeted_tissue_shared_32	AN004963__93	Cysteic Acid	cysteicacid	16	16	32	1	1	0	0	0	FALSE	FALSE	FALSE	FALSE	TRUE	pass	source_units_field_mz_but_method_comments_describe_nmol_per_g	not described in source metadata	none	no
ST003027	AN004963	targeted LC-MS	negative	ST003027_targeted_LCMS_combined_modes	ST003027_targeted_tissue_shared_32	AN004963__94	Gallic acid	gallicacid	0	0	0	0	0	1	0	0	FALSE	TRUE	FALSE	FALSE	FALSE	all_na	source_units_field_mz_but_method_comments_describe_nmol_per_g	not described in source metadata	none	no
ST003027	AN004963	targeted LC-MS	negative	ST003027_targeted_LCMS_combined_modes	ST003027_targeted_tissue_shared_32	AN004963__95	Glycerophosphoric acid	glycerophosphoricacid	16	16	32	1	1	0	0	0	FALSE	FALSE	FALSE	FALSE	TRUE	pass	source_units_field_mz_but_method_comments_describe_nmol_per_g	not described in source metadata	none	no
ST003027	AN004963	targeted LC-MS	negative	ST003027_targeted_LCMS_combined_modes	ST003027_targeted_tissue_shared_32	AN004963__96	Suberic acid	subericacid	16	16	32	1	1	0	0	0	FALSE	FALSE	FALSE	FALSE	TRUE	pass	source_units_field_mz_but_method_comments_describe_nmol_per_g	not described in source metadata	none	no
ST003027	AN004963	targeted LC-MS	negative	ST003027_targeted_LCMS_combined_modes	ST003027_targeted_tissue_shared_32	AN004963__97	Formiminoglutamic acid	formiminoglutamicacid	16	16	21	0.6875	0.625	0	11	0	TRUE	FALSE	FALSE	FALSE	TRUE	pass	source_units_field_mz_but_method_comments_describe_nmol_per_g	not described in source metadata	none	no
ST003027	AN004963	targeted LC-MS	negative	ST003027_targeted_LCMS_combined_modes	ST003027_targeted_tissue_shared_32	AN004963__98	cis-Aconitic acid	cisaconiticacid	16	16	32	1	1	0	0	0	FALSE	FALSE	FALSE	FALSE	TRUE	pass	source_units_field_mz_but_method_comments_describe_nmol_per_g	not described in source metadata	none	no
ST003027	AN004963	targeted LC-MS	negative	ST003027_targeted_LCMS_combined_modes	ST003027_targeted_tissue_shared_32	AN004963__99	N-Acetyl-L-aspartic acid	nacetyllasparticacid	16	16	32	1	1	0	0	0	FALSE	FALSE	FALSE	FALSE	TRUE	pass	source_units_field_mz_but_method_comments_describe_nmol_per_g	not described in source metadata	none	no
