analysis_id	feature_id	study_id	platform	ion_mode	evidence_family	within_analysis_evidence_unit	metabolite_name	normalized_name_key	cas	molecular_formula	quantitated_mz	hmdb_id	kegg_id	pubchem_id	annotation_identity_status	internal_standard	source_annotation_ion_mode	precursor_mz	product_mz	n_escc_nonmissing	n_normal_nonmissing	positive_count_total	positive_detection_rate_escc	positive_detection_rate_normal	detection_rate_difference	zero_count_all	negative_count_all	censoring_sensitive	detection_fisher_p	positive_abundance_n_escc	positive_abundance_n_normal	positive_abundance_wilcoxon_w	positive_abundance_rank_biserial	positive_abundance_wilcoxon_p	raw_mean_escc	raw_mean_normal	raw_median_escc	raw_median_normal	primary_transform	primary_asinh_cofactor	limma_effect_transformed	limma_effect_scale	limma_ci95_low	limma_ci95_high	limma_t	limma_p	limma_q_analysis	wilcoxon_w	wilcoxon_rank_biserial	wilcoxon_p	source_unit_conflict	source_upstream_imputation	additional_imputation_by_this_script	nonpositive_value_semantics	absolute_concentration_claim_allowed	primary_design	paired_model_used_as_primary	host_multiomics_sample_level_link_allowed	limma_q_evidence_family	wilcoxon_q_evidence_family	detection_fisher_q_evidence_family	positive_abundance_wilcoxon_q_evidence_family	wilcoxon_q_analysis	direction	wilcoxon_direction	positive_abundance_direction	direction_concordant	positive_abundance_direction_concordant	run_order_sensitivity_effect	run_order_sensitivity_p	run_order_sensitivity_q_evidence_family	run_order_sensitivity_direction	run_order_perfect_group_block	run_order_rank_group_correlation	paired_sensitivity_effect	paired_sensitivity_p	paired_sensitivity_q_evidence_family	paired_sensitivity_direction	paired_sensitivity_estimable	paired_sensitivity_complete_candidate_pairs	scale_sensitivity_min_q	scale_sensitivity_max_q	scale_sensitivity_all_q05	scale_sensitivity_all_q10	scale_sensitivity_direction_stable	run_order_sensitivity_direction_concordant	paired_sensitivity_direction_concordant	detection_driven	primary_candidate_tier	robust_lc_upgrade	final_candidate_tier	conditional_reason	candidate_rank
AN004960	AN004960__6	ST003025	targeted GC-MS	GC-EI positive	ST003025_targeted_GCMS	ST003025_targeted_tissue_32	Valeric acid	valericacid	109-52-4	C5H10O2	102.13	HMDB0000892	C00803	7991	source_identifier_present_unverified					16	16	32	1	1	0	0	0	FALSE	1	16	16	204	0.59375	0.00417509526593007	4557.25	1350.5625	2005	1182.5	log2		1.1241000431792	log2 difference: Early_stage_ESCC minus Normal_tissue	0.395786713765234	1.85241337259316	3.14636650535664	0.00360882432473827	0.0221721916148662	204	0.59375	0.00417509526593007	source_units_field_mz_but_method_comments_describe_ug_per_g	author-processed matrix includes minimum_x_random_0.1_to_0.5 imputation; seed and imputed cells unavailable	none	source author-processed positive values used	no	unpaired	no	no	0.0221721916148662	0.0229630239626154	1	0.0229630239626154	0.0229630239626154	higher_in_early_ESCC	higher_in_early_ESCC	higher_in_early_ESCC	TRUE	TRUE	-1.3991632089292	0.00857071691703739	0.0942778860874113	lower_in_early_ESCC	TRUE	-0.866448577718212	1.12410004317921	0.000257124876349499	0.0019984859010868	higher_in_early_ESCC	TRUE	16						FALSE	TRUE	FALSE	limma_fdr_strong	FALSE	run_order_confounded_conditional	GC disease group is confounded with acquisition block; source matrix also contains unreconstructable random imputation	1
AN004960	AN004960__7	ST003025	targeted GC-MS	GC-EI positive	ST003025_targeted_GCMS	ST003025_targeted_tissue_32	Hexanoic acid	hexanoicacid	142-62-1	C6H12O2	116.16	HMDB0000535	C01585	8892	source_identifier_present_unverified					16	16	32	1	1	0	0	0	FALSE	1	16	16	199	0.5546875	0.00745259474040894	14228.5	7556	12898.5	5448	log2		0.943001449074108	log2 difference: Early_stage_ESCC minus Normal_tissue	0.304341767579531	1.58166113056869	3.00999285068971	0.00512194215175022	0.0221721916148662	199	0.5546875	0.00745259474040894	source_units_field_mz_but_method_comments_describe_ug_per_g	author-processed matrix includes minimum_x_random_0.1_to_0.5 imputation; seed and imputed cells unavailable	none	source author-processed positive values used	no	unpaired	no	no	0.0221721916148662	0.0273261807148328	1	0.0273261807148328	0.0273261807148328	higher_in_early_ESCC	higher_in_early_ESCC	higher_in_early_ESCC	TRUE	TRUE	0.436523153631488	0.491688317478459	0.676071436532882	higher_in_early_ESCC	TRUE	-0.866448577718212	0.943001449074114	0.00386349212049403	0.0106246033313586	higher_in_early_ESCC	TRUE	16						TRUE	TRUE	FALSE	limma_fdr_strong	FALSE	run_order_confounded_conditional	GC disease group is confounded with acquisition block; source matrix also contains unreconstructable random imputation	2
AN004960	AN004960__4	ST003025	targeted GC-MS	GC-EI positive	ST003025_targeted_GCMS	ST003025_targeted_tissue_32	Butyric acid	butyricacid	107-92-6	C4H8O2	88.11	HMDB0000039	C00246	264	source_identifier_present_unverified					16	16	32	1	1	0	0	0	FALSE	1	16	16	211	0.6484375	0.00175892306390857	40668.875	3792.8125	3510.5	1637.5	log2		1.98390109714747	log2 difference: Early_stage_ESCC minus Normal_tissue	0.610374596309205	3.35742759798574	2.94445945509882	0.00604696134950896	0.0221721916148662	211	0.6484375	0.00175892306390857	source_units_field_mz_but_method_comments_describe_ug_per_g	author-processed matrix includes minimum_x_random_0.1_to_0.5 imputation; seed and imputed cells unavailable	none	source author-processed positive values used	no	unpaired	no	no	0.0221721916148662	0.0193481537029943	1	0.0193481537029943	0.0193481537029943	higher_in_early_ESCC	higher_in_early_ESCC	higher_in_early_ESCC	TRUE	TRUE	-1.56918896610599	0.181954881466038	0.333583949354403	lower_in_early_ESCC	TRUE	-0.866448577718212	1.98390109714747	0.000363361072924873	0.0019984859010868	higher_in_early_ESCC	TRUE	16						FALSE	TRUE	FALSE	limma_fdr_strong	FALSE	run_order_confounded_conditional	GC disease group is confounded with acquisition block; source matrix also contains unreconstructable random imputation	3
AN004960	AN004960__5	ST003025	targeted GC-MS	GC-EI positive	ST003025_targeted_GCMS	ST003025_targeted_tissue_32	Isovaleric acid	isovalericacid	503-74-2	C5H10O2	102.12	HMDB0000718	C08262	10430	source_identifier_present_unverified					16	16	32	1	1	0	0	0	FALSE	1	16	16	181	0.4140625	0.0457695208137257	6306.9375	1123.875	1244	765.5	log2		1.27448249470817	log2 difference: Early_stage_ESCC minus Normal_tissue	0.217247373607027	2.3317176158093	2.4574511689066	0.0197156665112104	0.0542180829058286	181	0.4140625	0.0457695208137257	source_units_field_mz_but_method_comments_describe_ug_per_g	author-processed matrix includes minimum_x_random_0.1_to_0.5 imputation; seed and imputed cells unavailable	none	source author-processed positive values used	no	unpaired	no	no	0.0542180829058286	0.100692945790196	1	0.100692945790196	0.100692945790196	higher_in_early_ESCC	higher_in_early_ESCC	higher_in_early_ESCC	TRUE	TRUE	-1.77326519581249	0.0427219655421614	0.140437367488569	lower_in_early_ESCC	TRUE	-0.866448577718212	1.27448249470817	0.00272474164667473	0.00999071937114067	higher_in_early_ESCC	TRUE	16						FALSE	TRUE	FALSE	limma_fdr_exploratory	FALSE	run_order_confounded_conditional	GC disease group is confounded with acquisition block; source matrix also contains unreconstructable random imputation	4
AN004962	AN004962__95	ST003027	targeted LC-MS	positive	ST003027_targeted_LCMS_combined_modes	ST003027_targeted_tissue_shared_32	Cystamine	cystamine							source_label_unmapped	IS-pos06_TMAO-d9-1	Positive	153.04	76	16	16	13	0.75	0.0625	0.6875	19	0	TRUE	0.000170882300785091	12	1				0.0337156875	0.002697375	0.0442755	0	asinh	1	0.0310077636594256	asinh(x*1) difference: Early_stage_ESCC minus Normal_tissue	0.0191043201624337	0.0429112071564174	5.31572421646744	9.02843878899079e-06	0.000123237499476181	220	0.71875	9.67888868130817e-05	source_units_field_mz_but_method_comments_describe_nmol_per_g	not described in source metadata	none	source zero/negative values retained in primary asinh; detection/censoring flags and positive-only abundance sensitivity reported	no	unpaired	no	no	0.000167079299972093	0.00131628237099632	0.0548532185520142		0.000934929534539441	higher_in_early_ESCC	higher_in_early_ESCC		TRUE		0.0300927101708591	1.70758994718818e-05	0.000274068186523703	higher_in_early_ESCC	FALSE	-0.142151719781894	0.0310077636594255	2.98932932149828e-05	0.000602967932371042	higher_in_early_ESCC	TRUE	16	7.55970021252466e-05	0.000224225639919522	TRUE	TRUE	TRUE	TRUE	TRUE	TRUE	limma_fdr_strong	FALSE	conditional_fdr	detection/censoring component is not supported by positive-only abundance sensitivity	1
AN004962	AN004962__184	ST003027	targeted LC-MS	positive	ST003027_targeted_LCMS_combined_modes	ST003027_targeted_tissue_shared_32	L-Cystathionine	lcystathionine							source_label_unmapped	IS-neg02_Glu-13C5-N15-1	Positive	223.07	134	16	16	32	1	1	0	0	0	FALSE	1	16	16	227	0.7734375	0.00019056766773784	4.5895355625	0.2908550625	2.2007845	0.202773	asinh	1	1.28666424004872	asinh(x*1) difference: Early_stage_ESCC minus Normal_tissue	0.689930318672208	1.88339816142522	4.40058447332712	0.000122229472820365	0.000870884993845098	227	0.7734375	0.00019056766773784	source_units_field_mz_but_method_comments_describe_nmol_per_g	not described in source metadata	none	source zero/negative values retained in primary asinh; detection/censoring flags and positive-only abundance sensitivity reported	no	unpaired	no	no	0.00112101887929534	0.00185370367708626	1	0.00206995914956619	0.00135779463263211	higher_in_early_ESCC	higher_in_early_ESCC	higher_in_early_ESCC	TRUE	TRUE	1.28023145779686	0.000189298188148576	0.00159907153672876	higher_in_early_ESCC	FALSE	-0.142151719781894	1.28666424004872	0.000484548160223644	0.00361720835887883	higher_in_early_ESCC	TRUE	16	0.000290018086105421	0.0540935065747392	FALSE	TRUE	TRUE	TRUE	TRUE	FALSE	limma_fdr_strong	FALSE	conditional_fdr	asinh scale sensitivity does not remain family q<=0.05 at all seven scales	2
AN004963	AN004963__135	ST003027	targeted LC-MS	negative	ST003027_targeted_LCMS_combined_modes	ST003027_targeted_tissue_shared_32	D-Glucuronic Acid	dglucuronicacid							source_label_unmapped	IS-neg02_Glu-13C5-N15-1	Negative	193	73	16	16	27	0.9375	0.75	0.1875	5	0	TRUE	0.332591768631813	15	12	162	0.8	0.00044267698634326	0.588484375	0.2232623125	0.485131	0.283734	asinh	1	0.314290184195286	asinh(x*1) difference: Early_stage_ESCC minus Normal_tissue	0.144057888836169	0.484522479554403	3.76770659362404	0.000705267758708001	0.00622295081212942	224	0.75	0.000289200930682076	source_units_field_mz_but_method_comments_describe_nmol_per_g	not described in source metadata	none	source zero/negative values retained in primary asinh; detection/censoring flags and positive-only abundance sensitivity reported	no	unpaired	no	no	0.00443903824598565	0.00216479708920747	1	0.00342366228922364	0.0030985814001651	higher_in_early_ESCC	higher_in_early_ESCC	higher_in_early_ESCC	TRUE	TRUE	0.312215223724395	0.00101821960892548	0.00605274989750148	higher_in_early_ESCC	FALSE	-0.142151719781894	0.314290184195286	0.00131786079244587	0.0070505552395854	higher_in_early_ESCC	TRUE	16	0.00443903824598565	0.0951278067022264	FALSE	TRUE	TRUE	TRUE	TRUE	FALSE	limma_fdr_strong	FALSE	conditional_fdr	asinh scale sensitivity does not remain family q<=0.05 at all seven scales	3
AN004963	AN004963__221	ST003027	targeted LC-MS	negative	ST003027_targeted_LCMS_combined_modes	ST003027_targeted_tissue_shared_32	Maltotetraose	maltotetraose							source_label_unmapped	IS-neg05_Suc-2233-d4-1	Negative	665.21	341.08	16	16	32	1	1	0	0	0	FALSE	1	16	16	38	-0.703125	0.000693837750899344	6.7116	10.9184778125	2.508547	7.780975	asinh	1	-0.960538373730961	asinh(x*1) difference: Early_stage_ESCC minus Normal_tissue	-1.49700337556743	-0.424073371894488	-3.65406653415192	0.000960997174848163	0.00746828581234697	38	-0.703125	0.000693837750899344	source_units_field_mz_but_method_comments_describe_nmol_per_g	not described in source metadata	none	source zero/negative values retained in primary asinh; detection/censoring flags and positive-only abundance sensitivity reported	no	unpaired	no	no	0.005608728965932	0.00377494776336778	1	0.00412375267043967	0.00473071193795027	lower_in_early_ESCC	lower_in_early_ESCC	lower_in_early_ESCC	TRUE	TRUE	-0.967214355612322	0.00120077957687217	0.00700818625774485	lower_in_early_ESCC	FALSE	-0.142151719781894	-0.96053837373096	5.54134365482644e-05	0.000988206285110715	lower_in_early_ESCC	TRUE	16	0.00361649481755047	0.422218949929348	FALSE	FALSE	TRUE	TRUE	TRUE	FALSE	limma_fdr_strong	FALSE	conditional_fdr	asinh scale sensitivity does not remain family q<=0.05 at all seven scales	4
AN004962	AN004962__244	ST003027	targeted LC-MS	positive	ST003027_targeted_LCMS_combined_modes	ST003027_targeted_tissue_shared_32	Thiamine monophosphate	thiaminemonophosphate							source_label_unmapped	IS-pos03_GABA-d6-1	Positive	345	224	16	16	30	1	0.875	0.125	2	0	TRUE	0.483870967741936	16	14	181	0.616071428571429	0.00412595419825235	0.0612673125	0.0363359375	0.059714	0.0353695	asinh	1	0.0248925240918316	asinh(x*1) difference: Early_stage_ESCC minus Normal_tissue	0.010841610026353	0.0389434381573102	3.61517203935905	0.001065032120454	0.00492217547561171	213	0.6640625	0.00135602325337758	source_units_field_mz_but_method_comments_describe_nmol_per_g	not described in source metadata	none	source zero/negative values retained in primary asinh; detection/censoring flags and positive-only abundance sensitivity reported	no	unpaired	no	no	0.00599781246781988	0.00588821050527993	1	0.0140026131273664	0.00493865021102984	higher_in_early_ESCC	higher_in_early_ESCC	higher_in_early_ESCC	TRUE	TRUE	0.0257604148525078	0.000904485972157954	0.00580679994125407	higher_in_early_ESCC	FALSE	-0.142151719781894	0.0248925240918316	0.00026020287597747	0.00244181562901148	higher_in_early_ESCC	TRUE	16	0.00458968988658634	0.0610373245419388	FALSE	TRUE	TRUE	TRUE	TRUE	FALSE	limma_fdr_strong	FALSE	conditional_fdr	asinh scale sensitivity does not remain family q<=0.05 at all seven scales	5
AN004962	AN004962__108	ST003027	targeted LC-MS	positive	ST003027_targeted_LCMS_combined_modes	ST003027_targeted_tissue_shared_32	L-2-Aminoadipic?Acid	l2aminoadipicacid							source_label_uncertain_unmapped	IS-pos02_GlU-13C5-N15-1	Positive	162.08	98.1	16	16	32	1	1	0	0	0	FALSE	1	16	16	51	-0.6015625	0.00370733279014368	21.66511625	39.18331375	14.964469	33.7071065	asinh	1	-0.752372275672723	asinh(x*1) difference: Early_stage_ESCC minus Normal_tissue	-1.23595930467549	-0.268785246669956	-3.17529440044839	0.00341345005895989	0.0122523932927207	51	-0.6015625	0.00370733279014368	source_units_field_mz_but_method_comments_describe_nmol_per_g	not described in source metadata	none	source zero/negative values retained in primary asinh; detection/censoring flags and positive-only abundance sensitivity reported	no	unpaired	no	no	0.0143377288565535	0.0129353676699578	1	0.0131214587516321	0.0109302397778374	lower_in_early_ESCC	lower_in_early_ESCC	lower_in_early_ESCC	TRUE	TRUE	-0.738783359898018	0.00488581888534984	0.0206361560815434	lower_in_early_ESCC	FALSE	-0.142151719781894	-0.752372275672723	0.0107363686489225	0.0362776245926751	lower_in_early_ESCC	TRUE	16	0.0110792824496416	0.0557667381636461	FALSE	TRUE	TRUE	TRUE	TRUE	FALSE	limma_fdr_strong	FALSE	conditional_fdr	asinh scale sensitivity does not remain family q<=0.05 at all seven scales	6
AN004963	AN004963__78	ST003027	targeted LC-MS	negative	ST003027_targeted_LCMS_combined_modes	ST003027_targeted_tissue_shared_32	Phenylpyruvic acid	phenylpyruvicacid							source_label_unmapped	IS-neg03_Anthranilic acid-(phenyl-13C6)-1	Negative	163	91	16	16	32	1	1	0	0	0	FALSE	1	16	16	218	0.703125	0.000693837750899373	0.049582625	0.015276	0.0431065	0.013375	asinh	1	0.0342522406311994	asinh(x*1) difference: Early_stage_ESCC minus Normal_tissue	0.0111473945917898	0.057357086670609	3.01969014424787	0.00493964665996491	0.0246982332998245	218	0.703125	0.000693837750899373	source_units_field_mz_but_method_comments_describe_nmol_per_g	not described in source metadata	none	source zero/negative values retained in primary asinh; detection/censoring flags and positive-only abundance sensitivity reported	no	unpaired	no	no	0.0191039346728763	0.00377494776336778	1	0.00412375267043967	0.00473071193795027	higher_in_early_ESCC	higher_in_early_ESCC	higher_in_early_ESCC	TRUE	TRUE	0.0331577575594511	0.00714123349326678	0.0269686582510428	higher_in_early_ESCC	FALSE	-0.142151719781894	0.0342522406311994	0.00930434458836774	0.0328208199216049	higher_in_early_ESCC	TRUE	16	0.000400433678756924	0.140647121246297	FALSE	FALSE	TRUE	TRUE	TRUE	FALSE	limma_fdr_strong	FALSE	conditional_fdr	asinh scale sensitivity does not remain family q<=0.05 at all seven scales	7
AN004963	AN004963__126	ST003027	targeted LC-MS	negative	ST003027_targeted_LCMS_combined_modes	ST003027_targeted_tissue_shared_32	N-Acetyl-L-glutamic acid	nacetyllglutamicacid							source_label_unmapped	IS-neg05_Suc-2233-d4-1	Negative	188.06	102.05	16	16	32	1	1	0	0	0	FALSE	1	16	16	218	0.703125	0.000693837750899373	0.1728788125	0.114434	0.167593	0.101492	asinh	1	0.057864981397209	asinh(x*1) difference: Early_stage_ESCC minus Normal_tissue	0.0185639284635718	0.0971660343308462	2.99908038186758	0.00520685476563179	0.0251944585433796	218	0.703125	0.000693837750899373	source_units_field_mz_but_method_comments_describe_nmol_per_g	not described in source metadata	none	source zero/negative values retained in primary asinh; detection/censoring flags and positive-only abundance sensitivity reported	no	unpaired	no	no	0.0198976235686643	0.00377494776336778	1	0.00412375267043967	0.00473071193795027	higher_in_early_ESCC	higher_in_early_ESCC	higher_in_early_ESCC	TRUE	TRUE	0.0518244507473859	0.00788342933249873	0.0294253583224662	higher_in_early_ESCC	FALSE	-0.142151719781894	0.057864981397209	0.0128045386064165	0.0410476678880496	higher_in_early_ESCC	TRUE	16	0.00391219700656962	0.0576218530390899	FALSE	TRUE	TRUE	TRUE	TRUE	FALSE	limma_fdr_strong	FALSE	conditional_fdr	asinh scale sensitivity does not remain family q<=0.05 at all seven scales	8
AN004963	AN004963__179	ST003027	targeted LC-MS	negative	ST003027_targeted_LCMS_combined_modes	ST003027_targeted_tissue_shared_32	Cyclic guanosine monophosphate	cyclicguanosinemonophosphate							source_label_unmapped	IS-neg05_Suc-2233-d4-1	Negative	344	150	16	16	30	0.875	1	-0.125	2	0	TRUE	0.483870967741936	14	16	5	-0.955357142857143	8.66538400858013e-06	0.0036088125	0.031441375	0.002445	0.020751	asinh	1	-0.0278119028361992	asinh(x*1) difference: Early_stage_ESCC minus Normal_tissue	-0.0481315249364785	-0.00749228073591999	-2.78799217642088	0.00885164573633659	0.0390513782485438	5	-0.9609375	3.54938154732256e-06	source_units_field_mz_but_method_comments_describe_nmol_per_g	not described in source metadata	none	source zero/negative values retained in primary asinh; detection/censoring flags and positive-only abundance sensitivity reported	no	unpaired	no	no	0.0313878904943354	0.000465233107896701	1	0.000456537161954707	0.000457982681928426	lower_in_early_ESCC	lower_in_early_ESCC	lower_in_early_ESCC	TRUE	TRUE	-0.0275277357020446	0.0110003172824596	0.0379688370717153	lower_in_early_ESCC	FALSE	-0.142151719781894	-0.0278119028361993	0.0171030053172752	0.0513090159518257	lower_in_early_ESCC	TRUE	16	5.60836358825234e-07	0.223797468681102	FALSE	FALSE	TRUE	TRUE	TRUE	FALSE	limma_fdr_strong	FALSE	conditional_fdr	asinh scale sensitivity does not remain family q<=0.05 at all seven scales	9
AN004962	AN004962__141	ST003027	targeted LC-MS	positive	ST003027_targeted_LCMS_combined_modes	ST003027_targeted_tissue_shared_32	Sorbitol	sorbitol							source_label_unmapped	IS-pos06_TMAO-d9-1	Positive	183	129	16	16	32	1	1	0	0	0	FALSE	1	16	16	190	0.484375	0.019454116265238	2.0796904375	0.8894301875	1.376464	0.876605	asinh	1	0.510824964892487	asinh(x*1) difference: Early_stage_ESCC minus Normal_tissue	0.137801245797952	0.883848683987021	2.79486942934772	0.00889812471957794	0.0266943741587338	190	0.484375	0.019454116265238	source_units_field_mz_but_method_comments_describe_nmol_per_g	not described in source metadata	none	source zero/negative values retained in primary asinh; detection/censoring flags and positive-only abundance sensitivity reported	no	unpaired	no	no	0.0313878904943354	0.0524770699255579	1	0.0502298903569669	0.0482123750921115	higher_in_early_ESCC	higher_in_early_ESCC	higher_in_early_ESCC	TRUE	TRUE	0.522367606626111	0.00912375811721285	0.0325414039513925	higher_in_early_ESCC	FALSE	-0.142151719781894	0.510824964892487	0.00922409470461915	0.0328208199216049	higher_in_early_ESCC	TRUE	16	0.0313878904943354	0.0437886446917539	TRUE	TRUE	TRUE	TRUE	TRUE	FALSE	limma_fdr_strong	FALSE	conditional_fdr	scale-invariant Wilcoxon does not reach family q<=0.05	10
AN004963	AN004963__184	ST003027	targeted LC-MS	negative	ST003027_targeted_LCMS_combined_modes	ST003027_targeted_tissue_shared_32	Guanosine-5'-monophosphate	guanosine5monophosphate							source_label_unmapped	IS-neg05_Suc-2233-d4-1	Negative	362	211	16	16	31	1	0.9375	0.0625	1	0	TRUE	1	16	15	185	0.541666666666667	0.0101889315567745	2.7328440625	1.455487	2.860357	1.1182795	asinh	1	0.536890442037683	asinh(x*1) difference: Early_stage_ESCC minus Normal_tissue	0.140541762587443	0.933239121487923	2.76446682534716	0.00957956532042817	0.0406558372434415	201	0.5703125	0.0059360881788797	source_units_field_mz_but_method_comments_describe_nmol_per_g	not described in source metadata	none	source zero/negative values retained in primary asinh; detection/censoring flags and positive-only abundance sensitivity reported	no	unpaired	no	no	0.0334243529114939	0.0192473162163678	1	0.0294450774347152	0.0227646250326474	higher_in_early_ESCC	higher_in_early_ESCC	higher_in_early_ESCC	TRUE	TRUE	0.522888115016934	0.0133689812370454	0.0442416801762018	higher_in_early_ESCC	FALSE	-0.142151719781894	0.536890442037683	0.0245511068469952	0.0673581649391921	higher_in_early_ESCC	TRUE	16	0.0234458410366554	0.231973625625487	FALSE	FALSE	TRUE	TRUE	TRUE	FALSE	limma_fdr_strong	FALSE	conditional_fdr	asinh scale sensitivity does not remain family q<=0.05 at all seven scales	11
AN004963	AN004963__171	ST003027	targeted LC-MS	negative	ST003027_targeted_LCMS_combined_modes	ST003027_targeted_tissue_shared_32	Thymidine-5'-phosphate	thymidine5phosphate							source_label_unmapped	IS-neg05_Suc-2233-d4-1	Negative	321	195	16	16	25	0.9375	0.625	0.3125	7	0	TRUE	0.0829316524533432	15	10	132	0.76	0.0015680199698016	0.035370125	0.005791625	0.0266125	0.005611	asinh	1	0.0295506077799324	asinh(x*1) difference: Early_stage_ESCC minus Normal_tissue	0.0076461711775144	0.0514550443823504	2.74796251600712	0.0097697975721924	0.0406558372434415	225	0.7578125	0.000238098936262698	source_units_field_mz_but_method_comments_describe_nmol_per_g	not described in source metadata	none	source zero/negative values retained in primary asinh; detection/censoring flags and positive-only abundance sensitivity reported	no	unpaired	no	no	0.0337215593620834	0.00201130943527174	1	0.00705608986410722	0.00274729541841575	higher_in_early_ESCC	higher_in_early_ESCC	higher_in_early_ESCC	TRUE	TRUE	0.0294049708270867	0.0117692064749261	0.0397675292468555	higher_in_early_ESCC	FALSE	-0.142151719781894	0.0295506077799323	0.0204055954316793	0.057966337465213	higher_in_early_ESCC	TRUE	16	0.000400603777110976	0.205441449172683	FALSE	FALSE	TRUE	TRUE	TRUE	FALSE	limma_fdr_strong	FALSE	conditional_fdr	asinh scale sensitivity does not remain family q<=0.05 at all seven scales	12
AN004962	AN004962__126	ST003027	targeted LC-MS	positive	ST003027_targeted_LCMS_combined_modes	ST003027_targeted_tissue_shared_32	L-Arginine	larginine							source_label_unmapped	IS-pos02_GlU-13C5-N15-1	Positive	175	70	16	16	32	1	1	0	0	0	FALSE	1	16	16	188	0.46875	0.0237385152500544	55.8825140625	45.1038525625	51.8367735	44.2882865	asinh	1	0.208710752957197	asinh(x*1) difference: Early_stage_ESCC minus Normal_tissue	0.0517733398704873	0.365648166043907	2.71421466440877	0.0108301983454468	0.0319304123633001	188	0.46875	0.0237385152500544	source_units_field_mz_but_method_comments_describe_nmol_per_g	not described in source metadata	none	source zero/negative values retained in primary asinh; detection/censoring flags and positive-only abundance sensitivity reported	no	unpaired	no	no	0.0365946701988255	0.0590702588780427	1	0.0566487295739938	0.0541238147701243	higher_in_early_ESCC	higher_in_early_ESCC	higher_in_early_ESCC	TRUE	TRUE	0.216533255886142	0.00974159685517791	0.0343632152803528	higher_in_early_ESCC	FALSE	-0.142151719781894	0.208710752957195	0.00870480306351745	0.0317527475385125	higher_in_early_ESCC	TRUE	16	0.0333007655316168	0.0493648587438969	TRUE	TRUE	TRUE	TRUE	TRUE	FALSE	limma_fdr_strong	FALSE	conditional_fdr	scale-invariant Wilcoxon does not reach family q<=0.05	13
AN004962	AN004962__61	ST003027	targeted LC-MS	positive	ST003027_targeted_LCMS_combined_modes	ST003027_targeted_tissue_shared_32	L-Aspartic acid	lasparticacid							source_label_unmapped	IS-pos02_GlU-13C5-N15-1	Positive	134	88	16	16	32	1	1	0	0	0	FALSE	1	16	16	188	0.46875	0.0237385152500544	146.6938138125	104.07104325	125.2262165	93.523298	asinh	1	0.310015927169172	asinh(x*1) difference: Early_stage_ESCC minus Normal_tissue	0.0717422242889626	0.548289630049381	2.65542322679874	0.0124779131559904	0.0355620524945726	188	0.46875	0.0237385152500544	source_units_field_mz_but_method_comments_describe_nmol_per_g	not described in source metadata	none	source zero/negative values retained in primary asinh; detection/censoring flags and positive-only abundance sensitivity reported	no	unpaired	no	no	0.041292887866731	0.0590702588780427	1	0.0566487295739938	0.0541238147701243	higher_in_early_ESCC	higher_in_early_ESCC	higher_in_early_ESCC	TRUE	TRUE	0.302999032639052	0.0168477975031049	0.0525062427038512	higher_in_early_ESCC	FALSE	-0.142151719781894	0.31001592716917	0.0279856330509421	0.0754906572214489	higher_in_early_ESCC	TRUE	16	0.0362191772712301	0.0594897569514749	FALSE	TRUE	TRUE	TRUE	TRUE	FALSE	limma_fdr_strong	FALSE	conditional_fdr	asinh scale sensitivity does not remain family q<=0.05 at all seven scales	14
AN004962	AN004962__103	ST003027	targeted LC-MS	positive	ST003027_targeted_LCMS_combined_modes	ST003027_targeted_tissue_shared_32	D-Alanyl-D-alanine	dalanyldalanine							source_label_unmapped	IS-pos03_GABA-d6-1	Positive	161.09	90	16	16	32	1	1	0	0	0	FALSE	1	16	16	224	0.75	0.000296732311293235	0.192669125	0.0572155	0.1146005	0.0525725	asinh	1	0.128674542260563	asinh(x*1) difference: Early_stage_ESCC minus Normal_tissue	0.0270446263734076	0.230304458147719	2.58402626160748	0.0147914904922445	0.0414646700684232	224	0.75	0.000296732311293235	source_units_field_mz_but_method_comments_describe_nmol_per_g	not described in source metadata	none	source zero/negative values retained in primary asinh; detection/censoring flags and positive-only abundance sensitivity reported	no	unpaired	no	no	0.0484496780409234	0.00216479708920747	1	0.00252623454209106	0.00169137417437144	higher_in_early_ESCC	higher_in_early_ESCC	higher_in_early_ESCC	TRUE	TRUE	0.131296816485294	0.0153906898478291	0.0494041144115313	higher_in_early_ESCC	FALSE	-0.142151719781894	0.128674542260563	0.0188112212573157	0.054894563850894	higher_in_early_ESCC	TRUE	16	0.00312278790045152	0.0570662108182488	FALSE	TRUE	TRUE	TRUE	TRUE	FALSE	limma_fdr_strong	FALSE	conditional_fdr	asinh scale sensitivity does not remain family q<=0.05 at all seven scales	15
AN004963	AN004963__174	ST003027	targeted LC-MS	negative	ST003027_targeted_LCMS_combined_modes	ST003027_targeted_tissue_shared_32	Sucrose	sucrose							source_label_unmapped	IS-neg05_Suc-2233-d4-1	Negative	341.11	179.08	16	16	23	0.8125	0.625	0.1875	9	0	TRUE	0.433147942157953	13	10	113	0.738461538461539	0.00291242006996373	2.64717975	0.236344125	0.6528295	0.1570655	asinh	1	0.708760204916102	asinh(x*1) difference: Early_stage_ESCC minus Normal_tissue	0.14784872453561	1.26967168529659	2.57874335395619	0.0149706434881307	0.0583501952022304	200	0.5625	0.00607056667537265	source_units_field_mz_but_method_comments_describe_nmol_per_g	not described in source metadata	none	source zero/negative values retained in primary asinh; detection/censoring flags and positive-only abundance sensitivity reported	no	unpaired	no	no	0.0485411773706055	0.0194865190279462	1	0.0110531605064888	0.0227646250326474	higher_in_early_ESCC	higher_in_early_ESCC	higher_in_early_ESCC	TRUE	TRUE	0.701249668682106	0.0188486208170533	0.0570793139837181	higher_in_early_ESCC	FALSE	-0.142151719781894	0.708760204916102	0.0194299435363268	0.0561892961726207	higher_in_early_ESCC	TRUE	16	0.0197076766960109	0.329826526072273	FALSE	FALSE	TRUE	TRUE	TRUE	FALSE	limma_fdr_strong	FALSE	conditional_fdr	asinh scale sensitivity does not remain family q<=0.05 at all seven scales	16
AN004963	AN004963__178	ST003027	targeted LC-MS	negative	ST003027_targeted_LCMS_combined_modes	ST003027_targeted_tissue_shared_32	Gentiobiose	gentiobiose							source_label_unmapped	IS-neg05_Suc-2233-d4-1	Negative	341.11	71.04	16	16	21	0.75	0.5625	0.1875	11	0	TRUE	0.45779368380326	12	9	98	0.814814814814815	0.00176633664840997	2.8718373125	0.223314375	0.689857	0.133507	asinh	1	0.733538091146281	asinh(x*1) difference: Early_stage_ESCC minus Normal_tissue	0.151748662698553	1.31532751959401	2.57311958804375	0.0151710507525799	0.0583501952022304	196	0.53125	0.00889317119032418	source_units_field_mz_but_method_comments_describe_nmol_per_g	not described in source metadata	none	source zero/negative values retained in primary asinh; detection/censoring flags and positive-only abundance sensitivity reported	no	unpaired	no	no	0.0486990729157815	0.026432481037908	1	0.00751886546282623	0.0303176290579233	higher_in_early_ESCC	higher_in_early_ESCC	higher_in_early_ESCC	TRUE	TRUE	0.732254058272095	0.0181923859640198	0.0561514989850996	higher_in_early_ESCC	FALSE	-0.142151719781894	0.733538091146281	0.0186015627819659	0.0547807491101932	higher_in_early_ESCC	TRUE	16	0.0216424158294617	0.336262680292287	FALSE	FALSE	TRUE	TRUE	TRUE	FALSE	limma_fdr_strong	FALSE	conditional_fdr	asinh scale sensitivity does not remain family q<=0.05 at all seven scales	17
AN004962	AN004962__135	ST003027	targeted LC-MS	positive	ST003027_targeted_LCMS_combined_modes	ST003027_targeted_tissue_shared_32	Carbocysteine	carbocysteine							source_label_unmapped	IS-pos02_GlU-13C5-N15-1	Positive	180	163	16	16	18	0.75	0.375	0.375	14	0	TRUE	0.0731727514850386	12	6	45	0.25	0.399269143171066	0.0334626875	0.013549875	0.0343745	0	asinh	1	0.0199003486028446	asinh(x*1) difference: Early_stage_ESCC minus Normal_tissue	0.00397792140729819	0.0358227757983911	2.55044535761771	0.015992350896035	0.0441079355358384	185	0.4453125	0.0248409040656963	source_units_field_mz_but_method_comments_describe_nmol_per_g	not described in source metadata	none	source zero/negative values retained in primary asinh; detection/censoring flags and positive-only abundance sensitivity reported	no	unpaired	no	no	0.0508271746299725	0.0608696962220497	1	0.564801976169528	0.0558920341478166	higher_in_early_ESCC	higher_in_early_ESCC	higher_in_early_ESCC	TRUE	TRUE	0.019746897611499	0.0197567988025424	0.0592703964076271	higher_in_early_ESCC	FALSE	-0.142151719781894	0.0199003486028447	0.0322375836726647	0.0834537448300433	higher_in_early_ESCC	TRUE	16	0.0419793483852342	0.0577908403754804	FALSE	TRUE	TRUE	TRUE	TRUE	FALSE	limma_fdr_exploratory	FALSE	conditional_fdr	asinh scale sensitivity does not remain family q<=0.05 at all seven scales	18
AN004963	AN004963__160	ST003027	targeted LC-MS	negative	ST003027_targeted_LCMS_combined_modes	ST003027_targeted_tissue_shared_32	Glucose 1-phosphate	glucose1phosphate							source_label_unmapped	IS-neg05_Suc-2233-d4-1	Negative	259.01	79	16	16	32	1	1	0	0	0	FALSE	1	16	16	191	0.4921875	0.0175774092692975	1.118345375	0.97577225	1.151928	0.9435645	asinh	1	0.0979905810235293	asinh(x*1) difference: Early_stage_ESCC minus Normal_tissue	0.0194105466696117	0.176570615377447	2.54259572894996	0.016176535806091	0.0606620092728412	191	0.4921875	0.0175774092692975	source_units_field_mz_but_method_comments_describe_nmol_per_g	not described in source metadata	none	source zero/negative values retained in primary asinh; detection/censoring flags and positive-only abundance sensitivity reported	no	unpaired	no	no	0.0509085097426981	0.0478165116563094	1	0.0460124158255525	0.0527322278078926	higher_in_early_ESCC	higher_in_early_ESCC	higher_in_early_ESCC	TRUE	TRUE	0.104285525268391	0.0114526317663116	0.0391095191168726	higher_in_early_ESCC	FALSE	-0.142151719781894	0.0979905810235291	0.00554450788597427	0.0225289497645284	higher_in_early_ESCC	TRUE	16	0.0509085097426981	0.141728480238499	FALSE	FALSE	TRUE	TRUE	TRUE	FALSE	limma_fdr_exploratory	FALSE	conditional_fdr	asinh scale sensitivity does not remain family q<=0.05 at all seven scales	19
AN004962	AN004962__60	ST003027	targeted LC-MS	positive	ST003027_targeted_LCMS_combined_modes	ST003027_targeted_tissue_shared_32	L-Ornithine	lornithine							source_label_unmapped	IS-pos02_GlU-13C5-N15-1	Positive	133.1	70	16	16	32	1	1	0	0	0	FALSE	1	16	16	188	0.46875	0.0237385152500544	16.40442525	12.1487921875	15.020838	11.5219535	asinh	1	0.263625073070464	asinh(x*1) difference: Early_stage_ESCC minus Normal_tissue	0.0514306772301271	0.4758194689108	2.53558784145833	0.0165805278943689	0.0450042899990013	188	0.46875	0.0237385152500544	source_units_field_mz_but_method_comments_describe_nmol_per_g	not described in source metadata	none	source zero/negative values retained in primary asinh; detection/censoring flags and positive-only abundance sensitivity reported	no	unpaired	no	no	0.0516732956708002	0.0590702588780427	1	0.0566487295739938	0.0541238147701243	higher_in_early_ESCC	higher_in_early_ESCC	higher_in_early_ESCC	TRUE	TRUE	0.270472159526481	0.0165573662967746	0.0525062427038512	higher_in_early_ESCC	FALSE	-0.142151719781894	0.263625073070463	0.00370952937927165	0.0163117661746055	higher_in_early_ESCC	TRUE	16	0.0455192885687907	0.0659378327331763	FALSE	TRUE	TRUE	TRUE	TRUE	FALSE	limma_fdr_exploratory	FALSE	conditional_fdr	asinh scale sensitivity does not remain family q<=0.05 at all seven scales	20
AN004963	AN004963__41	ST003027	targeted LC-MS	negative	ST003027_targeted_LCMS_combined_modes	ST003027_targeted_tissue_shared_32	L-Malic acid	lmalicacid							source_label_unmapped	IS-neg05_Suc-2233-d4-1	Negative	133	115	16	16	32	1	1	0	0	0	FALSE	1	16	16	64	-0.5	0.015861332739773	29.48106425	38.3737224375	28.5266395	40.4765685	asinh	1	-0.286310899133427	asinh(x*1) difference: Early_stage_ESCC minus Normal_tissue	-0.519650984482881	-0.0529708137839722	-2.50409991846632	0.0178407750742709	0.0652711283205033	64	-0.5	0.015861332739773	source_units_field_mz_but_method_comments_describe_nmol_per_g	not described in source metadata	none	source zero/negative values retained in primary asinh; detection/censoring flags and positive-only abundance sensitivity reported	no	unpaired	no	no	0.0550662384503938	0.0442738070388447	1	0.04234169333075	0.0495666648117907	lower_in_early_ESCC	lower_in_early_ESCC	lower_in_early_ESCC	TRUE	TRUE	-0.295955333516998	0.0168227073380574	0.0525062427038512	lower_in_early_ESCC	FALSE	-0.142151719781894	-0.286310899133428	0.0334490044221209	0.0858970433560065	lower_in_early_ESCC	TRUE	16	0.0496668111061451	0.063461543528237	FALSE	TRUE	TRUE	TRUE	TRUE	FALSE	limma_fdr_exploratory	FALSE	conditional_fdr	asinh scale sensitivity does not remain family q<=0.05 at all seven scales	21
AN004962	AN004962__146	ST003027	targeted LC-MS	positive	ST003027_targeted_LCMS_combined_modes	ST003027_targeted_tissue_shared_32	Glycyl-L-Leucine	glycyllleucine							source_label_unmapped	IS-neg04_Lac-13C3-1	Positive	189	132	16	16	32	1	1	0	0	0	FALSE	1	16	16	178.5	0.39453125	0.0569799214574047	0.2341696875	0.1159798125	0.167586	0.10666	asinh	1	0.112088209268479	asinh(x*1) difference: Early_stage_ESCC minus Normal_tissue	0.0197920034975241	0.204384415039434	2.47857428879347	0.0189407939287741	0.0506074337784433	178.5	0.39453125	0.0569799214574047	source_units_field_mz_but_method_comments_describe_nmol_per_g	not described in source metadata	none	source zero/negative values retained in primary asinh; detection/censoring flags and positive-only abundance sensitivity reported	no	unpaired	no	no	0.0579047128679665	0.125277772519362	1	0.122099831694439	0.115994840109717	higher_in_early_ESCC	higher_in_early_ESCC	higher_in_early_ESCC	TRUE	TRUE	0.111304190870718	0.0231082248411569	0.0667834258067728	higher_in_early_ESCC	FALSE	-0.142151719781894	0.112088209268479	0.0218405810848111	0.0614984783177575	higher_in_early_ESCC	TRUE	16	0.0387258325677039	0.0657614821677175	FALSE	TRUE	TRUE	TRUE	TRUE	FALSE	limma_fdr_exploratory	FALSE	conditional_fdr	asinh scale sensitivity does not remain family q<=0.05 at all seven scales	22
AN004962	AN004962__149	ST003027	targeted LC-MS	positive	ST003027_targeted_LCMS_combined_modes	ST003027_targeted_tissue_shared_32	L-Homoarginine	lhomoarginine							source_label_unmapped	IS-neg05_Suc-2233-d4-1	Positive	189.1	144.1	16	16	32	1	1	0	0	0	FALSE	1	16	16	38	-0.703125	0.000693837750899344	0.366672	0.515012625	0.3293505	0.5064275	asinh	1	-0.143813733334624	asinh(x*1) difference: Early_stage_ESCC minus Normal_tissue	-0.26274584127951	-0.0248816253897378	-2.46789740543217	0.0194157028154489	0.0510782335606426	38	-0.703125	0.000693837750899344	source_units_field_mz_but_method_comments_describe_nmol_per_g	not described in source metadata	none	source zero/negative values retained in primary asinh; detection/censoring flags and positive-only abundance sensitivity reported	no	unpaired	no	no	0.0587966094694255	0.00377494776336778	1	0.00412375267043967	0.00320665555145386	lower_in_early_ESCC	lower_in_early_ESCC	lower_in_early_ESCC	TRUE	TRUE	-0.152503494805523	0.014633010772993	0.0474732323399121	lower_in_early_ESCC	FALSE	-0.142151719781894	-0.143813733334624	0.0199034234609361	0.0570446333121472	lower_in_early_ESCC	TRUE	16	0.00847421686630523	0.120171421973092	FALSE	FALSE	TRUE	TRUE	TRUE	FALSE	limma_fdr_exploratory	FALSE	conditional_fdr	asinh scale sensitivity does not remain family q<=0.05 at all seven scales	23
AN004963	AN004963__77	ST003027	targeted LC-MS	negative	ST003027_targeted_LCMS_combined_modes	ST003027_targeted_tissue_shared_32	Acetylcysteine	acetylcysteine							source_label_unmapped	IS-neg06_Hippuric Acid-d5-1	Negative	162	84	16	16	32	1	1	0	0	0	FALSE	1	16	16	173	0.3515625	0.0898856313596004	0.2632978125	0.1530213125	0.2092215	0.151306	asinh	1	0.104191837786454	asinh(x*1) difference: Early_stage_ESCC minus Normal_tissue	0.0177200474326146	0.190663628140294	2.45711060383692	0.0197809993670919	0.0702534740813278	173	0.3515625	0.0898856313596004	source_units_field_mz_but_method_comments_describe_nmol_per_g	not described in source metadata	none	source zero/negative values retained in primary asinh; detection/censoring flags and positive-only abundance sensitivity reported	no	unpaired	no	no	0.0593429981012756	0.179212966872247	1	0.178075307410529	0.189899221182254	higher_in_early_ESCC	higher_in_early_ESCC	higher_in_early_ESCC	TRUE	TRUE	0.101748153118183	0.0259520528624344	0.0728983975306476	higher_in_early_ESCC	FALSE	-0.142151719781894	0.104191837786454	0.0139016351339523	0.0429079315192181	higher_in_early_ESCC	TRUE	16	0.0593429981012756	0.0838757308177181	FALSE	TRUE	TRUE	TRUE	TRUE	FALSE	limma_fdr_exploratory	FALSE	conditional_fdr	asinh scale sensitivity does not remain family q<=0.05 at all seven scales	24
AN004963	AN004963__24	ST003027	targeted LC-MS	negative	ST003027_targeted_LCMS_combined_modes	ST003027_targeted_tissue_shared_32	Picolinic acid	picolinicacid							source_label_unmapped	IS-neg04_Lac-13C3-1	Negative	122	78	16	16	27	0.8125	0.875	-0.0625	2	3	TRUE	1	13	14	151	0.65934065934066	0.00359617875691165	0.2207233125	0.0292416875	0.0676505	0.025597	asinh	1	0.176407435896018	asinh(x*1) difference: Early_stage_ESCC minus Normal_tissue	0.0295703822635656	0.32324448952847	2.45145776820871	0.0201393292366473	0.0702534740813278	179.5	0.40234375	0.0522392150706732	source_units_field_mz_but_method_comments_describe_nmol_per_g	not described in source metadata	none	source zero/negative values retained in primary asinh; detection/censoring flags and positive-only abundance sensitivity reported	no	unpaired	no	no	0.0598585618978129	0.115646814053008	1	0.0131214587516321	0.126385197751629	higher_in_early_ESCC	higher_in_early_ESCC	higher_in_early_ESCC	TRUE	TRUE	0.16907846973081	0.0282755994494886	0.0775766446434689	higher_in_early_ESCC	FALSE	-0.142151719781894	0.176407435896018	0.0235619067942888	0.0657684528779714	higher_in_early_ESCC	TRUE	16	0.027603501327311	0.414623592672658	FALSE	FALSE	TRUE	TRUE	TRUE	FALSE	limma_fdr_exploratory	FALSE	conditional_fdr	asinh scale sensitivity does not remain family q<=0.05 at all seven scales	25
AN004963	AN004963__76	ST003027	targeted LC-MS	negative	ST003027_targeted_LCMS_combined_modes	ST003027_targeted_tissue_shared_32	2-Hydroxyadipic acid	2hydroxyadipicacid							source_label_unmapped	IS-neg05_Suc-2233-d4-1	Negative	161	143	16	16	32	1	1	0	0	0	FALSE	1	16	16	48	-0.625	0.00256883152702272	0.0544808125	0.16665525	0.0323375	0.0988495	asinh	1	-0.10806168702325	asinh(x*1) difference: Early_stage_ESCC minus Normal_tissue	-0.198456908564004	-0.0176664654824954	-2.43790616597475	0.0206895496932557	0.0705325557724625	48	-0.625	0.00256883152702272	source_units_field_mz_but_method_comments_describe_nmol_per_g	not described in source metadata	none	source zero/negative values retained in primary asinh; detection/censoring flags and positive-only abundance sensitivity reported	no	unpaired	no	no	0.0609297747847254	0.00970111670793286	1	0.010114774137652	0.012041397782919	lower_in_early_ESCC	lower_in_early_ESCC	lower_in_early_ESCC	TRUE	TRUE	-0.108794680063549	0.023301382212955	0.0667834258067728	lower_in_early_ESCC	FALSE	-0.142151719781894	-0.10806168702325	0.00612618245153051	0.024277834159769	lower_in_early_ESCC	TRUE	16	0.00966339833152489	0.0757032230308022	FALSE	TRUE	TRUE	TRUE	TRUE	FALSE	limma_fdr_exploratory	FALSE	conditional_fdr	asinh scale sensitivity does not remain family q<=0.05 at all seven scales	26
AN004963	AN004963__93	ST003027	targeted LC-MS	negative	ST003027_targeted_LCMS_combined_modes	ST003027_targeted_tissue_shared_32	Cysteic Acid	cysteicacid							source_label_unmapped	IS-neg02_Glu-13C5-N15-1	Negative	168	81	16	16	32	1	1	0	0	0	FALSE	1	16	16	189	0.4765625	0.0215035763845199	0.161978625	0.060095125	0.0887545	0.0518375	asinh	1	0.098549732394988	asinh(x*1) difference: Early_stage_ESCC minus Normal_tissue	0.0153158878336521	0.181783576956324	2.41431269302309	0.0218268818554844	0.0707370968263751	189	0.4765625	0.0215035763845199	source_units_field_mz_but_method_comments_describe_nmol_per_g	not described in source metadata	none	source zero/negative values retained in primary asinh; detection/censoring flags and positive-only abundance sensitivity reported	no	unpaired	no	no	0.0634503792244477	0.0565790821264828	1	0.0537589409612999	0.0608591784467546	higher_in_early_ESCC	higher_in_early_ESCC	higher_in_early_ESCC	TRUE	TRUE	0.0862488813081515	0.0338977942434517	0.0906765996012332	higher_in_early_ESCC	FALSE	-0.142151719781894	0.098549732394988	0.0175128034664186	0.0520519436362998	higher_in_early_ESCC	TRUE	16	0.0460212558945805	0.157940525377047	FALSE	FALSE	TRUE	TRUE	TRUE	FALSE	limma_fdr_exploratory	FALSE	conditional_fdr	asinh scale sensitivity does not remain family q<=0.05 at all seven scales	27
AN004963	AN004963__185	ST003027	targeted LC-MS	negative	ST003027_targeted_LCMS_combined_modes	ST003027_targeted_tissue_shared_32	Xanthylic acid (XMP)	xanthylicacidxmp							source_label_unmapped	IS-neg05_Suc-2233-d4-1	Negative	363.03	211	16	16	32	1	1	0	0	0	FALSE	1	16	16	211	0.6484375	0.00175892306390857	0.290285125	0.1061864375	0.1859245	0.057983	asinh	1	0.172036872356953	asinh(x*1) difference: Early_stage_ESCC minus Normal_tissue	0.0266312207482953	0.31744252396561	2.41425263690363	0.021940785339295	0.0707370968263751	211	0.6484375	0.00175892306390857	source_units_field_mz_but_method_comments_describe_nmol_per_g	not described in source metadata	none	source zero/negative values retained in primary asinh; detection/censoring flags and positive-only abundance sensitivity reported	no	unpaired	no	no	0.0634503792244477	0.00714701650018545	1	0.00751886546282623	0.00942280212808162	higher_in_early_ESCC	higher_in_early_ESCC	higher_in_early_ESCC	TRUE	TRUE	0.157012438210147	0.0338119248839365	0.0906765996012332	higher_in_early_ESCC	FALSE	-0.142151719781894	0.172036872356953	0.00121295937595272	0.00659932135052244	higher_in_early_ESCC	TRUE	16	0.00428155141393158	0.0779269007633773	FALSE	TRUE	TRUE	TRUE	TRUE	FALSE	limma_fdr_exploratory	FALSE	conditional_fdr	asinh scale sensitivity does not remain family q<=0.05 at all seven scales	28
AN004963	AN004963__98	ST003027	targeted LC-MS	negative	ST003027_targeted_LCMS_combined_modes	ST003027_targeted_tissue_shared_32	cis-Aconitic acid	cisaconiticacid							source_label_unmapped	IS-neg05_Suc-2233-d4-1	Negative	173.01	129	16	16	32	1	1	0	0	0	FALSE	1	16	16	75	-0.4140625	0.0457695208137257	0.161711	0.2311785625	0.1791035	0.249006	asinh	1	-0.0677436811614083	asinh(x*1) difference: Early_stage_ESCC minus Normal_tissue	-0.125129020342742	-0.0103583419800749	-2.40556619472629	0.0221642903389309	0.0707370968263751	75	-0.4140625	0.0457695208137257	source_units_field_mz_but_method_comments_describe_nmol_per_g	not described in source metadata	none	source zero/negative values retained in primary asinh; detection/censoring flags and positive-only abundance sensitivity reported	no	unpaired	no	no	0.0635244392749715	0.10419869632061	1	0.101530979269884	0.114423802034314	lower_in_early_ESCC	lower_in_early_ESCC	lower_in_early_ESCC	TRUE	TRUE	-0.0680705215285562	0.0250382575471483	0.0711263776339345	lower_in_early_ESCC	FALSE	-0.142151719781894	-0.0677436811614083	0.0427870980266019	0.103268108770972	lower_in_early_ESCC	TRUE	16	0.0635244392749715	0.093385168639044	FALSE	TRUE	TRUE	TRUE	TRUE	FALSE	limma_fdr_exploratory	FALSE	conditional_fdr	asinh scale sensitivity does not remain family q<=0.05 at all seven scales	29
AN004962	AN004962__235	ST003027	targeted LC-MS	positive	ST003027_targeted_LCMS_combined_modes	ST003027_targeted_tissue_shared_32	Glutathione	glutathione							source_label_unmapped	IS-pos02_GlU-13C5-N15-1	Positive	308.1	233.1	16	16	32	1	1	0	0	0	FALSE	1	16	16	188	0.46875	0.0237385152500544	844.435447125	590.910307625	721.1234085	581.6535885	asinh	1	0.447967496506451	asinh(x*1) difference: Early_stage_ESCC minus Normal_tissue	0.0674070759293996	0.828527917083503	2.40241893751371	0.0225747410045504	0.0584891016936078	188	0.46875	0.0237385152500544	source_units_field_mz_but_method_comments_describe_nmol_per_g	not described in source metadata	none	source zero/negative values retained in primary asinh; detection/censoring flags and positive-only abundance sensitivity reported	no	unpaired	no	no	0.0641282465704484	0.0590702588780427	1	0.0566487295739938	0.0541238147701243	higher_in_early_ESCC	higher_in_early_ESCC	higher_in_early_ESCC	TRUE	TRUE	0.46247671283348	0.0215996289932527	0.0636099165764597	higher_in_early_ESCC	FALSE	-0.142151719781894	0.447967496506454	0.0451632260079904	0.107388115174555	higher_in_early_ESCC	TRUE	16	0.0392208004520775	0.0701721156124181	FALSE	TRUE	TRUE	TRUE	TRUE	FALSE	limma_fdr_exploratory	FALSE	conditional_fdr	asinh scale sensitivity does not remain family q<=0.05 at all seven scales	30
AN004963	AN004963__19	ST003027	targeted LC-MS	negative	ST003027_targeted_LCMS_combined_modes	ST003027_targeted_tissue_shared_32	Methylmalonic acid	methylmalonicacid							source_label_unmapped	IS-neg04_Lac-13C3-1	Negative	117.03	73.1	16	16	32	1	1	0	0	0	FALSE	1	16	16	57	-0.5546875	0.00745259474040896	0.141292	0.3968123125	0.0899535	0.239342	asinh	1	-0.216665687265066	asinh(x*1) difference: Early_stage_ESCC minus Normal_tissue	-0.401576648767679	-0.0317547257624526	-2.39128096909635	0.0231481156765002	0.0723378614890632	57	-0.5546875	0.00745259474040896	source_units_field_mz_but_method_comments_describe_nmol_per_g	not described in source metadata	none	source zero/negative values retained in primary asinh; detection/censoring flags and positive-only abundance sensitivity reported	no	unpaired	no	no	0.0651802204575138	0.02256870671388	1	0.0221468617285738	0.0259974235130545	lower_in_early_ESCC	lower_in_early_ESCC	lower_in_early_ESCC	TRUE	TRUE	-0.200843911133513	0.034843114825919	0.0924350401580166	lower_in_early_ESCC	FALSE	-0.142151719781894	-0.216665687265066	0.0135309014053493	0.0425825426580109	lower_in_early_ESCC	TRUE	16	0.00685881034000888	0.0887725100575282	FALSE	TRUE	TRUE	TRUE	TRUE	FALSE	limma_fdr_exploratory	FALSE	conditional_fdr	asinh scale sensitivity does not remain family q<=0.05 at all seven scales	31
AN004962	AN004962__24	ST003027	targeted LC-MS	positive	ST003027_targeted_LCMS_combined_modes	ST003027_targeted_tissue_shared_32	L-Serine	lserine							source_label_unmapped	IS-pos03_GABA-d6-1	Positive	106	60	16	16	32	1	1	0	0	0	FALSE	1	16	16	176	0.375	0.0704404292720879	69.202913375	53.086950375	67.8459645	55.357102	asinh	1	0.243667169307992	asinh(x*1) difference: Early_stage_ESCC minus Normal_tissue	0.0342225944269861	0.453111744188998	2.37439932313173	0.0240645848182975	0.0614185672228191	176	0.375	0.0704404292720879	source_units_field_mz_but_method_comments_describe_nmol_per_g	not described in source metadata	none	source zero/negative values retained in primary asinh; detection/censoring flags and positive-only abundance sensitivity reported	no	unpaired	no	no	0.0666145385592822	0.146827128547664	1	0.143153130456179	0.136878561426444	higher_in_early_ESCC	higher_in_early_ESCC	higher_in_early_ESCC	TRUE	TRUE	0.258448989027999	0.0185162367020978	0.0566067807749846	higher_in_early_ESCC	FALSE	-0.142151719781894	0.243667169307991	0.00658834041398644	0.0251768722963053	higher_in_early_ESCC	TRUE	16	0.0559385410231873	0.0739873635706887	FALSE	TRUE	TRUE	TRUE	TRUE	FALSE	limma_fdr_exploratory	FALSE	conditional_fdr	asinh scale sensitivity does not remain family q<=0.05 at all seven scales	32
AN004963	AN004963__8	ST003027	targeted LC-MS	negative	ST003027_targeted_LCMS_combined_modes	ST003027_targeted_tissue_shared_32	3-Hydroxyisobutyric acid	3hydroxyisobutyricacid							source_label_unmapped	IS-neg04_Lac-13C3-1	Negative	103	73	16	16	32	1	1	0	0	0	FALSE	1	16	16	75	-0.4140625	0.0457695208137257	1.8226145625	2.8491436875	1.6435265	2.3546515	asinh	1	-0.359312674468515	asinh(x*1) difference: Early_stage_ESCC minus Normal_tissue	-0.668183796127776	-0.0504415528092544	-2.3740964426654	0.024072543529211	0.073691459783299	75	-0.4140625	0.0457695208137257	source_units_field_mz_but_method_comments_describe_nmol_per_g	not described in source metadata	none	source zero/negative values retained in primary asinh; detection/censoring flags and positive-only abundance sensitivity reported	no	unpaired	no	no	0.0666145385592822	0.10419869632061	1	0.101530979269884	0.114423802034314	lower_in_early_ESCC	lower_in_early_ESCC	lower_in_early_ESCC	TRUE	TRUE	-0.389898321949589	0.0146412772637112	0.0474732323399121	lower_in_early_ESCC	FALSE	-0.142151719781894	-0.359312674468515	0.0111473891612124	0.0371479361652436	lower_in_early_ESCC	TRUE	16	0.0540791142693324	0.0719403511166067	FALSE	TRUE	TRUE	TRUE	TRUE	FALSE	limma_fdr_exploratory	FALSE	conditional_fdr	asinh scale sensitivity does not remain family q<=0.05 at all seven scales	33
AN004962	AN004962__62	ST003027	targeted LC-MS	positive	ST003027_targeted_LCMS_combined_modes	ST003027_targeted_tissue_shared_32	2-Phenylacetamide	2phenylacetamide							source_label_unmapped	IS-pos05_Nic-2456-d4-1	Positive	136	91	16	16	32	1	1	0	0	0	FALSE	1	16	16	215	0.6796875	0.00104199311391984	0.020808375	0.012557375	0.016405	0.012595	asinh	1	0.00824751379241084	asinh(x*1) difference: Early_stage_ESCC minus Normal_tissue	0.00108474083986514	0.0154102867449565	2.34966786011682	0.0254295569095066	0.0639478563459652	215	0.6796875	0.00104199311391984	source_units_field_mz_but_method_comments_describe_nmol_per_g	not described in source metadata	none	source zero/negative values retained in primary asinh; detection/censoring flags and positive-only abundance sensitivity reported	no	unpaired	no	no	0.0697682715209541	0.00484753318214881	1	0.00529399727233466	0.00404956414727937	higher_in_early_ESCC	higher_in_early_ESCC	higher_in_early_ESCC	TRUE	TRUE	0.00858751804751472	0.022924887064577	0.0667834258067728	higher_in_early_ESCC	FALSE	-0.142151719781894	0.00824751379241083	0.0360204247349031	0.0896322196891774	higher_in_early_ESCC	TRUE	16	0.00928371416085039	0.0779269007633773	FALSE	TRUE	TRUE	TRUE	TRUE	FALSE	limma_fdr_exploratory	FALSE	conditional_fdr	asinh scale sensitivity does not remain family q<=0.05 at all seven scales	34
AN004962	AN004962__65	ST003027	targeted LC-MS	positive	ST003027_targeted_LCMS_combined_modes	ST003027_targeted_tissue_shared_32	N-Methylnicotinamide	nmethylnicotinamide							source_label_unmapped	IS-pos05_Nic-2456-d4-1	Positive	137	80	16	16	31	1	0.9375	0.0625	0	1	TRUE	1	16	15	208	0.733333333333333	0.000504218229449016	0.0054025	0.0006546875	0.003857	0.0004345	asinh	1	0.00474766372077379	asinh(x*1) difference: Early_stage_ESCC minus Normal_tissue	0.000602239031644591	0.00889308840990299	2.33709050723835	0.0261631048260488	0.0648389989167295	224	0.75	0.000296732311293235	source_units_field_mz_but_method_comments_describe_nmol_per_g	not described in source metadata	none	source zero/negative values retained in primary asinh; detection/censoring flags and positive-only abundance sensitivity reported	no	unpaired	no	no	0.0711725139759462	0.00216479708920747	1	0.00359892593599826	0.00169137417437144	higher_in_early_ESCC	higher_in_early_ESCC	higher_in_early_ESCC	TRUE	TRUE	0.00474223643764445	0.0305100176316533	0.0829975903369552	higher_in_early_ESCC	FALSE	-0.142151719781894	0.00474766372077379	0.035654293722302	0.0894142834754604	higher_in_early_ESCC	TRUE	16	0.000744897032859455	0.0818818683032809	FALSE	TRUE	TRUE	TRUE	TRUE	FALSE	limma_fdr_exploratory	FALSE	conditional_fdr	asinh scale sensitivity does not remain family q<=0.05 at all seven scales	35
AN004962	AN004962__42	ST003027	targeted LC-MS	positive	ST003027_targeted_LCMS_combined_modes	ST003027_targeted_tissue_shared_32	Nicotinic acid	nicotinicacid							source_label_unmapped	IS-pos01_Leu-555-d3-1	Positive	124.01	80	16	16	32	1	1	0	0	0	FALSE	1	16	16	152	0.1875	0.365712296281513	0.1106453125	0.023507125	0.045938	0.0219165	asinh	1	0.0850554434291511	asinh(x*1) difference: Early_stage_ESCC minus Normal_tissue	0.0105694876437777	0.159541399214524	2.33052397707436	0.0265778834956473	0.064925972539367	152	0.1875	0.365712296281513	source_units_field_mz_but_method_comments_describe_nmol_per_g	not described in source metadata	none	source zero/negative values retained in primary asinh; detection/censoring flags and positive-only abundance sensitivity reported	no	unpaired	no	no	0.0716932823706117	0.536044050713999	1	0.540842128303647	0.516833079868916	higher_in_early_ESCC	higher_in_early_ESCC	higher_in_early_ESCC	TRUE	TRUE	0.0806891458730278	0.0376133447308019	0.0965910692686992	higher_in_early_ESCC	FALSE	-0.142151719781894	0.0850554434291511	0.0299607532516331	0.078831162244051	higher_in_early_ESCC	TRUE	16	0.0397529244837737	0.0811133766047794	FALSE	TRUE	TRUE	TRUE	TRUE	FALSE	limma_fdr_exploratory	FALSE	conditional_fdr	asinh scale sensitivity does not remain family q<=0.05 at all seven scales	36
AN004962	AN004962__262	ST003027	targeted LC-MS	positive	ST003027_targeted_LCMS_combined_modes	ST003027_targeted_tissue_shared_32	Biliverdin	biliverdin							source_label_unmapped	IS-pos04_ACh-d9-1	Positive	583	297	16	16	32	1	1	0	0	0	FALSE	1	16	16	176	0.375	0.0704404292720879	0.010334625	0.004096875	0.006789	0.003835	asinh	1	0.00623710903793918	asinh(x*1) difference: Early_stage_ESCC minus Normal_tissue	0.00074549252569707	0.0117287255501813	2.31764943257813	0.0273347714480977	0.0658344495440099	176	0.375	0.0704404292720879	source_units_field_mz_but_method_comments_describe_nmol_per_g	not described in source metadata	none	source zero/negative values retained in primary asinh; detection/censoring flags and positive-only abundance sensitivity reported	no	unpaired	no	no	0.0731205136236613	0.146827128547664	1	0.143153130456179	0.136878561426444	higher_in_early_ESCC	higher_in_early_ESCC	higher_in_early_ESCC	TRUE	TRUE	0.00575837214216833	0.0409699945771832	0.104375938565681	higher_in_early_ESCC	FALSE	-0.142151719781894	0.00623710903793918	0.0292008021773302	0.0778288499356309	higher_in_early_ESCC	TRUE	16	0.0345997147487963	0.141728480238499	FALSE	FALSE	TRUE	TRUE	TRUE	FALSE	limma_fdr_exploratory	FALSE	conditional_fdr	asinh scale sensitivity does not remain family q<=0.05 at all seven scales	37
AN004962	AN004962__185	ST003027	targeted LC-MS	positive	ST003027_targeted_LCMS_combined_modes	ST003027_targeted_tissue_shared_32	Glycylphenylalanine	glycylphenylalanine							source_label_unmapped	IS-pos01_Leu-555-d3-1	Positive	223.2	120.2	16	16	32	1	1	0	0	0	FALSE	1	16	16	177	0.3828125	0.0647823685814215	0.1597255	0.0691921875	0.0916575	0.0711895	asinh	1	0.087323242843108	asinh(x*1) difference: Early_stage_ESCC minus Normal_tissue	0.00956407577520926	0.165082409911007	2.29194458336408	0.0289819153956035	0.0688320490645583	177	0.3828125	0.0647823685814215	source_units_field_mz_but_method_comments_describe_nmol_per_g	not described in source metadata	none	source zero/negative values retained in primary asinh; detection/censoring flags and positive-only abundance sensitivity reported	no	unpaired	no	no	0.0768859077850308	0.137716161024081	1	0.134368549029611	0.130326882675566	higher_in_early_ESCC	higher_in_early_ESCC	higher_in_early_ESCC	TRUE	TRUE	0.0909961624269544	0.0261162483365248	0.0728983975306476	higher_in_early_ESCC	FALSE	-0.142151719781894	0.087323242843108	0.0340690121628135	0.0861114401910482	higher_in_early_ESCC	TRUE	16	0.0419793483852342	0.0884285015421526	FALSE	TRUE	TRUE	TRUE	TRUE	FALSE	limma_fdr_exploratory	FALSE	conditional_fdr	asinh scale sensitivity does not remain family q<=0.05 at all seven scales	38
AN004962	AN004962__199	ST003027	targeted LC-MS	positive	ST003027_targeted_LCMS_combined_modes	ST003027_targeted_tissue_shared_32	gamma-L-Glutamyl-L-valine	gammalglutamyllvaline							source_label_unmapped	IS-pos03_GABA-d6-1	Positive	247	118	16	16	32	1	1	0	0	0	FALSE	1	16	16	199	0.5546875	0.00745259474040894	0.0628648125	0.0304989375	0.0469525	0.0321985	asinh	1	0.0321677058108078	asinh(x*1) difference: Early_stage_ESCC minus Normal_tissue	0.00325232623047684	0.0610830853911387	2.27025315670508	0.0304004353933872	0.0712119787982084	199	0.5546875	0.00745259474040894	source_units_field_mz_but_method_comments_describe_nmol_per_g	not described in source metadata	none	source zero/negative values retained in primary asinh; detection/censoring flags and positive-only abundance sensitivity reported	no	unpaired	no	no	0.0799880308301418	0.02256870671388	1	0.0221468617285738	0.0202284714382528	higher_in_early_ESCC	higher_in_early_ESCC	higher_in_early_ESCC	TRUE	TRUE	0.0291272400933463	0.0464301569350621	0.115535506791899	higher_in_early_ESCC	FALSE	-0.142151719781894	0.0321677058108077	0.0293373546486335	0.0778288499356309	higher_in_early_ESCC	TRUE	16	0.0133736051016825	0.0884285015421526	FALSE	TRUE	TRUE	TRUE	TRUE	FALSE	limma_fdr_exploratory	FALSE	conditional_fdr	asinh scale sensitivity does not remain family q<=0.05 at all seven scales	39
AN004962	AN004962__150	ST003027	targeted LC-MS	positive	ST003027_targeted_LCMS_combined_modes	ST003027_targeted_tissue_shared_32	N6,N6,N6-Trimethyl-L-lysine	n6n6n6trimethylllysine							source_label_unmapped	IS-neg05_Suc-2233-d4-1	Positive	189.4	130	16	16	32	1	1	0	0	0	FALSE	1	16	16	188	0.46875	0.0237385152500544	0.27068525	0.2199534375	0.260533	0.2183625	asinh	1	0.0487090618624842	asinh(x*1) difference: Early_stage_ESCC minus Normal_tissue	0.0047664236307699	0.0926517000941985	2.2622490169917	0.0309604991892647	0.0715438562346522	188	0.46875	0.0237385152500544	source_units_field_mz_but_method_comments_describe_nmol_per_g	not described in source metadata	none	source zero/negative values retained in primary asinh; detection/censoring flags and positive-only abundance sensitivity reported	no	unpaired	no	no	0.0807993515427151	0.0590702588780427	1	0.0566487295739938	0.0541238147701243	higher_in_early_ESCC	higher_in_early_ESCC	higher_in_early_ESCC	TRUE	TRUE	0.0456747373978029	0.0445372896667016	0.11257062978749	higher_in_early_ESCC	FALSE	-0.142151719781894	0.0487090618624843	0.0382626152581123	0.0930477234685914	higher_in_early_ESCC	TRUE	16	0.0807993515427151	0.151184361990823	FALSE	FALSE	TRUE	TRUE	TRUE	FALSE	limma_fdr_exploratory	FALSE	conditional_fdr	asinh scale sensitivity does not remain family q<=0.05 at all seven scales	40
AN004962	AN004962__219	ST003027	targeted LC-MS	positive	ST003027_targeted_LCMS_combined_modes	ST003027_targeted_tissue_shared_32	1-Methyladenosine	1methyladenosine							source_label_unmapped	IS-pos01_Leu-555-d3-1	Positive	282	150	16	16	32	1	1	0	0	0	FALSE	1	16	16	186	0.453125	0.0288187332502756	0.0527343125	0.043667125	0.0528975	0.04247	asinh	1	0.00905241389260411	asinh(x*1) difference: Early_stage_ESCC minus Normal_tissue	0.000646971849792021	0.0174578559354162	2.19770023917553	0.0356731386643764	0.0813347561547783	186	0.453125	0.0288187332502756	source_units_field_mz_but_method_comments_describe_nmol_per_g	not described in source metadata	none	source zero/negative values retained in primary asinh; detection/censoring flags and positive-only abundance sensitivity reported	no	unpaired	no	no	0.0923473992843938	0.0690359206965558	1	0.0677455296554987	0.0631795305871427	higher_in_early_ESCC	higher_in_early_ESCC	higher_in_early_ESCC	TRUE	TRUE	0.00876567444989918	0.0463231356899805	0.115535506791899	higher_in_early_ESCC	FALSE	-0.142151719781894	0.00905241389260415	0.0512532714247886	0.120089781951512	higher_in_early_ESCC	TRUE	16	0.0815884085895592	0.145547977796424	FALSE	FALSE	TRUE	TRUE	TRUE	FALSE	limma_fdr_exploratory	FALSE	conditional_fdr	asinh scale sensitivity does not remain family q<=0.05 at all seven scales	41
AN004963	AN004963__192	ST003027	targeted LC-MS	negative	ST003027_targeted_LCMS_combined_modes	ST003027_targeted_tissue_shared_32	Uridine-5'-diphosphate	uridine5diphosphate							source_label_unmapped	IS-neg05_Suc-2233-d4-1	Negative	403	111	16	16	31	1	0.9375	0.0625	1	0	TRUE	1	16	15	49	-0.591666666666667	0.00500795822992502	1.54951575	2.32492425	1.199472	2.0801325	asinh	1	-0.41429032687111	asinh(x*1) difference: Early_stage_ESCC minus Normal_tissue	-0.800999268611942	-0.0275813851302787	-2.18637022658156	0.0365853670033405	0.109756101010022	65	-0.4921875	0.0175774092692974	source_units_field_mz_but_method_comments_describe_nmol_per_g	not described in source metadata	none	source zero/negative values retained in primary asinh; detection/censoring flags and positive-only abundance sensitivity reported	no	unpaired	no	no	0.0939512224645785	0.0478165116563094	1	0.0162629571384163	0.0527322278078926	lower_in_early_ESCC	lower_in_early_ESCC	lower_in_early_ESCC	TRUE	TRUE	-0.425794986120892	0.0362566762438048	0.0938580086633978	lower_in_early_ESCC	FALSE	-0.142151719781894	-0.41429032687111	0.093633613583143	0.197739407632822	lower_in_early_ESCC	TRUE	16	0.0939512224645785	0.895987202507406	FALSE	FALSE	TRUE	TRUE	TRUE	FALSE	limma_fdr_exploratory	FALSE	conditional_fdr	asinh scale sensitivity does not remain family q<=0.05 at all seven scales	42
AN004963	AN004963__175	ST003027	targeted LC-MS	negative	ST003027_targeted_LCMS_combined_modes	ST003027_targeted_tissue_shared_32	Cellobiose	cellobiose							source_label_unmapped	IS-neg05_Suc-2233-d4-1	Negative	341.11	160.98	16	16	32	1	1	0	0	0	FALSE	1	16	16	61	-0.5234375	0.0115646443354931	9.210416375	12.6207734375	5.9100735	9.6003625	asinh	1	-0.430374332921546	asinh(x*1) difference: Early_stage_ESCC minus Normal_tissue	-0.837441561002978	-0.0233071048401133	-2.15766167868976	0.0389440117017796	0.114541210887587	61	-0.5234375	0.0115646443354931	source_units_field_mz_but_method_comments_describe_nmol_per_g	not described in source metadata	none	source zero/negative values retained in primary asinh; detection/censoring flags and positive-only abundance sensitivity reported	no	unpaired	no	no	0.0992145060021528	0.033443701186426	1	0.0325255621935744	0.0377107967461732	lower_in_early_ESCC	lower_in_early_ESCC	lower_in_early_ESCC	TRUE	TRUE	-0.41812509605516	0.0496725598098493	0.122351802431111	lower_in_early_ESCC	FALSE	-0.142151719781894	-0.430374332921547	0.00103196848637688	0.00602294334776326	lower_in_early_ESCC	TRUE	16	0.0873582800183953	0.532806598366879	FALSE	FALSE	TRUE	TRUE	TRUE	FALSE	limma_fdr_exploratory	FALSE	conditional_fdr	asinh scale sensitivity does not remain family q<=0.05 at all seven scales	43
AN004963	AN004963__14	ST003027	targeted LC-MS	negative	ST003027_targeted_LCMS_combined_modes	ST003027_targeted_tissue_shared_32	Fumaric acid	fumaricacid							source_label_unmapped	IS-neg05_Suc-2233-d4-1	Negative	115	71	16	16	32	1	1	0	0	0	FALSE	1	16	16	67	-0.4765625	0.0215035763845199	13.4189011875	17.8114685	12.9003475	17.79077	asinh	1	-0.282746210228644	asinh(x*1) difference: Early_stage_ESCC minus Normal_tissue	-0.555100266975042	-0.010392153482246	-2.11868342840906	0.042363041215323	0.122201080428816	67	-0.4765625	0.0215035763845199	source_units_field_mz_but_method_comments_describe_nmol_per_g	not described in source metadata	none	source zero/negative values retained in primary asinh; detection/censoring flags and positive-only abundance sensitivity reported	no	unpaired	no	no	0.107075088426131	0.0565790821264828	1	0.0537589409612999	0.0608591784467546	lower_in_early_ESCC	lower_in_early_ESCC	lower_in_early_ESCC	TRUE	TRUE	-0.298066807835644	0.0359842909991311	0.0938580086633978	lower_in_early_ESCC	FALSE	-0.142151719781894	-0.282746210228645	0.0779361590387723	0.169037209807067	lower_in_early_ESCC	TRUE	16	0.0832236628661826	0.115342780654339	FALSE	FALSE	TRUE	TRUE	TRUE	FALSE	nominal_concordant	FALSE	nominal_concordant_conditional	asinh scale sensitivity does not remain family q<=0.05 at all seven scales	44
AN004963	AN004963__99	ST003027	targeted LC-MS	negative	ST003027_targeted_LCMS_combined_modes	ST003027_targeted_tissue_shared_32	N-Acetyl-L-aspartic acid	nacetyllasparticacid							source_label_unmapped	IS-neg05_Suc-2233-d4-1	Negative	174	88	16	16	32	1	1	0	0	0	FALSE	1	16	16	187	0.4609375	0.0261722598537777	3.9346950625	2.9589744375	3.5723015	2.9214295	asinh	1	0.23905986445293	asinh(x*1) difference: Early_stage_ESCC minus Normal_tissue	0.00634324818680429	0.471776480719055	2.09643982402076	0.0444313965613464	0.12574923555098	187	0.4609375	0.0261722598537777	source_units_field_mz_but_method_comments_describe_nmol_per_g	not described in source metadata	none	source zero/negative values retained in primary asinh; detection/censoring flags and positive-only abundance sensitivity reported	no	unpaired	no	no	0.111425611689002	0.0631676346846815	1	0.0619869312326314	0.070104267465476	higher_in_early_ESCC	higher_in_early_ESCC	higher_in_early_ESCC	TRUE	TRUE	0.253821086920316	0.0360690820078097	0.0938580086633978	higher_in_early_ESCC	FALSE	-0.142151719781894	0.23905986445293	0.0141545006288064	0.0432723304937796	higher_in_early_ESCC	TRUE	16	0.110620735049598	0.132243780045884	FALSE	FALSE	TRUE	TRUE	TRUE	FALSE	nominal_concordant	FALSE	nominal_concordant_conditional	asinh scale sensitivity does not remain family q<=0.05 at all seven scales	45
AN004963	AN004963__85	ST003027	targeted LC-MS	negative	ST003027_targeted_LCMS_combined_modes	ST003027_targeted_tissue_shared_32	Terephthalic acid	terephthalicacid							source_label_unmapped	IS-neg05_Suc-2233-d4-1	Negative	165.04	121	16	16	32	1	1	0	0	0	FALSE	1	16	16	71	-0.4453125	0.0316924452476644	0.911769	1.0518494375	0.869495	1.119616	asinh	1	-0.100332142833668	asinh(x*1) difference: Early_stage_ESCC minus Normal_tissue	-0.199249956904271	-0.00141432876306466	-2.06876264858172	0.0470039389637345	0.128728598462895	71	-0.4453125	0.0316924452476644	source_units_field_mz_but_method_comments_describe_nmol_per_g	not described in source metadata	none	source zero/negative values retained in primary asinh; detection/censoring flags and positive-only abundance sensitivity reported	no	unpaired	no	no	0.115659206405211	0.0742574812007319	1	0.0734052959780462	0.0819632204680976	lower_in_early_ESCC	lower_in_early_ESCC	lower_in_early_ESCC	TRUE	TRUE	-0.114090285381741	0.0202438451557734	0.0601692064352155	lower_in_early_ESCC	FALSE	-0.142151719781894	-0.100332142833668	0.0370300783693929	0.0914287693495337	lower_in_early_ESCC	TRUE	16	0.115659206405211	0.179425388122885	FALSE	FALSE	TRUE	TRUE	TRUE	FALSE	nominal_concordant	FALSE	nominal_concordant_conditional	asinh scale sensitivity does not remain family q<=0.05 at all seven scales	46
AN004963	AN004963__103	ST003027	targeted LC-MS	negative	ST003027_targeted_LCMS_combined_modes	ST003027_targeted_tissue_shared_32	N-Formyl-L-methionine	nformyllmethionine							source_label_unmapped	IS-neg06_Hippuric Acid-d5-1	Negative	176.04	98.02	16	16	32	1	1	0	0	0	FALSE	1	16	16	196	0.53125	0.0103817957897017	0.0717939375	0.04971075	0.0724765	0.0480095	asinh	1	0.0220334842152644	asinh(x*1) difference: Early_stage_ESCC minus Normal_tissue	0.000289380536893029	0.0437775878936358	2.06404015780387	0.0472004861030613	0.128728598462895	196	0.53125	0.0103817957897017	source_units_field_mz_but_method_comments_describe_nmol_per_g	not described in source metadata	none	source zero/negative values retained in primary asinh; detection/censoring flags and positive-only abundance sensitivity reported	no	unpaired	no	no	0.115659206405211	0.0302959677135839	1	0.0294618529167209	0.0346059859656722	higher_in_early_ESCC	higher_in_early_ESCC	higher_in_early_ESCC	TRUE	TRUE	0.0219101486263551	0.0532698654229169	0.129127356805923	higher_in_early_ESCC	FALSE	-0.142151719781894	0.0220334842152644	0.064304090330672	0.144346944028991	higher_in_early_ESCC	TRUE	16	0.0271375968823671	0.386614488158264	FALSE	FALSE	TRUE	TRUE	TRUE	FALSE	nominal_concordant	FALSE	nominal_concordant_conditional	asinh scale sensitivity does not remain family q<=0.05 at all seven scales	47
AN004962	AN004962__242	ST003027	targeted LC-MS	positive	ST003027_targeted_LCMS_combined_modes	ST003027_targeted_tissue_shared_32	Nicotinamide mononucleotide	nicotinamidemononucleotide							source_label_unmapped	IS-pos02_GlU-13C5-N15-1	Positive	335	123	16	16	32	1	1	0	0	0	FALSE	1	16	16	65	-0.4921875	0.0175774092692974	0.492905625	0.7873515625	0.235001	0.6962215	asinh	1	-0.255411692170869	asinh(x*1) difference: Early_stage_ESCC minus Normal_tissue	-0.509264485747251	-0.0015588985944866	-2.05345261018075	0.048694498196918	0.106753322970166	65	-0.4921875	0.0175774092692974	source_units_field_mz_but_method_comments_describe_nmol_per_g	not described in source metadata	none	source zero/negative values retained in primary asinh; detection/censoring flags and positive-only abundance sensitivity reported	no	unpaired	no	no	0.117525818956471	0.0478165116563094	1	0.0460124158255525	0.0442020144860274	lower_in_early_ESCC	lower_in_early_ESCC	lower_in_early_ESCC	TRUE	TRUE	-0.237745758123575	0.068447337770312	0.158100850970105	lower_in_early_ESCC	FALSE	-0.142151719781894	-0.255411692170869	0.0599891626113205	0.1365710723279	lower_in_early_ESCC	TRUE	16	0.0218582248271429	0.18843118962729	FALSE	FALSE	TRUE	TRUE	TRUE	FALSE	nominal_concordant	FALSE	nominal_concordant_conditional	asinh scale sensitivity does not remain family q<=0.05 at all seven scales	48
AN004962	AN004962__243	ST003027	targeted LC-MS	positive	ST003027_targeted_LCMS_combined_modes	ST003027_targeted_tissue_shared_32	N-Acetylglucosaminylasparagine	nacetylglucosaminylasparagine							source_label_unmapped	IS-pos02_GlU-13C5-N15-1	Positive	336	126	16	16	32	1	1	0	0	0	FALSE	1	16	16	255	0.9921875	1.6972119813996e-06	2.4593071875	1.3727695	2.40856	1.341794	asinh	1	0.510947112707689	asinh(x*1) difference: Early_stage_ESCC minus Normal_tissue	0.403364729693983	0.618529495721396	9.69305432315705	7.98565667800351e-11	1.3655472919386e-08	255	0.9921875	1.6972119813996e-06	source_units_field_mz_but_method_comments_describe_nmol_per_g	not described in source metadata	none	source zero/negative values retained in primary asinh; detection/censoring flags and positive-only abundance sensitivity reported	no	unpaired	no	no	2.56339579363913e-08	0.000465233107896701	1	0.000456537161954707	0.000290223248819332	higher_in_early_ESCC	higher_in_early_ESCC	higher_in_early_ESCC	TRUE	TRUE	0.511068919033061	2.05114332901087e-10	6.58417008612489e-08	higher_in_early_ESCC	FALSE	-0.142151719781894	0.51094711270769	3.61821898278411e-09	1.1614482934737e-06	higher_in_early_ESCC	TRUE	16	2.56339579363913e-08	4.10191116101859e-07	TRUE	TRUE	TRUE	TRUE	TRUE	FALSE	limma_fdr_strong	TRUE	robust_rank_and_scale_fdr	all prespecified rank, scale, run-order and censoring upgrade criteria met	49
AN004962	AN004962__85	ST003027	targeted LC-MS	positive	ST003027_targeted_LCMS_combined_modes	ST003027_targeted_tissue_shared_32	L-Glutamic acid	lglutamicacid							source_label_unmapped	IS-pos02_GlU-13C5-N15-1	Positive	148	84	16	16	32	1	1	0	0	0	FALSE	1	16	16	249	0.9453125	5.10662208696999e-06	470.4127375625	269.565390625	517.8922085	272.8666985	asinh	1	0.552451428718301	asinh(x*1) difference: Early_stage_ESCC minus Normal_tissue	0.404015748715381	0.700887108721221	7.59594220964581	1.62387657198589e-08	1.05330375213827e-06	249	0.9453125	5.10662208696999e-06	source_units_field_mz_but_method_comments_describe_nmol_per_g	not described in source metadata	none	source zero/negative values retained in primary asinh; detection/censoring flags and positive-only abundance sensitivity reported	no	unpaired	no	no	1.97725441190869e-06	0.000465233107896701	1	0.000456537161954707	0.000354175527343381	higher_in_early_ESCC	higher_in_early_ESCC	higher_in_early_ESCC	TRUE	TRUE	0.547962028953003	3.78522484003151e-08	4.36654099220034e-06	higher_in_early_ESCC	FALSE	-0.142151719781894	0.552451428718297	7.76108634066379e-08	1.24565435767654e-05	higher_in_early_ESCC	TRUE	16	1.60107740777038e-06	4.36556910753911e-06	TRUE	TRUE	TRUE	TRUE	TRUE	FALSE	limma_fdr_strong	TRUE	robust_rank_and_scale_fdr	all prespecified rank, scale, run-order and censoring upgrade criteria met	50
AN004962	AN004962__2	ST003027	targeted LC-MS	positive	ST003027_targeted_LCMS_combined_modes	ST003027_targeted_tissue_shared_32	Ethanolamine	ethanolamine							source_label_unmapped	IS-pos06_TMAO-d9-1	Positive	62.2	44.2	16	16	32	1	1	0	0	0	FALSE	1	16	16	238	0.859375	3.38657413132548e-05	14.203111625	6.4142589375	14.087875	5.7765885	asinh	1	0.766024701090307	asinh(x*1) difference: Early_stage_ESCC minus Normal_tissue	0.5562181920412	0.975831210139414	7.45160239553575	2.38939184719256e-08	1.05330375213827e-06	238	0.859375	3.38657413132548e-05	source_units_field_mz_but_method_comments_describe_nmol_per_g	not described in source metadata	none	source zero/negative values retained in primary asinh; detection/censoring flags and positive-only abundance sensitivity reported	no	unpaired	no	no	1.97725441190869e-06	0.000679431435098081	1	0.000666731782105593	0.000579104176456657	higher_in_early_ESCC	higher_in_early_ESCC	higher_in_early_ESCC	TRUE	TRUE	0.753878478447872	5.44117257595058e-08	4.36654099220034e-06	higher_in_early_ESCC	FALSE	-0.142151719781894	0.766024701090305	8.25556345822768e-06	0.000294448430010121	higher_in_early_ESCC	TRUE	16	1.62275200783907e-06	5.9741061114083e-06	TRUE	TRUE	TRUE	TRUE	TRUE	FALSE	limma_fdr_strong	TRUE	robust_rank_and_scale_fdr	all prespecified rank, scale, run-order and censoring upgrade criteria met	51
AN004962	AN004962__67	ST003027	targeted LC-MS	positive	ST003027_targeted_LCMS_combined_modes	ST003027_targeted_tissue_shared_32	1-Methylnicotinamide	1methylnicotinamide							source_label_unmapped	IS-pos06_TMAO-d9-1	Positive	137	94	16	16	32	1	1	0	0	0	FALSE	1	16	16	247	0.9296875	7.29203464255868e-06	1.79433625	0.393372375	1.727184	0.358008	asinh	1	0.886567697925593	asinh(x*1) difference: Early_stage_ESCC minus Normal_tissue	0.643372566151752	1.12976282969943	7.4401704298527	2.46386842605444e-08	1.05330375213827e-06	247	0.9296875	7.29203464255868e-06	source_units_field_mz_but_method_comments_describe_nmol_per_g	not described in source metadata	none	source zero/negative values retained in primary asinh; detection/censoring flags and positive-only abundance sensitivity reported	no	unpaired	no	no	1.97725441190869e-06	0.000465233107896701	1	0.000456537161954707	0.000354175527343381	higher_in_early_ESCC	higher_in_early_ESCC	higher_in_early_ESCC	TRUE	TRUE	0.869086331461563	5.36639086311304e-08	4.36654099220034e-06	higher_in_early_ESCC	FALSE	-0.142151719781894	0.886567697925593	4.99028032983174e-06	0.000228839997982284	higher_in_early_ESCC	TRUE	16	3.29197013955092e-07	9.23403561126449e-05	TRUE	TRUE	TRUE	TRUE	TRUE	FALSE	limma_fdr_strong	TRUE	robust_rank_and_scale_fdr	all prespecified rank, scale, run-order and censoring upgrade criteria met	52
AN004962	AN004962__41	ST003027	targeted LC-MS	positive	ST003027_targeted_LCMS_combined_modes	ST003027_targeted_tissue_shared_32	Nicotinamide	nicotinamide							source_label_unmapped	IS-pos05_Nic-2456-d4-1	Positive	123	80	16	16	32	1	1	0	0	0	FALSE	1	16	16	242	0.890625	1.73487288057661e-05	14.0617795625	5.7117778125	14.656262	5.7212965	asinh	1	0.862162823834294	asinh(x*1) difference: Early_stage_ESCC minus Normal_tissue	0.609078554806931	1.11524709286166	6.95264408766868	9.24746052717212e-08	3.16263150029286e-06	242	0.890625	1.73487288057661e-05	source_units_field_mz_but_method_comments_describe_nmol_per_g	not described in source metadata	none	source zero/negative values retained in primary asinh; detection/censoring flags and positive-only abundance sensitivity reported	no	unpaired	no	no	5.9368696584445e-06	0.00054966800849976	1	0.000539393840116587	0.000494438770964334	higher_in_early_ESCC	higher_in_early_ESCC	higher_in_early_ESCC	TRUE	TRUE	0.879446470359041	9.4326404382172e-08	6.05575516133545e-06	higher_in_early_ESCC	FALSE	-0.142151719781894	0.862162823834294	4.49732651126493e-06	0.000228839997982284	higher_in_early_ESCC	TRUE	16	3.19095665358804e-06	8.31239178286258e-05	TRUE	TRUE	TRUE	TRUE	TRUE	FALSE	limma_fdr_strong	TRUE	robust_rank_and_scale_fdr	all prespecified rank, scale, run-order and censoring upgrade criteria met	53
AN004963	AN004963__127	ST003027	targeted LC-MS	negative	ST003027_targeted_LCMS_combined_modes	ST003027_targeted_tissue_shared_32	gamma-Carboxyglutamic acid	gammacarboxyglutamicacid							source_label_unmapped	IS-neg05_Suc-2233-d4-1	Negative	190.1	102	16	16	32	1	1	0	0	0	FALSE	1	16	16	243	0.8984375	1.4627412686874e-05	0.578362625	0.346784625	0.60021	0.354755	asinh	1	0.208241276073602	asinh(x*1) difference: Early_stage_ESCC minus Normal_tissue	0.143689878654543	0.272792673492662	6.57533822824566	2.2424184087308e-07	3.3636276130962e-05	243	0.8984375	1.4627412686874e-05	source_units_field_mz_but_method_comments_describe_nmol_per_g	not described in source metadata	none	source zero/negative values retained in primary asinh; detection/censoring flags and positive-only abundance sensitivity reported	no	unpaired	no	no	1.19969384867098e-05	0.00054966800849976	1	0.000539393840116587	0.000616450102988582	higher_in_early_ESCC	higher_in_early_ESCC	higher_in_early_ESCC	TRUE	TRUE	0.202706454377234	4.37489003775011e-07	2.34056617019631e-05	higher_in_early_ESCC	FALSE	-0.142151719781894	0.208241276073602	1.14960835634162e-06	9.22560705964148e-05	higher_in_early_ESCC	TRUE	16	1.14123826732392e-05	5.13556195244112e-05	TRUE	TRUE	TRUE	TRUE	TRUE	FALSE	limma_fdr_strong	TRUE	robust_rank_and_scale_fdr	all prespecified rank, scale, run-order and censoring upgrade criteria met	54
AN004962	AN004962__59	ST003027	targeted LC-MS	positive	ST003027_targeted_LCMS_combined_modes	ST003027_targeted_tissue_shared_32	L-Asparagine	lasparagine							source_label_unmapped	IS-pos03_GABA-d6-1	Positive	133	74	16	16	32	1	1	0	0	0	FALSE	1	16	16	245	0.9140625	1.03560095714439e-05	39.8839371875	19.2214884375	39.503609	17.9265255	asinh	1	0.712840957905342	asinh(x*1) difference: Early_stage_ESCC minus Normal_tissue	0.482787307085094	0.94289460872559	6.32396376311159	5.27418036612616e-07	1.50314140434595e-05	245	0.9140625	1.03560095714439e-05	source_units_field_mz_but_method_comments_describe_nmol_per_g	not described in source metadata	none	source zero/negative values retained in primary asinh; detection/censoring flags and positive-only abundance sensitivity reported	no	unpaired	no	no	2.41858842503785e-05	0.000474897010347641	1	0.000466020430714975	0.000354175527343381	higher_in_early_ESCC	higher_in_early_ESCC	higher_in_early_ESCC	TRUE	TRUE	0.721148973333465	7.3867774316361e-07	3.38736507936456e-05	higher_in_early_ESCC	FALSE	-0.142151719781894	0.712840957905342	1.58323011337778e-07	1.69405622131422e-05	higher_in_early_ESCC	TRUE	16	1.14123826732392e-05	0.00015285962642561	TRUE	TRUE	TRUE	TRUE	TRUE	FALSE	limma_fdr_strong	TRUE	robust_rank_and_scale_fdr	all prespecified rank, scale, run-order and censoring upgrade criteria met	55
AN004963	AN004963__28	ST003027	targeted LC-MS	negative	ST003027_targeted_LCMS_combined_modes	ST003027_targeted_tissue_shared_32	3-Methyl-2-oxovaleric acid	3methyl2oxovalericacid							source_label_unmapped	IS-neg03_Anthranilic acid-(phenyl-13C6)-1	Negative	129.07	101	16	16	32	1	1	0	0	0	FALSE	1	16	16	15	-0.8828125	2.05483367662861e-05	0.1323554375	0.481297625	0.1229905	0.4760695	asinh	1	-0.325867870998786	asinh(x*1) difference: Early_stage_ESCC minus Normal_tissue	-0.435128610966174	-0.216607131031398	-6.08384663457654	9.83306633813638e-07	4.9377272248066e-05	15	-0.8828125	2.05483367662861e-05	source_units_field_mz_but_method_comments_describe_nmol_per_g	not described in source metadata	none	source zero/negative values retained in primary asinh; detection/censoring flags and positive-only abundance sensitivity reported	no	unpaired	no	no	3.52224542036204e-05	0.00054966800849976	1	0.000539393840116587	0.000616450102988582	lower_in_early_ESCC	lower_in_early_ESCC	lower_in_early_ESCC	TRUE	TRUE	-0.331986995613621	1.08133801540714e-06	4.06768723830339e-05	lower_in_early_ESCC	FALSE	-0.142151719781894	-0.325867870998786	8.22335838190387e-05	0.00119986274572325	lower_in_early_ESCC	TRUE	16	5.41397254196143e-06	8.31239178286258e-05	TRUE	TRUE	TRUE	TRUE	TRUE	FALSE	limma_fdr_strong	TRUE	robust_rank_and_scale_fdr	all prespecified rank, scale, run-order and censoring upgrade criteria met	56
AN004963	AN004963__39	ST003027	targeted LC-MS	negative	ST003027_targeted_LCMS_combined_modes	ST003027_targeted_tissue_shared_32	Glutaric acid	glutaricacid							source_label_unmapped	IS-neg05_Suc-2233-d4-1	Negative	131.02	87	16	16	32	1	1	0	0	0	FALSE	1	16	16	15	-0.8828125	2.05483367662861e-05	0.4446180625	1.3707860625	0.380248	1.1928185	asinh	1	-0.648907390296276	asinh(x*1) difference: Early_stage_ESCC minus Normal_tissue	-0.866057109595198	-0.431757670997354	-6.0985497868151	9.8754544496132e-07	4.9377272248066e-05	15	-0.8828125	2.05483367662861e-05	source_units_field_mz_but_method_comments_describe_nmol_per_g	not described in source metadata	none	source zero/negative values retained in primary asinh; detection/censoring flags and positive-only abundance sensitivity reported	no	unpaired	no	no	3.52224542036204e-05	0.00054966800849976	1	0.000539393840116587	0.000616450102988582	lower_in_early_ESCC	lower_in_early_ESCC	lower_in_early_ESCC	TRUE	TRUE	-0.660226987721658	1.14047305746824e-06	4.06768723830339e-05	lower_in_early_ESCC	FALSE	-0.142151719781894	-0.648907390296276	5.85321292297595e-05	0.000988884920144884	lower_in_early_ESCC	TRUE	16	1.09429252642682e-05	0.000224225639919522	TRUE	TRUE	TRUE	TRUE	TRUE	FALSE	limma_fdr_strong	TRUE	robust_rank_and_scale_fdr	all prespecified rank, scale, run-order and censoring upgrade criteria met	57
AN004962	AN004962__174	ST003027	targeted LC-MS	positive	ST003027_targeted_LCMS_combined_modes	ST003027_targeted_tissue_shared_32	Kynurenine	kynurenine							source_label_unmapped	IS-pos01_Leu-555-d3-1	Positive	209.2	192	16	16	32	1	1	0	0	0	FALSE	1	16	16	238	0.859375	3.38657413132548e-05	5.5683403125	0.940982625	5.154843	0.8924065	asinh	1	1.30285398387562	asinh(x*1) difference: Early_stage_ESCC minus Normal_tissue	0.864048624259744	1.7416593434915	6.05967984064211	1.10739490576601e-06	2.70520755551412e-05	238	0.859375	3.38657413132548e-05	source_units_field_mz_but_method_comments_describe_nmol_per_g	not described in source metadata	none	source zero/negative values retained in primary asinh; detection/censoring flags and positive-only abundance sensitivity reported	no	unpaired	no	no	3.5547376475089e-05	0.000679431435098081	1	0.000666731782105593	0.000579104176456657	higher_in_early_ESCC	higher_in_early_ESCC	higher_in_early_ESCC	TRUE	TRUE	1.26124851887333	2.0332017458568e-06	6.52657760420032e-05	higher_in_early_ESCC	FALSE	-0.142151719781894	1.30285398387562	9.36986690695694e-06	0.000300772727713318	higher_in_early_ESCC	TRUE	16	1.34652542906843e-05	0.00234496660668195	TRUE	TRUE	TRUE	TRUE	TRUE	FALSE	limma_fdr_strong	TRUE	robust_rank_and_scale_fdr	all prespecified rank, scale, run-order and censoring upgrade criteria met	58
AN004962	AN004962__110	ST003027	targeted LC-MS	positive	ST003027_targeted_LCMS_combined_modes	ST003027_targeted_tissue_shared_32	5-Hydroxylysine	5hydroxylysine							source_label_unmapped	IS-pos02_GlU-13C5-N15-1	Positive	163.2	128	16	16	32	1	1	0	0	0	FALSE	1	16	16	240	0.875	2.4304960694721e-05	0.59417575	0.093454625	0.5448585	0.091701	asinh	1	0.44868529354285	asinh(x*1) difference: Early_stage_ESCC minus Normal_tissue	0.293021952876368	0.604348634209332	5.88276291161374	1.8242010142426e-06	3.89922966794355e-05	240	0.875	2.4304960694721e-05	source_units_field_mz_but_method_comments_describe_nmol_per_g	not described in source metadata	none	source zero/negative values retained in primary asinh; detection/censoring flags and positive-only abundance sensitivity reported	no	unpaired	no	no	5.32335023247158e-05	0.000600145567923495	1	0.000588927893756701	0.000519518534849661	higher_in_early_ESCC	higher_in_early_ESCC	higher_in_early_ESCC	TRUE	TRUE	0.43965377387873	3.68269924459072e-06	9.85122047928018e-05	higher_in_early_ESCC	FALSE	-0.142151719781894	0.44868529354285	2.28110939870192e-05	0.000563258551525628	higher_in_early_ESCC	TRUE	16	9.91784966768621e-07	0.00015285962642561	TRUE	TRUE	TRUE	TRUE	TRUE	FALSE	limma_fdr_strong	TRUE	robust_rank_and_scale_fdr	all prespecified rank, scale, run-order and censoring upgrade criteria met	59
AN004963	AN004963__207	ST003027	targeted LC-MS	negative	ST003027_targeted_LCMS_combined_modes	ST003027_targeted_tissue_shared_32	Cytidine-5'-triphosphate	cytidine5triphosphate							source_label_unmapped	IS-neg05_Suc-2233-d4-1	Negative	482	159	16	16	32	1	1	0	0	0	FALSE	1	16	16	30	-0.765625	0.000221176352585659	0.2295091875	0.8428799375	0.1059	0.840068	asinh	1	-0.534207807945127	asinh(x*1) difference: Early_stage_ESCC minus Normal_tissue	-0.721493347383438	-0.346922268506815	-5.8211542943429	2.16142214062583e-06	8.10533302734687e-05	30	-0.765625	0.000221176352585659	source_units_field_mz_but_method_comments_describe_nmol_per_g	not described in source metadata	none	source zero/negative values retained in primary asinh; detection/censoring flags and positive-only abundance sensitivity reported	no	unpaired	no	no	5.7818042261741e-05	0.00191885430216219	1	0.00211122882013596	0.00274729541841575	lower_in_early_ESCC	lower_in_early_ESCC	lower_in_early_ESCC	TRUE	TRUE	-0.542464612762877	2.64810606829819e-06	7.72765498112472e-05	lower_in_early_ESCC	FALSE	-0.142151719781894	-0.534207807945127	0.000398865514344557	0.00320089575261507	lower_in_early_ESCC	TRUE	16	5.15594285327992e-05	0.000286331753750849	TRUE	TRUE	TRUE	TRUE	TRUE	FALSE	limma_fdr_strong	TRUE	robust_rank_and_scale_fdr	all prespecified rank, scale, run-order and censoring upgrade criteria met	60
AN004962	AN004962__17	ST003027	targeted LC-MS	positive	ST003027_targeted_LCMS_combined_modes	ST003027_targeted_tissue_shared_32	Choline	choline							source_label_unmapped	IS-pos01_Leu-555-d3-1	Positive	104	60	16	16	32	1	1	0	0	0	FALSE	1	16	16	232	0.8125	8.86785829958825e-05	59.97003725	41.2495525	63.333431	42.4198015	asinh	1	0.363144611223994	asinh(x*1) difference: Early_stage_ESCC minus Normal_tissue	0.23266849506	0.493620727387989	5.68034142627853	3.23576529380211e-06	5.604440189302e-05	232	0.8125	8.86785829958825e-05	source_units_field_mz_but_method_comments_describe_nmol_per_g	not described in source metadata	none	source zero/negative values retained in primary asinh; detection/censoring flags and positive-only abundance sensitivity reported	no	unpaired	no	no	7.5147255671092e-05	0.00129390114280356	1	0.00133017874493824	0.000934929534539441	higher_in_early_ESCC	higher_in_early_ESCC	higher_in_early_ESCC	TRUE	TRUE	0.358086859150456	6.34860248518662e-06	0.000149219372497415	higher_in_early_ESCC	FALSE	-0.142151719781894	0.363144611223994	6.43554681086529e-06	0.00025822631578597	higher_in_early_ESCC	TRUE	16	5.76952066706937e-05	0.000280520055267963	TRUE	TRUE	TRUE	TRUE	TRUE	FALSE	limma_fdr_strong	TRUE	robust_rank_and_scale_fdr	all prespecified rank, scale, run-order and censoring upgrade criteria met	61
AN004962	AN004962__82	ST003027	targeted LC-MS	positive	ST003027_targeted_LCMS_combined_modes	ST003027_targeted_tissue_shared_32	4-(Trimethylammonio)butanoate	4trimethylammoniobutanoate							source_label_unmapped	IS-pos03_GABA-d6-1	Positive	146.2	87	16	16	32	1	1	0	0	0	FALSE	1	16	16	246	0.921875	8.69594594199441e-06	1.36990225	0.621026875	1.17306	0.5933165	asinh	1	0.492160415325886	asinh(x*1) difference: Early_stage_ESCC minus Normal_tissue	0.315188918120799	0.669131912530973	5.67582782077859	3.27745040310059e-06	5.604440189302e-05	246	0.921875	8.69594594199441e-06	source_units_field_mz_but_method_comments_describe_nmol_per_g	not described in source metadata	none	source zero/negative values retained in primary asinh; detection/censoring flags and positive-only abundance sensitivity reported	no	unpaired	no	no	7.5147255671092e-05	0.000465233107896701	1	0.000456537161954707	0.000354175527343381	higher_in_early_ESCC	higher_in_early_ESCC	higher_in_early_ESCC	TRUE	TRUE	0.48278490841266	6.5080100154636e-06	0.000149219372497415	higher_in_early_ESCC	FALSE	-0.142151719781894	0.492160415325886	1.94264550022948e-05	0.000563258551525628	higher_in_early_ESCC	TRUE	16	1.14123826732392e-05	0.00096287531427069	TRUE	TRUE	TRUE	TRUE	TRUE	FALSE	limma_fdr_strong	TRUE	robust_rank_and_scale_fdr	all prespecified rank, scale, run-order and censoring upgrade criteria met	62
AN004963	AN004963__148	ST003027	targeted LC-MS	negative	ST003027_targeted_LCMS_combined_modes	ST003027_targeted_tissue_shared_32	Glucaric acid	glucaricacid							source_label_unmapped	IS-neg05_Suc-2233-d4-1	Negative	209	85	16	16	32	1	1	0	0	0	FALSE	1	16	16	248	0.9375	6.10643575904568e-06	0.14519825	0.071178625	0.1429375	0.068225	asinh	1	0.0734664796398081	asinh(x*1) difference: Early_stage_ESCC minus Normal_tissue	0.0463453964688987	0.100587562810718	5.51770748794847	4.4034598856751e-06	0.000132103796570253	248	0.9375	6.10643575904568e-06	source_units_field_mz_but_method_comments_describe_nmol_per_g	not described in source metadata	none	source zero/negative values retained in primary asinh; detection/censoring flags and positive-only abundance sensitivity reported	no	unpaired	no	no	9.42340415534472e-05	0.000465233107896701	1	0.000456537161954707	0.000457982681928426	higher_in_early_ESCC	higher_in_early_ESCC	higher_in_early_ESCC	TRUE	TRUE	0.072253550302004	8.17145898795619e-06	0.000174869222342262	higher_in_early_ESCC	FALSE	-0.142151719781894	0.073466479639808	3.38297597423545e-05	0.00063878546337034	higher_in_early_ESCC	TRUE	16	3.19095665358804e-06	0.00311518612297158	TRUE	TRUE	TRUE	TRUE	TRUE	FALSE	limma_fdr_strong	TRUE	robust_rank_and_scale_fdr	all prespecified rank, scale, run-order and censoring upgrade criteria met	63
AN004962	AN004962__251	ST003027	targeted LC-MS	positive	ST003027_targeted_LCMS_combined_modes	ST003027_targeted_tissue_shared_32	Riboflavin	riboflavin							source_label_unmapped	IS-pos04_ACh-d9-1	Positive	377	243	16	16	32	1	1	0	0	0	FALSE	1	16	16	241	0.8828125	2.05483367663462e-05	0.525122875	0.0889046875	0.4410495	0.07711	asinh	1	0.396405592316053	asinh(x*1) difference: Early_stage_ESCC minus Normal_tissue	0.250238417509234	0.542572767122873	5.534976447034	4.88849014220356e-06	7.59938013015281e-05	241	0.8828125	2.05483367663462e-05	source_units_field_mz_but_method_comments_describe_nmol_per_g	not described in source metadata	none	source zero/negative values retained in primary asinh; detection/censoring flags and positive-only abundance sensitivity reported	no	unpaired	no	no	9.8075333477959e-05	0.00054966800849976	1	0.000539393840116587	0.000501966512435027	higher_in_early_ESCC	higher_in_early_ESCC	higher_in_early_ESCC	TRUE	TRUE	0.388594727990304	9.58618975703965e-06	0.000192322932000608	higher_in_early_ESCC	FALSE	-0.142151719781894	0.396405592316053	6.67040496390382e-05	0.00107059999670656	higher_in_early_ESCC	TRUE	16	3.00415167084183e-06	0.000264471375434562	TRUE	TRUE	TRUE	TRUE	TRUE	FALSE	limma_fdr_strong	TRUE	robust_rank_and_scale_fdr	all prespecified rank, scale, run-order and censoring upgrade criteria met	64
AN004962	AN004962__228	ST003027	targeted LC-MS	positive	ST003027_targeted_LCMS_combined_modes	ST003027_targeted_tissue_shared_32	5'-Deoxy-5'-methylthioadenosine	5deoxy5methylthioadenosine							source_label_unmapped	IS-pos05_Nic-2456-d4-1	Positive	298	136	16	16	32	1	1	0	0	0	FALSE	1	16	16	224	0.75	0.000296732311293235	0.2092708125	0.0991005	0.2310975	0.1019705	asinh	1	0.10838493058408	asinh(x*1) difference: Early_stage_ESCC minus Normal_tissue	0.0666923560694029	0.150077505098756	5.30545840144979	9.3689327087155e-06	0.000123237499476181	224	0.75	0.000296732311293235	source_units_field_mz_but_method_comments_describe_nmol_per_g	not described in source metadata	none	source zero/negative values retained in primary asinh; detection/censoring flags and positive-only abundance sensitivity reported	no	unpaired	no	no	0.000167079299972093	0.00216479708920747	1	0.00252623454209106	0.00169137417437144	higher_in_early_ESCC	higher_in_early_ESCC	higher_in_early_ESCC	TRUE	TRUE	0.107731801549375	1.65218704649469e-05	0.000274068186523703	higher_in_early_ESCC	FALSE	-0.142151719781894	0.108384930584079	7.76457960950621e-05	0.00118687145459595	higher_in_early_ESCC	TRUE	16	0.000167079299972093	0.00106735480041483	TRUE	TRUE	TRUE	TRUE	TRUE	FALSE	limma_fdr_strong	TRUE	robust_rank_and_scale_fdr	all prespecified rank, scale, run-order and censoring upgrade criteria met	65
AN004962	AN004962__31	ST003027	targeted LC-MS	positive	ST003027_targeted_LCMS_combined_modes	ST003027_targeted_tissue_shared_32	Betaine	betaine							source_label_unmapped	IS-pos06_TMAO-d9-1	Positive	118.2	58	16	16	32	1	1	0	0	0	FALSE	1	16	16	220	0.71875	0.000525557438272761	15.5067735625	6.5186720625	14.498444	6.0192095	asinh	1	0.768522161545985	asinh(x*1) difference: Early_stage_ESCC minus Normal_tissue	0.470649846958374	1.0663944761336	5.26565150284266	1.05148418365669e-05	0.000128431282432352	220	0.71875	0.000525557438272761	source_units_field_mz_but_method_comments_describe_nmol_per_g	not described in source metadata	none	source zero/negative values retained in primary asinh; detection/censoring flags and positive-only abundance sensitivity reported	no	unpaired	no	no	0.000177645485765156	0.00324430649395301	1	0.00359892593599826	0.00264324476307771	higher_in_early_ESCC	higher_in_early_ESCC	higher_in_early_ESCC	TRUE	TRUE	0.744589197017187	1.96671699405843e-05	0.000300626740520359	higher_in_early_ESCC	FALSE	-0.142151719781894	0.768522161545983	3.0054476379865e-05	0.000602967932371042	higher_in_early_ESCC	TRUE	16	0.000153990121314619	0.000357157461504573	TRUE	TRUE	TRUE	TRUE	TRUE	FALSE	limma_fdr_strong	TRUE	robust_rank_and_scale_fdr	all prespecified rank, scale, run-order and censoring upgrade criteria met	66
AN004963	AN004963__27	ST003027	targeted LC-MS	negative	ST003027_targeted_LCMS_combined_modes	ST003027_targeted_tissue_shared_32	2-Oxohexanoic acid	2oxohexanoicacid							source_label_unmapped	IS-neg03_Anthranilic acid-(phenyl-13C6)-1	Negative	129	101.3	16	16	32	1	1	0	0	0	FALSE	1	16	16	18	-0.859375	3.38657413133e-05	0.0529083125	0.146072	0.045447	0.139423	asinh	1	-0.092400217618915	asinh(x*1) difference: Early_stage_ESCC minus Normal_tissue	-0.129942126717976	-0.0548583085198536	-5.01340874571828	1.91111627717847e-05	0.000443533375812863	18	-0.859375	3.38657413133e-05	source_units_field_mz_but_method_comments_describe_nmol_per_g	not described in source metadata	none	source zero/negative values retained in primary asinh; detection/censoring flags and positive-only abundance sensitivity reported	no	unpaired	no	no	0.000297274204960127	0.000679431435098081	1	0.000666731782105593	0.0008466435328325	lower_in_early_ESCC	lower_in_early_ESCC	lower_in_early_ESCC	TRUE	TRUE	-0.0954612213394122	1.34355905268283e-05	0.0002536955623007	lower_in_early_ESCC	FALSE	-0.142151719781894	-0.092400217618915	0.000216605719783484	0.00210698291062116	lower_in_early_ESCC	TRUE	16	2.22198469692788e-05	0.00238116760964862	TRUE	TRUE	TRUE	TRUE	TRUE	FALSE	limma_fdr_strong	TRUE	robust_rank_and_scale_fdr	all prespecified rank, scale, run-order and censoring upgrade criteria met	67
AN004962	AN004962__29	ST003027	targeted LC-MS	positive	ST003027_targeted_LCMS_combined_modes	ST003027_targeted_tissue_shared_32	L-Proline	lproline							source_label_unmapped	IS-pos06_TMAO-d9-1	Positive	116	70	16	16	32	1	1	0	0	0	FALSE	1	16	16	234	0.828125	6.4687340505909e-05	85.7065013125	44.2845665	92.002033	49.496952	asinh	1	0.65588510853968	asinh(x*1) difference: Early_stage_ESCC minus Normal_tissue	0.39079044628226	0.9209797707971	5.04954962558158	1.94478451843074e-05	0.000221705435101104	234	0.828125	6.4687340505909e-05	source_units_field_mz_but_method_comments_describe_nmol_per_g	not described in source metadata	none	source zero/negative values retained in primary asinh; detection/censoring flags and positive-only abundance sensitivity reported	no	unpaired	no	no	0.000297274204960127	0.00103823181511984	1	0.0010724480136506	0.000790109659036459	higher_in_early_ESCC	higher_in_early_ESCC	higher_in_early_ESCC	TRUE	TRUE	0.63951107474384	3.6564985493779e-05	0.000533516379250139	higher_in_early_ESCC	FALSE	-0.142151719781894	0.65588510853968	3.20459950328989e-06	0.000205735288111211	higher_in_early_ESCC	TRUE	16	0.000215981253059551	0.000353405293454243	TRUE	TRUE	TRUE	TRUE	TRUE	FALSE	limma_fdr_strong	TRUE	robust_rank_and_scale_fdr	all prespecified rank, scale, run-order and censoring upgrade criteria met	68
AN004963	AN004963__168	ST003027	targeted LC-MS	negative	ST003027_targeted_LCMS_combined_modes	ST003027_targeted_tissue_shared_32	N-Acetyl-D-Glucosamine 6-Phosphate	nacetyldglucosamine6phosphate							source_label_unmapped	IS-neg05_Suc-2233-d4-1	Negative	300	199	16	16	32	1	1	0	0	0	FALSE	1	16	16	220	0.71875	0.000525557438272761	3.104513875	1.2465258125	3.1943005	1.239749	asinh	1	0.725413557702844	asinh(x*1) difference: Early_stage_ESCC minus Normal_tissue	0.430889269198804	1.01993784620688	5.02652304774202	2.06982242046003e-05	0.000443533375812863	220	0.71875	0.000525557438272761	source_units_field_mz_but_method_comments_describe_nmol_per_g	not described in source metadata	none	source zero/negative values retained in primary asinh; detection/censoring flags and positive-only abundance sensitivity reported	no	unpaired	no	no	0.000302005907712577	0.00324430649395301	1	0.00359892593599826	0.00437964531893968	higher_in_early_ESCC	higher_in_early_ESCC	higher_in_early_ESCC	TRUE	TRUE	0.711584546716578	3.84739352417587e-05	0.000536962313591502	higher_in_early_ESCC	FALSE	-0.142151719781894	0.725413557702843	0.000290981144113982	0.00245802492791022	higher_in_early_ESCC	TRUE	16	0.000302005907712577	0.000482868021939347	TRUE	TRUE	TRUE	TRUE	TRUE	FALSE	limma_fdr_strong	TRUE	robust_rank_and_scale_fdr	all prespecified rank, scale, run-order and censoring upgrade criteria met	69
AN004962	AN004962__107	ST003027	targeted LC-MS	positive	ST003027_targeted_LCMS_combined_modes	ST003027_targeted_tissue_shared_32	L-Carnitine	lcarnitine							source_label_unmapped	IS-pos06_TMAO-d9-1	Positive	162.01	103	16	16	32	1	1	0	0	0	FALSE	1	16	16	228	0.78125	0.000163973938982265	10.1849633125	7.2674250625	9.9658645	7.169776	asinh	1	0.322312329310723	asinh(x*1) difference: Early_stage_ESCC minus Normal_tissue	0.187830815895489	0.456793842725956	4.89147894110462	3.0483156987003e-05	0.000325788740298594	228	0.78125	0.000163973938982265	source_units_field_mz_but_method_comments_describe_nmol_per_g	not described in source metadata	none	source zero/negative values retained in primary asinh; detection/censoring flags and positive-only abundance sensitivity reported	no	unpaired	no	no	0.000425438843166433	0.00169792369075184	1	0.00191302928812642	0.00121911058982466	higher_in_early_ESCC	higher_in_early_ESCC	higher_in_early_ESCC	TRUE	TRUE	0.310412208571484	5.48340205516634e-05	0.000704068823883358	higher_in_early_ESCC	FALSE	-0.142151719781894	0.322312329310724	0.000180090333666127	0.00186480635828473	higher_in_early_ESCC	TRUE	16	0.000348427417481958	0.000917367409967918	TRUE	TRUE	TRUE	TRUE	TRUE	FALSE	limma_fdr_strong	TRUE	robust_rank_and_scale_fdr	all prespecified rank, scale, run-order and censoring upgrade criteria met	70
AN004962	AN004962__52	ST003027	targeted LC-MS	positive	ST003027_targeted_LCMS_combined_modes	ST003027_targeted_tissue_shared_32	N-Acetylputrescine	nacetylputrescine							source_label_unmapped	IS-pos06_TMAO-d9-1	Positive	131	114	16	16	32	1	1	0	0	0	FALSE	1	16	16	233	0.8203125	7.57901618004819e-05	0.273283375	0.042227	0.2816275	0.0313295	asinh	1	0.223267773959327	asinh(x*1) difference: Early_stage_ESCC minus Normal_tissue	0.128958288990633	0.31757725892802	4.831661788259	3.61280969460218e-05	0.000363406151633513	233	0.8203125	7.57901618004819e-05	source_units_field_mz_but_method_comments_describe_nmol_per_g	not described in source metadata	none	source zero/negative values retained in primary asinh; detection/censoring flags and positive-only abundance sensitivity reported	no	unpaired	no	no	0.000483213296653041	0.00115850675895022	1	0.00119369504835759	0.000864007844525494	higher_in_early_ESCC	higher_in_early_ESCC	higher_in_early_ESCC	TRUE	TRUE	0.211287407524401	5.47864559631641e-05	0.000704068823883358	higher_in_early_ESCC	FALSE	-0.142151719781894	0.223267773959327	0.000115146545775956	0.00146155254877256	higher_in_early_ESCC	TRUE	16	4.35558104918618e-05	0.000836063986334321	TRUE	TRUE	TRUE	TRUE	TRUE	FALSE	limma_fdr_strong	TRUE	robust_rank_and_scale_fdr	all prespecified rank, scale, run-order and censoring upgrade criteria met	71
AN004963	AN004963__222	ST003027	targeted LC-MS	negative	ST003027_targeted_LCMS_combined_modes	ST003027_targeted_tissue_shared_32	Flavin adenine dinucleotide	flavinadeninedinucleotide							source_label_unmapped	IS-neg02_Glu-13C5-N15-1	Negative	784	437	16	16	32	1	1	0	0	0	FALSE	1	16	16	226	0.765625	0.000221176352585672	0.3746069375	0.259353125	0.3847035	0.2586755	asinh	1	0.109694291488607	asinh(x*1) difference: Early_stage_ESCC minus Normal_tissue	0.0626017617211784	0.156786821256036	4.74469696935943	4.16728535536218e-05	0.000781366004130409	226	0.765625	0.000221176352585672	source_units_field_mz_but_method_comments_describe_nmol_per_g	not described in source metadata	none	source zero/negative values retained in primary asinh; detection/censoring flags and positive-only abundance sensitivity reported	no	unpaired	no	no	0.000535079439628504	0.00191885430216219	1	0.00211122882013596	0.00274729541841575	higher_in_early_ESCC	higher_in_early_ESCC	higher_in_early_ESCC	TRUE	TRUE	0.10674572231679	7.55935727019424e-05	0.000933289878358596	higher_in_early_ESCC	FALSE	-0.142151719781894	0.109694291488607	0.00012900380446903	0.0014789364726628	higher_in_early_ESCC	TRUE	16	0.000535079439628504	0.00198141952053702	TRUE	TRUE	TRUE	TRUE	TRUE	FALSE	limma_fdr_strong	TRUE	robust_rank_and_scale_fdr	all prespecified rank, scale, run-order and censoring upgrade criteria met	72
AN004963	AN004963__173	ST003027	targeted LC-MS	negative	ST003027_targeted_LCMS_combined_modes	ST003027_targeted_tissue_shared_32	2'-Deoxyadenosine-5'-monophosphate	2deoxyadenosine5monophosphate							source_label_unmapped	IS-neg02_Glu-13C5-N15-1	Negative	330	79	16	16	32	1	1	0	0	0	FALSE	1	16	16	227	0.7734375	0.00019056766773784	1.21356175	0.328734875	1.1177505	0.3041655	asinh	1	0.613513554528857	asinh(x*1) difference: Early_stage_ESCC minus Normal_tissue	0.347926814443305	0.879100294614409	4.71433998608684	5.02587292093825e-05	0.000810791481813975	227	0.7734375	0.00019056766773784	source_units_field_mz_but_method_comments_describe_nmol_per_g	not described in source metadata	none	source zero/negative values retained in primary asinh; detection/censoring flags and positive-only abundance sensitivity reported	no	unpaired	no	no	0.000619676346814966	0.00185370367708626	1	0.00206995914956619	0.00274729541841575	higher_in_early_ESCC	higher_in_early_ESCC	higher_in_early_ESCC	TRUE	TRUE	0.595578320848807	9.18199011788738e-05	0.0010544901958701	higher_in_early_ESCC	FALSE	-0.142151719781894	0.613513554528857	0.000575491513094035	0.00401592990659099	higher_in_early_ESCC	TRUE	16	0.000275535833494128	0.0037134337311547	TRUE	TRUE	TRUE	TRUE	TRUE	FALSE	limma_fdr_strong	TRUE	robust_rank_and_scale_fdr	all prespecified rank, scale, run-order and censoring upgrade criteria met	73
AN004962	AN004962__112	ST003027	targeted LC-MS	positive	ST003027_targeted_LCMS_combined_modes	ST003027_targeted_tissue_shared_32	7-Methylguanine	7methylguanine							source_label_unmapped	IS-pos04_ACh-d9-1	Positive	166.1	149	16	16	32	1	1	0	0	0	FALSE	1	16	16	234	0.828125	6.4687340505909e-05	0.05312625	0.0367705625	0.0513675	0.036829	asinh	1	0.0163361610853257	asinh(x*1) difference: Early_stage_ESCC minus Normal_tissue	0.00924199245594343	0.023430329714708	4.69908294147403	5.2242972947583e-05	0.000496308243002038	234	0.828125	6.4687340505909e-05	source_units_field_mz_but_method_comments_describe_nmol_per_g	not described in source metadata	none	source zero/negative values retained in primary asinh; detection/censoring flags and positive-only abundance sensitivity reported	no	unpaired	no	no	0.000619676346814966	0.00103823181511984	1	0.0010724480136506	0.000790109659036459	higher_in_early_ESCC	higher_in_early_ESCC	higher_in_early_ESCC	TRUE	TRUE	0.0159839956608174	9.43454551410227e-05	0.0010544901958701	higher_in_early_ESCC	FALSE	-0.142151719781894	0.0163361610853257	0.00010712227620154	0.0014327604441956	higher_in_early_ESCC	TRUE	16	0.000312135775569629	0.000848502096410339	TRUE	TRUE	TRUE	TRUE	TRUE	FALSE	limma_fdr_strong	TRUE	robust_rank_and_scale_fdr	all prespecified rank, scale, run-order and censoring upgrade criteria met	74
AN004963	AN004963__92	ST003027	targeted LC-MS	negative	ST003027_targeted_LCMS_combined_modes	ST003027_targeted_tissue_shared_32	Phosphoenolpyruvic acid	phosphoenolpyruvicacid							source_label_unmapped	IS-neg05_Suc-2233-d4-1	Negative	167	79	16	16	32	1	1	0	0	0	FALSE	1	16	16	33	-0.7421875	0.000343006630606514	1.2371003125	2.8378325625	0.641113	2.853477	asinh	1	-0.808236904198253	asinh(x*1) difference: Early_stage_ESCC minus Normal_tissue	-1.16003407383509	-0.456439734561419	-4.68866777574709	5.4052765454265e-05	0.000810791481813975	33	-0.7421875	0.000343006630606514	source_units_field_mz_but_method_comments_describe_nmol_per_g	not described in source metadata	none	source zero/negative values retained in primary asinh; detection/censoring flags and positive-only abundance sensitivity reported	no	unpaired	no	no	0.000619676346814966	0.00239358974836285	1	0.00277043817028339	0.00321568716193607	lower_in_early_ESCC	lower_in_early_ESCC	lower_in_early_ESCC	TRUE	TRUE	-0.784535065533579	9.85504855953366e-05	0.0010544901958701	lower_in_early_ESCC	FALSE	-0.142151719781894	-0.808236904198252	0.000708389864442145	0.0048381520528921	lower_in_early_ESCC	TRUE	16	0.000317747038181723	0.00545038990829721	TRUE	TRUE	TRUE	TRUE	TRUE	FALSE	limma_fdr_strong	TRUE	robust_rank_and_scale_fdr	all prespecified rank, scale, run-order and censoring upgrade criteria met	75
AN004963	AN004963__199	ST003027	targeted LC-MS	negative	ST003027_targeted_LCMS_combined_modes	ST003027_targeted_tissue_shared_32	Inosine diphosphate	inosinediphosphate							source_label_unmapped	IS-neg05_Suc-2233-d4-1	Negative	427	135	16	16	32	1	1	0	0	0	FALSE	1	16	16	40	-0.6875	0.000911118877153713	0.195186125	0.473185875	0.123711	0.488108	asinh	1	-0.264609228010229	asinh(x*1) difference: Early_stage_ESCC minus Normal_tissue	-0.381711946052461	-0.147506509967997	-4.60971920795392	6.63441332969007e-05	0.000904692726775919	40	-0.6875	0.000911118877153713	source_units_field_mz_but_method_comments_describe_nmol_per_g	not described in source metadata	none	source zero/negative values retained in primary asinh; detection/censoring flags and positive-only abundance sensitivity reported	no	unpaired	no	no	0.00073436092373466	0.00449952553178987	1	0.00494831803971413	0.00569449298221071	lower_in_early_ESCC	lower_in_early_ESCC	lower_in_early_ESCC	TRUE	TRUE	-0.265321853735839	9.64345508760185e-05	0.0010544901958701	lower_in_early_ESCC	FALSE	-0.142151719781894	-0.264609228010229	0.00223455246311324	0.0108680506160508	lower_in_early_ESCC	TRUE	16	0.000397329143331928	0.00116332062364842	TRUE	TRUE	TRUE	TRUE	TRUE	FALSE	limma_fdr_strong	TRUE	robust_rank_and_scale_fdr	all prespecified rank, scale, run-order and censoring upgrade criteria met	76
AN004962	AN004962__54	ST003027	targeted LC-MS	positive	ST003027_targeted_LCMS_combined_modes	ST003027_targeted_tissue_shared_32	L-Leucine	lleucine							source_label_unmapped	IS-pos01_Leu-555-d3-1	Positive	132.08	86	16	16	32	1	1	0	0	0	FALSE	1	16	16	226	0.765625	0.000221176352585672	76.362495125	40.3200906875	66.6369625	39.652237	asinh	1	0.585481342662455	asinh(x*1) difference: Early_stage_ESCC minus Normal_tissue	0.323815880185212	0.847146805139697	4.5665951803863	7.6551417718978e-05	0.000665137844227277	226	0.765625	0.000221176352585672	source_units_field_mz_but_method_comments_describe_nmol_per_g	not described in source metadata	none	source zero/negative values retained in primary asinh; detection/censoring flags and positive-only abundance sensitivity reported	no	unpaired	no	no	0.000805543286160936	0.00191885430216219	1	0.00211122882013596	0.001512846251686	higher_in_early_ESCC	higher_in_early_ESCC	higher_in_early_ESCC	TRUE	TRUE	0.569098899185952	0.000137984985511231	0.00138416188590954	higher_in_early_ESCC	FALSE	-0.142151719781894	0.585481342662453	2.50645575106653e-05	0.000574694497208825	higher_in_early_ESCC	TRUE	16	0.000623119984148491	0.00484473395848926	TRUE	TRUE	TRUE	TRUE	TRUE	FALSE	limma_fdr_strong	TRUE	robust_rank_and_scale_fdr	all prespecified rank, scale, run-order and censoring upgrade criteria met	77
AN004962	AN004962__21	ST003027	targeted LC-MS	positive	ST003027_targeted_LCMS_combined_modes	ST003027_targeted_tissue_shared_32	3-Aminoisobutyric acid	3aminoisobutyricacid							source_label_unmapped	IS-pos06_TMAO-d9-1	Positive	104.01	86	16	16	32	1	1	0	0	0	FALSE	1	16	16	40	-0.6875	0.000911118877153713	1.29251125	3.41499775	0.884016	3.3520245	asinh	1	-0.947425330847687	asinh(x*1) difference: Early_stage_ESCC minus Normal_tissue	-1.37138125618892	-0.523469405506455	-4.56089569023293	7.77938999096231e-05	0.000665137844227277	40	-0.6875	0.000911118877153713	source_units_field_mz_but_method_comments_describe_nmol_per_g	not described in source metadata	none	source zero/negative values retained in primary asinh; detection/censoring flags and positive-only abundance sensitivity reported	no	unpaired	no	no	0.000805543286160936	0.00449952553178987	1	0.00494831803971413	0.00380003239008012	lower_in_early_ESCC	lower_in_early_ESCC	lower_in_early_ESCC	TRUE	TRUE	-1.01264048350751	1.52066416968498e-05	0.000271185110260487	lower_in_early_ESCC	FALSE	-0.142151719781894	-0.947425330847687	0.000303916830255087	0.00250146929517649	lower_in_early_ESCC	TRUE	16	0.000644989539268924	0.00297687460465443	TRUE	TRUE	TRUE	TRUE	TRUE	FALSE	limma_fdr_strong	TRUE	robust_rank_and_scale_fdr	all prespecified rank, scale, run-order and censoring upgrade criteria met	78
AN004962	AN004962__183	ST003027	targeted LC-MS	positive	ST003027_targeted_LCMS_combined_modes	ST003027_targeted_tissue_shared_32	N-Acetyl-D-Glucosamine	nacetyldglucosamine							source_label_unmapped	IS-pos06_TMAO-d9-1	Positive	222	138	16	16	22	0.9375	0.4375	0.5	10	0	TRUE	0.00592284502909836	15	7	93	0.771428571428571	0.00430537873290948	0.628765625	0.119993	0.4873505	0	asinh	1	0.435606713579239	asinh(x*1) difference: Early_stage_ESCC minus Normal_tissue	0.237624954785626	0.633588472372852	4.49050561430142	9.4889323439549e-05	0.000712473279083094	232.5	0.81640625	6.34948264710555e-05	source_units_field_mz_but_method_comments_describe_nmol_per_g	not described in source metadata	none	source zero/negative values retained in primary asinh; detection/censoring flags and positive-only abundance sensitivity reported	no	unpaired	no	no	0.000904745479785084	0.00103823181511984	0.436410826844643	0.0142757294828051	0.000790109659036459	higher_in_early_ESCC	higher_in_early_ESCC	higher_in_early_ESCC	TRUE	TRUE	0.420781759134388	0.000169839880137442	0.00151219934507556	higher_in_early_ESCC	FALSE	-0.142151719781894	0.435606713579239	0.000447384038235553	0.00347692322928402	higher_in_early_ESCC	TRUE	16	0.000309539484309478	0.00325681971959226	TRUE	TRUE	TRUE	TRUE	TRUE	FALSE	limma_fdr_strong	TRUE	robust_rank_and_scale_fdr	all prespecified rank, scale, run-order and censoring upgrade criteria met	79
AN004962	AN004962__253	ST003027	targeted LC-MS	positive	ST003027_targeted_LCMS_combined_modes	ST003027_targeted_tissue_shared_32	S-Adenosylmethionine	sadenosylmethionine							source_label_unmapped	IS-pos02_GlU-13C5-N15-1	Positive	399	250	16	16	32	1	1	0	0	0	FALSE	1	16	16	229	0.7890625	0.0001409013155933	26.669958125	8.0303565625	22.221585	7.331244	asinh	1	1.06336074792155	asinh(x*1) difference: Early_stage_ESCC minus Normal_tissue	0.579862137996679	1.54685935784641	4.48860359031526	9.5399530812057e-05	0.000712473279083094	229	0.7890625	0.0001409013155933	source_units_field_mz_but_method_comments_describe_nmol_per_g	not described in source metadata	none	source zero/negative values retained in primary asinh; detection/censoring flags and positive-only abundance sensitivity reported	no	unpaired	no	no	0.000904745479785084	0.00169792369075184	1	0.00191302928812642	0.00120470624832272	higher_in_early_ESCC	higher_in_early_ESCC	higher_in_early_ESCC	TRUE	TRUE	1.05027342980151	0.000159382878353208	0.00146176868432514	higher_in_early_ESCC	FALSE	-0.142151719781894	1.06336074792155	0.000271875362143668	0.00244181562901148	higher_in_early_ESCC	TRUE	16	0.000385881263106695	0.00212330718672256	TRUE	TRUE	TRUE	TRUE	TRUE	FALSE	limma_fdr_strong	TRUE	robust_rank_and_scale_fdr	all prespecified rank, scale, run-order and censoring upgrade criteria met	80
AN004962	AN004962__260	ST003027	targeted LC-MS	positive	ST003027_targeted_LCMS_combined_modes	ST003027_targeted_tissue_shared_32	Citicoline	citicoline							source_label_unmapped	IS-pos03_GABA-d6-1	Positive	489.1	264	16	16	32	1	1	0	0	0	FALSE	1	16	16	225	0.7578125	0.000256356145786896	2.07046675	1.14291625	2.209064	1.154076	asinh	1	0.473430576381613	asinh(x*1) difference: Early_stage_ESCC minus Normal_tissue	0.258090256065827	0.688770896697399	4.4870076070685	9.58297392918781e-05	0.000712473279083094	225	0.7578125	0.000256356145786896	source_units_field_mz_but_method_comments_describe_nmol_per_g	not described in source metadata	none	source zero/negative values retained in primary asinh; detection/censoring flags and positive-only abundance sensitivity reported	no	unpaired	no	no	0.000904745479785084	0.00205725806993984	1	0.00230720531208206	0.00162358892331701	higher_in_early_ESCC	higher_in_early_ESCC	higher_in_early_ESCC	TRUE	TRUE	0.47103023091207	0.000150229985917668	0.00142579409126867	higher_in_early_ESCC	FALSE	-0.142151719781894	0.473430576381613	8.81928006689895e-05	0.00123086473977155	higher_in_early_ESCC	TRUE	16	0.000758514972416584	0.00200444841782991	TRUE	TRUE	TRUE	TRUE	TRUE	FALSE	limma_fdr_strong	TRUE	robust_rank_and_scale_fdr	all prespecified rank, scale, run-order and censoring upgrade criteria met	81
AN004962	AN004962__255	ST003027	targeted LC-MS	positive	ST003027_targeted_LCMS_combined_modes	ST003027_targeted_tissue_shared_32	Thiamine pyrophosphate	thiaminepyrophosphate							source_label_unmapped	IS-pos02_GlU-13C5-N15-1	Positive	425.01	304	16	16	32	1	1	0	0	0	FALSE	1	16	16	230	0.796875	0.000120912001277951	0.1945155	0.121771125	0.188212	0.1124395	asinh	1	0.0716303603082319	asinh(x*1) difference: Early_stage_ESCC minus Normal_tissue	0.0381873414030886	0.105073379213375	4.37105596709549	0.000132406283032607	0.00090565897594303	230	0.796875	0.000120912001277951	source_units_field_mz_but_method_comments_describe_nmol_per_g	not described in source metadata	none	source zero/negative values retained in primary asinh; detection/censoring flags and positive-only abundance sensitivity reported	no	unpaired	no	no	0.00118062269037408	0.00155251009640889	1	0.00173124001829793	0.00108820801150156	higher_in_early_ESCC	higher_in_early_ESCC	higher_in_early_ESCC	TRUE	TRUE	0.0721971929585607	0.000174303351301544	0.00151219934507556	higher_in_early_ESCC	FALSE	-0.142151719781894	0.071630360308232	0.000215039461231727	0.00210698291062116	higher_in_early_ESCC	TRUE	16	0.000489024729577369	0.00178698841708615	TRUE	TRUE	TRUE	TRUE	TRUE	FALSE	limma_fdr_strong	TRUE	robust_rank_and_scale_fdr	all prespecified rank, scale, run-order and censoring upgrade criteria met	82
AN004962	AN004962__98	ST003027	targeted LC-MS	positive	ST003027_targeted_LCMS_combined_modes	ST003027_targeted_tissue_shared_32	L-Cysteinesulfinic acid	lcysteinesulfinicacid							source_label_unmapped	IS-pos02_GlU-13C5-N15-1	Positive	154.1	136	16	16	32	1	1	0	0	0	FALSE	1	16	16	218	0.703125	0.000693837750899373	1.3565386875	0.3873925	1.0457515	0.3665175	asinh	1	0.605675415637174	asinh(x*1) difference: Early_stage_ESCC minus Normal_tissue	0.317986313103707	0.89336451817064	4.29677281674685	0.00016357561302034	0.00106229547862214	218	0.703125	0.000693837750899373	source_units_field_mz_but_method_comments_describe_nmol_per_g	not described in source metadata	none	source zero/negative values retained in primary asinh; detection/censoring flags and positive-only abundance sensitivity reported	no	unpaired	no	no	0.00141688441262206	0.00377494776336778	1	0.00412375267043967	0.00320665555145386	higher_in_early_ESCC	higher_in_early_ESCC	higher_in_early_ESCC	TRUE	TRUE	0.576164387816143	0.000277390209390463	0.00228313480036766	higher_in_early_ESCC	FALSE	-0.142151719781894	0.605675415637173	0.000514611921384455	0.00375432788100932	higher_in_early_ESCC	TRUE	16	0.000421417157470062	0.0113588745316937	TRUE	TRUE	TRUE	TRUE	TRUE	FALSE	limma_fdr_strong	TRUE	robust_rank_and_scale_fdr	all prespecified rank, scale, run-order and censoring upgrade criteria met	83
AN004962	AN004962__258	ST003027	targeted LC-MS	positive	ST003027_targeted_LCMS_combined_modes	ST003027_targeted_tissue_shared_32	Flavin mononucleotide	flavinmononucleotide							source_label_unmapped	IS-pos03_GABA-d6-1	Positive	457	439	16	16	32	1	1	0	0	0	FALSE	1	16	16	221	0.7265625	0.000456488305229819	0.09503775	0.0625908125	0.09172	0.065268	asinh	1	0.0323265388439849	asinh(x*1) difference: Early_stage_ESCC minus Normal_tissue	0.0169346994057257	0.0477183782822441	4.28581375582593	0.000167730865045602	0.00106229547862214	221	0.7265625	0.000456488305229819	source_units_field_mz_but_method_comments_describe_nmol_per_g	not described in source metadata	none	source zero/negative values retained in primary asinh; detection/censoring flags and positive-only abundance sensitivity reported	no	unpaired	no	no	0.00141688441262206	0.00305276554122441	1	0.00342366228922364	0.00243935938107184	higher_in_early_ESCC	higher_in_early_ESCC	higher_in_early_ESCC	TRUE	TRUE	0.0335359072224334	0.000122319410050218	0.00126659776213291	higher_in_early_ESCC	FALSE	-0.142151719781894	0.0323265388439849	0.00118457170506069	0.00655599167800833	higher_in_early_ESCC	TRUE	16	0.00103412489407994	0.0021723067870044	TRUE	TRUE	TRUE	TRUE	TRUE	FALSE	limma_fdr_strong	TRUE	robust_rank_and_scale_fdr	all prespecified rank, scale, run-order and censoring upgrade criteria met	84
AN004963	AN004963__32	ST003027	targeted LC-MS	negative	ST003027_targeted_LCMS_combined_modes	ST003027_targeted_tissue_shared_32	N-Acetyl-L-alanine	nacetyllalanine							source_label_unmapped	IS-neg04_Lac-13C3-1	Negative	130.01	88	16	16	32	1	1	0	0	0	FALSE	1	16	16	219	0.7109375	0.000604267758887334	2.3745356875	1.5902950625	2.4560135	1.585896	asinh	1	0.349383044309208	asinh(x*1) difference: Early_stage_ESCC minus Normal_tissue	0.18156705017101	0.517199038447406	4.24868500391812	0.000186477820918604	0.00233097276148255	219	0.7109375	0.000604267758887334	source_units_field_mz_but_method_comments_describe_nmol_per_g	not described in source metadata	none	source zero/negative values retained in primary asinh; detection/censoring flags and positive-only abundance sensitivity reported	no	unpaired	no	no	0.00153485591063774	0.00359203612227471	1	0.00396550716769813	0.00473071193795027	higher_in_early_ESCC	higher_in_early_ESCC	higher_in_early_ESCC	TRUE	TRUE	0.339421257316672	0.000325702316039772	0.00261376108621917	higher_in_early_ESCC	FALSE	-0.142151719781894	0.349383044309208	0.000534138299513214	0.00381018653652759	higher_in_early_ESCC	TRUE	16	0.00153485591063774	0.00285541150302312	TRUE	TRUE	TRUE	TRUE	TRUE	FALSE	limma_fdr_strong	TRUE	robust_rank_and_scale_fdr	all prespecified rank, scale, run-order and censoring upgrade criteria met	85
AN004962	AN004962__8	ST003027	targeted LC-MS	positive	ST003027_targeted_LCMS_combined_modes	ST003027_targeted_tissue_shared_32	L-Glycine	lglycine							source_label_unmapped	IS-pos03_GABA-d6-1	Positive	76	30	16	16	32	1	1	0	0	0	FALSE	1	16	16	217	0.6953125	0.000795621060165841	64.6252343125	49.2519061875	61.952988	49.841946	asinh	1	0.262620981341012	asinh(x*1) difference: Early_stage_ESCC minus Normal_tissue	0.134548007018512	0.390693955663512	4.1850223487651	0.000223554152136337	0.00136527714340406	217	0.6953125	0.000795621060165841	source_units_field_mz_but_method_comments_describe_nmol_per_g	not described in source metadata	none	source zero/negative values retained in primary asinh; detection/censoring flags and positive-only abundance sensitivity reported	no	unpaired	no	no	0.00175338121568464	0.00411926387601992	1	0.00455673879913164	0.00340128003220897	higher_in_early_ESCC	higher_in_early_ESCC	higher_in_early_ESCC	TRUE	TRUE	0.273437471231578	0.000151018688794813	0.00142579409126867	higher_in_early_ESCC	FALSE	-0.142151719781894	0.262620981341013	2.16081665153625e-05	0.000563258551525628	higher_in_early_ESCC	TRUE	16	0.00161673720718648	0.00387215511340869	TRUE	TRUE	TRUE	TRUE	TRUE	FALSE	limma_fdr_strong	TRUE	robust_rank_and_scale_fdr	all prespecified rank, scale, run-order and censoring upgrade criteria met	86
AN004963	AN004963__69	ST003027	targeted LC-MS	negative	ST003027_targeted_LCMS_combined_modes	ST003027_targeted_tissue_shared_32	Orotic acid	oroticacid							source_label_unmapped	IS-neg04_Lac-13C3-1	Negative	155	111	16	16	32	1	1	0	0	0	FALSE	1	16	16	215	0.6796875	0.00104199311391984	0.1040103125	0.0190053125	0.0931855	0.0153295	asinh	1	0.0845039933082864	asinh(x*1) difference: Early_stage_ESCC minus Normal_tissue	0.0431111354279672	0.125896851188606	4.15841945575056	0.000223952117891184	0.00255748151348505	215	0.6796875	0.00104199311391984	source_units_field_mz_but_method_comments_describe_nmol_per_g	not described in source metadata	none	source zero/negative values retained in primary asinh; detection/censoring flags and positive-only abundance sensitivity reported	no	unpaired	no	no	0.00175338121568464	0.00484753318214881	1	0.00529399727233466	0.00625195868351902	higher_in_early_ESCC	higher_in_early_ESCC	higher_in_early_ESCC	TRUE	TRUE	0.0815044895626146	0.000387152588129709	0.00295895192356278	higher_in_early_ESCC	FALSE	-0.142151719781894	0.0845039933082864	0.000850446684058171	0.00544901731410677	higher_in_early_ESCC	TRUE	16	0.000369974723650975	0.00761114961874638	TRUE	TRUE	TRUE	TRUE	TRUE	FALSE	limma_fdr_strong	TRUE	robust_rank_and_scale_fdr	all prespecified rank, scale, run-order and censoring upgrade criteria met	87
AN004963	AN004963__95	ST003027	targeted LC-MS	negative	ST003027_targeted_LCMS_combined_modes	ST003027_targeted_tissue_shared_32	Glycerophosphoric acid	glycerophosphoricacid							source_label_unmapped	IS-neg05_Suc-2233-d4-1	Negative	171	79	16	16	32	1	1	0	0	0	FALSE	1	16	16	40	-0.6875	0.000911118877153713	104.6441620625	215.12461925	46.872493	227.691651	asinh	1	-1.28898203784601	asinh(x*1) difference: Early_stage_ESCC minus Normal_tissue	-1.92120634681007	-0.656757728881941	-4.16081877704139	0.000238698274591938	0.00255748151348505	40	-0.6875	0.000911118877153713	source_units_field_mz_but_method_comments_describe_nmol_per_g	not described in source metadata	none	source zero/negative values retained in primary asinh; detection/censoring flags and positive-only abundance sensitivity reported	no	unpaired	no	no	0.00177695958755109	0.00449952553178987	1	0.00494831803971413	0.00569449298221071	lower_in_early_ESCC	lower_in_early_ESCC	lower_in_early_ESCC	TRUE	TRUE	-1.24372808721922	0.000416559086647876	0.00297145481808819	lower_in_early_ESCC	FALSE	-0.142151719781894	-1.28898203784601	0.00146541388758827	0.00771144029370223	lower_in_early_ESCC	TRUE	16	0.00128054236613494	0.032424340588073	TRUE	TRUE	TRUE	TRUE	TRUE	FALSE	limma_fdr_strong	TRUE	robust_rank_and_scale_fdr	all prespecified rank, scale, run-order and censoring upgrade criteria met	88
AN004962	AN004962__88	ST003027	targeted LC-MS	positive	ST003027_targeted_LCMS_combined_modes	ST003027_targeted_tissue_shared_32	L-Methionine	lmethionine							source_label_unmapped	IS-pos06_TMAO-d9-1	Positive	150	104	16	16	32	1	1	0	0	0	FALSE	1	16	16	217	0.6953125	0.000795621060165841	29.2854681875	17.6602413125	29.34553	16.716936	asinh	1	0.484703024011294	asinh(x*1) difference: Early_stage_ESCC minus Normal_tissue	0.246650147597923	0.722755900424666	4.1555465638592	0.000242694229501227	0.00138835347214272	217	0.6953125	0.000795621060165841	source_units_field_mz_but_method_comments_describe_nmol_per_g	not described in source metadata	none	source zero/negative values retained in primary asinh; detection/censoring flags and positive-only abundance sensitivity reported	no	unpaired	no	no	0.00177695958755109	0.00411926387601992	1	0.00455673879913164	0.00340128003220897	higher_in_early_ESCC	higher_in_early_ESCC	higher_in_early_ESCC	TRUE	TRUE	0.47436717495253	0.000408563177834525	0.00297145481808819	higher_in_early_ESCC	FALSE	-0.142151719781894	0.484703024011295	0.000124946541778719	0.0014789364726628	higher_in_early_ESCC	TRUE	16	0.00161673720718648	0.00321048208166669	TRUE	TRUE	TRUE	TRUE	TRUE	FALSE	limma_fdr_strong	TRUE	robust_rank_and_scale_fdr	all prespecified rank, scale, run-order and censoring upgrade criteria met	89
AN004962	AN004962__75	ST003027	targeted LC-MS	positive	ST003027_targeted_LCMS_combined_modes	ST003027_targeted_tissue_shared_32	O-Phosphoethanolamine	ophosphoethanolamine							source_label_unmapped	IS-pos02_GlU-13C5-N15-1	Positive	142.1	44	16	16	32	1	1	0	0	0	FALSE	1	16	16	221	0.7265625	0.000456488305229819	589.305377375	398.2107535625	536.128332	393.573827	asinh	1	0.371550461742903	asinh(x*1) difference: Early_stage_ESCC minus Normal_tissue	0.189013499783403	0.554087423702403	4.15425206586256	0.000243570784586442	0.00138835347214272	221	0.7265625	0.000456488305229819	source_units_field_mz_but_method_comments_describe_nmol_per_g	not described in source metadata	none	source zero/negative values retained in primary asinh; detection/censoring flags and positive-only abundance sensitivity reported	no	unpaired	no	no	0.00177695958755109	0.00305276554122441	1	0.00342366228922364	0.00243935938107184	higher_in_early_ESCC	higher_in_early_ESCC	higher_in_early_ESCC	TRUE	TRUE	0.371222154515534	0.000350090239249474	0.00274095040973369	higher_in_early_ESCC	FALSE	-0.142151719781894	0.371550461742898	0.000854020531881069	0.00544901731410677	higher_in_early_ESCC	TRUE	16	0.00161673720718648	0.00272689602488158	TRUE	TRUE	TRUE	TRUE	TRUE	FALSE	limma_fdr_strong	TRUE	robust_rank_and_scale_fdr	all prespecified rank, scale, run-order and censoring upgrade criteria met	90
AN004963	AN004963__211	ST003027	targeted LC-MS	negative	ST003027_targeted_LCMS_combined_modes	ST003027_targeted_tissue_shared_32	Adenosine-5'-triphosphate	adenosine5triphosphate							source_label_unmapped	IS-neg05_Suc-2233-d4-1	Negative	506	158.8	16	16	32	1	1	0	0	0	FALSE	1	16	16	43	-0.6640625	0.00135740678314864	10.737558875	24.8441789375	7.5998965	26.2953375	asinh	1	-0.99990510137342	asinh(x*1) difference: Early_stage_ESCC minus Normal_tissue	-1.49672959178984	-0.503080610956999	-4.1073235375215	0.000277026361388958	0.00277026361388958	43	-0.6640625	0.00135740678314864	source_units_field_mz_but_method_comments_describe_nmol_per_g	not described in source metadata	none	source zero/negative values retained in primary asinh; detection/censoring flags and positive-only abundance sensitivity reported	no	unpaired	no	no	0.0019761213779079	0.00588821050527993	1	0.0064207755542352	0.00754114879527025	lower_in_early_ESCC	lower_in_early_ESCC	lower_in_early_ESCC	TRUE	TRUE	-0.980822779389676	0.000458112681456537	0.00317558578994666	lower_in_early_ESCC	FALSE	-0.142151719781894	-0.999905101373421	0.00474615607913317	0.0197859233948279	lower_in_early_ESCC	TRUE	16	0.000747003290448445	0.0019761213779079	TRUE	TRUE	TRUE	TRUE	TRUE	FALSE	limma_fdr_strong	TRUE	robust_rank_and_scale_fdr	all prespecified rank, scale, run-order and censoring upgrade criteria met	91
AN004962	AN004962__66	ST003027	targeted LC-MS	positive	ST003027_targeted_LCMS_combined_modes	ST003027_targeted_tissue_shared_32	Hypoxanthine	hypoxanthine							source_label_unmapped	IS-pos04_ACh-d9-1	Positive	137.05	119.04	16	16	32	1	1	0	0	0	FALSE	1	16	16	220	0.71875	0.000525557438272761	31.8919655625	22.292206	33.096647	21.07249	asinh	1	0.354233130914845	asinh(x*1) difference: Early_stage_ESCC minus Normal_tissue	0.17741748945562	0.531048772374071	4.08878574674412	0.000292203871366546	0.00161183425818321	220	0.71875	0.000525557438272761	source_units_field_mz_but_method_comments_describe_nmol_per_g	not described in source metadata	none	source zero/negative values retained in primary asinh; detection/censoring flags and positive-only abundance sensitivity reported	no	unpaired	no	no	0.00203907484149264	0.00324430649395301	1	0.00359892593599826	0.00264324476307771	higher_in_early_ESCC	higher_in_early_ESCC	higher_in_early_ESCC	TRUE	TRUE	0.349510452007505	0.000464961159275679	0.00317558578994666	higher_in_early_ESCC	FALSE	-0.142151719781894	0.354233130914844	0.000281455384029361	0.00244181562901148	higher_in_early_ESCC	TRUE	16	0.00152633396535925	0.00282204186319808	TRUE	TRUE	TRUE	TRUE	TRUE	FALSE	limma_fdr_strong	TRUE	robust_rank_and_scale_fdr	all prespecified rank, scale, run-order and censoring upgrade criteria met	92
AN004962	AN004962__252	ST003027	targeted LC-MS	positive	ST003027_targeted_LCMS_combined_modes	ST003027_targeted_tissue_shared_32	S-Adenosyl-L-homocysteine	sadenosyllhomocysteine							source_label_unmapped	IS-pos03_GABA-d6-1	Positive	385	136	16	16	32	1	1	0	0	0	FALSE	1	16	16	228	0.78125	0.000163973938982265	0.2643130625	0.1493433125	0.2575815	0.145026	asinh	1	0.111299251673626	asinh(x*1) difference: Early_stage_ESCC minus Normal_tissue	0.0554901418357035	0.167108361511549	4.07017428450649	0.000307692283062518	0.00164423063761533	228	0.78125	0.000163973938982265	source_units_field_mz_but_method_comments_describe_nmol_per_g	not described in source metadata	none	source zero/negative values retained in primary asinh; detection/censoring flags and positive-only abundance sensitivity reported	no	unpaired	no	no	0.0021014728268738	0.00169792369075184	1	0.00191302928812642	0.00121911058982466	higher_in_early_ESCC	higher_in_early_ESCC	higher_in_early_ESCC	TRUE	TRUE	0.111961329294226	0.000404541227395634	0.00297145481808819	higher_in_early_ESCC	FALSE	-0.142151719781894	0.111299251673626	0.00100938788944897	0.00600025023172443	higher_in_early_ESCC	TRUE	16	0.000975735661979504	0.00311518612297158	TRUE	TRUE	TRUE	TRUE	TRUE	FALSE	limma_fdr_strong	TRUE	robust_rank_and_scale_fdr	all prespecified rank, scale, run-order and censoring upgrade criteria met	93
AN004962	AN004962__229	ST003027	targeted LC-MS	positive	ST003027_targeted_LCMS_combined_modes	ST003027_targeted_tissue_shared_32	2'-O-methylguanosine	2omethylguanosine							source_label_unmapped	IS-pos04_ACh-d9-1	Positive	298.1	152.1	16	16	32	1	1	0	0	0	FALSE	1	16	16	228	0.78125	0.000163973938982265	0.01989225	0.0092634375	0.017473	0.008115	asinh	1	0.0106269525259082	asinh(x*1) difference: Early_stage_ESCC minus Normal_tissue	0.00505151382814719	0.0162023912236692	3.88950475087664	0.00050448715716679	0.00261416072350064	228	0.78125	0.000163973938982265	source_units_field_mz_but_method_comments_describe_nmol_per_g	not described in source metadata	none	source zero/negative values retained in primary asinh; detection/censoring flags and positive-only abundance sensitivity reported	no	unpaired	no	no	0.00337375786355291	0.00169792369075184	1	0.00191302928812642	0.00121911058982466	higher_in_early_ESCC	higher_in_early_ESCC	higher_in_early_ESCC	TRUE	TRUE	0.0101550209911124	0.000862089999619466	0.00564756918118058	higher_in_early_ESCC	FALSE	-0.142151719781894	0.0106269525259082	0.00108939083467371	0.00624454389161178	higher_in_early_ESCC	TRUE	16	0.000587298579495868	0.00418392698750873	TRUE	TRUE	TRUE	TRUE	TRUE	FALSE	limma_fdr_strong	TRUE	robust_rank_and_scale_fdr	all prespecified rank, scale, run-order and censoring upgrade criteria met	94
AN004962	AN004962__114	ST003027	targeted LC-MS	positive	ST003027_targeted_LCMS_combined_modes	ST003027_targeted_tissue_shared_32	Methionine sulfoxide	methioninesulfoxide							source_label_unmapped	IS-pos03_GABA-d6-1	Positive	166.01	74	16	16	32	1	1	0	0	0	FALSE	1	16	16	207	0.6171875	0.00290681202222687	0.582175875	0.2699090625	0.606626	0.234295	asinh	1	0.274765216201819	asinh(x*1) difference: Early_stage_ESCC minus Normal_tissue	0.129566457958987	0.419963974444651	3.86211060835632	0.000546192328424632	0.00274702612237094	207	0.6171875	0.00290681202222687	source_units_field_mz_but_method_comments_describe_nmol_per_g	not described in source metadata	none	source zero/negative values retained in primary asinh; detection/censoring flags and positive-only abundance sensitivity reported	no	unpaired	no	no	0.00357811709029198	0.010725134013044	1	0.0110531605064888	0.00903754283274172	higher_in_early_ESCC	higher_in_early_ESCC	higher_in_early_ESCC	TRUE	TRUE	0.263754362412372	0.000930439538861477	0.0058562959210693	higher_in_early_ESCC	FALSE	-0.142151719781894	0.274765216201819	0.000276437551799102	0.00244181562901148	higher_in_early_ESCC	TRUE	16	0.00257334661517659	0.00474258777138873	TRUE	TRUE	TRUE	TRUE	TRUE	FALSE	limma_fdr_strong	TRUE	robust_rank_and_scale_fdr	all prespecified rank, scale, run-order and censoring upgrade criteria met	95
AN004963	AN004963__122	ST003027	targeted LC-MS	negative	ST003027_targeted_LCMS_combined_modes	ST003027_targeted_tissue_shared_32	3-Hydroxydecanoic acid	3hydroxydecanoicacid							source_label_unmapped	IS-pos05_Nic-2456-d4-1	Negative	187.01	59	16	16	32	1	1	0	0	0	FALSE	1	16	16	223	0.7421875	0.000343006630606491	0.08201775	0.0359250625	0.07782	0.034748	asinh	1	0.0459551988436607	asinh(x*1) difference: Early_stage_ESCC minus Normal_tissue	0.0213027521811542	0.0706076455061671	3.79709178989497	0.000617099807424529	0.00578531069460496	223	0.7421875	0.000343006630606491	source_units_field_mz_but_method_comments_describe_nmol_per_g	not described in source metadata	none	source zero/negative values retained in primary asinh; detection/censoring flags and positive-only abundance sensitivity reported	no	unpaired	no	no	0.00396178076366548	0.00239358974836285	1	0.00277043817028339	0.00321568716193607	higher_in_early_ESCC	higher_in_early_ESCC	higher_in_early_ESCC	TRUE	TRUE	0.0440166576300564	0.00101440842850553	0.00605274989750148	higher_in_early_ESCC	FALSE	-0.142151719781894	0.0459551988436607	0.00112199312954221	0.00631859288742192	higher_in_early_ESCC	TRUE	16	0.000366776139772229	0.0496623100964308	TRUE	TRUE	TRUE	TRUE	TRUE	FALSE	limma_fdr_strong	TRUE	robust_rank_and_scale_fdr	all prespecified rank, scale, run-order and censoring upgrade criteria met	96
AN004963	AN004963__118	ST003027	targeted LC-MS	negative	ST003027_targeted_LCMS_combined_modes	ST003027_targeted_tissue_shared_32	Galactitol	galactitol							source_label_unmapped	IS-neg04_Lac-13C3-1	Negative	181	101	16	16	32	1	1	0	0	0	FALSE	1	16	16	208	0.625	0.0025688315270227	0.328201375	0.1417434375	0.3055995	0.140426	asinh	1	0.175970401725207	asinh(x*1) difference: Early_stage_ESCC minus Normal_tissue	0.0797030637262067	0.272237739724208	3.72812523648451	0.000773047399041219	0.00644206165867683	208	0.625	0.0025688315270227	source_units_field_mz_but_method_comments_describe_nmol_per_g	not described in source metadata	none	source zero/negative values retained in primary asinh; detection/censoring flags and positive-only abundance sensitivity reported	no	unpaired	no	no	0.00477208105946599	0.00970111670793286	1	0.010114774137652	0.012041397782919	higher_in_early_ESCC	higher_in_early_ESCC	higher_in_early_ESCC	TRUE	TRUE	0.182034097750822	0.000649788608762807	0.00434546132110127	higher_in_early_ESCC	FALSE	-0.142151719781894	0.175970401725207	0.000882706854621657	0.00544901731410677	higher_in_early_ESCC	TRUE	16	0.00187022302344595	0.00670641912137418	TRUE	TRUE	TRUE	TRUE	TRUE	FALSE	limma_fdr_strong	TRUE	robust_rank_and_scale_fdr	all prespecified rank, scale, run-order and censoring upgrade criteria met	97
AN004962	AN004962__37	ST003027	targeted LC-MS	positive	ST003027_targeted_LCMS_combined_modes	ST003027_targeted_tissue_shared_32	L-Threonine	lthreonine							source_label_unmapped	IS-pos03_GABA-d6-1	Positive	120	74	16	16	32	1	1	0	0	0	FALSE	1	16	16	211	0.6484375	0.00175892306390857	45.461417625	30.8059065	45.3686265	30.9274885	asinh	1	0.398024512650535	asinh(x*1) difference: Early_stage_ESCC minus Normal_tissue	0.178131547825006	0.617917477476064	3.69423349434141	0.000863167637892523	0.00421719045941776	211	0.6484375	0.00175892306390857	source_units_field_mz_but_method_comments_describe_nmol_per_g	not described in source metadata	none	source zero/negative values retained in primary asinh; detection/censoring flags and positive-only abundance sensitivity reported	no	unpaired	no	no	0.00522786437289622	0.00714701650018545	1	0.00751886546282623	0.00589756556722285	higher_in_early_ESCC	higher_in_early_ESCC	higher_in_early_ESCC	TRUE	TRUE	0.402993196923445	0.00101491002748638	0.00605274989750148	higher_in_early_ESCC	FALSE	-0.142151719781894	0.398024512650533	0.000178666765831821	0.00186480635828473	higher_in_early_ESCC	TRUE	16	0.0041750151914622	0.00550363473748583	TRUE	TRUE	TRUE	TRUE	TRUE	FALSE	limma_fdr_strong	TRUE	robust_rank_and_scale_fdr	all prespecified rank, scale, run-order and censoring upgrade criteria met	98
AN004962	AN004962__165	ST003027	targeted LC-MS	positive	ST003027_targeted_LCMS_combined_modes	ST003027_targeted_tissue_shared_32	N,N-Dimethylarginine	nndimethylarginine							source_label_unmapped	IS-pos02_GlU-13C5-N15-1	Positive	203.15	203.1	16	16	32	1	1	0	0	0	FALSE	1	16	16	215	0.6796875	0.00104199311391984	4.6765639375	3.0410525625	4.221328	2.9085425	asinh	1	0.383601426929472	asinh(x*1) difference: Early_stage_ESCC minus Normal_tissue	0.170090146134015	0.597112707724929	3.66678330638096	0.000929753870584215	0.00441633088527502	215	0.6796875	0.00104199311391984	source_units_field_mz_but_method_comments_describe_nmol_per_g	not described in source metadata	none	source zero/negative values retained in primary asinh; detection/censoring flags and positive-only abundance sensitivity reported	no	unpaired	no	no	0.00552687023069505	0.00484753318214881	1	0.00529399727233466	0.00404956414727937	higher_in_early_ESCC	higher_in_early_ESCC	higher_in_early_ESCC	TRUE	TRUE	0.382322758043854	0.00128729597951389	0.00737896445399924	higher_in_early_ESCC	FALSE	-0.142151719781894	0.383601426929471	0.00207652305127275	0.0104150609290399	higher_in_early_ESCC	TRUE	16	0.00458968988658634	0.00755942757062484	TRUE	TRUE	TRUE	TRUE	TRUE	FALSE	limma_fdr_strong	TRUE	robust_rank_and_scale_fdr	all prespecified rank, scale, run-order and censoring upgrade criteria met	99
AN004963	AN004963__86	ST003027	targeted LC-MS	negative	ST003027_targeted_LCMS_combined_modes	ST003027_targeted_tissue_shared_32	Quinolinic acid	quinolinicacid							source_label_unmapped	IS-neg05_Suc-2233-d4-1	Negative	166	122	16	16	32	1	1	0	0	0	FALSE	1	16	16	228	0.78125	0.000163973938982265	0.627144	0.098854375	0.277657	0.077371	asinh	1	0.427143389114903	asinh(x*1) difference: Early_stage_ESCC minus Normal_tissue	0.187719689587181	0.666567088642626	3.64090776974369	0.000995771441646263	0.00746828581234697	228	0.78125	0.000163973938982265	source_units_field_mz_but_method_comments_describe_nmol_per_g	not described in source metadata	none	source zero/negative values retained in primary asinh; detection/censoring flags and positive-only abundance sensitivity reported	no	unpaired	no	no	0.00570790415657947	0.00169792369075184	1	0.00191302928812642	0.00274729541841575	higher_in_early_ESCC	higher_in_early_ESCC	higher_in_early_ESCC	TRUE	TRUE	0.401979997744515	0.00164602683640302	0.00895550194043001	higher_in_early_ESCC	FALSE	-0.142151719781894	0.427143389114903	0.00213747209785552	0.0105558237447942	higher_in_early_ESCC	TRUE	16	0.000362971018844839	0.0125484000857902	TRUE	TRUE	TRUE	TRUE	TRUE	FALSE	limma_fdr_strong	TRUE	robust_rank_and_scale_fdr	all prespecified rank, scale, run-order and censoring upgrade criteria met	100
AN004962	AN004962__47	ST003027	targeted LC-MS	positive	ST003027_targeted_LCMS_combined_modes	ST003027_targeted_tissue_shared_32	Imidazoleacetic acid	imidazoleaceticacid							source_label_unmapped	IS-pos03_GABA-d6-1	Positive	127	81	16	16	32	1	1	0	0	0	FALSE	1	16	16	31	-0.7578125	0.000256356145786849	0.0385899375	0.0768925	0.0322845	0.076304	asinh	1	-0.0382382309990978	asinh(x*1) difference: Early_stage_ESCC minus Normal_tissue	-0.0598912036511875	-0.016585258347008	-3.60366885230299	0.00109856576874477	0.00494354595935147	31	-0.7578125	0.000256356145786849	source_units_field_mz_but_method_comments_describe_nmol_per_g	not described in source metadata	none	source zero/negative values retained in primary asinh; detection/censoring flags and positive-only abundance sensitivity reported	no	unpaired	no	no	0.00607999330632882	0.00205725806993984	1	0.00230720531208206	0.00162358892331701	lower_in_early_ESCC	lower_in_early_ESCC	lower_in_early_ESCC	TRUE	TRUE	-0.036082117791307	0.00182591364956212	0.00945352066950708	lower_in_early_ESCC	FALSE	-0.142151719781894	-0.0382382309990978	0.000118381203327373	0.00146155254877256	lower_in_early_ESCC	TRUE	16	0.000587298579495868	0.00716737890421083	TRUE	TRUE	TRUE	TRUE	TRUE	FALSE	limma_fdr_strong	TRUE	robust_rank_and_scale_fdr	all prespecified rank, scale, run-order and censoring upgrade criteria met	101
AN004962	AN004962__167	ST003027	targeted LC-MS	positive	ST003027_targeted_LCMS_combined_modes	ST003027_targeted_tissue_shared_32	O-Acetylcarnitine	oacetylcarnitine							source_label_unmapped	IS-pos06_TMAO-d9-1	Positive	204.1	145	16	16	32	1	1	0	0	0	FALSE	1	16	16	209	0.6328125	0.00226715200413596	8.1261778125	5.9729648125	7.98899	5.8876075	asinh	1	0.286221213055563	asinh(x*1) difference: Early_stage_ESCC minus Normal_tissue	0.123136107721589	0.449306318389537	3.58189933862796	0.00116877316242179	0.00512462078908015	209	0.6328125	0.00226715200413596	source_units_field_mz_but_method_comments_describe_nmol_per_g	not described in source metadata	none	source zero/negative values retained in primary asinh; detection/censoring flags and positive-only abundance sensitivity reported	no	unpaired	no	no	0.00635891839215923	0.00887507065033713	1	0.00939674843819511	0.00745544216744711	higher_in_early_ESCC	higher_in_early_ESCC	higher_in_early_ESCC	TRUE	TRUE	0.285779638462663	0.00157587719713213	0.00887467684700726	higher_in_early_ESCC	FALSE	-0.142151719781894	0.286221213055563	0.0050263325953019	0.0206852918345117	higher_in_early_ESCC	TRUE	16	0.00540141529959628	0.0104180181021871	TRUE	TRUE	TRUE	TRUE	TRUE	FALSE	limma_fdr_strong	TRUE	robust_rank_and_scale_fdr	all prespecified rank, scale, run-order and censoring upgrade criteria met	102
AN004962	AN004962__209	ST003027	targeted LC-MS	positive	ST003027_targeted_LCMS_combined_modes	ST003027_targeted_tissue_shared_32	Thiamine	thiamine							source_label_unmapped	IS-pos06_TMAO-d9-1	Positive	265	122	16	16	25	1	0.5625	0.4375	6	1	TRUE	0.00679767643060192	16	9	119	0.652777777777778	0.00779434335149065	0.0092354375	0.0013983125	0.007198	0.0001155	asinh	1	0.00783680466154177	asinh(x*1) difference: Early_stage_ESCC minus Normal_tissue	0.00335518217040121	0.0123184271526823	3.56835752904367	0.00120802336548836	0.00516429988746275	231	0.8046875	9.84136352146781e-05	source_units_field_mz_but_method_comments_describe_nmol_per_g	not described in source metadata	none	source zero/negative values retained in primary asinh; detection/censoring flags and positive-only abundance sensitivity reported	no	unpaired	no	no	0.00646292500536274	0.00131628237099632	0.436410826844643	0.0229459640721454	0.000934929534539441	higher_in_early_ESCC	higher_in_early_ESCC	higher_in_early_ESCC	TRUE	TRUE	0.007730313673701	0.00178699726883911	0.00940370693930091	higher_in_early_ESCC	FALSE	-0.142151719781894	0.00783680466154177	0.00259896401277943	0.0119181064014599	higher_in_early_ESCC	TRUE	16	5.78185885967083e-05	0.00826120089665727	TRUE	TRUE	TRUE	TRUE	TRUE	FALSE	limma_fdr_strong	TRUE	robust_rank_and_scale_fdr	all prespecified rank, scale, run-order and censoring upgrade criteria met	103
AN004963	AN004963__107	ST003027	targeted LC-MS	negative	ST003027_targeted_LCMS_combined_modes	ST003027_targeted_tissue_shared_32	4-Hydroxyphenylpyruvic acid	4hydroxyphenylpyruvicacid							source_label_unmapped	IS-neg06_Hippuric Acid-d5-1	Negative	178.9	107	16	16	32	1	1	0	0	0	FALSE	1	16	16	213	0.6640625	0.00135740678314855	0.145483	0.0772499375	0.1432625	0.0712945	asinh	1	0.0674511057666247	asinh(x*1) difference: Early_stage_ESCC minus Normal_tissue	0.0276978251171179	0.107204386416131	3.45614992071579	0.00156765864937294	0.0111975617812353	213	0.6640625	0.00135740678314855	source_units_field_mz_but_method_comments_describe_nmol_per_g	not described in source metadata	none	source zero/negative values retained in primary asinh; detection/censoring flags and positive-only abundance sensitivity reported	no	unpaired	no	no	0.00824948240079856	0.00588821050527993	1	0.0064207755542352	0.00754114879527025	higher_in_early_ESCC	higher_in_early_ESCC	higher_in_early_ESCC	TRUE	TRUE	0.0650438335066661	0.00250266717853697	0.0125524400673495	higher_in_early_ESCC	FALSE	-0.142151719781894	0.0674511057666246	0.000835690063278488	0.00544901731410677	higher_in_early_ESCC	TRUE	16	0.00275175583380522	0.027773772044826	TRUE	TRUE	TRUE	TRUE	TRUE	FALSE	limma_fdr_strong	TRUE	robust_rank_and_scale_fdr	all prespecified rank, scale, run-order and censoring upgrade criteria met	104
AN004962	AN004962__113	ST003027	targeted LC-MS	positive	ST003027_targeted_LCMS_combined_modes	ST003027_targeted_tissue_shared_32	L-Phenylalanine	lphenylalanine							source_label_unmapped	IS-pos01_Leu-555-d3-1	Positive	166.02	120	16	16	32	1	1	0	0	0	FALSE	1	16	16	208	0.625	0.0025688315270227	37.23154975	23.855643375	31.577005	22.0699625	asinh	1	0.393052345632112	asinh(x*1) difference: Early_stage_ESCC minus Normal_tissue	0.159375915837131	0.626728775427092	3.43290148829247	0.00173953696182607	0.00725514196273799	208	0.625	0.0025688315270227	source_units_field_mz_but_method_comments_describe_nmol_per_g	not described in source metadata	none	source zero/negative values retained in primary asinh; detection/censoring flags and positive-only abundance sensitivity reported	no	unpaired	no	no	0.00900631233461561	0.00970111670793286	1	0.010114774137652	0.00828811681360153	higher_in_early_ESCC	higher_in_early_ESCC	higher_in_early_ESCC	TRUE	TRUE	0.380521395600605	0.00276292000672291	0.013437838214516	higher_in_early_ESCC	FALSE	-0.142151719781894	0.393052345632111	0.000173830035829219	0.00186480635828473	higher_in_early_ESCC	TRUE	16	0.00758266904583901	0.0186627586288043	TRUE	TRUE	TRUE	TRUE	TRUE	FALSE	limma_fdr_strong	TRUE	robust_rank_and_scale_fdr	all prespecified rank, scale, run-order and censoring upgrade criteria met	105
AN004962	AN004962__217	ST003027	targeted LC-MS	positive	ST003027_targeted_LCMS_combined_modes	ST003027_targeted_tissue_shared_32	gamma-Glutamylmethionine	gammaglutamylmethionine							source_label_unmapped	IS-pos03_GABA-d6-1	Positive	279	150	16	16	32	1	1	0	0	0	FALSE	1	16	16	219	0.7109375	0.000604267758887334	0.058802125	0.0315679375	0.0519735	0.0293405	asinh	1	0.0271827304619829	asinh(x*1) difference: Early_stage_ESCC minus Normal_tissue	0.0109728046125066	0.0433926563114593	3.42197365351979	0.00178538962936305	0.00726227810438024	219	0.7109375	0.000604267758887334	source_units_field_mz_but_method_comments_describe_nmol_per_g	not described in source metadata	none	source zero/negative values retained in primary asinh; detection/censoring flags and positive-only abundance sensitivity reported	no	unpaired	no	no	0.00909698525437364	0.00359203612227471	1	0.00396550716769813	0.0029522796219924	higher_in_early_ESCC	higher_in_early_ESCC	higher_in_early_ESCC	TRUE	TRUE	0.0256790771777824	0.00294758406749598	0.0137126737053074	higher_in_early_ESCC	FALSE	-0.142151719781894	0.0271827304619829	0.0107140450411336	0.0362776245926751	higher_in_early_ESCC	TRUE	16	0.00181148169891569	0.0104738489174389	TRUE	TRUE	TRUE	TRUE	TRUE	FALSE	limma_fdr_strong	TRUE	robust_rank_and_scale_fdr	all prespecified rank, scale, run-order and censoring upgrade criteria met	106
AN004962	AN004962__140	ST003027	targeted LC-MS	positive	ST003027_targeted_LCMS_combined_modes	ST003027_targeted_tissue_shared_32	L-Tyrosine	ltyrosine							source_label_unmapped	IS-pos06_TMAO-d9-1	Positive	182	91	16	16	32	1	1	0	0	0	FALSE	1	16	16	212	0.65625	0.00154620347708079	44.6067695	29.685028125	40.9009565	30.493728	asinh	1	0.371352764810205	asinh(x*1) difference: Early_stage_ESCC minus Normal_tissue	0.149390483565415	0.593315046054996	3.41454892046408	0.00182618689174474	0.00726227810438024	212	0.65625	0.00154620347708079	source_units_field_mz_but_method_comments_describe_nmol_per_g	not described in source metadata	none	source zero/negative values retained in primary asinh; detection/censoring flags and positive-only abundance sensitivity reported	no	unpaired	no	no	0.00915946862890721	0.00653067521240701	1	0.00705608986410722	0.00539593458328193	higher_in_early_ESCC	higher_in_early_ESCC	higher_in_early_ESCC	TRUE	TRUE	0.360326861989175	0.00286900172496023	0.0137126737053074	higher_in_early_ESCC	FALSE	-0.142151719781894	0.371352764810203	0.000454924534672676	0.00347692322928402	higher_in_early_ESCC	TRUE	16	0.00788394344183156	0.0149767294832257	TRUE	TRUE	TRUE	TRUE	TRUE	FALSE	limma_fdr_strong	TRUE	robust_rank_and_scale_fdr	all prespecified rank, scale, run-order and censoring upgrade criteria met	107
AN004962	AN004962__3	ST003027	targeted LC-MS	positive	ST003027_targeted_LCMS_combined_modes	ST003027_targeted_tissue_shared_32	Imidazole	imidazole							source_label_unmapped	IS-pos05_Nic-2456-d4-1	Positive	69	42	16	16	32	1	1	0	0	0	FALSE	1	16	16	212	0.65625	0.00154620347708079	0.13124	0.108567	0.1333315	0.1055215	asinh	1	0.0225034033247152	asinh(x*1) difference: Early_stage_ESCC minus Normal_tissue	0.00898517091037355	0.0360216357390569	3.39697934450934	0.00190753778769168	0.0074133854930745	212	0.65625	0.00154620347708079	source_units_field_mz_but_method_comments_describe_nmol_per_g	not described in source metadata	none	source zero/negative values retained in primary asinh; detection/censoring flags and positive-only abundance sensitivity reported	no	unpaired	no	no	0.00942030199767739	0.00653067521240701	1	0.00705608986410722	0.00539593458328193	higher_in_early_ESCC	higher_in_early_ESCC	higher_in_early_ESCC	TRUE	TRUE	0.0219489138606754	0.00292386600985619	0.0137126737053074	higher_in_early_ESCC	FALSE	-0.142151719781894	0.0225034033247152	0.00254820068319867	0.0118546727435764	higher_in_early_ESCC	TRUE	16	0.00942030199767739	0.0279529868395577	TRUE	TRUE	TRUE	TRUE	TRUE	FALSE	limma_fdr_strong	TRUE	robust_rank_and_scale_fdr	all prespecified rank, scale, run-order and censoring upgrade criteria met	108
AN004962	AN004962__204	ST003027	targeted LC-MS	positive	ST003027_targeted_LCMS_combined_modes	ST003027_targeted_tissue_shared_32	Glycerophosphocholine	glycerophosphocholine							source_label_unmapped	IS-pos03_GABA-d6-1	Positive	258	125	16	16	32	1	1	0	0	0	FALSE	1	16	16	211	0.6484375	0.00175892306390857	15.49305725	6.904411125	10.9524365	7.01373	asinh	1	0.671903130685114	asinh(x*1) difference: Early_stage_ESCC minus Normal_tissue	0.264271204059657	1.07953505731057	3.36406462638236	0.00208653939816012	0.00792884971300847	211	0.6484375	0.00175892306390857	source_units_field_mz_but_method_comments_describe_nmol_per_g	not described in source metadata	none	source zero/negative values retained in primary asinh; detection/censoring flags and positive-only abundance sensitivity reported	no	unpaired	no	no	0.0101481688910515	0.00714701650018545	1	0.00751886546282623	0.00589756556722285	higher_in_early_ESCC	higher_in_early_ESCC	higher_in_early_ESCC	TRUE	TRUE	0.699946719039833	0.00164069397950649	0.00895550194043001	higher_in_early_ESCC	FALSE	-0.142151719781894	0.671903130685115	0.000940604788894461	0.00569687051387022	higher_in_early_ESCC	TRUE	16	0.00799180007662609	0.0293765804335552	TRUE	TRUE	TRUE	TRUE	TRUE	FALSE	limma_fdr_strong	TRUE	robust_rank_and_scale_fdr	all prespecified rank, scale, run-order and censoring upgrade criteria met	109
AN004963	AN004963__191	ST003027	targeted LC-MS	negative	ST003027_targeted_LCMS_combined_modes	ST003027_targeted_tissue_shared_32	Cytidine-5'-diphosphate	cytidine5diphosphate							source_label_unmapped	IS-neg05_Suc-2233-d4-1	Negative	402	384	16	16	28	0.8125	0.9375	-0.125	2	2	TRUE	0.599555061179088	13	15	32	-0.671794871794872	0.00255054076735085	0.06994975	0.1799671875	0.030505	0.1788345	asinh	1	-0.108641845766113	asinh(x*1) difference: Early_stage_ESCC minus Normal_tissue	-0.175360205150941	-0.0419234863812854	-3.31916246662263	0.00229172684741419	0.0154434501818398	45.5	-0.64453125	0.00187327713079611	source_units_field_mz_but_method_comments_describe_nmol_per_g	not described in source metadata	none	source zero/negative values retained in primary asinh; detection/censoring flags and positive-only abundance sensitivity reported	no	unpaired	no	no	0.0109797659405963	0.0075165244873194	1	0.010114774137652	0.00968936446963506	lower_in_early_ESCC	lower_in_early_ESCC	lower_in_early_ESCC	TRUE	TRUE	-0.113370129544707	0.00175182220531036	0.0093722487984104	lower_in_early_ESCC	FALSE	-0.142151719781894	-0.108641845766113	0.0129153098339346	0.0410476678880496	lower_in_early_ESCC	TRUE	16	0.00371015715902656	0.0439680817402721	TRUE	TRUE	TRUE	TRUE	TRUE	FALSE	limma_fdr_strong	TRUE	robust_rank_and_scale_fdr	all prespecified rank, scale, run-order and censoring upgrade criteria met	110
AN004963	AN004963__54	ST003027	targeted LC-MS	negative	ST003027_targeted_LCMS_combined_modes	ST003027_targeted_tissue_shared_32	3-Hydroxyglutaric acid	3hydroxyglutaricacid							source_label_unmapped	IS-neg05_Suc-2233-d4-1	Negative	147	85	16	16	32	1	1	0	0	0	FALSE	1	16	16	30	-0.765625	0.000221176352585659	0.03582325	0.1021511875	0.0294055	0.08336	asinh	1	-0.0658110233625527	asinh(x*1) difference: Early_stage_ESCC minus Normal_tissue	-0.106410975615488	-0.0252110711096172	-3.30179112123539	0.00236799569454877	0.0154434501818398	30	-0.765625	0.000221176352585659	source_units_field_mz_but_method_comments_describe_nmol_per_g	not described in source metadata	none	source zero/negative values retained in primary asinh; detection/censoring flags and positive-only abundance sensitivity reported	no	unpaired	no	no	0.011178332616914	0.00191885430216219	1	0.00211122882013596	0.00274729541841575	lower_in_early_ESCC	lower_in_early_ESCC	lower_in_early_ESCC	TRUE	TRUE	-0.0673637576509443	0.00235827869309516	0.0120159914362468	lower_in_early_ESCC	FALSE	-0.142151719781894	-0.0658110233625528	0.00354631218466165	0.0160063884792026	lower_in_early_ESCC	TRUE	16	0.000624373840221582	0.0346115973975133	TRUE	TRUE	TRUE	TRUE	TRUE	FALSE	limma_fdr_strong	TRUE	robust_rank_and_scale_fdr	all prespecified rank, scale, run-order and censoring upgrade criteria met	111
AN004963	AN004963__217	ST003027	targeted LC-MS	negative	ST003027_targeted_LCMS_combined_modes	ST003027_targeted_tissue_shared_32	GDP-L-Fucose	gdplfucose							source_label_unmapped	IS-neg05_Suc-2233-d4-1	Negative	588	442	16	16	32	1	1	0	0	0	FALSE	1	16	16	205	0.6015625	0.00370733279014357	1.2774910625	0.9092291875	1.1916385	0.911741	asinh	1	0.243071688003516	asinh(x*1) difference: Early_stage_ESCC minus Normal_tissue	0.0916580119625364	0.394485364044495	3.27584036295889	0.00262149605176126	0.0163843503235079	205	0.6015625	0.00370733279014357	source_units_field_mz_but_method_comments_describe_nmol_per_g	not described in source metadata	none	source zero/negative values retained in primary asinh; detection/censoring flags and positive-only abundance sensitivity reported	no	unpaired	no	no	0.0121956555451502	0.0129353676699578	1	0.0131214587516321	0.0163558799565157	higher_in_early_ESCC	higher_in_early_ESCC	higher_in_early_ESCC	TRUE	TRUE	0.237253599765481	0.00393361764499117	0.0177843840005939	higher_in_early_ESCC	FALSE	-0.142151719781894	0.243071688003516	0.00647614836102501	0.0250463087215545	higher_in_early_ESCC	TRUE	16	0.0119565784594295	0.0242163856274805	TRUE	TRUE	TRUE	TRUE	TRUE	FALSE	limma_fdr_strong	TRUE	robust_rank_and_scale_fdr	all prespecified rank, scale, run-order and censoring upgrade criteria met	112
AN004962	AN004962__227	ST003027	targeted LC-MS	positive	ST003027_targeted_LCMS_combined_modes	ST003027_targeted_tissue_shared_32	L-Argininosuccinic Acid	largininosuccinicacid							source_label_unmapped	IS-pos03_GABA-d6-1	Positive	291.1	70	16	16	32	1	1	0	0	0	FALSE	1	16	16	50	-0.609375	0.0032849241616237	1.1465979375	2.09094825	0.921691	1.8802155	asinh	1	-0.487924024922164	asinh(x*1) difference: Early_stage_ESCC minus Normal_tissue	-0.793918641757921	-0.181929408086407	-3.25435011305495	0.00278099510723125	0.0103380470290553	50	-0.609375	0.0032849241616237	source_units_field_mz_but_method_comments_describe_nmol_per_g	not described in source metadata	none	source zero/negative values retained in primary asinh; detection/censoring flags and positive-only abundance sensitivity reported	no	unpaired	no	no	0.0127528489917319	0.0118478725379912	1	0.0121735424813115	0.00985477248487121	lower_in_early_ESCC	lower_in_early_ESCC	lower_in_early_ESCC	TRUE	TRUE	-0.477201527259131	0.00411505612297605	0.0183462918816016	lower_in_early_ESCC	FALSE	-0.142151719781894	-0.487924024922165	0.00745845134329293	0.0275191135769774	lower_in_early_ESCC	TRUE	16	0.0108104245389444	0.0183633149674998	TRUE	TRUE	TRUE	TRUE	TRUE	FALSE	limma_fdr_strong	TRUE	robust_rank_and_scale_fdr	all prespecified rank, scale, run-order and censoring upgrade criteria met	113
AN004963	AN004963__129	ST003027	targeted LC-MS	negative	ST003027_targeted_LCMS_combined_modes	ST003027_targeted_tissue_shared_32	Citric Acid	citricacid							source_label_unmapped	IS-neg05_Suc-2233-d4-1	Negative	191	111	16	16	32	1	1	0	0	0	FALSE	1	16	16	52	-0.59375	0.00417855756816648	13.333906	21.43011675	12.285052	24.3886775	asinh	1	-0.465146135451244	asinh(x*1) difference: Early_stage_ESCC minus Normal_tissue	-0.758812374538227	-0.171479896364261	-3.23249990923511	0.00294087505982379	0.0167318512368398	52	-0.59375	0.00417855756816648	source_units_field_mz_but_method_comments_describe_nmol_per_g	not described in source metadata	none	source zero/negative values retained in primary asinh; detection/censoring flags and positive-only abundance sensitivity reported	no	unpaired	no	no	0.0132433748556795	0.014119126098752	1	0.0140026131273664	0.017410656534027	lower_in_early_ESCC	lower_in_early_ESCC	lower_in_early_ESCC	TRUE	TRUE	-0.442326476000157	0.00475012330599281	0.020605264611131	lower_in_early_ESCC	FALSE	-0.142151719781894	-0.465146135451245	0.011617055301051	0.0376674217337107	lower_in_early_ESCC	TRUE	16	0.0072605761410166	0.0133781856010568	TRUE	TRUE	TRUE	TRUE	TRUE	FALSE	limma_fdr_strong	TRUE	robust_rank_and_scale_fdr	all prespecified rank, scale, run-order and censoring upgrade criteria met	114
AN004963	AN004963__115	ST003027	targeted LC-MS	negative	ST003027_targeted_LCMS_combined_modes	ST003027_targeted_tissue_shared_32	Inositol	inositol							source_label_unmapped	IS-neg02_Glu-13C5-N15-1	Negative	179	161	16	16	32	1	1	0	0	0	FALSE	1	16	16	46	-0.640625	0.0019982567083018	149.00520275	192.0497665625	144.482988	192.408569	asinh	1	-0.285013052753641	asinh(x*1) difference: Early_stage_ESCC minus Normal_tissue	-0.465245526153648	-0.104780579353634	-3.22726652133802	0.00298112237548448	0.0167318512368398	46	-0.640625	0.0019982567083018	source_units_field_mz_but_method_comments_describe_nmol_per_g	not described in source metadata	none	source zero/negative values retained in primary asinh; detection/censoring flags and positive-only abundance sensitivity reported	no	unpaired	no	no	0.0132433748556795	0.0079190173254923	1	0.00839267817486755	0.00999128354150898	lower_in_early_ESCC	lower_in_early_ESCC	lower_in_early_ESCC	TRUE	TRUE	-0.261127058964162	0.00464385088750298	0.0204202210258693	lower_in_early_ESCC	FALSE	-0.142151719781894	-0.285013052753638	0.011412226595922	0.0373808646662344	lower_in_early_ESCC	TRUE	16	0.012789859104645	0.0227872912083702	TRUE	TRUE	TRUE	TRUE	TRUE	FALSE	limma_fdr_strong	TRUE	robust_rank_and_scale_fdr	all prespecified rank, scale, run-order and censoring upgrade criteria met	115
AN004963	AN004963__114	ST003027	targeted LC-MS	negative	ST003027_targeted_LCMS_combined_modes	ST003027_targeted_tissue_shared_32	D-Glucose	dglucose							source_label_unmapped	IS-neg04_Lac-13C3-1	Negative	179.06	88.96	16	16	32	1	1	0	0	0	FALSE	1	16	16	52	-0.59375	0.00417855756816648	34.5734053125	77.0000908125	23.762625	78.4778895	asinh	1	-1.04064022577304	asinh(x*1) difference: Early_stage_ESCC minus Normal_tissue	-1.69950880450431	-0.381771647041774	-3.22333124836439	0.00301173322263117	0.0167318512368398	52	-0.59375	0.00417855756816648	source_units_field_mz_but_method_comments_describe_nmol_per_g	not described in source metadata	none	source zero/negative values retained in primary asinh; detection/censoring flags and positive-only abundance sensitivity reported	no	unpaired	no	no	0.0132433748556795	0.014119126098752	1	0.0140026131273664	0.017410656534027	lower_in_early_ESCC	lower_in_early_ESCC	lower_in_early_ESCC	TRUE	TRUE	-0.962580626103052	0.00482996459871181	0.0206361560815434	lower_in_early_ESCC	FALSE	-0.142151719781894	-1.04064022577304	0.00359021797664358	0.0160063884792026	lower_in_early_ESCC	TRUE	16	0.0103397845320782	0.0163251339321512	TRUE	TRUE	TRUE	TRUE	TRUE	FALSE	limma_fdr_strong	TRUE	robust_rank_and_scale_fdr	all prespecified rank, scale, run-order and censoring upgrade criteria met	116
AN004963	AN004963__3	ST003027	targeted LC-MS	negative	ST003027_targeted_LCMS_combined_modes	ST003027_targeted_tissue_shared_32	3-Hydroxypropionic acid	3hydroxypropionicacid							source_label_unmapped	IS-neg01_Leu-555-d3-1	Negative	89	59	16	16	32	1	1	0	0	0	FALSE	1	16	16	55	-0.5703125	0.0059360881788798	3.705706	7.0986263125	2.9160855	6.738467	asinh	1	-0.702298360594218	asinh(x*1) difference: Early_stage_ESCC minus Normal_tissue	-1.15222792025486	-0.252368800933572	-3.18551939552172	0.00332158925449835	0.0177107325649636	55	-0.5703125	0.0059360881788798	source_units_field_mz_but_method_comments_describe_nmol_per_g	not described in source metadata	none	source zero/negative values retained in primary asinh; detection/censoring flags and positive-only abundance sensitivity reported	no	unpaired	no	no	0.0143377288565535	0.0192473162163678	1	0.0186986777634714	0.0227646250326474	lower_in_early_ESCC	lower_in_early_ESCC	lower_in_early_ESCC	TRUE	TRUE	-0.639179692369074	0.00509465706413691	0.0207479379041607	lower_in_early_ESCC	FALSE	-0.142151719781894	-0.702298360594217	0.00418513538036188	0.0179123794279489	lower_in_early_ESCC	TRUE	16	0.0116762708910032	0.0186627586288043	TRUE	TRUE	TRUE	TRUE	TRUE	FALSE	limma_fdr_strong	TRUE	robust_rank_and_scale_fdr	all prespecified rank, scale, run-order and censoring upgrade criteria met	117
AN004963	AN004963__139	ST003027	targeted LC-MS	negative	ST003027_targeted_LCMS_combined_modes	ST003027_targeted_tissue_shared_32	Gluconic acid	gluconicacid							source_label_unmapped	IS-pos02_GlU-13C5-N15-1	Negative	195	75	16	16	32	1	1	0	0	0	FALSE	1	16	16	205	0.6015625	0.00370733279014357	1.9205013125	1.086621125	1.705943	0.9098595	asinh	1	0.419284826771463	asinh(x*1) difference: Early_stage_ESCC minus Normal_tissue	0.149672837593429	0.688896815949497	3.17375261196726	0.00342407496255963	0.0177107325649636	205	0.6015625	0.00370733279014357	source_units_field_mz_but_method_comments_describe_nmol_per_g	not described in source metadata	none	source zero/negative values retained in primary asinh; detection/censoring flags and positive-only abundance sensitivity reported	no	unpaired	no	no	0.0143377288565535	0.0129353676699578	1	0.0131214587516321	0.0163558799565157	higher_in_early_ESCC	higher_in_early_ESCC	higher_in_early_ESCC	TRUE	TRUE	0.436987479198615	0.00275706315861423	0.013437838214516	higher_in_early_ESCC	FALSE	-0.142151719781894	0.419284826771463	0.00724268583763124	0.0270337459753445	higher_in_early_ESCC	TRUE	16	0.0141995020234481	0.0210952806308387	TRUE	TRUE	TRUE	TRUE	TRUE	FALSE	limma_fdr_strong	TRUE	robust_rank_and_scale_fdr	all prespecified rank, scale, run-order and censoring upgrade criteria met	118
AN004962	AN004962__218	ST003027	targeted LC-MS	positive	ST003027_targeted_LCMS_combined_modes	ST003027_targeted_tissue_shared_32	L-alpha-Aspartyl-L-phenylalanine	lalphaaspartyllphenylalanine							source_label_unmapped	IS-pos03_GABA-d6-1	Positive	281.1	120	16	16	32	1	1	0	0	0	FALSE	1	16	16	213	0.6640625	0.00135740678314855	0.2223785625	0.0877878125	0.167283	0.0837785	asinh	1	0.129262937868476	asinh(x*1) difference: Early_stage_ESCC minus Normal_tissue	0.0461027360343488	0.212423139702603	3.17237372949064	0.00343926829269352	0.0122523932927207	213	0.6640625	0.00135740678314855	source_units_field_mz_but_method_comments_describe_nmol_per_g	not described in source metadata	none	source zero/negative values retained in primary asinh; detection/censoring flags and positive-only abundance sensitivity reported	no	unpaired	no	no	0.0143377288565535	0.00588821050527993	1	0.0064207755542352	0.00493865021102984	higher_in_early_ESCC	higher_in_early_ESCC	higher_in_early_ESCC	TRUE	TRUE	0.131434121354128	0.00375361196885578	0.0172129920286101	higher_in_early_ESCC	FALSE	-0.142151719781894	0.129262937868476	0.00440277901600614	0.0185959482123417	higher_in_early_ESCC	TRUE	16	0.00248248351234428	0.0192547259732346	TRUE	TRUE	TRUE	TRUE	TRUE	FALSE	limma_fdr_strong	TRUE	robust_rank_and_scale_fdr	all prespecified rank, scale, run-order and censoring upgrade criteria met	119
AN004962	AN004962__239	ST003027	targeted LC-MS	positive	ST003027_targeted_LCMS_combined_modes	ST003027_targeted_tissue_shared_32	5alpha-Pregnane-3,20-dione	5alphapregnane320dione							source_label_unmapped	IS-pos05_Nic-2456-d4-1	Positive	317.3	299	16	16	32	1	1	0	0	0	FALSE	1	16	16	207	0.6171875	0.00290681202222687	0.0201275625	0.0127634375	0.0205075	0.012647	asinh	1	0.00736282422667344	asinh(x*1) difference: Early_stage_ESCC minus Normal_tissue	0.00256169756690478	0.0121639508864421	3.12943460206277	0.0038324090059131	0.0133743253063498	207	0.6171875	0.00290681202222687	source_units_field_mz_but_method_comments_describe_nmol_per_g	not described in source metadata	none	source zero/negative values retained in primary asinh; detection/censoring flags and positive-only abundance sensitivity reported	no	unpaired	no	no	0.0157718370627962	0.010725134013044	1	0.0110531605064888	0.00903754283274172	higher_in_early_ESCC	higher_in_early_ESCC	higher_in_early_ESCC	TRUE	TRUE	0.00730791270591354	0.00510619032532304	0.0207479379041607	higher_in_early_ESCC	FALSE	-0.142151719781894	0.00736282422667344	0.00980527176575212	0.0342118721392003	higher_in_early_ESCC	TRUE	16	0.00288366966669137	0.018588715538724	TRUE	TRUE	TRUE	TRUE	TRUE	FALSE	limma_fdr_strong	TRUE	robust_rank_and_scale_fdr	all prespecified rank, scale, run-order and censoring upgrade criteria met	120
AN004962	AN004962__214	ST003027	targeted LC-MS	positive	ST003027_targeted_LCMS_combined_modes	ST003027_targeted_tissue_shared_32	Estrone	estrone							source_label_unmapped	IS-pos05_Nic-2456-d4-1	Positive	271.17	253.2	16	16	32	1	1	0	0	0	FALSE	1	16	16	202	0.578125	0.00528743403669019	0.124542875	0.0999354375	0.1321585	0.1020575	asinh	1	0.0244314253393777	asinh(x*1) difference: Early_stage_ESCC minus Normal_tissue	0.00841508014104811	0.0404477705377074	3.11279123591357	0.00399962656544968	0.0136787228538379	202	0.578125	0.00528743403669019	source_units_field_mz_but_method_comments_describe_nmol_per_g	not described in source metadata	none	source zero/negative values retained in primary asinh; detection/censoring flags and positive-only abundance sensitivity reported	no	unpaired	no	no	0.0162516471836626	0.0174975909873974	1	0.0168236537531051	0.015069187004567	higher_in_early_ESCC	higher_in_early_ESCC	higher_in_early_ESCC	TRUE	TRUE	0.022598089593892	0.00642912169126227	0.0248644344927131	higher_in_early_ESCC	FALSE	-0.142151719781894	0.0244314253393778	0.0137447865576994	0.0428356940293352	higher_in_early_ESCC	TRUE	16	0.0162516471836626	0.046011329909533	TRUE	TRUE	TRUE	TRUE	TRUE	FALSE	limma_fdr_strong	TRUE	robust_rank_and_scale_fdr	all prespecified rank, scale, run-order and censoring upgrade criteria met	121
AN004962	AN004962__128	ST003027	targeted LC-MS	positive	ST003027_targeted_LCMS_combined_modes	ST003027_targeted_tissue_shared_32	L-Citrulline	lcitrulline							source_label_unmapped	IS-pos03_GABA-d6-1	Positive	176	159	16	16	32	1	1	0	0	0	FALSE	1	16	16	200	0.5625	0.00665560548294941	4.3491200625	2.794805375	3.798801	2.799409	asinh	1	0.361734123391254	asinh(x*1) difference: Early_stage_ESCC minus Normal_tissue	0.121096917477963	0.602371329304544	3.06798025259949	0.00449457433872489	0.0150700433710188	200	0.5625	0.00665560548294941	source_units_field_mz_but_method_comments_describe_nmol_per_g	not described in source metadata	none	source zero/negative values retained in primary asinh; detection/censoring flags and positive-only abundance sensitivity reported	no	unpaired	no	no	0.0180344795341336	0.0209455819610467	1	0.0205540757561673	0.0183565893158766	higher_in_early_ESCC	higher_in_early_ESCC	higher_in_early_ESCC	TRUE	TRUE	0.317884854122923	0.00584457963484281	0.0231618526269697	higher_in_early_ESCC	FALSE	-0.142151719781894	0.361734123391254	0.00203129663522895	0.0103499399985475	higher_in_early_ESCC	TRUE	16	0.0159618520595641	0.0301383491177178	TRUE	TRUE	TRUE	TRUE	TRUE	FALSE	limma_fdr_strong	TRUE	robust_rank_and_scale_fdr	all prespecified rank, scale, run-order and censoring upgrade criteria met	122
AN004962	AN004962__191	ST003027	targeted LC-MS	positive	ST003027_targeted_LCMS_combined_modes	ST003027_targeted_tissue_shared_32	Leucyl-Valine	leucylvaline							source_label_unmapped	IS-pos04_ACh-d9-1	Positive	231	86	16	16	32	1	1	0	0	0	FALSE	1	16	16	206	0.609375	0.00328492416162374	0.019441375	0.004943125	0.0151605	0.004314	asinh	1	0.0144928830048674	asinh(x*1) difference: Early_stage_ESCC minus Normal_tissue	0.00481803640811928	0.0241677296016156	3.05685831470003	0.00461395480412002	0.0151728129135485	206	0.609375	0.00328492416162374	source_units_field_mz_but_method_comments_describe_nmol_per_g	not described in source metadata	none	source zero/negative values retained in primary asinh; detection/censoring flags and positive-only abundance sensitivity reported	no	unpaired	no	no	0.0182849320015127	0.0118478725379912	1	0.0121735424813115	0.00985477248487121	higher_in_early_ESCC	higher_in_early_ESCC	higher_in_early_ESCC	TRUE	TRUE	0.0146051875488876	0.00543100806672117	0.0217919198677187	higher_in_early_ESCC	FALSE	-0.142151719781894	0.0144928830048674	0.00717940552015189	0.0270337459753445	higher_in_early_ESCC	TRUE	16	0.00257334661517659	0.0204221569090748	TRUE	TRUE	TRUE	TRUE	TRUE	FALSE	limma_fdr_strong	TRUE	robust_rank_and_scale_fdr	all prespecified rank, scale, run-order and censoring upgrade criteria met	123
AN004962	AN004962__246	ST003027	targeted LC-MS	positive	ST003027_targeted_LCMS_combined_modes	ST003027_targeted_tissue_shared_32	Adenosine monophosphate	adenosinemonophosphate							source_label_unmapped	IS-pos02_GlU-13C5-N15-1	Positive	348.1	136	16	16	32	1	1	0	0	0	FALSE	1	16	16	214	0.671875	0.00119008038345481	46.7039623125	24.4379281875	45.4939685	19.5521875	asinh	1	0.715375792410631	asinh(x*1) difference: Early_stage_ESCC minus Normal_tissue	0.236098544035689	1.19465304078557	3.04630430354634	0.00474934187825576	0.0153233483241837	214	0.671875	0.00119008038345481	source_units_field_mz_but_method_comments_describe_nmol_per_g	not described in source metadata	none	source zero/negative values retained in primary asinh; detection/censoring flags and positive-only abundance sensitivity reported	no	unpaired	no	no	0.0185919358892695	0.00545736861555704	1	0.00595040191727403	0.00452230545712826	higher_in_early_ESCC	higher_in_early_ESCC	higher_in_early_ESCC	TRUE	TRUE	0.729532599252488	0.00501347169220179	0.0207479379041607	higher_in_early_ESCC	FALSE	-0.142151719781894	0.715375792410632	0.011225388810058	0.0371479361652436	higher_in_early_ESCC	TRUE	16	0.00319181831443681	0.0185919358892695	TRUE	TRUE	TRUE	TRUE	TRUE	FALSE	limma_fdr_strong	TRUE	robust_rank_and_scale_fdr	all prespecified rank, scale, run-order and censoring upgrade criteria met	124
AN004962	AN004962__196	ST003027	targeted LC-MS	positive	ST003027_targeted_LCMS_combined_modes	ST003027_targeted_tissue_shared_32	Cytidine	cytidine							source_label_unmapped	IS-pos01_Leu-555-d3-1	Positive	244.1	112.1	16	16	32	1	1	0	0	0	FALSE	1	16	16	58	-0.546875	0.00833414457781738	0.394844125	0.82518475	0.3043355	0.806988	asinh	1	-0.344289195352746	asinh(x*1) difference: Early_stage_ESCC minus Normal_tissue	-0.578496623165042	-0.11008176754045	-3.00018880701343	0.00533769721581393	0.0169027078500774	58	-0.546875	0.00833414457781738	source_units_field_mz_but_method_comments_describe_nmol_per_g	not described in source metadata	none	source zero/negative values retained in primary asinh; detection/censoring flags and positive-only abundance sensitivity reported	no	unpaired	no	no	0.0201576565444267	0.0250024337334521	1	0.0243079216853007	0.0222677925438558	lower_in_early_ESCC	lower_in_early_ESCC	lower_in_early_ESCC	TRUE	TRUE	-0.34515049882234	0.00651615113194423	0.0249010061113583	lower_in_early_ESCC	FALSE	-0.142151719781894	-0.344289195352746	0.0101479285117913	0.0350267209923119	lower_in_early_ESCC	TRUE	16	0.0138923616372252	0.025823276773679	TRUE	TRUE	TRUE	TRUE	TRUE	FALSE	limma_fdr_strong	TRUE	robust_rank_and_scale_fdr	all prespecified rank, scale, run-order and censoring upgrade criteria met	125
AN004962	AN004962__33	ST003027	targeted LC-MS	positive	ST003027_targeted_LCMS_combined_modes	ST003027_targeted_tissue_shared_32	L-Valine	lvaline							source_label_unmapped	IS-pos06_TMAO-d9-1	Positive	118.2	72	16	16	32	1	1	0	0	0	FALSE	1	16	16	193	0.5078125	0.014294365172512	107.7058196875	69.3998243125	95.9932425	67.437357	asinh	1	0.399598829799023	asinh(x*1) difference: Early_stage_ESCC minus Normal_tissue	0.126678670363898	0.672518989234149	2.98823293944809	0.0055011507496743	0.017103577785351	193	0.5078125	0.014294365172512	source_units_field_mz_but_method_comments_describe_nmol_per_g	not described in source metadata	none	source zero/negative values retained in primary asinh; detection/censoring flags and positive-only abundance sensitivity reported	no	unpaired	no	no	0.0205333650075052	0.0409686716105032	1	0.0393833153310833	0.0370354006742357	higher_in_early_ESCC	higher_in_early_ESCC	higher_in_early_ESCC	TRUE	TRUE	0.368107729552452	0.00879036880176398	0.0317045885996207	higher_in_early_ESCC	FALSE	-0.142151719781894	0.399598829799026	0.000881105019325129	0.00544901731410677	higher_in_early_ESCC	TRUE	16	0.0180955980635585	0.0221876907135428	TRUE	TRUE	TRUE	TRUE	TRUE	FALSE	limma_fdr_strong	TRUE	robust_rank_and_scale_fdr	all prespecified rank, scale, run-order and censoring upgrade criteria met	126
AN004963	AN004963__151	ST003027	targeted LC-MS	negative	ST003027_targeted_LCMS_combined_modes	ST003027_targeted_tissue_shared_32	Myristic acid	myristicacid							source_label_unmapped	IS-neg03_Anthranilic acid-(phenyl-13C6)-1	Negative	227.2	227.2	16	16	32	1	1	0	0	0	FALSE	1	16	16	202	0.578125	0.00528743403669019	0.4185795625	0.314372375	0.3770345	0.286044	asinh	1	0.0966793457449824	asinh(x*1) difference: Early_stage_ESCC minus Normal_tissue	0.030357359906435	0.16300133158353	2.97134386929874	0.00564165020662286	0.0264452353435446	202	0.578125	0.00528743403669019	source_units_field_mz_but_method_comments_describe_nmol_per_g	not described in source metadata	none	source zero/negative values retained in primary asinh; detection/censoring flags and positive-only abundance sensitivity reported	no	unpaired	no	no	0.0208157438658154	0.0174975909873974	1	0.0168236537531051	0.0214355433919872	higher_in_early_ESCC	higher_in_early_ESCC	higher_in_early_ESCC	TRUE	TRUE	0.0867852506088144	0.00862994750998618	0.0317045885996207	higher_in_early_ESCC	FALSE	-0.142151719781894	0.0966793457449824	0.00245942409235381	0.0117539836965573	higher_in_early_ESCC	TRUE	16	0.0171454248284606	0.0335545484397033	TRUE	TRUE	TRUE	TRUE	TRUE	FALSE	limma_fdr_strong	TRUE	robust_rank_and_scale_fdr	all prespecified rank, scale, run-order and censoring upgrade criteria met	127
AN004963	AN004963__218	ST003027	targeted LC-MS	negative	ST003027_targeted_LCMS_combined_modes	ST003027_targeted_tissue_shared_32	Glutathione Disulfide	glutathionedisulfide							source_label_unmapped	IS-neg05_Suc-2233-d4-1	Negative	611	306	16	16	32	1	1	0	0	0	FALSE	1	16	16	199	0.5546875	0.00745259474040894	43.70472875	34.78141025	42.271571	35.077844	asinh	1	0.237483644306968	asinh(x*1) difference: Early_stage_ESCC minus Normal_tissue	0.0725213619436844	0.402445926670251	2.93786433675075	0.00623505963490712	0.0283411801586687	199	0.5546875	0.00745259474040894	source_units_field_mz_but_method_comments_describe_nmol_per_g	not described in source metadata	none	source zero/negative values retained in primary asinh; detection/censoring flags and positive-only abundance sensitivity reported	no	unpaired	no	no	0.0225047151710784	0.02256870671388	1	0.0221468617285738	0.0259974235130545	higher_in_early_ESCC	higher_in_early_ESCC	higher_in_early_ESCC	TRUE	TRUE	0.242826616524601	0.00640835109821248	0.0248644344927131	higher_in_early_ESCC	FALSE	-0.142151719781894	0.237483644306966	0.00601889994616115	0.0241508360339716	higher_in_early_ESCC	TRUE	16	0.0180751689196141	0.0437886446917539	TRUE	TRUE	TRUE	TRUE	TRUE	FALSE	limma_fdr_strong	TRUE	robust_rank_and_scale_fdr	all prespecified rank, scale, run-order and censoring upgrade criteria met	128
AN004962	AN004962__189	ST003027	targeted LC-MS	positive	ST003027_targeted_LCMS_combined_modes	ST003027_targeted_tissue_shared_32	L-Carnosine	lcarnosine							source_label_unmapped	IS-pos02_GlU-13C5-N15-1	Positive	227	110	16	16	32	1	1	0	0	0	FALSE	1	16	16	56	-0.5625	0.00665560548294938	1.9460544375	4.024906125	2.07109	3.1689445	asinh	1	-0.549179116257717	asinh(x*1) difference: Early_stage_ESCC minus Normal_tissue	-0.930661162168556	-0.167697070346878	-2.93809455289092	0.00623962507858559	0.0190531408649667	56	-0.5625	0.00665560548294938	source_units_field_mz_but_method_comments_describe_nmol_per_g	not described in source metadata	none	source zero/negative values retained in primary asinh; detection/censoring flags and positive-only abundance sensitivity reported	no	unpaired	no	no	0.0225047151710784	0.0209455819610467	1	0.0205540757561673	0.0183565893158766	lower_in_early_ESCC	lower_in_early_ESCC	lower_in_early_ESCC	TRUE	TRUE	-0.537879316074297	0.008723579520168	0.0317045885996207	lower_in_early_ESCC	FALSE	-0.142151719781894	-0.549179116257718	0.0239505750012809	0.0662770222018204	lower_in_early_ESCC	TRUE	16	0.0225047151710784	0.0344366475453199	TRUE	TRUE	TRUE	TRUE	TRUE	FALSE	limma_fdr_strong	TRUE	robust_rank_and_scale_fdr	all prespecified rank, scale, run-order and censoring upgrade criteria met	129
AN004963	AN004963__49	ST003027	targeted LC-MS	negative	ST003027_targeted_LCMS_combined_modes	ST003027_targeted_tissue_shared_32	2-Ketoglutaric?Acid	2ketoglutaricacid							source_label_uncertain_unmapped	IS-neg05_Suc-2233-d4-1	Negative	145.09	101	16	16	32	1	1	0	0	0	FALSE	1	16	16	64	-0.5	0.015861332739773	1.8343231875	2.5118245	1.72623	2.3412615	asinh	1	-0.271279615606933	asinh(x*1) difference: Early_stage_ESCC minus Normal_tissue	-0.472916864776799	-0.0696423664370668	-2.74567748893458	0.0100284398533822	0.0406558372434415	64	-0.5	0.015861332739773	source_units_field_mz_but_method_comments_describe_nmol_per_g	not described in source metadata	none	source zero/negative values retained in primary asinh; detection/censoring flags and positive-only abundance sensitivity reported	no	unpaired	no	no	0.0342460552439968	0.0442738070388447	1	0.04234169333075	0.0495666648117907	lower_in_early_ESCC	lower_in_early_ESCC	lower_in_early_ESCC	TRUE	TRUE	-0.278276509392029	0.0100046180086243	0.0349074171822651	lower_in_early_ESCC	FALSE	-0.142151719781894	-0.271279615606932	0.0251390559357902	0.0683867538592258	lower_in_early_ESCC	TRUE	16	0.0316695611721558	0.043946675124788	TRUE	TRUE	TRUE	TRUE	TRUE	FALSE	limma_fdr_strong	TRUE	robust_rank_and_scale_fdr	all prespecified rank, scale, run-order and censoring upgrade criteria met	130
AN004962	AN004962__53	ST003027	targeted LC-MS	positive	ST003027_targeted_LCMS_combined_modes	ST003027_targeted_tissue_shared_32	Agmatine	agmatine							source_label_unmapped	IS-pos02_GlU-13C5-N15-1	Positive	131.2	72	16	16	32	1	1	0	0	0	FALSE	1	16	16	192	0.5	0.015861332739773	4.339047625	3.4243571875	4.0801995	3.441677	asinh	1	0.226606029061961	asinh(x*1) difference: Early_stage_ESCC minus Normal_tissue	0.0534608311838681	0.399751226940053	2.67107982268771	0.01201770326959	0.0348309704932183	192	0.5	0.015861332739773	source_units_field_mz_but_method_comments_describe_nmol_per_g	not described in source metadata	none	source zero/negative values retained in primary asinh; detection/censoring flags and positive-only abundance sensitivity reported	no	unpaired	no	no	0.0401841953076914	0.0442738070388447	1	0.04234169333075	0.0404819089328534	higher_in_early_ESCC	higher_in_early_ESCC	higher_in_early_ESCC	TRUE	TRUE	0.230195268518478	0.0129598980833551	0.0433346592162186	higher_in_early_ESCC	FALSE	-0.142151719781894	0.226606029061961	0.00641572693512162	0.0250463087215545	higher_in_early_ESCC	TRUE	16	0.0358634085809076	0.0484789622286987	TRUE	TRUE	TRUE	TRUE	TRUE	FALSE	limma_fdr_strong	TRUE	robust_rank_and_scale_fdr	all prespecified rank, scale, run-order and censoring upgrade criteria met	131
