feature_id	effect	p	complete_candidate_pairs	study_id	analysis_id	platform	ion_mode	evidence_family	pairing_confidence	pairing_basis	interpretation	estimable	q_evidence_family	direction
AN004960__4	1.98390109714747	0.000363361072924873	16	ST003025	AN004960	targeted GC-MS	GC-EI positive	ST003025_targeted_GCMS	low	case/control numbering offset 16; participant mapping not supplied	number-offset pairing sensitivity only; unpaired model remains primary	TRUE	0.0019984859010868	higher_in_early_ESCC
AN004960__6	1.12410004317921	0.000257124876349499	16	ST003025	AN004960	targeted GC-MS	GC-EI positive	ST003025_targeted_GCMS	low	case/control numbering offset 16; participant mapping not supplied	number-offset pairing sensitivity only; unpaired model remains primary	TRUE	0.0019984859010868	higher_in_early_ESCC
AN004960__5	1.27448249470817	0.00272474164667473	16	ST003025	AN004960	targeted GC-MS	GC-EI positive	ST003025_targeted_GCMS	low	case/control numbering offset 16; participant mapping not supplied	number-offset pairing sensitivity only; unpaired model remains primary	TRUE	0.00999071937114067	higher_in_early_ESCC
AN004960__7	0.943001449074114	0.00386349212049403	16	ST003025	AN004960	targeted GC-MS	GC-EI positive	ST003025_targeted_GCMS	low	case/control numbering offset 16; participant mapping not supplied	number-offset pairing sensitivity only; unpaired model remains primary	TRUE	0.0106246033313586	higher_in_early_ESCC
AN004960__9	-0.33525555769058	0.016699520179357	16	ST003025	AN004960	targeted GC-MS	GC-EI positive	ST003025_targeted_GCMS	low	case/control numbering offset 16; participant mapping not supplied	number-offset pairing sensitivity only; unpaired model remains primary	TRUE	0.0306157869954878	lower_in_early_ESCC
AN004960__11	-0.383256942685595	0.0142401731028798	16	ST003025	AN004960	targeted GC-MS	GC-EI positive	ST003025_targeted_GCMS	low	case/control numbering offset 16; participant mapping not supplied	number-offset pairing sensitivity only; unpaired model remains primary	TRUE	0.0306157869954878	lower_in_early_ESCC
AN004960__3	0.958313944819318	0.0553314992647772	16	ST003025	AN004960	targeted GC-MS	GC-EI positive	ST003025_targeted_GCMS	low	case/control numbering offset 16; participant mapping not supplied	number-offset pairing sensitivity only; unpaired model remains primary	TRUE	0.0869494988446499	higher_in_early_ESCC
AN004960__8	0.189914423147232	0.0659735704763797	16	ST003025	AN004960	targeted GC-MS	GC-EI positive	ST003025_targeted_GCMS	low	case/control numbering offset 16; participant mapping not supplied	number-offset pairing sensitivity only; unpaired model remains primary	TRUE	0.0907136594050221	higher_in_early_ESCC
AN004960__2	0.754842505696999	0.0769461565885581	16	ST003025	AN004960	targeted GC-MS	GC-EI positive	ST003025_targeted_GCMS	low	case/control numbering offset 16; participant mapping not supplied	number-offset pairing sensitivity only; unpaired model remains primary	TRUE	0.0940453024971266	higher_in_early_ESCC
AN004960__1	0.0832035497667618	0.840725414220994	16	ST003025	AN004960	targeted GC-MS	GC-EI positive	ST003025_targeted_GCMS	low	case/control numbering offset 16; participant mapping not supplied	number-offset pairing sensitivity only; unpaired model remains primary	TRUE	0.924797955643093	higher_in_early_ESCC
AN004960__10	-0.00426593841644651	0.972130966212773	16	ST003025	AN004960	targeted GC-MS	GC-EI positive	ST003025_targeted_GCMS	low	case/control numbering offset 16; participant mapping not supplied	number-offset pairing sensitivity only; unpaired model remains primary	TRUE	0.972130966212773	lower_in_early_ESCC
AN004962__243	0.51094711270769	3.61821898278411e-09	16	ST003027	AN004962	targeted LC-MS	positive	ST003027_targeted_LCMS_combined_modes	low	case/control numbering offset 16; participant mapping not supplied	number-offset pairing sensitivity only; unpaired model remains primary	TRUE	1.1614482934737e-06	higher_in_early_ESCC
AN004962__85	0.552451428718297	7.76108634066379e-08	16	ST003027	AN004962	targeted LC-MS	positive	ST003027_targeted_LCMS_combined_modes	low	case/control numbering offset 16; participant mapping not supplied	number-offset pairing sensitivity only; unpaired model remains primary	TRUE	1.24565435767654e-05	higher_in_early_ESCC
AN004962__59	0.712840957905342	1.58323011337778e-07	16	ST003027	AN004962	targeted LC-MS	positive	ST003027_targeted_LCMS_combined_modes	low	case/control numbering offset 16; participant mapping not supplied	number-offset pairing sensitivity only; unpaired model remains primary	TRUE	1.69405622131422e-05	higher_in_early_ESCC
AN004963__127	0.208241276073602	1.14960835634162e-06	16	ST003027	AN004963	targeted LC-MS	negative	ST003027_targeted_LCMS_combined_modes	low	case/control numbering offset 16; participant mapping not supplied	number-offset pairing sensitivity only; unpaired model remains primary	TRUE	9.22560705964148e-05	higher_in_early_ESCC
AN004962__29	0.65588510853968	3.20459950328989e-06	16	ST003027	AN004962	targeted LC-MS	positive	ST003027_targeted_LCMS_combined_modes	low	case/control numbering offset 16; participant mapping not supplied	number-offset pairing sensitivity only; unpaired model remains primary	TRUE	0.000205735288111211	higher_in_early_ESCC
AN004962__41	0.862162823834294	4.49732651126493e-06	16	ST003027	AN004962	targeted LC-MS	positive	ST003027_targeted_LCMS_combined_modes	low	case/control numbering offset 16; participant mapping not supplied	number-offset pairing sensitivity only; unpaired model remains primary	TRUE	0.000228839997982284	higher_in_early_ESCC
AN004962__67	0.886567697925593	4.99028032983174e-06	16	ST003027	AN004962	targeted LC-MS	positive	ST003027_targeted_LCMS_combined_modes	low	case/control numbering offset 16; participant mapping not supplied	number-offset pairing sensitivity only; unpaired model remains primary	TRUE	0.000228839997982284	higher_in_early_ESCC
AN004962__17	0.363144611223994	6.43554681086529e-06	16	ST003027	AN004962	targeted LC-MS	positive	ST003027_targeted_LCMS_combined_modes	low	case/control numbering offset 16; participant mapping not supplied	number-offset pairing sensitivity only; unpaired model remains primary	TRUE	0.00025822631578597	higher_in_early_ESCC
AN004962__2	0.766024701090305	8.25556345822768e-06	16	ST003027	AN004962	targeted LC-MS	positive	ST003027_targeted_LCMS_combined_modes	low	case/control numbering offset 16; participant mapping not supplied	number-offset pairing sensitivity only; unpaired model remains primary	TRUE	0.000294448430010121	higher_in_early_ESCC
AN004962__174	1.30285398387562	9.36986690695694e-06	16	ST003027	AN004962	targeted LC-MS	positive	ST003027_targeted_LCMS_combined_modes	low	case/control numbering offset 16; participant mapping not supplied	number-offset pairing sensitivity only; unpaired model remains primary	TRUE	0.000300772727713318	higher_in_early_ESCC
AN004962__8	0.262620981341013	2.16081665153625e-05	16	ST003027	AN004962	targeted LC-MS	positive	ST003027_targeted_LCMS_combined_modes	low	case/control numbering offset 16; participant mapping not supplied	number-offset pairing sensitivity only; unpaired model remains primary	TRUE	0.000563258551525628	higher_in_early_ESCC
AN004962__82	0.492160415325886	1.94264550022948e-05	16	ST003027	AN004962	targeted LC-MS	positive	ST003027_targeted_LCMS_combined_modes	low	case/control numbering offset 16; participant mapping not supplied	number-offset pairing sensitivity only; unpaired model remains primary	TRUE	0.000563258551525628	higher_in_early_ESCC
AN004962__110	0.44868529354285	2.28110939870192e-05	16	ST003027	AN004962	targeted LC-MS	positive	ST003027_targeted_LCMS_combined_modes	low	case/control numbering offset 16; participant mapping not supplied	number-offset pairing sensitivity only; unpaired model remains primary	TRUE	0.000563258551525628	higher_in_early_ESCC
AN004962__54	0.585481342662453	2.50645575106653e-05	16	ST003027	AN004962	targeted LC-MS	positive	ST003027_targeted_LCMS_combined_modes	low	case/control numbering offset 16; participant mapping not supplied	number-offset pairing sensitivity only; unpaired model remains primary	TRUE	0.000574694497208825	higher_in_early_ESCC
AN004962__31	0.768522161545983	3.0054476379865e-05	16	ST003027	AN004962	targeted LC-MS	positive	ST003027_targeted_LCMS_combined_modes	low	case/control numbering offset 16; participant mapping not supplied	number-offset pairing sensitivity only; unpaired model remains primary	TRUE	0.000602967932371042	higher_in_early_ESCC
AN004962__95	0.0310077636594255	2.98932932149828e-05	16	ST003027	AN004962	targeted LC-MS	positive	ST003027_targeted_LCMS_combined_modes	low	case/control numbering offset 16; participant mapping not supplied	number-offset pairing sensitivity only; unpaired model remains primary	TRUE	0.000602967932371042	higher_in_early_ESCC
AN004963__148	0.073466479639808	3.38297597423545e-05	16	ST003027	AN004963	targeted LC-MS	negative	ST003027_targeted_LCMS_combined_modes	low	case/control numbering offset 16; participant mapping not supplied	number-offset pairing sensitivity only; unpaired model remains primary	TRUE	0.00063878546337034	higher_in_early_ESCC
AN004963__221	-0.96053837373096	5.54134365482644e-05	16	ST003027	AN004963	targeted LC-MS	negative	ST003027_targeted_LCMS_combined_modes	low	case/control numbering offset 16; participant mapping not supplied	number-offset pairing sensitivity only; unpaired model remains primary	TRUE	0.000988206285110715	lower_in_early_ESCC
AN004963__39	-0.648907390296276	5.85321292297595e-05	16	ST003027	AN004963	targeted LC-MS	negative	ST003027_targeted_LCMS_combined_modes	low	case/control numbering offset 16; participant mapping not supplied	number-offset pairing sensitivity only; unpaired model remains primary	TRUE	0.000988884920144884	lower_in_early_ESCC
AN004962__251	0.396405592316053	6.67040496390382e-05	16	ST003027	AN004962	targeted LC-MS	positive	ST003027_targeted_LCMS_combined_modes	low	case/control numbering offset 16; participant mapping not supplied	number-offset pairing sensitivity only; unpaired model remains primary	TRUE	0.00107059999670656	higher_in_early_ESCC
AN004962__228	0.108384930584079	7.76457960950621e-05	16	ST003027	AN004962	targeted LC-MS	positive	ST003027_targeted_LCMS_combined_modes	low	case/control numbering offset 16; participant mapping not supplied	number-offset pairing sensitivity only; unpaired model remains primary	TRUE	0.00118687145459595	higher_in_early_ESCC
AN004963__28	-0.325867870998786	8.22335838190387e-05	16	ST003027	AN004963	targeted LC-MS	negative	ST003027_targeted_LCMS_combined_modes	low	case/control numbering offset 16; participant mapping not supplied	number-offset pairing sensitivity only; unpaired model remains primary	TRUE	0.00119986274572325	lower_in_early_ESCC
AN004962__260	0.473430576381613	8.81928006689895e-05	16	ST003027	AN004962	targeted LC-MS	positive	ST003027_targeted_LCMS_combined_modes	low	case/control numbering offset 16; participant mapping not supplied	number-offset pairing sensitivity only; unpaired model remains primary	TRUE	0.00123086473977155	higher_in_early_ESCC
AN004962__112	0.0163361610853257	0.00010712227620154	16	ST003027	AN004962	targeted LC-MS	positive	ST003027_targeted_LCMS_combined_modes	low	case/control numbering offset 16; participant mapping not supplied	number-offset pairing sensitivity only; unpaired model remains primary	TRUE	0.0014327604441956	higher_in_early_ESCC
AN004962__47	-0.0382382309990978	0.000118381203327373	16	ST003027	AN004962	targeted LC-MS	positive	ST003027_targeted_LCMS_combined_modes	low	case/control numbering offset 16; participant mapping not supplied	number-offset pairing sensitivity only; unpaired model remains primary	TRUE	0.00146155254877256	lower_in_early_ESCC
AN004962__52	0.223267773959327	0.000115146545775956	16	ST003027	AN004962	targeted LC-MS	positive	ST003027_targeted_LCMS_combined_modes	low	case/control numbering offset 16; participant mapping not supplied	number-offset pairing sensitivity only; unpaired model remains primary	TRUE	0.00146155254877256	higher_in_early_ESCC
AN004962__88	0.484703024011295	0.000124946541778719	16	ST003027	AN004962	targeted LC-MS	positive	ST003027_targeted_LCMS_combined_modes	low	case/control numbering offset 16; participant mapping not supplied	number-offset pairing sensitivity only; unpaired model remains primary	TRUE	0.0014789364726628	higher_in_early_ESCC
AN004963__222	0.109694291488607	0.00012900380446903	16	ST003027	AN004963	targeted LC-MS	negative	ST003027_targeted_LCMS_combined_modes	low	case/control numbering offset 16; participant mapping not supplied	number-offset pairing sensitivity only; unpaired model remains primary	TRUE	0.0014789364726628	higher_in_early_ESCC
AN004962__37	0.398024512650533	0.000178666765831821	16	ST003027	AN004962	targeted LC-MS	positive	ST003027_targeted_LCMS_combined_modes	low	case/control numbering offset 16; participant mapping not supplied	number-offset pairing sensitivity only; unpaired model remains primary	TRUE	0.00186480635828473	higher_in_early_ESCC
AN004962__107	0.322312329310724	0.000180090333666127	16	ST003027	AN004962	targeted LC-MS	positive	ST003027_targeted_LCMS_combined_modes	low	case/control numbering offset 16; participant mapping not supplied	number-offset pairing sensitivity only; unpaired model remains primary	TRUE	0.00186480635828473	higher_in_early_ESCC
AN004962__113	0.393052345632111	0.000173830035829219	16	ST003027	AN004962	targeted LC-MS	positive	ST003027_targeted_LCMS_combined_modes	low	case/control numbering offset 16; participant mapping not supplied	number-offset pairing sensitivity only; unpaired model remains primary	TRUE	0.00186480635828473	higher_in_early_ESCC
AN004962__255	0.071630360308232	0.000215039461231727	16	ST003027	AN004962	targeted LC-MS	positive	ST003027_targeted_LCMS_combined_modes	low	case/control numbering offset 16; participant mapping not supplied	number-offset pairing sensitivity only; unpaired model remains primary	TRUE	0.00210698291062116	higher_in_early_ESCC
AN004963__27	-0.092400217618915	0.000216605719783484	16	ST003027	AN004963	targeted LC-MS	negative	ST003027_targeted_LCMS_combined_modes	low	case/control numbering offset 16; participant mapping not supplied	number-offset pairing sensitivity only; unpaired model remains primary	TRUE	0.00210698291062116	lower_in_early_ESCC
AN004962__66	0.354233130914844	0.000281455384029361	16	ST003027	AN004962	targeted LC-MS	positive	ST003027_targeted_LCMS_combined_modes	low	case/control numbering offset 16; participant mapping not supplied	number-offset pairing sensitivity only; unpaired model remains primary	TRUE	0.00244181562901148	higher_in_early_ESCC
AN004962__114	0.274765216201819	0.000276437551799102	16	ST003027	AN004962	targeted LC-MS	positive	ST003027_targeted_LCMS_combined_modes	low	case/control numbering offset 16; participant mapping not supplied	number-offset pairing sensitivity only; unpaired model remains primary	TRUE	0.00244181562901148	higher_in_early_ESCC
AN004962__244	0.0248925240918316	0.00026020287597747	16	ST003027	AN004962	targeted LC-MS	positive	ST003027_targeted_LCMS_combined_modes	low	case/control numbering offset 16; participant mapping not supplied	number-offset pairing sensitivity only; unpaired model remains primary	TRUE	0.00244181562901148	higher_in_early_ESCC
AN004962__253	1.06336074792155	0.000271875362143668	16	ST003027	AN004962	targeted LC-MS	positive	ST003027_targeted_LCMS_combined_modes	low	case/control numbering offset 16; participant mapping not supplied	number-offset pairing sensitivity only; unpaired model remains primary	TRUE	0.00244181562901148	higher_in_early_ESCC
AN004963__168	0.725413557702843	0.000290981144113982	16	ST003027	AN004963	targeted LC-MS	negative	ST003027_targeted_LCMS_combined_modes	low	case/control numbering offset 16; participant mapping not supplied	number-offset pairing sensitivity only; unpaired model remains primary	TRUE	0.00245802492791022	higher_in_early_ESCC
AN004962__21	-0.947425330847687	0.000303916830255087	16	ST003027	AN004962	targeted LC-MS	positive	ST003027_targeted_LCMS_combined_modes	low	case/control numbering offset 16; participant mapping not supplied	number-offset pairing sensitivity only; unpaired model remains primary	TRUE	0.00250146929517649	lower_in_early_ESCC
AN004963__207	-0.534207807945127	0.000398865514344557	16	ST003027	AN004963	targeted LC-MS	negative	ST003027_targeted_LCMS_combined_modes	low	case/control numbering offset 16; participant mapping not supplied	number-offset pairing sensitivity only; unpaired model remains primary	TRUE	0.00320089575261507	lower_in_early_ESCC
AN004962__140	0.371352764810203	0.000454924534672676	16	ST003027	AN004962	targeted LC-MS	positive	ST003027_targeted_LCMS_combined_modes	low	case/control numbering offset 16; participant mapping not supplied	number-offset pairing sensitivity only; unpaired model remains primary	TRUE	0.00347692322928402	higher_in_early_ESCC
AN004962__183	0.435606713579239	0.000447384038235553	16	ST003027	AN004962	targeted LC-MS	positive	ST003027_targeted_LCMS_combined_modes	low	case/control numbering offset 16; participant mapping not supplied	number-offset pairing sensitivity only; unpaired model remains primary	TRUE	0.00347692322928402	higher_in_early_ESCC
AN004962__184	1.28666424004872	0.000484548160223644	16	ST003027	AN004962	targeted LC-MS	positive	ST003027_targeted_LCMS_combined_modes	low	case/control numbering offset 16; participant mapping not supplied	number-offset pairing sensitivity only; unpaired model remains primary	TRUE	0.00361720835887883	higher_in_early_ESCC
AN004962__98	0.605675415637173	0.000514611921384455	16	ST003027	AN004962	targeted LC-MS	positive	ST003027_targeted_LCMS_combined_modes	low	case/control numbering offset 16; participant mapping not supplied	number-offset pairing sensitivity only; unpaired model remains primary	TRUE	0.00375432788100932	higher_in_early_ESCC
AN004963__32	0.349383044309208	0.000534138299513214	16	ST003027	AN004963	targeted LC-MS	negative	ST003027_targeted_LCMS_combined_modes	low	case/control numbering offset 16; participant mapping not supplied	number-offset pairing sensitivity only; unpaired model remains primary	TRUE	0.00381018653652759	higher_in_early_ESCC
AN004963__173	0.613513554528857	0.000575491513094035	16	ST003027	AN004963	targeted LC-MS	negative	ST003027_targeted_LCMS_combined_modes	low	case/control numbering offset 16; participant mapping not supplied	number-offset pairing sensitivity only; unpaired model remains primary	TRUE	0.00401592990659099	higher_in_early_ESCC
AN004963__92	-0.808236904198252	0.000708389864442145	16	ST003027	AN004963	targeted LC-MS	negative	ST003027_targeted_LCMS_combined_modes	low	case/control numbering offset 16; participant mapping not supplied	number-offset pairing sensitivity only; unpaired model remains primary	TRUE	0.0048381520528921	lower_in_early_ESCC
AN004962__33	0.399598829799026	0.000881105019325129	16	ST003027	AN004962	targeted LC-MS	positive	ST003027_targeted_LCMS_combined_modes	low	case/control numbering offset 16; participant mapping not supplied	number-offset pairing sensitivity only; unpaired model remains primary	TRUE	0.00544901731410677	higher_in_early_ESCC
AN004962__75	0.371550461742898	0.000854020531881069	16	ST003027	AN004962	targeted LC-MS	positive	ST003027_targeted_LCMS_combined_modes	low	case/control numbering offset 16; participant mapping not supplied	number-offset pairing sensitivity only; unpaired model remains primary	TRUE	0.00544901731410677	higher_in_early_ESCC
AN004963__69	0.0845039933082864	0.000850446684058171	16	ST003027	AN004963	targeted LC-MS	negative	ST003027_targeted_LCMS_combined_modes	low	case/control numbering offset 16; participant mapping not supplied	number-offset pairing sensitivity only; unpaired model remains primary	TRUE	0.00544901731410677	higher_in_early_ESCC
AN004963__107	0.0674511057666246	0.000835690063278488	16	ST003027	AN004963	targeted LC-MS	negative	ST003027_targeted_LCMS_combined_modes	low	case/control numbering offset 16; participant mapping not supplied	number-offset pairing sensitivity only; unpaired model remains primary	TRUE	0.00544901731410677	higher_in_early_ESCC
AN004963__118	0.175970401725207	0.000882706854621657	16	ST003027	AN004963	targeted LC-MS	negative	ST003027_targeted_LCMS_combined_modes	low	case/control numbering offset 16; participant mapping not supplied	number-offset pairing sensitivity only; unpaired model remains primary	TRUE	0.00544901731410677	higher_in_early_ESCC
AN004962__204	0.671903130685115	0.000940604788894461	16	ST003027	AN004962	targeted LC-MS	positive	ST003027_targeted_LCMS_combined_modes	low	case/control numbering offset 16; participant mapping not supplied	number-offset pairing sensitivity only; unpaired model remains primary	TRUE	0.00569687051387022	higher_in_early_ESCC
AN004962__252	0.111299251673626	0.00100938788944897	16	ST003027	AN004962	targeted LC-MS	positive	ST003027_targeted_LCMS_combined_modes	low	case/control numbering offset 16; participant mapping not supplied	number-offset pairing sensitivity only; unpaired model remains primary	TRUE	0.00600025023172443	higher_in_early_ESCC
AN004963__175	-0.430374332921547	0.00103196848637688	16	ST003027	AN004963	targeted LC-MS	negative	ST003027_targeted_LCMS_combined_modes	low	case/control numbering offset 16; participant mapping not supplied	number-offset pairing sensitivity only; unpaired model remains primary	TRUE	0.00602294334776326	lower_in_early_ESCC
AN004962__229	0.0106269525259082	0.00108939083467371	16	ST003027	AN004962	targeted LC-MS	positive	ST003027_targeted_LCMS_combined_modes	low	case/control numbering offset 16; participant mapping not supplied	number-offset pairing sensitivity only; unpaired model remains primary	TRUE	0.00624454389161178	higher_in_early_ESCC
AN004963__122	0.0459551988436607	0.00112199312954221	16	ST003027	AN004963	targeted LC-MS	negative	ST003027_targeted_LCMS_combined_modes	low	case/control numbering offset 16; participant mapping not supplied	number-offset pairing sensitivity only; unpaired model remains primary	TRUE	0.00631859288742192	higher_in_early_ESCC
AN004962__258	0.0323265388439849	0.00118457170506069	16	ST003027	AN004962	targeted LC-MS	positive	ST003027_targeted_LCMS_combined_modes	low	case/control numbering offset 16; participant mapping not supplied	number-offset pairing sensitivity only; unpaired model remains primary	TRUE	0.00655599167800833	higher_in_early_ESCC
AN004963__185	0.172036872356953	0.00121295937595272	16	ST003027	AN004963	targeted LC-MS	negative	ST003027_targeted_LCMS_combined_modes	low	case/control numbering offset 16; participant mapping not supplied	number-offset pairing sensitivity only; unpaired model remains primary	TRUE	0.00659932135052244	higher_in_early_ESCC
AN004963__135	0.314290184195286	0.00131786079244587	16	ST003027	AN004963	targeted LC-MS	negative	ST003027_targeted_LCMS_combined_modes	low	case/control numbering offset 16; participant mapping not supplied	number-offset pairing sensitivity only; unpaired model remains primary	TRUE	0.0070505552395854	higher_in_early_ESCC
AN004963__95	-1.28898203784601	0.00146541388758827	16	ST003027	AN004963	targeted LC-MS	negative	ST003027_targeted_LCMS_combined_modes	low	case/control numbering offset 16; participant mapping not supplied	number-offset pairing sensitivity only; unpaired model remains primary	TRUE	0.00771144029370223	lower_in_early_ESCC
AN004962__77	0.0193984347936746	0.00149726671184744	16	ST003027	AN004962	targeted LC-MS	positive	ST003027_targeted_LCMS_combined_modes	low	case/control numbering offset 16; participant mapping not supplied	number-offset pairing sensitivity only; unpaired model remains primary	TRUE	0.00775197765327466	higher_in_early_ESCC
AN004962__128	0.361734123391254	0.00203129663522895	16	ST003027	AN004962	targeted LC-MS	positive	ST003027_targeted_LCMS_combined_modes	low	case/control numbering offset 16; participant mapping not supplied	number-offset pairing sensitivity only; unpaired model remains primary	TRUE	0.0103499399985475	higher_in_early_ESCC
AN004962__165	0.383601426929471	0.00207652305127275	16	ST003027	AN004962	targeted LC-MS	positive	ST003027_targeted_LCMS_combined_modes	low	case/control numbering offset 16; participant mapping not supplied	number-offset pairing sensitivity only; unpaired model remains primary	TRUE	0.0104150609290399	higher_in_early_ESCC
AN004963__86	0.427143389114903	0.00213747209785552	16	ST003027	AN004963	targeted LC-MS	negative	ST003027_targeted_LCMS_combined_modes	low	case/control numbering offset 16; participant mapping not supplied	number-offset pairing sensitivity only; unpaired model remains primary	TRUE	0.0105558237447942	higher_in_early_ESCC
AN004963__199	-0.264609228010229	0.00223455246311324	16	ST003027	AN004963	targeted LC-MS	negative	ST003027_targeted_LCMS_combined_modes	low	case/control numbering offset 16; participant mapping not supplied	number-offset pairing sensitivity only; unpaired model remains primary	TRUE	0.0108680506160508	lower_in_early_ESCC
AN004963__80	-0.123081049713829	0.00248994047154486	16	ST003027	AN004963	targeted LC-MS	negative	ST003027_targeted_LCMS_combined_modes	low	case/control numbering offset 16; participant mapping not supplied	number-offset pairing sensitivity only; unpaired model remains primary	TRUE	0.0117539836965573	lower_in_early_ESCC
AN004963__151	0.0966793457449824	0.00245942409235381	16	ST003027	AN004963	targeted LC-MS	negative	ST003027_targeted_LCMS_combined_modes	low	case/control numbering offset 16; participant mapping not supplied	number-offset pairing sensitivity only; unpaired model remains primary	TRUE	0.0117539836965573	higher_in_early_ESCC
AN004962__3	0.0225034033247152	0.00254820068319867	16	ST003027	AN004962	targeted LC-MS	positive	ST003027_targeted_LCMS_combined_modes	low	case/control numbering offset 16; participant mapping not supplied	number-offset pairing sensitivity only; unpaired model remains primary	TRUE	0.0118546727435764	higher_in_early_ESCC
AN004962__209	0.00783680466154177	0.00259896401277943	16	ST003027	AN004962	targeted LC-MS	positive	ST003027_targeted_LCMS_combined_modes	low	case/control numbering offset 16; participant mapping not supplied	number-offset pairing sensitivity only; unpaired model remains primary	TRUE	0.0119181064014599	higher_in_early_ESCC
AN004963__54	-0.0658110233625528	0.00354631218466165	16	ST003027	AN004963	targeted LC-MS	negative	ST003027_targeted_LCMS_combined_modes	low	case/control numbering offset 16; participant mapping not supplied	number-offset pairing sensitivity only; unpaired model remains primary	TRUE	0.0160063884792026	lower_in_early_ESCC
AN004963__114	-1.04064022577304	0.00359021797664358	16	ST003027	AN004963	targeted LC-MS	negative	ST003027_targeted_LCMS_combined_modes	low	case/control numbering offset 16; participant mapping not supplied	number-offset pairing sensitivity only; unpaired model remains primary	TRUE	0.0160063884792026	lower_in_early_ESCC
AN004962__60	0.263625073070463	0.00370952937927165	16	ST003027	AN004962	targeted LC-MS	positive	ST003027_targeted_LCMS_combined_modes	low	case/control numbering offset 16; participant mapping not supplied	number-offset pairing sensitivity only; unpaired model remains primary	TRUE	0.0163117661746055	higher_in_early_ESCC
AN004962__136	0.0121176408692611	0.00395108078802912	16	ST003027	AN004962	targeted LC-MS	positive	ST003027_targeted_LCMS_combined_modes	low	case/control numbering offset 16; participant mapping not supplied	number-offset pairing sensitivity only; unpaired model remains primary	TRUE	0.0171391477426669	higher_in_early_ESCC
AN004963__3	-0.702298360594217	0.00418513538036188	16	ST003027	AN004963	targeted LC-MS	negative	ST003027_targeted_LCMS_combined_modes	low	case/control numbering offset 16; participant mapping not supplied	number-offset pairing sensitivity only; unpaired model remains primary	TRUE	0.0179123794279489	lower_in_early_ESCC
AN004962__218	0.129262937868476	0.00440277901600614	16	ST003027	AN004962	targeted LC-MS	positive	ST003027_targeted_LCMS_combined_modes	low	case/control numbering offset 16; participant mapping not supplied	number-offset pairing sensitivity only; unpaired model remains primary	TRUE	0.0185959482123417	higher_in_early_ESCC
AN004963__211	-0.999905101373421	0.00474615607913317	16	ST003027	AN004963	targeted LC-MS	negative	ST003027_targeted_LCMS_combined_modes	low	case/control numbering offset 16; participant mapping not supplied	number-offset pairing sensitivity only; unpaired model remains primary	TRUE	0.0197859233948279	lower_in_early_ESCC
AN004962__167	0.286221213055563	0.0050263325953019	16	ST003027	AN004962	targeted LC-MS	positive	ST003027_targeted_LCMS_combined_modes	low	case/control numbering offset 16; participant mapping not supplied	number-offset pairing sensitivity only; unpaired model remains primary	TRUE	0.0206852918345117	higher_in_early_ESCC
AN004963__160	0.0979905810235291	0.00554450788597427	16	ST003027	AN004963	targeted LC-MS	negative	ST003027_targeted_LCMS_combined_modes	low	case/control numbering offset 16; participant mapping not supplied	number-offset pairing sensitivity only; unpaired model remains primary	TRUE	0.0225289497645284	higher_in_early_ESCC
AN004963__218	0.237483644306966	0.00601889994616115	16	ST003027	AN004963	targeted LC-MS	negative	ST003027_targeted_LCMS_combined_modes	low	case/control numbering offset 16; participant mapping not supplied	number-offset pairing sensitivity only; unpaired model remains primary	TRUE	0.0241508360339716	higher_in_early_ESCC
AN004963__76	-0.10806168702325	0.00612618245153051	16	ST003027	AN004963	targeted LC-MS	negative	ST003027_targeted_LCMS_combined_modes	low	case/control numbering offset 16; participant mapping not supplied	number-offset pairing sensitivity only; unpaired model remains primary	TRUE	0.024277834159769	lower_in_early_ESCC
AN004962__53	0.226606029061961	0.00641572693512162	16	ST003027	AN004962	targeted LC-MS	positive	ST003027_targeted_LCMS_combined_modes	low	case/control numbering offset 16; participant mapping not supplied	number-offset pairing sensitivity only; unpaired model remains primary	TRUE	0.0250463087215545	higher_in_early_ESCC
AN004963__217	0.243071688003516	0.00647614836102501	16	ST003027	AN004963	targeted LC-MS	negative	ST003027_targeted_LCMS_combined_modes	low	case/control numbering offset 16; participant mapping not supplied	number-offset pairing sensitivity only; unpaired model remains primary	TRUE	0.0250463087215545	higher_in_early_ESCC
AN004962__24	0.243667169307991	0.00658834041398644	16	ST003027	AN004962	targeted LC-MS	positive	ST003027_targeted_LCMS_combined_modes	low	case/control numbering offset 16; participant mapping not supplied	number-offset pairing sensitivity only; unpaired model remains primary	TRUE	0.0251768722963053	higher_in_early_ESCC
AN004962__191	0.0144928830048674	0.00717940552015189	16	ST003027	AN004962	targeted LC-MS	positive	ST003027_targeted_LCMS_combined_modes	low	case/control numbering offset 16; participant mapping not supplied	number-offset pairing sensitivity only; unpaired model remains primary	TRUE	0.0270337459753445	higher_in_early_ESCC
AN004963__139	0.419284826771463	0.00724268583763124	16	ST003027	AN004963	targeted LC-MS	negative	ST003027_targeted_LCMS_combined_modes	low	case/control numbering offset 16; participant mapping not supplied	number-offset pairing sensitivity only; unpaired model remains primary	TRUE	0.0270337459753445	higher_in_early_ESCC
AN004962__227	-0.487924024922165	0.00745845134329293	16	ST003027	AN004962	targeted LC-MS	positive	ST003027_targeted_LCMS_combined_modes	low	case/control numbering offset 16; participant mapping not supplied	number-offset pairing sensitivity only; unpaired model remains primary	TRUE	0.0275191135769774	lower_in_early_ESCC
AN004962__126	0.208710752957195	0.00870480306351745	16	ST003027	AN004962	targeted LC-MS	positive	ST003027_targeted_LCMS_combined_modes	low	case/control numbering offset 16; participant mapping not supplied	number-offset pairing sensitivity only; unpaired model remains primary	TRUE	0.0317527475385125	higher_in_early_ESCC
AN004962__18	0.0643938158098167	0.0089654866938103	16	ST003027	AN004962	targeted LC-MS	positive	ST003027_targeted_LCMS_combined_modes	low	case/control numbering offset 16; participant mapping not supplied	number-offset pairing sensitivity only; unpaired model remains primary	TRUE	0.0323361935810462	higher_in_early_ESCC
AN004962__141	0.510824964892487	0.00922409470461915	16	ST003027	AN004962	targeted LC-MS	positive	ST003027_targeted_LCMS_combined_modes	low	case/control numbering offset 16; participant mapping not supplied	number-offset pairing sensitivity only; unpaired model remains primary	TRUE	0.0328208199216049	higher_in_early_ESCC
AN004963__78	0.0342522406311994	0.00930434458836774	16	ST003027	AN004963	targeted LC-MS	negative	ST003027_targeted_LCMS_combined_modes	low	case/control numbering offset 16; participant mapping not supplied	number-offset pairing sensitivity only; unpaired model remains primary	TRUE	0.0328208199216049	higher_in_early_ESCC
AN004962__239	0.00736282422667344	0.00980527176575212	16	ST003027	AN004962	targeted LC-MS	positive	ST003027_targeted_LCMS_combined_modes	low	case/control numbering offset 16; participant mapping not supplied	number-offset pairing sensitivity only; unpaired model remains primary	TRUE	0.0342118721392003	higher_in_early_ESCC
AN004962__196	-0.344289195352746	0.0101479285117913	16	ST003027	AN004962	targeted LC-MS	positive	ST003027_targeted_LCMS_combined_modes	low	case/control numbering offset 16; participant mapping not supplied	number-offset pairing sensitivity only; unpaired model remains primary	TRUE	0.0350267209923119	lower_in_early_ESCC
AN004962__108	-0.752372275672723	0.0107363686489225	16	ST003027	AN004962	targeted LC-MS	positive	ST003027_targeted_LCMS_combined_modes	low	case/control numbering offset 16; participant mapping not supplied	number-offset pairing sensitivity only; unpaired model remains primary	TRUE	0.0362776245926751	lower_in_early_ESCC
AN004962__217	0.0271827304619829	0.0107140450411336	16	ST003027	AN004962	targeted LC-MS	positive	ST003027_targeted_LCMS_combined_modes	low	case/control numbering offset 16; participant mapping not supplied	number-offset pairing sensitivity only; unpaired model remains primary	TRUE	0.0362776245926751	higher_in_early_ESCC
AN004962__246	0.715375792410632	0.011225388810058	16	ST003027	AN004962	targeted LC-MS	positive	ST003027_targeted_LCMS_combined_modes	low	case/control numbering offset 16; participant mapping not supplied	number-offset pairing sensitivity only; unpaired model remains primary	TRUE	0.0371479361652436	higher_in_early_ESCC
AN004963__8	-0.359312674468515	0.0111473891612124	16	ST003027	AN004963	targeted LC-MS	negative	ST003027_targeted_LCMS_combined_modes	low	case/control numbering offset 16; participant mapping not supplied	number-offset pairing sensitivity only; unpaired model remains primary	TRUE	0.0371479361652436	lower_in_early_ESCC
AN004963__115	-0.285013052753638	0.011412226595922	16	ST003027	AN004963	targeted LC-MS	negative	ST003027_targeted_LCMS_combined_modes	low	case/control numbering offset 16; participant mapping not supplied	number-offset pairing sensitivity only; unpaired model remains primary	TRUE	0.0373808646662344	lower_in_early_ESCC
AN004963__129	-0.465146135451245	0.011617055301051	16	ST003027	AN004963	targeted LC-MS	negative	ST003027_targeted_LCMS_combined_modes	low	case/control numbering offset 16; participant mapping not supplied	number-offset pairing sensitivity only; unpaired model remains primary	TRUE	0.0376674217337107	lower_in_early_ESCC
AN004963__126	0.057864981397209	0.0128045386064165	16	ST003027	AN004963	targeted LC-MS	negative	ST003027_targeted_LCMS_combined_modes	low	case/control numbering offset 16; participant mapping not supplied	number-offset pairing sensitivity only; unpaired model remains primary	TRUE	0.0410476678880496	higher_in_early_ESCC
AN004963__191	-0.108641845766113	0.0129153098339346	16	ST003027	AN004963	targeted LC-MS	negative	ST003027_targeted_LCMS_combined_modes	low	case/control numbering offset 16; participant mapping not supplied	number-offset pairing sensitivity only; unpaired model remains primary	TRUE	0.0410476678880496	lower_in_early_ESCC
AN004963__19	-0.216665687265066	0.0135309014053493	16	ST003027	AN004963	targeted LC-MS	negative	ST003027_targeted_LCMS_combined_modes	low	case/control numbering offset 16; participant mapping not supplied	number-offset pairing sensitivity only; unpaired model remains primary	TRUE	0.0425825426580109	lower_in_early_ESCC
AN004962__214	0.0244314253393778	0.0137447865576994	16	ST003027	AN004962	targeted LC-MS	positive	ST003027_targeted_LCMS_combined_modes	low	case/control numbering offset 16; participant mapping not supplied	number-offset pairing sensitivity only; unpaired model remains primary	TRUE	0.0428356940293352	higher_in_early_ESCC
AN004963__77	0.104191837786454	0.0139016351339523	16	ST003027	AN004963	targeted LC-MS	negative	ST003027_targeted_LCMS_combined_modes	low	case/control numbering offset 16; participant mapping not supplied	number-offset pairing sensitivity only; unpaired model remains primary	TRUE	0.0429079315192181	higher_in_early_ESCC
AN004963__99	0.23905986445293	0.0141545006288064	16	ST003027	AN004963	targeted LC-MS	negative	ST003027_targeted_LCMS_combined_modes	low	case/control numbering offset 16; participant mapping not supplied	number-offset pairing sensitivity only; unpaired model remains primary	TRUE	0.0432723304937796	higher_in_early_ESCC
AN004962__216	-0.366418414664901	0.0143668158888829	16	ST003027	AN004962	targeted LC-MS	positive	ST003027_targeted_LCMS_combined_modes	low	case/control numbering offset 16; participant mapping not supplied	number-offset pairing sensitivity only; unpaired model remains primary	TRUE	0.0435070556635038	lower_in_early_ESCC
AN004963__179	-0.0278119028361993	0.0171030053172752	16	ST003027	AN004963	targeted LC-MS	negative	ST003027_targeted_LCMS_combined_modes	low	case/control numbering offset 16; participant mapping not supplied	number-offset pairing sensitivity only; unpaired model remains primary	TRUE	0.0513090159518257	lower_in_early_ESCC
AN004963__93	0.098549732394988	0.0175128034664186	16	ST003027	AN004963	targeted LC-MS	negative	ST003027_targeted_LCMS_combined_modes	low	case/control numbering offset 16; participant mapping not supplied	number-offset pairing sensitivity only; unpaired model remains primary	TRUE	0.0520519436362998	higher_in_early_ESCC
AN004963__178	0.733538091146281	0.0186015627819659	16	ST003027	AN004963	targeted LC-MS	negative	ST003027_targeted_LCMS_combined_modes	low	case/control numbering offset 16; participant mapping not supplied	number-offset pairing sensitivity only; unpaired model remains primary	TRUE	0.0547807491101932	higher_in_early_ESCC
AN004962__103	0.128674542260563	0.0188112212573157	16	ST003027	AN004962	targeted LC-MS	positive	ST003027_targeted_LCMS_combined_modes	low	case/control numbering offset 16; participant mapping not supplied	number-offset pairing sensitivity only; unpaired model remains primary	TRUE	0.054894563850894	higher_in_early_ESCC
AN004963__174	0.708760204916102	0.0194299435363268	16	ST003027	AN004963	targeted LC-MS	negative	ST003027_targeted_LCMS_combined_modes	low	case/control numbering offset 16; participant mapping not supplied	number-offset pairing sensitivity only; unpaired model remains primary	TRUE	0.0561892961726207	higher_in_early_ESCC
AN004962__149	-0.143813733334624	0.0199034234609361	16	ST003027	AN004962	targeted LC-MS	positive	ST003027_targeted_LCMS_combined_modes	low	case/control numbering offset 16; participant mapping not supplied	number-offset pairing sensitivity only; unpaired model remains primary	TRUE	0.0570446333121472	lower_in_early_ESCC
AN004963__171	0.0295506077799323	0.0204055954316793	16	ST003027	AN004963	targeted LC-MS	negative	ST003027_targeted_LCMS_combined_modes	low	case/control numbering offset 16; participant mapping not supplied	number-offset pairing sensitivity only; unpaired model remains primary	TRUE	0.057966337465213	higher_in_early_ESCC
AN004962__146	0.112088209268479	0.0218405810848111	16	ST003027	AN004962	targeted LC-MS	positive	ST003027_targeted_LCMS_combined_modes	low	case/control numbering offset 16; participant mapping not supplied	number-offset pairing sensitivity only; unpaired model remains primary	TRUE	0.0614984783177575	higher_in_early_ESCC
AN004963__24	0.176407435896018	0.0235619067942888	16	ST003027	AN004963	targeted LC-MS	negative	ST003027_targeted_LCMS_combined_modes	low	case/control numbering offset 16; participant mapping not supplied	number-offset pairing sensitivity only; unpaired model remains primary	TRUE	0.0657684528779714	higher_in_early_ESCC
AN004962__189	-0.549179116257718	0.0239505750012809	16	ST003027	AN004962	targeted LC-MS	positive	ST003027_targeted_LCMS_combined_modes	low	case/control numbering offset 16; participant mapping not supplied	number-offset pairing sensitivity only; unpaired model remains primary	TRUE	0.0662770222018204	lower_in_early_ESCC
AN004963__184	0.536890442037683	0.0245511068469952	16	ST003027	AN004963	targeted LC-MS	negative	ST003027_targeted_LCMS_combined_modes	low	case/control numbering offset 16; participant mapping not supplied	number-offset pairing sensitivity only; unpaired model remains primary	TRUE	0.0673581649391921	higher_in_early_ESCC
AN004963__49	-0.271279615606932	0.0251390559357902	16	ST003027	AN004963	targeted LC-MS	negative	ST003027_targeted_LCMS_combined_modes	low	case/control numbering offset 16; participant mapping not supplied	number-offset pairing sensitivity only; unpaired model remains primary	TRUE	0.0683867538592258	lower_in_early_ESCC
AN004962__61	0.31001592716917	0.0279856330509421	16	ST003027	AN004962	targeted LC-MS	positive	ST003027_targeted_LCMS_combined_modes	low	case/control numbering offset 16; participant mapping not supplied	number-offset pairing sensitivity only; unpaired model remains primary	TRUE	0.0754906572214489	higher_in_early_ESCC
AN004962__199	0.0321677058108077	0.0293373546486335	16	ST003027	AN004962	targeted LC-MS	positive	ST003027_targeted_LCMS_combined_modes	low	case/control numbering offset 16; participant mapping not supplied	number-offset pairing sensitivity only; unpaired model remains primary	TRUE	0.0778288499356309	higher_in_early_ESCC
AN004962__262	0.00623710903793918	0.0292008021773302	16	ST003027	AN004962	targeted LC-MS	positive	ST003027_targeted_LCMS_combined_modes	low	case/control numbering offset 16; participant mapping not supplied	number-offset pairing sensitivity only; unpaired model remains primary	TRUE	0.0778288499356309	higher_in_early_ESCC
AN004962__42	0.0850554434291511	0.0299607532516331	16	ST003027	AN004962	targeted LC-MS	positive	ST003027_targeted_LCMS_combined_modes	low	case/control numbering offset 16; participant mapping not supplied	number-offset pairing sensitivity only; unpaired model remains primary	TRUE	0.078831162244051	higher_in_early_ESCC
AN004963__21	0.0595103870961518	0.0313812450231585	16	ST003027	AN004963	targeted LC-MS	negative	ST003027_targeted_LCMS_combined_modes	low	case/control numbering offset 16; participant mapping not supplied	number-offset pairing sensitivity only; unpaired model remains primary	TRUE	0.081897395548243	higher_in_early_ESCC
AN004962__135	0.0199003486028447	0.0322375836726647	16	ST003027	AN004962	targeted LC-MS	positive	ST003027_targeted_LCMS_combined_modes	low	case/control numbering offset 16; participant mapping not supplied	number-offset pairing sensitivity only; unpaired model remains primary	TRUE	0.0834537448300433	higher_in_early_ESCC
AN004963__41	-0.286310899133428	0.0334490044221209	16	ST003027	AN004963	targeted LC-MS	negative	ST003027_targeted_LCMS_combined_modes	low	case/control numbering offset 16; participant mapping not supplied	number-offset pairing sensitivity only; unpaired model remains primary	TRUE	0.0858970433560065	lower_in_early_ESCC
AN004962__181	0.120437805347683	0.0339773158834849	16	ST003027	AN004962	targeted LC-MS	positive	ST003027_targeted_LCMS_combined_modes	low	case/control numbering offset 16; participant mapping not supplied	number-offset pairing sensitivity only; unpaired model remains primary	TRUE	0.0861114401910482	higher_in_early_ESCC
AN004962__185	0.087323242843108	0.0340690121628135	16	ST003027	AN004962	targeted LC-MS	positive	ST003027_targeted_LCMS_combined_modes	low	case/control numbering offset 16; participant mapping not supplied	number-offset pairing sensitivity only; unpaired model remains primary	TRUE	0.0861114401910482	higher_in_early_ESCC
AN004962__65	0.00474766372077379	0.035654293722302	16	ST003027	AN004962	targeted LC-MS	positive	ST003027_targeted_LCMS_combined_modes	low	case/control numbering offset 16; participant mapping not supplied	number-offset pairing sensitivity only; unpaired model remains primary	TRUE	0.0894142834754604	higher_in_early_ESCC
AN004962__62	0.00824751379241083	0.0360204247349031	16	ST003027	AN004962	targeted LC-MS	positive	ST003027_targeted_LCMS_combined_modes	low	case/control numbering offset 16; participant mapping not supplied	number-offset pairing sensitivity only; unpaired model remains primary	TRUE	0.0896322196891774	higher_in_early_ESCC
AN004963__58	0.03317743531488	0.0373120522890621	16	ST003027	AN004963	targeted LC-MS	negative	ST003027_targeted_LCMS_combined_modes	low	case/control numbering offset 16; participant mapping not supplied	number-offset pairing sensitivity only; unpaired model remains primary	TRUE	0.0914287693495337	higher_in_early_ESCC
AN004963__85	-0.100332142833668	0.0370300783693929	16	ST003027	AN004963	targeted LC-MS	negative	ST003027_targeted_LCMS_combined_modes	low	case/control numbering offset 16; participant mapping not supplied	number-offset pairing sensitivity only; unpaired model remains primary	TRUE	0.0914287693495337	lower_in_early_ESCC
AN004962__150	0.0487090618624843	0.0382626152581123	16	ST003027	AN004962	targeted LC-MS	positive	ST003027_targeted_LCMS_combined_modes	low	case/control numbering offset 16; participant mapping not supplied	number-offset pairing sensitivity only; unpaired model remains primary	TRUE	0.0930477234685914	higher_in_early_ESCC
AN004963__98	-0.0677436811614083	0.0427870980266019	16	ST003027	AN004963	targeted LC-MS	negative	ST003027_targeted_LCMS_combined_modes	low	case/control numbering offset 16; participant mapping not supplied	number-offset pairing sensitivity only; unpaired model remains primary	TRUE	0.103268108770972	lower_in_early_ESCC
AN004962__27	-0.39989130748209	0.0442178951544533	16	ST003027	AN004962	targeted LC-MS	positive	ST003027_targeted_LCMS_combined_modes	low	case/control numbering offset 16; participant mapping not supplied	number-offset pairing sensitivity only; unpaired model remains primary	TRUE	0.105924957795369	lower_in_early_ESCC
AN004962__235	0.447967496506454	0.0451632260079904	16	ST003027	AN004962	targeted LC-MS	positive	ST003027_targeted_LCMS_combined_modes	low	case/control numbering offset 16; participant mapping not supplied	number-offset pairing sensitivity only; unpaired model remains primary	TRUE	0.107388115174555	higher_in_early_ESCC
AN004963__16	0.0744767225052949	0.0481561976513614	16	ST003027	AN004963	targeted LC-MS	negative	ST003027_targeted_LCMS_combined_modes	low	case/control numbering offset 16; participant mapping not supplied	number-offset pairing sensitivity only; unpaired model remains primary	TRUE	0.113662790044757	higher_in_early_ESCC
AN004962__219	0.00905241389260415	0.0512532714247886	16	ST003027	AN004962	targeted LC-MS	positive	ST003027_targeted_LCMS_combined_modes	low	case/control numbering offset 16; participant mapping not supplied	number-offset pairing sensitivity only; unpaired model remains primary	TRUE	0.120089781951512	higher_in_early_ESCC
AN004962__32	0.0357795209940559	0.0539975274432121	16	ST003027	AN004962	targeted LC-MS	positive	ST003027_targeted_LCMS_combined_modes	low	case/control numbering offset 16; participant mapping not supplied	number-offset pairing sensitivity only; unpaired model remains primary	TRUE	0.12560294427008	higher_in_early_ESCC
AN004962__79	-0.0191818445879272	0.0586633771680792	16	ST003027	AN004962	targeted LC-MS	positive	ST003027_targeted_LCMS_combined_modes	low	case/control numbering offset 16; participant mapping not supplied	number-offset pairing sensitivity only; unpaired model remains primary	TRUE	0.135474417776643	lower_in_early_ESCC
AN004962__84	0.100006798047292	0.0595367794061955	16	ST003027	AN004962	targeted LC-MS	positive	ST003027_targeted_LCMS_combined_modes	low	case/control numbering offset 16; participant mapping not supplied	number-offset pairing sensitivity only; unpaired model remains primary	TRUE	0.136509329924205	higher_in_early_ESCC
AN004962__242	-0.255411692170869	0.0599891626113205	16	ST003027	AN004962	targeted LC-MS	positive	ST003027_targeted_LCMS_combined_modes	low	case/control numbering offset 16; participant mapping not supplied	number-offset pairing sensitivity only; unpaired model remains primary	TRUE	0.1365710723279	lower_in_early_ESCC
AN004963__97	0.199026900563754	0.0641675064234682	16	ST003027	AN004963	targeted LC-MS	negative	ST003027_targeted_LCMS_combined_modes	low	case/control numbering offset 16; participant mapping not supplied	number-offset pairing sensitivity only; unpaired model remains primary	TRUE	0.144346944028991	higher_in_early_ESCC
AN004963__103	0.0220334842152644	0.064304090330672	16	ST003027	AN004963	targeted LC-MS	negative	ST003027_targeted_LCMS_combined_modes	low	case/control numbering offset 16; participant mapping not supplied	number-offset pairing sensitivity only; unpaired model remains primary	TRUE	0.144346944028991	higher_in_early_ESCC
AN004963__48	-0.0311113854291616	0.0680459840380024	16	ST003027	AN004963	targeted LC-MS	negative	ST003027_targeted_LCMS_combined_modes	low	case/control numbering offset 16; participant mapping not supplied	number-offset pairing sensitivity only; unpaired model remains primary	TRUE	0.151685839418047	lower_in_early_ESCC
AN004962__68	0.0295068610985547	0.0709395307823739	16	ST003027	AN004962	targeted LC-MS	positive	ST003027_targeted_LCMS_combined_modes	low	case/control numbering offset 16; participant mapping not supplied	number-offset pairing sensitivity only; unpaired model remains primary	TRUE	0.157045444007876	higher_in_early_ESCC
AN004963__116	0.0517490565875901	0.072636831212281	16	ST003027	AN004963	targeted LC-MS	negative	ST003027_targeted_LCMS_combined_modes	low	case/control numbering offset 16; participant mapping not supplied	number-offset pairing sensitivity only; unpaired model remains primary	TRUE	0.159701526158508	higher_in_early_ESCC
AN004962__169	0.19722397256699	0.0757049836479312	16	ST003027	AN004962	targeted LC-MS	positive	ST003027_targeted_LCMS_combined_modes	low	case/control numbering offset 16; participant mapping not supplied	number-offset pairing sensitivity only; unpaired model remains primary	TRUE	0.165314964292421	higher_in_early_ESCC
AN004963__14	-0.282746210228645	0.0779361590387723	16	ST003027	AN004963	targeted LC-MS	negative	ST003027_targeted_LCMS_combined_modes	low	case/control numbering offset 16; participant mapping not supplied	number-offset pairing sensitivity only; unpaired model remains primary	TRUE	0.169037209807067	lower_in_early_ESCC
AN004963__169	0.10746246190924	0.0795551041474368	16	ST003027	AN004963	targeted LC-MS	negative	ST003027_targeted_LCMS_combined_modes	low	case/control numbering offset 16; participant mapping not supplied	number-offset pairing sensitivity only; unpaired model remains primary	TRUE	0.171390526384746	higher_in_early_ESCC
AN004962__232	0.0133119913771218	0.0821366721940812	16	ST003027	AN004962	targeted LC-MS	positive	ST003027_targeted_LCMS_combined_modes	low	case/control numbering offset 16; participant mapping not supplied	number-offset pairing sensitivity only; unpaired model remains primary	TRUE	0.175772478495334	higher_in_early_ESCC
AN004963__7	0.184065723570208	0.089841050974794	16	ST003027	AN004963	targeted LC-MS	negative	ST003027_targeted_LCMS_combined_modes	low	case/control numbering offset 16; participant mapping not supplied	number-offset pairing sensitivity only; unpaired model remains primary	TRUE	0.190986605052377	higher_in_early_ESCC
AN004963__192	-0.41429032687111	0.093633613583143	16	ST003027	AN004963	targeted LC-MS	negative	ST003027_targeted_LCMS_combined_modes	low	case/control numbering offset 16; participant mapping not supplied	number-offset pairing sensitivity only; unpaired model remains primary	TRUE	0.197739407632822	lower_in_early_ESCC
AN004962__122	0.0846326917845695	0.102612097561771	16	ST003027	AN004962	targeted LC-MS	positive	ST003027_targeted_LCMS_combined_modes	low	case/control numbering offset 16; participant mapping not supplied	number-offset pairing sensitivity only; unpaired model remains primary	TRUE	0.213886255307327	higher_in_early_ESCC
AN004962__254	-0.0114211199688857	0.102584282265862	16	ST003027	AN004962	targeted LC-MS	positive	ST003027_targeted_LCMS_combined_modes	low	case/control numbering offset 16; participant mapping not supplied	number-offset pairing sensitivity only; unpaired model remains primary	TRUE	0.213886255307327	lower_in_early_ESCC
AN004963__96	0.0287905561499756	0.103394520615726	16	ST003027	AN004963	targeted LC-MS	negative	ST003027_targeted_LCMS_combined_modes	low	case/control numbering offset 16; participant mapping not supplied	number-offset pairing sensitivity only; unpaired model remains primary	TRUE	0.214126716888052	higher_in_early_ESCC
AN004962__237	0.00310073638525529	0.104676774300322	16	ST003027	AN004962	targeted LC-MS	positive	ST003027_targeted_LCMS_combined_modes	low	case/control numbering offset 16; participant mapping not supplied	number-offset pairing sensitivity only; unpaired model remains primary	TRUE	0.215392593271816	higher_in_early_ESCC
AN004962__194	-0.152539069807145	0.106495092307945	16	ST003027	AN004962	targeted LC-MS	positive	ST003027_targeted_LCMS_combined_modes	low	case/control numbering offset 16; participant mapping not supplied	number-offset pairing sensitivity only; unpaired model remains primary	TRUE	0.217738373444907	lower_in_early_ESCC
AN004963__2	-0.279572281684525	0.108680229652153	16	ST003027	AN004963	targeted LC-MS	negative	ST003027_targeted_LCMS_combined_modes	low	case/control numbering offset 16; participant mapping not supplied	number-offset pairing sensitivity only; unpaired model remains primary	TRUE	0.220799707078109	lower_in_early_ESCC
AN004962__201	0.00357693473688891	0.113039566254185	16	ST003027	AN004962	targeted LC-MS	positive	ST003027_targeted_LCMS_combined_modes	low	case/control numbering offset 16; participant mapping not supplied	number-offset pairing sensitivity only; unpaired model remains primary	TRUE	0.228211954513165	higher_in_early_ESCC
AN004962__205	0.00327558574112822	0.113843996104851	16	ST003027	AN004962	targeted LC-MS	positive	ST003027_targeted_LCMS_combined_modes	low	case/control numbering offset 16; participant mapping not supplied	number-offset pairing sensitivity only; unpaired model remains primary	TRUE	0.228399517185357	higher_in_early_ESCC
AN004962__210	0.00865169148864301	0.11820037243467	16	ST003027	AN004962	targeted LC-MS	positive	ST003027_targeted_LCMS_combined_modes	low	case/control numbering offset 16; participant mapping not supplied	number-offset pairing sensitivity only; unpaired model remains primary	TRUE	0.235666581065398	higher_in_early_ESCC
AN004962__206	-0.0111085866730248	0.130781439350915	16	ST003027	AN004962	targeted LC-MS	positive	ST003027_targeted_LCMS_combined_modes	low	case/control numbering offset 16; participant mapping not supplied	number-offset pairing sensitivity only; unpaired model remains primary	TRUE	0.259141000195331	lower_in_early_ESCC
AN004962__116	0.0036561552879559	0.132497280249382	16	ST003027	AN004962	targeted LC-MS	positive	ST003027_targeted_LCMS_combined_modes	low	case/control numbering offset 16; participant mapping not supplied	number-offset pairing sensitivity only; unpaired model remains primary	TRUE	0.259339188780803	higher_in_early_ESCC
AN004963__47	0.0215925385773873	0.132400182782969	16	ST003027	AN004963	targeted LC-MS	negative	ST003027_targeted_LCMS_combined_modes	low	case/control numbering offset 16; participant mapping not supplied	number-offset pairing sensitivity only; unpaired model remains primary	TRUE	0.259339188780803	higher_in_early_ESCC
AN004962__78	0.0225678952889491	0.139742492618382	16	ST003027	AN004962	targeted LC-MS	positive	ST003027_targeted_LCMS_combined_modes	low	case/control numbering offset 16; participant mapping not supplied	number-offset pairing sensitivity only; unpaired model remains primary	TRUE	0.27186266745758	higher_in_early_ESCC
AN004962__198	-0.0060285409701987	0.14321297851897	16	ST003027	AN004962	targeted LC-MS	positive	ST003027_targeted_LCMS_combined_modes	low	case/control numbering offset 16; participant mapping not supplied	number-offset pairing sensitivity only; unpaired model remains primary	TRUE	0.276935940389093	lower_in_early_ESCC
AN004963__162	-0.311900674091848	0.151577823429128	16	ST003027	AN004963	targeted LC-MS	negative	ST003027_targeted_LCMS_combined_modes	low	case/control numbering offset 16; participant mapping not supplied	number-offset pairing sensitivity only; unpaired model remains primary	TRUE	0.291356175573354	lower_in_early_ESCC
AN004962__28	0.0735586398811874	0.154633466789794	16	ST003027	AN004962	targeted LC-MS	positive	ST003027_targeted_LCMS_combined_modes	low	case/control numbering offset 16; participant mapping not supplied	number-offset pairing sensitivity only; unpaired model remains primary	TRUE	0.295460374044785	higher_in_early_ESCC
AN004963__75	0.0576387567519775	0.158043225177668	16	ST003027	AN004963	targeted LC-MS	negative	ST003027_targeted_LCMS_combined_modes	low	case/control numbering offset 16; participant mapping not supplied	number-offset pairing sensitivity only; unpaired model remains primary	TRUE	0.300188611136281	higher_in_early_ESCC
AN004963__102	0.0205977457204316	0.159536703268086	16	ST003027	AN004963	targeted LC-MS	negative	ST003027_targeted_LCMS_combined_modes	low	case/control numbering offset 16; participant mapping not supplied	number-offset pairing sensitivity only; unpaired model remains primary	TRUE	0.301242833817974	higher_in_early_ESCC
AN004963__112	-0.327602916364572	0.162962456556423	16	ST003027	AN004963	targeted LC-MS	negative	ST003027_targeted_LCMS_combined_modes	low	case/control numbering offset 16; participant mapping not supplied	number-offset pairing sensitivity only; unpaired model remains primary	TRUE	0.305911979851531	lower_in_early_ESCC
AN004962__197	0.0410187851606845	0.166451223325083	16	ST003027	AN004962	targeted LC-MS	positive	ST003027_targeted_LCMS_combined_modes	low	case/control numbering offset 16; participant mapping not supplied	number-offset pairing sensitivity only; unpaired model remains primary	TRUE	0.310343001751456	higher_in_early_ESCC
AN004963__4	0.121080898918428	0.168468814124172	16	ST003027	AN004963	targeted LC-MS	negative	ST003027_targeted_LCMS_combined_modes	low	case/control numbering offset 16; participant mapping not supplied	number-offset pairing sensitivity only; unpaired model remains primary	TRUE	0.310343001751456	higher_in_early_ESCC
AN004963__43	0.112011083649732	0.169190109989112	16	ST003027	AN004963	targeted LC-MS	negative	ST003027_targeted_LCMS_combined_modes	low	case/control numbering offset 16; participant mapping not supplied	number-offset pairing sensitivity only; unpaired model remains primary	TRUE	0.310343001751456	higher_in_early_ESCC
AN004963__123	0.0346366715655181	0.169010191933489	16	ST003027	AN004963	targeted LC-MS	negative	ST003027_targeted_LCMS_combined_modes	low	case/control numbering offset 16; participant mapping not supplied	number-offset pairing sensitivity only; unpaired model remains primary	TRUE	0.310343001751456	higher_in_early_ESCC
AN004962__56	0.131879839684866	0.177997237617934	16	ST003027	AN004962	targeted LC-MS	positive	ST003027_targeted_LCMS_combined_modes	low	case/control numbering offset 16; participant mapping not supplied	number-offset pairing sensitivity only; unpaired model remains primary	TRUE	0.324642689064527	higher_in_early_ESCC
AN004962__145	0.0766998053024443	0.182140885879514	16	ST003027	AN004962	targeted LC-MS	positive	ST003027_targeted_LCMS_combined_modes	low	case/control numbering offset 16; participant mapping not supplied	number-offset pairing sensitivity only; unpaired model remains primary	TRUE	0.330323301510305	higher_in_early_ESCC
AN004962__268	0.0513578351356406	0.183732172328515	16	ST003027	AN004962	targeted LC-MS	positive	ST003027_targeted_LCMS_combined_modes	low	case/control numbering offset 16; participant mapping not supplied	number-offset pairing sensitivity only; unpaired model remains primary	TRUE	0.331337232120524	higher_in_early_ESCC
AN004962__180	0.0839199762238121	0.189620161066799	16	ST003027	AN004962	targeted LC-MS	positive	ST003027_targeted_LCMS_combined_modes	low	case/control numbering offset 16; participant mapping not supplied	number-offset pairing sensitivity only; unpaired model remains primary	TRUE	0.340045093309734	higher_in_early_ESCC
AN004962__115	0.00236909385670173	0.195301068031751	16	ST003027	AN004962	targeted LC-MS	positive	ST003027_targeted_LCMS_combined_modes	low	case/control numbering offset 16; participant mapping not supplied	number-offset pairing sensitivity only; unpaired model remains primary	TRUE	0.348286904656622	higher_in_early_ESCC
AN004962__72	0.0287850669015856	0.214713743815335	16	ST003027	AN004962	targeted LC-MS	positive	ST003027_targeted_LCMS_combined_modes	low	case/control numbering offset 16; participant mapping not supplied	number-offset pairing sensitivity only; unpaired model remains primary	TRUE	0.380790672733273	higher_in_early_ESCC
AN004962__137	0.00335811270327558	0.226003620308524	16	ST003027	AN004962	targeted LC-MS	positive	ST003027_targeted_LCMS_combined_modes	low	case/control numbering offset 16; participant mapping not supplied	number-offset pairing sensitivity only; unpaired model remains primary	TRUE	0.398610780873824	higher_in_early_ESCC
AN004963__180	0.0111875672551727	0.229299766899029	16	ST003027	AN004963	targeted LC-MS	negative	ST003027_targeted_LCMS_combined_modes	low	case/control numbering offset 16; participant mapping not supplied	number-offset pairing sensitivity only; unpaired model remains primary	TRUE	0.402214345216329	higher_in_early_ESCC
AN004963__15	-0.181793872988653	0.23421809795956	16	ST003027	AN004963	targeted LC-MS	negative	ST003027_targeted_LCMS_combined_modes	low	case/control numbering offset 16; participant mapping not supplied	number-offset pairing sensitivity only; unpaired model remains primary	TRUE	0.408608746983798	lower_in_early_ESCC
AN004962__34	0.0511248366374892	0.236083578702311	16	ST003027	AN004962	targeted LC-MS	positive	ST003027_targeted_LCMS_combined_modes	low	case/control numbering offset 16; participant mapping not supplied	number-offset pairing sensitivity only; unpaired model remains primary	TRUE	0.40963691223482	higher_in_early_ESCC
AN004962__13	0.112735715377379	0.239825978813994	16	ST003027	AN004962	targeted LC-MS	positive	ST003027_targeted_LCMS_combined_modes	low	case/control numbering offset 16; participant mapping not supplied	number-offset pairing sensitivity only; unpaired model remains primary	TRUE	0.413893221501571	higher_in_early_ESCC
AN004962__49	0.0623112799155986	0.247742492507438	16	ST003027	AN004962	targeted LC-MS	positive	ST003027_targeted_LCMS_combined_modes	low	case/control numbering offset 16; participant mapping not supplied	number-offset pairing sensitivity only; unpaired model remains primary	TRUE	0.424188582899112	higher_in_early_ESCC
AN004962__123	0.00231424153756474	0.24843443484434	16	ST003027	AN004962	targeted LC-MS	positive	ST003027_targeted_LCMS_combined_modes	low	case/control numbering offset 16; participant mapping not supplied	number-offset pairing sensitivity only; unpaired model remains primary	TRUE	0.424188582899112	higher_in_early_ESCC
AN004962__6	0.0189709898796636	0.262665878975792	16	ST003027	AN004962	targeted LC-MS	positive	ST003027_targeted_LCMS_combined_modes	low	case/control numbering offset 16; participant mapping not supplied	number-offset pairing sensitivity only; unpaired model remains primary	TRUE	0.443767090269628	higher_in_early_ESCC
AN004962__117	0.00258011903862816	0.262288843917255	16	ST003027	AN004962	targeted LC-MS	positive	ST003027_targeted_LCMS_combined_modes	low	case/control numbering offset 16; participant mapping not supplied	number-offset pairing sensitivity only; unpaired model remains primary	TRUE	0.443767090269628	higher_in_early_ESCC
AN004963__73	0.0154782094864026	0.273191176334718	16	ST003027	AN004963	targeted LC-MS	negative	ST003027_targeted_LCMS_combined_modes	low	case/control numbering offset 16; participant mapping not supplied	number-offset pairing sensitivity only; unpaired model remains primary	TRUE	0.459132814677719	higher_in_early_ESCC
AN004962__267	0.154257323527103	0.280529374566196	16	ST003027	AN004962	targeted LC-MS	positive	ST003027_targeted_LCMS_combined_modes	low	case/control numbering offset 16; participant mapping not supplied	number-offset pairing sensitivity only; unpaired model remains primary	TRUE	0.469010048102859	higher_in_early_ESCC
AN004963__121	0.0102471393900675	0.285239919630903	16	ST003027	AN004963	targeted LC-MS	negative	ST003027_targeted_LCMS_combined_modes	low	case/control numbering offset 16; participant mapping not supplied	number-offset pairing sensitivity only; unpaired model remains primary	TRUE	0.474414581355024	higher_in_early_ESCC
AN004962__212	-0.00183984118723925	0.294621939010805	16	ST003027	AN004962	targeted LC-MS	positive	ST003027_targeted_LCMS_combined_modes	low	case/control numbering offset 16; participant mapping not supplied	number-offset pairing sensitivity only; unpaired model remains primary	TRUE	0.487493002177673	lower_in_early_ESCC
AN004962__266	0.146295227098011	0.299970194057153	16	ST003027	AN004962	targeted LC-MS	positive	ST003027_targeted_LCMS_combined_modes	low	case/control numbering offset 16; participant mapping not supplied	number-offset pairing sensitivity only; unpaired model remains primary	TRUE	0.491277715777275	higher_in_early_ESCC
AN004963__149	0.013549776384562	0.298852754484119	16	ST003027	AN004963	targeted LC-MS	negative	ST003027_targeted_LCMS_combined_modes	low	case/control numbering offset 16; participant mapping not supplied	number-offset pairing sensitivity only; unpaired model remains primary	TRUE	0.491277715777275	higher_in_early_ESCC
AN004962__159	0.00303552463772707	0.302315377044769	16	ST003027	AN004962	targeted LC-MS	positive	ST003027_targeted_LCMS_combined_modes	low	case/control numbering offset 16; participant mapping not supplied	number-offset pairing sensitivity only; unpaired model remains primary	TRUE	0.492605259042491	higher_in_early_ESCC
AN004962__148	0.00846011109479089	0.30605098549737	16	ST003027	AN004962	targeted LC-MS	positive	ST003027_targeted_LCMS_combined_modes	low	case/control numbering offset 16; participant mapping not supplied	number-offset pairing sensitivity only; unpaired model remains primary	TRUE	0.496173567397252	higher_in_early_ESCC
AN004962__22	0.139063271653809	0.308242974455913	16	ST003027	AN004962	targeted LC-MS	positive	ST003027_targeted_LCMS_combined_modes	low	case/control numbering offset 16; participant mapping not supplied	number-offset pairing sensitivity only; unpaired model remains primary	TRUE	0.496294413930536	higher_in_early_ESCC
AN004963__186	0.029775269864077	0.309217703383512	16	ST003027	AN004963	targeted LC-MS	negative	ST003027_targeted_LCMS_combined_modes	low	case/control numbering offset 16; participant mapping not supplied	number-offset pairing sensitivity only; unpaired model remains primary	TRUE	0.496294413930536	higher_in_early_ESCC
AN004962__259	0.00232395376321227	0.323922546676583	16	ST003027	AN004962	targeted LC-MS	positive	ST003027_targeted_LCMS_combined_modes	low	case/control numbering offset 16; participant mapping not supplied	number-offset pairing sensitivity only; unpaired model remains primary	TRUE	0.517309141707379	higher_in_early_ESCC
AN004963__109	0.1219201851103	0.330136515184394	16	ST003027	AN004963	targeted LC-MS	negative	ST003027_targeted_LCMS_combined_modes	low	case/control numbering offset 16; participant mapping not supplied	number-offset pairing sensitivity only; unpaired model remains primary	TRUE	0.524622878090052	higher_in_early_ESCC
AN004962__15	0.0632937270039423	0.338870626837255	16	ST003027	AN004962	targeted LC-MS	positive	ST003027_targeted_LCMS_combined_modes	low	case/control numbering offset 16; participant mapping not supplied	number-offset pairing sensitivity only; unpaired model remains primary	TRUE	0.528045976770674	higher_in_early_ESCC
AN004963__147	-0.0218626692189049	0.337879621642745	16	ST003027	AN004963	targeted LC-MS	negative	ST003027_targeted_LCMS_combined_modes	low	case/control numbering offset 16; participant mapping not supplied	number-offset pairing sensitivity only; unpaired model remains primary	TRUE	0.528045976770674	lower_in_early_ESCC
AN004963__165	0.0219261067595021	0.338064353410735	14	ST003027	AN004963	targeted LC-MS	negative	ST003027_targeted_LCMS_combined_modes	low	case/control numbering offset 16; participant mapping not supplied	number-offset pairing sensitivity only; unpaired model remains primary	TRUE	0.528045976770674	higher_in_early_ESCC
AN004963__206	-0.0195209433947096	0.334198533598125	16	ST003027	AN004963	targeted LC-MS	negative	ST003027_targeted_LCMS_combined_modes	low	case/control numbering offset 16; participant mapping not supplied	number-offset pairing sensitivity only; unpaired model remains primary	TRUE	0.528045976770674	lower_in_early_ESCC
AN004962__25	-0.106259922345174	0.341213997720584	16	ST003027	AN004962	targeted LC-MS	positive	ST003027_targeted_LCMS_combined_modes	low	case/control numbering offset 16; participant mapping not supplied	number-offset pairing sensitivity only; unpaired model remains primary	TRUE	0.529128952986992	lower_in_early_ESCC
AN004962__91	0.0419402902852074	0.357880226467086	16	ST003027	AN004962	targeted LC-MS	positive	ST003027_targeted_LCMS_combined_modes	low	case/control numbering offset 16; participant mapping not supplied	number-offset pairing sensitivity only; unpaired model remains primary	TRUE	0.552305541807378	higher_in_early_ESCC
AN004962__132	0.00201132931153758	0.360596526954197	16	ST003027	AN004962	targeted LC-MS	positive	ST003027_targeted_LCMS_combined_modes	low	case/control numbering offset 16; participant mapping not supplied	number-offset pairing sensitivity only; unpaired model remains primary	TRUE	0.553834857188026	higher_in_early_ESCC
AN004963__159	-0.193779245755023	0.37178251641976	16	ST003027	AN004963	targeted LC-MS	negative	ST003027_targeted_LCMS_combined_modes	low	case/control numbering offset 16; participant mapping not supplied	number-offset pairing sensitivity only; unpaired model remains primary	TRUE	0.568296132241633	lower_in_early_ESCC
AN004963__56	0.0800590505199301	0.375016595175699	16	ST003027	AN004963	targeted LC-MS	negative	ST003027_targeted_LCMS_combined_modes	low	case/control numbering offset 16; participant mapping not supplied	number-offset pairing sensitivity only; unpaired model remains primary	TRUE	0.570522877020851	higher_in_early_ESCC
AN004963__84	0.0885359703320504	0.388351062431222	16	ST003027	AN004963	targeted LC-MS	negative	ST003027_targeted_LCMS_combined_modes	low	case/control numbering offset 16; participant mapping not supplied	number-offset pairing sensitivity only; unpaired model remains primary	TRUE	0.586265382662294	higher_in_early_ESCC
AN004963__154	-0.135677478263274	0.389017216532924	16	ST003027	AN004963	targeted LC-MS	negative	ST003027_targeted_LCMS_combined_modes	low	case/control numbering offset 16; participant mapping not supplied	number-offset pairing sensitivity only; unpaired model remains primary	TRUE	0.586265382662294	lower_in_early_ESCC
AN004962__236	0.109987959885195	0.418175724546852	16	ST003027	AN004962	targeted LC-MS	positive	ST003027_targeted_LCMS_combined_modes	low	case/control numbering offset 16; participant mapping not supplied	number-offset pairing sensitivity only; unpaired model remains primary	TRUE	0.627263586820278	higher_in_early_ESCC
AN004963__141	-0.00802334644629115	0.422383975068211	16	ST003027	AN004963	targeted LC-MS	negative	ST003027_targeted_LCMS_combined_modes	low	case/control numbering offset 16; participant mapping not supplied	number-offset pairing sensitivity only; unpaired model remains primary	TRUE	0.63062909765998	lower_in_early_ESCC
AN004962__131	-0.0146105671300957	0.428530394120439	16	ST003027	AN004962	targeted LC-MS	positive	ST003027_targeted_LCMS_combined_modes	low	case/control numbering offset 16; participant mapping not supplied	number-offset pairing sensitivity only; unpaired model remains primary	TRUE	0.636843780151208	lower_in_early_ESCC
AN004963__51	0.00763182662610178	0.433151598031904	16	ST003027	AN004963	targeted LC-MS	negative	ST003027_targeted_LCMS_combined_modes	low	case/control numbering offset 16; participant mapping not supplied	number-offset pairing sensitivity only; unpaired model remains primary	TRUE	0.637805793432299	higher_in_early_ESCC
AN004963__172	0.00751407610487529	0.431294143192641	16	ST003027	AN004963	targeted LC-MS	negative	ST003027_targeted_LCMS_combined_modes	low	case/control numbering offset 16; participant mapping not supplied	number-offset pairing sensitivity only; unpaired model remains primary	TRUE	0.637805793432299	higher_in_early_ESCC
AN004962__11	-0.0986990710324791	0.443738509708709	16	ST003027	AN004962	targeted LC-MS	positive	ST003027_targeted_LCMS_combined_modes	low	case/control numbering offset 16; participant mapping not supplied	number-offset pairing sensitivity only; unpaired model remains primary	TRUE	0.647454825529526	lower_in_early_ESCC
AN004962__127	0.0338409608071648	0.442161031111661	16	ST003027	AN004962	targeted LC-MS	positive	ST003027_targeted_LCMS_combined_modes	low	case/control numbering offset 16; participant mapping not supplied	number-offset pairing sensitivity only; unpaired model remains primary	TRUE	0.647454825529526	higher_in_early_ESCC
AN004962__222	0.00132011043005546	0.447917932544349	16	ST003027	AN004962	targeted LC-MS	positive	ST003027_targeted_LCMS_combined_modes	low	case/control numbering offset 16; participant mapping not supplied	number-offset pairing sensitivity only; unpaired model remains primary	TRUE	0.650595730075729	higher_in_early_ESCC
AN004962__172	0.00852302591787385	0.461828009034061	16	ST003027	AN004962	targeted LC-MS	positive	ST003027_targeted_LCMS_combined_modes	low	case/control numbering offset 16; participant mapping not supplied	number-offset pairing sensitivity only; unpaired model remains primary	TRUE	0.667778337387088	higher_in_early_ESCC
AN004963__110	-0.112914358989189	0.471041684198704	16	ST003027	AN004963	targeted LC-MS	negative	ST003027_targeted_LCMS_combined_modes	low	case/control numbering offset 16; participant mapping not supplied	number-offset pairing sensitivity only; unpaired model remains primary	TRUE	0.678046549900377	lower_in_early_ESCC
AN004962__35	-0.150767974909617	0.475678893505368	16	ST003027	AN004962	targeted LC-MS	positive	ST003027_targeted_LCMS_combined_modes	low	case/control numbering offset 16; participant mapping not supplied	number-offset pairing sensitivity only; unpaired model remains primary	TRUE	0.680955319309522	lower_in_early_ESCC
AN004962__44	-0.043586842618961	0.477305130357141	16	ST003027	AN004962	targeted LC-MS	positive	ST003027_targeted_LCMS_combined_modes	low	case/control numbering offset 16; participant mapping not supplied	number-offset pairing sensitivity only; unpaired model remains primary	TRUE	0.680955319309522	lower_in_early_ESCC
AN004963__176	0.012104646950625	0.484477028724112	16	ST003027	AN004963	targeted LC-MS	negative	ST003027_targeted_LCMS_combined_modes	low	case/control numbering offset 16; participant mapping not supplied	number-offset pairing sensitivity only; unpaired model remains primary	TRUE	0.688128877081592	higher_in_early_ESCC
AN004963__163	0.0709717225854574	0.486912359619685	16	ST003027	AN004963	targeted LC-MS	negative	ST003027_targeted_LCMS_combined_modes	low	case/control numbering offset 16; participant mapping not supplied	number-offset pairing sensitivity only; unpaired model remains primary	TRUE	0.688541266246338	higher_in_early_ESCC
AN004962__64	0.0717679159239793	0.499813780911068	16	ST003027	AN004962	targeted LC-MS	positive	ST003027_targeted_LCMS_combined_modes	low	case/control numbering offset 16; participant mapping not supplied	number-offset pairing sensitivity only; unpaired model remains primary	TRUE	0.700612330447392	higher_in_early_ESCC
AN004963__6	0.0336909139119433	0.499446289553181	16	ST003027	AN004963	targeted LC-MS	negative	ST003027_targeted_LCMS_combined_modes	low	case/control numbering offset 16; participant mapping not supplied	number-offset pairing sensitivity only; unpaired model remains primary	TRUE	0.700612330447392	higher_in_early_ESCC
AN004963__20	-0.109356951881369	0.512423476656793	16	ST003027	AN004963	targeted LC-MS	negative	ST003027_targeted_LCMS_combined_modes	low	case/control numbering offset 16; participant mapping not supplied	number-offset pairing sensitivity only; unpaired model remains primary	TRUE	0.715164939160133	lower_in_early_ESCC
AN004962__249	0.00110229297185484	0.514887651923832	16	ST003027	AN004962	targeted LC-MS	positive	ST003027_targeted_LCMS_combined_modes	low	case/control numbering offset 16; participant mapping not supplied	number-offset pairing sensitivity only; unpaired model remains primary	TRUE	0.715493230595455	higher_in_early_ESCC
AN004963__202	-0.00827782639510649	0.521711811745195	16	ST003027	AN004963	targeted LC-MS	negative	ST003027_targeted_LCMS_combined_modes	low	case/control numbering offset 16; participant mapping not supplied	number-offset pairing sensitivity only; unpaired model remains primary	TRUE	0.721851256768136	lower_in_early_ESCC
AN004963__33	0.0250776685794922	0.524047910637815	16	ST003027	AN004963	targeted LC-MS	negative	ST003027_targeted_LCMS_combined_modes	low	case/control numbering offset 16; participant mapping not supplied	number-offset pairing sensitivity only; unpaired model remains primary	TRUE	0.721971585041796	higher_in_early_ESCC
AN004962__121	0.0291017597504013	0.531539950196963	16	ST003027	AN004962	targeted LC-MS	positive	ST003027_targeted_LCMS_combined_modes	low	case/control numbering offset 16; participant mapping not supplied	number-offset pairing sensitivity only; unpaired model remains primary	TRUE	0.729163777834295	higher_in_early_ESCC
AN004963__50	-0.0146384216260286	0.548206911319362	16	ST003027	AN004963	targeted LC-MS	negative	ST003027_targeted_LCMS_combined_modes	low	case/control numbering offset 16; participant mapping not supplied	number-offset pairing sensitivity only; unpaired model remains primary	TRUE	0.748827312908575	lower_in_early_ESCC
AN004963__23	-0.0585284073257808	0.557678582569162	16	ST003027	AN004963	targeted LC-MS	negative	ST003027_targeted_LCMS_combined_modes	low	case/control numbering offset 16; participant mapping not supplied	number-offset pairing sensitivity only; unpaired model remains primary	TRUE	0.753437178442737	lower_in_early_ESCC
AN004963__31	0.00558318840241352	0.554196275509183	16	ST003027	AN004963	targeted LC-MS	negative	ST003027_targeted_LCMS_combined_modes	low	case/control numbering offset 16; participant mapping not supplied	number-offset pairing sensitivity only; unpaired model remains primary	TRUE	0.753437178442737	higher_in_early_ESCC
AN004963__170	0.0725317925676134	0.558623203954428	16	ST003027	AN004963	targeted LC-MS	negative	ST003027_targeted_LCMS_combined_modes	low	case/control numbering offset 16; participant mapping not supplied	number-offset pairing sensitivity only; unpaired model remains primary	TRUE	0.753437178442737	higher_in_early_ESCC
AN004963__34	0.0418514944440219	0.56164221042312	16	ST003027	AN004963	targeted LC-MS	negative	ST003027_targeted_LCMS_combined_modes	low	case/control numbering offset 16; participant mapping not supplied	number-offset pairing sensitivity only; unpaired model remains primary	TRUE	0.753461773041889	higher_in_early_ESCC
AN004963__161	-0.125627110252888	0.563335905078048	16	ST003027	AN004963	targeted LC-MS	negative	ST003027_targeted_LCMS_combined_modes	low	case/control numbering offset 16; participant mapping not supplied	number-offset pairing sensitivity only; unpaired model remains primary	TRUE	0.753461773041889	lower_in_early_ESCC
AN004962__157	0.00179631720195571	0.56646514802859	16	ST003027	AN004962	targeted LC-MS	positive	ST003027_targeted_LCMS_combined_modes	low	case/control numbering offset 16; participant mapping not supplied	number-offset pairing sensitivity only; unpaired model remains primary	TRUE	0.753485060648087	higher_in_early_ESCC
AN004963__215	0.11052407292792	0.568047927342172	16	ST003027	AN004963	targeted LC-MS	negative	ST003027_targeted_LCMS_combined_modes	low	case/control numbering offset 16; participant mapping not supplied	number-offset pairing sensitivity only; unpaired model remains primary	TRUE	0.753485060648087	higher_in_early_ESCC
AN004963__181	0.00550766112187022	0.571210302333174	16	ST003027	AN004963	targeted LC-MS	negative	ST003027_targeted_LCMS_combined_modes	low	case/control numbering offset 16; participant mapping not supplied	number-offset pairing sensitivity only; unpaired model remains primary	TRUE	0.754561757403082	higher_in_early_ESCC
AN004962__50	-0.00521190896424939	0.594206128530761	16	ST003027	AN004962	targeted LC-MS	positive	ST003027_targeted_LCMS_combined_modes	low	case/control numbering offset 16; participant mapping not supplied	number-offset pairing sensitivity only; unpaired model remains primary	TRUE	0.78172199696055	lower_in_early_ESCC
AN004963__155	-0.0668606033388602	0.598745785960383	16	ST003027	AN004963	targeted LC-MS	negative	ST003027_targeted_LCMS_combined_modes	low	case/control numbering offset 16; participant mapping not supplied	number-offset pairing sensitivity only; unpaired model remains primary	TRUE	0.784479172625645	lower_in_early_ESCC
AN004963__190	0.00478293196579951	0.602501289516624	16	ST003027	AN004963	targeted LC-MS	negative	ST003027_targeted_LCMS_combined_modes	low	case/control numbering offset 16; participant mapping not supplied	number-offset pairing sensitivity only; unpaired model remains primary	TRUE	0.78619070705218	higher_in_early_ESCC
AN004963__150	0.00528377894414048	0.612404975937174	16	ST003027	AN004963	targeted LC-MS	negative	ST003027_targeted_LCMS_combined_modes	low	case/control numbering offset 16; participant mapping not supplied	number-offset pairing sensitivity only; unpaired model remains primary	TRUE	0.795878531481104	higher_in_early_ESCC
AN004962__26	-0.00138116185859199	0.616305866587115	16	ST003027	AN004962	targeted LC-MS	positive	ST003027_targeted_LCMS_combined_modes	low	case/control numbering offset 16; participant mapping not supplied	number-offset pairing sensitivity only; unpaired model remains primary	TRUE	0.797718480542193	lower_in_early_ESCC
AN004962__63	0.0185235060059044	0.620350602340984	16	ST003027	AN004962	targeted LC-MS	positive	ST003027_targeted_LCMS_combined_modes	low	case/control numbering offset 16; participant mapping not supplied	number-offset pairing sensitivity only; unpaired model remains primary	TRUE	0.799729089764883	higher_in_early_ESCC
AN004963__216	-0.0264818825212847	0.631146006669985	16	ST003027	AN004963	targeted LC-MS	negative	ST003027_targeted_LCMS_combined_modes	low	case/control numbering offset 16; participant mapping not supplied	number-offset pairing sensitivity only; unpaired model remains primary	TRUE	0.81039147256426	lower_in_early_ESCC
AN004963__200	0.0597599266316974	0.637683602035283	16	ST003027	AN004963	targeted LC-MS	negative	ST003027_targeted_LCMS_combined_modes	low	case/control numbering offset 16; participant mapping not supplied	number-offset pairing sensitivity only; unpaired model remains primary	TRUE	0.815523650411657	higher_in_early_ESCC
AN004962__129	0.00335036585756472	0.648835378699311	16	ST003027	AN004962	targeted LC-MS	positive	ST003027_targeted_LCMS_combined_modes	low	case/control numbering offset 16; participant mapping not supplied	number-offset pairing sensitivity only; unpaired model remains primary	TRUE	0.826492684771742	higher_in_early_ESCC
AN004963__198	-0.0177089691901015	0.654138126288866	7	ST003027	AN004963	targeted LC-MS	negative	ST003027_targeted_LCMS_combined_modes	low	case/control numbering offset 16; participant mapping not supplied	number-offset pairing sensitivity only; unpaired model remains primary	TRUE	0.829953907267692	lower_in_early_ESCC
AN004963__125	0.00398184525020287	0.657700525674228	16	ST003027	AN004963	targeted LC-MS	negative	ST003027_targeted_LCMS_combined_modes	low	case/control numbering offset 16; participant mapping not supplied	number-offset pairing sensitivity only; unpaired model remains primary	TRUE	0.831188459611919	higher_in_early_ESCC
AN004962__152	0.000653998534947791	0.678017386078126	16	ST003027	AN004962	targeted LC-MS	positive	ST003027_targeted_LCMS_combined_modes	low	case/control numbering offset 16; participant mapping not supplied	number-offset pairing sensitivity only; unpaired model remains primary	TRUE	0.844627927433229	higher_in_early_ESCC
AN004962__211	0.0600914239422161	0.680682102136399	16	ST003027	AN004962	targeted LC-MS	positive	ST003027_targeted_LCMS_combined_modes	low	case/control numbering offset 16; participant mapping not supplied	number-offset pairing sensitivity only; unpaired model remains primary	TRUE	0.844627927433229	higher_in_early_ESCC
AN004962__240	0.0628727634823403	0.677908181206885	16	ST003027	AN004962	targeted LC-MS	positive	ST003027_targeted_LCMS_combined_modes	low	case/control numbering offset 16; participant mapping not supplied	number-offset pairing sensitivity only; unpaired model remains primary	TRUE	0.844627927433229	higher_in_early_ESCC
AN004963__10	0.0382143641616863	0.681996303057077	16	ST003027	AN004963	targeted LC-MS	negative	ST003027_targeted_LCMS_combined_modes	low	case/control numbering offset 16; participant mapping not supplied	number-offset pairing sensitivity only; unpaired model remains primary	TRUE	0.844627927433229	higher_in_early_ESCC
AN004963__22	-0.0297205321877975	0.684122308824423	16	ST003027	AN004963	targeted LC-MS	negative	ST003027_targeted_LCMS_combined_modes	low	case/control numbering offset 16; participant mapping not supplied	number-offset pairing sensitivity only; unpaired model remains primary	TRUE	0.844627927433229	lower_in_early_ESCC
AN004963__204	-0.177489897659192	0.677555311660449	16	ST003027	AN004963	targeted LC-MS	negative	ST003027_targeted_LCMS_combined_modes	low	case/control numbering offset 16; participant mapping not supplied	number-offset pairing sensitivity only; unpaired model remains primary	TRUE	0.844627927433229	lower_in_early_ESCC
AN004962__70	-0.000815553358433244	0.693510588084247	16	ST003027	AN004962	targeted LC-MS	positive	ST003027_targeted_LCMS_combined_modes	low	case/control numbering offset 16; participant mapping not supplied	number-offset pairing sensitivity only; unpaired model remains primary	TRUE	0.84991562541944	lower_in_early_ESCC
AN004963__177	-0.0113870102276066	0.693700603924901	16	ST003027	AN004963	targeted LC-MS	negative	ST003027_targeted_LCMS_combined_modes	low	case/control numbering offset 16; participant mapping not supplied	number-offset pairing sensitivity only; unpaired model remains primary	TRUE	0.84991562541944	lower_in_early_ESCC
AN004962__168	0.000855363553029171	0.701000126083577	16	ST003027	AN004962	targeted LC-MS	positive	ST003027_targeted_LCMS_combined_modes	low	case/control numbering offset 16; participant mapping not supplied	number-offset pairing sensitivity only; unpaired model remains primary	TRUE	0.855593309782617	higher_in_early_ESCC
AN004963__67	0.00333035977197729	0.708625308327602	16	ST003027	AN004963	targeted LC-MS	negative	ST003027_targeted_LCMS_combined_modes	low	case/control numbering offset 16; participant mapping not supplied	number-offset pairing sensitivity only; unpaired model remains primary	TRUE	0.861623954443788	higher_in_early_ESCC
AN004962__101	0.00075619733490704	0.728586682254662	16	ST003027	AN004962	targeted LC-MS	positive	ST003027_targeted_LCMS_combined_modes	low	case/control numbering offset 16; participant mapping not supplied	number-offset pairing sensitivity only; unpaired model remains primary	TRUE	0.881788139726413	higher_in_early_ESCC
AN004963__152	0.00398409551758555	0.730702944446186	16	ST003027	AN004963	targeted LC-MS	negative	ST003027_targeted_LCMS_combined_modes	low	case/control numbering offset 16; participant mapping not supplied	number-offset pairing sensitivity only; unpaired model remains primary	TRUE	0.881788139726413	higher_in_early_ESCC
AN004962__100	0.000519436386993889	0.738787188836201	16	ST003027	AN004962	targeted LC-MS	positive	ST003027_targeted_LCMS_combined_modes	low	case/control numbering offset 16; participant mapping not supplied	number-offset pairing sensitivity only; unpaired model remains primary	TRUE	0.884890625434404	higher_in_early_ESCC
AN004963__124	-0.00583841913310258	0.736671471490523	16	ST003027	AN004963	targeted LC-MS	negative	ST003027_targeted_LCMS_combined_modes	low	case/control numbering offset 16; participant mapping not supplied	number-offset pairing sensitivity only; unpaired model remains primary	TRUE	0.884890625434404	lower_in_early_ESCC
AN004963__13	0.0105575957935069	0.764869296318814	16	ST003027	AN004963	targeted LC-MS	negative	ST003027_targeted_LCMS_combined_modes	low	case/control numbering offset 16; participant mapping not supplied	number-offset pairing sensitivity only; unpaired model remains primary	TRUE	0.905989092687599	higher_in_early_ESCC
AN004963__53	-0.0127604371029914	0.761380946987796	16	ST003027	AN004963	targeted LC-MS	negative	ST003027_targeted_LCMS_combined_modes	low	case/control numbering offset 16; participant mapping not supplied	number-offset pairing sensitivity only; unpaired model remains primary	TRUE	0.905989092687599	lower_in_early_ESCC
AN004963__213	-0.0635167154653279	0.763625292277176	16	ST003027	AN004963	targeted LC-MS	negative	ST003027_targeted_LCMS_combined_modes	low	case/control numbering offset 16; participant mapping not supplied	number-offset pairing sensitivity only; unpaired model remains primary	TRUE	0.905989092687599	lower_in_early_ESCC
AN004963__119	-0.0027774767006674	0.769004022065858	16	ST003027	AN004963	targeted LC-MS	negative	ST003027_targeted_LCMS_combined_modes	low	case/control numbering offset 16; participant mapping not supplied	number-offset pairing sensitivity only; unpaired model remains primary	TRUE	0.907537834864487	lower_in_early_ESCC
AN004962__1	-0.010505136804618	0.785599872180306	16	ST003027	AN004962	targeted LC-MS	positive	ST003027_targeted_LCMS_combined_modes	low	case/control numbering offset 16; participant mapping not supplied	number-offset pairing sensitivity only; unpaired model remains primary	TRUE	0.920356054634592	lower_in_early_ESCC
AN004962__12	-0.038050115411444	0.783423260379939	16	ST003027	AN004962	targeted LC-MS	positive	ST003027_targeted_LCMS_combined_modes	low	case/control numbering offset 16; participant mapping not supplied	number-offset pairing sensitivity only; unpaired model remains primary	TRUE	0.920356054634592	lower_in_early_ESCC
AN004962__57	-0.0334334656783512	0.802651796242708	16	ST003027	AN004962	targeted LC-MS	positive	ST003027_targeted_LCMS_combined_modes	low	case/control numbering offset 16; participant mapping not supplied	number-offset pairing sensitivity only; unpaired model remains primary	TRUE	0.933518936934453	lower_in_early_ESCC
AN004963__57	-0.00311650387659242	0.802308247935073	16	ST003027	AN004963	targeted LC-MS	negative	ST003027_targeted_LCMS_combined_modes	low	case/control numbering offset 16; participant mapping not supplied	number-offset pairing sensitivity only; unpaired model remains primary	TRUE	0.933518936934453	lower_in_early_ESCC
AN004962__144	-0.000775704079122318	0.807280355183741	16	ST003027	AN004962	targeted LC-MS	positive	ST003027_targeted_LCMS_combined_modes	low	case/control numbering offset 16; participant mapping not supplied	number-offset pairing sensitivity only; unpaired model remains primary	TRUE	0.935512613768884	lower_in_early_ESCC
AN004963__9	0.0219454865557867	0.813659409552022	16	ST003027	AN004963	targeted LC-MS	negative	ST003027_targeted_LCMS_combined_modes	low	case/control numbering offset 16; participant mapping not supplied	number-offset pairing sensitivity only; unpaired model remains primary	TRUE	0.939513203115824	higher_in_early_ESCC
AN004963__45	-0.00206028158118006	0.816835767204455	16	ST003027	AN004963	targeted LC-MS	negative	ST003027_targeted_LCMS_combined_modes	low	case/control numbering offset 16; participant mapping not supplied	number-offset pairing sensitivity only; unpaired model remains primary	TRUE	0.939800291299749	lower_in_early_ESCC
AN004962__269	-0.00082956058474602	0.821414847031418	16	ST003027	AN004962	targeted LC-MS	positive	ST003027_targeted_LCMS_combined_modes	low	case/control numbering offset 16; participant mapping not supplied	number-offset pairing sensitivity only; unpaired model remains primary	TRUE	0.941693449632447	lower_in_early_ESCC
AN004962__4	0.00036128243102023	0.854780950014192	16	ST003027	AN004962	targeted LC-MS	positive	ST003027_targeted_LCMS_combined_modes	low	case/control numbering offset 16; participant mapping not supplied	number-offset pairing sensitivity only; unpaired model remains primary	TRUE	0.943299406608148	higher_in_early_ESCC
AN004962__7	0.00797363285333094	0.862039122333279	16	ST003027	AN004962	targeted LC-MS	positive	ST003027_targeted_LCMS_combined_modes	low	case/control numbering offset 16; participant mapping not supplied	number-offset pairing sensitivity only; unpaired model remains primary	TRUE	0.943299406608148	higher_in_early_ESCC
AN004962__76	0.000242062136746147	0.876079600161002	16	ST003027	AN004962	targeted LC-MS	positive	ST003027_targeted_LCMS_combined_modes	low	case/control numbering offset 16; participant mapping not supplied	number-offset pairing sensitivity only; unpaired model remains primary	TRUE	0.943299406608148	higher_in_early_ESCC
AN004962__130	-0.000325950653837561	0.858988746261468	16	ST003027	AN004962	targeted LC-MS	positive	ST003027_targeted_LCMS_combined_modes	low	case/control numbering offset 16; participant mapping not supplied	number-offset pairing sensitivity only; unpaired model remains primary	TRUE	0.943299406608148	lower_in_early_ESCC
AN004962__147	-0.00148018273753254	0.878696225905536	16	ST003027	AN004962	targeted LC-MS	positive	ST003027_targeted_LCMS_combined_modes	low	case/control numbering offset 16; participant mapping not supplied	number-offset pairing sensitivity only; unpaired model remains primary	TRUE	0.943299406608148	lower_in_early_ESCC
AN004962__151	0.000763390870350154	0.828932341343081	16	ST003027	AN004962	targeted LC-MS	positive	ST003027_targeted_LCMS_combined_modes	low	case/control numbering offset 16; participant mapping not supplied	number-offset pairing sensitivity only; unpaired model remains primary	TRUE	0.943299406608148	higher_in_early_ESCC
AN004962__153	-0.00157121853401486	0.878968913257425	16	ST003027	AN004962	targeted LC-MS	positive	ST003027_targeted_LCMS_combined_modes	low	case/control numbering offset 16; participant mapping not supplied	number-offset pairing sensitivity only; unpaired model remains primary	TRUE	0.943299406608148	lower_in_early_ESCC
AN004962__176	-0.0229660849269153	0.851472953106559	16	ST003027	AN004962	targeted LC-MS	positive	ST003027_targeted_LCMS_combined_modes	low	case/control numbering offset 16; participant mapping not supplied	number-offset pairing sensitivity only; unpaired model remains primary	TRUE	0.943299406608148	lower_in_early_ESCC
AN004962__207	0.00033542916003894	0.832791013076825	16	ST003027	AN004962	targeted LC-MS	positive	ST003027_targeted_LCMS_combined_modes	low	case/control numbering offset 16; participant mapping not supplied	number-offset pairing sensitivity only; unpaired model remains primary	TRUE	0.943299406608148	higher_in_early_ESCC
AN004962__221	-0.0226398900884255	0.86853678937438	16	ST003027	AN004962	targeted LC-MS	positive	ST003027_targeted_LCMS_combined_modes	low	case/control numbering offset 16; participant mapping not supplied	number-offset pairing sensitivity only; unpaired model remains primary	TRUE	0.943299406608148	lower_in_early_ESCC
AN004962__263	-0.0242595692446778	0.887465485344738	16	ST003027	AN004962	targeted LC-MS	positive	ST003027_targeted_LCMS_combined_modes	low	case/control numbering offset 16; participant mapping not supplied	number-offset pairing sensitivity only; unpaired model remains primary	TRUE	0.943299406608148	lower_in_early_ESCC
AN004963__12	-0.0014110529819807	0.873173799048214	16	ST003027	AN004963	targeted LC-MS	negative	ST003027_targeted_LCMS_combined_modes	low	case/control numbering offset 16; participant mapping not supplied	number-offset pairing sensitivity only; unpaired model remains primary	TRUE	0.943299406608148	lower_in_early_ESCC
AN004963__29	0.00191343077597921	0.828549507021599	16	ST003027	AN004963	targeted LC-MS	negative	ST003027_targeted_LCMS_combined_modes	low	case/control numbering offset 16; participant mapping not supplied	number-offset pairing sensitivity only; unpaired model remains primary	TRUE	0.943299406608148	higher_in_early_ESCC
AN004963__79	0.00628549827583871	0.885878889344107	16	ST003027	AN004963	targeted LC-MS	negative	ST003027_targeted_LCMS_combined_modes	low	case/control numbering offset 16; participant mapping not supplied	number-offset pairing sensitivity only; unpaired model remains primary	TRUE	0.943299406608148	higher_in_early_ESCC
AN004963__91	0.00821552464450048	0.837768561423181	16	ST003027	AN004963	targeted LC-MS	negative	ST003027_targeted_LCMS_combined_modes	low	case/control numbering offset 16; participant mapping not supplied	number-offset pairing sensitivity only; unpaired model remains primary	TRUE	0.943299406608148	higher_in_early_ESCC
AN004963__101	0.00178246267020567	0.840558347915671	16	ST003027	AN004963	targeted LC-MS	negative	ST003027_targeted_LCMS_combined_modes	low	case/control numbering offset 16; participant mapping not supplied	number-offset pairing sensitivity only; unpaired model remains primary	TRUE	0.943299406608148	higher_in_early_ESCC
AN004963__104	-0.00225409788620938	0.858549274596507	16	ST003027	AN004963	targeted LC-MS	negative	ST003027_targeted_LCMS_combined_modes	low	case/control numbering offset 16; participant mapping not supplied	number-offset pairing sensitivity only; unpaired model remains primary	TRUE	0.943299406608148	lower_in_early_ESCC
AN004963__106	-0.00165277986247067	0.88100063101365	16	ST003027	AN004963	targeted LC-MS	negative	ST003027_targeted_LCMS_combined_modes	low	case/control numbering offset 16; participant mapping not supplied	number-offset pairing sensitivity only; unpaired model remains primary	TRUE	0.943299406608148	lower_in_early_ESCC
AN004963__156	-0.00155409150149062	0.86039661159177	16	ST003027	AN004963	targeted LC-MS	negative	ST003027_targeted_LCMS_combined_modes	low	case/control numbering offset 16; participant mapping not supplied	number-offset pairing sensitivity only; unpaired model remains primary	TRUE	0.943299406608148	lower_in_early_ESCC
AN004963__166	0.00138438182378616	0.875786576326664	16	ST003027	AN004963	targeted LC-MS	negative	ST003027_targeted_LCMS_combined_modes	low	case/control numbering offset 16; participant mapping not supplied	number-offset pairing sensitivity only; unpaired model remains primary	TRUE	0.943299406608148	higher_in_early_ESCC
AN004963__208	-0.00133427571499802	0.881681544488257	16	ST003027	AN004963	targeted LC-MS	negative	ST003027_targeted_LCMS_combined_modes	low	case/control numbering offset 16; participant mapping not supplied	number-offset pairing sensitivity only; unpaired model remains primary	TRUE	0.943299406608148	lower_in_early_ESCC
AN004963__210	-0.0135876537882132	0.855559130917752	16	ST003027	AN004963	targeted LC-MS	negative	ST003027_targeted_LCMS_combined_modes	low	case/control numbering offset 16; participant mapping not supplied	number-offset pairing sensitivity only; unpaired model remains primary	TRUE	0.943299406608148	lower_in_early_ESCC
AN004963__18	-0.00250126243371733	0.899761925646089	16	ST003027	AN004963	targeted LC-MS	negative	ST003027_targeted_LCMS_combined_modes	low	case/control numbering offset 16; participant mapping not supplied	number-offset pairing sensitivity only; unpaired model remains primary	TRUE	0.953213129149817	lower_in_early_ESCC
AN004962__247	0.0495378481362974	0.903620154763064	16	ST003027	AN004962	targeted LC-MS	positive	ST003027_targeted_LCMS_combined_modes	low	case/control numbering offset 16; participant mapping not supplied	number-offset pairing sensitivity only; unpaired model remains primary	TRUE	0.954151544996525	higher_in_early_ESCC
AN004962__83	0.00752729902166095	0.915419628053102	16	ST003027	AN004962	targeted LC-MS	positive	ST003027_targeted_LCMS_combined_modes	low	case/control numbering offset 16; participant mapping not supplied	number-offset pairing sensitivity only; unpaired model remains primary	TRUE	0.963441641328019	higher_in_early_ESCC
AN004962__23	0.000596714652745473	0.930585314379505	16	ST003027	AN004962	targeted LC-MS	positive	ST003027_targeted_LCMS_combined_modes	low	case/control numbering offset 16; participant mapping not supplied	number-offset pairing sensitivity only; unpaired model remains primary	TRUE	0.975305915596765	higher_in_early_ESCC
AN004962__223	-0.000128624484640095	0.933953271784996	16	ST003027	AN004962	targeted LC-MS	positive	ST003027_targeted_LCMS_combined_modes	low	case/control numbering offset 16; participant mapping not supplied	number-offset pairing sensitivity only; unpaired model remains primary	TRUE	0.975305915596765	lower_in_early_ESCC
AN004963__128	0.000722645707893516	0.935807545183189	16	ST003027	AN004963	targeted LC-MS	negative	ST003027_targeted_LCMS_combined_modes	low	case/control numbering offset 16; participant mapping not supplied	number-offset pairing sensitivity only; unpaired model remains primary	TRUE	0.975305915596765	higher_in_early_ESCC
AN004962__90	-0.00794089598100528	0.961323065479658	16	ST003027	AN004962	targeted LC-MS	positive	ST003027_targeted_LCMS_combined_modes	low	case/control numbering offset 16; participant mapping not supplied	number-offset pairing sensitivity only; unpaired model remains primary	TRUE	0.992851730800707	lower_in_early_ESCC
AN004962__106	0.00521044657239084	0.967940488789533	16	ST003027	AN004962	targeted LC-MS	positive	ST003027_targeted_LCMS_combined_modes	low	case/control numbering offset 16; participant mapping not supplied	number-offset pairing sensitivity only; unpaired model remains primary	TRUE	0.992851730800707	higher_in_early_ESCC
AN004963__61	-0.00029518738856253	0.973301059755751	16	ST003027	AN004963	targeted LC-MS	negative	ST003027_targeted_LCMS_combined_modes	low	case/control numbering offset 16; participant mapping not supplied	number-offset pairing sensitivity only; unpaired model remains primary	TRUE	0.992851730800707	lower_in_early_ESCC
AN004963__81	-0.000336259029426892	0.969643384579411	16	ST003027	AN004963	targeted LC-MS	negative	ST003027_targeted_LCMS_combined_modes	low	case/control numbering offset 16; participant mapping not supplied	number-offset pairing sensitivity only; unpaired model remains primary	TRUE	0.992851730800707	lower_in_early_ESCC
AN004963__142	0.000337554765224053	0.969476703838358	16	ST003027	AN004963	targeted LC-MS	negative	ST003027_targeted_LCMS_combined_modes	low	case/control numbering offset 16; participant mapping not supplied	number-offset pairing sensitivity only; unpaired model remains primary	TRUE	0.992851730800707	higher_in_early_ESCC
AN004963__145	0.000284995141224422	0.974293754524058	16	ST003027	AN004963	targeted LC-MS	negative	ST003027_targeted_LCMS_combined_modes	low	case/control numbering offset 16; participant mapping not supplied	number-offset pairing sensitivity only; unpaired model remains primary	TRUE	0.992851730800707	higher_in_early_ESCC
AN004963__212	-0.000559327720710352	0.961018501331509	13	ST003027	AN004963	targeted LC-MS	negative	ST003027_targeted_LCMS_combined_modes	low	case/control numbering offset 16; participant mapping not supplied	number-offset pairing sensitivity only; unpaired model remains primary	TRUE	0.992851730800707	lower_in_early_ESCC
AN004963__105	0.00019924672482476	0.981978708215825	16	ST003027	AN004963	targeted LC-MS	negative	ST003027_targeted_LCMS_combined_modes	low	case/control numbering offset 16; participant mapping not supplied	number-offset pairing sensitivity only; unpaired model remains primary	TRUE	0.997516346004051	higher_in_early_ESCC
AN004962__187	-0.00013497358790842	0.998269974782549	16	ST003027	AN004962	targeted LC-MS	positive	ST003027_targeted_LCMS_combined_modes	low	case/control numbering offset 16; participant mapping not supplied	number-offset pairing sensitivity only; unpaired model remains primary	TRUE	0.99928185079135	lower_in_early_ESCC
AN004963__117	5.1875030783105e-05	0.99530658546248	16	ST003027	AN004963	targeted LC-MS	negative	ST003027_targeted_LCMS_combined_modes	low	case/control numbering offset 16; participant mapping not supplied	number-offset pairing sensitivity only; unpaired model remains primary	TRUE	0.99928185079135	higher_in_early_ESCC
AN004963__167	7.39999930734158e-05	0.993304774975748	16	ST003027	AN004963	targeted LC-MS	negative	ST003027_targeted_LCMS_combined_modes	low	case/control numbering offset 16; participant mapping not supplied	number-offset pairing sensitivity only; unpaired model remains primary	TRUE	0.99928185079135	higher_in_early_ESCC
AN004963__187	7.93749392964845e-06	0.99928185079135	16	ST003027	AN004963	targeted LC-MS	negative	ST003027_targeted_LCMS_combined_modes	low	case/control numbering offset 16; participant mapping not supplied	number-offset pairing sensitivity only; unpaired model remains primary	TRUE	0.99928185079135	higher_in_early_ESCC
AN004963__197	-0.00147015205160859	0.992399936357549	16	ST003027	AN004963	targeted LC-MS	negative	ST003027_targeted_LCMS_combined_modes	low	case/control numbering offset 16; participant mapping not supplied	number-offset pairing sensitivity only; unpaired model remains primary	TRUE	0.99928185079135	lower_in_early_ESCC
