evidence_id	candidate_id	candidate_label	candidate_type	evidence_type	omics_layer	dataset	analysis_unit	independence_group	effect_measure	effect_value	p_value	q_value	direction	discordance_code	layer_availability	independent_from_discovery	eligible_as_exact_replication	evidence_tier	auxiliary_score_100	cross_dataset_patient_link_allowed
EVIDENCE_000001	GENE:PIK3CA	PIK3CA	driver_candidate	TCGA_driver_composite	genome+transcriptome	TCGA-ESCC GDC DR45	unique patient	TCGA_ESCC_DR45_driver_core	CNV-RNA Spearman rho	0.687902977191557	1.34951638018333e-14	6.92897438602631e-13	positive	support	TCGA_evaluable_Cao_profiled	FALSE	FALSE	T4	60	FALSE
EVIDENCE_001256	GENE:FBXW7	FBXW7	cross_layer_axis	TCGA_CNV_RNA_dosage	genome_CNV->transcriptome	TCGA_ESCC_DR45	TCGA-ESCC driver core; same-patient CNV and RNA	TCGA_ESCC_DR45_driver_core_95	Spearman rho	0.52098991665482	6.20986487627644e-08	4.20242830101056e-07	positive	support	evaluable	FALSE	FALSE	T3	78	FALSE
EVIDENCE_001257	GENE:GNAS	GNAS	cross_layer_axis	TCGA_CNV_RNA_dosage	genome_CNV->transcriptome	TCGA_ESCC_DR45	TCGA-ESCC driver core; same-patient CNV and RNA	TCGA_ESCC_DR45_driver_core_95	Spearman rho	0.337209722135567	0.000832837728653649	0.00197569174612525	positive	support	evaluable	FALSE	FALSE	T3	78	FALSE
EVIDENCE_001258	GENE:KMT2D	KMT2D	cross_layer_axis	TCGA_driver_state_internal	genome_CNV->multiomics_state	TCGA_ESCC_DR45	TCGA-ESCC five-layer core; same patients and partially shared model inputs	TCGA_ESCC_DR45_driver_state_shared_patients	Spearman rho	-0.312270708246483	0.00218342557712684	0.0524022138510443	negative	support	evaluable	FALSE	FALSE	T3	78	FALSE
EVIDENCE_001260	GENE:NFE2L2	NFE2L2	cross_layer_axis	TCGA_driver_state_internal	genome_mutation->multiomics_state	TCGA_ESCC_DR45	TCGA-ESCC five-layer core; same patients and partially shared model inputs	TCGA_ESCC_DR45_driver_state_shared_patients	rank-biserial correlation: event minus reference	0.753205128205128	2.31904260816762e-06	0.000166971067788069	positive	support	evaluable	FALSE	FALSE	T3	78	FALSE
EVIDENCE_001259	GENE:NFE2L2	NFE2L2	cross_layer_axis	TCGA_CNV_RNA_dosage	genome_CNV->transcriptome	TCGA_ESCC_DR45	TCGA-ESCC driver core; same-patient CNV and RNA	TCGA_ESCC_DR45_driver_core_95	Spearman rho	0.366277738034032	0.0002617381804392	0.000697931792331779	positive	support	evaluable	FALSE	FALSE	T3	78	FALSE
EVIDENCE_001261	GENE:NFE2L2	NFE2L2	cross_layer_axis	TCGA_driver_state_internal	genome_mutation->multiomics_state	TCGA_ESCC_DR45	TCGA-ESCC five-layer core; same patients and partially shared model inputs	TCGA_ESCC_DR45_driver_state_shared_patients	rank-biserial correlation: event minus reference	0.642628205128205	5.59554546888386e-05	0.00134293091253213	positive	support	evaluable	FALSE	FALSE	T3	78	FALSE
EVIDENCE_001262	GENE:NOTCH1	NOTCH1	cross_layer_axis	TCGA_CNV_RNA_dosage	genome_CNV->transcriptome	TCGA_ESCC_DR45	TCGA-ESCC driver core; same-patient CNV and RNA	TCGA_ESCC_DR45_driver_core_95	Spearman rho	0.308253067413868	0.00237306569493432	0.00511622957096487	positive	support	evaluable	FALSE	FALSE	T3	78	FALSE
EVIDENCE_001263	GENE:NOTCH1	NOTCH1	cross_layer_axis	TCGA_driver_state_internal	genome_CNV->multiomics_state	TCGA_ESCC_DR45	TCGA-ESCC five-layer core; same patients and partially shared model inputs	TCGA_ESCC_DR45_driver_state_shared_patients	Spearman rho	0.358889670020717	0.000382146349607281	0.012228683187433	positive	support	evaluable	FALSE	FALSE	T3	78	FALSE
EVIDENCE_001264	GENE:PIK3CA	PIK3CA	cross_layer_axis	TCGA_CNV_RNA_dosage	genome_CNV->transcriptome	TCGA_ESCC_DR45	TCGA-ESCC driver core; same-patient CNV and RNA	TCGA_ESCC_DR45_driver_core_95	Spearman rho	0.687902977191557	1.34951638018333e-14	6.92897438602631e-13	positive	support	evaluable	FALSE	FALSE	T3	78	FALSE
EVIDENCE_001265	GENE:PIK3CA	PIK3CA	cross_layer_axis	TCGA_driver_state_internal	genome_CNV->multiomics_state	TCGA_ESCC_DR45	TCGA-ESCC five-layer core; same patients and partially shared model inputs	TCGA_ESCC_DR45_driver_state_shared_patients	Spearman rho	0.578587085765964	1.01079153014674e-09	9.70359868940868e-08	positive	support	evaluable	FALSE	FALSE	T3	78	FALSE
EVIDENCE_001266	GENE:PIK3CA	PIK3CA	cross_layer_axis	TCGA_driver_state_internal	genome_CNV->multiomics_state	TCGA_ESCC_DR45	TCGA-ESCC five-layer core; same patients and partially shared model inputs	TCGA_ESCC_DR45_driver_state_shared_patients	rank-biserial correlation: event minus reference	0.557369614512472	3.36444195836449e-06	0.000107662142667664	positive	support	evaluable	FALSE	FALSE	T3	78	FALSE
EVIDENCE_001267	GENE:PTCH1	PTCH1	cross_layer_axis	TCGA_driver_state_internal	genome_CNV->multiomics_state	TCGA_ESCC_DR45	TCGA-ESCC five-layer core; same patients and partially shared model inputs	TCGA_ESCC_DR45_driver_state_shared_patients	Spearman rho	0.391559241097994	9.51892271711032e-05	0.00456908290421296	positive	support	evaluable	FALSE	FALSE	T3	78	FALSE
EVIDENCE_001268	GENE:SMARCA4	SMARCA4	cross_layer_axis	TCGA_driver_state_internal	genome_mutation->multiomics_state	TCGA_ESCC_DR45	TCGA-ESCC five-layer core; same patients and partially shared model inputs	TCGA_ESCC_DR45_driver_state_shared_patients	rank-biserial correlation: event minus reference	-0.947454844006568	3.35757486745582e-05	0.0012087269522841	negative	support	evaluable	FALSE	FALSE	T3	78	FALSE
EVIDENCE_001269	GENE:TP53	TP53	cross_layer_axis	TCGA_driver_state_internal	genome_mutation->multiomics_state	TCGA_ESCC_DR45	TCGA-ESCC five-layer core; same patients and partially shared model inputs	TCGA_ESCC_DR45_driver_state_shared_patients	rank-biserial correlation: event minus reference	0.619047619047619	0.00146164295293039	0.026309573152747	positive	support	evaluable	FALSE	FALSE	T3	78	FALSE
EVIDENCE_000007	GENE:KMT2D	KMT2D	driver_candidate	TCGA_driver_composite	genome+transcriptome	TCGA-ESCC GDC DR45	unique patient	TCGA_ESCC_DR45_driver_core	mutated patient count	17			event_recurrence	not_comparable	TCGA_evaluable_Cao_profiled	FALSE	FALSE	T3	47	FALSE
EVIDENCE_000004	GENE:NFE2L2	NFE2L2	driver_candidate	TCGA_driver_composite	genome+transcriptome	TCGA-ESCC GDC DR45	unique patient	TCGA_ESCC_DR45_driver_core	CNV-RNA Spearman rho	0.366277738034032	0.0002617381804392	0.000697931792331779	positive	support	TCGA_evaluable_Cao_profiled	FALSE	FALSE	T3	50	FALSE
EVIDENCE_000005	GENE:NOTCH1	NOTCH1	driver_candidate	TCGA_driver_composite	genome+transcriptome	TCGA-ESCC GDC DR45	unique patient	TCGA_ESCC_DR45_driver_core	CNV-RNA Spearman rho	0.308253067413868	0.00237306569493432	0.00511622957096487	positive	support	TCGA_evaluable_Cao_profiled	FALSE	FALSE	T3	49	FALSE
EVIDENCE_000002	GENE:PTCH1	PTCH1	driver_candidate	TCGA_driver_composite	genome+transcriptome	TCGA-ESCC GDC DR45	unique patient	TCGA_ESCC_DR45_driver_core	CNV-RNA Spearman rho	0.296160907472603	0.00356738772658747	0.00738036070939353	positive	same_direction_nonsignificant	TCGA_evaluable_Cao_profiled	FALSE	FALSE	T3	57	FALSE
EVIDENCE_000006	GENE:SMARCA4	SMARCA4	driver_candidate	TCGA_driver_composite	genome+transcriptome	TCGA-ESCC GDC DR45	unique patient	TCGA_ESCC_DR45_driver_core	mutated patient count	7			event_recurrence	not_comparable	TCGA_evaluable_Cao_profiled	FALSE	FALSE	T3	49	FALSE
EVIDENCE_000003	GENE:TP53	TP53	driver_candidate	TCGA_driver_composite	genome+transcriptome	TCGA-ESCC GDC DR45	unique patient	TCGA_ESCC_DR45_driver_core	CNV-RNA Spearman rho	0.166772654964734	0.106242677279114	0.153058006731083	positive	same_direction_nonsignificant	TCGA_evaluable_Cao_profiled	FALSE	FALSE	T3	53	FALSE
EVIDENCE_001626	STATE:Factor1	Factor1	heterogeneity_state	TCGA_continuous_MOFA_axis	multiomics_continuous_state	TCGA-ESCC GDC DR45	94-patient factor; pathway interpretation from official78 ECMS primary	TCGA_ESCC_factor94_ECMS78_shared_RNA	ECMS-adjusted standardized factor beta	0.351934929319968	0.00781130099360376	0.0408873236638676	positive	support	evaluable	FALSE	FALSE	T3	78	FALSE
EVIDENCE_001627	STATE:Factor3	Factor3	heterogeneity_state	TCGA_continuous_MOFA_axis	multiomics_continuous_state	TCGA-ESCC GDC DR45	94-patient factor; pathway interpretation from official78 ECMS primary	TCGA_ESCC_factor94_ECMS78_shared_RNA	ECMS-adjusted standardized factor beta	0.686187648791644	3.09324768812002e-11	1.73221870534721e-09	positive	support	evaluable	FALSE	FALSE	T3	78	FALSE
EVIDENCE_001270	GENE:EP300	EP300	cross_layer_axis	TCGA_driver_state_internal	genome_CNV->multiomics_state	TCGA_ESCC_DR45	TCGA-ESCC five-layer core; same patients and partially shared model inputs	TCGA_ESCC_DR45_driver_state_shared_patients	Spearman rho	0.253771203331802	0.0135859773963133	0.16303172875576	positive	same_direction_nonsignificant	evaluable	FALSE	FALSE	T2	55	FALSE
EVIDENCE_001271	GENE:EP300	EP300	cross_layer_axis	TCGA_driver_state_internal	genome_CNV->multiomics_state	TCGA_ESCC_DR45	TCGA-ESCC five-layer core; same patients and partially shared model inputs	TCGA_ESCC_DR45_driver_state_shared_patients	Spearman rho	-0.208400263918035	0.0438344652131573	0.283940830828338	negative	same_direction_nonsignificant	evaluable	FALSE	FALSE	T2	55	FALSE
EVIDENCE_001272	GENE:EP300	EP300	cross_layer_axis	TCGA_driver_state_internal	genome_CNV->RNA_derived_pathway_activity	TCGA_ESCC_DR45	TCGA-ESCC five-layer core; same patients and partially shared model inputs	TCGA_ESCC_DR45_driver_state_shared_patients	Spearman rho	0.239551942647706	0.0200487248923372	0.835048779262326	positive	same_direction_nonsignificant	evaluable	FALSE	FALSE	T2	55	FALSE
EVIDENCE_001273	GENE:EP300	EP300	cross_layer_axis	TCGA_driver_state_internal	genome_CNV->RNA_derived_pathway_activity	TCGA_ESCC_DR45	TCGA-ESCC five-layer core; same patients and partially shared model inputs	TCGA_ESCC_DR45_driver_state_shared_patients	Spearman rho	0.204620041618657	0.04789420453942	0.835048779262326	positive	same_direction_nonsignificant	evaluable	FALSE	FALSE	T2	55	FALSE
EVIDENCE_001274	GENE:FBXW7	FBXW7	cross_layer_axis	TCGA_driver_state_internal	genome_CNV->multiomics_state	TCGA_ESCC_DR45	TCGA-ESCC five-layer core; same patients and partially shared model inputs	TCGA_ESCC_DR45_driver_state_shared_patients	Spearman rho	-0.243303789235754	0.0181285799340948	0.193371519297011	negative	same_direction_nonsignificant	evaluable	FALSE	FALSE	T2	55	FALSE
EVIDENCE_001277	GENE:GNAS	GNAS	cross_layer_axis	TCGA_driver_state_internal	genome_CNV->RNA_derived_pathway_activity	TCGA_ESCC_DR45	TCGA-ESCC five-layer core; same patients and partially shared model inputs	TCGA_ESCC_DR45_driver_state_shared_patients	rank-biserial correlation: event minus reference	-0.693181818181818	0.00476114523752053	0.133312066650575	negative	same_direction_nonsignificant	evaluable	FALSE	FALSE	T2	55	FALSE
EVIDENCE_001278	GENE:GNAS	GNAS	cross_layer_axis	TCGA_driver_state_internal	genome_CNV->RNA_derived_pathway_activity	TCGA_ESCC_DR45	TCGA-ESCC five-layer core; same patients and partially shared model inputs	TCGA_ESCC_DR45_driver_state_shared_patients	rank-biserial correlation: event minus reference	0.583333333333333	0.0175862562505873	0.164138391672148	positive	same_direction_nonsignificant	evaluable	FALSE	FALSE	T2	55	FALSE
EVIDENCE_001279	GENE:GNAS	GNAS	cross_layer_axis	TCGA_driver_state_internal	genome_CNV->multiomics_state	TCGA_ESCC_DR45	TCGA-ESCC five-layer core; same patients and partially shared model inputs	TCGA_ESCC_DR45_driver_state_shared_patients	Spearman rho	-0.225737281324169	0.0286957588586433	0.275479285042975	negative	same_direction_nonsignificant	evaluable	FALSE	FALSE	T2	55	FALSE
EVIDENCE_001280	GENE:GNAS	GNAS	cross_layer_axis	TCGA_driver_state_internal	genome_CNV->RNA_derived_pathway_activity	TCGA_ESCC_DR45	TCGA-ESCC five-layer core; same patients and partially shared model inputs	TCGA_ESCC_DR45_driver_state_shared_patients	rank-biserial correlation: event minus reference	0.515151515151515	0.0360993717876303	0.288794974301043	positive	same_direction_nonsignificant	evaluable	FALSE	FALSE	T2	55	FALSE
EVIDENCE_001275	GENE:GNAS	GNAS	cross_layer_axis	Cao2020_RNA_protein	transcriptome->proteome	Cao2020_GSE149609_proteome_supplement	Cao 2020 RNA and proteome patient mapping; missing protein is not negative	Cao2020_same_patient_cross_layer	same-patient Spearman rho	-0.464285714285714	0.293934107600252		negative	support	evaluable	TRUE	FALSE	T2	55	FALSE
EVIDENCE_001276	GENE:GNAS	GNAS	cross_layer_axis	Cao2020_promoter_RNA	epigenome_WGBS->transcriptome	Cao2020_GSE149608_GSE149609	Cao 2020; WGBS 9 pairs and RNA 10 pairs; overlapping patients only for correlation	Cao2020_same_patient_cross_layer	same-patient Spearman rho	-0.25	0.516489552301226		negative	support	evaluable	TRUE	FALSE	T2	55	FALSE
EVIDENCE_001281	GENE:KMT2D	KMT2D	cross_layer_axis	TCGA_driver_state_internal	genome_CNV->multiomics_state	TCGA_ESCC_DR45	TCGA-ESCC five-layer core; same patients and partially shared model inputs	TCGA_ESCC_DR45_driver_state_shared_patients	Spearman rho	0.275430665835518	0.00721294093890031	0.138488466026886	positive	same_direction_nonsignificant	evaluable	FALSE	FALSE	T2	55	FALSE
EVIDENCE_001282	GENE:KMT2D	KMT2D	cross_layer_axis	TCGA_driver_state_internal	genome_mutation->multiomics_state	TCGA_ESCC_DR45	TCGA-ESCC five-layer core; same patients and partially shared model inputs	TCGA_ESCC_DR45_driver_state_shared_patients	rank-biserial correlation: event minus reference	0.362179487179487	0.0232894358256757	0.167683937944865	positive	same_direction_nonsignificant	evaluable	FALSE	FALSE	T2	55	FALSE
EVIDENCE_001283	GENE:KMT2D	KMT2D	cross_layer_axis	TCGA_driver_state_internal	genome_mutation->RNA_derived_pathway_activity	TCGA_ESCC_DR45	TCGA-ESCC five-layer core; same patients and partially shared model inputs	TCGA_ESCC_DR45_driver_state_shared_patients	rank-biserial correlation: event minus reference	-0.455128205128205	0.00434226043201555	0.27356240721698	negative	same_direction_nonsignificant	evaluable	FALSE	FALSE	T2	55	FALSE
EVIDENCE_001284	GENE:NFE2L2	NFE2L2	cross_layer_axis	TCGA_driver_state_internal	genome_mutation->multiomics_state	TCGA_ESCC_DR45	TCGA-ESCC five-layer core; same patients and partially shared model inputs	TCGA_ESCC_DR45_driver_state_shared_patients	rank-biserial correlation: event minus reference	0.346153846153846	0.0301550691802388	0.173841101375178	positive	same_direction_nonsignificant	evaluable	FALSE	FALSE	T2	55	FALSE
EVIDENCE_001285	GENE:NFE2L2	NFE2L2	cross_layer_axis	TCGA_driver_state_internal	genome_CNV->multiomics_state	TCGA_ESCC_DR45	TCGA-ESCC five-layer core; same patients and partially shared model inputs	TCGA_ESCC_DR45_driver_state_shared_patients	rank-biserial correlation: event minus reference	-0.419607843137255	0.0397848091828163	0.254622778770024	negative	same_direction_nonsignificant	evaluable	FALSE	FALSE	T2	55	FALSE
EVIDENCE_001286	GENE:NFE2L2	NFE2L2	cross_layer_axis	TCGA_driver_state_internal	genome_CNV->multiomics_state	TCGA_ESCC_DR45	TCGA-ESCC five-layer core; same patients and partially shared model inputs	TCGA_ESCC_DR45_driver_state_shared_patients	Spearman rho	-0.205135051839573	0.047323471804723	0.283940830828338	negative	same_direction_nonsignificant	evaluable	FALSE	FALSE	T2	55	FALSE
EVIDENCE_001287	GENE:NOTCH1	NOTCH1	cross_layer_axis	TCGA_driver_state_internal	genome_CNV->multiomics_state	TCGA_ESCC_DR45	TCGA-ESCC five-layer core; same patients and partially shared model inputs	TCGA_ESCC_DR45_driver_state_shared_patients	Spearman rho	0.221306879127476	0.0320652206196652	0.279841925407987	positive	same_direction_nonsignificant	evaluable	FALSE	FALSE	T2	55	FALSE
EVIDENCE_001288	GENE:NOTCH1	NOTCH1	cross_layer_axis	TCGA_driver_state_internal	genome_CNV->multiomics_state	TCGA_ESCC_DR45	TCGA-ESCC five-layer core; same patients and partially shared model inputs	TCGA_ESCC_DR45_driver_state_shared_patients	Spearman rho	0.215133292356625	0.0373117827081742	0.283940830828338	positive	same_direction_nonsignificant	evaluable	FALSE	FALSE	T2	55	FALSE
EVIDENCE_001289	GENE:NOTCH1	NOTCH1	cross_layer_axis	TCGA_driver_state_internal	genome_CNV->RNA_derived_pathway_activity	TCGA_ESCC_DR45	TCGA-ESCC five-layer core; same patients and partially shared model inputs	TCGA_ESCC_DR45_driver_state_shared_patients	Spearman rho	0.218857043107297	0.0340675490807947	0.835048779262326	positive	same_direction_nonsignificant	evaluable	FALSE	FALSE	T2	55	FALSE
EVIDENCE_001290	GENE:NOTCH1	NOTCH1	cross_layer_axis	TCGA_driver_state_internal	genome_CNV->RNA_derived_pathway_activity	TCGA_ESCC_DR45	TCGA-ESCC five-layer core; same patients and partially shared model inputs	TCGA_ESCC_DR45_driver_state_shared_patients	Spearman rho	0.208786332575116	0.043436436046267	0.835048779262326	positive	same_direction_nonsignificant	evaluable	FALSE	FALSE	T2	55	FALSE
EVIDENCE_001291	GENE:NOTCH3	NOTCH3	cross_layer_axis	TCGA_driver_state_internal	genome_CNV->multiomics_state	TCGA_ESCC_DR45	TCGA-ESCC five-layer core; same patients and partially shared model inputs	TCGA_ESCC_DR45_driver_state_shared_patients	Spearman rho	0.254109213092543	0.0134574916525378	0.16303172875576	positive	same_direction_nonsignificant	evaluable	FALSE	FALSE	T2	55	FALSE
EVIDENCE_001292	GENE:PIK3CA	PIK3CA	cross_layer_axis	TCGA_driver_state_internal	genome_mutation->multiomics_state	TCGA_ESCC_DR45	TCGA-ESCC five-layer core; same patients and partially shared model inputs	TCGA_ESCC_DR45_driver_state_shared_patients	rank-biserial correlation: event minus reference	-0.391018619934283	0.0362871508841317	0.186619633118392	negative	same_direction_nonsignificant	evaluable	FALSE	FALSE	T2	55	FALSE
EVIDENCE_001293	GENE:PIK3CA	PIK3CA	cross_layer_axis	TCGA_driver_state_internal	genome_mutation->RNA_derived_pathway_activity	TCGA_ESCC_DR45	TCGA-ESCC five-layer core; same patients and partially shared model inputs	TCGA_ESCC_DR45_driver_state_shared_patients	rank-biserial correlation: event minus reference	-0.415115005476451	0.0262103562251042	0.660500976872627	negative	same_direction_nonsignificant	evaluable	FALSE	FALSE	T2	55	FALSE
EVIDENCE_001294	GENE:PIK3CA	PIK3CA	cross_layer_axis	TCGA_driver_state_internal	genome_CNV->RNA_derived_pathway_activity	TCGA_ESCC_DR45	TCGA-ESCC five-layer core; same patients and partially shared model inputs	TCGA_ESCC_DR45_driver_state_shared_patients	Spearman rho	-0.254672103040048	0.0132458666481809	0.835048779262326	negative	same_direction_nonsignificant	evaluable	FALSE	FALSE	T2	55	FALSE
EVIDENCE_001295	GENE:PTCH1	PTCH1	cross_layer_axis	TCGA_driver_state_internal	genome_CNV->RNA_derived_pathway_activity	TCGA_ESCC_DR45	TCGA-ESCC five-layer core; same patients and partially shared model inputs	TCGA_ESCC_DR45_driver_state_shared_patients	rank-biserial correlation: event minus reference	0.734848484848485	0.00276336396228416	0.133312066650575	positive	same_direction_nonsignificant	evaluable	FALSE	FALSE	T2	55	FALSE
EVIDENCE_001296	GENE:PTCH1	PTCH1	cross_layer_axis	TCGA_driver_state_internal	genome_CNV->RNA_derived_pathway_activity	TCGA_ESCC_DR45	TCGA-ESCC five-layer core; same patients and partially shared model inputs	TCGA_ESCC_DR45_driver_state_shared_patients	rank-biserial correlation: event minus reference	-0.632575757575758	0.010015614860969	0.160194293954007	negative	same_direction_nonsignificant	evaluable	FALSE	FALSE	T2	55	FALSE
EVIDENCE_001297	GENE:PTCH1	PTCH1	cross_layer_axis	TCGA_driver_state_internal	genome_CNV->RNA_derived_pathway_activity	TCGA_ESCC_DR45	TCGA-ESCC five-layer core; same patients and partially shared model inputs	TCGA_ESCC_DR45_driver_state_shared_patients	rank-biserial correlation: event minus reference	0.621212121212121	0.0114424495681433	0.160194293954007	positive	same_direction_nonsignificant	evaluable	FALSE	FALSE	T2	55	FALSE
EVIDENCE_001298	GENE:PTCH1	PTCH1	cross_layer_axis	TCGA_driver_state_internal	genome_CNV->multiomics_state	TCGA_ESCC_DR45	TCGA-ESCC five-layer core; same patients and partially shared model inputs	TCGA_ESCC_DR45_driver_state_shared_patients	Spearman rho	-0.261558945241627	0.0108817600723787	0.16303172875576	negative	same_direction_nonsignificant	evaluable	FALSE	FALSE	T2	55	FALSE
EVIDENCE_001299	GENE:PTCH1	PTCH1	cross_layer_axis	TCGA_driver_state_internal	genome_CNV->RNA_derived_pathway_activity	TCGA_ESCC_DR45	TCGA-ESCC five-layer core; same patients and partially shared model inputs	TCGA_ESCC_DR45_driver_state_shared_patients	rank-biserial correlation: event minus reference	0.598484848484848	0.0148471999014417	0.164138391672148	positive	same_direction_nonsignificant	evaluable	FALSE	FALSE	T2	55	FALSE
EVIDENCE_001300	GENE:PTCH1	PTCH1	cross_layer_axis	TCGA_driver_state_internal	genome_mutation->multiomics_state	TCGA_ESCC_DR45	TCGA-ESCC five-layer core; same patients and partially shared model inputs	TCGA_ESCC_DR45_driver_state_shared_patients	rank-biserial correlation: event minus reference	0.500821018062397	0.0285902461314485	0.173841101375178	positive	same_direction_nonsignificant	evaluable	FALSE	FALSE	T2	55	FALSE
EVIDENCE_001301	GENE:PTCH1	PTCH1	cross_layer_axis	TCGA_driver_state_internal	genome_CNV->multiomics_state	TCGA_ESCC_DR45	TCGA-ESCC five-layer core; same patients and partially shared model inputs	TCGA_ESCC_DR45_driver_state_shared_patients	rank-biserial correlation: event minus reference	0.59469696969697	0.0154941633363392	0.247906613381428	positive	same_direction_nonsignificant	evaluable	FALSE	FALSE	T2	55	FALSE
EVIDENCE_001302	GENE:PTCH1	PTCH1	cross_layer_axis	TCGA_driver_state_internal	genome_CNV->multiomics_state	TCGA_ESCC_DR45	TCGA-ESCC five-layer core; same patients and partially shared model inputs	TCGA_ESCC_DR45_driver_state_shared_patients	rank-biserial correlation: event minus reference	0.53030303030303	0.0309530946513674	0.254622778770024	positive	same_direction_nonsignificant	evaluable	FALSE	FALSE	T2	55	FALSE
EVIDENCE_001303	GENE:PTCH1	PTCH1	cross_layer_axis	TCGA_driver_state_internal	genome_CNV->multiomics_state	TCGA_ESCC_DR45	TCGA-ESCC five-layer core; same patients and partially shared model inputs	TCGA_ESCC_DR45_driver_state_shared_patients	rank-biserial correlation: event minus reference	0.507575757575758	0.0389351177220323	0.254622778770024	positive	same_direction_nonsignificant	evaluable	FALSE	FALSE	T2	55	FALSE
EVIDENCE_001304	GENE:PTCH1	PTCH1	cross_layer_axis	TCGA_driver_state_internal	genome_CNV->RNA_derived_pathway_activity	TCGA_ESCC_DR45	TCGA-ESCC five-layer core; same patients and partially shared model inputs	TCGA_ESCC_DR45_driver_state_shared_patients	rank-biserial correlation: event minus reference	-0.488636363636364	0.0468630391850597	0.322729860638368	negative	same_direction_nonsignificant	evaluable	FALSE	FALSE	T2	55	FALSE
EVIDENCE_001305	GENE:PTCH1	PTCH1	cross_layer_axis	TCGA_driver_state_internal	genome_CNV->RNA_derived_pathway_activity	TCGA_ESCC_DR45	TCGA-ESCC five-layer core; same patients and partially shared model inputs	TCGA_ESCC_DR45_driver_state_shared_patients	Spearman rho	0.223127197183489	0.0306424805937	0.835048779262326	positive	same_direction_nonsignificant	evaluable	FALSE	FALSE	T2	55	FALSE
EVIDENCE_001306	GENE:PTCH1	PTCH1	cross_layer_axis	TCGA_driver_state_internal	genome_CNV->RNA_derived_pathway_activity	TCGA_ESCC_DR45	TCGA-ESCC five-layer core; same patients and partially shared model inputs	TCGA_ESCC_DR45_driver_state_shared_patients	Spearman rho	0.218016714287267	0.0347781511356244	0.835048779262326	positive	same_direction_nonsignificant	evaluable	FALSE	FALSE	T2	55	FALSE
EVIDENCE_001307	GENE:SMARCA4	SMARCA4	cross_layer_axis	TCGA_driver_state_internal	genome_mutation->multiomics_state	TCGA_ESCC_DR45	TCGA-ESCC five-layer core; same patients and partially shared model inputs	TCGA_ESCC_DR45_driver_state_shared_patients	rank-biserial correlation: event minus reference	-0.635467980295567	0.0054431063055489	0.0783807307999041	negative	same_direction_nonsignificant	evaluable	FALSE	FALSE	T2	55	FALSE
EVIDENCE_001308	GENE:SMARCA4	SMARCA4	cross_layer_axis	TCGA_driver_state_internal	genome_mutation->multiomics_state	TCGA_ESCC_DR45	TCGA-ESCC five-layer core; same patients and partially shared model inputs	TCGA_ESCC_DR45_driver_state_shared_patients	rank-biserial correlation: event minus reference	0.586206896551724	0.0103610623814736	0.124332748577683	positive	same_direction_nonsignificant	evaluable	FALSE	FALSE	T2	55	FALSE
EVIDENCE_001309	GENE:SMARCA4	SMARCA4	cross_layer_axis	TCGA_driver_state_internal	genome_mutation->RNA_derived_pathway_activity	TCGA_ESCC_DR45	TCGA-ESCC five-layer core; same patients and partially shared model inputs	TCGA_ESCC_DR45_driver_state_shared_patients	rank-biserial correlation: event minus reference	0.733990147783251	0.00131985833274229	0.166302149925528	positive	same_direction_nonsignificant	evaluable	FALSE	FALSE	T2	55	FALSE
EVIDENCE_001310	GENE:SMARCA4	SMARCA4	cross_layer_axis	TCGA_driver_state_internal	genome_mutation->RNA_derived_pathway_activity	TCGA_ESCC_DR45	TCGA-ESCC five-layer core; same patients and partially shared model inputs	TCGA_ESCC_DR45_driver_state_shared_patients	rank-biserial correlation: event minus reference	0.61247947454844	0.00738962729241943	0.287932317758199	positive	same_direction_nonsignificant	evaluable	FALSE	FALSE	T2	55	FALSE
EVIDENCE_001311	GENE:SMARCA4	SMARCA4	cross_layer_axis	TCGA_driver_state_internal	genome_mutation->RNA_derived_pathway_activity	TCGA_ESCC_DR45	TCGA-ESCC five-layer core; same patients and partially shared model inputs	TCGA_ESCC_DR45_driver_state_shared_patients	rank-biserial correlation: event minus reference	-0.596059113300493	0.00914070850026029	0.287932317758199	negative	same_direction_nonsignificant	evaluable	FALSE	FALSE	T2	55	FALSE
EVIDENCE_001312	GENE:TP53	TP53	cross_layer_axis	TCGA_driver_state_internal	genome_mutation->multiomics_state	TCGA_ESCC_DR45	TCGA-ESCC five-layer core; same patients and partially shared model inputs	TCGA_ESCC_DR45_driver_state_shared_patients	rank-biserial correlation: event minus reference	-0.476190476190476	0.0144280426212019	0.129852383590817	negative	same_direction_nonsignificant	evaluable	FALSE	FALSE	T2	55	FALSE
EVIDENCE_001313	GENE:TP53	TP53	cross_layer_axis	TCGA_driver_state_internal	genome_mutation->multiomics_state	TCGA_ESCC_DR45	TCGA-ESCC five-layer core; same patients and partially shared model inputs	TCGA_ESCC_DR45_driver_state_shared_patients	rank-biserial correlation: event minus reference	0.419047619047619	0.031387976637185	0.173841101375178	positive	same_direction_nonsignificant	evaluable	FALSE	FALSE	T2	55	FALSE
EVIDENCE_001314	GENE:TP53	TP53	cross_layer_axis	TCGA_driver_state_internal	genome_CNV->multiomics_state	TCGA_ESCC_DR45	TCGA-ESCC five-layer core; same patients and partially shared model inputs	TCGA_ESCC_DR45_driver_state_shared_patients	Spearman rho	0.206282214398735	0.0460723924581816	0.283940830828338	positive	same_direction_nonsignificant	evaluable	FALSE	FALSE	T2	55	FALSE
EVIDENCE_001315	GENE:TP53	TP53	cross_layer_axis	TCGA_driver_state_internal	genome_mutation->RNA_derived_pathway_activity	TCGA_ESCC_DR45	TCGA-ESCC five-layer core; same patients and partially shared model inputs	TCGA_ESCC_DR45_driver_state_shared_patients	rank-biserial correlation: event minus reference	-0.407142857142857	0.0365455344844182	0.68017875724909	negative	same_direction_nonsignificant	evaluable	FALSE	FALSE	T2	55	FALSE
EVIDENCE_001316	GENE:TP53	TP53	cross_layer_axis	TCGA_driver_state_internal	genome_mutation->RNA_derived_pathway_activity	TCGA_ESCC_DR45	TCGA-ESCC five-layer core; same patients and partially shared model inputs	TCGA_ESCC_DR45_driver_state_shared_patients	rank-biserial correlation: event minus reference	0.397619047619048	0.0411759392430882	0.68017875724909	positive	same_direction_nonsignificant	evaluable	FALSE	FALSE	T2	55	FALSE
EVIDENCE_001317	GENE:TP53	TP53	cross_layer_axis	TCGA_driver_state_internal	genome_mutation->RNA_derived_pathway_activity	TCGA_ESCC_DR45	TCGA-ESCC five-layer core; same patients and partially shared model inputs	TCGA_ESCC_DR45_driver_state_shared_patients	rank-biserial correlation: event minus reference	0.388095238095238	0.0462939947637027	0.68017875724909	positive	same_direction_nonsignificant	evaluable	FALSE	FALSE	T2	55	FALSE
EVIDENCE_001319	GENE:ZNF750	ZNF750	cross_layer_axis	TCGA_driver_state_internal	genome_mutation->multiomics_state	TCGA_ESCC_DR45	TCGA-ESCC five-layer core; same patients and partially shared model inputs	TCGA_ESCC_DR45_driver_state_shared_patients	rank-biserial correlation: event minus reference	0.463307776560789	0.0130701533283653	0.129852383590817	positive	same_direction_nonsignificant	evaluable	FALSE	FALSE	T2	55	FALSE
EVIDENCE_001318	GENE:ZNF750	ZNF750	cross_layer_axis	Cao2020_promoter_RNA	epigenome_WGBS->transcriptome	Cao2020_GSE149608_GSE149609	Cao 2020; WGBS 9 pairs and RNA 10 pairs; overlapping patients only for correlation	Cao2020_same_patient_cross_layer	same-patient Spearman rho	0.108787563138244	0.780553852628062		positive	context_specific_reverse	evaluable	TRUE	FALSE	T2	55	FALSE
EVIDENCE_000020	GENE:A4GNT	A4GNT	driver_candidate	TCGA_driver_composite	genome+transcriptome	TCGA-ESCC GDC DR45	unique patient	TCGA_ESCC_DR45_driver_core	CNV-RNA Spearman rho	0.364881640560234	0.000277407847881683	0.000735847380639093	positive	support	TCGA_evaluable_Cao_not_profiled_current_strong_only_not_negative	FALSE	FALSE	T2	25	FALSE
EVIDENCE_000021	GENE:ABCB10	ABCB10	driver_candidate	TCGA_driver_composite	genome+transcriptome	TCGA-ESCC GDC DR45	unique patient	TCGA_ESCC_DR45_driver_core	CNV-RNA Spearman rho	0.373337828140812	0.000194269066791528	0.000535824337766455	positive	support	TCGA_evaluable_Cao_not_profiled_current_strong_only_not_negative	FALSE	FALSE	T2	25	FALSE
EVIDENCE_000022	GENE:ABCC5	ABCC5	driver_candidate	TCGA_driver_composite	genome+transcriptome	TCGA-ESCC GDC DR45	unique patient	TCGA_ESCC_DR45_driver_core	CNV-RNA Spearman rho	0.650451553723941	9.74786541189298e-13	2.71101818319357e-11	positive	support	TCGA_evaluable_Cao_not_profiled_current_strong_only_not_negative	FALSE	FALSE	T2	25	FALSE
EVIDENCE_000023	GENE:ABCF3	ABCF3	driver_candidate	TCGA_driver_composite	genome+transcriptome	TCGA-ESCC GDC DR45	unique patient	TCGA_ESCC_DR45_driver_core	CNV-RNA Spearman rho	0.595771712342055	1.90450338103391e-10	2.63966250035761e-09	positive	support	TCGA_evaluable_Cao_not_profiled_current_strong_only_not_negative	FALSE	FALSE	T2	25	FALSE
EVIDENCE_000024	GENE:ABHD10	ABHD10	driver_candidate	TCGA_driver_composite	genome+transcriptome	TCGA-ESCC GDC DR45	unique patient	TCGA_ESCC_DR45_driver_core	CNV-RNA Spearman rho	0.632315255166836	6.29485071326765e-12	1.33497151748596e-10	positive	support	TCGA_evaluable_Cao_not_profiled_current_strong_only_not_negative	FALSE	FALSE	T2	25	FALSE
EVIDENCE_000025	GENE:ABTB1	ABTB1	driver_candidate	TCGA_driver_composite	genome+transcriptome	TCGA-ESCC GDC DR45	unique patient	TCGA_ESCC_DR45_driver_core	CNV-RNA Spearman rho	0.380198561654552	0.000144455461362866	0.000410482671074136	positive	support	TCGA_evaluable_Cao_not_profiled_current_strong_only_not_negative	FALSE	FALSE	T2	25	FALSE
EVIDENCE_000026	GENE:AC004922.1	AC004922.1	driver_candidate	TCGA_driver_composite	genome+transcriptome	TCGA-ESCC GDC DR45	unique patient	TCGA_ESCC_DR45_driver_core	CNV-RNA Spearman rho	0.440351582665901	7.98498324907962e-06	3.07144548270633e-05	positive	support	TCGA_evaluable_Cao_not_profiled_current_strong_only_not_negative	FALSE	FALSE	T2	25	FALSE
EVIDENCE_000027	GENE:ACAD11	ACAD11	driver_candidate	TCGA_driver_composite	genome+transcriptome	TCGA-ESCC GDC DR45	unique patient	TCGA_ESCC_DR45_driver_core	CNV-RNA Spearman rho	0.573554792039207	1.23800799578319e-09	1.35816759537391e-08	positive	support	TCGA_evaluable_Cao_not_profiled_current_strong_only_not_negative	FALSE	FALSE	T2	25	FALSE
EVIDENCE_000028	GENE:ACAD9	ACAD9	driver_candidate	TCGA_driver_composite	genome+transcriptome	TCGA-ESCC GDC DR45	unique patient	TCGA_ESCC_DR45_driver_core	CNV-RNA Spearman rho	0.528367829516012	3.72944179260118e-08	2.67818690904689e-07	positive	support	TCGA_evaluable_Cao_not_profiled_current_strong_only_not_negative	FALSE	FALSE	T2	25	FALSE
EVIDENCE_000029	GENE:ACAP2	ACAP2	driver_candidate	TCGA_driver_composite	genome+transcriptome	TCGA-ESCC GDC DR45	unique patient	TCGA_ESCC_DR45_driver_core	CNV-RNA Spearman rho	0.652413896740136	7.90619622362638e-13	2.28918676958972e-11	positive	support	TCGA_evaluable_Cao_not_profiled_current_strong_only_not_negative	FALSE	FALSE	T2	25	FALSE
EVIDENCE_000030	GENE:ACBD3	ACBD3	driver_candidate	TCGA_driver_composite	genome+transcriptome	TCGA-ESCC GDC DR45	unique patient	TCGA_ESCC_DR45_driver_core	CNV-RNA Spearman rho	0.444256757433167	6.48713593066336e-06	2.56053090173273e-05	positive	support	TCGA_evaluable_Cao_not_profiled_current_strong_only_not_negative	FALSE	FALSE	T2	25	FALSE
EVIDENCE_000031	GENE:ACER3	ACER3	driver_candidate	TCGA_driver_composite	genome+transcriptome	TCGA-ESCC GDC DR45	unique patient	TCGA_ESCC_DR45_driver_core	CNV-RNA Spearman rho	0.504127330792349	1.9050627529745e-07	1.13587239460379e-06	positive	support	TCGA_evaluable_Cao_not_profiled_current_strong_only_not_negative	FALSE	FALSE	T2	25	FALSE
EVIDENCE_000032	GENE:ACTL6A	ACTL6A	driver_candidate	TCGA_driver_composite	genome+transcriptome	TCGA-ESCC GDC DR45	unique patient	TCGA_ESCC_DR45_driver_core	CNV-RNA Spearman rho	0.709954563116577	7.93165745433713e-16	6.53177141791581e-14	positive	support	TCGA_evaluable_Cao_not_profiled_current_strong_only_not_negative	FALSE	FALSE	T2	25	FALSE
EVIDENCE_000033	GENE:ACTRT3	ACTRT3	driver_candidate	TCGA_driver_composite	genome+transcriptome	TCGA-ESCC GDC DR45	unique patient	TCGA_ESCC_DR45_driver_core	CNV-RNA Spearman rho	0.414373214994277	2.98484649807063e-05	9.92236521324555e-05	positive	support	TCGA_evaluable_Cao_not_profiled_current_strong_only_not_negative	FALSE	FALSE	T2	25	FALSE
EVIDENCE_000034	GENE:ACY3	ACY3	driver_candidate	TCGA_driver_composite	genome+transcriptome	TCGA-ESCC GDC DR45	unique patient	TCGA_ESCC_DR45_driver_core	CNV-RNA Spearman rho	0.37278520989311	0.000198904348674557	0.000546825265530183	positive	support	TCGA_evaluable_Cao_not_profiled_current_strong_only_not_negative	FALSE	FALSE	T2	25	FALSE
EVIDENCE_000035	GENE:ADAM23	ADAM23	driver_candidate	TCGA_driver_composite	genome+transcriptome	TCGA-ESCC GDC DR45	unique patient	TCGA_ESCC_DR45_driver_core	mutated patient count	5			event_recurrence	not_comparable	TCGA_evaluable_Cao_not_profiled_current_strong_only_not_negative	FALSE	FALSE	T2	25	FALSE
EVIDENCE_000036	GENE:ADAM32	ADAM32	driver_candidate	TCGA_driver_composite	genome+transcriptome	TCGA-ESCC GDC DR45	unique patient	TCGA_ESCC_DR45_driver_core	CNV-RNA Spearman rho	0.446136633435614	5.86440754681266e-06	2.35281292340013e-05	positive	support	TCGA_evaluable_Cao_not_profiled_current_strong_only_not_negative	FALSE	FALSE	T2	25	FALSE
EVIDENCE_000037	GENE:ADAM9	ADAM9	driver_candidate	TCGA_driver_composite	genome+transcriptome	TCGA-ESCC GDC DR45	unique patient	TCGA_ESCC_DR45_driver_core	CNV-RNA Spearman rho	0.380917306234256	0.000139987388587338	0.000399038000014523	positive	support	TCGA_evaluable_Cao_not_profiled_current_strong_only_not_negative	FALSE	FALSE	T2	25	FALSE
EVIDENCE_000038	GENE:ADCK5	ADCK5	driver_candidate	TCGA_driver_composite	genome+transcriptome	TCGA-ESCC GDC DR45	unique patient	TCGA_ESCC_DR45_driver_core	CNV-RNA Spearman rho	0.485371953885126	6.18697386176453e-07	3.20388740362996e-06	positive	support	TCGA_evaluable_Cao_not_profiled_current_strong_only_not_negative	FALSE	FALSE	T2	25	FALSE
EVIDENCE_000039	GENE:ADGRV1	ADGRV1	driver_candidate	TCGA_driver_composite	genome+transcriptome	TCGA-ESCC GDC DR45	unique patient	TCGA_ESCC_DR45_driver_core	CNV-RNA Spearman rho	-0.0254163159524257	0.806853195151563	0.844362670033845	negative	same_direction_nonsignificant	TCGA_evaluable_Cao_not_profiled_current_strong_only_not_negative	FALSE	FALSE	T2	25	FALSE
EVIDENCE_000040	GENE:ADIPOR2	ADIPOR2	driver_candidate	TCGA_driver_composite	genome+transcriptome	TCGA-ESCC GDC DR45	unique patient	TCGA_ESCC_DR45_driver_core	CNV-RNA Spearman rho	0.531801998191324	2.92926388451595e-08	2.18780474578511e-07	positive	support	TCGA_evaluable_Cao_not_profiled_current_strong_only_not_negative	FALSE	FALSE	T2	25	FALSE
EVIDENCE_000041	GENE:AEBP2	AEBP2	driver_candidate	TCGA_driver_composite	genome+transcriptome	TCGA-ESCC GDC DR45	unique patient	TCGA_ESCC_DR45_driver_core	CNV-RNA Spearman rho	0.528811369103561	3.61545374908524e-08	2.60795522820231e-07	positive	support	TCGA_evaluable_Cao_not_profiled_current_strong_only_not_negative	FALSE	FALSE	T2	25	FALSE
EVIDENCE_000042	GENE:AGFG2	AGFG2	driver_candidate	TCGA_driver_composite	genome+transcriptome	TCGA-ESCC GDC DR45	unique patient	TCGA_ESCC_DR45_driver_core	CNV-RNA Spearman rho	0.337818977616484	0.000813786198157497	0.00193592882480461	positive	support	TCGA_evaluable_Cao_not_profiled_current_strong_only_not_negative	FALSE	FALSE	T2	25	FALSE
EVIDENCE_000043	GENE:AGO2	AGO2	driver_candidate	TCGA_driver_composite	genome+transcriptome	TCGA-ESCC GDC DR45	unique patient	TCGA_ESCC_DR45_driver_core	CNV-RNA Spearman rho	0.448118008535005	5.26922172863039e-06	2.13359738066701e-05	positive	support	TCGA_evaluable_Cao_not_profiled_current_strong_only_not_negative	FALSE	FALSE	T2	25	FALSE
EVIDENCE_000044	GENE:AHCTF1	AHCTF1	driver_candidate	TCGA_driver_composite	genome+transcriptome	TCGA-ESCC GDC DR45	unique patient	TCGA_ESCC_DR45_driver_core	CNV-RNA Spearman rho	0.463366865659518	2.2602387864566e-06	1.00682642394951e-05	positive	support	TCGA_evaluable_Cao_not_profiled_current_strong_only_not_negative	FALSE	FALSE	T2	25	FALSE
EVIDENCE_000045	GENE:AHRR	AHRR	driver_candidate	TCGA_driver_composite	genome+transcriptome	TCGA-ESCC GDC DR45	unique patient	TCGA_ESCC_DR45_driver_core	CNV-RNA Spearman rho	0.366876544938051	0.000255270800745052	0.000682839969426018	positive	support	TCGA_evaluable_Cao_not_profiled_current_strong_only_not_negative	FALSE	FALSE	T2	25	FALSE
EVIDENCE_000046	GENE:AHSG	AHSG	driver_candidate	TCGA_driver_composite	genome+transcriptome	TCGA-ESCC GDC DR45	unique patient	TCGA_ESCC_DR45_driver_core	CNV-RNA Spearman rho	0.322052583543809	0.00145922849689058	0.00329404339579323	positive	support	TCGA_evaluable_Cao_not_profiled_current_strong_only_not_negative	FALSE	FALSE	T2	25	FALSE
EVIDENCE_000047	GENE:AIMP2	AIMP2	driver_candidate	TCGA_driver_composite	genome+transcriptome	TCGA-ESCC GDC DR45	unique patient	TCGA_ESCC_DR45_driver_core	CNV-RNA Spearman rho	0.46687769421815	1.84920713584679e-06	8.48774697676762e-06	positive	support	TCGA_evaluable_Cao_not_profiled_current_strong_only_not_negative	FALSE	FALSE	T2	25	FALSE
EVIDENCE_000048	GENE:AIP	AIP	driver_candidate	TCGA_driver_composite	genome+transcriptome	TCGA-ESCC GDC DR45	unique patient	TCGA_ESCC_DR45_driver_core	CNV-RNA Spearman rho	0.454922171560602	3.63001221114838e-06	1.52942906517554e-05	positive	support	TCGA_evaluable_Cao_not_profiled_current_strong_only_not_negative	FALSE	FALSE	T2	25	FALSE
EVIDENCE_000049	GENE:AKAP9	AKAP9	driver_candidate	TCGA_driver_composite	genome+transcriptome	TCGA-ESCC GDC DR45	unique patient	TCGA_ESCC_DR45_driver_core	CNV-RNA Spearman rho	0.529252654386681	3.50534774595039e-08	2.54027543509387e-07	positive	support	TCGA_evaluable_Cao_not_profiled_current_strong_only_not_negative	FALSE	FALSE	T2	25	FALSE
EVIDENCE_000050	GENE:AL391628.1	AL391628.1	driver_candidate	TCGA_driver_composite	genome+transcriptome	TCGA-ESCC GDC DR45	unique patient	TCGA_ESCC_DR45_driver_core	CNV-RNA Spearman rho	0.445280593384536	6.14065595318834e-06	2.44277913420121e-05	positive	support	TCGA_evaluable_Cao_not_profiled_current_strong_only_not_negative	FALSE	FALSE	T2	25	FALSE
EVIDENCE_000051	GENE:ALCAM	ALCAM	driver_candidate	TCGA_driver_composite	genome+transcriptome	TCGA-ESCC GDC DR45	unique patient	TCGA_ESCC_DR45_driver_core	CNV-RNA Spearman rho	0.363569298623464	0.000292921517856944	0.000772474670297725	positive	support	TCGA_evaluable_Cao_not_profiled_current_strong_only_not_negative	FALSE	FALSE	T2	25	FALSE
EVIDENCE_000052	GENE:ALDH3B1	ALDH3B1	driver_candidate	TCGA_driver_composite	genome+transcriptome	TCGA-ESCC GDC DR45	unique patient	TCGA_ESCC_DR45_driver_core	CNV-RNA Spearman rho	0.349847649701161	0.000510369216021027	0.00127361322266404	positive	support	TCGA_evaluable_Cao_not_profiled_current_strong_only_not_negative	FALSE	FALSE	T2	25	FALSE
EVIDENCE_000053	GENE:ALG1L	ALG1L	driver_candidate	TCGA_driver_composite	genome+transcriptome	TCGA-ESCC GDC DR45	unique patient	TCGA_ESCC_DR45_driver_core	CNV-RNA Spearman rho	0.469479324933986	1.59134476775306e-06	7.47183796543663e-06	positive	support	TCGA_evaluable_Cao_not_profiled_current_strong_only_not_negative	FALSE	FALSE	T2	25	FALSE
EVIDENCE_000054	GENE:ALG1L2	ALG1L2	driver_candidate	TCGA_driver_composite	genome+transcriptome	TCGA-ESCC GDC DR45	unique patient	TCGA_ESCC_DR45_driver_core	CNV-RNA Spearman rho	0.38570408255369	0.000113345770367212	0.000331286254850653	positive	support	TCGA_evaluable_Cao_not_profiled_current_strong_only_not_negative	FALSE	FALSE	T2	25	FALSE
EVIDENCE_000055	GENE:ALG3	ALG3	driver_candidate	TCGA_driver_composite	genome+transcriptome	TCGA-ESCC GDC DR45	unique patient	TCGA_ESCC_DR45_driver_core	CNV-RNA Spearman rho	0.492802473239368	3.91242293605312e-07	2.1304142410917e-06	positive	support	TCGA_evaluable_Cao_not_profiled_current_strong_only_not_negative	FALSE	FALSE	T2	25	FALSE
EVIDENCE_000056	GENE:ALKBH4	ALKBH4	driver_candidate	TCGA_driver_composite	genome+transcriptome	TCGA-ESCC GDC DR45	unique patient	TCGA_ESCC_DR45_driver_core	CNV-RNA Spearman rho	0.674380684185575	6.80061067871667e-14	2.75544232036693e-12	positive	support	TCGA_evaluable_Cao_not_profiled_current_strong_only_not_negative	FALSE	FALSE	T2	25	FALSE
EVIDENCE_000057	GENE:AMACR	AMACR	driver_candidate	TCGA_driver_composite	genome+transcriptome	TCGA-ESCC GDC DR45	unique patient	TCGA_ESCC_DR45_driver_core	CNV-RNA Spearman rho	0.46659261135228	1.87974904385026e-06	8.60612901592381e-06	positive	support	TCGA_evaluable_Cao_not_profiled_current_strong_only_not_negative	FALSE	FALSE	T2	25	FALSE
EVIDENCE_000058	GENE:AMN1	AMN1	driver_candidate	TCGA_driver_composite	genome+transcriptome	TCGA-ESCC GDC DR45	unique patient	TCGA_ESCC_DR45_driver_core	CNV-RNA Spearman rho	0.40189947688327	5.41466579911052e-05	0.000170014339352116	positive	support	TCGA_evaluable_Cao_not_profiled_current_strong_only_not_negative	FALSE	FALSE	T2	25	FALSE
EVIDENCE_000059	GENE:AMOTL2	AMOTL2	driver_candidate	TCGA_driver_composite	genome+transcriptome	TCGA-ESCC GDC DR45	unique patient	TCGA_ESCC_DR45_driver_core	CNV-RNA Spearman rho	0.384130239404455	0.000121536204062776	0.000352141224565713	positive	support	TCGA_evaluable_Cao_not_profiled_current_strong_only_not_negative	FALSE	FALSE	T2	25	FALSE
EVIDENCE_000060	GENE:ANAPC13	ANAPC13	driver_candidate	TCGA_driver_composite	genome+transcriptome	TCGA-ESCC GDC DR45	unique patient	TCGA_ESCC_DR45_driver_core	CNV-RNA Spearman rho	0.492257427273534	4.04767313297767e-07	2.19463833571709e-06	positive	support	TCGA_evaluable_Cao_not_profiled_current_strong_only_not_negative	FALSE	FALSE	T2	25	FALSE
EVIDENCE_000061	GENE:ANAPC15	ANAPC15	driver_candidate	TCGA_driver_composite	genome+transcriptome	TCGA-ESCC GDC DR45	unique patient	TCGA_ESCC_DR45_driver_core	CNV-RNA Spearman rho	0.671748128381736	9.22590125720783e-14	3.48222856380684e-12	positive	support	TCGA_evaluable_Cao_not_profiled_current_strong_only_not_negative	FALSE	FALSE	T2	25	FALSE
EVIDENCE_000062	GENE:ANGEL2	ANGEL2	driver_candidate	TCGA_driver_composite	genome+transcriptome	TCGA-ESCC GDC DR45	unique patient	TCGA_ESCC_DR45_driver_core	CNV-RNA Spearman rho	0.574031910641914	1.19096391786785e-09	1.31223322384015e-08	positive	support	TCGA_evaluable_Cao_not_profiled_current_strong_only_not_negative	FALSE	FALSE	T2	25	FALSE
EVIDENCE_000063	GENE:ANKH	ANKH	driver_candidate	TCGA_driver_composite	genome+transcriptome	TCGA-ESCC GDC DR45	unique patient	TCGA_ESCC_DR45_driver_core	CNV-RNA Spearman rho	0.487780172823024	5.33931578708623e-07	2.81434758153897e-06	positive	support	TCGA_evaluable_Cao_not_profiled_current_strong_only_not_negative	FALSE	FALSE	T2	25	FALSE
EVIDENCE_000064	GENE:ANKIB1	ANKIB1	driver_candidate	TCGA_driver_composite	genome+transcriptome	TCGA-ESCC GDC DR45	unique patient	TCGA_ESCC_DR45_driver_core	CNV-RNA Spearman rho	0.514379839983922	9.7063952254442e-08	6.29327731334782e-07	positive	support	TCGA_evaluable_Cao_not_profiled_current_strong_only_not_negative	FALSE	FALSE	T2	25	FALSE
EVIDENCE_000065	GENE:ANKRD33B	ANKRD33B	driver_candidate	TCGA_driver_composite	genome+transcriptome	TCGA-ESCC GDC DR45	unique patient	TCGA_ESCC_DR45_driver_core	CNV-RNA Spearman rho	0.371976088108266	0.000205875766863706	0.000564034667393718	positive	support	TCGA_evaluable_Cao_not_profiled_current_strong_only_not_negative	FALSE	FALSE	T2	25	FALSE
EVIDENCE_000066	GENE:ANKRD46	ANKRD46	driver_candidate	TCGA_driver_composite	genome+transcriptome	TCGA-ESCC GDC DR45	unique patient	TCGA_ESCC_DR45_driver_core	CNV-RNA Spearman rho	0.541948841148899	1.41234950938049e-08	1.15185958057642e-07	positive	support	TCGA_evaluable_Cao_not_profiled_current_strong_only_not_negative	FALSE	FALSE	T2	25	FALSE
EVIDENCE_000067	GENE:ANKRD61	ANKRD61	driver_candidate	TCGA_driver_composite	genome+transcriptome	TCGA-ESCC GDC DR45	unique patient	TCGA_ESCC_DR45_driver_core	CNV-RNA Spearman rho	0.510072332058123	1.29201673030232e-07	8.06365953429822e-07	positive	support	TCGA_evaluable_Cao_not_profiled_current_strong_only_not_negative	FALSE	FALSE	T2	25	FALSE
EVIDENCE_000068	GENE:ANO1	ANO1	driver_candidate	TCGA_driver_composite	genome+transcriptome	TCGA-ESCC GDC DR45	unique patient	TCGA_ESCC_DR45_driver_core	CNV-RNA Spearman rho	0.67977316647998	3.60524506447273e-14	1.64466611178573e-12	positive	support	TCGA_evaluable_Cao_not_profiled_current_strong_only_not_negative	FALSE	FALSE	T2	25	FALSE
EVIDENCE_000069	GENE:ANXA2R	ANXA2R	driver_candidate	TCGA_driver_composite	genome+transcriptome	TCGA-ESCC GDC DR45	unique patient	TCGA_ESCC_DR45_driver_core	CNV-RNA Spearman rho	0.312357601967529	0.00205838146928601	0.00450153367709694	positive	support	TCGA_evaluable_Cao_not_profiled_current_strong_only_not_negative	FALSE	FALSE	T2	25	FALSE
EVIDENCE_000070	GENE:AP000812.4	AP000812.4	driver_candidate	TCGA_driver_composite	genome+transcriptome	TCGA-ESCC GDC DR45	unique patient	TCGA_ESCC_DR45_driver_core	CNV-RNA Spearman rho	0.581856626256414	6.25297869451404e-10	7.55960684497874e-09	positive	support	TCGA_evaluable_Cao_not_profiled_current_strong_only_not_negative	FALSE	FALSE	T2	25	FALSE
EVIDENCE_000071	GENE:AP002495.1	AP002495.1	driver_candidate	TCGA_driver_composite	genome+transcriptome	TCGA-ESCC GDC DR45	unique patient	TCGA_ESCC_DR45_driver_core	CNV-RNA Spearman rho	0.805197033318783	7.99413165896333e-23	8.67018550514883e-20	positive	support	TCGA_evaluable_Cao_not_profiled_current_strong_only_not_negative	FALSE	FALSE	T2	25	FALSE
EVIDENCE_000072	GENE:AP003071.5	AP003071.5	driver_candidate	TCGA_driver_composite	genome+transcriptome	TCGA-ESCC GDC DR45	unique patient	TCGA_ESCC_DR45_driver_core	CNV-RNA Spearman rho	0.615341313172325	3.23973027834862e-11	5.44188866092943e-10	positive	support	TCGA_evaluable_Cao_not_profiled_current_strong_only_not_negative	FALSE	FALSE	T2	25	FALSE
EVIDENCE_000073	GENE:AP1S1	AP1S1	driver_candidate	TCGA_driver_composite	genome+transcriptome	TCGA-ESCC GDC DR45	unique patient	TCGA_ESCC_DR45_driver_core	CNV-RNA Spearman rho	0.483174264999623	7.07052521328971e-07	3.61129282138301e-06	positive	support	TCGA_evaluable_Cao_not_profiled_current_strong_only_not_negative	FALSE	FALSE	T2	25	FALSE
EVIDENCE_000074	GENE:AP2M1	AP2M1	driver_candidate	TCGA_driver_composite	genome+transcriptome	TCGA-ESCC GDC DR45	unique patient	TCGA_ESCC_DR45_driver_core	CNV-RNA Spearman rho	0.545413208871124	1.09484893509859e-08	9.19528092378829e-08	positive	support	TCGA_evaluable_Cao_not_profiled_current_strong_only_not_negative	FALSE	FALSE	T2	25	FALSE
EVIDENCE_000075	GENE:AP3M2	AP3M2	driver_candidate	TCGA_driver_composite	genome+transcriptome	TCGA-ESCC GDC DR45	unique patient	TCGA_ESCC_DR45_driver_core	CNV-RNA Spearman rho	0.639753836308791	2.97321741624064e-12	7.09277850562225e-11	positive	support	TCGA_evaluable_Cao_not_profiled_current_strong_only_not_negative	FALSE	FALSE	T2	25	FALSE
EVIDENCE_000076	GENE:AP4M1	AP4M1	driver_candidate	TCGA_driver_composite	genome+transcriptome	TCGA-ESCC GDC DR45	unique patient	TCGA_ESCC_DR45_driver_core	CNV-RNA Spearman rho	0.578421472472311	8.31450262550164e-10	9.69159212285035e-09	positive	support	TCGA_evaluable_Cao_not_profiled_current_strong_only_not_negative	FALSE	FALSE	T2	25	FALSE
EVIDENCE_000077	GENE:APEX2	APEX2	driver_candidate	TCGA_driver_composite	genome+transcriptome	TCGA-ESCC GDC DR45	unique patient	TCGA_ESCC_DR45_driver_core	CNV-RNA Spearman rho	0.339793419722029	0.000754745682465639	0.00181110401987308	positive	support	TCGA_evaluable_Cao_not_profiled_current_strong_only_not_negative	FALSE	FALSE	T2	25	FALSE
EVIDENCE_000078	GENE:APOB	APOB	driver_candidate	TCGA_driver_composite	genome+transcriptome	TCGA-ESCC GDC DR45	unique patient	TCGA_ESCC_DR45_driver_core	CNV-RNA Spearman rho	0.119575300682203	0.248420796394956	0.318971955606199	positive	same_direction_nonsignificant	TCGA_evaluable_Cao_not_profiled_current_strong_only_not_negative	FALSE	FALSE	T2	25	FALSE
EVIDENCE_000079	GENE:APOO	APOO	driver_candidate	TCGA_driver_composite	genome+transcriptome	TCGA-ESCC GDC DR45	unique patient	TCGA_ESCC_DR45_driver_core	CNV-RNA Spearman rho	0.334427509128579	0.000925117877192352	0.00217547652856544	positive	support	TCGA_evaluable_Cao_not_profiled_current_strong_only_not_negative	FALSE	FALSE	T2	25	FALSE
EVIDENCE_000080	GENE:ARAF	ARAF	driver_candidate	TCGA_driver_composite	genome+transcriptome	TCGA-ESCC GDC DR45	unique patient	TCGA_ESCC_DR45_driver_core	CNV-RNA Spearman rho	0.309266619544317	0.00229157242148264	0.00495764610188379	positive	support	TCGA_evaluable_Cao_not_profiled_current_strong_only_not_negative	FALSE	FALSE	T2	25	FALSE
EVIDENCE_000081	GENE:ARAP1	ARAP1	driver_candidate	TCGA_driver_composite	genome+transcriptome	TCGA-ESCC GDC DR45	unique patient	TCGA_ESCC_DR45_driver_core	CNV-RNA Spearman rho	0.768732388137544	9.44656423279173e-20	4.1310802620781e-17	positive	support	TCGA_evaluable_Cao_not_profiled_current_strong_only_not_negative	FALSE	FALSE	T2	25	FALSE
EVIDENCE_000082	GENE:ARC	ARC	driver_candidate	TCGA_driver_composite	genome+transcriptome	TCGA-ESCC GDC DR45	unique patient	TCGA_ESCC_DR45_driver_core	CNV-RNA Spearman rho	0.417632907996509	2.54463098080983e-05	8.60789813247006e-05	positive	support	TCGA_evaluable_Cao_not_profiled_current_strong_only_not_negative	FALSE	FALSE	T2	25	FALSE
EVIDENCE_000083	GENE:ARF1	ARF1	driver_candidate	TCGA_driver_composite	genome+transcriptome	TCGA-ESCC GDC DR45	unique patient	TCGA_ESCC_DR45_driver_core	CNV-RNA Spearman rho	0.333175531222587	0.000969607194720195	0.00226664671768507	positive	support	TCGA_evaluable_Cao_not_profiled_current_strong_only_not_negative	FALSE	FALSE	T2	25	FALSE
EVIDENCE_000084	GENE:ARFGEF1	ARFGEF1	driver_candidate	TCGA_driver_composite	genome+transcriptome	TCGA-ESCC GDC DR45	unique patient	TCGA_ESCC_DR45_driver_core	CNV-RNA Spearman rho	0.561109221928177	3.32860158100911e-09	3.21013880230856e-08	positive	support	TCGA_evaluable_Cao_not_profiled_current_strong_only_not_negative	FALSE	FALSE	T2	25	FALSE
EVIDENCE_000085	GENE:ARHGAP39	ARHGAP39	driver_candidate	TCGA_driver_composite	genome+transcriptome	TCGA-ESCC GDC DR45	unique patient	TCGA_ESCC_DR45_driver_core	CNV-RNA Spearman rho	0.477733626053867	9.80047076201848e-07	4.84182197911641e-06	positive	support	TCGA_evaluable_Cao_not_profiled_current_strong_only_not_negative	FALSE	FALSE	T2	25	FALSE
EVIDENCE_000086	GENE:ARHGAP5	ARHGAP5	driver_candidate	TCGA_driver_composite	genome+transcriptome	TCGA-ESCC GDC DR45	unique patient	TCGA_ESCC_DR45_driver_core	CNV-RNA Spearman rho	0.338581907644148	0.00079049038595655	0.00188972649852987	positive	support	TCGA_evaluable_Cao_not_profiled_current_strong_only_not_negative	FALSE	FALSE	T2	25	FALSE
EVIDENCE_000087	GENE:ARHGEF26	ARHGEF26	driver_candidate	TCGA_driver_composite	genome+transcriptome	TCGA-ESCC GDC DR45	unique patient	TCGA_ESCC_DR45_driver_core	CNV-RNA Spearman rho	0.339268155454492	0.000770057880464256	0.0018450546079818	positive	support	TCGA_evaluable_Cao_not_profiled_current_strong_only_not_negative	FALSE	FALSE	T2	25	FALSE
EVIDENCE_000088	GENE:ARID4B	ARID4B	driver_candidate	TCGA_driver_composite	genome+transcriptome	TCGA-ESCC GDC DR45	unique patient	TCGA_ESCC_DR45_driver_core	CNV-RNA Spearman rho	0.521357232755444	6.05594240190813e-08	4.12025008267161e-07	positive	support	TCGA_evaluable_Cao_not_profiled_current_strong_only_not_negative	FALSE	FALSE	T2	25	FALSE
EVIDENCE_000089	GENE:ARL13B	ARL13B	driver_candidate	TCGA_driver_composite	genome+transcriptome	TCGA-ESCC GDC DR45	unique patient	TCGA_ESCC_DR45_driver_core	CNV-RNA Spearman rho	0.704768312298604	1.58119269577722e-15	1.1591147842686e-13	positive	support	TCGA_evaluable_Cao_not_profiled_current_strong_only_not_negative	FALSE	FALSE	T2	25	FALSE
EVIDENCE_000090	GENE:ARL6	ARL6	driver_candidate	TCGA_driver_composite	genome+transcriptome	TCGA-ESCC GDC DR45	unique patient	TCGA_ESCC_DR45_driver_core	CNV-RNA Spearman rho	0.682822963601928	2.50295498943069e-14	1.21154485404428e-12	positive	support	TCGA_evaluable_Cao_not_profiled_current_strong_only_not_negative	FALSE	FALSE	T2	25	FALSE
EVIDENCE_000091	GENE:ARMC1	ARMC1	driver_candidate	TCGA_driver_composite	genome+transcriptome	TCGA-ESCC GDC DR45	unique patient	TCGA_ESCC_DR45_driver_core	CNV-RNA Spearman rho	0.537751514317207	1.91542134648617e-08	1.49577423128926e-07	positive	support	TCGA_evaluable_Cao_not_profiled_current_strong_only_not_negative	FALSE	FALSE	T2	25	FALSE
EVIDENCE_000092	GENE:ARMC10	ARMC10	driver_candidate	TCGA_driver_composite	genome+transcriptome	TCGA-ESCC GDC DR45	unique patient	TCGA_ESCC_DR45_driver_core	CNV-RNA Spearman rho	0.621937683491101	1.73419301814981e-11	3.15991894485285e-10	positive	support	TCGA_evaluable_Cao_not_profiled_current_strong_only_not_negative	FALSE	FALSE	T2	25	FALSE
EVIDENCE_000093	GENE:ARMC8	ARMC8	driver_candidate	TCGA_driver_composite	genome+transcriptome	TCGA-ESCC GDC DR45	unique patient	TCGA_ESCC_DR45_driver_core	CNV-RNA Spearman rho	0.776736815539755	2.24269753395641e-20	1.23660391850588e-17	positive	support	TCGA_evaluable_Cao_not_profiled_current_strong_only_not_negative	FALSE	FALSE	T2	25	FALSE
EVIDENCE_000094	GENE:ARNTL2	ARNTL2	driver_candidate	TCGA_driver_composite	genome+transcriptome	TCGA-ESCC GDC DR45	unique patient	TCGA_ESCC_DR45_driver_core	CNV-RNA Spearman rho	0.372692172246814	0.000199694714363236	0.000548660015183195	positive	support	TCGA_evaluable_Cao_not_profiled_current_strong_only_not_negative	FALSE	FALSE	T2	25	FALSE
EVIDENCE_000095	GENE:ARPC1A	ARPC1A	driver_candidate	TCGA_driver_composite	genome+transcriptome	TCGA-ESCC GDC DR45	unique patient	TCGA_ESCC_DR45_driver_core	CNV-RNA Spearman rho	0.483587585165978	6.89571669543201e-07	3.53339309622096e-06	positive	support	TCGA_evaluable_Cao_not_profiled_current_strong_only_not_negative	FALSE	FALSE	T2	25	FALSE
EVIDENCE_000096	GENE:ARPC1B	ARPC1B	driver_candidate	TCGA_driver_composite	genome+transcriptome	TCGA-ESCC GDC DR45	unique patient	TCGA_ESCC_DR45_driver_core	CNV-RNA Spearman rho	0.557988477083969	4.23850837208152e-09	3.94950500916516e-08	positive	support	TCGA_evaluable_Cao_not_profiled_current_strong_only_not_negative	FALSE	FALSE	T2	25	FALSE
EVIDENCE_000097	GENE:ARR3	ARR3	driver_candidate	TCGA_driver_composite	genome+transcriptome	TCGA-ESCC GDC DR45	unique patient	TCGA_ESCC_DR45_driver_core	CNV-RNA Spearman rho	0.344160709120083	0.000637801588620794	0.00155999995118397	positive	support	TCGA_evaluable_Cao_not_profiled_current_strong_only_not_negative	FALSE	FALSE	T2	25	FALSE
EVIDENCE_000098	GENE:ARV1	ARV1	driver_candidate	TCGA_driver_composite	genome+transcriptome	TCGA-ESCC GDC DR45	unique patient	TCGA_ESCC_DR45_driver_core	CNV-RNA Spearman rho	0.438660417544732	8.72973407376304e-06	3.33064041887674e-05	positive	support	TCGA_evaluable_Cao_not_profiled_current_strong_only_not_negative	FALSE	FALSE	T2	25	FALSE
EVIDENCE_000099	GENE:ASAP1	ASAP1	driver_candidate	TCGA_driver_composite	genome+transcriptome	TCGA-ESCC GDC DR45	unique patient	TCGA_ESCC_DR45_driver_core	CNV-RNA Spearman rho	0.423377657240058	1.91311907014856e-05	6.69594819826604e-05	positive	support	TCGA_evaluable_Cao_not_profiled_current_strong_only_not_negative	FALSE	FALSE	T2	25	FALSE
EVIDENCE_000100	GENE:ASMTL	ASMTL	driver_candidate	TCGA_driver_composite	genome+transcriptome	TCGA-ESCC GDC DR45	unique patient	TCGA_ESCC_DR45_driver_core	CNV-RNA Spearman rho	0.45242021433382	4.16698624348974e-06	1.73151112516176e-05	positive	support	TCGA_evaluable_Cao_not_profiled_current_strong_only_not_negative	FALSE	FALSE	T2	25	FALSE
EVIDENCE_000101	GENE:ASNS	ASNS	driver_candidate	TCGA_driver_composite	genome+transcriptome	TCGA-ESCC GDC DR45	unique patient	TCGA_ESCC_DR45_driver_core	CNV-RNA Spearman rho	0.438188146988472	8.94909107926394e-06	3.40715620135771e-05	positive	support	TCGA_evaluable_Cao_not_profiled_current_strong_only_not_negative	FALSE	FALSE	T2	25	FALSE
EVIDENCE_000102	GENE:ASTE1	ASTE1	driver_candidate	TCGA_driver_composite	genome+transcriptome	TCGA-ESCC GDC DR45	unique patient	TCGA_ESCC_DR45_driver_core	CNV-RNA Spearman rho	0.725192623948268	9.54587893015854e-17	1.14208336407802e-14	positive	support	TCGA_evaluable_Cao_not_profiled_current_strong_only_not_negative	FALSE	FALSE	T2	25	FALSE
EVIDENCE_000103	GENE:ASXL1	ASXL1	driver_candidate	TCGA_driver_composite	genome+transcriptome	TCGA-ESCC GDC DR45	unique patient	TCGA_ESCC_DR45_driver_core	CNV-RNA Spearman rho	0.382903573574837	0.000128296858502406	0.000369115417315678	positive	support	TCGA_evaluable_Cao_not_profiled_current_strong_only_not_negative	FALSE	FALSE	T2	25	FALSE
EVIDENCE_000104	GENE:ATAD2	ATAD2	driver_candidate	TCGA_driver_composite	genome+transcriptome	TCGA-ESCC GDC DR45	unique patient	TCGA_ESCC_DR45_driver_core	CNV-RNA Spearman rho	0.495202292298689	3.36631363651442e-07	1.87071245523336e-06	positive	support	TCGA_evaluable_Cao_not_profiled_current_strong_only_not_negative	FALSE	FALSE	T2	25	FALSE
EVIDENCE_000105	GENE:ATG16L2	ATG16L2	driver_candidate	TCGA_driver_composite	genome+transcriptome	TCGA-ESCC GDC DR45	unique patient	TCGA_ESCC_DR45_driver_core	CNV-RNA Spearman rho	0.537166670980467	1.99783053216911e-08	1.55170946619086e-07	positive	support	TCGA_evaluable_Cao_not_profiled_current_strong_only_not_negative	FALSE	FALSE	T2	25	FALSE
EVIDENCE_000106	GENE:ATG3	ATG3	driver_candidate	TCGA_driver_composite	genome+transcriptome	TCGA-ESCC GDC DR45	unique patient	TCGA_ESCC_DR45_driver_core	CNV-RNA Spearman rho	0.613574946977083	3.8205032108216e-11	6.3335453228287e-10	positive	support	TCGA_evaluable_Cao_not_profiled_current_strong_only_not_negative	FALSE	FALSE	T2	25	FALSE
EVIDENCE_000107	GENE:ATP10D	ATP10D	driver_candidate	TCGA_driver_composite	genome+transcriptome	TCGA-ESCC GDC DR45	unique patient	TCGA_ESCC_DR45_driver_core	CNV-RNA Spearman rho	0.227777157711811	0.0264204280695064	0.0448546009072931	positive	same_direction_nonsignificant	TCGA_evaluable_Cao_not_profiled_current_strong_only_not_negative	FALSE	FALSE	T2	25	FALSE
EVIDENCE_000108	GENE:ATP11B	ATP11B	driver_candidate	TCGA_driver_composite	genome+transcriptome	TCGA-ESCC GDC DR45	unique patient	TCGA_ESCC_DR45_driver_core	CNV-RNA Spearman rho	0.552807216778453	6.29635867441173e-09	5.64313927271305e-08	positive	support	TCGA_evaluable_Cao_not_profiled_current_strong_only_not_negative	FALSE	FALSE	T2	25	FALSE
EVIDENCE_000109	GENE:ATP13A3	ATP13A3	driver_candidate	TCGA_driver_composite	genome+transcriptome	TCGA-ESCC GDC DR45	unique patient	TCGA_ESCC_DR45_driver_core	CNV-RNA Spearman rho	0.651683283262958	8.54878834091339e-13	2.43084604797004e-11	positive	support	TCGA_evaluable_Cao_not_profiled_current_strong_only_not_negative	FALSE	FALSE	T2	25	FALSE
EVIDENCE_000110	GENE:ATP1B3	ATP1B3	driver_candidate	TCGA_driver_composite	genome+transcriptome	TCGA-ESCC GDC DR45	unique patient	TCGA_ESCC_DR45_driver_core	CNV-RNA Spearman rho	0.509799608069522	1.31545142211062e-07	8.19378926090711e-07	positive	support	TCGA_evaluable_Cao_not_profiled_current_strong_only_not_negative	FALSE	FALSE	T2	25	FALSE
EVIDENCE_000111	GENE:ATP2C1	ATP2C1	driver_candidate	TCGA_driver_composite	genome+transcriptome	TCGA-ESCC GDC DR45	unique patient	TCGA_ESCC_DR45_driver_core	CNV-RNA Spearman rho	0.664460730466886	2.11223458365259e-13	7.22031239619465e-12	positive	support	TCGA_evaluable_Cao_not_profiled_current_strong_only_not_negative	FALSE	FALSE	T2	25	FALSE
EVIDENCE_000112	GENE:ATP5MF	ATP5MF	driver_candidate	TCGA_driver_composite	genome+transcriptome	TCGA-ESCC GDC DR45	unique patient	TCGA_ESCC_DR45_driver_core	CNV-RNA Spearman rho	0.462359327156673	2.39327196804454e-06	1.05938831060178e-05	positive	support	TCGA_evaluable_Cao_not_profiled_current_strong_only_not_negative	FALSE	FALSE	T2	25	FALSE
EVIDENCE_000113	GENE:ATP5MF-PTCD1	ATP5MF-PTCD1	driver_candidate	TCGA_driver_composite	genome+transcriptome	TCGA-ESCC GDC DR45	unique patient	TCGA_ESCC_DR45_driver_core	CNV-RNA Spearman rho	0.46060771833668	2.64231662317617e-06	1.15790806548446e-05	positive	support	TCGA_evaluable_Cao_not_profiled_current_strong_only_not_negative	FALSE	FALSE	T2	25	FALSE
EVIDENCE_000114	GENE:ATP6V1A	ATP6V1A	driver_candidate	TCGA_driver_composite	genome+transcriptome	TCGA-ESCC GDC DR45	unique patient	TCGA_ESCC_DR45_driver_core	CNV-RNA Spearman rho	0.521654576991026	5.93401107368842e-08	4.05032984050143e-07	positive	support	TCGA_evaluable_Cao_not_profiled_current_strong_only_not_negative	FALSE	FALSE	T2	25	FALSE
EVIDENCE_000115	GENE:ATP6V1C1	ATP6V1C1	driver_candidate	TCGA_driver_composite	genome+transcriptome	TCGA-ESCC GDC DR45	unique patient	TCGA_ESCC_DR45_driver_core	CNV-RNA Spearman rho	0.571896526275805	1.41576405773838e-09	1.53459143420839e-08	positive	support	TCGA_evaluable_Cao_not_profiled_current_strong_only_not_negative	FALSE	FALSE	T2	25	FALSE
EVIDENCE_000116	GENE:ATP6V1H	ATP6V1H	driver_candidate	TCGA_driver_composite	genome+transcriptome	TCGA-ESCC GDC DR45	unique patient	TCGA_ESCC_DR45_driver_core	CNV-RNA Spearman rho	0.4303565395591	1.34333172594755e-05	4.89684764256019e-05	positive	support	TCGA_evaluable_Cao_not_profiled_current_strong_only_not_negative	FALSE	FALSE	T2	25	FALSE
EVIDENCE_000117	GENE:ATPSCKMT	ATPSCKMT	driver_candidate	TCGA_driver_composite	genome+transcriptome	TCGA-ESCC GDC DR45	unique patient	TCGA_ESCC_DR45_driver_core	CNV-RNA Spearman rho	0.64884223991659	1.15610361869866e-12	3.09318693931148e-11	positive	support	TCGA_evaluable_Cao_not_profiled_current_strong_only_not_negative	FALSE	FALSE	T2	25	FALSE
EVIDENCE_000118	GENE:ATR	ATR	driver_candidate	TCGA_driver_composite	genome+transcriptome	TCGA-ESCC GDC DR45	unique patient	TCGA_ESCC_DR45_driver_core	CNV-RNA Spearman rho	0.773569691995873	3.98947623608571e-20	2.10810573441829e-17	positive	support	TCGA_evaluable_Cao_not_profiled_current_strong_only_not_negative	FALSE	FALSE	T2	25	FALSE
EVIDENCE_000119	GENE:ATXN7L1	ATXN7L1	driver_candidate	TCGA_driver_composite	genome+transcriptome	TCGA-ESCC GDC DR45	unique patient	TCGA_ESCC_DR45_driver_core	CNV-RNA Spearman rho	0.578793158862486	8.06335104705542e-10	9.41615266839382e-09	positive	support	TCGA_evaluable_Cao_not_profiled_current_strong_only_not_negative	FALSE	FALSE	T2	25	FALSE
EVIDENCE_000120	GENE:AZIN1	AZIN1	driver_candidate	TCGA_driver_composite	genome+transcriptome	TCGA-ESCC GDC DR45	unique patient	TCGA_ESCC_DR45_driver_core	CNV-RNA Spearman rho	0.600837566524495	1.21794673907204e-10	1.76930132244119e-09	positive	support	TCGA_evaluable_Cao_not_profiled_current_strong_only_not_negative	FALSE	FALSE	T2	25	FALSE
EVIDENCE_000121	GENE:B3GALNT1	B3GALNT1	driver_candidate	TCGA_driver_composite	genome+transcriptome	TCGA-ESCC GDC DR45	unique patient	TCGA_ESCC_DR45_driver_core	CNV-RNA Spearman rho	0.406490048917701	4.3608838645001e-05	0.000139941116319813	positive	support	TCGA_evaluable_Cao_not_profiled_current_strong_only_not_negative	FALSE	FALSE	T2	25	FALSE
EVIDENCE_000122	GENE:B3GNT5	B3GNT5	driver_candidate	TCGA_driver_composite	genome+transcriptome	TCGA-ESCC GDC DR45	unique patient	TCGA_ESCC_DR45_driver_core	CNV-RNA Spearman rho	0.386105787793589	0.000111338906784063	0.000326247693122803	positive	support	TCGA_evaluable_Cao_not_profiled_current_strong_only_not_negative	FALSE	FALSE	T2	25	FALSE
EVIDENCE_000123	GENE:B4GALNT3	B4GALNT3	driver_candidate	TCGA_driver_composite	genome+transcriptome	TCGA-ESCC GDC DR45	unique patient	TCGA_ESCC_DR45_driver_core	CNV-RNA Spearman rho	0.303659495974368	0.00277609093613637	0.00589677085506284	positive	support	TCGA_evaluable_Cao_not_profiled_current_strong_only_not_negative	FALSE	FALSE	T2	25	FALSE
EVIDENCE_000124	GENE:B4GALT4	B4GALT4	driver_candidate	TCGA_driver_composite	genome+transcriptome	TCGA-ESCC GDC DR45	unique patient	TCGA_ESCC_DR45_driver_core	CNV-RNA Spearman rho	0.431850633760087	1.24412904969407e-05	4.56672781714043e-05	positive	support	TCGA_evaluable_Cao_not_profiled_current_strong_only_not_negative	FALSE	FALSE	T2	25	FALSE
EVIDENCE_000125	GENE:BAIAP2L1	BAIAP2L1	driver_candidate	TCGA_driver_composite	genome+transcriptome	TCGA-ESCC GDC DR45	unique patient	TCGA_ESCC_DR45_driver_core	CNV-RNA Spearman rho	0.476779229394657	1.03721743095889e-06	5.09844630210104e-06	positive	support	TCGA_evaluable_Cao_not_profiled_current_strong_only_not_negative	FALSE	FALSE	T2	25	FALSE
EVIDENCE_000126	GENE:BASP1	BASP1	driver_candidate	TCGA_driver_composite	genome+transcriptome	TCGA-ESCC GDC DR45	unique patient	TCGA_ESCC_DR45_driver_core	CNV-RNA Spearman rho	0.456381371195155	3.34769422474061e-06	1.42467980396512e-05	positive	support	TCGA_evaluable_Cao_not_profiled_current_strong_only_not_negative	FALSE	FALSE	T2	25	FALSE
EVIDENCE_000127	GENE:BBX	BBX	driver_candidate	TCGA_driver_composite	genome+transcriptome	TCGA-ESCC GDC DR45	unique patient	TCGA_ESCC_DR45_driver_core	CNV-RNA Spearman rho	0.602704450740206	1.03090339901936e-10	1.52554456316961e-09	positive	support	TCGA_evaluable_Cao_not_profiled_current_strong_only_not_negative	FALSE	FALSE	T2	25	FALSE
EVIDENCE_000128	GENE:BCAP29	BCAP29	driver_candidate	TCGA_driver_composite	genome+transcriptome	TCGA-ESCC GDC DR45	unique patient	TCGA_ESCC_DR45_driver_core	CNV-RNA Spearman rho	0.385294903601906	0.000115424433686153	0.000336431318779084	positive	support	TCGA_evaluable_Cao_not_profiled_current_strong_only_not_negative	FALSE	FALSE	T2	25	FALSE
EVIDENCE_000129	GENE:BCL6	BCL6	driver_candidate	TCGA_driver_composite	genome+transcriptome	TCGA-ESCC GDC DR45	unique patient	TCGA_ESCC_DR45_driver_core	CNV-RNA Spearman rho	0.420889232706319	2.16611030584018e-05	7.46483991811555e-05	positive	support	TCGA_evaluable_Cao_not_profiled_current_strong_only_not_negative	FALSE	FALSE	T2	25	FALSE
EVIDENCE_000130	GENE:BCLAF3	BCLAF3	driver_candidate	TCGA_driver_composite	genome+transcriptome	TCGA-ESCC GDC DR45	unique patient	TCGA_ESCC_DR45_driver_core	CNV-RNA Spearman rho	0.396012690650731	7.11402475871796e-05	0.000217188401516758	positive	support	TCGA_evaluable_Cao_not_profiled_current_strong_only_not_negative	FALSE	FALSE	T2	25	FALSE
EVIDENCE_000131	GENE:BDH1	BDH1	driver_candidate	TCGA_driver_composite	genome+transcriptome	TCGA-ESCC GDC DR45	unique patient	TCGA_ESCC_DR45_driver_core	CNV-RNA Spearman rho	0.487399085314332	5.46568611754711e-07	2.87498263553432e-06	positive	support	TCGA_evaluable_Cao_not_profiled_current_strong_only_not_negative	FALSE	FALSE	T2	25	FALSE
EVIDENCE_000132	GENE:BET1	BET1	driver_candidate	TCGA_driver_composite	genome+transcriptome	TCGA-ESCC GDC DR45	unique patient	TCGA_ESCC_DR45_driver_core	CNV-RNA Spearman rho	0.660947516557124	3.12332050082394e-13	1.01825065787787e-11	positive	support	TCGA_evaluable_Cao_not_profiled_current_strong_only_not_negative	FALSE	FALSE	T2	25	FALSE
EVIDENCE_000133	GENE:BMT2	BMT2	driver_candidate	TCGA_driver_composite	genome+transcriptome	TCGA-ESCC GDC DR45	unique patient	TCGA_ESCC_DR45_driver_core	CNV-RNA Spearman rho	0.567376401309898	2.03323048295031e-09	2.10150195474946e-08	positive	support	TCGA_evaluable_Cao_not_profiled_current_strong_only_not_negative	FALSE	FALSE	T2	25	FALSE
EVIDENCE_000134	GENE:BOP1	BOP1	driver_candidate	TCGA_driver_composite	genome+transcriptome	TCGA-ESCC GDC DR45	unique patient	TCGA_ESCC_DR45_driver_core	CNV-RNA Spearman rho	0.619081843591128	2.27709322713975e-11	3.98868733516385e-10	positive	support	TCGA_evaluable_Cao_not_profiled_current_strong_only_not_negative	FALSE	FALSE	T2	25	FALSE
EVIDENCE_000135	GENE:BPNT1	BPNT1	driver_candidate	TCGA_driver_composite	genome+transcriptome	TCGA-ESCC GDC DR45	unique patient	TCGA_ESCC_DR45_driver_core	CNV-RNA Spearman rho	0.368634252756303	0.000237128427582059	0.000639707023738709	positive	support	TCGA_evaluable_Cao_not_profiled_current_strong_only_not_negative	FALSE	FALSE	T2	25	FALSE
EVIDENCE_000136	GENE:BPNT2	BPNT2	driver_candidate	TCGA_driver_composite	genome+transcriptome	TCGA-ESCC GDC DR45	unique patient	TCGA_ESCC_DR45_driver_core	CNV-RNA Spearman rho	0.479221597474692	8.96828615598411e-07	4.46899037446721e-06	positive	support	TCGA_evaluable_Cao_not_profiled_current_strong_only_not_negative	FALSE	FALSE	T2	25	FALSE
EVIDENCE_000137	GENE:BRD9	BRD9	driver_candidate	TCGA_driver_composite	genome+transcriptome	TCGA-ESCC GDC DR45	unique patient	TCGA_ESCC_DR45_driver_core	CNV-RNA Spearman rho	0.753503860298663	1.24986892202463e-18	3.44583427589486e-16	positive	support	TCGA_evaluable_Cao_not_profiled_current_strong_only_not_negative	FALSE	FALSE	T2	25	FALSE
EVIDENCE_000138	GENE:BRI3	BRI3	driver_candidate	TCGA_driver_composite	genome+transcriptome	TCGA-ESCC GDC DR45	unique patient	TCGA_ESCC_DR45_driver_core	CNV-RNA Spearman rho	0.404535779389246	4.78363854211675e-05	0.000152197952812656	positive	support	TCGA_evaluable_Cao_not_profiled_current_strong_only_not_negative	FALSE	FALSE	T2	25	FALSE
EVIDENCE_000139	GENE:BRIX1	BRIX1	driver_candidate	TCGA_driver_composite	genome+transcriptome	TCGA-ESCC GDC DR45	unique patient	TCGA_ESCC_DR45_driver_core	CNV-RNA Spearman rho	0.677733855148619	4.59039459582918e-14	1.98011511103081e-12	positive	support	TCGA_evaluable_Cao_not_profiled_current_strong_only_not_negative	FALSE	FALSE	T2	25	FALSE
EVIDENCE_000140	GENE:BROX	BROX	driver_candidate	TCGA_driver_composite	genome+transcriptome	TCGA-ESCC GDC DR45	unique patient	TCGA_ESCC_DR45_driver_core	CNV-RNA Spearman rho	0.577776997713028	8.76786469383082e-10	1.01361950817833e-08	positive	support	TCGA_evaluable_Cao_not_profiled_current_strong_only_not_negative	FALSE	FALSE	T2	25	FALSE
EVIDENCE_000141	GENE:BUD31	BUD31	driver_candidate	TCGA_driver_composite	genome+transcriptome	TCGA-ESCC GDC DR45	unique patient	TCGA_ESCC_DR45_driver_core	CNV-RNA Spearman rho	0.528032884450386	3.81778454333715e-08	2.73234444574502e-07	positive	support	TCGA_evaluable_Cao_not_profiled_current_strong_only_not_negative	FALSE	FALSE	T2	25	FALSE
EVIDENCE_000142	GENE:C11orf24	C11orf24	driver_candidate	TCGA_driver_composite	genome+transcriptome	TCGA-ESCC GDC DR45	unique patient	TCGA_ESCC_DR45_driver_core	CNV-RNA Spearman rho	0.513587653555936	1.02336387297328e-07	6.57462038350922e-07	positive	support	TCGA_evaluable_Cao_not_profiled_current_strong_only_not_negative	FALSE	FALSE	T2	25	FALSE
EVIDENCE_000143	GENE:C12orf60	C12orf60	driver_candidate	TCGA_driver_composite	genome+transcriptome	TCGA-ESCC GDC DR45	unique patient	TCGA_ESCC_DR45_driver_core	CNV-RNA Spearman rho	0.468739541009907	1.66098151092561e-06	7.73863612107221e-06	positive	support	TCGA_evaluable_Cao_not_profiled_current_strong_only_not_negative	FALSE	FALSE	T2	25	FALSE
EVIDENCE_000144	GENE:C12orf71	C12orf71	driver_candidate	TCGA_driver_composite	genome+transcriptome	TCGA-ESCC GDC DR45	unique patient	TCGA_ESCC_DR45_driver_core	CNV-RNA Spearman rho	0.333392878648598	0.000961746557631671	0.00225076025906714	positive	support	TCGA_evaluable_Cao_not_profiled_current_strong_only_not_negative	FALSE	FALSE	T2	25	FALSE
EVIDENCE_000145	GENE:C1GALT1	C1GALT1	driver_candidate	TCGA_driver_composite	genome+transcriptome	TCGA-ESCC GDC DR45	unique patient	TCGA_ESCC_DR45_driver_core	CNV-RNA Spearman rho	0.41339695591086	3.12994751329843e-05	0.000103639671967756	positive	support	TCGA_evaluable_Cao_not_profiled_current_strong_only_not_negative	FALSE	FALSE	T2	25	FALSE
EVIDENCE_000146	GENE:C1QTNF3-AMACR	C1QTNF3-AMACR	driver_candidate	TCGA_driver_composite	genome+transcriptome	TCGA-ESCC GDC DR45	unique patient	TCGA_ESCC_DR45_driver_core	CNV-RNA Spearman rho	0.377374984442264	0.000163317861226245	0.000457824296213801	positive	support	TCGA_evaluable_Cao_not_profiled_current_strong_only_not_negative	FALSE	FALSE	T2	25	FALSE
EVIDENCE_000147	GENE:C1orf131	C1orf131	driver_candidate	TCGA_driver_composite	genome+transcriptome	TCGA-ESCC GDC DR45	unique patient	TCGA_ESCC_DR45_driver_core	CNV-RNA Spearman rho	0.512448152269245	1.10400648896845e-07	7.04985412542696e-07	positive	support	TCGA_evaluable_Cao_not_profiled_current_strong_only_not_negative	FALSE	FALSE	T2	25	FALSE
EVIDENCE_000148	GENE:C1orf198	C1orf198	driver_candidate	TCGA_driver_composite	genome+transcriptome	TCGA-ESCC GDC DR45	unique patient	TCGA_ESCC_DR45_driver_core	CNV-RNA Spearman rho	0.350165670531096	0.000503984949012225	0.00126095588297609	positive	support	TCGA_evaluable_Cao_not_profiled_current_strong_only_not_negative	FALSE	FALSE	T2	25	FALSE
EVIDENCE_000149	GENE:C1orf35	C1orf35	driver_candidate	TCGA_driver_composite	genome+transcriptome	TCGA-ESCC GDC DR45	unique patient	TCGA_ESCC_DR45_driver_core	CNV-RNA Spearman rho	0.421160792328823	2.13705126089173e-05	7.3814645878497e-05	positive	support	TCGA_evaluable_Cao_not_profiled_current_strong_only_not_negative	FALSE	FALSE	T2	25	FALSE
EVIDENCE_000150	GENE:C2CD3	C2CD3	driver_candidate	TCGA_driver_composite	genome+transcriptome	TCGA-ESCC GDC DR45	unique patient	TCGA_ESCC_DR45_driver_core	CNV-RNA Spearman rho	0.671825856222742	9.14359871256722e-14	3.47182990637058e-12	positive	support	TCGA_evaluable_Cao_not_profiled_current_strong_only_not_negative	FALSE	FALSE	T2	25	FALSE
EVIDENCE_000151	GENE:C2CD5	C2CD5	driver_candidate	TCGA_driver_composite	genome+transcriptome	TCGA-ESCC GDC DR45	unique patient	TCGA_ESCC_DR45_driver_core	CNV-RNA Spearman rho	0.55728488029755	4.4743086492197e-09	4.14486357117635e-08	positive	support	TCGA_evaluable_Cao_not_profiled_current_strong_only_not_negative	FALSE	FALSE	T2	25	FALSE
EVIDENCE_000152	GENE:C3orf33	C3orf33	driver_candidate	TCGA_driver_composite	genome+transcriptome	TCGA-ESCC GDC DR45	unique patient	TCGA_ESCC_DR45_driver_core	CNV-RNA Spearman rho	0.604519014990988	8.75763433363878e-11	1.32377018616456e-09	positive	support	TCGA_evaluable_Cao_not_profiled_current_strong_only_not_negative	FALSE	FALSE	T2	25	FALSE
EVIDENCE_000153	GENE:C3orf52	C3orf52	driver_candidate	TCGA_driver_composite	genome+transcriptome	TCGA-ESCC GDC DR45	unique patient	TCGA_ESCC_DR45_driver_core	CNV-RNA Spearman rho	0.478983431230978	9.09682867569298e-07	4.52415612804464e-06	positive	support	TCGA_evaluable_Cao_not_profiled_current_strong_only_not_negative	FALSE	FALSE	T2	25	FALSE
EVIDENCE_000154	GENE:C5orf22	C5orf22	driver_candidate	TCGA_driver_composite	genome+transcriptome	TCGA-ESCC GDC DR45	unique patient	TCGA_ESCC_DR45_driver_core	CNV-RNA Spearman rho	0.636498107041412	4.13894116303606e-12	9.22496517216578e-11	positive	support	TCGA_evaluable_Cao_not_profiled_current_strong_only_not_negative	FALSE	FALSE	T2	25	FALSE
EVIDENCE_000155	GENE:C5orf34	C5orf34	driver_candidate	TCGA_driver_composite	genome+transcriptome	TCGA-ESCC GDC DR45	unique patient	TCGA_ESCC_DR45_driver_core	CNV-RNA Spearman rho	0.64939778557629	1.09011271772672e-12	2.95401912098509e-11	positive	support	TCGA_evaluable_Cao_not_profiled_current_strong_only_not_negative	FALSE	FALSE	T2	25	FALSE
EVIDENCE_000156	GENE:C5orf38	C5orf38	driver_candidate	TCGA_driver_composite	genome+transcriptome	TCGA-ESCC GDC DR45	unique patient	TCGA_ESCC_DR45_driver_core	CNV-RNA Spearman rho	0.544625337199255	1.16041767532256e-08	9.7009999726043e-08	positive	support	TCGA_evaluable_Cao_not_profiled_current_strong_only_not_negative	FALSE	FALSE	T2	25	FALSE
EVIDENCE_000157	GENE:C5orf51	C5orf51	driver_candidate	TCGA_driver_composite	genome+transcriptome	TCGA-ESCC GDC DR45	unique patient	TCGA_ESCC_DR45_driver_core	CNV-RNA Spearman rho	0.686540298492195	1.59468521451603e-14	8.08951915619691e-13	positive	support	TCGA_evaluable_Cao_not_profiled_current_strong_only_not_negative	FALSE	FALSE	T2	25	FALSE
EVIDENCE_000158	GENE:C7orf26	C7orf26	driver_candidate	TCGA_driver_composite	genome+transcriptome	TCGA-ESCC GDC DR45	unique patient	TCGA_ESCC_DR45_driver_core	CNV-RNA Spearman rho	0.359429693009247	0.000347247422097574	0.000901492693355461	positive	support	TCGA_evaluable_Cao_not_profiled_current_strong_only_not_negative	FALSE	FALSE	T2	25	FALSE
EVIDENCE_000159	GENE:C7orf61	C7orf61	driver_candidate	TCGA_driver_composite	genome+transcriptome	TCGA-ESCC GDC DR45	unique patient	TCGA_ESCC_DR45_driver_core	CNV-RNA Spearman rho	0.425927404527305	1.68279692547089e-05	5.97124527387291e-05	positive	support	TCGA_evaluable_Cao_not_profiled_current_strong_only_not_negative	FALSE	FALSE	T2	25	FALSE
EVIDENCE_000160	GENE:C8orf33	C8orf33	driver_candidate	TCGA_driver_composite	genome+transcriptome	TCGA-ESCC GDC DR45	unique patient	TCGA_ESCC_DR45_driver_core	CNV-RNA Spearman rho	0.51445292493782	9.65907827486312e-08	6.26580208091121e-07	positive	support	TCGA_evaluable_Cao_not_profiled_current_strong_only_not_negative	FALSE	FALSE	T2	25	FALSE
EVIDENCE_000161	GENE:C8orf37	C8orf37	driver_candidate	TCGA_driver_composite	genome+transcriptome	TCGA-ESCC GDC DR45	unique patient	TCGA_ESCC_DR45_driver_core	CNV-RNA Spearman rho	0.465579581265705	1.99217969154151e-06	9.045765430766e-06	positive	support	TCGA_evaluable_Cao_not_profiled_current_strong_only_not_negative	FALSE	FALSE	T2	25	FALSE
EVIDENCE_000162	GENE:C8orf76	C8orf76	driver_candidate	TCGA_driver_composite	genome+transcriptome	TCGA-ESCC GDC DR45	unique patient	TCGA_ESCC_DR45_driver_core	CNV-RNA Spearman rho	0.598565550381077	1.48978837148611e-10	2.10864912133782e-09	positive	support	TCGA_evaluable_Cao_not_profiled_current_strong_only_not_negative	FALSE	FALSE	T2	25	FALSE
EVIDENCE_000163	GENE:C8orf82	C8orf82	driver_candidate	TCGA_driver_composite	genome+transcriptome	TCGA-ESCC GDC DR45	unique patient	TCGA_ESCC_DR45_driver_core	CNV-RNA Spearman rho	0.398922882885302	6.21999863381515e-05	0.000192442114354827	positive	support	TCGA_evaluable_Cao_not_profiled_current_strong_only_not_negative	FALSE	FALSE	T2	25	FALSE
EVIDENCE_000164	GENE:CA5B	CA5B	driver_candidate	TCGA_driver_composite	genome+transcriptome	TCGA-ESCC GDC DR45	unique patient	TCGA_ESCC_DR45_driver_core	CNV-RNA Spearman rho	0.431109533115082	1.29244305177328e-05	4.72356276155294e-05	positive	support	TCGA_evaluable_Cao_not_profiled_current_strong_only_not_negative	FALSE	FALSE	T2	25	FALSE
EVIDENCE_000165	GENE:CAPN5	CAPN5	driver_candidate	TCGA_driver_composite	genome+transcriptome	TCGA-ESCC GDC DR45	unique patient	TCGA_ESCC_DR45_driver_core	CNV-RNA Spearman rho	0.356136960991839	0.000396919879568804	0.00101404873341893	positive	support	TCGA_evaluable_Cao_not_profiled_current_strong_only_not_negative	FALSE	FALSE	T2	25	FALSE
EVIDENCE_000166	GENE:CARD6	CARD6	driver_candidate	TCGA_driver_composite	genome+transcriptome	TCGA-ESCC GDC DR45	unique patient	TCGA_ESCC_DR45_driver_core	CNV-RNA Spearman rho	0.443191727689804	6.86702664136053e-06	2.6938297953948e-05	positive	support	TCGA_evaluable_Cao_not_profiled_current_strong_only_not_negative	FALSE	FALSE	T2	25	FALSE
EVIDENCE_000167	GENE:CASD1	CASD1	driver_candidate	TCGA_driver_composite	genome+transcriptome	TCGA-ESCC GDC DR45	unique patient	TCGA_ESCC_DR45_driver_core	CNV-RNA Spearman rho	0.590828822632385	2.92411236960151e-10	3.87093873395474e-09	positive	support	TCGA_evaluable_Cao_not_profiled_current_strong_only_not_negative	FALSE	FALSE	T2	25	FALSE
EVIDENCE_000168	GENE:CASK	CASK	driver_candidate	TCGA_driver_composite	genome+transcriptome	TCGA-ESCC GDC DR45	unique patient	TCGA_ESCC_DR45_driver_core	CNV-RNA Spearman rho	0.33710200954865	0.000836247951892547	0.00198217173728921	positive	support	TCGA_evaluable_Cao_not_profiled_current_strong_only_not_negative	FALSE	FALSE	T2	25	FALSE
EVIDENCE_000169	GENE:CBLB	CBLB	driver_candidate	TCGA_driver_composite	genome+transcriptome	TCGA-ESCC GDC DR45	unique patient	TCGA_ESCC_DR45_driver_core	CNV-RNA Spearman rho	0.369457887801636	0.000229043415139697	0.000620668502308041	positive	support	TCGA_evaluable_Cao_not_profiled_current_strong_only_not_negative	FALSE	FALSE	T2	25	FALSE
EVIDENCE_000170	GENE:CBLL1	CBLL1	driver_candidate	TCGA_driver_composite	genome+transcriptome	TCGA-ESCC GDC DR45	unique patient	TCGA_ESCC_DR45_driver_core	CNV-RNA Spearman rho	0.653265447689516	7.21599227176709e-13	2.13317515129488e-11	positive	support	TCGA_evaluable_Cao_not_profiled_current_strong_only_not_negative	FALSE	FALSE	T2	25	FALSE
EVIDENCE_000171	GENE:CCDC127	CCDC127	driver_candidate	TCGA_driver_composite	genome+transcriptome	TCGA-ESCC GDC DR45	unique patient	TCGA_ESCC_DR45_driver_core	CNV-RNA Spearman rho	0.631098683743529	7.10284864344228e-12	1.48399219927735e-10	positive	support	TCGA_evaluable_Cao_not_profiled_current_strong_only_not_negative	FALSE	FALSE	T2	25	FALSE
EVIDENCE_000172	GENE:CCDC14	CCDC14	driver_candidate	TCGA_driver_composite	genome+transcriptome	TCGA-ESCC GDC DR45	unique patient	TCGA_ESCC_DR45_driver_core	CNV-RNA Spearman rho	0.554301782410602	5.62097242445901e-09	5.09543761879836e-08	positive	support	TCGA_evaluable_Cao_not_profiled_current_strong_only_not_negative	FALSE	FALSE	T2	25	FALSE
EVIDENCE_000173	GENE:CCDC191	CCDC191	driver_candidate	TCGA_driver_composite	genome+transcriptome	TCGA-ESCC GDC DR45	unique patient	TCGA_ESCC_DR45_driver_core	CNV-RNA Spearman rho	0.627947400693193	9.68774605031584e-12	1.94398726914724e-10	positive	support	TCGA_evaluable_Cao_not_profiled_current_strong_only_not_negative	FALSE	FALSE	T2	25	FALSE
EVIDENCE_000174	GENE:CCDC50	CCDC50	driver_candidate	TCGA_driver_composite	genome+transcriptome	TCGA-ESCC GDC DR45	unique patient	TCGA_ESCC_DR45_driver_core	CNV-RNA Spearman rho	0.474031094435611	1.21998967210814e-06	5.86946472749445e-06	positive	support	TCGA_evaluable_Cao_not_profiled_current_strong_only_not_negative	FALSE	FALSE	T2	25	FALSE
EVIDENCE_000175	GENE:CCDC58	CCDC58	driver_candidate	TCGA_driver_composite	genome+transcriptome	TCGA-ESCC GDC DR45	unique patient	TCGA_ESCC_DR45_driver_core	CNV-RNA Spearman rho	0.568085067529419	1.92175443500142e-09	1.99931827273896e-08	positive	support	TCGA_evaluable_Cao_not_profiled_current_strong_only_not_negative	FALSE	FALSE	T2	25	FALSE
EVIDENCE_000176	GENE:CCDC71L	CCDC71L	driver_candidate	TCGA_driver_composite	genome+transcriptome	TCGA-ESCC GDC DR45	unique patient	TCGA_ESCC_DR45_driver_core	CNV-RNA Spearman rho	0.339458816851588	0.000764467332266562	0.00183281724743792	positive	support	TCGA_evaluable_Cao_not_profiled_current_strong_only_not_negative	FALSE	FALSE	T2	25	FALSE
EVIDENCE_000177	GENE:CCDC77	CCDC77	driver_candidate	TCGA_driver_composite	genome+transcriptome	TCGA-ESCC GDC DR45	unique patient	TCGA_ESCC_DR45_driver_core	CNV-RNA Spearman rho	0.575154709859789	1.08692216211656e-09	1.21615314008047e-08	positive	support	TCGA_evaluable_Cao_not_profiled_current_strong_only_not_negative	FALSE	FALSE	T2	25	FALSE
EVIDENCE_000178	GENE:CCDC91	CCDC91	driver_candidate	TCGA_driver_composite	genome+transcriptome	TCGA-ESCC GDC DR45	unique patient	TCGA_ESCC_DR45_driver_core	CNV-RNA Spearman rho	0.518119601704885	7.54777759195978e-08	5.00109275973009e-07	positive	support	TCGA_evaluable_Cao_not_profiled_current_strong_only_not_negative	FALSE	FALSE	T2	25	FALSE
EVIDENCE_000179	GENE:CCN3	CCN3	driver_candidate	TCGA_driver_composite	genome+transcriptome	TCGA-ESCC GDC DR45	unique patient	TCGA_ESCC_DR45_driver_core	CNV-RNA Spearman rho	0.307456158722997	0.00243896283232058	0.00523897808934445	positive	support	TCGA_evaluable_Cao_not_profiled_current_strong_only_not_negative	FALSE	FALSE	T2	25	FALSE
EVIDENCE_000180	GENE:CCND1	CCND1	driver_candidate	TCGA_driver_composite	genome+transcriptome	TCGA-ESCC GDC DR45	unique patient	TCGA_ESCC_DR45_driver_core	CNV-RNA Spearman rho	0.807053647360025	5.36004747744666e-23	6.79761221089785e-20	positive	support	TCGA_evaluable_Cao_not_profiled_current_strong_only_not_negative	FALSE	FALSE	T2	25	FALSE
EVIDENCE_000181	GENE:CCNE2	CCNE2	driver_candidate	TCGA_driver_composite	genome+transcriptome	TCGA-ESCC GDC DR45	unique patient	TCGA_ESCC_DR45_driver_core	CNV-RNA Spearman rho	0.384295468252641	0.000120651241595004	0.000349896877637283	positive	support	TCGA_evaluable_Cao_not_profiled_current_strong_only_not_negative	FALSE	FALSE	T2	25	FALSE
EVIDENCE_000182	GENE:CCNL1	CCNL1	driver_candidate	TCGA_driver_composite	genome+transcriptome	TCGA-ESCC GDC DR45	unique patient	TCGA_ESCC_DR45_driver_core	CNV-RNA Spearman rho	0.623872030701225	1.43977910536973e-11	2.69310894016209e-10	positive	support	TCGA_evaluable_Cao_not_profiled_current_strong_only_not_negative	FALSE	FALSE	T2	25	FALSE
EVIDENCE_000183	GENE:CCSAP	CCSAP	driver_candidate	TCGA_driver_composite	genome+transcriptome	TCGA-ESCC GDC DR45	unique patient	TCGA_ESCC_DR45_driver_core	CNV-RNA Spearman rho	0.330026804951655	0.00109024418399116	0.00252492270660627	positive	support	TCGA_evaluable_Cao_not_profiled_current_strong_only_not_negative	FALSE	FALSE	T2	25	FALSE
EVIDENCE_000184	GENE:CCT5	CCT5	driver_candidate	TCGA_driver_composite	genome+transcriptome	TCGA-ESCC GDC DR45	unique patient	TCGA_ESCC_DR45_driver_core	CNV-RNA Spearman rho	0.593655198150621	2.29035469459911e-10	3.11321310149045e-09	positive	support	TCGA_evaluable_Cao_not_profiled_current_strong_only_not_negative	FALSE	FALSE	T2	25	FALSE
EVIDENCE_000185	GENE:CCT6A	CCT6A	driver_candidate	TCGA_driver_composite	genome+transcriptome	TCGA-ESCC GDC DR45	unique patient	TCGA_ESCC_DR45_driver_core	CNV-RNA Spearman rho	0.595784561466218	1.90236375557407e-10	2.6395817448786e-09	positive	support	TCGA_evaluable_Cao_not_profiled_current_strong_only_not_negative	FALSE	FALSE	T2	25	FALSE
EVIDENCE_000186	GENE:CCZ1	CCZ1	driver_candidate	TCGA_driver_composite	genome+transcriptome	TCGA-ESCC GDC DR45	unique patient	TCGA_ESCC_DR45_driver_core	CNV-RNA Spearman rho	0.356904724132264	0.000384786602071561	0.000986229524549623	positive	support	TCGA_evaluable_Cao_not_profiled_current_strong_only_not_negative	FALSE	FALSE	T2	25	FALSE
EVIDENCE_000187	GENE:CCZ1B	CCZ1B	driver_candidate	TCGA_driver_composite	genome+transcriptome	TCGA-ESCC GDC DR45	unique patient	TCGA_ESCC_DR45_driver_core	CNV-RNA Spearman rho	0.401328843234423	5.56109475548428e-05	0.000174223823342519	positive	support	TCGA_evaluable_Cao_not_profiled_current_strong_only_not_negative	FALSE	FALSE	T2	25	FALSE
EVIDENCE_000188	GENE:CD200R1	CD200R1	driver_candidate	TCGA_driver_composite	genome+transcriptome	TCGA-ESCC GDC DR45	unique patient	TCGA_ESCC_DR45_driver_core	CNV-RNA Spearman rho	0.316064435351369	0.00180709627420018	0.00401148169952855	positive	support	TCGA_evaluable_Cao_not_profiled_current_strong_only_not_negative	FALSE	FALSE	T2	25	FALSE
EVIDENCE_000189	GENE:CD200R1L	CD200R1L	driver_candidate	TCGA_driver_composite	genome+transcriptome	TCGA-ESCC GDC DR45	unique patient	TCGA_ESCC_DR45_driver_core	CNV-RNA Spearman rho	0.37575101445504	0.00017517406739034	0.000488361732830137	positive	support	TCGA_evaluable_Cao_not_profiled_current_strong_only_not_negative	FALSE	FALSE	T2	25	FALSE
EVIDENCE_000190	GENE:CDC42BPA	CDC42BPA	driver_candidate	TCGA_driver_composite	genome+transcriptome	TCGA-ESCC GDC DR45	unique patient	TCGA_ESCC_DR45_driver_core	CNV-RNA Spearman rho	0.39462003868191	7.58289903044703e-05	0.000229513903351144	positive	support	TCGA_evaluable_Cao_not_profiled_current_strong_only_not_negative	FALSE	FALSE	T2	25	FALSE
EVIDENCE_000191	GENE:CDH10	CDH10	driver_candidate	TCGA_driver_composite	genome+transcriptome	TCGA-ESCC GDC DR45	unique patient	TCGA_ESCC_DR45_driver_core	CNV-RNA Spearman rho	0.103706961789162	0.317248108157101	0.392291391151361	positive	same_direction_nonsignificant	TCGA_evaluable_Cao_not_profiled_current_strong_only_not_negative	FALSE	FALSE	T2	25	FALSE
EVIDENCE_000192	GENE:CDH11	CDH11	driver_candidate	TCGA_driver_composite	genome+transcriptome	TCGA-ESCC GDC DR45	unique patient	TCGA_ESCC_DR45_driver_core	CNV-RNA Spearman rho	0.123298377648566	0.233888004853235	0.303072205737073	positive	same_direction_nonsignificant	TCGA_evaluable_Cao_not_profiled_current_strong_only_not_negative	FALSE	FALSE	T2	25	FALSE
EVIDENCE_000193	GENE:CDHR3	CDHR3	driver_candidate	TCGA_driver_composite	genome+transcriptome	TCGA-ESCC GDC DR45	unique patient	TCGA_ESCC_DR45_driver_core	CNV-RNA Spearman rho	0.353256350387127	0.00044564523831545	0.00112858971753405	positive	support	TCGA_evaluable_Cao_not_profiled_current_strong_only_not_negative	FALSE	FALSE	T2	25	FALSE
EVIDENCE_000194	GENE:CDK16	CDK16	driver_candidate	TCGA_driver_composite	genome+transcriptome	TCGA-ESCC GDC DR45	unique patient	TCGA_ESCC_DR45_driver_core	CNV-RNA Spearman rho	0.410624456661049	3.57878047037166e-05	0.000117155637390948	positive	support	TCGA_evaluable_Cao_not_profiled_current_strong_only_not_negative	FALSE	FALSE	T2	25	FALSE
EVIDENCE_000195	GENE:CDK2AP2	CDK2AP2	driver_candidate	TCGA_driver_composite	genome+transcriptome	TCGA-ESCC GDC DR45	unique patient	TCGA_ESCC_DR45_driver_core	CNV-RNA Spearman rho	0.537847521711756	1.90220718089883e-08	1.48728677362262e-07	positive	support	TCGA_evaluable_Cao_not_profiled_current_strong_only_not_negative	FALSE	FALSE	T2	25	FALSE
EVIDENCE_000196	GENE:CDK6	CDK6	driver_candidate	TCGA_driver_composite	genome+transcriptome	TCGA-ESCC GDC DR45	unique patient	TCGA_ESCC_DR45_driver_core	CNV-RNA Spearman rho	0.40405000524455	4.89449804636873e-05	0.000155257689404823	positive	support	TCGA_evaluable_Cao_not_profiled_current_strong_only_not_negative	FALSE	FALSE	T2	25	FALSE
EVIDENCE_000197	GENE:CDKN2A	CDKN2A	driver_candidate	TCGA_driver_composite	genome+transcriptome	TCGA-ESCC GDC DR45	unique patient	TCGA_ESCC_DR45_driver_core	CNV-RNA Spearman rho	0.639704267055146	2.988317786365e-12	7.1102900875574e-11	positive	support	TCGA_evaluable_Cao_not_profiled_current_strong_only_not_negative	FALSE	FALSE	T2	25	FALSE
EVIDENCE_000198	GENE:CDKN2B	CDKN2B	driver_candidate	TCGA_driver_composite	genome+transcriptome	TCGA-ESCC GDC DR45	unique patient	TCGA_ESCC_DR45_driver_core	CNV-RNA Spearman rho	0.624851955410782	1.30963235114544e-11	2.49006858729033e-10	positive	support	TCGA_evaluable_Cao_not_profiled_current_strong_only_not_negative	FALSE	FALSE	T2	25	FALSE
EVIDENCE_000199	GENE:CDV3	CDV3	driver_candidate	TCGA_driver_composite	genome+transcriptome	TCGA-ESCC GDC DR45	unique patient	TCGA_ESCC_DR45_driver_core	CNV-RNA Spearman rho	0.552074631537571	6.65511431807571e-09	5.93114264102854e-08	positive	support	TCGA_evaluable_Cao_not_profiled_current_strong_only_not_negative	FALSE	FALSE	T2	25	FALSE
EVIDENCE_000200	GENE:CENPF	CENPF	driver_candidate	TCGA_driver_composite	genome+transcriptome	TCGA-ESCC GDC DR45	unique patient	TCGA_ESCC_DR45_driver_core	CNV-RNA Spearman rho	0.390474645447889	9.15419497141026e-05	0.000272459206835213	positive	support	TCGA_evaluable_Cao_not_profiled_current_strong_only_not_negative	FALSE	FALSE	T2	25	FALSE
EVIDENCE_000201	GENE:CEP170	CEP170	driver_candidate	TCGA_driver_composite	genome+transcriptome	TCGA-ESCC GDC DR45	unique patient	TCGA_ESCC_DR45_driver_core	CNV-RNA Spearman rho	0.375300515184522	0.000178601362949729	0.000496715457221153	positive	support	TCGA_evaluable_Cao_not_profiled_current_strong_only_not_negative	FALSE	FALSE	T2	25	FALSE
EVIDENCE_000202	GENE:CEP19	CEP19	driver_candidate	TCGA_driver_composite	genome+transcriptome	TCGA-ESCC GDC DR45	unique patient	TCGA_ESCC_DR45_driver_core	CNV-RNA Spearman rho	0.550223843192332	7.65064549006451e-09	6.7116813524385e-08	positive	support	TCGA_evaluable_Cao_not_profiled_current_strong_only_not_negative	FALSE	FALSE	T2	25	FALSE
EVIDENCE_000203	GENE:CEP290	CEP290	driver_candidate	TCGA_driver_composite	genome+transcriptome	TCGA-ESCC GDC DR45	unique patient	TCGA_ESCC_DR45_driver_core	CNV-RNA Spearman rho	0.338637333984924	0.000788821917648993	0.00188609343130176	positive	support	TCGA_evaluable_Cao_not_profiled_current_strong_only_not_negative	FALSE	FALSE	T2	25	FALSE
EVIDENCE_000204	GENE:CEP63	CEP63	driver_candidate	TCGA_driver_composite	genome+transcriptome	TCGA-ESCC GDC DR45	unique patient	TCGA_ESCC_DR45_driver_core	CNV-RNA Spearman rho	0.744111593181349	5.60839431708039e-18	1.11133838639396e-15	positive	support	TCGA_evaluable_Cao_not_profiled_current_strong_only_not_negative	FALSE	FALSE	T2	25	FALSE
EVIDENCE_000205	GENE:CEP70	CEP70	driver_candidate	TCGA_driver_composite	genome+transcriptome	TCGA-ESCC GDC DR45	unique patient	TCGA_ESCC_DR45_driver_core	CNV-RNA Spearman rho	0.613414110878654	3.87810079058001e-11	6.41226521853138e-10	positive	support	TCGA_evaluable_Cao_not_profiled_current_strong_only_not_negative	FALSE	FALSE	T2	25	FALSE
EVIDENCE_000206	GENE:CEP72	CEP72	driver_candidate	TCGA_driver_composite	genome+transcriptome	TCGA-ESCC GDC DR45	unique patient	TCGA_ESCC_DR45_driver_core	CNV-RNA Spearman rho	0.70550053895998	1.43573891817341e-15	1.07106123295736e-13	positive	support	TCGA_evaluable_Cao_not_profiled_current_strong_only_not_negative	FALSE	FALSE	T2	25	FALSE
EVIDENCE_000207	GENE:CEP97	CEP97	driver_candidate	TCGA_driver_composite	genome+transcriptome	TCGA-ESCC GDC DR45	unique patient	TCGA_ESCC_DR45_driver_core	CNV-RNA Spearman rho	0.656387908408709	5.14922327618894e-13	1.60843471893173e-11	positive	support	TCGA_evaluable_Cao_not_profiled_current_strong_only_not_negative	FALSE	FALSE	T2	25	FALSE
EVIDENCE_000208	GENE:CFAP44	CFAP44	driver_candidate	TCGA_driver_composite	genome+transcriptome	TCGA-ESCC GDC DR45	unique patient	TCGA_ESCC_DR45_driver_core	CNV-RNA Spearman rho	0.386415329229673	0.000109815027423545	0.000322229101755066	positive	support	TCGA_evaluable_Cao_not_profiled_current_strong_only_not_negative	FALSE	FALSE	T2	25	FALSE
EVIDENCE_000209	GENE:CFAP69	CFAP69	driver_candidate	TCGA_driver_composite	genome+transcriptome	TCGA-ESCC GDC DR45	unique patient	TCGA_ESCC_DR45_driver_core	CNV-RNA Spearman rho	0.394210751125824	7.72606702681185e-05	0.000233512826582526	positive	support	TCGA_evaluable_Cao_not_profiled_current_strong_only_not_negative	FALSE	FALSE	T2	25	FALSE
EVIDENCE_000210	GENE:CFAP92	CFAP92	driver_candidate	TCGA_driver_composite	genome+transcriptome	TCGA-ESCC GDC DR45	unique patient	TCGA_ESCC_DR45_driver_core	CNV-RNA Spearman rho	0.372887125859204	0.000198041879200367	0.000544690330084376	positive	support	TCGA_evaluable_Cao_not_profiled_current_strong_only_not_negative	FALSE	FALSE	T2	25	FALSE
EVIDENCE_000211	GENE:CFHR1	CFHR1	driver_candidate	TCGA_driver_composite	genome+transcriptome	TCGA-ESCC GDC DR45	unique patient	TCGA_ESCC_DR45_driver_core	CNV-RNA Spearman rho	0.320032377855281	0.00156913689501073	0.00352146418377741	positive	support	TCGA_evaluable_Cao_not_profiled_current_strong_only_not_negative	FALSE	FALSE	T2	25	FALSE
EVIDENCE_000212	GENE:CHCHD2	CHCHD2	driver_candidate	TCGA_driver_composite	genome+transcriptome	TCGA-ESCC GDC DR45	unique patient	TCGA_ESCC_DR45_driver_core	CNV-RNA Spearman rho	0.474430811206803	1.1916314185838e-06	5.754862776268e-06	positive	support	TCGA_evaluable_Cao_not_profiled_current_strong_only_not_negative	FALSE	FALSE	T2	25	FALSE
EVIDENCE_000213	GENE:CHCHD6	CHCHD6	driver_candidate	TCGA_driver_composite	genome+transcriptome	TCGA-ESCC GDC DR45	unique patient	TCGA_ESCC_DR45_driver_core	CNV-RNA Spearman rho	0.629273197949526	8.50550884625389e-12	1.7286356280159e-10	positive	support	TCGA_evaluable_Cao_not_profiled_current_strong_only_not_negative	FALSE	FALSE	T2	25	FALSE
EVIDENCE_000214	GENE:CHCHD7	CHCHD7	driver_candidate	TCGA_driver_composite	genome+transcriptome	TCGA-ESCC GDC DR45	unique patient	TCGA_ESCC_DR45_driver_core	CNV-RNA Spearman rho	0.535890697072271	2.18953327039591e-08	1.68186922684197e-07	positive	support	TCGA_evaluable_Cao_not_profiled_current_strong_only_not_negative	FALSE	FALSE	T2	25	FALSE
EVIDENCE_000215	GENE:CHD7	CHD7	driver_candidate	TCGA_driver_composite	genome+transcriptome	TCGA-ESCC GDC DR45	unique patient	TCGA_ESCC_DR45_driver_core	CNV-RNA Spearman rho	0.402223803406587	5.33305075674075e-05	0.000167576188545555	positive	support	TCGA_evaluable_Cao_not_profiled_current_strong_only_not_negative	FALSE	FALSE	T2	25	FALSE
EVIDENCE_000216	GENE:CHKA	CHKA	driver_candidate	TCGA_driver_composite	genome+transcriptome	TCGA-ESCC GDC DR45	unique patient	TCGA_ESCC_DR45_driver_core	CNV-RNA Spearman rho	0.56463095969693	2.52647287814245e-09	2.53086327334934e-08	positive	support	TCGA_evaluable_Cao_not_profiled_current_strong_only_not_negative	FALSE	FALSE	T2	25	FALSE
EVIDENCE_000217	GENE:CHRAC1	CHRAC1	driver_candidate	TCGA_driver_composite	genome+transcriptome	TCGA-ESCC GDC DR45	unique patient	TCGA_ESCC_DR45_driver_core	CNV-RNA Spearman rho	0.57926826338627	7.75290017829926e-10	9.13775836999919e-09	positive	support	TCGA_evaluable_Cao_not_profiled_current_strong_only_not_negative	FALSE	FALSE	T2	25	FALSE
EVIDENCE_000218	GENE:CIBAR1	CIBAR1	driver_candidate	TCGA_driver_composite	genome+transcriptome	TCGA-ESCC GDC DR45	unique patient	TCGA_ESCC_DR45_driver_core	CNV-RNA Spearman rho	0.38749230387236	0.000104662577021538	0.000308108356960804	positive	support	TCGA_evaluable_Cao_not_profiled_current_strong_only_not_negative	FALSE	FALSE	T2	25	FALSE
EVIDENCE_000219	GENE:CIP2A	CIP2A	driver_candidate	TCGA_driver_composite	genome+transcriptome	TCGA-ESCC GDC DR45	unique patient	TCGA_ESCC_DR45_driver_core	CNV-RNA Spearman rho	0.630117046913009	7.82679874395043e-12	1.60874330098508e-10	positive	support	TCGA_evaluable_Cao_not_profiled_current_strong_only_not_negative	FALSE	FALSE	T2	25	FALSE
EVIDENCE_000220	GENE:CLCN2	CLCN2	driver_candidate	TCGA_driver_composite	genome+transcriptome	TCGA-ESCC GDC DR45	unique patient	TCGA_ESCC_DR45_driver_core	CNV-RNA Spearman rho	0.665802056092687	1.81669744464388e-13	6.39323076208021e-12	positive	support	TCGA_evaluable_Cao_not_profiled_current_strong_only_not_negative	FALSE	FALSE	T2	25	FALSE
EVIDENCE_000221	GENE:CLCN5	CLCN5	driver_candidate	TCGA_driver_composite	genome+transcriptome	TCGA-ESCC GDC DR45	unique patient	TCGA_ESCC_DR45_driver_core	CNV-RNA Spearman rho	0.342732184329558	0.000674089489826077	0.00164084508828681	positive	support	TCGA_evaluable_Cao_not_profiled_current_strong_only_not_negative	FALSE	FALSE	T2	25	FALSE
EVIDENCE_000222	GENE:CLDN12	CLDN12	driver_candidate	TCGA_driver_composite	genome+transcriptome	TCGA-ESCC GDC DR45	unique patient	TCGA_ESCC_DR45_driver_core	CNV-RNA Spearman rho	0.456771565457428	3.27578811342701e-06	1.39924367984107e-05	positive	support	TCGA_evaluable_Cao_not_profiled_current_strong_only_not_negative	FALSE	FALSE	T2	25	FALSE
EVIDENCE_000223	GENE:CLDN15	CLDN15	driver_candidate	TCGA_driver_composite	genome+transcriptome	TCGA-ESCC GDC DR45	unique patient	TCGA_ESCC_DR45_driver_core	CNV-RNA Spearman rho	0.535829121774179	2.19921498281413e-08	1.68828356005138e-07	positive	support	TCGA_evaluable_Cao_not_profiled_current_strong_only_not_negative	FALSE	FALSE	T2	25	FALSE
EVIDENCE_000224	GENE:CLDND1	CLDND1	driver_candidate	TCGA_driver_composite	genome+transcriptome	TCGA-ESCC GDC DR45	unique patient	TCGA_ESCC_DR45_driver_core	CNV-RNA Spearman rho	0.570730939562121	1.55508336444119e-09	1.66990408364464e-08	positive	support	TCGA_evaluable_Cao_not_profiled_current_strong_only_not_negative	FALSE	FALSE	T2	25	FALSE
EVIDENCE_000225	GENE:CLNS1A	CLNS1A	driver_candidate	TCGA_driver_composite	genome+transcriptome	TCGA-ESCC GDC DR45	unique patient	TCGA_ESCC_DR45_driver_core	CNV-RNA Spearman rho	0.762882733073672	2.60630650872038e-19	9.72152327752701e-17	positive	support	TCGA_evaluable_Cao_not_profiled_current_strong_only_not_negative	FALSE	FALSE	T2	25	FALSE
EVIDENCE_000226	GENE:CLPB	CLPB	driver_candidate	TCGA_driver_composite	genome+transcriptome	TCGA-ESCC GDC DR45	unique patient	TCGA_ESCC_DR45_driver_core	CNV-RNA Spearman rho	0.679621454354649	3.67086836412042e-14	1.66860045138979e-12	positive	support	TCGA_evaluable_Cao_not_profiled_current_strong_only_not_negative	FALSE	FALSE	T2	25	FALSE
EVIDENCE_000227	GENE:CLPTM1L	CLPTM1L	driver_candidate	TCGA_driver_composite	genome+transcriptome	TCGA-ESCC GDC DR45	unique patient	TCGA_ESCC_DR45_driver_core	CNV-RNA Spearman rho	0.707301458344029	1.1309738207e-15	8.79939263442784e-14	positive	support	TCGA_evaluable_Cao_not_profiled_current_strong_only_not_negative	FALSE	FALSE	T2	25	FALSE
EVIDENCE_000228	GENE:CMAS	CMAS	driver_candidate	TCGA_driver_composite	genome+transcriptome	TCGA-ESCC GDC DR45	unique patient	TCGA_ESCC_DR45_driver_core	CNV-RNA Spearman rho	0.464972486934403	2.06257154538821e-06	9.3253234718764e-06	positive	support	TCGA_evaluable_Cao_not_profiled_current_strong_only_not_negative	FALSE	FALSE	T2	25	FALSE
EVIDENCE_000229	GENE:CMBL	CMBL	driver_candidate	TCGA_driver_composite	genome+transcriptome	TCGA-ESCC GDC DR45	unique patient	TCGA_ESCC_DR45_driver_core	CNV-RNA Spearman rho	0.597232466610286	1.67549864593226e-10	2.35312002521737e-09	positive	support	TCGA_evaluable_Cao_not_profiled_current_strong_only_not_negative	FALSE	FALSE	T2	25	FALSE
EVIDENCE_000230	GENE:CMSS1	CMSS1	driver_candidate	TCGA_driver_composite	genome+transcriptome	TCGA-ESCC GDC DR45	unique patient	TCGA_ESCC_DR45_driver_core	CNV-RNA Spearman rho	0.531707956326397	2.94880630731622e-08	2.1998095052579e-07	positive	support	TCGA_evaluable_Cao_not_profiled_current_strong_only_not_negative	FALSE	FALSE	T2	25	FALSE
EVIDENCE_000231	GENE:CNBP	CNBP	driver_candidate	TCGA_driver_composite	genome+transcriptome	TCGA-ESCC GDC DR45	unique patient	TCGA_ESCC_DR45_driver_core	CNV-RNA Spearman rho	0.417940365060798	2.50640702555713e-05	8.4989983684801e-05	positive	support	TCGA_evaluable_Cao_not_profiled_current_strong_only_not_negative	FALSE	FALSE	T2	25	FALSE
EVIDENCE_000232	GENE:CNIH4	CNIH4	driver_candidate	TCGA_driver_composite	genome+transcriptome	TCGA-ESCC GDC DR45	unique patient	TCGA_ESCC_DR45_driver_core	CNV-RNA Spearman rho	0.448292719198315	5.21956457202753e-06	2.11551671148779e-05	positive	support	TCGA_evaluable_Cao_not_profiled_current_strong_only_not_negative	FALSE	FALSE	T2	25	FALSE
EVIDENCE_000233	GENE:CNPY4	CNPY4	driver_candidate	TCGA_driver_composite	genome+transcriptome	TCGA-ESCC GDC DR45	unique patient	TCGA_ESCC_DR45_driver_core	CNV-RNA Spearman rho	0.422223422127689	2.02681361334629e-05	7.04993149875416e-05	positive	support	TCGA_evaluable_Cao_not_profiled_current_strong_only_not_negative	FALSE	FALSE	T2	25	FALSE
EVIDENCE_000234	GENE:CNTN6	CNTN6	driver_candidate	TCGA_driver_composite	genome+transcriptome	TCGA-ESCC GDC DR45	unique patient	TCGA_ESCC_DR45_driver_core	CNV-RNA Spearman rho	-0.0525556890493798	0.612984420866331	0.678229665453395	negative	same_direction_nonsignificant	TCGA_evaluable_Cao_not_profiled_current_strong_only_not_negative	FALSE	FALSE	T2	25	FALSE
EVIDENCE_000235	GENE:CNTNAP5	CNTNAP5	driver_candidate	TCGA_driver_composite	genome+transcriptome	TCGA-ESCC GDC DR45	unique patient	TCGA_ESCC_DR45_driver_core	CNV-RNA Spearman rho	0.127810791667949	0.217082399796398	0.284669526855332	positive	same_direction_nonsignificant	TCGA_evaluable_Cao_not_profiled_current_strong_only_not_negative	FALSE	FALSE	T2	25	FALSE
EVIDENCE_000236	GENE:COA4	COA4	driver_candidate	TCGA_driver_composite	genome+transcriptome	TCGA-ESCC GDC DR45	unique patient	TCGA_ESCC_DR45_driver_core	CNV-RNA Spearman rho	0.745127269485094	4.78308442723825e-18	9.78372204939281e-16	positive	support	TCGA_evaluable_Cao_not_profiled_current_strong_only_not_negative	FALSE	FALSE	T2	25	FALSE
EVIDENCE_000237	GENE:COA6	COA6	driver_candidate	TCGA_driver_composite	genome+transcriptome	TCGA-ESCC GDC DR45	unique patient	TCGA_ESCC_DR45_driver_core	CNV-RNA Spearman rho	0.424759929029218	1.78482679763484e-05	6.29279217336811e-05	positive	support	TCGA_evaluable_Cao_not_profiled_current_strong_only_not_negative	FALSE	FALSE	T2	25	FALSE
EVIDENCE_000238	GENE:COBLL1	COBLL1	driver_candidate	TCGA_driver_composite	genome+transcriptome	TCGA-ESCC GDC DR45	unique patient	TCGA_ESCC_DR45_driver_core	CNV-RNA Spearman rho	0.100965515507145	0.330278485989973	0.405714041003955	positive	same_direction_nonsignificant	TCGA_evaluable_Cao_not_profiled_current_strong_only_not_negative	FALSE	FALSE	T2	25	FALSE
EVIDENCE_000239	GENE:COG2	COG2	driver_candidate	TCGA_driver_composite	genome+transcriptome	TCGA-ESCC GDC DR45	unique patient	TCGA_ESCC_DR45_driver_core	CNV-RNA Spearman rho	0.541106147758955	1.50194396447228e-08	1.2073864652451e-07	positive	support	TCGA_evaluable_Cao_not_profiled_current_strong_only_not_negative	FALSE	FALSE	T2	25	FALSE
EVIDENCE_000240	GENE:COG5	COG5	driver_candidate	TCGA_driver_composite	genome+transcriptome	TCGA-ESCC GDC DR45	unique patient	TCGA_ESCC_DR45_driver_core	CNV-RNA Spearman rho	0.655135702416072	5.89821865442056e-13	1.78523171778906e-11	positive	support	TCGA_evaluable_Cao_not_profiled_current_strong_only_not_negative	FALSE	FALSE	T2	25	FALSE
EVIDENCE_000241	GENE:COL11A1	COL11A1	driver_candidate	TCGA_driver_composite	genome+transcriptome	TCGA-ESCC GDC DR45	unique patient	TCGA_ESCC_DR45_driver_core	mutated patient count	7			event_recurrence	not_comparable	TCGA_evaluable_Cao_not_profiled_current_strong_only_not_negative	FALSE	FALSE	T2	25	FALSE
EVIDENCE_000242	GENE:COL26A1	COL26A1	driver_candidate	TCGA_driver_composite	genome+transcriptome	TCGA-ESCC GDC DR45	unique patient	TCGA_ESCC_DR45_driver_core	CNV-RNA Spearman rho	0.302231919283032	0.00291331212832788	0.00615469338854808	positive	support	TCGA_evaluable_Cao_not_profiled_current_strong_only_not_negative	FALSE	FALSE	T2	25	FALSE
EVIDENCE_000243	GENE:COMMD2	COMMD2	driver_candidate	TCGA_driver_composite	genome+transcriptome	TCGA-ESCC GDC DR45	unique patient	TCGA_ESCC_DR45_driver_core	CNV-RNA Spearman rho	0.732470705790793	3.30071075298666e-17	4.59995755707438e-15	positive	support	TCGA_evaluable_Cao_not_profiled_current_strong_only_not_negative	FALSE	FALSE	T2	25	FALSE
EVIDENCE_000244	GENE:COMMD5	COMMD5	driver_candidate	TCGA_driver_composite	genome+transcriptome	TCGA-ESCC GDC DR45	unique patient	TCGA_ESCC_DR45_driver_core	CNV-RNA Spearman rho	0.574802610469244	1.11857251960781e-09	1.24218359839459e-08	positive	support	TCGA_evaluable_Cao_not_profiled_current_strong_only_not_negative	FALSE	FALSE	T2	25	FALSE
EVIDENCE_000245	GENE:COPB2	COPB2	driver_candidate	TCGA_driver_composite	genome+transcriptome	TCGA-ESCC GDC DR45	unique patient	TCGA_ESCC_DR45_driver_core	CNV-RNA Spearman rho	0.761894990833548	3.08460166582602e-19	1.08663662016682e-16	positive	support	TCGA_evaluable_Cao_not_profiled_current_strong_only_not_negative	FALSE	FALSE	T2	25	FALSE
EVIDENCE_000246	GENE:COPG1	COPG1	driver_candidate	TCGA_driver_composite	genome+transcriptome	TCGA-ESCC GDC DR45	unique patient	TCGA_ESCC_DR45_driver_core	CNV-RNA Spearman rho	0.574921445695874	1.10779285218946e-09	1.23129088093486e-08	positive	support	TCGA_evaluable_Cao_not_profiled_current_strong_only_not_negative	FALSE	FALSE	T2	25	FALSE
EVIDENCE_000247	GENE:COPS5	COPS5	driver_candidate	TCGA_driver_composite	genome+transcriptome	TCGA-ESCC GDC DR45	unique patient	TCGA_ESCC_DR45_driver_core	CNV-RNA Spearman rho	0.530442986756327	3.22406960528359e-08	2.3771889961748e-07	positive	support	TCGA_evaluable_Cao_not_profiled_current_strong_only_not_negative	FALSE	FALSE	T2	25	FALSE
EVIDENCE_000248	GENE:COPS6	COPS6	driver_candidate	TCGA_driver_composite	genome+transcriptome	TCGA-ESCC GDC DR45	unique patient	TCGA_ESCC_DR45_driver_core	CNV-RNA Spearman rho	0.419950494774997	2.26943778518716e-05	7.78917726434196e-05	positive	support	TCGA_evaluable_Cao_not_profiled_current_strong_only_not_negative	FALSE	FALSE	T2	25	FALSE
EVIDENCE_000249	GENE:COQ8A	COQ8A	driver_candidate	TCGA_driver_composite	genome+transcriptome	TCGA-ESCC GDC DR45	unique patient	TCGA_ESCC_DR45_driver_core	CNV-RNA Spearman rho	0.33437899768945	0.000926806490324264	0.00217842780090562	positive	support	TCGA_evaluable_Cao_not_profiled_current_strong_only_not_negative	FALSE	FALSE	T2	25	FALSE
EVIDENCE_000250	GENE:CORO1B	CORO1B	driver_candidate	TCGA_driver_composite	genome+transcriptome	TCGA-ESCC GDC DR45	unique patient	TCGA_ESCC_DR45_driver_core	CNV-RNA Spearman rho	0.486014838874271	5.94898598837967e-07	3.09327758526572e-06	positive	support	TCGA_evaluable_Cao_not_profiled_current_strong_only_not_negative	FALSE	FALSE	T2	25	FALSE
EVIDENCE_000251	GENE:COX17	COX17	driver_candidate	TCGA_driver_composite	genome+transcriptome	TCGA-ESCC GDC DR45	unique patient	TCGA_ESCC_DR45_driver_core	CNV-RNA Spearman rho	0.563219441466217	2.8227836418829e-09	2.77508078653946e-08	positive	support	TCGA_evaluable_Cao_not_profiled_current_strong_only_not_negative	FALSE	FALSE	T2	25	FALSE
EVIDENCE_000252	GENE:COX6C	COX6C	driver_candidate	TCGA_driver_composite	genome+transcriptome	TCGA-ESCC GDC DR45	unique patient	TCGA_ESCC_DR45_driver_core	CNV-RNA Spearman rho	0.377731854053864	0.000160814022398179	0.000452109710010691	positive	support	TCGA_evaluable_Cao_not_profiled_current_strong_only_not_negative	FALSE	FALSE	T2	25	FALSE
EVIDENCE_000253	GENE:CPLANE1	CPLANE1	driver_candidate	TCGA_driver_composite	genome+transcriptome	TCGA-ESCC GDC DR45	unique patient	TCGA_ESCC_DR45_driver_core	CNV-RNA Spearman rho	0.44319089136467	6.86733301412347e-06	2.6938297953948e-05	positive	support	TCGA_evaluable_Cao_not_profiled_current_strong_only_not_negative	FALSE	FALSE	T2	25	FALSE
EVIDENCE_000254	GENE:CPNE3	CPNE3	driver_candidate	TCGA_driver_composite	genome+transcriptome	TCGA-ESCC GDC DR45	unique patient	TCGA_ESCC_DR45_driver_core	CNV-RNA Spearman rho	0.47384023401468	1.23375457097585e-06	5.92894106446218e-06	positive	support	TCGA_evaluable_Cao_not_profiled_current_strong_only_not_negative	FALSE	FALSE	T2	25	FALSE
EVIDENCE_000255	GENE:CPOX	CPOX	driver_candidate	TCGA_driver_composite	genome+transcriptome	TCGA-ESCC GDC DR45	unique patient	TCGA_ESCC_DR45_driver_core	CNV-RNA Spearman rho	0.625696343005455	1.2066418943864e-11	2.32209901435634e-10	positive	support	TCGA_evaluable_Cao_not_profiled_current_strong_only_not_negative	FALSE	FALSE	T2	25	FALSE
EVIDENCE_000256	GENE:CPSF1	CPSF1	driver_candidate	TCGA_driver_composite	genome+transcriptome	TCGA-ESCC GDC DR45	unique patient	TCGA_ESCC_DR45_driver_core	CNV-RNA Spearman rho	0.584485130394558	5.0167411786655e-10	6.21311636990585e-09	positive	support	TCGA_evaluable_Cao_not_profiled_current_strong_only_not_negative	FALSE	FALSE	T2	25	FALSE
EVIDENCE_000257	GENE:CPSF4	CPSF4	driver_candidate	TCGA_driver_composite	genome+transcriptome	TCGA-ESCC GDC DR45	unique patient	TCGA_ESCC_DR45_driver_core	CNV-RNA Spearman rho	0.689124328980157	1.16108283805724e-14	6.08464981497597e-13	positive	support	TCGA_evaluable_Cao_not_profiled_current_strong_only_not_negative	FALSE	FALSE	T2	25	FALSE
EVIDENCE_000258	GENE:CPT1A	CPT1A	driver_candidate	TCGA_driver_composite	genome+transcriptome	TCGA-ESCC GDC DR45	unique patient	TCGA_ESCC_DR45_driver_core	CNV-RNA Spearman rho	0.550362328978504	7.57147842244712e-09	6.65429586649164e-08	positive	support	TCGA_evaluable_Cao_not_profiled_current_strong_only_not_negative	FALSE	FALSE	T2	25	FALSE
EVIDENCE_000259	GENE:CRYBG3	CRYBG3	driver_candidate	TCGA_driver_composite	genome+transcriptome	TCGA-ESCC GDC DR45	unique patient	TCGA_ESCC_DR45_driver_core	CNV-RNA Spearman rho	0.388237442535651	0.000101230032465342	0.000299184169593443	positive	support	TCGA_evaluable_Cao_not_profiled_current_strong_only_not_negative	FALSE	FALSE	T2	25	FALSE
EVIDENCE_000260	GENE:CRYGS	CRYGS	driver_candidate	TCGA_driver_composite	genome+transcriptome	TCGA-ESCC GDC DR45	unique patient	TCGA_ESCC_DR45_driver_core	CNV-RNA Spearman rho	0.326168076110736	0.00125663315267117	0.00287560838003892	positive	support	TCGA_evaluable_Cao_not_profiled_current_strong_only_not_negative	FALSE	FALSE	T2	25	FALSE
EVIDENCE_000261	GENE:CSMD3	CSMD3	driver_candidate	TCGA_driver_composite	genome+transcriptome	TCGA-ESCC GDC DR45	unique patient	TCGA_ESCC_DR45_driver_core	CNV-RNA Spearman rho	-0.00804741359171006	0.938305845803069	0.951390490860713	negative	same_direction_nonsignificant	TCGA_evaluable_Cao_not_profiled_current_strong_only_not_negative	FALSE	FALSE	T2	25	FALSE
EVIDENCE_000262	GENE:CSPP1	CSPP1	driver_candidate	TCGA_driver_composite	genome+transcriptome	TCGA-ESCC GDC DR45	unique patient	TCGA_ESCC_DR45_driver_core	CNV-RNA Spearman rho	0.737181977592441	1.62917069251137e-17	2.68326528862716e-15	positive	support	TCGA_evaluable_Cao_not_profiled_current_strong_only_not_negative	FALSE	FALSE	T2	25	FALSE
EVIDENCE_000263	GENE:CTPS2	CTPS2	driver_candidate	TCGA_driver_composite	genome+transcriptome	TCGA-ESCC GDC DR45	unique patient	TCGA_ESCC_DR45_driver_core	CNV-RNA Spearman rho	0.534643796308641	2.39374997328713e-08	1.82218110211449e-07	positive	support	TCGA_evaluable_Cao_not_profiled_current_strong_only_not_negative	FALSE	FALSE	T2	25	FALSE
EVIDENCE_000264	GENE:CTTN	CTTN	driver_candidate	TCGA_driver_composite	genome+transcriptome	TCGA-ESCC GDC DR45	unique patient	TCGA_ESCC_DR45_driver_core	CNV-RNA Spearman rho	0.857886560420106	1.22575331538931e-28	3.10900070915344e-25	positive	support	TCGA_evaluable_Cao_not_profiled_current_strong_only_not_negative	FALSE	FALSE	T2	25	FALSE
EVIDENCE_000265	GENE:CUX1	CUX1	driver_candidate	TCGA_driver_composite	genome+transcriptome	TCGA-ESCC GDC DR45	unique patient	TCGA_ESCC_DR45_driver_core	CNV-RNA Spearman rho	0.427215203853381	1.5766048096607e-05	5.62749850720995e-05	positive	support	TCGA_evaluable_Cao_not_profiled_current_strong_only_not_negative	FALSE	FALSE	T2	25	FALSE
EVIDENCE_000266	GENE:CXorf38	CXorf38	driver_candidate	TCGA_driver_composite	genome+transcriptome	TCGA-ESCC GDC DR45	unique patient	TCGA_ESCC_DR45_driver_core	CNV-RNA Spearman rho	0.323294790550353	0.00139516071791862	0.00316424458850401	positive	support	TCGA_evaluable_Cao_not_profiled_current_strong_only_not_negative	FALSE	FALSE	T2	25	FALSE
EVIDENCE_000267	GENE:CYC1	CYC1	driver_candidate	TCGA_driver_composite	genome+transcriptome	TCGA-ESCC GDC DR45	unique patient	TCGA_ESCC_DR45_driver_core	CNV-RNA Spearman rho	0.450658101520037	4.58919006597996e-06	1.88392265927488e-05	positive	support	TCGA_evaluable_Cao_not_profiled_current_strong_only_not_negative	FALSE	FALSE	T2	25	FALSE
EVIDENCE_000268	GENE:CYHR1	CYHR1	driver_candidate	TCGA_driver_composite	genome+transcriptome	TCGA-ESCC GDC DR45	unique patient	TCGA_ESCC_DR45_driver_core	CNV-RNA Spearman rho	0.631404253167931	6.89097882226859e-12	1.44394965617247e-10	positive	support	TCGA_evaluable_Cao_not_profiled_current_strong_only_not_negative	FALSE	FALSE	T2	25	FALSE
EVIDENCE_000269	GENE:CYP51A1	CYP51A1	driver_candidate	TCGA_driver_composite	genome+transcriptome	TCGA-ESCC GDC DR45	unique patient	TCGA_ESCC_DR45_driver_core	CNV-RNA Spearman rho	0.384430263523767	0.000119933711128413	0.00034821413107384	positive	support	TCGA_evaluable_Cao_not_profiled_current_strong_only_not_negative	FALSE	FALSE	T2	25	FALSE
EVIDENCE_000270	GENE:CYRIB	CYRIB	driver_candidate	TCGA_driver_composite	genome+transcriptome	TCGA-ESCC GDC DR45	unique patient	TCGA_ESCC_DR45_driver_core	CNV-RNA Spearman rho	0.602267307391886	1.07205063420068e-10	1.58274111093516e-09	positive	support	TCGA_evaluable_Cao_not_profiled_current_strong_only_not_negative	FALSE	FALSE	T2	25	FALSE
EVIDENCE_000271	GENE:CYTH3	CYTH3	driver_candidate	TCGA_driver_composite	genome+transcriptome	TCGA-ESCC GDC DR45	unique patient	TCGA_ESCC_DR45_driver_core	CNV-RNA Spearman rho	0.363353221722218	0.000295551188192052	0.000778438248941142	positive	support	TCGA_evaluable_Cao_not_profiled_current_strong_only_not_negative	FALSE	FALSE	T2	25	FALSE
EVIDENCE_000272	GENE:DAGLB	DAGLB	driver_candidate	TCGA_driver_composite	genome+transcriptome	TCGA-ESCC GDC DR45	unique patient	TCGA_ESCC_DR45_driver_core	CNV-RNA Spearman rho	0.505592711372348	1.73235941469538e-07	1.04385075314518e-06	positive	support	TCGA_evaluable_Cao_not_profiled_current_strong_only_not_negative	FALSE	FALSE	T2	25	FALSE
EVIDENCE_000273	GENE:DAP	DAP	driver_candidate	TCGA_driver_composite	genome+transcriptome	TCGA-ESCC GDC DR45	unique patient	TCGA_ESCC_DR45_driver_core	CNV-RNA Spearman rho	0.692507003557978	7.62574587671386e-15	4.2603396127086e-13	positive	support	TCGA_evaluable_Cao_not_profiled_current_strong_only_not_negative	FALSE	FALSE	T2	25	FALSE
EVIDENCE_000274	GENE:DBF4	DBF4	driver_candidate	TCGA_driver_composite	genome+transcriptome	TCGA-ESCC GDC DR45	unique patient	TCGA_ESCC_DR45_driver_core	CNV-RNA Spearman rho	0.583039406127927	5.66427874226643e-10	6.93382075380529e-09	positive	support	TCGA_evaluable_Cao_not_profiled_current_strong_only_not_negative	FALSE	FALSE	T2	25	FALSE
EVIDENCE_000275	GENE:DBR1	DBR1	driver_candidate	TCGA_driver_composite	genome+transcriptome	TCGA-ESCC GDC DR45	unique patient	TCGA_ESCC_DR45_driver_core	CNV-RNA Spearman rho	0.758885145114604	5.12870176118667e-19	1.66774860859921e-16	positive	support	TCGA_evaluable_Cao_not_profiled_current_strong_only_not_negative	FALSE	FALSE	T2	25	FALSE
EVIDENCE_000276	GENE:DCAF13	DCAF13	driver_candidate	TCGA_driver_composite	genome+transcriptome	TCGA-ESCC GDC DR45	unique patient	TCGA_ESCC_DR45_driver_core	CNV-RNA Spearman rho	0.564532138912105	2.54620811488687e-09	2.54460294034636e-08	positive	support	TCGA_evaluable_Cao_not_profiled_current_strong_only_not_negative	FALSE	FALSE	T2	25	FALSE
EVIDENCE_000277	GENE:DCBLD2	DCBLD2	driver_candidate	TCGA_driver_composite	genome+transcriptome	TCGA-ESCC GDC DR45	unique patient	TCGA_ESCC_DR45_driver_core	CNV-RNA Spearman rho	0.425918072047509	1.6835903938623e-05	5.97238975523405e-05	positive	support	TCGA_evaluable_Cao_not_profiled_current_strong_only_not_negative	FALSE	FALSE	T2	25	FALSE
EVIDENCE_000278	GENE:DCUN1D1	DCUN1D1	driver_candidate	TCGA_driver_composite	genome+transcriptome	TCGA-ESCC GDC DR45	unique patient	TCGA_ESCC_DR45_driver_core	CNV-RNA Spearman rho	0.720226458400789	1.93266915446749e-16	1.99269188755745e-14	positive	support	TCGA_evaluable_Cao_not_profiled_current_strong_only_not_negative	FALSE	FALSE	T2	25	FALSE
EVIDENCE_000279	GENE:DDX11	DDX11	driver_candidate	TCGA_driver_composite	genome+transcriptome	TCGA-ESCC GDC DR45	unique patient	TCGA_ESCC_DR45_driver_core	CNV-RNA Spearman rho	0.408426141350161	3.97665003787665e-05	0.000128948800256588	positive	support	TCGA_evaluable_Cao_not_profiled_current_strong_only_not_negative	FALSE	FALSE	T2	25	FALSE
EVIDENCE_000280	GENE:DDX3X	DDX3X	driver_candidate	TCGA_driver_composite	genome+transcriptome	TCGA-ESCC GDC DR45	unique patient	TCGA_ESCC_DR45_driver_core	CNV-RNA Spearman rho	0.53155308553906	2.98126071812411e-08	2.22010266748385e-07	positive	support	TCGA_evaluable_Cao_not_profiled_current_strong_only_not_negative	FALSE	FALSE	T2	25	FALSE
EVIDENCE_000281	GENE:DDX3Y	DDX3Y	driver_candidate	TCGA_driver_composite	genome+transcriptome	TCGA-ESCC GDC DR45	unique patient	TCGA_ESCC_DR45_driver_core	CNV-RNA Spearman rho	0.723151880634139	1.27791992766035e-16	1.39711901056798e-14	positive	support	TCGA_evaluable_Cao_not_profiled_current_strong_only_not_negative	FALSE	FALSE	T2	25	FALSE
EVIDENCE_000282	GENE:DEFB131B	DEFB131B	driver_candidate	TCGA_driver_composite	genome+transcriptome	TCGA-ESCC GDC DR45	unique patient	TCGA_ESCC_DR45_driver_core	CNV-RNA Spearman rho	0.550871686001822	7.28698450132761e-09	6.42206653549943e-08	positive	support	TCGA_evaluable_Cao_not_profiled_current_strong_only_not_negative	FALSE	FALSE	T2	25	FALSE
EVIDENCE_000283	GENE:DERA	DERA	driver_candidate	TCGA_driver_composite	genome+transcriptome	TCGA-ESCC GDC DR45	unique patient	TCGA_ESCC_DR45_driver_core	CNV-RNA Spearman rho	0.39344890630142	7.99927561697587e-05	0.000240737573266464	positive	support	TCGA_evaluable_Cao_not_profiled_current_strong_only_not_negative	FALSE	FALSE	T2	25	FALSE
EVIDENCE_000284	GENE:DERL1	DERL1	driver_candidate	TCGA_driver_composite	genome+transcriptome	TCGA-ESCC GDC DR45	unique patient	TCGA_ESCC_DR45_driver_core	CNV-RNA Spearman rho	0.603772109222161	9.36690499826162e-11	1.40249219820489e-09	positive	support	TCGA_evaluable_Cao_not_profiled_current_strong_only_not_negative	FALSE	FALSE	T2	25	FALSE
EVIDENCE_000285	GENE:DGAT1	DGAT1	driver_candidate	TCGA_driver_composite	genome+transcriptome	TCGA-ESCC GDC DR45	unique patient	TCGA_ESCC_DR45_driver_core	CNV-RNA Spearman rho	0.456811868834789	3.26844448566739e-06	1.39657725630842e-05	positive	support	TCGA_evaluable_Cao_not_profiled_current_strong_only_not_negative	FALSE	FALSE	T2	25	FALSE
EVIDENCE_000286	GENE:DGKG	DGKG	driver_candidate	TCGA_driver_composite	genome+transcriptome	TCGA-ESCC GDC DR45	unique patient	TCGA_ESCC_DR45_driver_core	CNV-RNA Spearman rho	0.46849852252575	1.68428423103764e-06	7.82420975019022e-06	positive	support	TCGA_evaluable_Cao_not_profiled_current_strong_only_not_negative	FALSE	FALSE	T2	25	FALSE
EVIDENCE_000287	GENE:DHCR7	DHCR7	driver_candidate	TCGA_driver_composite	genome+transcriptome	TCGA-ESCC GDC DR45	unique patient	TCGA_ESCC_DR45_driver_core	CNV-RNA Spearman rho	0.691650255561435	8.48713932015088e-15	4.63939227836868e-13	positive	support	TCGA_evaluable_Cao_not_profiled_current_strong_only_not_negative	FALSE	FALSE	T2	25	FALSE
EVIDENCE_000288	GENE:DHFR2	DHFR2	driver_candidate	TCGA_driver_composite	genome+transcriptome	TCGA-ESCC GDC DR45	unique patient	TCGA_ESCC_DR45_driver_core	CNV-RNA Spearman rho	0.663379921426679	2.38366164429593e-13	7.95515709814764e-12	positive	support	TCGA_evaluable_Cao_not_profiled_current_strong_only_not_negative	FALSE	FALSE	T2	25	FALSE
EVIDENCE_000289	GENE:DHX36	DHX36	driver_candidate	TCGA_driver_composite	genome+transcriptome	TCGA-ESCC GDC DR45	unique patient	TCGA_ESCC_DR45_driver_core	CNV-RNA Spearman rho	0.712359456679034	5.73052667571095e-16	5.01203719319767e-14	positive	support	TCGA_evaluable_Cao_not_profiled_current_strong_only_not_negative	FALSE	FALSE	T2	25	FALSE
EVIDENCE_000290	GENE:DIDO1	DIDO1	driver_candidate	TCGA_driver_composite	genome+transcriptome	TCGA-ESCC GDC DR45	unique patient	TCGA_ESCC_DR45_driver_core	CNV-RNA Spearman rho	0.247931563725607	0.0154141658991777	0.0277122840846855	positive	same_direction_nonsignificant	TCGA_evaluable_Cao_not_profiled_current_strong_only_not_negative	FALSE	FALSE	T2	25	FALSE
EVIDENCE_000291	GENE:DIPK2A	DIPK2A	driver_candidate	TCGA_driver_composite	genome+transcriptome	TCGA-ESCC GDC DR45	unique patient	TCGA_ESCC_DR45_driver_core	CNV-RNA Spearman rho	0.547918612082323	9.09062677174157e-09	7.81079462867389e-08	positive	support	TCGA_evaluable_Cao_not_profiled_current_strong_only_not_negative	FALSE	FALSE	T2	25	FALSE
EVIDENCE_000292	GENE:DISP1	DISP1	driver_candidate	TCGA_driver_composite	genome+transcriptome	TCGA-ESCC GDC DR45	unique patient	TCGA_ESCC_DR45_driver_core	CNV-RNA Spearman rho	0.356879035644368	0.000385186991797472	0.000987056259845531	positive	support	TCGA_evaluable_Cao_not_profiled_current_strong_only_not_negative	FALSE	FALSE	T2	25	FALSE
EVIDENCE_000293	GENE:DKC1	DKC1	driver_candidate	TCGA_driver_composite	genome+transcriptome	TCGA-ESCC GDC DR45	unique patient	TCGA_ESCC_DR45_driver_core	CNV-RNA Spearman rho	0.300921915493664	0.0030445576326721	0.00640104109707355	positive	support	TCGA_evaluable_Cao_not_profiled_current_strong_only_not_negative	FALSE	FALSE	T2	25	FALSE
EVIDENCE_000294	GENE:DKK4	DKK4	driver_candidate	TCGA_driver_composite	genome+transcriptome	TCGA-ESCC GDC DR45	unique patient	TCGA_ESCC_DR45_driver_core	CNV-RNA Spearman rho	0.338096030836106	0.000805254974999282	0.00191995555422841	positive	support	TCGA_evaluable_Cao_not_profiled_current_strong_only_not_negative	FALSE	FALSE	T2	25	FALSE
EVIDENCE_000295	GENE:DLD	DLD	driver_candidate	TCGA_driver_composite	genome+transcriptome	TCGA-ESCC GDC DR45	unique patient	TCGA_ESCC_DR45_driver_core	CNV-RNA Spearman rho	0.630121113820679	7.82365768761561e-12	1.60874330098508e-10	positive	support	TCGA_evaluable_Cao_not_profiled_current_strong_only_not_negative	FALSE	FALSE	T2	25	FALSE
EVIDENCE_000296	GENE:DLG1	DLG1	driver_candidate	TCGA_driver_composite	genome+transcriptome	TCGA-ESCC GDC DR45	unique patient	TCGA_ESCC_DR45_driver_core	CNV-RNA Spearman rho	0.660996366950546	3.10649031786549e-13	1.0153739745147e-11	positive	support	TCGA_evaluable_Cao_not_profiled_current_strong_only_not_negative	FALSE	FALSE	T2	25	FALSE
EVIDENCE_000297	GENE:DLX6	DLX6	driver_candidate	TCGA_driver_composite	genome+transcriptome	TCGA-ESCC GDC DR45	unique patient	TCGA_ESCC_DR45_driver_core	CNV-RNA Spearman rho	0.316029393981892	0.00180933571625347	0.00401504734094951	positive	support	TCGA_evaluable_Cao_not_profiled_current_strong_only_not_negative	FALSE	FALSE	T2	25	FALSE
EVIDENCE_000298	GENE:DMRTA1	DMRTA1	driver_candidate	TCGA_driver_composite	genome+transcriptome	TCGA-ESCC GDC DR45	unique patient	TCGA_ESCC_DR45_driver_core	CNV-RNA Spearman rho	0.35658519134632	0.000389794278218349	0.00099805593304363	positive	support	TCGA_evaluable_Cao_not_profiled_current_strong_only_not_negative	FALSE	FALSE	T2	25	FALSE
EVIDENCE_000299	GENE:DMTF1	DMTF1	driver_candidate	TCGA_driver_composite	genome+transcriptome	TCGA-ESCC GDC DR45	unique patient	TCGA_ESCC_DR45_driver_core	CNV-RNA Spearman rho	0.544354702539003	1.18379422513018e-08	9.87039997574025e-08	positive	support	TCGA_evaluable_Cao_not_profiled_current_strong_only_not_negative	FALSE	FALSE	T2	25	FALSE
EVIDENCE_000300	GENE:DNAH14	DNAH14	driver_candidate	TCGA_driver_composite	genome+transcriptome	TCGA-ESCC GDC DR45	unique patient	TCGA_ESCC_DR45_driver_core	CNV-RNA Spearman rho	0.366195749906023	0.000262635356197135	0.000700120869651976	positive	support	TCGA_evaluable_Cao_not_profiled_current_strong_only_not_negative	FALSE	FALSE	T2	25	FALSE
EVIDENCE_000301	GENE:DNAH3	DNAH3	driver_candidate	TCGA_driver_composite	genome+transcriptome	TCGA-ESCC GDC DR45	unique patient	TCGA_ESCC_DR45_driver_core	mutated patient count	5			event_recurrence	not_comparable	TCGA_evaluable_Cao_not_profiled_current_strong_only_not_negative	FALSE	FALSE	T2	25	FALSE
EVIDENCE_000013	GENE:DNAH5	DNAH5	driver_candidate	TCGA_driver_composite	genome+transcriptome	TCGA-ESCC GDC DR45	unique patient	TCGA_ESCC_DR45_driver_core	CNV-RNA Spearman rho	0.40440695966271	4.8128063564539e-05	0.000152972456673053	positive	support	TCGA_evaluable_Cao_not_profiled_current_strong_only_not_negative	FALSE	FALSE	T2	27	FALSE
EVIDENCE_000302	GENE:DNAH8	DNAH8	driver_candidate	TCGA_driver_composite	genome+transcriptome	TCGA-ESCC GDC DR45	unique patient	TCGA_ESCC_DR45_driver_core	mutated patient count	6			event_recurrence	not_comparable	TCGA_evaluable_Cao_not_profiled_current_strong_only_not_negative	FALSE	FALSE	T2	25	FALSE
EVIDENCE_000303	GENE:DNAJB11	DNAJB11	driver_candidate	TCGA_driver_composite	genome+transcriptome	TCGA-ESCC GDC DR45	unique patient	TCGA_ESCC_DR45_driver_core	CNV-RNA Spearman rho	0.737735827332161	1.49791715097615e-17	2.53287804115727e-15	positive	support	TCGA_evaluable_Cao_not_profiled_current_strong_only_not_negative	FALSE	FALSE	T2	25	FALSE
EVIDENCE_000304	GENE:DNAJB13	DNAJB13	driver_candidate	TCGA_driver_composite	genome+transcriptome	TCGA-ESCC GDC DR45	unique patient	TCGA_ESCC_DR45_driver_core	CNV-RNA Spearman rho	0.327572504157425	0.00119357552790404	0.00274418506977502	positive	support	TCGA_evaluable_Cao_not_profiled_current_strong_only_not_negative	FALSE	FALSE	T2	25	FALSE
EVIDENCE_000305	GENE:DNAJB9	DNAJB9	driver_candidate	TCGA_driver_composite	genome+transcriptome	TCGA-ESCC GDC DR45	unique patient	TCGA_ESCC_DR45_driver_core	CNV-RNA Spearman rho	0.341540571670879	0.000705793007466118	0.00170655232043571	positive	support	TCGA_evaluable_Cao_not_profiled_current_strong_only_not_negative	FALSE	FALSE	T2	25	FALSE
EVIDENCE_000306	GENE:DNAJC13	DNAJC13	driver_candidate	TCGA_driver_composite	genome+transcriptome	TCGA-ESCC GDC DR45	unique patient	TCGA_ESCC_DR45_driver_core	CNV-RNA Spearman rho	0.692176417749643	7.94759712265209e-15	4.39186126737591e-13	positive	support	TCGA_evaluable_Cao_not_profiled_current_strong_only_not_negative	FALSE	FALSE	T2	25	FALSE
EVIDENCE_000307	GENE:DNAJC19	DNAJC19	driver_candidate	TCGA_driver_composite	genome+transcriptome	TCGA-ESCC GDC DR45	unique patient	TCGA_ESCC_DR45_driver_core	CNV-RNA Spearman rho	0.643290046311911	2.0665154930035e-12	5.16914190971803e-11	positive	support	TCGA_evaluable_Cao_not_profiled_current_strong_only_not_negative	FALSE	FALSE	T2	25	FALSE
EVIDENCE_000308	GENE:DNAJC2	DNAJC2	driver_candidate	TCGA_driver_composite	genome+transcriptome	TCGA-ESCC GDC DR45	unique patient	TCGA_ESCC_DR45_driver_core	CNV-RNA Spearman rho	0.700194985702514	2.86998374816109e-15	1.85699662725403e-13	positive	support	TCGA_evaluable_Cao_not_profiled_current_strong_only_not_negative	FALSE	FALSE	T2	25	FALSE
EVIDENCE_000309	GENE:DNAJC21	DNAJC21	driver_candidate	TCGA_driver_composite	genome+transcriptome	TCGA-ESCC GDC DR45	unique patient	TCGA_ESCC_DR45_driver_core	CNV-RNA Spearman rho	0.734975962004495	2.27174320434502e-17	3.60128091468795e-15	positive	support	TCGA_evaluable_Cao_not_profiled_current_strong_only_not_negative	FALSE	FALSE	T2	25	FALSE
EVIDENCE_000310	GENE:DNM1L	DNM1L	driver_candidate	TCGA_driver_composite	genome+transcriptome	TCGA-ESCC GDC DR45	unique patient	TCGA_ESCC_DR45_driver_core	CNV-RNA Spearman rho	0.450048064332864	4.74451996651296e-06	1.94096781339734e-05	positive	support	TCGA_evaluable_Cao_not_profiled_current_strong_only_not_negative	FALSE	FALSE	T2	25	FALSE
EVIDENCE_000311	GENE:DPP6	DPP6	driver_candidate	TCGA_driver_composite	genome+transcriptome	TCGA-ESCC GDC DR45	unique patient	TCGA_ESCC_DR45_driver_core	CNV-RNA Spearman rho	-0.0543235685012519	0.601073357288427	0.667321396930038	negative	same_direction_nonsignificant	TCGA_evaluable_Cao_not_profiled_current_strong_only_not_negative	FALSE	FALSE	T2	25	FALSE
EVIDENCE_000312	GENE:DPY19L4	DPY19L4	driver_candidate	TCGA_driver_composite	genome+transcriptome	TCGA-ESCC GDC DR45	unique patient	TCGA_ESCC_DR45_driver_core	CNV-RNA Spearman rho	0.562948769554527	2.88328471874793e-09	2.825797279997e-08	positive	support	TCGA_evaluable_Cao_not_profiled_current_strong_only_not_negative	FALSE	FALSE	T2	25	FALSE
EVIDENCE_000313	GENE:DROSHA	DROSHA	driver_candidate	TCGA_driver_composite	genome+transcriptome	TCGA-ESCC GDC DR45	unique patient	TCGA_ESCC_DR45_driver_core	CNV-RNA Spearman rho	0.638259885248534	3.46226706487019e-12	8.01249469282551e-11	positive	support	TCGA_evaluable_Cao_not_profiled_current_strong_only_not_negative	FALSE	FALSE	T2	25	FALSE
EVIDENCE_000314	GENE:DSCC1	DSCC1	driver_candidate	TCGA_driver_composite	genome+transcriptome	TCGA-ESCC GDC DR45	unique patient	TCGA_ESCC_DR45_driver_core	CNV-RNA Spearman rho	0.383963542425169	0.0001224351267497	0.00035426015912382	positive	support	TCGA_evaluable_Cao_not_profiled_current_strong_only_not_negative	FALSE	FALSE	T2	25	FALSE
EVIDENCE_000315	GENE:DST	DST	driver_candidate	TCGA_driver_composite	genome+transcriptome	TCGA-ESCC GDC DR45	unique patient	TCGA_ESCC_DR45_driver_core	mutated patient count	7			event_recurrence	not_comparable	TCGA_evaluable_Cao_not_profiled_current_strong_only_not_negative	FALSE	FALSE	T2	25	FALSE
EVIDENCE_000316	GENE:DTL	DTL	driver_candidate	TCGA_driver_composite	genome+transcriptome	TCGA-ESCC GDC DR45	unique patient	TCGA_ESCC_DR45_driver_core	CNV-RNA Spearman rho	0.404546277296603	4.78126884814579e-05	0.000152187230403667	positive	support	TCGA_evaluable_Cao_not_profiled_current_strong_only_not_negative	FALSE	FALSE	T2	25	FALSE
EVIDENCE_000317	GENE:DTX3L	DTX3L	driver_candidate	TCGA_driver_composite	genome+transcriptome	TCGA-ESCC GDC DR45	unique patient	TCGA_ESCC_DR45_driver_core	CNV-RNA Spearman rho	0.565849659836284	2.29482094517811e-09	2.33009761623289e-08	positive	support	TCGA_evaluable_Cao_not_profiled_current_strong_only_not_negative	FALSE	FALSE	T2	25	FALSE
EVIDENCE_000318	GENE:DUS4L	DUS4L	driver_candidate	TCGA_driver_composite	genome+transcriptome	TCGA-ESCC GDC DR45	unique patient	TCGA_ESCC_DR45_driver_core	CNV-RNA Spearman rho	0.617056873373248	2.75758633535397e-11	4.75805576938218e-10	positive	support	TCGA_evaluable_Cao_not_profiled_current_strong_only_not_negative	FALSE	FALSE	T2	25	FALSE
EVIDENCE_000319	GENE:DVL3	DVL3	driver_candidate	TCGA_driver_composite	genome+transcriptome	TCGA-ESCC GDC DR45	unique patient	TCGA_ESCC_DR45_driver_core	CNV-RNA Spearman rho	0.742786166639863	6.89547825922046e-18	1.28600669534461e-15	positive	support	TCGA_evaluable_Cao_not_profiled_current_strong_only_not_negative	FALSE	FALSE	T2	25	FALSE
EVIDENCE_000320	GENE:DYNC2H1	DYNC2H1	driver_candidate	TCGA_driver_composite	genome+transcriptome	TCGA-ESCC GDC DR45	unique patient	TCGA_ESCC_DR45_driver_core	CNV-RNA Spearman rho	0.408076639465478	4.04358622394046e-05	0.00013088504464526	positive	support	TCGA_evaluable_Cao_not_profiled_current_strong_only_not_negative	FALSE	FALSE	T2	25	FALSE
EVIDENCE_000321	GENE:DZIP1L	DZIP1L	driver_candidate	TCGA_driver_composite	genome+transcriptome	TCGA-ESCC GDC DR45	unique patient	TCGA_ESCC_DR45_driver_core	CNV-RNA Spearman rho	0.406298594138522	4.40070520569756e-05	0.000141147555434134	positive	support	TCGA_evaluable_Cao_not_profiled_current_strong_only_not_negative	FALSE	FALSE	T2	25	FALSE
EVIDENCE_000322	GENE:DZIP3	DZIP3	driver_candidate	TCGA_driver_composite	genome+transcriptome	TCGA-ESCC GDC DR45	unique patient	TCGA_ESCC_DR45_driver_core	CNV-RNA Spearman rho	0.539719931590712	1.66124805081086e-08	1.31757021765999e-07	positive	support	TCGA_evaluable_Cao_not_profiled_current_strong_only_not_negative	FALSE	FALSE	T2	25	FALSE
EVIDENCE_000323	GENE:E2F5	E2F5	driver_candidate	TCGA_driver_composite	genome+transcriptome	TCGA-ESCC GDC DR45	unique patient	TCGA_ESCC_DR45_driver_core	CNV-RNA Spearman rho	0.37339614993209	0.000193785741737363	0.000534607521582171	positive	support	TCGA_evaluable_Cao_not_profiled_current_strong_only_not_negative	FALSE	FALSE	T2	25	FALSE
EVIDENCE_000324	GENE:EBAG9	EBAG9	driver_candidate	TCGA_driver_composite	genome+transcriptome	TCGA-ESCC GDC DR45	unique patient	TCGA_ESCC_DR45_driver_core	CNV-RNA Spearman rho	0.606721874768148	7.17458310136513e-11	1.10422406421739e-09	positive	support	TCGA_evaluable_Cao_not_profiled_current_strong_only_not_negative	FALSE	FALSE	T2	25	FALSE
EVIDENCE_000325	GENE:ECT2	ECT2	driver_candidate	TCGA_driver_composite	genome+transcriptome	TCGA-ESCC GDC DR45	unique patient	TCGA_ESCC_DR45_driver_core	CNV-RNA Spearman rho	0.624028048983603	1.41825516098146e-11	2.66859227768055e-10	positive	support	TCGA_evaluable_Cao_not_profiled_current_strong_only_not_negative	FALSE	FALSE	T2	25	FALSE
EVIDENCE_000326	GENE:EEF1AKMT4	EEF1AKMT4	driver_candidate	TCGA_driver_composite	genome+transcriptome	TCGA-ESCC GDC DR45	unique patient	TCGA_ESCC_DR45_driver_core	CNV-RNA Spearman rho	0.398616939563896	6.30880946972254e-05	0.00019476222418457	positive	support	TCGA_evaluable_Cao_not_profiled_current_strong_only_not_negative	FALSE	FALSE	T2	25	FALSE
EVIDENCE_000327	GENE:EEF1D	EEF1D	driver_candidate	TCGA_driver_composite	genome+transcriptome	TCGA-ESCC GDC DR45	unique patient	TCGA_ESCC_DR45_driver_core	CNV-RNA Spearman rho	0.624619631062976	1.33942245539498e-11	2.53909649915085e-10	positive	support	TCGA_evaluable_Cao_not_profiled_current_strong_only_not_negative	FALSE	FALSE	T2	25	FALSE
EVIDENCE_000328	GENE:EEFSEC	EEFSEC	driver_candidate	TCGA_driver_composite	genome+transcriptome	TCGA-ESCC GDC DR45	unique patient	TCGA_ESCC_DR45_driver_core	CNV-RNA Spearman rho	0.479173305403459	8.99421039196619e-07	4.48014831857483e-06	positive	support	TCGA_evaluable_Cao_not_profiled_current_strong_only_not_negative	FALSE	FALSE	T2	25	FALSE
EVIDENCE_000329	GENE:EFCAB10	EFCAB10	driver_candidate	TCGA_driver_composite	genome+transcriptome	TCGA-ESCC GDC DR45	unique patient	TCGA_ESCC_DR45_driver_core	CNV-RNA Spearman rho	0.581668958923867	6.35162246615362e-10	7.66425081976787e-09	positive	support	TCGA_evaluable_Cao_not_profiled_current_strong_only_not_negative	FALSE	FALSE	T2	25	FALSE
EVIDENCE_000330	GENE:EFCAB12	EFCAB12	driver_candidate	TCGA_driver_composite	genome+transcriptome	TCGA-ESCC GDC DR45	unique patient	TCGA_ESCC_DR45_driver_core	CNV-RNA Spearman rho	0.315668247760374	0.00183256264149508	0.00405964255840636	positive	support	TCGA_evaluable_Cao_not_profiled_current_strong_only_not_negative	FALSE	FALSE	T2	25	FALSE
EVIDENCE_000331	GENE:EFR3A	EFR3A	driver_candidate	TCGA_driver_composite	genome+transcriptome	TCGA-ESCC GDC DR45	unique patient	TCGA_ESCC_DR45_driver_core	CNV-RNA Spearman rho	0.538529848945046	1.81077056261916e-08	1.41929494901954e-07	positive	support	TCGA_evaluable_Cao_not_profiled_current_strong_only_not_negative	FALSE	FALSE	T2	25	FALSE
EVIDENCE_000332	GENE:EGFR	EGFR	driver_candidate	TCGA_driver_composite	genome+transcriptome	TCGA-ESCC GDC DR45	unique patient	TCGA_ESCC_DR45_driver_core	CNV-RNA Spearman rho	0.481201635607985	7.9642594996885e-07	4.02241095081838e-06	positive	support	TCGA_evaluable_Cao_not_profiled_current_strong_only_not_negative	FALSE	FALSE	T2	25	FALSE
EVIDENCE_000333	GENE:EHHADH	EHHADH	driver_candidate	TCGA_driver_composite	genome+transcriptome	TCGA-ESCC GDC DR45	unique patient	TCGA_ESCC_DR45_driver_core	CNV-RNA Spearman rho	0.560391528436798	3.51960578327274e-09	3.3763722044981e-08	positive	support	TCGA_evaluable_Cao_not_profiled_current_strong_only_not_negative	FALSE	FALSE	T2	25	FALSE
EVIDENCE_000334	GENE:EIF1AX	EIF1AX	driver_candidate	TCGA_driver_composite	genome+transcriptome	TCGA-ESCC GDC DR45	unique patient	TCGA_ESCC_DR45_driver_core	CNV-RNA Spearman rho	0.598665670204309	1.47666965216442e-10	2.09241614846359e-09	positive	support	TCGA_evaluable_Cao_not_profiled_current_strong_only_not_negative	FALSE	FALSE	T2	25	FALSE
EVIDENCE_000335	GENE:EIF1AY	EIF1AY	driver_candidate	TCGA_driver_composite	genome+transcriptome	TCGA-ESCC GDC DR45	unique patient	TCGA_ESCC_DR45_driver_core	CNV-RNA Spearman rho	0.580198612869218	7.17785988109602e-10	8.57152721394159e-09	positive	support	TCGA_evaluable_Cao_not_profiled_current_strong_only_not_negative	FALSE	FALSE	T2	25	FALSE
EVIDENCE_000336	GENE:EIF2A	EIF2A	driver_candidate	TCGA_driver_composite	genome+transcriptome	TCGA-ESCC GDC DR45	unique patient	TCGA_ESCC_DR45_driver_core	CNV-RNA Spearman rho	0.677907196214282	4.49743466261109e-14	1.95330364353541e-12	positive	support	TCGA_evaluable_Cao_not_profiled_current_strong_only_not_negative	FALSE	FALSE	T2	25	FALSE
EVIDENCE_000337	GENE:EIF2AK1	EIF2AK1	driver_candidate	TCGA_driver_composite	genome+transcriptome	TCGA-ESCC GDC DR45	unique patient	TCGA_ESCC_DR45_driver_core	CNV-RNA Spearman rho	0.515807539824835	8.82082793908006e-08	5.76330447827993e-07	positive	support	TCGA_evaluable_Cao_not_profiled_current_strong_only_not_negative	FALSE	FALSE	T2	25	FALSE
EVIDENCE_000338	GENE:EIF2B5	EIF2B5	driver_candidate	TCGA_driver_composite	genome+transcriptome	TCGA-ESCC GDC DR45	unique patient	TCGA_ESCC_DR45_driver_core	CNV-RNA Spearman rho	0.752118853656279	1.56613670879547e-18	4.05341749815186e-16	positive	support	TCGA_evaluable_Cao_not_profiled_current_strong_only_not_negative	FALSE	FALSE	T2	25	FALSE
EVIDENCE_000339	GENE:EIF2S3	EIF2S3	driver_candidate	TCGA_driver_composite	genome+transcriptome	TCGA-ESCC GDC DR45	unique patient	TCGA_ESCC_DR45_driver_core	CNV-RNA Spearman rho	0.566463919043926	2.18591559824656e-09	2.23743193034406e-08	positive	support	TCGA_evaluable_Cao_not_profiled_current_strong_only_not_negative	FALSE	FALSE	T2	25	FALSE
EVIDENCE_000340	GENE:EIF3E	EIF3E	driver_candidate	TCGA_driver_composite	genome+transcriptome	TCGA-ESCC GDC DR45	unique patient	TCGA_ESCC_DR45_driver_core	CNV-RNA Spearman rho	0.621652727869774	1.78218865475017e-11	3.23343583970552e-10	positive	support	TCGA_evaluable_Cao_not_profiled_current_strong_only_not_negative	FALSE	FALSE	T2	25	FALSE
EVIDENCE_000341	GENE:EIF3H	EIF3H	driver_candidate	TCGA_driver_composite	genome+transcriptome	TCGA-ESCC GDC DR45	unique patient	TCGA_ESCC_DR45_driver_core	CNV-RNA Spearman rho	0.55115268559712	7.13444191037985e-09	6.30955315951445e-08	positive	support	TCGA_evaluable_Cao_not_profiled_current_strong_only_not_negative	FALSE	FALSE	T2	25	FALSE
EVIDENCE_000342	GENE:EIF4A2	EIF4A2	driver_candidate	TCGA_driver_composite	genome+transcriptome	TCGA-ESCC GDC DR45	unique patient	TCGA_ESCC_DR45_driver_core	CNV-RNA Spearman rho	0.64392072736917	1.93573336420201e-12	4.86118228214056e-11	positive	support	TCGA_evaluable_Cao_not_profiled_current_strong_only_not_negative	FALSE	FALSE	T2	25	FALSE
EVIDENCE_000343	GENE:EIF4G1	EIF4G1	driver_candidate	TCGA_driver_composite	genome+transcriptome	TCGA-ESCC GDC DR45	unique patient	TCGA_ESCC_DR45_driver_core	CNV-RNA Spearman rho	0.563029887304072	2.8650240304946e-09	2.81007229348279e-08	positive	support	TCGA_evaluable_Cao_not_profiled_current_strong_only_not_negative	FALSE	FALSE	T2	25	FALSE
EVIDENCE_000344	GENE:EIF5A2	EIF5A2	driver_candidate	TCGA_driver_composite	genome+transcriptome	TCGA-ESCC GDC DR45	unique patient	TCGA_ESCC_DR45_driver_core	CNV-RNA Spearman rho	0.377092583071057	0.000165324741320283	0.000463143001860797	positive	support	TCGA_evaluable_Cao_not_profiled_current_strong_only_not_negative	FALSE	FALSE	T2	25	FALSE
EVIDENCE_000014	GENE:ELAPOR2	ELAPOR2	driver_candidate	TCGA_driver_composite	genome+transcriptome	TCGA-ESCC GDC DR45	unique patient	TCGA_ESCC_DR45_driver_core	CNV-RNA Spearman rho	0.404650609387456	4.75777738209546e-05	0.000151603348642549	positive	support	TCGA_evaluable_Cao_not_profiled_current_strong_only_not_negative	FALSE	FALSE	T2	27	FALSE
EVIDENCE_000345	GENE:ELAVL2	ELAVL2	driver_candidate	TCGA_driver_composite	genome+transcriptome	TCGA-ESCC GDC DR45	unique patient	TCGA_ESCC_DR45_driver_core	CNV-RNA Spearman rho	0.36255549018851	0.000305449148105887	0.000802009543743035	positive	support	TCGA_evaluable_Cao_not_profiled_current_strong_only_not_negative	FALSE	FALSE	T2	25	FALSE
EVIDENCE_000346	GENE:ELK1	ELK1	driver_candidate	TCGA_driver_composite	genome+transcriptome	TCGA-ESCC GDC DR45	unique patient	TCGA_ESCC_DR45_driver_core	CNV-RNA Spearman rho	0.416356740022868	2.70919322057659e-05	9.1038655069826e-05	positive	support	TCGA_evaluable_Cao_not_profiled_current_strong_only_not_negative	FALSE	FALSE	T2	25	FALSE
EVIDENCE_000347	GENE:ELOC	ELOC	driver_candidate	TCGA_driver_composite	genome+transcriptome	TCGA-ESCC GDC DR45	unique patient	TCGA_ESCC_DR45_driver_core	CNV-RNA Spearman rho	0.342515955422454	0.000679743845569946	0.00165270541593521	positive	support	TCGA_evaluable_Cao_not_profiled_current_strong_only_not_negative	FALSE	FALSE	T2	25	FALSE
EVIDENCE_000348	GENE:EMC2	EMC2	driver_candidate	TCGA_driver_composite	genome+transcriptome	TCGA-ESCC GDC DR45	unique patient	TCGA_ESCC_DR45_driver_core	CNV-RNA Spearman rho	0.593581498660653	2.30505976149315e-10	3.12751014262448e-09	positive	support	TCGA_evaluable_Cao_not_profiled_current_strong_only_not_negative	FALSE	FALSE	T2	25	FALSE
EVIDENCE_000349	GENE:EMD	EMD	driver_candidate	TCGA_driver_composite	genome+transcriptome	TCGA-ESCC GDC DR45	unique patient	TCGA_ESCC_DR45_driver_core	CNV-RNA Spearman rho	0.314743012282239	0.00189330335913984	0.00418062896738595	positive	support	TCGA_evaluable_Cao_not_profiled_current_strong_only_not_negative	FALSE	FALSE	T2	25	FALSE
EVIDENCE_000350	GENE:EMSY	EMSY	driver_candidate	TCGA_driver_composite	genome+transcriptome	TCGA-ESCC GDC DR45	unique patient	TCGA_ESCC_DR45_driver_core	CNV-RNA Spearman rho	0.638606864434534	3.34220198564889e-12	7.82025933247219e-11	positive	support	TCGA_evaluable_Cao_not_profiled_current_strong_only_not_negative	FALSE	FALSE	T2	25	FALSE
EVIDENCE_000351	GENE:ENY2	ENY2	driver_candidate	TCGA_driver_composite	genome+transcriptome	TCGA-ESCC GDC DR45	unique patient	TCGA_ESCC_DR45_driver_core	CNV-RNA Spearman rho	0.593908333891191	2.24053036295774e-10	3.0553124798957e-09	positive	support	TCGA_evaluable_Cao_not_profiled_current_strong_only_not_negative	FALSE	FALSE	T2	25	FALSE
EVIDENCE_000010	GENE:EP300	EP300	driver_candidate	TCGA_driver_composite	genome+transcriptome	TCGA-ESCC GDC DR45	unique patient	TCGA_ESCC_DR45_driver_core	mutated patient count	5			event_recurrence	not_comparable	TCGA_evaluable_Cao_profiled	FALSE	FALSE	T2	46	FALSE
EVIDENCE_000352	GENE:EPHB3	EPHB3	driver_candidate	TCGA_driver_composite	genome+transcriptome	TCGA-ESCC GDC DR45	unique patient	TCGA_ESCC_DR45_driver_core	CNV-RNA Spearman rho	0.389375749479013	9.6187597103587e-05	0.000285278556236597	positive	support	TCGA_evaluable_Cao_not_profiled_current_strong_only_not_negative	FALSE	FALSE	T2	25	FALSE
EVIDENCE_000353	GENE:EPHB4	EPHB4	driver_candidate	TCGA_driver_composite	genome+transcriptome	TCGA-ESCC GDC DR45	unique patient	TCGA_ESCC_DR45_driver_core	CNV-RNA Spearman rho	0.50605762485525	1.68075214867045e-07	1.01792257638198e-06	positive	support	TCGA_evaluable_Cao_not_profiled_current_strong_only_not_negative	FALSE	FALSE	T2	25	FALSE
EVIDENCE_000354	GENE:EPO	EPO	driver_candidate	TCGA_driver_composite	genome+transcriptome	TCGA-ESCC GDC DR45	unique patient	TCGA_ESCC_DR45_driver_core	CNV-RNA Spearman rho	0.482380239293855	7.41819714244969e-07	3.77669916341016e-06	positive	support	TCGA_evaluable_Cao_not_profiled_current_strong_only_not_negative	FALSE	FALSE	T2	25	FALSE
EVIDENCE_000355	GENE:ERGIC2	ERGIC2	driver_candidate	TCGA_driver_composite	genome+transcriptome	TCGA-ESCC GDC DR45	unique patient	TCGA_ESCC_DR45_driver_core	CNV-RNA Spearman rho	0.551116046356733	7.15415721530941e-09	6.31817700588816e-08	positive	support	TCGA_evaluable_Cao_not_profiled_current_strong_only_not_negative	FALSE	FALSE	T2	25	FALSE
EVIDENCE_000356	GENE:ERVW-1	ERVW-1	driver_candidate	TCGA_driver_composite	genome+transcriptome	TCGA-ESCC GDC DR45	unique patient	TCGA_ESCC_DR45_driver_core	CNV-RNA Spearman rho	0.308150990744038	0.00238141600120791	0.00513013720525202	positive	support	TCGA_evaluable_Cao_not_profiled_current_strong_only_not_negative	FALSE	FALSE	T2	25	FALSE
EVIDENCE_000357	GENE:ESRP1	ESRP1	driver_candidate	TCGA_driver_composite	genome+transcriptome	TCGA-ESCC GDC DR45	unique patient	TCGA_ESCC_DR45_driver_core	CNV-RNA Spearman rho	0.377863601177885	0.00015989868375167	0.000449969671766702	positive	support	TCGA_evaluable_Cao_not_profiled_current_strong_only_not_negative	FALSE	FALSE	T2	25	FALSE
EVIDENCE_000358	GENE:ESRRG	ESRRG	driver_candidate	TCGA_driver_composite	genome+transcriptome	TCGA-ESCC GDC DR45	unique patient	TCGA_ESCC_DR45_driver_core	CNV-RNA Spearman rho	0.436125175123035	9.9694445447983e-06	3.75059316870757e-05	positive	support	TCGA_evaluable_Cao_not_profiled_current_strong_only_not_negative	FALSE	FALSE	T2	25	FALSE
EVIDENCE_000359	GENE:ETFRF1	ETFRF1	driver_candidate	TCGA_driver_composite	genome+transcriptome	TCGA-ESCC GDC DR45	unique patient	TCGA_ESCC_DR45_driver_core	CNV-RNA Spearman rho	0.547158250947554	9.61996994895093e-09	8.1959705229665e-08	positive	support	TCGA_evaluable_Cao_not_profiled_current_strong_only_not_negative	FALSE	FALSE	T2	25	FALSE
EVIDENCE_000360	GENE:ETNK1	ETNK1	driver_candidate	TCGA_driver_composite	genome+transcriptome	TCGA-ESCC GDC DR45	unique patient	TCGA_ESCC_DR45_driver_core	CNV-RNA Spearman rho	0.501935748177323	2.19419096387206e-07	1.27938987603795e-06	positive	support	TCGA_evaluable_Cao_not_profiled_current_strong_only_not_negative	FALSE	FALSE	T2	25	FALSE
EVIDENCE_000361	GENE:ETV5	ETV5	driver_candidate	TCGA_driver_composite	genome+transcriptome	TCGA-ESCC GDC DR45	unique patient	TCGA_ESCC_DR45_driver_core	CNV-RNA Spearman rho	0.429004131117726	1.43948175285052e-05	5.18871845528029e-05	positive	support	TCGA_evaluable_Cao_not_profiled_current_strong_only_not_negative	FALSE	FALSE	T2	25	FALSE
EVIDENCE_000362	GENE:EXO1	EXO1	driver_candidate	TCGA_driver_composite	genome+transcriptome	TCGA-ESCC GDC DR45	unique patient	TCGA_ESCC_DR45_driver_core	CNV-RNA Spearman rho	0.340233814441815	0.000742122451142923	0.00178385081982459	positive	support	TCGA_evaluable_Cao_not_profiled_current_strong_only_not_negative	FALSE	FALSE	T2	25	FALSE
EVIDENCE_000363	GENE:EXOC3	EXOC3	driver_candidate	TCGA_driver_composite	genome+transcriptome	TCGA-ESCC GDC DR45	unique patient	TCGA_ESCC_DR45_driver_core	CNV-RNA Spearman rho	0.656339970244652	5.17612472248597e-13	1.60933865461774e-11	positive	support	TCGA_evaluable_Cao_not_profiled_current_strong_only_not_negative	FALSE	FALSE	T2	25	FALSE
EVIDENCE_000364	GENE:EXOC8	EXOC8	driver_candidate	TCGA_driver_composite	genome+transcriptome	TCGA-ESCC GDC DR45	unique patient	TCGA_ESCC_DR45_driver_core	CNV-RNA Spearman rho	0.410104786746377	3.66932881036244e-05	0.000119903189829983	positive	support	TCGA_evaluable_Cao_not_profiled_current_strong_only_not_negative	FALSE	FALSE	T2	25	FALSE
EVIDENCE_000365	GENE:EXOSC4	EXOSC4	driver_candidate	TCGA_driver_composite	genome+transcriptome	TCGA-ESCC GDC DR45	unique patient	TCGA_ESCC_DR45_driver_core	CNV-RNA Spearman rho	0.456468950836392	3.33142639062642e-06	1.41918540429709e-05	positive	support	TCGA_evaluable_Cao_not_profiled_current_strong_only_not_negative	FALSE	FALSE	T2	25	FALSE
EVIDENCE_000366	GENE:EXT1	EXT1	driver_candidate	TCGA_driver_composite	genome+transcriptome	TCGA-ESCC GDC DR45	unique patient	TCGA_ESCC_DR45_driver_core	CNV-RNA Spearman rho	0.5075902363966	1.52078307967846e-07	9.35333220973922e-07	positive	support	TCGA_evaluable_Cao_not_profiled_current_strong_only_not_negative	FALSE	FALSE	T2	25	FALSE
EVIDENCE_000367	GENE:FADD	FADD	driver_candidate	TCGA_driver_composite	genome+transcriptome	TCGA-ESCC GDC DR45	unique patient	TCGA_ESCC_DR45_driver_core	CNV-RNA Spearman rho	0.86723184052178	6.47870080837442e-30	2.73876278839348e-26	positive	support	TCGA_evaluable_Cao_not_profiled_current_strong_only_not_negative	FALSE	FALSE	T2	25	FALSE
EVIDENCE_000368	GENE:FAIM	FAIM	driver_candidate	TCGA_driver_composite	genome+transcriptome	TCGA-ESCC GDC DR45	unique patient	TCGA_ESCC_DR45_driver_core	CNV-RNA Spearman rho	0.636833446160198	4.00101904176883e-12	8.99661763966531e-11	positive	support	TCGA_evaluable_Cao_not_profiled_current_strong_only_not_negative	FALSE	FALSE	T2	25	FALSE
EVIDENCE_000369	GENE:FAM104B	FAM104B	driver_candidate	TCGA_driver_composite	genome+transcriptome	TCGA-ESCC GDC DR45	unique patient	TCGA_ESCC_DR45_driver_core	CNV-RNA Spearman rho	0.378562938523466	0.000155120121806298	0.00043823421357707	positive	support	TCGA_evaluable_Cao_not_profiled_current_strong_only_not_negative	FALSE	FALSE	T2	25	FALSE
EVIDENCE_000370	GENE:FAM122B	FAM122B	driver_candidate	TCGA_driver_composite	genome+transcriptome	TCGA-ESCC GDC DR45	unique patient	TCGA_ESCC_DR45_driver_core	CNV-RNA Spearman rho	0.321849796593105	0.00146993703076881	0.00331585582074173	positive	support	TCGA_evaluable_Cao_not_profiled_current_strong_only_not_negative	FALSE	FALSE	T2	25	FALSE
EVIDENCE_000371	GENE:FAM131A	FAM131A	driver_candidate	TCGA_driver_composite	genome+transcriptome	TCGA-ESCC GDC DR45	unique patient	TCGA_ESCC_DR45_driver_core	CNV-RNA Spearman rho	0.61351507883405	3.84184596463373e-11	6.36061233988055e-10	positive	support	TCGA_evaluable_Cao_not_profiled_current_strong_only_not_negative	FALSE	FALSE	T2	25	FALSE
EVIDENCE_000372	GENE:FAM133B	FAM133B	driver_candidate	TCGA_driver_composite	genome+transcriptome	TCGA-ESCC GDC DR45	unique patient	TCGA_ESCC_DR45_driver_core	CNV-RNA Spearman rho	0.631729402410541	6.67222426581462e-12	1.40560046742626e-10	positive	support	TCGA_evaluable_Cao_not_profiled_current_strong_only_not_negative	FALSE	FALSE	T2	25	FALSE
EVIDENCE_000373	GENE:FAM156A	FAM156A	driver_candidate	TCGA_driver_composite	genome+transcriptome	TCGA-ESCC GDC DR45	unique patient	TCGA_ESCC_DR45_driver_core	CNV-RNA Spearman rho	0.300711859280848	0.00306608907650702	0.00644097095714129	positive	support	TCGA_evaluable_Cao_not_profiled_current_strong_only_not_negative	FALSE	FALSE	T2	25	FALSE
EVIDENCE_000374	GENE:FAM162A	FAM162A	driver_candidate	TCGA_driver_composite	genome+transcriptome	TCGA-ESCC GDC DR45	unique patient	TCGA_ESCC_DR45_driver_core	CNV-RNA Spearman rho	0.334283699586961	0.000930131861829585	0.00218524125078229	positive	support	TCGA_evaluable_Cao_not_profiled_current_strong_only_not_negative	FALSE	FALSE	T2	25	FALSE
EVIDENCE_000375	GENE:FAM168A	FAM168A	driver_candidate	TCGA_driver_composite	genome+transcriptome	TCGA-ESCC GDC DR45	unique patient	TCGA_ESCC_DR45_driver_core	CNV-RNA Spearman rho	0.56579286428653	2.30514897068367e-09	2.33871193969682e-08	positive	support	TCGA_evaluable_Cao_not_profiled_current_strong_only_not_negative	FALSE	FALSE	T2	25	FALSE
EVIDENCE_000376	GENE:FAM185A	FAM185A	driver_candidate	TCGA_driver_composite	genome+transcriptome	TCGA-ESCC GDC DR45	unique patient	TCGA_ESCC_DR45_driver_core	CNV-RNA Spearman rho	0.672093224747149	8.86587729737941e-14	3.41753969256431e-12	positive	support	TCGA_evaluable_Cao_not_profiled_current_strong_only_not_negative	FALSE	FALSE	T2	25	FALSE
EVIDENCE_000377	GENE:FAM199X	FAM199X	driver_candidate	TCGA_driver_composite	genome+transcriptome	TCGA-ESCC GDC DR45	unique patient	TCGA_ESCC_DR45_driver_core	CNV-RNA Spearman rho	0.312448639864917	0.0020518503317023	0.00448957313779305	positive	support	TCGA_evaluable_Cao_not_profiled_current_strong_only_not_negative	FALSE	FALSE	T2	25	FALSE
EVIDENCE_000378	GENE:FAM200A	FAM200A	driver_candidate	TCGA_driver_composite	genome+transcriptome	TCGA-ESCC GDC DR45	unique patient	TCGA_ESCC_DR45_driver_core	CNV-RNA Spearman rho	0.540020653517951	1.62537506499197e-08	1.29316226939951e-07	positive	support	TCGA_evaluable_Cao_not_profiled_current_strong_only_not_negative	FALSE	FALSE	T2	25	FALSE
EVIDENCE_000379	GENE:FAM220A	FAM220A	driver_candidate	TCGA_driver_composite	genome+transcriptome	TCGA-ESCC GDC DR45	unique patient	TCGA_ESCC_DR45_driver_core	CNV-RNA Spearman rho	0.533256569922666	2.64229095007399e-08	1.99342854424975e-07	positive	support	TCGA_evaluable_Cao_not_profiled_current_strong_only_not_negative	FALSE	FALSE	T2	25	FALSE
EVIDENCE_000380	GENE:FAM83H	FAM83H	driver_candidate	TCGA_driver_composite	genome+transcriptome	TCGA-ESCC GDC DR45	unique patient	TCGA_ESCC_DR45_driver_core	CNV-RNA Spearman rho	0.40897170386179	3.87422872612462e-05	0.000125930135960734	positive	support	TCGA_evaluable_Cao_not_profiled_current_strong_only_not_negative	FALSE	FALSE	T2	25	FALSE
EVIDENCE_000381	GENE:FAM91A1	FAM91A1	driver_candidate	TCGA_driver_composite	genome+transcriptome	TCGA-ESCC GDC DR45	unique patient	TCGA_ESCC_DR45_driver_core	CNV-RNA Spearman rho	0.568346634520184	1.88210799068007e-09	1.96128952652462e-08	positive	support	TCGA_evaluable_Cao_not_profiled_current_strong_only_not_negative	FALSE	FALSE	T2	25	FALSE
EVIDENCE_000382	GENE:FANCB	FANCB	driver_candidate	TCGA_driver_composite	genome+transcriptome	TCGA-ESCC GDC DR45	unique patient	TCGA_ESCC_DR45_driver_core	CNV-RNA Spearman rho	0.308405681735969	0.0023606303725019	0.00509300042736992	positive	support	TCGA_evaluable_Cao_not_profiled_current_strong_only_not_negative	FALSE	FALSE	T2	25	FALSE
EVIDENCE_000383	GENE:FAR2	FAR2	driver_candidate	TCGA_driver_composite	genome+transcriptome	TCGA-ESCC GDC DR45	unique patient	TCGA_ESCC_DR45_driver_core	CNV-RNA Spearman rho	0.333247165910915	0.000967009995655926	0.00226224326967505	positive	support	TCGA_evaluable_Cao_not_profiled_current_strong_only_not_negative	FALSE	FALSE	T2	25	FALSE
EVIDENCE_000384	GENE:FASTKD3	FASTKD3	driver_candidate	TCGA_driver_composite	genome+transcriptome	TCGA-ESCC GDC DR45	unique patient	TCGA_ESCC_DR45_driver_core	CNV-RNA Spearman rho	0.714159473381381	4.4831812750044e-16	4.03231949855361e-14	positive	support	TCGA_evaluable_Cao_not_profiled_current_strong_only_not_negative	FALSE	FALSE	T2	25	FALSE
EVIDENCE_000385	GENE:FAT2	FAT2	driver_candidate	TCGA_driver_composite	genome+transcriptome	TCGA-ESCC GDC DR45	unique patient	TCGA_ESCC_DR45_driver_core	CNV-RNA Spearman rho	0.212364751530994	0.0388186928490416	0.0633507480004562	positive	same_direction_nonsignificant	TCGA_evaluable_Cao_not_profiled_current_strong_only_not_negative	FALSE	FALSE	T2	25	FALSE
EVIDENCE_000386	GENE:FAT3	FAT3	driver_candidate	TCGA_driver_composite	genome+transcriptome	TCGA-ESCC GDC DR45	unique patient	TCGA_ESCC_DR45_driver_core	CNV-RNA Spearman rho	0.0144341672901371	0.889583200564426	0.913423540568217	positive	same_direction_nonsignificant	TCGA_evaluable_Cao_not_profiled_current_strong_only_not_negative	FALSE	FALSE	T2	25	FALSE
EVIDENCE_000387	GENE:FBXL13	FBXL13	driver_candidate	TCGA_driver_composite	genome+transcriptome	TCGA-ESCC GDC DR45	unique patient	TCGA_ESCC_DR45_driver_core	CNV-RNA Spearman rho	0.469249236270926	1.61270191087661e-06	7.54975475590152e-06	positive	support	TCGA_evaluable_Cao_not_profiled_current_strong_only_not_negative	FALSE	FALSE	T2	25	FALSE
EVIDENCE_000388	GENE:FBXL14	FBXL14	driver_candidate	TCGA_driver_composite	genome+transcriptome	TCGA-ESCC GDC DR45	unique patient	TCGA_ESCC_DR45_driver_core	CNV-RNA Spearman rho	0.570663540769601	1.56352879917628e-09	1.67755264222957e-08	positive	support	TCGA_evaluable_Cao_not_profiled_current_strong_only_not_negative	FALSE	FALSE	T2	25	FALSE
EVIDENCE_000389	GENE:FBXL18	FBXL18	driver_candidate	TCGA_driver_composite	genome+transcriptome	TCGA-ESCC GDC DR45	unique patient	TCGA_ESCC_DR45_driver_core	CNV-RNA Spearman rho	0.513920127331328	1.00091221690214e-07	6.46302920735085e-07	positive	support	TCGA_evaluable_Cao_not_profiled_current_strong_only_not_negative	FALSE	FALSE	T2	25	FALSE
EVIDENCE_000390	GENE:FBXL6	FBXL6	driver_candidate	TCGA_driver_composite	genome+transcriptome	TCGA-ESCC GDC DR45	unique patient	TCGA_ESCC_DR45_driver_core	CNV-RNA Spearman rho	0.43423146260855	1.10013882700162e-05	4.09501901626808e-05	positive	support	TCGA_evaluable_Cao_not_profiled_current_strong_only_not_negative	FALSE	FALSE	T2	25	FALSE
EVIDENCE_000391	GENE:FBXO24	FBXO24	driver_candidate	TCGA_driver_composite	genome+transcriptome	TCGA-ESCC GDC DR45	unique patient	TCGA_ESCC_DR45_driver_core	CNV-RNA Spearman rho	0.372023819002298	0.000205458330405621	0.000563012650433035	positive	support	TCGA_evaluable_Cao_not_profiled_current_strong_only_not_negative	FALSE	FALSE	T2	25	FALSE
EVIDENCE_000392	GENE:FBXO28	FBXO28	driver_candidate	TCGA_driver_composite	genome+transcriptome	TCGA-ESCC GDC DR45	unique patient	TCGA_ESCC_DR45_driver_core	CNV-RNA Spearman rho	0.425891258459614	1.68587209707653e-05	5.97568353537445e-05	positive	support	TCGA_evaluable_Cao_not_profiled_current_strong_only_not_negative	FALSE	FALSE	T2	25	FALSE
EVIDENCE_000393	GENE:FBXO4	FBXO4	driver_candidate	TCGA_driver_composite	genome+transcriptome	TCGA-ESCC GDC DR45	unique patient	TCGA_ESCC_DR45_driver_core	CNV-RNA Spearman rho	0.541181792707087	1.49368474916378e-08	1.2042536547295e-07	positive	support	TCGA_evaluable_Cao_not_profiled_current_strong_only_not_negative	FALSE	FALSE	T2	25	FALSE
EVIDENCE_000394	GENE:FBXO45	FBXO45	driver_candidate	TCGA_driver_composite	genome+transcriptome	TCGA-ESCC GDC DR45	unique patient	TCGA_ESCC_DR45_driver_core	CNV-RNA Spearman rho	0.468712589767579	1.6635720586297e-06	7.74785929032019e-06	positive	support	TCGA_evaluable_Cao_not_profiled_current_strong_only_not_negative	FALSE	FALSE	T2	25	FALSE
EVIDENCE_000011	GENE:FBXW7	FBXW7	driver_candidate	TCGA_driver_composite	genome+transcriptome	TCGA-ESCC GDC DR45	unique patient	TCGA_ESCC_DR45_driver_core	CNV-RNA Spearman rho	0.52098991665482	6.20986487627644e-08	4.20242830101056e-07	positive	support	TCGA_evaluable_Cao_profiled	FALSE	FALSE	T2	44	FALSE
EVIDENCE_000395	GENE:FCHSD2	FCHSD2	driver_candidate	TCGA_driver_composite	genome+transcriptome	TCGA-ESCC GDC DR45	unique patient	TCGA_ESCC_DR45_driver_core	CNV-RNA Spearman rho	0.649321464183792	1.09895832694437e-12	2.96531691538478e-11	positive	support	TCGA_evaluable_Cao_not_profiled_current_strong_only_not_negative	FALSE	FALSE	T2	25	FALSE
EVIDENCE_000396	GENE:FETUB	FETUB	driver_candidate	TCGA_driver_composite	genome+transcriptome	TCGA-ESCC GDC DR45	unique patient	TCGA_ESCC_DR45_driver_core	CNV-RNA Spearman rho	0.348126231355798	0.000546232275926883	0.00135404959407833	positive	support	TCGA_evaluable_Cao_not_profiled_current_strong_only_not_negative	FALSE	FALSE	T2	25	FALSE
EVIDENCE_000397	GENE:FGD1	FGD1	driver_candidate	TCGA_driver_composite	genome+transcriptome	TCGA-ESCC GDC DR45	unique patient	TCGA_ESCC_DR45_driver_core	CNV-RNA Spearman rho	0.414637582031894	2.94664984774596e-05	9.81855317107575e-05	positive	support	TCGA_evaluable_Cao_not_profiled_current_strong_only_not_negative	FALSE	FALSE	T2	25	FALSE
EVIDENCE_000398	GENE:FGF12	FGF12	driver_candidate	TCGA_driver_composite	genome+transcriptome	TCGA-ESCC GDC DR45	unique patient	TCGA_ESCC_DR45_driver_core	CNV-RNA Spearman rho	0.379539930314155	0.000148665470314146	0.000421689889180049	positive	support	TCGA_evaluable_Cao_not_profiled_current_strong_only_not_negative	FALSE	FALSE	T2	25	FALSE
EVIDENCE_000399	GENE:FGF19	FGF19	driver_candidate	TCGA_driver_composite	genome+transcriptome	TCGA-ESCC GDC DR45	unique patient	TCGA_ESCC_DR45_driver_core	CNV-RNA Spearman rho	0.469148977001339	1.62209262957769e-06	7.58531664023018e-06	positive	support	TCGA_evaluable_Cao_not_profiled_current_strong_only_not_negative	FALSE	FALSE	T2	25	FALSE
EVIDENCE_000400	GENE:FGF3	FGF3	driver_candidate	TCGA_driver_composite	genome+transcriptome	TCGA-ESCC GDC DR45	unique patient	TCGA_ESCC_DR45_driver_core	CNV-RNA Spearman rho	0.512366956362613	1.1099778437862e-07	7.08085463525983e-07	positive	support	TCGA_evaluable_Cao_not_profiled_current_strong_only_not_negative	FALSE	FALSE	T2	25	FALSE
EVIDENCE_000401	GENE:FGF4	FGF4	driver_candidate	TCGA_driver_composite	genome+transcriptome	TCGA-ESCC GDC DR45	unique patient	TCGA_ESCC_DR45_driver_core	CNV-RNA Spearman rho	0.385562747280337	0.000114059806603452	0.000333142898973969	positive	support	TCGA_evaluable_Cao_not_profiled_current_strong_only_not_negative	FALSE	FALSE	T2	25	FALSE
EVIDENCE_000402	GENE:FGFR1OP2	FGFR1OP2	driver_candidate	TCGA_driver_composite	genome+transcriptome	TCGA-ESCC GDC DR45	unique patient	TCGA_ESCC_DR45_driver_core	CNV-RNA Spearman rho	0.549197477590672	8.26254979966962e-09	7.18201895540851e-08	positive	support	TCGA_evaluable_Cao_not_profiled_current_strong_only_not_negative	FALSE	FALSE	T2	25	FALSE
EVIDENCE_000403	GENE:FIGN	FIGN	driver_candidate	TCGA_driver_composite	genome+transcriptome	TCGA-ESCC GDC DR45	unique patient	TCGA_ESCC_DR45_driver_core	CNV-RNA Spearman rho	-0.00817147070574045	0.937356692853339	0.950776419960493	negative	same_direction_nonsignificant	TCGA_evaluable_Cao_not_profiled_current_strong_only_not_negative	FALSE	FALSE	T2	25	FALSE
EVIDENCE_000404	GENE:FIS1	FIS1	driver_candidate	TCGA_driver_composite	genome+transcriptome	TCGA-ESCC GDC DR45	unique patient	TCGA_ESCC_DR45_driver_core	CNV-RNA Spearman rho	0.431938550600593	1.23851139275883e-05	4.55005836702417e-05	positive	support	TCGA_evaluable_Cao_not_profiled_current_strong_only_not_negative	FALSE	FALSE	T2	25	FALSE
EVIDENCE_000405	GENE:FLG	FLG	driver_candidate	TCGA_driver_composite	genome+transcriptome	TCGA-ESCC GDC DR45	unique patient	TCGA_ESCC_DR45_driver_core	CNV-RNA Spearman rho	0.185458865749295	0.0719643476695075	0.109155825516648	positive	same_direction_nonsignificant	TCGA_evaluable_Cao_not_profiled_current_strong_only_not_negative	FALSE	FALSE	T2	25	FALSE
EVIDENCE_000406	GENE:FLVCR1	FLVCR1	driver_candidate	TCGA_driver_composite	genome+transcriptome	TCGA-ESCC GDC DR45	unique patient	TCGA_ESCC_DR45_driver_core	CNV-RNA Spearman rho	0.56509111941761	2.43648913138695e-09	2.44845920477412e-08	positive	support	TCGA_evaluable_Cao_not_profiled_current_strong_only_not_negative	FALSE	FALSE	T2	25	FALSE
EVIDENCE_000407	GENE:FMN2	FMN2	driver_candidate	TCGA_driver_composite	genome+transcriptome	TCGA-ESCC GDC DR45	unique patient	TCGA_ESCC_DR45_driver_core	CNV-RNA Spearman rho	0.210978737613718	0.0401399323419002	0.0651881959226505	positive	same_direction_nonsignificant	TCGA_evaluable_Cao_not_profiled_current_strong_only_not_negative	FALSE	FALSE	T2	25	FALSE
EVIDENCE_000408	GENE:FMR1	FMR1	driver_candidate	TCGA_driver_composite	genome+transcriptome	TCGA-ESCC GDC DR45	unique patient	TCGA_ESCC_DR45_driver_core	CNV-RNA Spearman rho	0.370302777350949	0.000221014817882712	0.000600066349901212	positive	support	TCGA_evaluable_Cao_not_profiled_current_strong_only_not_negative	FALSE	FALSE	T2	25	FALSE
EVIDENCE_000409	GENE:FNDC3B	FNDC3B	driver_candidate	TCGA_driver_composite	genome+transcriptome	TCGA-ESCC GDC DR45	unique patient	TCGA_ESCC_DR45_driver_core	CNV-RNA Spearman rho	0.348452982660417	0.000539252280741815	0.00133831652140268	positive	support	TCGA_evaluable_Cao_not_profiled_current_strong_only_not_negative	FALSE	FALSE	T2	25	FALSE
EVIDENCE_000410	GENE:FNTA	FNTA	driver_candidate	TCGA_driver_composite	genome+transcriptome	TCGA-ESCC GDC DR45	unique patient	TCGA_ESCC_DR45_driver_core	CNV-RNA Spearman rho	0.672637071755835	8.3259069756647e-14	3.26901400202414e-12	positive	support	TCGA_evaluable_Cao_not_profiled_current_strong_only_not_negative	FALSE	FALSE	T2	25	FALSE
EVIDENCE_000411	GENE:FOXL2	FOXL2	driver_candidate	TCGA_driver_composite	genome+transcriptome	TCGA-ESCC GDC DR45	unique patient	TCGA_ESCC_DR45_driver_core	CNV-RNA Spearman rho	0.358844653507537	0.000355632326075262	0.000919871335771256	positive	support	TCGA_evaluable_Cao_not_profiled_current_strong_only_not_negative	FALSE	FALSE	T2	25	FALSE
EVIDENCE_000412	GENE:FOXL2NB	FOXL2NB	driver_candidate	TCGA_driver_composite	genome+transcriptome	TCGA-ESCC GDC DR45	unique patient	TCGA_ESCC_DR45_driver_core	CNV-RNA Spearman rho	0.31473562549248	0.00189379552727066	0.00418062896738595	positive	support	TCGA_evaluable_Cao_not_profiled_current_strong_only_not_negative	FALSE	FALSE	T2	25	FALSE
EVIDENCE_000413	GENE:FREM2	FREM2	driver_candidate	TCGA_driver_composite	genome+transcriptome	TCGA-ESCC GDC DR45	unique patient	TCGA_ESCC_DR45_driver_core	CNV-RNA Spearman rho	0.178425087107462	0.0836372079204157	0.124464570622707	positive	same_direction_nonsignificant	TCGA_evaluable_Cao_not_profiled_current_strong_only_not_negative	FALSE	FALSE	T2	25	FALSE
EVIDENCE_000414	GENE:FSBP	FSBP	driver_candidate	TCGA_driver_composite	genome+transcriptome	TCGA-ESCC GDC DR45	unique patient	TCGA_ESCC_DR45_driver_core	CNV-RNA Spearman rho	0.399145936474853	6.15598478040149e-05	0.000190787387549002	positive	support	TCGA_evaluable_Cao_not_profiled_current_strong_only_not_negative	FALSE	FALSE	T2	25	FALSE
EVIDENCE_000415	GENE:FSCN1	FSCN1	driver_candidate	TCGA_driver_composite	genome+transcriptome	TCGA-ESCC GDC DR45	unique patient	TCGA_ESCC_DR45_driver_core	CNV-RNA Spearman rho	0.435095686442918	1.05185901133962e-05	3.93733057314315e-05	positive	support	TCGA_evaluable_Cao_not_profiled_current_strong_only_not_negative	FALSE	FALSE	T2	25	FALSE
EVIDENCE_000416	GENE:FUNDC1	FUNDC1	driver_candidate	TCGA_driver_composite	genome+transcriptome	TCGA-ESCC GDC DR45	unique patient	TCGA_ESCC_DR45_driver_core	CNV-RNA Spearman rho	0.413215590143472	3.15761962639175e-05	0.000104474124972346	positive	support	TCGA_evaluable_Cao_not_profiled_current_strong_only_not_negative	FALSE	FALSE	T2	25	FALSE
EVIDENCE_000417	GENE:FXR1	FXR1	driver_candidate	TCGA_driver_composite	genome+transcriptome	TCGA-ESCC GDC DR45	unique patient	TCGA_ESCC_DR45_driver_core	CNV-RNA Spearman rho	0.693613394364361	6.63775494691247e-15	3.76548461665635e-13	positive	support	TCGA_evaluable_Cao_not_profiled_current_strong_only_not_negative	FALSE	FALSE	T2	25	FALSE
EVIDENCE_000418	GENE:FYTTD1	FYTTD1	driver_candidate	TCGA_driver_composite	genome+transcriptome	TCGA-ESCC GDC DR45	unique patient	TCGA_ESCC_DR45_driver_core	CNV-RNA Spearman rho	0.688607714561109	1.23745536122561e-14	6.43172495535375e-13	positive	support	TCGA_evaluable_Cao_not_profiled_current_strong_only_not_negative	FALSE	FALSE	T2	25	FALSE
EVIDENCE_000419	GENE:FZD1	FZD1	driver_candidate	TCGA_driver_composite	genome+transcriptome	TCGA-ESCC GDC DR45	unique patient	TCGA_ESCC_DR45_driver_core	CNV-RNA Spearman rho	0.341209749863606	0.000714833270169242	0.001725121890064	positive	support	TCGA_evaluable_Cao_not_profiled_current_strong_only_not_negative	FALSE	FALSE	T2	25	FALSE
EVIDENCE_000420	GENE:FZD6	FZD6	driver_candidate	TCGA_driver_composite	genome+transcriptome	TCGA-ESCC GDC DR45	unique patient	TCGA_ESCC_DR45_driver_core	CNV-RNA Spearman rho	0.396115837391409	7.08039341323451e-05	0.000216213699173224	positive	support	TCGA_evaluable_Cao_not_profiled_current_strong_only_not_negative	FALSE	FALSE	T2	25	FALSE
EVIDENCE_000421	GENE:GAL	GAL	driver_candidate	TCGA_driver_composite	genome+transcriptome	TCGA-ESCC GDC DR45	unique patient	TCGA_ESCC_DR45_driver_core	CNV-RNA Spearman rho	0.302549361734701	0.00303796094885145	0.00638929034051974	positive	support	TCGA_evaluable_Cao_not_profiled_current_strong_only_not_negative	FALSE	FALSE	T2	25	FALSE
EVIDENCE_000422	GENE:GAL3ST4	GAL3ST4	driver_candidate	TCGA_driver_composite	genome+transcriptome	TCGA-ESCC GDC DR45	unique patient	TCGA_ESCC_DR45_driver_core	CNV-RNA Spearman rho	0.30730765075677	0.00245142363405192	0.00526396114579182	positive	support	TCGA_evaluable_Cao_not_profiled_current_strong_only_not_negative	FALSE	FALSE	T2	25	FALSE
EVIDENCE_000423	GENE:GATAD1	GATAD1	driver_candidate	TCGA_driver_composite	genome+transcriptome	TCGA-ESCC GDC DR45	unique patient	TCGA_ESCC_DR45_driver_core	CNV-RNA Spearman rho	0.67175398530962	9.21967475872526e-14	3.48222856380684e-12	positive	support	TCGA_evaluable_Cao_not_profiled_current_strong_only_not_negative	FALSE	FALSE	T2	25	FALSE
EVIDENCE_000424	GENE:GDAP1	GDAP1	driver_candidate	TCGA_driver_composite	genome+transcriptome	TCGA-ESCC GDC DR45	unique patient	TCGA_ESCC_DR45_driver_core	CNV-RNA Spearman rho	0.371600787505196	0.000209185411141809	0.000571620207735492	positive	support	TCGA_evaluable_Cao_not_profiled_current_strong_only_not_negative	FALSE	FALSE	T2	25	FALSE
EVIDENCE_000425	GENE:GDPD5	GDPD5	driver_candidate	TCGA_driver_composite	genome+transcriptome	TCGA-ESCC GDC DR45	unique patient	TCGA_ESCC_DR45_driver_core	CNV-RNA Spearman rho	0.366988393533423	0.000254079248863961	0.000680082953586482	positive	support	TCGA_evaluable_Cao_not_profiled_current_strong_only_not_negative	FALSE	FALSE	T2	25	FALSE
EVIDENCE_000426	GENE:GEMIN8	GEMIN8	driver_candidate	TCGA_driver_composite	genome+transcriptome	TCGA-ESCC GDC DR45	unique patient	TCGA_ESCC_DR45_driver_core	CNV-RNA Spearman rho	0.548615695709462	8.62989724294776e-09	7.45026254833652e-08	positive	support	TCGA_evaluable_Cao_not_profiled_current_strong_only_not_negative	FALSE	FALSE	T2	25	FALSE
EVIDENCE_000427	GENE:GFM1	GFM1	driver_candidate	TCGA_driver_composite	genome+transcriptome	TCGA-ESCC GDC DR45	unique patient	TCGA_ESCC_DR45_driver_core	CNV-RNA Spearman rho	0.733001090250115	3.05077480768446e-17	4.34718270910722e-15	positive	support	TCGA_evaluable_Cao_not_profiled_current_strong_only_not_negative	FALSE	FALSE	T2	25	FALSE
EVIDENCE_000428	GENE:GFUS	GFUS	driver_candidate	TCGA_driver_composite	genome+transcriptome	TCGA-ESCC GDC DR45	unique patient	TCGA_ESCC_DR45_driver_core	CNV-RNA Spearman rho	0.38622534484293	0.000110748013888163	0.000324666276497846	positive	support	TCGA_evaluable_Cao_not_profiled_current_strong_only_not_negative	FALSE	FALSE	T2	25	FALSE
EVIDENCE_000429	GENE:GGPS1	GGPS1	driver_candidate	TCGA_driver_composite	genome+transcriptome	TCGA-ESCC GDC DR45	unique patient	TCGA_ESCC_DR45_driver_core	CNV-RNA Spearman rho	0.47409757652665	1.21522918640253e-06	5.85587254942691e-06	positive	support	TCGA_evaluable_Cao_not_profiled_current_strong_only_not_negative	FALSE	FALSE	T2	25	FALSE
EVIDENCE_000430	GENE:GGT7	GGT7	driver_candidate	TCGA_driver_composite	genome+transcriptome	TCGA-ESCC GDC DR45	unique patient	TCGA_ESCC_DR45_driver_core	CNV-RNA Spearman rho	0.378438803895155	0.000155958561544308	0.000440406697284551	positive	support	TCGA_evaluable_Cao_not_profiled_current_strong_only_not_negative	FALSE	FALSE	T2	25	FALSE
EVIDENCE_000431	GENE:GIGYF1	GIGYF1	driver_candidate	TCGA_driver_composite	genome+transcriptome	TCGA-ESCC GDC DR45	unique patient	TCGA_ESCC_DR45_driver_core	CNV-RNA Spearman rho	0.656337531287766	5.17749701217503e-13	1.60933865461774e-11	positive	support	TCGA_evaluable_Cao_not_profiled_current_strong_only_not_negative	FALSE	FALSE	T2	25	FALSE
EVIDENCE_000432	GENE:GINS4	GINS4	driver_candidate	TCGA_driver_composite	genome+transcriptome	TCGA-ESCC GDC DR45	unique patient	TCGA_ESCC_DR45_driver_core	CNV-RNA Spearman rho	0.621520481260781	1.80489534256099e-11	3.26528997637067e-10	positive	support	TCGA_evaluable_Cao_not_profiled_current_strong_only_not_negative	FALSE	FALSE	T2	25	FALSE
EVIDENCE_000433	GENE:GK5	GK5	driver_candidate	TCGA_driver_composite	genome+transcriptome	TCGA-ESCC GDC DR45	unique patient	TCGA_ESCC_DR45_driver_core	CNV-RNA Spearman rho	0.525133586781417	4.67050969726586e-08	3.28151822607898e-07	positive	support	TCGA_evaluable_Cao_not_profiled_current_strong_only_not_negative	FALSE	FALSE	T2	25	FALSE
EVIDENCE_000434	GENE:GLI4	GLI4	driver_candidate	TCGA_driver_composite	genome+transcriptome	TCGA-ESCC GDC DR45	unique patient	TCGA_ESCC_DR45_driver_core	CNV-RNA Spearman rho	0.348193717337843	0.000544783906306782	0.00135098738752104	positive	support	TCGA_evaluable_Cao_not_profiled_current_strong_only_not_negative	FALSE	FALSE	T2	25	FALSE
EVIDENCE_000435	GENE:GMPS	GMPS	driver_candidate	TCGA_driver_composite	genome+transcriptome	TCGA-ESCC GDC DR45	unique patient	TCGA_ESCC_DR45_driver_core	CNV-RNA Spearman rho	0.730922741311629	4.14908516565224e-17	5.65792452374212e-15	positive	support	TCGA_evaluable_Cao_not_profiled_current_strong_only_not_negative	FALSE	FALSE	T2	25	FALSE
EVIDENCE_000436	GENE:GNA12	GNA12	driver_candidate	TCGA_driver_composite	genome+transcriptome	TCGA-ESCC GDC DR45	unique patient	TCGA_ESCC_DR45_driver_core	CNV-RNA Spearman rho	0.443827863915875	6.6376776811363e-06	2.61182216420014e-05	positive	support	TCGA_evaluable_Cao_not_profiled_current_strong_only_not_negative	FALSE	FALSE	T2	25	FALSE
EVIDENCE_000008	GENE:GNAS	GNAS	driver_candidate	TCGA_driver_composite	genome+transcriptome	TCGA-ESCC GDC DR45	unique patient	TCGA_ESCC_DR45_driver_core	CNV-RNA Spearman rho	0.337209722135567	0.000832837728653649	0.00197569174612525	positive	support	TCGA_evaluable_Cao_profiled	FALSE	FALSE	T2	60	FALSE
EVIDENCE_000437	GENE:GNB2	GNB2	driver_candidate	TCGA_driver_composite	genome+transcriptome	TCGA-ESCC GDC DR45	unique patient	TCGA_ESCC_DR45_driver_core	CNV-RNA Spearman rho	0.397748061348774	6.56751218129955e-05	0.00020215822690107	positive	support	TCGA_evaluable_Cao_not_profiled_current_strong_only_not_negative	FALSE	FALSE	T2	25	FALSE
EVIDENCE_000438	GENE:GNGT1	GNGT1	driver_candidate	TCGA_driver_composite	genome+transcriptome	TCGA-ESCC GDC DR45	unique patient	TCGA_ESCC_DR45_driver_core	CNV-RNA Spearman rho	0.436982392492533	9.53286021580816e-06	3.60344957546585e-05	positive	support	TCGA_evaluable_Cao_not_profiled_current_strong_only_not_negative	FALSE	FALSE	T2	25	FALSE
EVIDENCE_000439	GENE:GNL3L	GNL3L	driver_candidate	TCGA_driver_composite	genome+transcriptome	TCGA-ESCC GDC DR45	unique patient	TCGA_ESCC_DR45_driver_core	CNV-RNA Spearman rho	0.312339949202796	0.00205965006336244	0.00450353139716595	positive	support	TCGA_evaluable_Cao_not_profiled_current_strong_only_not_negative	FALSE	FALSE	T2	25	FALSE
EVIDENCE_000440	GENE:GNPAT	GNPAT	driver_candidate	TCGA_driver_composite	genome+transcriptome	TCGA-ESCC GDC DR45	unique patient	TCGA_ESCC_DR45_driver_core	CNV-RNA Spearman rho	0.539473289678635	1.69123307226409e-08	1.33633755903135e-07	positive	support	TCGA_evaluable_Cao_not_profiled_current_strong_only_not_negative	FALSE	FALSE	T2	25	FALSE
EVIDENCE_000441	GENE:GOLGA7	GOLGA7	driver_candidate	TCGA_driver_composite	genome+transcriptome	TCGA-ESCC GDC DR45	unique patient	TCGA_ESCC_DR45_driver_core	CNV-RNA Spearman rho	0.615132254304315	3.30375418107652e-11	5.52746840691456e-10	positive	support	TCGA_evaluable_Cao_not_profiled_current_strong_only_not_negative	FALSE	FALSE	T2	25	FALSE
EVIDENCE_000442	GENE:GOLGB1	GOLGB1	driver_candidate	TCGA_driver_composite	genome+transcriptome	TCGA-ESCC GDC DR45	unique patient	TCGA_ESCC_DR45_driver_core	CNV-RNA Spearman rho	0.632009393269736	6.48922747038257e-12	1.36932417270203e-10	positive	support	TCGA_evaluable_Cao_not_profiled_current_strong_only_not_negative	FALSE	FALSE	T2	25	FALSE
EVIDENCE_000443	GENE:GOLIM4	GOLIM4	driver_candidate	TCGA_driver_composite	genome+transcriptome	TCGA-ESCC GDC DR45	unique patient	TCGA_ESCC_DR45_driver_core	CNV-RNA Spearman rho	0.567748722101105	1.97391241938043e-09	2.04519259008028e-08	positive	support	TCGA_evaluable_Cao_not_profiled_current_strong_only_not_negative	FALSE	FALSE	T2	25	FALSE
EVIDENCE_000444	GENE:GOLPH3	GOLPH3	driver_candidate	TCGA_driver_composite	genome+transcriptome	TCGA-ESCC GDC DR45	unique patient	TCGA_ESCC_DR45_driver_core	CNV-RNA Spearman rho	0.717410535843584	2.86385811495862e-16	2.7514733798413e-14	positive	support	TCGA_evaluable_Cao_not_profiled_current_strong_only_not_negative	FALSE	FALSE	T2	25	FALSE
EVIDENCE_000445	GENE:GOLT1B	GOLT1B	driver_candidate	TCGA_driver_composite	genome+transcriptome	TCGA-ESCC GDC DR45	unique patient	TCGA_ESCC_DR45_driver_core	CNV-RNA Spearman rho	0.437789792665179	9.13813297752587e-06	3.47079372329988e-05	positive	support	TCGA_evaluable_Cao_not_profiled_current_strong_only_not_negative	FALSE	FALSE	T2	25	FALSE
EVIDENCE_000446	GENE:GPAA1	GPAA1	driver_candidate	TCGA_driver_composite	genome+transcriptome	TCGA-ESCC GDC DR45	unique patient	TCGA_ESCC_DR45_driver_core	CNV-RNA Spearman rho	0.395907780169991	7.14838360445098e-05	0.000217870225598768	positive	support	TCGA_evaluable_Cao_not_profiled_current_strong_only_not_negative	FALSE	FALSE	T2	25	FALSE
EVIDENCE_000447	GENE:GPAT4	GPAT4	driver_candidate	TCGA_driver_composite	genome+transcriptome	TCGA-ESCC GDC DR45	unique patient	TCGA_ESCC_DR45_driver_core	CNV-RNA Spearman rho	0.698143528713912	3.73623563898444e-15	2.32269315556866e-13	positive	support	TCGA_evaluable_Cao_not_profiled_current_strong_only_not_negative	FALSE	FALSE	T2	25	FALSE
EVIDENCE_000448	GENE:GPATCH2	GPATCH2	driver_candidate	TCGA_driver_composite	genome+transcriptome	TCGA-ESCC GDC DR45	unique patient	TCGA_ESCC_DR45_driver_core	CNV-RNA Spearman rho	0.394249678407882	7.71234293289593e-05	0.000233209187112509	positive	support	TCGA_evaluable_Cao_not_profiled_current_strong_only_not_negative	FALSE	FALSE	T2	25	FALSE
EVIDENCE_000449	GENE:GPC2	GPC2	driver_candidate	TCGA_driver_composite	genome+transcriptome	TCGA-ESCC GDC DR45	unique patient	TCGA_ESCC_DR45_driver_core	CNV-RNA Spearman rho	0.521401133934288	6.03779090953784e-08	4.11010543825866e-07	positive	support	TCGA_evaluable_Cao_not_profiled_current_strong_only_not_negative	FALSE	FALSE	T2	25	FALSE
EVIDENCE_000450	GENE:GPR160	GPR160	driver_candidate	TCGA_driver_composite	genome+transcriptome	TCGA-ESCC GDC DR45	unique patient	TCGA_ESCC_DR45_driver_core	CNV-RNA Spearman rho	0.334193753087074	0.000933280463787207	0.00219101496515168	positive	support	TCGA_evaluable_Cao_not_profiled_current_strong_only_not_negative	FALSE	FALSE	T2	25	FALSE
EVIDENCE_000451	GENE:GPR87	GPR87	driver_candidate	TCGA_driver_composite	genome+transcriptome	TCGA-ESCC GDC DR45	unique patient	TCGA_ESCC_DR45_driver_core	CNV-RNA Spearman rho	0.38380078670072	0.000123318741072975	0.000356491514540112	positive	support	TCGA_evaluable_Cao_not_profiled_current_strong_only_not_negative	FALSE	FALSE	T2	25	FALSE
EVIDENCE_000452	GENE:GPT	GPT	driver_candidate	TCGA_driver_composite	genome+transcriptome	TCGA-ESCC GDC DR45	unique patient	TCGA_ESCC_DR45_driver_core	CNV-RNA Spearman rho	0.369786185948356	0.000225892293307117	0.000612653135953991	positive	support	TCGA_evaluable_Cao_not_profiled_current_strong_only_not_negative	FALSE	FALSE	T2	25	FALSE
EVIDENCE_000453	GENE:GRAMD1C	GRAMD1C	driver_candidate	TCGA_driver_composite	genome+transcriptome	TCGA-ESCC GDC DR45	unique patient	TCGA_ESCC_DR45_driver_core	CNV-RNA Spearman rho	0.305808678443278	0.00258044336988686	0.00551486060278145	positive	support	TCGA_evaluable_Cao_not_profiled_current_strong_only_not_negative	FALSE	FALSE	T2	25	FALSE
EVIDENCE_000454	GENE:GRHL2	GRHL2	driver_candidate	TCGA_driver_composite	genome+transcriptome	TCGA-ESCC GDC DR45	unique patient	TCGA_ESCC_DR45_driver_core	CNV-RNA Spearman rho	0.396567749772929	6.93478245779497e-05	0.000212227102147094	positive	support	TCGA_evaluable_Cao_not_profiled_current_strong_only_not_negative	FALSE	FALSE	T2	25	FALSE
EVIDENCE_000455	GENE:GRINA	GRINA	driver_candidate	TCGA_driver_composite	genome+transcriptome	TCGA-ESCC GDC DR45	unique patient	TCGA_ESCC_DR45_driver_core	CNV-RNA Spearman rho	0.419892803935321	2.27593598880744e-05	7.80935829396454e-05	positive	support	TCGA_evaluable_Cao_not_profiled_current_strong_only_not_negative	FALSE	FALSE	T2	25	FALSE
EVIDENCE_000456	GENE:GRK7	GRK7	driver_candidate	TCGA_driver_composite	genome+transcriptome	TCGA-ESCC GDC DR45	unique patient	TCGA_ESCC_DR45_driver_core	CNV-RNA Spearman rho	0.459336867234194	2.8381090241058e-06	1.23226744508494e-05	positive	support	TCGA_evaluable_Cao_not_profiled_current_strong_only_not_negative	FALSE	FALSE	T2	25	FALSE
EVIDENCE_000457	GENE:GSDMD	GSDMD	driver_candidate	TCGA_driver_composite	genome+transcriptome	TCGA-ESCC GDC DR45	unique patient	TCGA_ESCC_DR45_driver_core	CNV-RNA Spearman rho	0.389037492515058	9.76610870174217e-05	0.000289175322333631	positive	support	TCGA_evaluable_Cao_not_profiled_current_strong_only_not_negative	FALSE	FALSE	T2	25	FALSE
EVIDENCE_000458	GENE:GSK3B	GSK3B	driver_candidate	TCGA_driver_composite	genome+transcriptome	TCGA-ESCC GDC DR45	unique patient	TCGA_ESCC_DR45_driver_core	CNV-RNA Spearman rho	0.664203333928737	2.17402903363151e-13	7.33272239481778e-12	positive	support	TCGA_evaluable_Cao_not_profiled_current_strong_only_not_negative	FALSE	FALSE	T2	25	FALSE
EVIDENCE_000459	GENE:GSTP1	GSTP1	driver_candidate	TCGA_driver_composite	genome+transcriptome	TCGA-ESCC GDC DR45	unique patient	TCGA_ESCC_DR45_driver_core	CNV-RNA Spearman rho	0.370814894573534	0.000216275742449787	0.000588459336139927	positive	support	TCGA_evaluable_Cao_not_profiled_current_strong_only_not_negative	FALSE	FALSE	T2	25	FALSE
EVIDENCE_000460	GENE:GTF2E1	GTF2E1	driver_candidate	TCGA_driver_composite	genome+transcriptome	TCGA-ESCC GDC DR45	unique patient	TCGA_ESCC_DR45_driver_core	CNV-RNA Spearman rho	0.653558093620668	6.9925128048095e-13	2.07679267893663e-11	positive	support	TCGA_evaluable_Cao_not_profiled_current_strong_only_not_negative	FALSE	FALSE	T2	25	FALSE
EVIDENCE_000461	GENE:GTPBP10	GTPBP10	driver_candidate	TCGA_driver_composite	genome+transcriptome	TCGA-ESCC GDC DR45	unique patient	TCGA_ESCC_DR45_driver_core	CNV-RNA Spearman rho	0.682645158136261	2.55708501680804e-14	1.23046713065392e-12	positive	support	TCGA_evaluable_Cao_not_profiled_current_strong_only_not_negative	FALSE	FALSE	T2	25	FALSE
EVIDENCE_000462	GENE:GTPBP8	GTPBP8	driver_candidate	TCGA_driver_composite	genome+transcriptome	TCGA-ESCC GDC DR45	unique patient	TCGA_ESCC_DR45_driver_core	CNV-RNA Spearman rho	0.547844541474213	9.14094236019252e-09	7.83454813440631e-08	positive	support	TCGA_evaluable_Cao_not_profiled_current_strong_only_not_negative	FALSE	FALSE	T2	25	FALSE
EVIDENCE_000463	GENE:GVQW3	GVQW3	driver_candidate	TCGA_driver_composite	genome+transcriptome	TCGA-ESCC GDC DR45	unique patient	TCGA_ESCC_DR45_driver_core	CNV-RNA Spearman rho	0.43740013808228	9.32667206581642e-06	3.53014717212748e-05	positive	support	TCGA_evaluable_Cao_not_profiled_current_strong_only_not_negative	FALSE	FALSE	T2	25	FALSE
EVIDENCE_000464	GENE:GYG1	GYG1	driver_candidate	TCGA_driver_composite	genome+transcriptome	TCGA-ESCC GDC DR45	unique patient	TCGA_ESCC_DR45_driver_core	CNV-RNA Spearman rho	0.465932904142747	1.95226368730944e-06	8.89957156091241e-06	positive	support	TCGA_evaluable_Cao_not_profiled_current_strong_only_not_negative	FALSE	FALSE	T2	25	FALSE
EVIDENCE_000465	GENE:H1-10	H1-10	driver_candidate	TCGA_driver_composite	genome+transcriptome	TCGA-ESCC GDC DR45	unique patient	TCGA_ESCC_DR45_driver_core	CNV-RNA Spearman rho	0.409980619700679	3.69127834410133e-05	0.000120558310481311	positive	support	TCGA_evaluable_Cao_not_profiled_current_strong_only_not_negative	FALSE	FALSE	T2	25	FALSE
EVIDENCE_000466	GENE:H2AJ	H2AJ	driver_candidate	TCGA_driver_composite	genome+transcriptome	TCGA-ESCC GDC DR45	unique patient	TCGA_ESCC_DR45_driver_core	CNV-RNA Spearman rho	0.341801462562486	0.000698737561059336	0.00169175062034259	positive	support	TCGA_evaluable_Cao_not_profiled_current_strong_only_not_negative	FALSE	FALSE	T2	25	FALSE
EVIDENCE_000467	GENE:H3-3A	H3-3A	driver_candidate	TCGA_driver_composite	genome+transcriptome	TCGA-ESCC GDC DR45	unique patient	TCGA_ESCC_DR45_driver_core	CNV-RNA Spearman rho	0.543525766296111	1.25822813685378e-08	1.04156979318405e-07	positive	support	TCGA_evaluable_Cao_not_profiled_current_strong_only_not_negative	FALSE	FALSE	T2	25	FALSE
EVIDENCE_000468	GENE:H3-4	H3-4	driver_candidate	TCGA_driver_composite	genome+transcriptome	TCGA-ESCC GDC DR45	unique patient	TCGA_ESCC_DR45_driver_core	CNV-RNA Spearman rho	0.30090035310703	0.0030467615822956	0.00640461302613505	positive	support	TCGA_evaluable_Cao_not_profiled_current_strong_only_not_negative	FALSE	FALSE	T2	25	FALSE
EVIDENCE_000469	GENE:H4-16	H4-16	driver_candidate	TCGA_driver_composite	genome+transcriptome	TCGA-ESCC GDC DR45	unique patient	TCGA_ESCC_DR45_driver_core	CNV-RNA Spearman rho	0.424272252728296	1.82913961710265e-05	6.43828715628528e-05	positive	support	TCGA_evaluable_Cao_not_profiled_current_strong_only_not_negative	FALSE	FALSE	T2	25	FALSE
EVIDENCE_000470	GENE:HACD2	HACD2	driver_candidate	TCGA_driver_composite	genome+transcriptome	TCGA-ESCC GDC DR45	unique patient	TCGA_ESCC_DR45_driver_core	CNV-RNA Spearman rho	0.511460269135462	1.17878044281074e-07	7.45600677093559e-07	positive	support	TCGA_evaluable_Cao_not_profiled_current_strong_only_not_negative	FALSE	FALSE	T2	25	FALSE
EVIDENCE_000471	GENE:HAS2	HAS2	driver_candidate	TCGA_driver_composite	genome+transcriptome	TCGA-ESCC GDC DR45	unique patient	TCGA_ESCC_DR45_driver_core	CNV-RNA Spearman rho	0.305889855561146	0.00257330286577812	0.00550216862830216	positive	support	TCGA_evaluable_Cao_not_profiled_current_strong_only_not_negative	FALSE	FALSE	T2	25	FALSE
EVIDENCE_000472	GENE:HBP1	HBP1	driver_candidate	TCGA_driver_composite	genome+transcriptome	TCGA-ESCC GDC DR45	unique patient	TCGA_ESCC_DR45_driver_core	CNV-RNA Spearman rho	0.383108843712128	0.000127141770532511	0.000366320397877621	positive	support	TCGA_evaluable_Cao_not_profiled_current_strong_only_not_negative	FALSE	FALSE	T2	25	FALSE
EVIDENCE_000473	GENE:HCCS	HCCS	driver_candidate	TCGA_driver_composite	genome+transcriptome	TCGA-ESCC GDC DR45	unique patient	TCGA_ESCC_DR45_driver_core	CNV-RNA Spearman rho	0.368090222993214	0.000242612348264351	0.000652834670207617	positive	support	TCGA_evaluable_Cao_not_profiled_current_strong_only_not_negative	FALSE	FALSE	T2	25	FALSE
EVIDENCE_000474	GENE:HDAC4	HDAC4	driver_candidate	TCGA_driver_composite	genome+transcriptome	TCGA-ESCC GDC DR45	unique patient	TCGA_ESCC_DR45_driver_core	CNV-RNA Spearman rho	0.391157151442948	8.87624757321193e-05	0.000265079762149441	positive	support	TCGA_evaluable_Cao_not_profiled_current_strong_only_not_negative	FALSE	FALSE	T2	25	FALSE
EVIDENCE_000475	GENE:HDAC6	HDAC6	driver_candidate	TCGA_driver_composite	genome+transcriptome	TCGA-ESCC GDC DR45	unique patient	TCGA_ESCC_DR45_driver_core	CNV-RNA Spearman rho	0.461633265289123	2.49368688934143e-06	1.0988511859148e-05	positive	support	TCGA_evaluable_Cao_not_profiled_current_strong_only_not_negative	FALSE	FALSE	T2	25	FALSE
EVIDENCE_000476	GENE:HEG1	HEG1	driver_candidate	TCGA_driver_composite	genome+transcriptome	TCGA-ESCC GDC DR45	unique patient	TCGA_ESCC_DR45_driver_core	CNV-RNA Spearman rho	0.384163171790522	0.000121359339966214	0.000351709129216528	positive	support	TCGA_evaluable_Cao_not_profiled_current_strong_only_not_negative	FALSE	FALSE	T2	25	FALSE
EVIDENCE_000477	GENE:HGH1	HGH1	driver_candidate	TCGA_driver_composite	genome+transcriptome	TCGA-ESCC GDC DR45	unique patient	TCGA_ESCC_DR45_driver_core	CNV-RNA Spearman rho	0.383786990184957	0.000123393914727093	0.000356627535681175	positive	support	TCGA_evaluable_Cao_not_profiled_current_strong_only_not_negative	FALSE	FALSE	T2	25	FALSE
EVIDENCE_000478	GENE:HGSNAT	HGSNAT	driver_candidate	TCGA_driver_composite	genome+transcriptome	TCGA-ESCC GDC DR45	unique patient	TCGA_ESCC_DR45_driver_core	CNV-RNA Spearman rho	0.3540262163068	0.000432111900737749	0.00109732541552986	positive	support	TCGA_evaluable_Cao_not_profiled_current_strong_only_not_negative	FALSE	FALSE	T2	25	FALSE
EVIDENCE_000479	GENE:HHAT	HHAT	driver_candidate	TCGA_driver_composite	genome+transcriptome	TCGA-ESCC GDC DR45	unique patient	TCGA_ESCC_DR45_driver_core	CNV-RNA Spearman rho	0.528842514250008	3.60757569597848e-08	2.60394279888441e-07	positive	support	TCGA_evaluable_Cao_not_profiled_current_strong_only_not_negative	FALSE	FALSE	T2	25	FALSE
EVIDENCE_000480	GENE:HHIPL2	HHIPL2	driver_candidate	TCGA_driver_composite	genome+transcriptome	TCGA-ESCC GDC DR45	unique patient	TCGA_ESCC_DR45_driver_core	CNV-RNA Spearman rho	0.496274262856502	3.14650462693844e-07	1.76176475403237e-06	positive	support	TCGA_evaluable_Cao_not_profiled_current_strong_only_not_negative	FALSE	FALSE	T2	25	FALSE
EVIDENCE_000481	GENE:HLTF	HLTF	driver_candidate	TCGA_driver_composite	genome+transcriptome	TCGA-ESCC GDC DR45	unique patient	TCGA_ESCC_DR45_driver_core	CNV-RNA Spearman rho	0.619888738999457	2.10902685792619e-11	3.72516415211978e-10	positive	support	TCGA_evaluable_Cao_not_profiled_current_strong_only_not_negative	FALSE	FALSE	T2	25	FALSE
EVIDENCE_000482	GENE:HMCES	HMCES	driver_candidate	TCGA_driver_composite	genome+transcriptome	TCGA-ESCC GDC DR45	unique patient	TCGA_ESCC_DR45_driver_core	CNV-RNA Spearman rho	0.559066435361091	3.90016973007896e-09	3.69394716332049e-08	positive	support	TCGA_evaluable_Cao_not_profiled_current_strong_only_not_negative	FALSE	FALSE	T2	25	FALSE
EVIDENCE_000483	GENE:HMCN1	HMCN1	driver_candidate	TCGA_driver_composite	genome+transcriptome	TCGA-ESCC GDC DR45	unique patient	TCGA_ESCC_DR45_driver_core	CNV-RNA Spearman rho	0.176690980600635	0.0867352304202299	0.128486881461203	positive	same_direction_nonsignificant	TCGA_evaluable_Cao_not_profiled_current_strong_only_not_negative	FALSE	FALSE	T2	25	FALSE
EVIDENCE_000484	GENE:HMGCS1	HMGCS1	driver_candidate	TCGA_driver_composite	genome+transcriptome	TCGA-ESCC GDC DR45	unique patient	TCGA_ESCC_DR45_driver_core	CNV-RNA Spearman rho	0.324976508737075	0.00131248969903857	0.00299316568300795	positive	support	TCGA_evaluable_Cao_not_profiled_current_strong_only_not_negative	FALSE	FALSE	T2	25	FALSE
EVIDENCE_000485	GENE:HOOK3	HOOK3	driver_candidate	TCGA_driver_composite	genome+transcriptome	TCGA-ESCC GDC DR45	unique patient	TCGA_ESCC_DR45_driver_core	CNV-RNA Spearman rho	0.53038195227498	3.23795248295295e-08	2.38603796564842e-07	positive	support	TCGA_evaluable_Cao_not_profiled_current_strong_only_not_negative	FALSE	FALSE	T2	25	FALSE
EVIDENCE_000486	GENE:HPS3	HPS3	driver_candidate	TCGA_driver_composite	genome+transcriptome	TCGA-ESCC GDC DR45	unique patient	TCGA_ESCC_DR45_driver_core	CNV-RNA Spearman rho	0.639092189700605	3.18097888902128e-12	7.51232295541301e-11	positive	support	TCGA_evaluable_Cao_not_profiled_current_strong_only_not_negative	FALSE	FALSE	T2	25	FALSE
EVIDENCE_000487	GENE:HRG	HRG	driver_candidate	TCGA_driver_composite	genome+transcriptome	TCGA-ESCC GDC DR45	unique patient	TCGA_ESCC_DR45_driver_core	CNV-RNA Spearman rho	0.41492496621449	2.90564625926389e-05	9.6921109573868e-05	positive	support	TCGA_evaluable_Cao_not_profiled_current_strong_only_not_negative	FALSE	FALSE	T2	25	FALSE
EVIDENCE_000488	GENE:HSF1	HSF1	driver_candidate	TCGA_driver_composite	genome+transcriptome	TCGA-ESCC GDC DR45	unique patient	TCGA_ESCC_DR45_driver_core	CNV-RNA Spearman rho	0.619266928888064	2.23743888137438e-11	3.9246472881867e-10	positive	support	TCGA_evaluable_Cao_not_profiled_current_strong_only_not_negative	FALSE	FALSE	T2	25	FALSE
EVIDENCE_000489	GENE:HSPBAP1	HSPBAP1	driver_candidate	TCGA_driver_composite	genome+transcriptome	TCGA-ESCC GDC DR45	unique patient	TCGA_ESCC_DR45_driver_core	CNV-RNA Spearman rho	0.727400719935021	6.94153877682986e-17	8.89218128967236e-15	positive	support	TCGA_evaluable_Cao_not_profiled_current_strong_only_not_negative	FALSE	FALSE	T2	25	FALSE
EVIDENCE_000490	GENE:HTT	HTT	driver_candidate	TCGA_driver_composite	genome+transcriptome	TCGA-ESCC GDC DR45	unique patient	TCGA_ESCC_DR45_driver_core	CNV-RNA Spearman rho	0.638011829919694	3.55063947522628e-12	8.1722703856297e-11	positive	support	TCGA_evaluable_Cao_not_profiled_current_strong_only_not_negative	FALSE	FALSE	T2	25	FALSE
EVIDENCE_000491	GENE:HUWE1	HUWE1	driver_candidate	TCGA_driver_composite	genome+transcriptome	TCGA-ESCC GDC DR45	unique patient	TCGA_ESCC_DR45_driver_core	CNV-RNA Spearman rho	0.323526832977289	0.00138347971233895	0.00314206350696154	positive	support	TCGA_evaluable_Cao_not_profiled_current_strong_only_not_negative	FALSE	FALSE	T2	25	FALSE
EVIDENCE_000492	GENE:HYDIN	HYDIN	driver_candidate	TCGA_driver_composite	genome+transcriptome	TCGA-ESCC GDC DR45	unique patient	TCGA_ESCC_DR45_driver_core	CNV-RNA Spearman rho	0.114665672132899	0.268518134567958	0.34097796961959	positive	same_direction_nonsignificant	TCGA_evaluable_Cao_not_profiled_current_strong_only_not_negative	FALSE	FALSE	T2	25	FALSE
EVIDENCE_000493	GENE:IARS2	IARS2	driver_candidate	TCGA_driver_composite	genome+transcriptome	TCGA-ESCC GDC DR45	unique patient	TCGA_ESCC_DR45_driver_core	CNV-RNA Spearman rho	0.493619481120999	3.71769357723316e-07	2.0375017262952e-06	positive	support	TCGA_evaluable_Cao_not_profiled_current_strong_only_not_negative	FALSE	FALSE	T2	25	FALSE
EVIDENCE_000494	GENE:IBA57	IBA57	driver_candidate	TCGA_driver_composite	genome+transcriptome	TCGA-ESCC GDC DR45	unique patient	TCGA_ESCC_DR45_driver_core	CNV-RNA Spearman rho	0.385726429625845	0.000113233251755658	0.000331033678830164	positive	support	TCGA_evaluable_Cao_not_profiled_current_strong_only_not_negative	FALSE	FALSE	T2	25	FALSE
EVIDENCE_000495	GENE:ICE1	ICE1	driver_candidate	TCGA_driver_composite	genome+transcriptome	TCGA-ESCC GDC DR45	unique patient	TCGA_ESCC_DR45_driver_core	CNV-RNA Spearman rho	0.618378841279947	2.43396670871887e-11	4.24588250343504e-10	positive	support	TCGA_evaluable_Cao_not_profiled_current_strong_only_not_negative	FALSE	FALSE	T2	25	FALSE
EVIDENCE_000496	GENE:IFNE	IFNE	driver_candidate	TCGA_driver_composite	genome+transcriptome	TCGA-ESCC GDC DR45	unique patient	TCGA_ESCC_DR45_driver_core	CNV-RNA Spearman rho	0.435084878090657	1.05245033444254e-05	3.9383815701978e-05	positive	support	TCGA_evaluable_Cao_not_profiled_current_strong_only_not_negative	FALSE	FALSE	T2	25	FALSE
EVIDENCE_000497	GENE:IFRD1	IFRD1	driver_candidate	TCGA_driver_composite	genome+transcriptome	TCGA-ESCC GDC DR45	unique patient	TCGA_ESCC_DR45_driver_core	CNV-RNA Spearman rho	0.62838176436262	9.2839807792911e-12	1.87185125982464e-10	positive	support	TCGA_evaluable_Cao_not_profiled_current_strong_only_not_negative	FALSE	FALSE	T2	25	FALSE
EVIDENCE_000498	GENE:IFT122	IFT122	driver_candidate	TCGA_driver_composite	genome+transcriptome	TCGA-ESCC GDC DR45	unique patient	TCGA_ESCC_DR45_driver_core	CNV-RNA Spearman rho	0.642520547241259	2.23765092322048e-12	5.56429196240825e-11	positive	support	TCGA_evaluable_Cao_not_profiled_current_strong_only_not_negative	FALSE	FALSE	T2	25	FALSE
EVIDENCE_000499	GENE:IFT22	IFT22	driver_candidate	TCGA_driver_composite	genome+transcriptome	TCGA-ESCC GDC DR45	unique patient	TCGA_ESCC_DR45_driver_core	CNV-RNA Spearman rho	0.523350443649966	5.28209529197858e-08	3.6565246993926e-07	positive	support	TCGA_evaluable_Cao_not_profiled_current_strong_only_not_negative	FALSE	FALSE	T2	25	FALSE
EVIDENCE_000500	GENE:IFT57	IFT57	driver_candidate	TCGA_driver_composite	genome+transcriptome	TCGA-ESCC GDC DR45	unique patient	TCGA_ESCC_DR45_driver_core	CNV-RNA Spearman rho	0.540759886744025	1.54031022435422e-08	1.23556067458952e-07	positive	support	TCGA_evaluable_Cao_not_profiled_current_strong_only_not_negative	FALSE	FALSE	T2	25	FALSE
EVIDENCE_000501	GENE:IFT80	IFT80	driver_candidate	TCGA_driver_composite	genome+transcriptome	TCGA-ESCC GDC DR45	unique patient	TCGA_ESCC_DR45_driver_core	CNV-RNA Spearman rho	0.727450588750863	6.89152592300863e-17	8.89218128967236e-15	positive	support	TCGA_evaluable_Cao_not_profiled_current_strong_only_not_negative	FALSE	FALSE	T2	25	FALSE
EVIDENCE_000502	GENE:IGHMBP2	IGHMBP2	driver_candidate	TCGA_driver_composite	genome+transcriptome	TCGA-ESCC GDC DR45	unique patient	TCGA_ESCC_DR45_driver_core	CNV-RNA Spearman rho	0.863406698936238	2.21585477359008e-29	7.02536755966734e-26	positive	support	TCGA_evaluable_Cao_not_profiled_current_strong_only_not_negative	FALSE	FALSE	T2	25	FALSE
EVIDENCE_000503	GENE:IGSF11	IGSF11	driver_candidate	TCGA_driver_composite	genome+transcriptome	TCGA-ESCC GDC DR45	unique patient	TCGA_ESCC_DR45_driver_core	CNV-RNA Spearman rho	0.411266146046611	3.46985062409432e-05	0.000114031214342483	positive	support	TCGA_evaluable_Cao_not_profiled_current_strong_only_not_negative	FALSE	FALSE	T2	25	FALSE
EVIDENCE_000504	GENE:IKBKB	IKBKB	driver_candidate	TCGA_driver_composite	genome+transcriptome	TCGA-ESCC GDC DR45	unique patient	TCGA_ESCC_DR45_driver_core	CNV-RNA Spearman rho	0.733385222437004	2.88132250257878e-17	4.15237863383002e-15	positive	support	TCGA_evaluable_Cao_not_profiled_current_strong_only_not_negative	FALSE	FALSE	T2	25	FALSE
EVIDENCE_000505	GENE:IL18BP	IL18BP	driver_candidate	TCGA_driver_composite	genome+transcriptome	TCGA-ESCC GDC DR45	unique patient	TCGA_ESCC_DR45_driver_core	CNV-RNA Spearman rho	0.431368207047647	1.27538294353339e-05	4.67333328225671e-05	positive	support	TCGA_evaluable_Cao_not_profiled_current_strong_only_not_negative	FALSE	FALSE	T2	25	FALSE
EVIDENCE_000506	GENE:IL1RAP	IL1RAP	driver_candidate	TCGA_driver_composite	genome+transcriptome	TCGA-ESCC GDC DR45	unique patient	TCGA_ESCC_DR45_driver_core	CNV-RNA Spearman rho	0.316940071500154	0.0017519430566704	0.00390339807531518	positive	support	TCGA_evaluable_Cao_not_profiled_current_strong_only_not_negative	FALSE	FALSE	T2	25	FALSE
EVIDENCE_000507	GENE:ILDR1	ILDR1	driver_candidate	TCGA_driver_composite	genome+transcriptome	TCGA-ESCC GDC DR45	unique patient	TCGA_ESCC_DR45_driver_core	CNV-RNA Spearman rho	0.333232809872054	0.000967529982221163	0.00226276121520235	positive	support	TCGA_evaluable_Cao_not_profiled_current_strong_only_not_negative	FALSE	FALSE	T2	25	FALSE
EVIDENCE_000508	GENE:IMPA1	IMPA1	driver_candidate	TCGA_driver_composite	genome+transcriptome	TCGA-ESCC GDC DR45	unique patient	TCGA_ESCC_DR45_driver_core	CNV-RNA Spearman rho	0.445845022171158	5.95717070407644e-06	2.38024067010389e-05	positive	support	TCGA_evaluable_Cao_not_profiled_current_strong_only_not_negative	FALSE	FALSE	T2	25	FALSE
EVIDENCE_000509	GENE:INPPL1	INPPL1	driver_candidate	TCGA_driver_composite	genome+transcriptome	TCGA-ESCC GDC DR45	unique patient	TCGA_ESCC_DR45_driver_core	CNV-RNA Spearman rho	0.748454555910852	2.82448045200032e-18	6.51273838041237e-16	positive	support	TCGA_evaluable_Cao_not_profiled_current_strong_only_not_negative	FALSE	FALSE	T2	25	FALSE
EVIDENCE_000510	GENE:INTS13	INTS13	driver_candidate	TCGA_driver_composite	genome+transcriptome	TCGA-ESCC GDC DR45	unique patient	TCGA_ESCC_DR45_driver_core	CNV-RNA Spearman rho	0.388612047118988	9.95441448929547e-05	0.000294451986536646	positive	support	TCGA_evaluable_Cao_not_profiled_current_strong_only_not_negative	FALSE	FALSE	T2	25	FALSE
EVIDENCE_000511	GENE:INTS7	INTS7	driver_candidate	TCGA_driver_composite	genome+transcriptome	TCGA-ESCC GDC DR45	unique patient	TCGA_ESCC_DR45_driver_core	CNV-RNA Spearman rho	0.419881909847137	2.27716503478007e-05	7.80935829396454e-05	positive	support	TCGA_evaluable_Cao_not_profiled_current_strong_only_not_negative	FALSE	FALSE	T2	25	FALSE
EVIDENCE_000512	GENE:INTS8	INTS8	driver_candidate	TCGA_driver_composite	genome+transcriptome	TCGA-ESCC GDC DR45	unique patient	TCGA_ESCC_DR45_driver_core	CNV-RNA Spearman rho	0.494935384864529	3.4232680175475e-07	1.89414856014561e-06	positive	support	TCGA_evaluable_Cao_not_profiled_current_strong_only_not_negative	FALSE	FALSE	T2	25	FALSE
EVIDENCE_000513	GENE:IPO8	IPO8	driver_candidate	TCGA_driver_composite	genome+transcriptome	TCGA-ESCC GDC DR45	unique patient	TCGA_ESCC_DR45_driver_core	CNV-RNA Spearman rho	0.3644815227874	0.000282055590888748	0.00074770673153242	positive	support	TCGA_evaluable_Cao_not_profiled_current_strong_only_not_negative	FALSE	FALSE	T2	25	FALSE
EVIDENCE_000514	GENE:IQANK1	IQANK1	driver_candidate	TCGA_driver_composite	genome+transcriptome	TCGA-ESCC GDC DR45	unique patient	TCGA_ESCC_DR45_driver_core	CNV-RNA Spearman rho	0.346342683427075	0.00058581302021816	0.00144370010151704	positive	support	TCGA_evaluable_Cao_not_profiled_current_strong_only_not_negative	FALSE	FALSE	T2	25	FALSE
EVIDENCE_000515	GENE:IQCB1	IQCB1	driver_candidate	TCGA_driver_composite	genome+transcriptome	TCGA-ESCC GDC DR45	unique patient	TCGA_ESCC_DR45_driver_core	CNV-RNA Spearman rho	0.717001898431504	3.03085375141556e-16	2.86845427428748e-14	positive	support	TCGA_evaluable_Cao_not_profiled_current_strong_only_not_negative	FALSE	FALSE	T2	25	FALSE
EVIDENCE_000516	GENE:IQCJ-SCHIP1	IQCJ-SCHIP1	driver_candidate	TCGA_driver_composite	genome+transcriptome	TCGA-ESCC GDC DR45	unique patient	TCGA_ESCC_DR45_driver_core	CNV-RNA Spearman rho	0.463949029443203	2.18658727864886e-06	9.80562230121106e-06	positive	support	TCGA_evaluable_Cao_not_profiled_current_strong_only_not_negative	FALSE	FALSE	T2	25	FALSE
EVIDENCE_000517	GENE:IRF2BP2	IRF2BP2	driver_candidate	TCGA_driver_composite	genome+transcriptome	TCGA-ESCC GDC DR45	unique patient	TCGA_ESCC_DR45_driver_core	CNV-RNA Spearman rho	0.317827456788762	0.0016976073729439	0.00379166197669506	positive	support	TCGA_evaluable_Cao_not_profiled_current_strong_only_not_negative	FALSE	FALSE	T2	25	FALSE
EVIDENCE_000518	GENE:IRX2	IRX2	driver_candidate	TCGA_driver_composite	genome+transcriptome	TCGA-ESCC GDC DR45	unique patient	TCGA_ESCC_DR45_driver_core	CNV-RNA Spearman rho	0.564089777516159	2.63637518834233e-09	2.61820752846965e-08	positive	support	TCGA_evaluable_Cao_not_profiled_current_strong_only_not_negative	FALSE	FALSE	T2	25	FALSE
EVIDENCE_000519	GENE:ISY1	ISY1	driver_candidate	TCGA_driver_composite	genome+transcriptome	TCGA-ESCC GDC DR45	unique patient	TCGA_ESCC_DR45_driver_core	CNV-RNA Spearman rho	0.565930014168466	2.28028454876773e-09	2.3190512147131e-08	positive	support	TCGA_evaluable_Cao_not_profiled_current_strong_only_not_negative	FALSE	FALSE	T2	25	FALSE
EVIDENCE_000520	GENE:ITGB5	ITGB5	driver_candidate	TCGA_driver_composite	genome+transcriptome	TCGA-ESCC GDC DR45	unique patient	TCGA_ESCC_DR45_driver_core	CNV-RNA Spearman rho	0.340444146491526	0.000736161928954011	0.00177053016935232	positive	support	TCGA_evaluable_Cao_not_profiled_current_strong_only_not_negative	FALSE	FALSE	T2	25	FALSE
EVIDENCE_000521	GENE:JADE3	JADE3	driver_candidate	TCGA_driver_composite	genome+transcriptome	TCGA-ESCC GDC DR45	unique patient	TCGA_ESCC_DR45_driver_core	CNV-RNA Spearman rho	0.485662032302098	6.07849420683698e-07	3.15415153564266e-06	positive	support	TCGA_evaluable_Cao_not_profiled_current_strong_only_not_negative	FALSE	FALSE	T2	25	FALSE
EVIDENCE_000522	GENE:JMJD4	JMJD4	driver_candidate	TCGA_driver_composite	genome+transcriptome	TCGA-ESCC GDC DR45	unique patient	TCGA_ESCC_DR45_driver_core	CNV-RNA Spearman rho	0.46644425142429	1.89583133114372e-06	8.6672433098647e-06	positive	support	TCGA_evaluable_Cao_not_profiled_current_strong_only_not_negative	FALSE	FALSE	T2	25	FALSE
EVIDENCE_000523	GENE:JPH1	JPH1	driver_candidate	TCGA_driver_composite	genome+transcriptome	TCGA-ESCC GDC DR45	unique patient	TCGA_ESCC_DR45_driver_core	CNV-RNA Spearman rho	0.339569516631053	0.000761238441786589	0.00182564786662964	positive	support	TCGA_evaluable_Cao_not_profiled_current_strong_only_not_negative	FALSE	FALSE	T2	25	FALSE
EVIDENCE_000524	GENE:JRK	JRK	driver_candidate	TCGA_driver_composite	genome+transcriptome	TCGA-ESCC GDC DR45	unique patient	TCGA_ESCC_DR45_driver_core	CNV-RNA Spearman rho	0.417526087404473	2.55803839525387e-05	8.65094478096255e-05	positive	support	TCGA_evaluable_Cao_not_profiled_current_strong_only_not_negative	FALSE	FALSE	T2	25	FALSE
EVIDENCE_000525	GENE:KALRN	KALRN	driver_candidate	TCGA_driver_composite	genome+transcriptome	TCGA-ESCC GDC DR45	unique patient	TCGA_ESCC_DR45_driver_core	CNV-RNA Spearman rho	0.2220703143658	0.0305485743407247	0.0511374102150304	positive	same_direction_nonsignificant	TCGA_evaluable_Cao_not_profiled_current_strong_only_not_negative	FALSE	FALSE	T2	25	FALSE
EVIDENCE_000526	GENE:KANTR	KANTR	driver_candidate	TCGA_driver_composite	genome+transcriptome	TCGA-ESCC GDC DR45	unique patient	TCGA_ESCC_DR45_driver_core	CNV-RNA Spearman rho	0.343033848446431	0.000666272863880193	0.00162337607295458	positive	support	TCGA_evaluable_Cao_not_profiled_current_strong_only_not_negative	FALSE	FALSE	T2	25	FALSE
EVIDENCE_000527	GENE:KAT6A	KAT6A	driver_candidate	TCGA_driver_composite	genome+transcriptome	TCGA-ESCC GDC DR45	unique patient	TCGA_ESCC_DR45_driver_core	CNV-RNA Spearman rho	0.671913826660299	9.0513066442144e-14	3.46793567558692e-12	positive	support	TCGA_evaluable_Cao_not_profiled_current_strong_only_not_negative	FALSE	FALSE	T2	25	FALSE
EVIDENCE_000528	GENE:KCNE3	KCNE3	driver_candidate	TCGA_driver_composite	genome+transcriptome	TCGA-ESCC GDC DR45	unique patient	TCGA_ESCC_DR45_driver_core	CNV-RNA Spearman rho	0.521545559076037	5.97844164765448e-08	4.07407828992768e-07	positive	support	TCGA_evaluable_Cao_not_profiled_current_strong_only_not_negative	FALSE	FALSE	T2	25	FALSE
EVIDENCE_000529	GENE:KCNK2	KCNK2	driver_candidate	TCGA_driver_composite	genome+transcriptome	TCGA-ESCC GDC DR45	unique patient	TCGA_ESCC_DR45_driver_core	CNV-RNA Spearman rho	0.423706260439382	1.88186060069439e-05	6.60735219767614e-05	positive	support	TCGA_evaluable_Cao_not_profiled_current_strong_only_not_negative	FALSE	FALSE	T2	25	FALSE
EVIDENCE_000530	GENE:KCNMB2	KCNMB2	driver_candidate	TCGA_driver_composite	genome+transcriptome	TCGA-ESCC GDC DR45	unique patient	TCGA_ESCC_DR45_driver_core	CNV-RNA Spearman rho	0.598133906242283	1.54764026486524e-10	2.18322289644283e-09	positive	support	TCGA_evaluable_Cao_not_profiled_current_strong_only_not_negative	FALSE	FALSE	T2	25	FALSE
EVIDENCE_000531	GENE:KCNMB3	KCNMB3	driver_candidate	TCGA_driver_composite	genome+transcriptome	TCGA-ESCC GDC DR45	unique patient	TCGA_ESCC_DR45_driver_core	CNV-RNA Spearman rho	0.541423805468879	1.46755129234073e-08	1.18771445369912e-07	positive	support	TCGA_evaluable_Cao_not_profiled_current_strong_only_not_negative	FALSE	FALSE	T2	25	FALSE
EVIDENCE_000532	GENE:KCTD3	KCTD3	driver_candidate	TCGA_driver_composite	genome+transcriptome	TCGA-ESCC GDC DR45	unique patient	TCGA_ESCC_DR45_driver_core	CNV-RNA Spearman rho	0.537791838930554	1.90986054799634e-08	1.49235067588969e-07	positive	support	TCGA_evaluable_Cao_not_profiled_current_strong_only_not_negative	FALSE	FALSE	T2	25	FALSE
EVIDENCE_000533	GENE:KDELR2	KDELR2	driver_candidate	TCGA_driver_composite	genome+transcriptome	TCGA-ESCC GDC DR45	unique patient	TCGA_ESCC_DR45_driver_core	CNV-RNA Spearman rho	0.467038269173768	1.83221127665971e-06	8.41887804731827e-06	positive	support	TCGA_evaluable_Cao_not_profiled_current_strong_only_not_negative	FALSE	FALSE	T2	25	FALSE
EVIDENCE_000534	GENE:KDM5A	KDM5A	driver_candidate	TCGA_driver_composite	genome+transcriptome	TCGA-ESCC GDC DR45	unique patient	TCGA_ESCC_DR45_driver_core	CNV-RNA Spearman rho	0.560069823613193	3.60858875472489e-09	3.44869047380716e-08	positive	support	TCGA_evaluable_Cao_not_profiled_current_strong_only_not_negative	FALSE	FALSE	T2	25	FALSE
EVIDENCE_000535	GENE:KDM5C	KDM5C	driver_candidate	TCGA_driver_composite	genome+transcriptome	TCGA-ESCC GDC DR45	unique patient	TCGA_ESCC_DR45_driver_core	CNV-RNA Spearman rho	0.534071985384398	2.49336696164364e-08	1.89007052047607e-07	positive	support	TCGA_evaluable_Cao_not_profiled_current_strong_only_not_negative	FALSE	FALSE	T2	25	FALSE
EVIDENCE_000536	GENE:KDM5D	KDM5D	driver_candidate	TCGA_driver_composite	genome+transcriptome	TCGA-ESCC GDC DR45	unique patient	TCGA_ESCC_DR45_driver_core	CNV-RNA Spearman rho	0.636144428386858	4.28936906034991e-12	9.51687019094284e-11	positive	support	TCGA_evaluable_Cao_not_profiled_current_strong_only_not_negative	FALSE	FALSE	T2	25	FALSE
EVIDENCE_000537	GENE:KDM6A	KDM6A	driver_candidate	TCGA_driver_composite	genome+transcriptome	TCGA-ESCC GDC DR45	unique patient	TCGA_ESCC_DR45_driver_core	CNV-RNA Spearman rho	0.514564050583561	9.58755344602525e-08	6.22809312541993e-07	positive	support	TCGA_evaluable_Cao_not_profiled_current_strong_only_not_negative	FALSE	FALSE	T2	25	FALSE
EVIDENCE_000538	GENE:KIAA1109	KIAA1109	driver_candidate	TCGA_driver_composite	genome+transcriptome	TCGA-ESCC GDC DR45	unique patient	TCGA_ESCC_DR45_driver_core	CNV-RNA Spearman rho	0.499535724556432	2.55850257523775e-07	1.46619655034637e-06	positive	support	TCGA_evaluable_Cao_not_profiled_current_strong_only_not_negative	FALSE	FALSE	T2	25	FALSE
EVIDENCE_000539	GENE:KIF20B	KIF20B	driver_candidate	TCGA_driver_composite	genome+transcriptome	TCGA-ESCC GDC DR45	unique patient	TCGA_ESCC_DR45_driver_core	CNV-RNA Spearman rho	0.29572030457914	0.00361961641005947	0.00748231056436416	positive	same_direction_nonsignificant	TCGA_evaluable_Cao_not_profiled_current_strong_only_not_negative	FALSE	FALSE	T2	25	FALSE
EVIDENCE_000540	GENE:KIF26B	KIF26B	driver_candidate	TCGA_driver_composite	genome+transcriptome	TCGA-ESCC GDC DR45	unique patient	TCGA_ESCC_DR45_driver_core	CNV-RNA Spearman rho	0.110766254752591	0.285242721522684	0.358802637805066	positive	same_direction_nonsignificant	TCGA_evaluable_Cao_not_profiled_current_strong_only_not_negative	FALSE	FALSE	T2	25	FALSE
EVIDENCE_000541	GENE:KIFC2	KIFC2	driver_candidate	TCGA_driver_composite	genome+transcriptome	TCGA-ESCC GDC DR45	unique patient	TCGA_ESCC_DR45_driver_core	CNV-RNA Spearman rho	0.442738267602357	7.03504383950134e-06	2.75110780057219e-05	positive	support	TCGA_evaluable_Cao_not_profiled_current_strong_only_not_negative	FALSE	FALSE	T2	25	FALSE
EVIDENCE_000542	GENE:KLHL24	KLHL24	driver_candidate	TCGA_driver_composite	genome+transcriptome	TCGA-ESCC GDC DR45	unique patient	TCGA_ESCC_DR45_driver_core	CNV-RNA Spearman rho	0.600535928518238	1.25107701359997e-10	1.81120532950626e-09	positive	support	TCGA_evaluable_Cao_not_profiled_current_strong_only_not_negative	FALSE	FALSE	T2	25	FALSE
EVIDENCE_000543	GENE:KLHL42	KLHL42	driver_candidate	TCGA_driver_composite	genome+transcriptome	TCGA-ESCC GDC DR45	unique patient	TCGA_ESCC_DR45_driver_core	CNV-RNA Spearman rho	0.348016623814583	0.000548592170614566	0.0013596337517557	positive	support	TCGA_evaluable_Cao_not_profiled_current_strong_only_not_negative	FALSE	FALSE	T2	25	FALSE
EVIDENCE_000544	GENE:KMT2A	KMT2A	driver_candidate	TCGA_driver_composite	genome+transcriptome	TCGA-ESCC GDC DR45	unique patient	TCGA_ESCC_DR45_driver_core	CNV-RNA Spearman rho	0.55885660647795	3.96393349638071e-09	3.74315745354431e-08	positive	support	TCGA_evaluable_Cao_not_profiled_current_strong_only_not_negative	FALSE	FALSE	T2	25	FALSE
EVIDENCE_000545	GENE:KMT2C	KMT2C	driver_candidate	TCGA_driver_composite	genome+transcriptome	TCGA-ESCC GDC DR45	unique patient	TCGA_ESCC_DR45_driver_core	CNV-RNA Spearman rho	0.488418376136253	5.1338687617062e-07	2.71962087034077e-06	positive	support	TCGA_evaluable_Cao_not_profiled_current_strong_only_not_negative	FALSE	FALSE	T2	25	FALSE
EVIDENCE_000546	GENE:KMT2E	KMT2E	driver_candidate	TCGA_driver_composite	genome+transcriptome	TCGA-ESCC GDC DR45	unique patient	TCGA_ESCC_DR45_driver_core	CNV-RNA Spearman rho	0.624241108996811	1.38936184095028e-11	2.62200697424576e-10	positive	support	TCGA_evaluable_Cao_not_profiled_current_strong_only_not_negative	FALSE	FALSE	T2	25	FALSE
EVIDENCE_000547	GENE:KMT5B	KMT5B	driver_candidate	TCGA_driver_composite	genome+transcriptome	TCGA-ESCC GDC DR45	unique patient	TCGA_ESCC_DR45_driver_core	CNV-RNA Spearman rho	0.560707107102115	3.43436078205056e-09	3.30208972236279e-08	positive	support	TCGA_evaluable_Cao_not_profiled_current_strong_only_not_negative	FALSE	FALSE	T2	25	FALSE
EVIDENCE_000548	GENE:KPNA1	KPNA1	driver_candidate	TCGA_driver_composite	genome+transcriptome	TCGA-ESCC GDC DR45	unique patient	TCGA_ESCC_DR45_driver_core	CNV-RNA Spearman rho	0.718520650005787	2.45395869464244e-16	2.41248869499654e-14	positive	support	TCGA_evaluable_Cao_not_profiled_current_strong_only_not_negative	FALSE	FALSE	T2	25	FALSE
EVIDENCE_000549	GENE:KPNA4	KPNA4	driver_candidate	TCGA_driver_composite	genome+transcriptome	TCGA-ESCC GDC DR45	unique patient	TCGA_ESCC_DR45_driver_core	CNV-RNA Spearman rho	0.540254324917765	1.59801259044164e-08	1.27378979710753e-07	positive	support	TCGA_evaluable_Cao_not_profiled_current_strong_only_not_negative	FALSE	FALSE	T2	25	FALSE
EVIDENCE_000550	GENE:KPNB1	KPNB1	driver_candidate	TCGA_driver_composite	genome+transcriptome	TCGA-ESCC GDC DR45	unique patient	TCGA_ESCC_DR45_driver_core	CNV-RNA Spearman rho	0.334166135175229	0.000934249183701623	0.00219247745146262	positive	support	TCGA_evaluable_Cao_not_profiled_current_strong_only_not_negative	FALSE	FALSE	T2	25	FALSE
EVIDENCE_000551	GENE:KRAS	KRAS	driver_candidate	TCGA_driver_composite	genome+transcriptome	TCGA-ESCC GDC DR45	unique patient	TCGA_ESCC_DR45_driver_core	CNV-RNA Spearman rho	0.465383795489015	2.01462899747041e-06	9.14442553540434e-06	positive	support	TCGA_evaluable_Cao_not_profiled_current_strong_only_not_negative	FALSE	FALSE	T2	25	FALSE
EVIDENCE_000552	GENE:KRBOX4	KRBOX4	driver_candidate	TCGA_driver_composite	genome+transcriptome	TCGA-ESCC GDC DR45	unique patient	TCGA_ESCC_DR45_driver_core	CNV-RNA Spearman rho	0.366121222095832	0.000263453355391509	0.000701767580986162	positive	support	TCGA_evaluable_Cao_not_profiled_current_strong_only_not_negative	FALSE	FALSE	T2	25	FALSE
EVIDENCE_000553	GENE:KRIT1	KRIT1	driver_candidate	TCGA_driver_composite	genome+transcriptome	TCGA-ESCC GDC DR45	unique patient	TCGA_ESCC_DR45_driver_core	CNV-RNA Spearman rho	0.690100693376196	1.02900807859964e-14	5.49425471594473e-13	positive	support	TCGA_evaluable_Cao_not_profiled_current_strong_only_not_negative	FALSE	FALSE	T2	25	FALSE
EVIDENCE_000554	GENE:KRTAP5-10	KRTAP5-10	driver_candidate	TCGA_driver_composite	genome+transcriptome	TCGA-ESCC GDC DR45	unique patient	TCGA_ESCC_DR45_driver_core	CNV-RNA Spearman rho	0.453638918242276	3.89670075761859e-06	1.62934253241408e-05	positive	support	TCGA_evaluable_Cao_not_profiled_current_strong_only_not_negative	FALSE	FALSE	T2	25	FALSE
EVIDENCE_000555	GENE:KRTAP5-7	KRTAP5-7	driver_candidate	TCGA_driver_composite	genome+transcriptome	TCGA-ESCC GDC DR45	unique patient	TCGA_ESCC_DR45_driver_core	CNV-RNA Spearman rho	0.44946588444293	4.8973645882857e-06	1.99898222428836e-05	positive	support	TCGA_evaluable_Cao_not_profiled_current_strong_only_not_negative	FALSE	FALSE	T2	25	FALSE
EVIDENCE_000556	GENE:KRTAP5-8	KRTAP5-8	driver_candidate	TCGA_driver_composite	genome+transcriptome	TCGA-ESCC GDC DR45	unique patient	TCGA_ESCC_DR45_driver_core	CNV-RNA Spearman rho	0.433044062668552	1.169873936899e-05	4.32168402789195e-05	positive	support	TCGA_evaluable_Cao_not_profiled_current_strong_only_not_negative	FALSE	FALSE	T2	25	FALSE
EVIDENCE_000557	GENE:KRTAP5-9	KRTAP5-9	driver_candidate	TCGA_driver_composite	genome+transcriptome	TCGA-ESCC GDC DR45	unique patient	TCGA_ESCC_DR45_driver_core	CNV-RNA Spearman rho	0.518648346682725	7.28229507254044e-08	4.85307756752275e-07	positive	support	TCGA_evaluable_Cao_not_profiled_current_strong_only_not_negative	FALSE	FALSE	T2	25	FALSE
EVIDENCE_000558	GENE:KY	KY	driver_candidate	TCGA_driver_composite	genome+transcriptome	TCGA-ESCC GDC DR45	unique patient	TCGA_ESCC_DR45_driver_core	CNV-RNA Spearman rho	0.305387237630331	0.00261780139124573	0.00558905004104013	positive	support	TCGA_evaluable_Cao_not_profiled_current_strong_only_not_negative	FALSE	FALSE	T2	25	FALSE
EVIDENCE_000559	GENE:LACTB2	LACTB2	driver_candidate	TCGA_driver_composite	genome+transcriptome	TCGA-ESCC GDC DR45	unique patient	TCGA_ESCC_DR45_driver_core	CNV-RNA Spearman rho	0.452907401131439	4.05688359366349e-06	1.69074589992903e-05	positive	support	TCGA_evaluable_Cao_not_profiled_current_strong_only_not_negative	FALSE	FALSE	T2	25	FALSE
EVIDENCE_000560	GENE:LAMTOR1	LAMTOR1	driver_candidate	TCGA_driver_composite	genome+transcriptome	TCGA-ESCC GDC DR45	unique patient	TCGA_ESCC_DR45_driver_core	CNV-RNA Spearman rho	0.732802935730139	3.14192605901521e-17	4.42732292004787e-15	positive	support	TCGA_evaluable_Cao_not_profiled_current_strong_only_not_negative	FALSE	FALSE	T2	25	FALSE
EVIDENCE_000561	GENE:LAMTOR4	LAMTOR4	driver_candidate	TCGA_driver_composite	genome+transcriptome	TCGA-ESCC GDC DR45	unique patient	TCGA_ESCC_DR45_driver_core	CNV-RNA Spearman rho	0.390600024412971	9.10253628816663e-05	0.000271300505773277	positive	support	TCGA_evaluable_Cao_not_profiled_current_strong_only_not_negative	FALSE	FALSE	T2	25	FALSE
EVIDENCE_000562	GENE:LANCL2	LANCL2	driver_candidate	TCGA_driver_composite	genome+transcriptome	TCGA-ESCC GDC DR45	unique patient	TCGA_ESCC_DR45_driver_core	CNV-RNA Spearman rho	0.575945839198214	1.01890934330338e-09	1.15373288319406e-08	positive	support	TCGA_evaluable_Cao_not_profiled_current_strong_only_not_negative	FALSE	FALSE	T2	25	FALSE
EVIDENCE_000563	GENE:LAPTM4B	LAPTM4B	driver_candidate	TCGA_driver_composite	genome+transcriptome	TCGA-ESCC GDC DR45	unique patient	TCGA_ESCC_DR45_driver_core	CNV-RNA Spearman rho	0.441187923460681	7.63915947848684e-06	2.9518531537529e-05	positive	support	TCGA_evaluable_Cao_not_profiled_current_strong_only_not_negative	FALSE	FALSE	T2	25	FALSE
EVIDENCE_000564	GENE:LBR	LBR	driver_candidate	TCGA_driver_composite	genome+transcriptome	TCGA-ESCC GDC DR45	unique patient	TCGA_ESCC_DR45_driver_core	CNV-RNA Spearman rho	0.424783027170762	1.78275313994135e-05	6.28722895459851e-05	positive	support	TCGA_evaluable_Cao_not_profiled_current_strong_only_not_negative	FALSE	FALSE	T2	25	FALSE
EVIDENCE_000565	GENE:LDHB	LDHB	driver_candidate	TCGA_driver_composite	genome+transcriptome	TCGA-ESCC GDC DR45	unique patient	TCGA_ESCC_DR45_driver_core	CNV-RNA Spearman rho	0.323289450667396	0.00139543057729482	0.00316424458850401	positive	support	TCGA_evaluable_Cao_not_profiled_current_strong_only_not_negative	FALSE	FALSE	T2	25	FALSE
EVIDENCE_000566	GENE:LEFTY1	LEFTY1	driver_candidate	TCGA_driver_composite	genome+transcriptome	TCGA-ESCC GDC DR45	unique patient	TCGA_ESCC_DR45_driver_core	CNV-RNA Spearman rho	0.370315433793527	0.000220896550007502	0.000599873671776261	positive	support	TCGA_evaluable_Cao_not_profiled_current_strong_only_not_negative	FALSE	FALSE	T2	25	FALSE
EVIDENCE_000567	GENE:LEKR1	LEKR1	driver_candidate	TCGA_driver_composite	genome+transcriptome	TCGA-ESCC GDC DR45	unique patient	TCGA_ESCC_DR45_driver_core	CNV-RNA Spearman rho	0.601967219908533	1.10120617171925e-10	1.62200890473212e-09	positive	support	TCGA_evaluable_Cao_not_profiled_current_strong_only_not_negative	FALSE	FALSE	T2	25	FALSE
EVIDENCE_000568	GENE:LETM2	LETM2	driver_candidate	TCGA_driver_composite	genome+transcriptome	TCGA-ESCC GDC DR45	unique patient	TCGA_ESCC_DR45_driver_core	CNV-RNA Spearman rho	0.532281817053493	2.83146349311378e-08	2.11975324791434e-07	positive	support	TCGA_evaluable_Cao_not_profiled_current_strong_only_not_negative	FALSE	FALSE	T2	25	FALSE
EVIDENCE_000569	GENE:LIFR	LIFR	driver_candidate	TCGA_driver_composite	genome+transcriptome	TCGA-ESCC GDC DR45	unique patient	TCGA_ESCC_DR45_driver_core	CNV-RNA Spearman rho	0.369020157309953	0.000233308047009349	0.000631011442135331	positive	support	TCGA_evaluable_Cao_not_profiled_current_strong_only_not_negative	FALSE	FALSE	T2	25	FALSE
EVIDENCE_000570	GENE:LIN9	LIN9	driver_candidate	TCGA_driver_composite	genome+transcriptome	TCGA-ESCC GDC DR45	unique patient	TCGA_ESCC_DR45_driver_core	CNV-RNA Spearman rho	0.531193936546975	3.05783998039243e-08	2.275793816393e-07	positive	support	TCGA_evaluable_Cao_not_profiled_current_strong_only_not_negative	FALSE	FALSE	T2	25	FALSE
EVIDENCE_000571	GENE:LIPT2	LIPT2	driver_candidate	TCGA_driver_composite	genome+transcriptome	TCGA-ESCC GDC DR45	unique patient	TCGA_ESCC_DR45_driver_core	CNV-RNA Spearman rho	0.581819364065928	6.27244715772324e-10	7.5759214146901e-09	positive	support	TCGA_evaluable_Cao_not_profiled_current_strong_only_not_negative	FALSE	FALSE	T2	25	FALSE
EVIDENCE_000572	GENE:LMBRD2	LMBRD2	driver_candidate	TCGA_driver_composite	genome+transcriptome	TCGA-ESCC GDC DR45	unique patient	TCGA_ESCC_DR45_driver_core	CNV-RNA Spearman rho	0.530137578404537	3.29411109353358e-08	2.4120044392721e-07	positive	support	TCGA_evaluable_Cao_not_profiled_current_strong_only_not_negative	FALSE	FALSE	T2	25	FALSE
EVIDENCE_000573	GENE:LMLN	LMLN	driver_candidate	TCGA_driver_composite	genome+transcriptome	TCGA-ESCC GDC DR45	unique patient	TCGA_ESCC_DR45_driver_core	CNV-RNA Spearman rho	0.473560983760436	1.25415920048785e-06	6.02015404261426e-06	positive	support	TCGA_evaluable_Cao_not_profiled_current_strong_only_not_negative	FALSE	FALSE	T2	25	FALSE
EVIDENCE_000574	GENE:LMTK2	LMTK2	driver_candidate	TCGA_driver_composite	genome+transcriptome	TCGA-ESCC GDC DR45	unique patient	TCGA_ESCC_DR45_driver_core	CNV-RNA Spearman rho	0.455393947062256	3.53636785016898e-06	1.49543904887773e-05	positive	support	TCGA_evaluable_Cao_not_profiled_current_strong_only_not_negative	FALSE	FALSE	T2	25	FALSE
EVIDENCE_000575	GENE:LNP1	LNP1	driver_candidate	TCGA_driver_composite	genome+transcriptome	TCGA-ESCC GDC DR45	unique patient	TCGA_ESCC_DR45_driver_core	CNV-RNA Spearman rho	0.542117133647921	1.39507924754448e-08	1.13938799161769e-07	positive	support	TCGA_evaluable_Cao_not_profiled_current_strong_only_not_negative	FALSE	FALSE	T2	25	FALSE
EVIDENCE_000576	GENE:LPCAT1	LPCAT1	driver_candidate	TCGA_driver_composite	genome+transcriptome	TCGA-ESCC GDC DR45	unique patient	TCGA_ESCC_DR45_driver_core	CNV-RNA Spearman rho	0.522996129582361	5.41238552620421e-08	3.7426321288616e-07	positive	support	TCGA_evaluable_Cao_not_profiled_current_strong_only_not_negative	FALSE	FALSE	T2	25	FALSE
EVIDENCE_000577	GENE:LPP	LPP	driver_candidate	TCGA_driver_composite	genome+transcriptome	TCGA-ESCC GDC DR45	unique patient	TCGA_ESCC_DR45_driver_core	CNV-RNA Spearman rho	0.372106134844078	0.00020474026380735	0.000561166203934475	positive	support	TCGA_evaluable_Cao_not_profiled_current_strong_only_not_negative	FALSE	FALSE	T2	25	FALSE
EVIDENCE_000578	GENE:LRATD2	LRATD2	driver_candidate	TCGA_driver_composite	genome+transcriptome	TCGA-ESCC GDC DR45	unique patient	TCGA_ESCC_DR45_driver_core	CNV-RNA Spearman rho	0.351753816222842	0.000473185151688714	0.00119208067018599	positive	support	TCGA_evaluable_Cao_not_profiled_current_strong_only_not_negative	FALSE	FALSE	T2	25	FALSE
EVIDENCE_000579	GENE:LRCH3	LRCH3	driver_candidate	TCGA_driver_composite	genome+transcriptome	TCGA-ESCC GDC DR45	unique patient	TCGA_ESCC_DR45_driver_core	CNV-RNA Spearman rho	0.578838347931817	8.033317255487e-10	9.39838832417769e-09	positive	support	TCGA_evaluable_Cao_not_profiled_current_strong_only_not_negative	FALSE	FALSE	T2	25	FALSE
EVIDENCE_000580	GENE:LRCH4	LRCH4	driver_candidate	TCGA_driver_composite	genome+transcriptome	TCGA-ESCC GDC DR45	unique patient	TCGA_ESCC_DR45_driver_core	CNV-RNA Spearman rho	0.583097310890829	5.63686839047234e-10	6.90693380946572e-09	positive	support	TCGA_evaluable_Cao_not_profiled_current_strong_only_not_negative	FALSE	FALSE	T2	25	FALSE
EVIDENCE_000581	GENE:LRFN5	LRFN5	driver_candidate	TCGA_driver_composite	genome+transcriptome	TCGA-ESCC GDC DR45	unique patient	TCGA_ESCC_DR45_driver_core	CNV-RNA Spearman rho	0.192703578501554	0.0613514180900149	0.094954684429774	positive	same_direction_nonsignificant	TCGA_evaluable_Cao_not_profiled_current_strong_only_not_negative	FALSE	FALSE	T2	25	FALSE
EVIDENCE_000582	GENE:LRP12	LRP12	driver_candidate	TCGA_driver_composite	genome+transcriptome	TCGA-ESCC GDC DR45	unique patient	TCGA_ESCC_DR45_driver_core	CNV-RNA Spearman rho	0.303477046572939	0.00279329844689585	0.0059258298600758	positive	support	TCGA_evaluable_Cao_not_profiled_current_strong_only_not_negative	FALSE	FALSE	T2	25	FALSE
EVIDENCE_000583	GENE:LRP1B	LRP1B	driver_candidate	TCGA_driver_composite	genome+transcriptome	TCGA-ESCC GDC DR45	unique patient	TCGA_ESCC_DR45_driver_core	mutated patient count	6			event_recurrence	not_comparable	TCGA_evaluable_Cao_not_profiled_current_strong_only_not_negative	FALSE	FALSE	T2	25	FALSE
EVIDENCE_000584	GENE:LRP5	LRP5	driver_candidate	TCGA_driver_composite	genome+transcriptome	TCGA-ESCC GDC DR45	unique patient	TCGA_ESCC_DR45_driver_core	CNV-RNA Spearman rho	0.605914415366792	7.71992990735158e-11	1.18241728363566e-09	positive	support	TCGA_evaluable_Cao_not_profiled_current_strong_only_not_negative	FALSE	FALSE	T2	25	FALSE
EVIDENCE_000585	GENE:LRRC14	LRRC14	driver_candidate	TCGA_driver_composite	genome+transcriptome	TCGA-ESCC GDC DR45	unique patient	TCGA_ESCC_DR45_driver_core	CNV-RNA Spearman rho	0.61172826237054	4.53434796570412e-11	7.39133687674288e-10	positive	support	TCGA_evaluable_Cao_not_profiled_current_strong_only_not_negative	FALSE	FALSE	T2	25	FALSE
EVIDENCE_000586	GENE:LRRC58	LRRC58	driver_candidate	TCGA_driver_composite	genome+transcriptome	TCGA-ESCC GDC DR45	unique patient	TCGA_ESCC_DR45_driver_core	CNV-RNA Spearman rho	0.706984529876184	1.1796274835009e-15	9.12197301570636e-14	positive	support	TCGA_evaluable_Cao_not_profiled_current_strong_only_not_negative	FALSE	FALSE	T2	25	FALSE
EVIDENCE_000587	GENE:LRRC69	LRRC69	driver_candidate	TCGA_driver_composite	genome+transcriptome	TCGA-ESCC GDC DR45	unique patient	TCGA_ESCC_DR45_driver_core	CNV-RNA Spearman rho	0.384238695015352	0.000120954641788613	0.000350616403923015	positive	support	TCGA_evaluable_Cao_not_profiled_current_strong_only_not_negative	FALSE	FALSE	T2	25	FALSE
EVIDENCE_000588	GENE:LRRCC1	LRRCC1	driver_candidate	TCGA_driver_composite	genome+transcriptome	TCGA-ESCC GDC DR45	unique patient	TCGA_ESCC_DR45_driver_core	CNV-RNA Spearman rho	0.520129474328279	6.58515679266306e-08	4.43039567345108e-07	positive	support	TCGA_evaluable_Cao_not_profiled_current_strong_only_not_negative	FALSE	FALSE	T2	25	FALSE
EVIDENCE_000589	GENE:LRRD1	LRRD1	driver_candidate	TCGA_driver_composite	genome+transcriptome	TCGA-ESCC GDC DR45	unique patient	TCGA_ESCC_DR45_driver_core	CNV-RNA Spearman rho	0.306994646484218	0.00247787462533724	0.00531715837538526	positive	support	TCGA_evaluable_Cao_not_profiled_current_strong_only_not_negative	FALSE	FALSE	T2	25	FALSE
EVIDENCE_000590	GENE:LRTOMT	LRTOMT	driver_candidate	TCGA_driver_composite	genome+transcriptome	TCGA-ESCC GDC DR45	unique patient	TCGA_ESCC_DR45_driver_core	CNV-RNA Spearman rho	0.783341820509197	6.54179225271593e-21	4.36647417626018e-18	positive	support	TCGA_evaluable_Cao_not_profiled_current_strong_only_not_negative	FALSE	FALSE	T2	25	FALSE
EVIDENCE_000591	GENE:LRWD1	LRWD1	driver_candidate	TCGA_driver_composite	genome+transcriptome	TCGA-ESCC GDC DR45	unique patient	TCGA_ESCC_DR45_driver_core	CNV-RNA Spearman rho	0.58972296857674	3.21532988001957e-10	4.21248073743886e-09	positive	support	TCGA_evaluable_Cao_not_profiled_current_strong_only_not_negative	FALSE	FALSE	T2	25	FALSE
EVIDENCE_000592	GENE:LSG1	LSG1	driver_candidate	TCGA_driver_composite	genome+transcriptome	TCGA-ESCC GDC DR45	unique patient	TCGA_ESCC_DR45_driver_core	CNV-RNA Spearman rho	0.751064420415693	1.8577269565648e-18	4.53071024291439e-16	positive	support	TCGA_evaluable_Cao_not_profiled_current_strong_only_not_negative	FALSE	FALSE	T2	25	FALSE
EVIDENCE_000593	GENE:LSMEM1	LSMEM1	driver_candidate	TCGA_driver_composite	genome+transcriptome	TCGA-ESCC GDC DR45	unique patient	TCGA_ESCC_DR45_driver_core	CNV-RNA Spearman rho	0.334689616909291	0.000916042691462189	0.00215533458499508	positive	support	TCGA_evaluable_Cao_not_profiled_current_strong_only_not_negative	FALSE	FALSE	T2	25	FALSE
EVIDENCE_000594	GENE:LTO1	LTO1	driver_candidate	TCGA_driver_composite	genome+transcriptome	TCGA-ESCC GDC DR45	unique patient	TCGA_ESCC_DR45_driver_core	CNV-RNA Spearman rho	0.89909355645705	3.94715019481376e-35	2.5028879385314e-31	positive	support	TCGA_evaluable_Cao_not_profiled_current_strong_only_not_negative	FALSE	FALSE	T2	25	FALSE
EVIDENCE_000595	GENE:LXN	LXN	driver_candidate	TCGA_driver_composite	genome+transcriptome	TCGA-ESCC GDC DR45	unique patient	TCGA_ESCC_DR45_driver_core	CNV-RNA Spearman rho	0.334391545126836	0.000926369463031884	0.00217801585653881	positive	support	TCGA_evaluable_Cao_not_profiled_current_strong_only_not_negative	FALSE	FALSE	T2	25	FALSE
EVIDENCE_000596	GENE:LY6E	LY6E	driver_candidate	TCGA_driver_composite	genome+transcriptome	TCGA-ESCC GDC DR45	unique patient	TCGA_ESCC_DR45_driver_core	CNV-RNA Spearman rho	0.418217945222857	2.47235955139709e-05	8.39252243865575e-05	positive	support	TCGA_evaluable_Cao_not_profiled_current_strong_only_not_negative	FALSE	FALSE	T2	25	FALSE
EVIDENCE_000597	GENE:LY6K	LY6K	driver_candidate	TCGA_driver_composite	genome+transcriptome	TCGA-ESCC GDC DR45	unique patient	TCGA_ESCC_DR45_driver_core	CNV-RNA Spearman rho	0.385764764705787	0.000113040474073262	0.000330622530488263	positive	support	TCGA_evaluable_Cao_not_profiled_current_strong_only_not_negative	FALSE	FALSE	T2	25	FALSE
EVIDENCE_000598	GENE:LYNX1-SLURP2	LYNX1-SLURP2	driver_candidate	TCGA_driver_composite	genome+transcriptome	TCGA-ESCC GDC DR45	unique patient	TCGA_ESCC_DR45_driver_core	CNV-RNA Spearman rho	0.363093172707298	0.000298744836557531	0.000785544685304293	positive	support	TCGA_evaluable_Cao_not_profiled_current_strong_only_not_negative	FALSE	FALSE	T2	25	FALSE
EVIDENCE_000599	GENE:LYPLA1	LYPLA1	driver_candidate	TCGA_driver_composite	genome+transcriptome	TCGA-ESCC GDC DR45	unique patient	TCGA_ESCC_DR45_driver_core	CNV-RNA Spearman rho	0.49099907430955	4.37707196866024e-07	2.35112353691441e-06	positive	support	TCGA_evaluable_Cao_not_profiled_current_strong_only_not_negative	FALSE	FALSE	T2	25	FALSE
EVIDENCE_000600	GENE:LYPLAL1	LYPLAL1	driver_candidate	TCGA_driver_composite	genome+transcriptome	TCGA-ESCC GDC DR45	unique patient	TCGA_ESCC_DR45_driver_core	CNV-RNA Spearman rho	0.420730503043473	2.18326654184217e-05	7.51783499420104e-05	positive	support	TCGA_evaluable_Cao_not_profiled_current_strong_only_not_negative	FALSE	FALSE	T2	25	FALSE
EVIDENCE_000601	GENE:M6PR	M6PR	driver_candidate	TCGA_driver_composite	genome+transcriptome	TCGA-ESCC GDC DR45	unique patient	TCGA_ESCC_DR45_driver_core	CNV-RNA Spearman rho	0.406931850876724	4.27027143165138e-05	0.00013734613821	positive	support	TCGA_evaluable_Cao_not_profiled_current_strong_only_not_negative	FALSE	FALSE	T2	25	FALSE
EVIDENCE_000602	GENE:MACF1	MACF1	driver_candidate	TCGA_driver_composite	genome+transcriptome	TCGA-ESCC GDC DR45	unique patient	TCGA_ESCC_DR45_driver_core	mutated patient count	7			event_recurrence	not_comparable	TCGA_evaluable_Cao_not_profiled_current_strong_only_not_negative	FALSE	FALSE	T2	25	FALSE
EVIDENCE_000603	GENE:MAF1	MAF1	driver_candidate	TCGA_driver_composite	genome+transcriptome	TCGA-ESCC GDC DR45	unique patient	TCGA_ESCC_DR45_driver_core	CNV-RNA Spearman rho	0.515561366951665	8.96782255368417e-08	5.84429216987783e-07	positive	support	TCGA_evaluable_Cao_not_profiled_current_strong_only_not_negative	FALSE	FALSE	T2	25	FALSE
EVIDENCE_000604	GENE:MAGEF1	MAGEF1	driver_candidate	TCGA_driver_composite	genome+transcriptome	TCGA-ESCC GDC DR45	unique patient	TCGA_ESCC_DR45_driver_core	CNV-RNA Spearman rho	0.629632615234949	8.2097682206816e-12	1.67929484797878e-10	positive	support	TCGA_evaluable_Cao_not_profiled_current_strong_only_not_negative	FALSE	FALSE	T2	25	FALSE
EVIDENCE_000605	GENE:MAL2	MAL2	driver_candidate	TCGA_driver_composite	genome+transcriptome	TCGA-ESCC GDC DR45	unique patient	TCGA_ESCC_DR45_driver_core	CNV-RNA Spearman rho	0.418255514174803	2.46778480561763e-05	8.37923611910115e-05	positive	support	TCGA_evaluable_Cao_not_profiled_current_strong_only_not_negative	FALSE	FALSE	T2	25	FALSE
EVIDENCE_000606	GENE:MAP11	MAP11	driver_candidate	TCGA_driver_composite	genome+transcriptome	TCGA-ESCC GDC DR45	unique patient	TCGA_ESCC_DR45_driver_core	CNV-RNA Spearman rho	0.458908316589764	2.9071645362365e-06	1.25960576182273e-05	positive	support	TCGA_evaluable_Cao_not_profiled_current_strong_only_not_negative	FALSE	FALSE	T2	25	FALSE
EVIDENCE_000607	GENE:MAP3K13	MAP3K13	driver_candidate	TCGA_driver_composite	genome+transcriptome	TCGA-ESCC GDC DR45	unique patient	TCGA_ESCC_DR45_driver_core	CNV-RNA Spearman rho	0.615571420369248	3.17064097759336e-11	5.34708362737221e-10	positive	support	TCGA_evaluable_Cao_not_profiled_current_strong_only_not_negative	FALSE	FALSE	T2	25	FALSE
EVIDENCE_000608	GENE:MAP3K21	MAP3K21	driver_candidate	TCGA_driver_composite	genome+transcriptome	TCGA-ESCC GDC DR45	unique patient	TCGA_ESCC_DR45_driver_core	CNV-RNA Spearman rho	0.402949604956696	5.15454256569048e-05	0.000162652174217683	positive	support	TCGA_evaluable_Cao_not_profiled_current_strong_only_not_negative	FALSE	FALSE	T2	25	FALSE
EVIDENCE_000609	GENE:MAP6D1	MAP6D1	driver_candidate	TCGA_driver_composite	genome+transcriptome	TCGA-ESCC GDC DR45	unique patient	TCGA_ESCC_DR45_driver_core	CNV-RNA Spearman rho	0.516597160018068	8.36465653656995e-08	5.49640280812332e-07	positive	support	TCGA_evaluable_Cao_not_profiled_current_strong_only_not_negative	FALSE	FALSE	T2	25	FALSE
EVIDENCE_000610	GENE:MAPK15	MAPK15	driver_candidate	TCGA_driver_composite	genome+transcriptome	TCGA-ESCC GDC DR45	unique patient	TCGA_ESCC_DR45_driver_core	CNV-RNA Spearman rho	0.341031639975411	0.000719744129891441	0.00173565222576217	positive	support	TCGA_evaluable_Cao_not_profiled_current_strong_only_not_negative	FALSE	FALSE	T2	25	FALSE
EVIDENCE_000611	GENE:MARCHF6	MARCHF6	driver_candidate	TCGA_driver_composite	genome+transcriptome	TCGA-ESCC GDC DR45	unique patient	TCGA_ESCC_DR45_driver_core	CNV-RNA Spearman rho	0.783978732666327	5.7957906605924e-21	4.32365983280193e-18	positive	support	TCGA_evaluable_Cao_not_profiled_current_strong_only_not_negative	FALSE	FALSE	T2	25	FALSE
EVIDENCE_000612	GENE:MBD4	MBD4	driver_candidate	TCGA_driver_composite	genome+transcriptome	TCGA-ESCC GDC DR45	unique patient	TCGA_ESCC_DR45_driver_core	CNV-RNA Spearman rho	0.708571650900055	9.54763582614507e-16	7.56769484669824e-14	positive	support	TCGA_evaluable_Cao_not_profiled_current_strong_only_not_negative	FALSE	FALSE	T2	25	FALSE
EVIDENCE_000613	GENE:MBLAC1	MBLAC1	driver_candidate	TCGA_driver_composite	genome+transcriptome	TCGA-ESCC GDC DR45	unique patient	TCGA_ESCC_DR45_driver_core	CNV-RNA Spearman rho	0.309709415801162	0.00225676826718179	0.00489403816080702	positive	support	TCGA_evaluable_Cao_not_profiled_current_strong_only_not_negative	FALSE	FALSE	T2	25	FALSE
EVIDENCE_000614	GENE:MBNL1	MBNL1	driver_candidate	TCGA_driver_composite	genome+transcriptome	TCGA-ESCC GDC DR45	unique patient	TCGA_ESCC_DR45_driver_core	CNV-RNA Spearman rho	0.573480355447001	1.24550625993815e-09	1.36403371230877e-08	positive	support	TCGA_evaluable_Cao_not_profiled_current_strong_only_not_negative	FALSE	FALSE	T2	25	FALSE
EVIDENCE_000615	GENE:MBTPS2	MBTPS2	driver_candidate	TCGA_driver_composite	genome+transcriptome	TCGA-ESCC GDC DR45	unique patient	TCGA_ESCC_DR45_driver_core	CNV-RNA Spearman rho	0.340992559575135	0.000720825773942331	0.00173759978428752	positive	support	TCGA_evaluable_Cao_not_profiled_current_strong_only_not_negative	FALSE	FALSE	T2	25	FALSE
EVIDENCE_000616	GENE:MCCC1	MCCC1	driver_candidate	TCGA_driver_composite	genome+transcriptome	TCGA-ESCC GDC DR45	unique patient	TCGA_ESCC_DR45_driver_core	CNV-RNA Spearman rho	0.607902855393891	6.4431842828453e-11	1.00490023709744e-09	positive	support	TCGA_evaluable_Cao_not_profiled_current_strong_only_not_negative	FALSE	FALSE	T2	25	FALSE
EVIDENCE_000617	GENE:MCM2	MCM2	driver_candidate	TCGA_driver_composite	genome+transcriptome	TCGA-ESCC GDC DR45	unique patient	TCGA_ESCC_DR45_driver_core	CNV-RNA Spearman rho	0.531604372403722	2.97047558610973e-08	2.21337082156543e-07	positive	support	TCGA_evaluable_Cao_not_profiled_current_strong_only_not_negative	FALSE	FALSE	T2	25	FALSE
EVIDENCE_000618	GENE:MCM4	MCM4	driver_candidate	TCGA_driver_composite	genome+transcriptome	TCGA-ESCC GDC DR45	unique patient	TCGA_ESCC_DR45_driver_core	CNV-RNA Spearman rho	0.500667851021097	2.38002034970991e-07	1.37322193243954e-06	positive	support	TCGA_evaluable_Cao_not_profiled_current_strong_only_not_negative	FALSE	FALSE	T2	25	FALSE
EVIDENCE_000619	GENE:MCM7	MCM7	driver_candidate	TCGA_driver_composite	genome+transcriptome	TCGA-ESCC GDC DR45	unique patient	TCGA_ESCC_DR45_driver_core	CNV-RNA Spearman rho	0.601610595490311	1.13684630652502e-10	1.66676125541622e-09	positive	support	TCGA_evaluable_Cao_not_profiled_current_strong_only_not_negative	FALSE	FALSE	T2	25	FALSE
EVIDENCE_000620	GENE:MECOM	MECOM	driver_candidate	TCGA_driver_composite	genome+transcriptome	TCGA-ESCC GDC DR45	unique patient	TCGA_ESCC_DR45_driver_core	CNV-RNA Spearman rho	0.385494489321906	0.00011440614319315	0.000334000623382949	positive	support	TCGA_evaluable_Cao_not_profiled_current_strong_only_not_negative	FALSE	FALSE	T2	25	FALSE
EVIDENCE_000621	GENE:MED10	MED10	driver_candidate	TCGA_driver_composite	genome+transcriptome	TCGA-ESCC GDC DR45	unique patient	TCGA_ESCC_DR45_driver_core	CNV-RNA Spearman rho	0.564572305614226	2.53816878391482e-09	2.5385691259943e-08	positive	support	TCGA_evaluable_Cao_not_profiled_current_strong_only_not_negative	FALSE	FALSE	T2	25	FALSE
EVIDENCE_000622	GENE:MED12L	MED12L	driver_candidate	TCGA_driver_composite	genome+transcriptome	TCGA-ESCC GDC DR45	unique patient	TCGA_ESCC_DR45_driver_core	CNV-RNA Spearman rho	0.599676824291331	1.35025149550424e-10	1.9392853302361e-09	positive	support	TCGA_evaluable_Cao_not_profiled_current_strong_only_not_negative	FALSE	FALSE	T2	25	FALSE
EVIDENCE_000623	GENE:MED14	MED14	driver_candidate	TCGA_driver_composite	genome+transcriptome	TCGA-ESCC GDC DR45	unique patient	TCGA_ESCC_DR45_driver_core	CNV-RNA Spearman rho	0.535925963124125	2.18400659848237e-08	1.67864070799718e-07	positive	support	TCGA_evaluable_Cao_not_profiled_current_strong_only_not_negative	FALSE	FALSE	T2	25	FALSE
EVIDENCE_000624	GENE:MED21	MED21	driver_candidate	TCGA_driver_composite	genome+transcriptome	TCGA-ESCC GDC DR45	unique patient	TCGA_ESCC_DR45_driver_core	CNV-RNA Spearman rho	0.563486734787768	2.76423201049869e-09	2.72597125638759e-08	positive	support	TCGA_evaluable_Cao_not_profiled_current_strong_only_not_negative	FALSE	FALSE	T2	25	FALSE
EVIDENCE_000625	GENE:MED30	MED30	driver_candidate	TCGA_driver_composite	genome+transcriptome	TCGA-ESCC GDC DR45	unique patient	TCGA_ESCC_DR45_driver_core	CNV-RNA Spearman rho	0.503457118078532	1.98939515898688e-07	1.1795002059968e-06	positive	support	TCGA_evaluable_Cao_not_profiled_current_strong_only_not_negative	FALSE	FALSE	T2	25	FALSE
EVIDENCE_000626	GENE:MELTF	MELTF	driver_candidate	TCGA_driver_composite	genome+transcriptome	TCGA-ESCC GDC DR45	unique patient	TCGA_ESCC_DR45_driver_core	CNV-RNA Spearman rho	0.621287009853896	1.84566399975333e-11	3.32010082905981e-10	positive	support	TCGA_evaluable_Cao_not_profiled_current_strong_only_not_negative	FALSE	FALSE	T2	25	FALSE
EVIDENCE_000627	GENE:MEPCE	MEPCE	driver_candidate	TCGA_driver_composite	genome+transcriptome	TCGA-ESCC GDC DR45	unique patient	TCGA_ESCC_DR45_driver_core	CNV-RNA Spearman rho	0.572074704795295	1.39555071411269e-09	1.5152717599638e-08	positive	support	TCGA_evaluable_Cao_not_profiled_current_strong_only_not_negative	FALSE	FALSE	T2	25	FALSE
EVIDENCE_000628	GENE:MFN1	MFN1	driver_candidate	TCGA_driver_composite	genome+transcriptome	TCGA-ESCC GDC DR45	unique patient	TCGA_ESCC_DR45_driver_core	CNV-RNA Spearman rho	0.644415341550644	1.83878929959412e-12	4.62689005901839e-11	positive	support	TCGA_evaluable_Cao_not_profiled_current_strong_only_not_negative	FALSE	FALSE	T2	25	FALSE
EVIDENCE_000629	GENE:MFSD1	MFSD1	driver_candidate	TCGA_driver_composite	genome+transcriptome	TCGA-ESCC GDC DR45	unique patient	TCGA_ESCC_DR45_driver_core	CNV-RNA Spearman rho	0.56212414324916	3.07535682460317e-09	2.993221431283e-08	positive	support	TCGA_evaluable_Cao_not_profiled_current_strong_only_not_negative	FALSE	FALSE	T2	25	FALSE
EVIDENCE_000630	GENE:MFSD3	MFSD3	driver_candidate	TCGA_driver_composite	genome+transcriptome	TCGA-ESCC GDC DR45	unique patient	TCGA_ESCC_DR45_driver_core	CNV-RNA Spearman rho	0.308551427323481	0.0023488095481417	0.0050702302450269	positive	support	TCGA_evaluable_Cao_not_profiled_current_strong_only_not_negative	FALSE	FALSE	T2	25	FALSE
EVIDENCE_000631	GENE:MIA3	MIA3	driver_candidate	TCGA_driver_composite	genome+transcriptome	TCGA-ESCC GDC DR45	unique patient	TCGA_ESCC_DR45_driver_core	CNV-RNA Spearman rho	0.419807589763033	2.2855662466256e-05	7.83181603342499e-05	positive	support	TCGA_evaluable_Cao_not_profiled_current_strong_only_not_negative	FALSE	FALSE	T2	25	FALSE
EVIDENCE_000632	GENE:MIOS	MIOS	driver_candidate	TCGA_driver_composite	genome+transcriptome	TCGA-ESCC GDC DR45	unique patient	TCGA_ESCC_DR45_driver_core	CNV-RNA Spearman rho	0.468277961281812	1.70587956560593e-06	7.91583046140302e-06	positive	support	TCGA_evaluable_Cao_not_profiled_current_strong_only_not_negative	FALSE	FALSE	T2	25	FALSE
EVIDENCE_000633	GENE:MLF1	MLF1	driver_candidate	TCGA_driver_composite	genome+transcriptome	TCGA-ESCC GDC DR45	unique patient	TCGA_ESCC_DR45_driver_core	CNV-RNA Spearman rho	0.625003534359225	1.29054104310743e-11	2.4611490990509e-10	positive	support	TCGA_evaluable_Cao_not_profiled_current_strong_only_not_negative	FALSE	FALSE	T2	25	FALSE
EVIDENCE_000634	GENE:MORC4	MORC4	driver_candidate	TCGA_driver_composite	genome+transcriptome	TCGA-ESCC GDC DR45	unique patient	TCGA_ESCC_DR45_driver_core	CNV-RNA Spearman rho	0.326562650274047	0.00123861831022139	0.00283643145724587	positive	support	TCGA_evaluable_Cao_not_profiled_current_strong_only_not_negative	FALSE	FALSE	T2	25	FALSE
EVIDENCE_000635	GENE:MOSPD3	MOSPD3	driver_candidate	TCGA_driver_composite	genome+transcriptome	TCGA-ESCC GDC DR45	unique patient	TCGA_ESCC_DR45_driver_core	CNV-RNA Spearman rho	0.349710645953454	0.000513142351536609	0.0012797780338618	positive	support	TCGA_evaluable_Cao_not_profiled_current_strong_only_not_negative	FALSE	FALSE	T2	25	FALSE
EVIDENCE_000636	GENE:MRC1	MRC1	driver_candidate	TCGA_driver_composite	genome+transcriptome	TCGA-ESCC GDC DR45	unique patient	TCGA_ESCC_DR45_driver_core	CNV-RNA Spearman rho	-0.0939229730433423	0.365289319540752	0.442168478611799	negative	same_direction_nonsignificant	TCGA_evaluable_Cao_not_profiled_current_strong_only_not_negative	FALSE	FALSE	T2	25	FALSE
EVIDENCE_000637	GENE:MROH1	MROH1	driver_candidate	TCGA_driver_composite	genome+transcriptome	TCGA-ESCC GDC DR45	unique patient	TCGA_ESCC_DR45_driver_core	CNV-RNA Spearman rho	0.597910933087712	1.57836419021883e-10	2.22409051781724e-09	positive	support	TCGA_evaluable_Cao_not_profiled_current_strong_only_not_negative	FALSE	FALSE	T2	25	FALSE
EVIDENCE_000638	GENE:MRPL13	MRPL13	driver_candidate	TCGA_driver_composite	genome+transcriptome	TCGA-ESCC GDC DR45	unique patient	TCGA_ESCC_DR45_driver_core	CNV-RNA Spearman rho	0.539613298165439	1.67414896349929e-08	1.32531567759663e-07	positive	support	TCGA_evaluable_Cao_not_profiled_current_strong_only_not_negative	FALSE	FALSE	T2	25	FALSE
EVIDENCE_000639	GENE:MRPL15	MRPL15	driver_candidate	TCGA_driver_composite	genome+transcriptome	TCGA-ESCC GDC DR45	unique patient	TCGA_ESCC_DR45_driver_core	CNV-RNA Spearman rho	0.446141936018949	5.86273342202742e-06	2.35281292340013e-05	positive	support	TCGA_evaluable_Cao_not_profiled_current_strong_only_not_negative	FALSE	FALSE	T2	25	FALSE
EVIDENCE_000640	GENE:MRPL21	MRPL21	driver_candidate	TCGA_driver_composite	genome+transcriptome	TCGA-ESCC GDC DR45	unique patient	TCGA_ESCC_DR45_driver_core	CNV-RNA Spearman rho	0.789411681458476	2.02873925558417e-21	1.8377479456656e-18	positive	support	TCGA_evaluable_Cao_not_profiled_current_strong_only_not_negative	FALSE	FALSE	T2	25	FALSE
EVIDENCE_000641	GENE:MRPL3	MRPL3	driver_candidate	TCGA_driver_composite	genome+transcriptome	TCGA-ESCC GDC DR45	unique patient	TCGA_ESCC_DR45_driver_core	CNV-RNA Spearman rho	0.626151102147666	1.1544536929736e-11	2.24142974662433e-10	positive	support	TCGA_evaluable_Cao_not_profiled_current_strong_only_not_negative	FALSE	FALSE	T2	25	FALSE
EVIDENCE_000642	GENE:MRPL36	MRPL36	driver_candidate	TCGA_driver_composite	genome+transcriptome	TCGA-ESCC GDC DR45	unique patient	TCGA_ESCC_DR45_driver_core	CNV-RNA Spearman rho	0.493579873015091	3.7269178191985e-07	2.04167480704429e-06	positive	support	TCGA_evaluable_Cao_not_profiled_current_strong_only_not_negative	FALSE	FALSE	T2	25	FALSE
EVIDENCE_000643	GENE:MRPL47	MRPL47	driver_candidate	TCGA_driver_composite	genome+transcriptome	TCGA-ESCC GDC DR45	unique patient	TCGA_ESCC_DR45_driver_core	CNV-RNA Spearman rho	0.589048402447963	3.40643652169784e-10	4.42627335739467e-09	positive	support	TCGA_evaluable_Cao_not_profiled_current_strong_only_not_negative	FALSE	FALSE	T2	25	FALSE
EVIDENCE_000644	GENE:MRPL48	MRPL48	driver_candidate	TCGA_driver_composite	genome+transcriptome	TCGA-ESCC GDC DR45	unique patient	TCGA_ESCC_DR45_driver_core	CNV-RNA Spearman rho	0.695286839152953	5.37476151133912e-15	3.18517408816835e-13	positive	support	TCGA_evaluable_Cao_not_profiled_current_strong_only_not_negative	FALSE	FALSE	T2	25	FALSE
EVIDENCE_000645	GENE:MRPL55	MRPL55	driver_candidate	TCGA_driver_composite	genome+transcriptome	TCGA-ESCC GDC DR45	unique patient	TCGA_ESCC_DR45_driver_core	CNV-RNA Spearman rho	0.359969550272154	0.000339671836013141	0.000883634507552545	positive	support	TCGA_evaluable_Cao_not_profiled_current_strong_only_not_negative	FALSE	FALSE	T2	25	FALSE
EVIDENCE_000646	GENE:MRPS17	MRPS17	driver_candidate	TCGA_driver_composite	genome+transcriptome	TCGA-ESCC GDC DR45	unique patient	TCGA_ESCC_DR45_driver_core	CNV-RNA Spearman rho	0.451482214992644	4.38694841877988e-06	1.81045492505586e-05	positive	support	TCGA_evaluable_Cao_not_profiled_current_strong_only_not_negative	FALSE	FALSE	T2	25	FALSE
EVIDENCE_000647	GENE:MRPS22	MRPS22	driver_candidate	TCGA_driver_composite	genome+transcriptome	TCGA-ESCC GDC DR45	unique patient	TCGA_ESCC_DR45_driver_core	CNV-RNA Spearman rho	0.655522316890848	5.65640945213128e-13	1.73271943652002e-11	positive	support	TCGA_evaluable_Cao_not_profiled_current_strong_only_not_negative	FALSE	FALSE	T2	25	FALSE
EVIDENCE_000648	GENE:MRPS28	MRPS28	driver_candidate	TCGA_driver_composite	genome+transcriptome	TCGA-ESCC GDC DR45	unique patient	TCGA_ESCC_DR45_driver_core	CNV-RNA Spearman rho	0.588988010709235	3.42406778040916e-10	4.44462923143797e-09	positive	support	TCGA_evaluable_Cao_not_profiled_current_strong_only_not_negative	FALSE	FALSE	T2	25	FALSE
EVIDENCE_000649	GENE:MRPS30	MRPS30	driver_candidate	TCGA_driver_composite	genome+transcriptome	TCGA-ESCC GDC DR45	unique patient	TCGA_ESCC_DR45_driver_core	CNV-RNA Spearman rho	0.72173357720501	1.56274680760118e-16	1.66544159781498e-14	positive	support	TCGA_evaluable_Cao_not_profiled_current_strong_only_not_negative	FALSE	FALSE	T2	25	FALSE
EVIDENCE_000650	GENE:MRPS35	MRPS35	driver_candidate	TCGA_driver_composite	genome+transcriptome	TCGA-ESCC GDC DR45	unique patient	TCGA_ESCC_DR45_driver_core	CNV-RNA Spearman rho	0.48097944567786	8.07137975859342e-07	4.06679531579189e-06	positive	support	TCGA_evaluable_Cao_not_profiled_current_strong_only_not_negative	FALSE	FALSE	T2	25	FALSE
EVIDENCE_000651	GENE:MSL2	MSL2	driver_candidate	TCGA_driver_composite	genome+transcriptome	TCGA-ESCC GDC DR45	unique patient	TCGA_ESCC_DR45_driver_core	CNV-RNA Spearman rho	0.724105449439077	1.11544344595499e-16	1.28600488923647e-14	positive	support	TCGA_evaluable_Cao_not_profiled_current_strong_only_not_negative	FALSE	FALSE	T2	25	FALSE
EVIDENCE_000652	GENE:MSL3	MSL3	driver_candidate	TCGA_driver_composite	genome+transcriptome	TCGA-ESCC GDC DR45	unique patient	TCGA_ESCC_DR45_driver_core	CNV-RNA Spearman rho	0.481849214603252	7.65968454633263e-07	3.88560477666362e-06	positive	support	TCGA_evaluable_Cao_not_profiled_current_strong_only_not_negative	FALSE	FALSE	T2	25	FALSE
EVIDENCE_000653	GENE:MTAP	MTAP	driver_candidate	TCGA_driver_composite	genome+transcriptome	TCGA-ESCC GDC DR45	unique patient	TCGA_ESCC_DR45_driver_core	CNV-RNA Spearman rho	0.719667321079323	2.09043254921045e-16	2.10403695151483e-14	positive	support	TCGA_evaluable_Cao_not_profiled_current_strong_only_not_negative	FALSE	FALSE	T2	25	FALSE
EVIDENCE_000654	GENE:MTARC1	MTARC1	driver_candidate	TCGA_driver_composite	genome+transcriptome	TCGA-ESCC GDC DR45	unique patient	TCGA_ESCC_DR45_driver_core	CNV-RNA Spearman rho	0.404849202659016	4.71335918313907e-05	0.000150376908580049	positive	support	TCGA_evaluable_Cao_not_profiled_current_strong_only_not_negative	FALSE	FALSE	T2	25	FALSE
EVIDENCE_000655	GENE:MTBP	MTBP	driver_candidate	TCGA_driver_composite	genome+transcriptome	TCGA-ESCC GDC DR45	unique patient	TCGA_ESCC_DR45_driver_core	CNV-RNA Spearman rho	0.505581778783201	1.73359092094601e-07	1.04394112343007e-06	positive	support	TCGA_evaluable_Cao_not_profiled_current_strong_only_not_negative	FALSE	FALSE	T2	25	FALSE
EVIDENCE_000656	GENE:MTDH	MTDH	driver_candidate	TCGA_driver_composite	genome+transcriptome	TCGA-ESCC GDC DR45	unique patient	TCGA_ESCC_DR45_driver_core	CNV-RNA Spearman rho	0.53645743006854	2.10231411702324e-08	1.62669601171987e-07	positive	support	TCGA_evaluable_Cao_not_profiled_current_strong_only_not_negative	FALSE	FALSE	T2	25	FALSE
EVIDENCE_000657	GENE:MTERF1	MTERF1	driver_candidate	TCGA_driver_composite	genome+transcriptome	TCGA-ESCC GDC DR45	unique patient	TCGA_ESCC_DR45_driver_core	CNV-RNA Spearman rho	0.765269948964181	1.72862353069734e-19	7.30746787210123e-17	positive	support	TCGA_evaluable_Cao_not_profiled_current_strong_only_not_negative	FALSE	FALSE	T2	25	FALSE
EVIDENCE_000658	GENE:MTERF3	MTERF3	driver_candidate	TCGA_driver_composite	genome+transcriptome	TCGA-ESCC GDC DR45	unique patient	TCGA_ESCC_DR45_driver_core	CNV-RNA Spearman rho	0.457421570354821	3.15922866256664e-06	1.35630798573697e-05	positive	support	TCGA_evaluable_Cao_not_profiled_current_strong_only_not_negative	FALSE	FALSE	T2	25	FALSE
EVIDENCE_000659	GENE:MTFR1	MTFR1	driver_candidate	TCGA_driver_composite	genome+transcriptome	TCGA-ESCC GDC DR45	unique patient	TCGA_ESCC_DR45_driver_core	CNV-RNA Spearman rho	0.495138559411036	3.37983101928353e-07	1.87447755981543e-06	positive	support	TCGA_evaluable_Cao_not_profiled_current_strong_only_not_negative	FALSE	FALSE	T2	25	FALSE
EVIDENCE_000660	GENE:MTMR12	MTMR12	driver_candidate	TCGA_driver_composite	genome+transcriptome	TCGA-ESCC GDC DR45	unique patient	TCGA_ESCC_DR45_driver_core	CNV-RNA Spearman rho	0.494746789604217	3.46406195620262e-07	1.91421497727937e-06	positive	support	TCGA_evaluable_Cao_not_profiled_current_strong_only_not_negative	FALSE	FALSE	T2	25	FALSE
EVIDENCE_000661	GENE:MTRR	MTRR	driver_candidate	TCGA_driver_composite	genome+transcriptome	TCGA-ESCC GDC DR45	unique patient	TCGA_ESCC_DR45_driver_core	CNV-RNA Spearman rho	0.691201542105297	8.97511790334256e-15	4.86420706197395e-13	positive	support	TCGA_evaluable_Cao_not_profiled_current_strong_only_not_negative	FALSE	FALSE	T2	25	FALSE
EVIDENCE_000662	GENE:MTSS1	MTSS1	driver_candidate	TCGA_driver_composite	genome+transcriptome	TCGA-ESCC GDC DR45	unique patient	TCGA_ESCC_DR45_driver_core	CNV-RNA Spearman rho	0.315022410980008	0.00187477217845588	0.00414574730029249	positive	support	TCGA_evaluable_Cao_not_profiled_current_strong_only_not_negative	FALSE	FALSE	T2	25	FALSE
EVIDENCE_000663	GENE:MUC16	MUC16	driver_candidate	TCGA_driver_composite	genome+transcriptome	TCGA-ESCC GDC DR45	unique patient	TCGA_ESCC_DR45_driver_core	mutated patient count	15			event_recurrence	not_comparable	TCGA_evaluable_Cao_not_profiled_current_strong_only_not_negative	FALSE	FALSE	T2	25	FALSE
EVIDENCE_000664	GENE:MUC17	MUC17	driver_candidate	TCGA_driver_composite	genome+transcriptome	TCGA-ESCC GDC DR45	unique patient	TCGA_ESCC_DR45_driver_core	CNV-RNA Spearman rho	0.0485268733102252	0.640503244026552	0.702791264949671	positive	same_direction_nonsignificant	TCGA_evaluable_Cao_not_profiled_current_strong_only_not_negative	FALSE	FALSE	T2	25	FALSE
EVIDENCE_000665	GENE:MUC4	MUC4	driver_candidate	TCGA_driver_composite	genome+transcriptome	TCGA-ESCC GDC DR45	unique patient	TCGA_ESCC_DR45_driver_core	CNV-RNA Spearman rho	0.323838819196455	0.00136791417494589	0.00311005513923695	positive	support	TCGA_evaluable_Cao_not_profiled_current_strong_only_not_negative	FALSE	FALSE	T2	25	FALSE
EVIDENCE_000666	GENE:MUC5B	MUC5B	driver_candidate	TCGA_driver_composite	genome+transcriptome	TCGA-ESCC GDC DR45	unique patient	TCGA_ESCC_DR45_driver_core	CNV-RNA Spearman rho	0.0741235329581119	0.475297950279	0.549474923357491	positive	same_direction_nonsignificant	TCGA_evaluable_Cao_not_profiled_current_strong_only_not_negative	FALSE	FALSE	T2	25	FALSE
EVIDENCE_000667	GENE:MYC	MYC	driver_candidate	TCGA_driver_composite	genome+transcriptome	TCGA-ESCC GDC DR45	unique patient	TCGA_ESCC_DR45_driver_core	CNV-RNA Spearman rho	0.309858545260674	0.00224515425827548	0.0048713509501197	positive	support	TCGA_evaluable_Cao_not_profiled_current_strong_only_not_negative	FALSE	FALSE	T2	25	FALSE
EVIDENCE_000668	GENE:MYEOV	MYEOV	driver_candidate	TCGA_driver_composite	genome+transcriptome	TCGA-ESCC GDC DR45	unique patient	TCGA_ESCC_DR45_driver_core	CNV-RNA Spearman rho	0.444264661387557	6.48439203034718e-06	2.56053090173273e-05	positive	support	TCGA_evaluable_Cao_not_profiled_current_strong_only_not_negative	FALSE	FALSE	T2	25	FALSE
EVIDENCE_000669	GENE:MYH13	MYH13	driver_candidate	TCGA_driver_composite	genome+transcriptome	TCGA-ESCC GDC DR45	unique patient	TCGA_ESCC_DR45_driver_core	CNV-RNA Spearman rho	0.0675103795711449	0.515665672183829	0.588258707802044	positive	same_direction_nonsignificant	TCGA_evaluable_Cao_not_profiled_current_strong_only_not_negative	FALSE	FALSE	T2	25	FALSE
EVIDENCE_000670	GENE:MYH15	MYH15	driver_candidate	TCGA_driver_composite	genome+transcriptome	TCGA-ESCC GDC DR45	unique patient	TCGA_ESCC_DR45_driver_core	CNV-RNA Spearman rho	0.360732596015021	0.000329223548670725	0.000858038027998796	positive	support	TCGA_evaluable_Cao_not_profiled_current_strong_only_not_negative	FALSE	FALSE	T2	25	FALSE
EVIDENCE_000671	GENE:MYH2	MYH2	driver_candidate	TCGA_driver_composite	genome+transcriptome	TCGA-ESCC GDC DR45	unique patient	TCGA_ESCC_DR45_driver_core	mutated patient count	6			event_recurrence	not_comparable	TCGA_evaluable_Cao_not_profiled_current_strong_only_not_negative	FALSE	FALSE	T2	25	FALSE
EVIDENCE_000672	GENE:MYNN	MYNN	driver_candidate	TCGA_driver_composite	genome+transcriptome	TCGA-ESCC GDC DR45	unique patient	TCGA_ESCC_DR45_driver_core	CNV-RNA Spearman rho	0.783604192000483	6.2238138163455e-21	4.36647417626018e-18	positive	support	TCGA_evaluable_Cao_not_profiled_current_strong_only_not_negative	FALSE	FALSE	T2	25	FALSE
EVIDENCE_000673	GENE:MYO10	MYO10	driver_candidate	TCGA_driver_composite	genome+transcriptome	TCGA-ESCC GDC DR45	unique patient	TCGA_ESCC_DR45_driver_core	CNV-RNA Spearman rho	0.47594152845068	1.08998568966081e-06	5.33302411893459e-06	positive	support	TCGA_evaluable_Cao_not_profiled_current_strong_only_not_negative	FALSE	FALSE	T2	25	FALSE
EVIDENCE_000674	GENE:NAA10	NAA10	driver_candidate	TCGA_driver_composite	genome+transcriptome	TCGA-ESCC GDC DR45	unique patient	TCGA_ESCC_DR45_driver_core	CNV-RNA Spearman rho	0.313419759886799	0.00198333611011196	0.00435317904957423	positive	support	TCGA_evaluable_Cao_not_profiled_current_strong_only_not_negative	FALSE	FALSE	T2	25	FALSE
EVIDENCE_000675	GENE:NAA50	NAA50	driver_candidate	TCGA_driver_composite	genome+transcriptome	TCGA-ESCC GDC DR45	unique patient	TCGA_ESCC_DR45_driver_core	CNV-RNA Spearman rho	0.633388349621275	5.65629515393368e-12	1.21581584986757e-10	positive	support	TCGA_evaluable_Cao_not_profiled_current_strong_only_not_negative	FALSE	FALSE	T2	25	FALSE
EVIDENCE_000676	GENE:NAALADL2	NAALADL2	driver_candidate	TCGA_driver_composite	genome+transcriptome	TCGA-ESCC GDC DR45	unique patient	TCGA_ESCC_DR45_driver_core	CNV-RNA Spearman rho	0.363808746443056	0.000290032614983792	0.000765811705855601	positive	support	TCGA_evaluable_Cao_not_profiled_current_strong_only_not_negative	FALSE	FALSE	T2	25	FALSE
EVIDENCE_000677	GENE:NADK2	NADK2	driver_candidate	TCGA_driver_composite	genome+transcriptome	TCGA-ESCC GDC DR45	unique patient	TCGA_ESCC_DR45_driver_core	CNV-RNA Spearman rho	0.456983827122798	3.23728630761077e-06	1.38593223658286e-05	positive	support	TCGA_evaluable_Cao_not_profiled_current_strong_only_not_negative	FALSE	FALSE	T2	25	FALSE
EVIDENCE_000678	GENE:NADSYN1	NADSYN1	driver_candidate	TCGA_driver_composite	genome+transcriptome	TCGA-ESCC GDC DR45	unique patient	TCGA_ESCC_DR45_driver_core	CNV-RNA Spearman rho	0.805076020322222	8.20392888044361e-23	8.67018550514883e-20	positive	support	TCGA_evaluable_Cao_not_profiled_current_strong_only_not_negative	FALSE	FALSE	T2	25	FALSE
EVIDENCE_000679	GENE:NAPEPLD	NAPEPLD	driver_candidate	TCGA_driver_composite	genome+transcriptome	TCGA-ESCC GDC DR45	unique patient	TCGA_ESCC_DR45_driver_core	CNV-RNA Spearman rho	0.632984645376419	5.88883289513443e-12	1.25939593214325e-10	positive	support	TCGA_evaluable_Cao_not_profiled_current_strong_only_not_negative	FALSE	FALSE	T2	25	FALSE
EVIDENCE_000680	GENE:NARS2	NARS2	driver_candidate	TCGA_driver_composite	genome+transcriptome	TCGA-ESCC GDC DR45	unique patient	TCGA_ESCC_DR45_driver_core	CNV-RNA Spearman rho	0.640517470208531	2.7496831656116e-12	6.66092467020338e-11	positive	support	TCGA_evaluable_Cao_not_profiled_current_strong_only_not_negative	FALSE	FALSE	T2	25	FALSE
EVIDENCE_000681	GENE:NAT16	NAT16	driver_candidate	TCGA_driver_composite	genome+transcriptome	TCGA-ESCC GDC DR45	unique patient	TCGA_ESCC_DR45_driver_core	CNV-RNA Spearman rho	0.307228507892025	0.00245808762578607	0.00527737722536296	positive	support	TCGA_evaluable_Cao_not_profiled_current_strong_only_not_negative	FALSE	FALSE	T2	25	FALSE
EVIDENCE_000682	GENE:NAV3	NAV3	driver_candidate	TCGA_driver_composite	genome+transcriptome	TCGA-ESCC GDC DR45	unique patient	TCGA_ESCC_DR45_driver_core	mutated patient count	5			event_recurrence	not_comparable	TCGA_evaluable_Cao_not_profiled_current_strong_only_not_negative	FALSE	FALSE	T2	25	FALSE
EVIDENCE_000683	GENE:NBN	NBN	driver_candidate	TCGA_driver_composite	genome+transcriptome	TCGA-ESCC GDC DR45	unique patient	TCGA_ESCC_DR45_driver_core	CNV-RNA Spearman rho	0.487323777810798	5.4909917536874e-07	2.88709607878373e-06	positive	support	TCGA_evaluable_Cao_not_profiled_current_strong_only_not_negative	FALSE	FALSE	T2	25	FALSE
EVIDENCE_000684	GENE:NCBP2	NCBP2	driver_candidate	TCGA_driver_composite	genome+transcriptome	TCGA-ESCC GDC DR45	unique patient	TCGA_ESCC_DR45_driver_core	CNV-RNA Spearman rho	0.66923540717099	1.23079830906486e-13	4.51126709698284e-12	positive	support	TCGA_evaluable_Cao_not_profiled_current_strong_only_not_negative	FALSE	FALSE	T2	25	FALSE
EVIDENCE_000685	GENE:NCBP2AS2	NCBP2AS2	driver_candidate	TCGA_driver_composite	genome+transcriptome	TCGA-ESCC GDC DR45	unique patient	TCGA_ESCC_DR45_driver_core	CNV-RNA Spearman rho	0.672157801779096	8.80003216036859e-14	3.40697026207596e-12	positive	support	TCGA_evaluable_Cao_not_profiled_current_strong_only_not_negative	FALSE	FALSE	T2	25	FALSE
EVIDENCE_000686	GENE:NCEH1	NCEH1	driver_candidate	TCGA_driver_composite	genome+transcriptome	TCGA-ESCC GDC DR45	unique patient	TCGA_ESCC_DR45_driver_core	CNV-RNA Spearman rho	0.549367239658173	8.15820859740503e-09	7.09618665516397e-08	positive	support	TCGA_evaluable_Cao_not_profiled_current_strong_only_not_negative	FALSE	FALSE	T2	25	FALSE
EVIDENCE_000687	GENE:NCK1	NCK1	driver_candidate	TCGA_driver_composite	genome+transcriptome	TCGA-ESCC GDC DR45	unique patient	TCGA_ESCC_DR45_driver_core	CNV-RNA Spearman rho	0.552450889472862	6.46848181495048e-09	5.79331118483065e-08	positive	support	TCGA_evaluable_Cao_not_profiled_current_strong_only_not_negative	FALSE	FALSE	T2	25	FALSE
EVIDENCE_000688	GENE:NCOA2	NCOA2	driver_candidate	TCGA_driver_composite	genome+transcriptome	TCGA-ESCC GDC DR45	unique patient	TCGA_ESCC_DR45_driver_core	CNV-RNA Spearman rho	0.456176068319629	3.38612322169393e-06	1.43765700359968e-05	positive	support	TCGA_evaluable_Cao_not_profiled_current_strong_only_not_negative	FALSE	FALSE	T2	25	FALSE
EVIDENCE_000689	GENE:NDRG1	NDRG1	driver_candidate	TCGA_driver_composite	genome+transcriptome	TCGA-ESCC GDC DR45	unique patient	TCGA_ESCC_DR45_driver_core	CNV-RNA Spearman rho	0.448580474994531	5.13873668440282e-06	2.08943439024035e-05	positive	support	TCGA_evaluable_Cao_not_profiled_current_strong_only_not_negative	FALSE	FALSE	T2	25	FALSE
EVIDENCE_000690	GENE:NDUFAF6	NDUFAF6	driver_candidate	TCGA_driver_composite	genome+transcriptome	TCGA-ESCC GDC DR45	unique patient	TCGA_ESCC_DR45_driver_core	CNV-RNA Spearman rho	0.582447142544699	5.95208299171392e-10	7.2302985154134e-09	positive	support	TCGA_evaluable_Cao_not_profiled_current_strong_only_not_negative	FALSE	FALSE	T2	25	FALSE
EVIDENCE_000691	GENE:NDUFB11	NDUFB11	driver_candidate	TCGA_driver_composite	genome+transcriptome	TCGA-ESCC GDC DR45	unique patient	TCGA_ESCC_DR45_driver_core	CNV-RNA Spearman rho	0.324015898144841	0.00135915024955682	0.00309179254975418	positive	support	TCGA_evaluable_Cao_not_profiled_current_strong_only_not_negative	FALSE	FALSE	T2	25	FALSE
EVIDENCE_000692	GENE:NDUFB4	NDUFB4	driver_candidate	TCGA_driver_composite	genome+transcriptome	TCGA-ESCC GDC DR45	unique patient	TCGA_ESCC_DR45_driver_core	CNV-RNA Spearman rho	0.441701627618914	7.43378047825586e-06	2.88039120150445e-05	positive	support	TCGA_evaluable_Cao_not_profiled_current_strong_only_not_negative	FALSE	FALSE	T2	25	FALSE
EVIDENCE_000693	GENE:NDUFB5	NDUFB5	driver_candidate	TCGA_driver_composite	genome+transcriptome	TCGA-ESCC GDC DR45	unique patient	TCGA_ESCC_DR45_driver_core	CNV-RNA Spearman rho	0.647497629805382	1.33216979962134e-12	3.49061516504088e-11	positive	support	TCGA_evaluable_Cao_not_profiled_current_strong_only_not_negative	FALSE	FALSE	T2	25	FALSE
EVIDENCE_000694	GENE:NDUFB9	NDUFB9	driver_candidate	TCGA_driver_composite	genome+transcriptome	TCGA-ESCC GDC DR45	unique patient	TCGA_ESCC_DR45_driver_core	CNV-RNA Spearman rho	0.524991711132605	4.71658476000983e-08	3.3083920313299e-07	positive	support	TCGA_evaluable_Cao_not_profiled_current_strong_only_not_negative	FALSE	FALSE	T2	25	FALSE
EVIDENCE_000695	GENE:NDUFS6	NDUFS6	driver_candidate	TCGA_driver_composite	genome+transcriptome	TCGA-ESCC GDC DR45	unique patient	TCGA_ESCC_DR45_driver_core	CNV-RNA Spearman rho	0.573220490740197	1.27202616528833e-09	1.39067550242988e-08	positive	support	TCGA_evaluable_Cao_not_profiled_current_strong_only_not_negative	FALSE	FALSE	T2	25	FALSE
EVIDENCE_000696	GENE:NDUFS8	NDUFS8	driver_candidate	TCGA_driver_composite	genome+transcriptome	TCGA-ESCC GDC DR45	unique patient	TCGA_ESCC_DR45_driver_core	CNV-RNA Spearman rho	0.594947482948904	2.0466909264866e-10	2.81519895116085e-09	positive	support	TCGA_evaluable_Cao_not_profiled_current_strong_only_not_negative	FALSE	FALSE	T2	25	FALSE
EVIDENCE_000697	GENE:NDUFV1	NDUFV1	driver_candidate	TCGA_driver_composite	genome+transcriptome	TCGA-ESCC GDC DR45	unique patient	TCGA_ESCC_DR45_driver_core	CNV-RNA Spearman rho	0.579295975396041	7.73515058006929e-10	9.13381561046915e-09	positive	support	TCGA_evaluable_Cao_not_profiled_current_strong_only_not_negative	FALSE	FALSE	T2	25	FALSE
EVIDENCE_000698	GENE:NECTIN3	NECTIN3	driver_candidate	TCGA_driver_composite	genome+transcriptome	TCGA-ESCC GDC DR45	unique patient	TCGA_ESCC_DR45_driver_core	CNV-RNA Spearman rho	0.313923493627923	0.00194861661828044	0.00429251459598021	positive	support	TCGA_evaluable_Cao_not_profiled_current_strong_only_not_negative	FALSE	FALSE	T2	25	FALSE
EVIDENCE_000699	GENE:NEK11	NEK11	driver_candidate	TCGA_driver_composite	genome+transcriptome	TCGA-ESCC GDC DR45	unique patient	TCGA_ESCC_DR45_driver_core	CNV-RNA Spearman rho	0.40205365870459	5.375722697933e-05	0.000168875192606357	positive	support	TCGA_evaluable_Cao_not_profiled_current_strong_only_not_negative	FALSE	FALSE	T2	25	FALSE
EVIDENCE_000700	GENE:NEK2	NEK2	driver_candidate	TCGA_driver_composite	genome+transcriptome	TCGA-ESCC GDC DR45	unique patient	TCGA_ESCC_DR45_driver_core	CNV-RNA Spearman rho	0.346812530114303	0.000575138935036347	0.00141960139628862	positive	support	TCGA_evaluable_Cao_not_profiled_current_strong_only_not_negative	FALSE	FALSE	T2	25	FALSE
EVIDENCE_000701	GENE:NENF	NENF	driver_candidate	TCGA_driver_composite	genome+transcriptome	TCGA-ESCC GDC DR45	unique patient	TCGA_ESCC_DR45_driver_core	CNV-RNA Spearman rho	0.343630808502464	0.000651048442851316	0.00158994730449459	positive	support	TCGA_evaluable_Cao_not_profiled_current_strong_only_not_negative	FALSE	FALSE	T2	25	FALSE
EVIDENCE_000702	GENE:NEPRO	NEPRO	driver_candidate	TCGA_driver_composite	genome+transcriptome	TCGA-ESCC GDC DR45	unique patient	TCGA_ESCC_DR45_driver_core	CNV-RNA Spearman rho	0.724689775681651	1.02597657938039e-16	1.21602196071983e-14	positive	support	TCGA_evaluable_Cao_not_profiled_current_strong_only_not_negative	FALSE	FALSE	T2	25	FALSE
EVIDENCE_000703	GENE:NEU3	NEU3	driver_candidate	TCGA_driver_composite	genome+transcriptome	TCGA-ESCC GDC DR45	unique patient	TCGA_ESCC_DR45_driver_core	CNV-RNA Spearman rho	0.547638983326602	9.2819749259807e-09	7.94291538537701e-08	positive	support	TCGA_evaluable_Cao_not_profiled_current_strong_only_not_negative	FALSE	FALSE	T2	25	FALSE
EVIDENCE_000704	GENE:NFKBIZ	NFKBIZ	driver_candidate	TCGA_driver_composite	genome+transcriptome	TCGA-ESCC GDC DR45	unique patient	TCGA_ESCC_DR45_driver_core	CNV-RNA Spearman rho	0.399522327375523	6.04935414402889e-05	0.000187895932536308	positive	support	TCGA_evaluable_Cao_not_profiled_current_strong_only_not_negative	FALSE	FALSE	T2	25	FALSE
EVIDENCE_000705	GENE:NIM1K	NIM1K	driver_candidate	TCGA_driver_composite	genome+transcriptome	TCGA-ESCC GDC DR45	unique patient	TCGA_ESCC_DR45_driver_core	CNV-RNA Spearman rho	0.396947542146695	6.81456959454724e-05	0.000208850583852219	positive	support	TCGA_evaluable_Cao_not_profiled_current_strong_only_not_negative	FALSE	FALSE	T2	25	FALSE
EVIDENCE_000706	GENE:NIPBL	NIPBL	driver_candidate	TCGA_driver_composite	genome+transcriptome	TCGA-ESCC GDC DR45	unique patient	TCGA_ESCC_DR45_driver_core	CNV-RNA Spearman rho	0.638859623386004	3.25727780691265e-12	7.64977724949375e-11	positive	support	TCGA_evaluable_Cao_not_profiled_current_strong_only_not_negative	FALSE	FALSE	T2	25	FALSE
EVIDENCE_000707	GENE:NIPSNAP2	NIPSNAP2	driver_candidate	TCGA_driver_composite	genome+transcriptome	TCGA-ESCC GDC DR45	unique patient	TCGA_ESCC_DR45_driver_core	CNV-RNA Spearman rho	0.520377755035702	6.47470457877375e-08	4.35839721167774e-07	positive	support	TCGA_evaluable_Cao_not_profiled_current_strong_only_not_negative	FALSE	FALSE	T2	25	FALSE
EVIDENCE_000708	GENE:NIT2	NIT2	driver_candidate	TCGA_driver_composite	genome+transcriptome	TCGA-ESCC GDC DR45	unique patient	TCGA_ESCC_DR45_driver_core	CNV-RNA Spearman rho	0.620085461157621	2.06990015220015e-11	3.66115393726671e-10	positive	support	TCGA_evaluable_Cao_not_profiled_current_strong_only_not_negative	FALSE	FALSE	T2	25	FALSE
EVIDENCE_000709	GENE:NLGN4Y	NLGN4Y	driver_candidate	TCGA_driver_composite	genome+transcriptome	TCGA-ESCC GDC DR45	unique patient	TCGA_ESCC_DR45_driver_core	CNV-RNA Spearman rho	0.62960619218828	8.231168178768e-12	1.68096094755452e-10	positive	support	TCGA_evaluable_Cao_not_profiled_current_strong_only_not_negative	FALSE	FALSE	T2	25	FALSE
EVIDENCE_000710	GENE:NMD3	NMD3	driver_candidate	TCGA_driver_composite	genome+transcriptome	TCGA-ESCC GDC DR45	unique patient	TCGA_ESCC_DR45_driver_core	CNV-RNA Spearman rho	0.560274066142411	3.55184937311645e-09	3.40215662763314e-08	positive	support	TCGA_evaluable_Cao_not_profiled_current_strong_only_not_negative	FALSE	FALSE	T2	25	FALSE
EVIDENCE_000711	GENE:NME9	NME9	driver_candidate	TCGA_driver_composite	genome+transcriptome	TCGA-ESCC GDC DR45	unique patient	TCGA_ESCC_DR45_driver_core	CNV-RNA Spearman rho	0.469222706430343	1.61518179761281e-06	7.55578589351738e-06	positive	support	TCGA_evaluable_Cao_not_profiled_current_strong_only_not_negative	FALSE	FALSE	T2	25	FALSE
EVIDENCE_000712	GENE:NMNAT3	NMNAT3	driver_candidate	TCGA_driver_composite	genome+transcriptome	TCGA-ESCC GDC DR45	unique patient	TCGA_ESCC_DR45_driver_core	CNV-RNA Spearman rho	0.502186935316441	2.15905066931329e-07	1.26238269194242e-06	positive	support	TCGA_evaluable_Cao_not_profiled_current_strong_only_not_negative	FALSE	FALSE	T2	25	FALSE
EVIDENCE_000713	GENE:NNT	NNT	driver_candidate	TCGA_driver_composite	genome+transcriptome	TCGA-ESCC GDC DR45	unique patient	TCGA_ESCC_DR45_driver_core	CNV-RNA Spearman rho	0.428112636465538	1.50635339011563e-05	5.3980146067947e-05	positive	support	TCGA_evaluable_Cao_not_profiled_current_strong_only_not_negative	FALSE	FALSE	T2	25	FALSE
EVIDENCE_000012	GENE:NOTCH3	NOTCH3	driver_candidate	TCGA_driver_composite	genome+transcriptome	TCGA-ESCC GDC DR45	unique patient	TCGA_ESCC_DR45_driver_core	mutated patient count	10			event_recurrence	not_comparable	TCGA_evaluable_Cao_profiled	FALSE	FALSE	T2	44	FALSE
EVIDENCE_000714	GENE:NPHP3	NPHP3	driver_candidate	TCGA_driver_composite	genome+transcriptome	TCGA-ESCC GDC DR45	unique patient	TCGA_ESCC_DR45_driver_core	CNV-RNA Spearman rho	0.40465395146894	4.75702665959477e-05	0.000151603348642549	positive	support	TCGA_evaluable_Cao_not_profiled_current_strong_only_not_negative	FALSE	FALSE	T2	25	FALSE
EVIDENCE_000715	GENE:NRBP2	NRBP2	driver_candidate	TCGA_driver_composite	genome+transcriptome	TCGA-ESCC GDC DR45	unique patient	TCGA_ESCC_DR45_driver_core	CNV-RNA Spearman rho	0.306331873509707	0.0025347330278014	0.00542723016352816	positive	support	TCGA_evaluable_Cao_not_profiled_current_strong_only_not_negative	FALSE	FALSE	T2	25	FALSE
EVIDENCE_000716	GENE:NSD1	NSD1	driver_candidate	TCGA_driver_composite	genome+transcriptome	TCGA-ESCC GDC DR45	unique patient	TCGA_ESCC_DR45_driver_core	CNV-RNA Spearman rho	0.426234310887026	1.65689752563821e-05	5.88923049891923e-05	positive	support	TCGA_evaluable_Cao_not_profiled_current_strong_only_not_negative	FALSE	FALSE	T2	25	FALSE
EVIDENCE_000717	GENE:NSD3	NSD3	driver_candidate	TCGA_driver_composite	genome+transcriptome	TCGA-ESCC GDC DR45	unique patient	TCGA_ESCC_DR45_driver_core	CNV-RNA Spearman rho	0.755326375549148	9.26751506941087e-19	2.73327037465741e-16	positive	support	TCGA_evaluable_Cao_not_profiled_current_strong_only_not_negative	FALSE	FALSE	T2	25	FALSE
EVIDENCE_000718	GENE:NSL1	NSL1	driver_candidate	TCGA_driver_composite	genome+transcriptome	TCGA-ESCC GDC DR45	unique patient	TCGA_ESCC_DR45_driver_core	CNV-RNA Spearman rho	0.477376353544765	1.00108987198146e-06	4.94000846555211e-06	positive	support	TCGA_evaluable_Cao_not_profiled_current_strong_only_not_negative	FALSE	FALSE	T2	25	FALSE
EVIDENCE_000719	GENE:NSMAF	NSMAF	driver_candidate	TCGA_driver_composite	genome+transcriptome	TCGA-ESCC GDC DR45	unique patient	TCGA_ESCC_DR45_driver_core	CNV-RNA Spearman rho	0.444913932534439	6.26268661107456e-06	2.48508734673491e-05	positive	support	TCGA_evaluable_Cao_not_profiled_current_strong_only_not_negative	FALSE	FALSE	T2	25	FALSE
EVIDENCE_000720	GENE:NSMCE2	NSMCE2	driver_candidate	TCGA_driver_composite	genome+transcriptome	TCGA-ESCC GDC DR45	unique patient	TCGA_ESCC_DR45_driver_core	CNV-RNA Spearman rho	0.632680700810732	6.06995985976709e-12	1.29159783459004e-10	positive	support	TCGA_evaluable_Cao_not_profiled_current_strong_only_not_negative	FALSE	FALSE	T2	25	FALSE
EVIDENCE_000721	GENE:NSUN2	NSUN2	driver_candidate	TCGA_driver_composite	genome+transcriptome	TCGA-ESCC GDC DR45	unique patient	TCGA_ESCC_DR45_driver_core	CNV-RNA Spearman rho	0.684496255178939	2.04496109743401e-14	1.025067060777e-12	positive	support	TCGA_evaluable_Cao_not_profiled_current_strong_only_not_negative	FALSE	FALSE	T2	25	FALSE
EVIDENCE_000722	GENE:NSUN3	NSUN3	driver_candidate	TCGA_driver_composite	genome+transcriptome	TCGA-ESCC GDC DR45	unique patient	TCGA_ESCC_DR45_driver_core	CNV-RNA Spearman rho	0.739738336574953	1.10363339352676e-17	1.94392759676478e-15	positive	support	TCGA_evaluable_Cao_not_profiled_current_strong_only_not_negative	FALSE	FALSE	T2	25	FALSE
EVIDENCE_000723	GENE:NTAQ1	NTAQ1	driver_candidate	TCGA_driver_composite	genome+transcriptome	TCGA-ESCC GDC DR45	unique patient	TCGA_ESCC_DR45_driver_core	CNV-RNA Spearman rho	0.615788721185038	3.10670010007263e-11	5.26007568256803e-10	positive	support	TCGA_evaluable_Cao_not_profiled_current_strong_only_not_negative	FALSE	FALSE	T2	25	FALSE
EVIDENCE_000724	GENE:NTPCR	NTPCR	driver_candidate	TCGA_driver_composite	genome+transcriptome	TCGA-ESCC GDC DR45	unique patient	TCGA_ESCC_DR45_driver_core	CNV-RNA Spearman rho	0.463412376295937	2.25439770338695e-06	1.00473026060138e-05	positive	support	TCGA_evaluable_Cao_not_profiled_current_strong_only_not_negative	FALSE	FALSE	T2	25	FALSE
EVIDENCE_000725	GENE:NUDCD1	NUDCD1	driver_candidate	TCGA_driver_composite	genome+transcriptome	TCGA-ESCC GDC DR45	unique patient	TCGA_ESCC_DR45_driver_core	CNV-RNA Spearman rho	0.647726634062805	1.30045792938365e-12	3.41457711396345e-11	positive	support	TCGA_evaluable_Cao_not_profiled_current_strong_only_not_negative	FALSE	FALSE	T2	25	FALSE
EVIDENCE_000726	GENE:NUDT16	NUDT16	driver_candidate	TCGA_driver_composite	genome+transcriptome	TCGA-ESCC GDC DR45	unique patient	TCGA_ESCC_DR45_driver_core	CNV-RNA Spearman rho	0.642359129992756	2.27524544984738e-12	5.64670504793825e-11	positive	support	TCGA_evaluable_Cao_not_profiled_current_strong_only_not_negative	FALSE	FALSE	T2	25	FALSE
EVIDENCE_000727	GENE:NUMA1	NUMA1	driver_candidate	TCGA_driver_composite	genome+transcriptome	TCGA-ESCC GDC DR45	unique patient	TCGA_ESCC_DR45_driver_core	CNV-RNA Spearman rho	0.780305971057583	1.15858126261434e-20	7.34656378623753e-18	positive	support	TCGA_evaluable_Cao_not_profiled_current_strong_only_not_negative	FALSE	FALSE	T2	25	FALSE
EVIDENCE_000728	GENE:NUP133	NUP133	driver_candidate	TCGA_driver_composite	genome+transcriptome	TCGA-ESCC GDC DR45	unique patient	TCGA_ESCC_DR45_driver_core	CNV-RNA Spearman rho	0.428331232960021	1.48969188442986e-05	5.34586091633827e-05	positive	support	TCGA_evaluable_Cao_not_profiled_current_strong_only_not_negative	FALSE	FALSE	T2	25	FALSE
EVIDENCE_000729	GENE:NUP155	NUP155	driver_candidate	TCGA_driver_composite	genome+transcriptome	TCGA-ESCC GDC DR45	unique patient	TCGA_ESCC_DR45_driver_core	CNV-RNA Spearman rho	0.499278318057027	2.60082135568433e-07	1.48507953321876e-06	positive	support	TCGA_evaluable_Cao_not_profiled_current_strong_only_not_negative	FALSE	FALSE	T2	25	FALSE
EVIDENCE_000730	GENE:NVL	NVL	driver_candidate	TCGA_driver_composite	genome+transcriptome	TCGA-ESCC GDC DR45	unique patient	TCGA_ESCC_DR45_driver_core	CNV-RNA Spearman rho	0.421641126529527	2.08654359645945e-05	7.23388351293022e-05	positive	support	TCGA_evaluable_Cao_not_profiled_current_strong_only_not_negative	FALSE	FALSE	T2	25	FALSE
EVIDENCE_000731	GENE:NXPE3	NXPE3	driver_candidate	TCGA_driver_composite	genome+transcriptome	TCGA-ESCC GDC DR45	unique patient	TCGA_ESCC_DR45_driver_core	CNV-RNA Spearman rho	0.38836614255341	0.00010064785836729	0.000297532899723538	positive	support	TCGA_evaluable_Cao_not_profiled_current_strong_only_not_negative	FALSE	FALSE	T2	25	FALSE
EVIDENCE_000732	GENE:OBSCN	OBSCN	driver_candidate	TCGA_driver_composite	genome+transcriptome	TCGA-ESCC GDC DR45	unique patient	TCGA_ESCC_DR45_driver_core	CNV-RNA Spearman rho	0.225648767501254	0.0279009098267371	0.0471471470250074	positive	same_direction_nonsignificant	TCGA_evaluable_Cao_not_profiled_current_strong_only_not_negative	FALSE	FALSE	T2	25	FALSE
EVIDENCE_000733	GENE:OFD1	OFD1	driver_candidate	TCGA_driver_composite	genome+transcriptome	TCGA-ESCC GDC DR45	unique patient	TCGA_ESCC_DR45_driver_core	CNV-RNA Spearman rho	0.49392264217709	3.64780535599161e-07	2.00266093180457e-06	positive	support	TCGA_evaluable_Cao_not_profiled_current_strong_only_not_negative	FALSE	FALSE	T2	25	FALSE
EVIDENCE_000734	GENE:OPA1	OPA1	driver_candidate	TCGA_driver_composite	genome+transcriptome	TCGA-ESCC GDC DR45	unique patient	TCGA_ESCC_DR45_driver_core	CNV-RNA Spearman rho	0.745458900055227	4.54010036530861e-18	9.55562710704987e-16	positive	support	TCGA_evaluable_Cao_not_profiled_current_strong_only_not_negative	FALSE	FALSE	T2	25	FALSE
EVIDENCE_000735	GENE:ORAI2	ORAI2	driver_candidate	TCGA_driver_composite	genome+transcriptome	TCGA-ESCC GDC DR45	unique patient	TCGA_ESCC_DR45_driver_core	CNV-RNA Spearman rho	0.463670051890483	2.2215941668691e-06	9.92407845247475e-06	positive	support	TCGA_evaluable_Cao_not_profiled_current_strong_only_not_negative	FALSE	FALSE	T2	25	FALSE
EVIDENCE_000736	GENE:ORC5	ORC5	driver_candidate	TCGA_driver_composite	genome+transcriptome	TCGA-ESCC GDC DR45	unique patient	TCGA_ESCC_DR45_driver_core	CNV-RNA Spearman rho	0.682903387110454	2.47883689341656e-14	1.20446779625704e-12	positive	support	TCGA_evaluable_Cao_not_profiled_current_strong_only_not_negative	FALSE	FALSE	T2	25	FALSE
EVIDENCE_000737	GENE:OSBPL11	OSBPL11	driver_candidate	TCGA_driver_composite	genome+transcriptome	TCGA-ESCC GDC DR45	unique patient	TCGA_ESCC_DR45_driver_core	CNV-RNA Spearman rho	0.630415155827351	7.59974612129522e-12	1.57133690723479e-10	positive	support	TCGA_evaluable_Cao_not_profiled_current_strong_only_not_negative	FALSE	FALSE	T2	25	FALSE
EVIDENCE_000738	GENE:OSGIN2	OSGIN2	driver_candidate	TCGA_driver_composite	genome+transcriptome	TCGA-ESCC GDC DR45	unique patient	TCGA_ESCC_DR45_driver_core	CNV-RNA Spearman rho	0.42576502314048	1.696653095049e-05	6.00864410818525e-05	positive	support	TCGA_evaluable_Cao_not_profiled_current_strong_only_not_negative	FALSE	FALSE	T2	25	FALSE
EVIDENCE_000739	GENE:OSMR	OSMR	driver_candidate	TCGA_driver_composite	genome+transcriptome	TCGA-ESCC GDC DR45	unique patient	TCGA_ESCC_DR45_driver_core	CNV-RNA Spearman rho	0.505590417377127	1.73261775380114e-07	1.04385075314518e-06	positive	support	TCGA_evaluable_Cao_not_profiled_current_strong_only_not_negative	FALSE	FALSE	T2	25	FALSE
EVIDENCE_000740	GENE:OTUD5	OTUD5	driver_candidate	TCGA_driver_composite	genome+transcriptome	TCGA-ESCC GDC DR45	unique patient	TCGA_ESCC_DR45_driver_core	CNV-RNA Spearman rho	0.396350503537309	7.00443010709009e-05	0.000214100223229975	positive	support	TCGA_evaluable_Cao_not_profiled_current_strong_only_not_negative	FALSE	FALSE	T2	25	FALSE
EVIDENCE_000741	GENE:OTUD6B	OTUD6B	driver_candidate	TCGA_driver_composite	genome+transcriptome	TCGA-ESCC GDC DR45	unique patient	TCGA_ESCC_DR45_driver_core	CNV-RNA Spearman rho	0.608756482187444	5.95975117970371e-11	9.35346071883763e-10	positive	support	TCGA_evaluable_Cao_not_profiled_current_strong_only_not_negative	FALSE	FALSE	T2	25	FALSE
EVIDENCE_000742	GENE:OTULIN	OTULIN	driver_candidate	TCGA_driver_composite	genome+transcriptome	TCGA-ESCC GDC DR45	unique patient	TCGA_ESCC_DR45_driver_core	CNV-RNA Spearman rho	0.670674538557087	1.043857691241e-13	3.89358918832892e-12	positive	support	TCGA_evaluable_Cao_not_profiled_current_strong_only_not_negative	FALSE	FALSE	T2	25	FALSE
EVIDENCE_000743	GENE:OXCT1	OXCT1	driver_candidate	TCGA_driver_composite	genome+transcriptome	TCGA-ESCC GDC DR45	unique patient	TCGA_ESCC_DR45_driver_core	CNV-RNA Spearman rho	0.466053983558931	1.9387596936163e-06	8.84119037556346e-06	positive	support	TCGA_evaluable_Cao_not_profiled_current_strong_only_not_negative	FALSE	FALSE	T2	25	FALSE
EVIDENCE_000744	GENE:OXR1	OXR1	driver_candidate	TCGA_driver_composite	genome+transcriptome	TCGA-ESCC GDC DR45	unique patient	TCGA_ESCC_DR45_driver_core	CNV-RNA Spearman rho	0.477557534529586	9.90365702395237e-07	4.8908947966419e-06	positive	support	TCGA_evaluable_Cao_not_profiled_current_strong_only_not_negative	FALSE	FALSE	T2	25	FALSE
EVIDENCE_000745	GENE:P2RY1	P2RY1	driver_candidate	TCGA_driver_composite	genome+transcriptome	TCGA-ESCC GDC DR45	unique patient	TCGA_ESCC_DR45_driver_core	CNV-RNA Spearman rho	0.359380662267206	0.000347943093685195	0.000902929059569397	positive	support	TCGA_evaluable_Cao_not_profiled_current_strong_only_not_negative	FALSE	FALSE	T2	25	FALSE
EVIDENCE_000746	GENE:P2RY2	P2RY2	driver_candidate	TCGA_driver_composite	genome+transcriptome	TCGA-ESCC GDC DR45	unique patient	TCGA_ESCC_DR45_driver_core	CNV-RNA Spearman rho	0.324144429672295	0.00135282095953853	0.00307849908646468	positive	support	TCGA_evaluable_Cao_not_profiled_current_strong_only_not_negative	FALSE	FALSE	T2	25	FALSE
EVIDENCE_000747	GENE:P2RY4	P2RY4	driver_candidate	TCGA_driver_composite	genome+transcriptome	TCGA-ESCC GDC DR45	unique patient	TCGA_ESCC_DR45_driver_core	CNV-RNA Spearman rho	0.338984646334226	0.000778439956185121	0.00186302614160025	positive	support	TCGA_evaluable_Cao_not_profiled_current_strong_only_not_negative	FALSE	FALSE	T2	25	FALSE
EVIDENCE_000748	GENE:P2RY6	P2RY6	driver_candidate	TCGA_driver_composite	genome+transcriptome	TCGA-ESCC GDC DR45	unique patient	TCGA_ESCC_DR45_driver_core	CNV-RNA Spearman rho	0.416243831022459	2.72422230706055e-05	9.14951994124519e-05	positive	support	TCGA_evaluable_Cao_not_profiled_current_strong_only_not_negative	FALSE	FALSE	T2	25	FALSE
EVIDENCE_000749	GENE:PAAF1	PAAF1	driver_candidate	TCGA_driver_composite	genome+transcriptome	TCGA-ESCC GDC DR45	unique patient	TCGA_ESCC_DR45_driver_core	CNV-RNA Spearman rho	0.629412386641848	8.3897818585782e-12	1.70785254463064e-10	positive	support	TCGA_evaluable_Cao_not_profiled_current_strong_only_not_negative	FALSE	FALSE	T2	25	FALSE
EVIDENCE_000750	GENE:PABPC1	PABPC1	driver_candidate	TCGA_driver_composite	genome+transcriptome	TCGA-ESCC GDC DR45	unique patient	TCGA_ESCC_DR45_driver_core	CNV-RNA Spearman rho	0.561981074225384	3.10990399631709e-09	3.02452473016053e-08	positive	support	TCGA_evaluable_Cao_not_profiled_current_strong_only_not_negative	FALSE	FALSE	T2	25	FALSE
EVIDENCE_000751	GENE:PACC1	PACC1	driver_candidate	TCGA_driver_composite	genome+transcriptome	TCGA-ESCC GDC DR45	unique patient	TCGA_ESCC_DR45_driver_core	CNV-RNA Spearman rho	0.362383744135682	0.000307619661702763	0.000806539704303172	positive	support	TCGA_evaluable_Cao_not_profiled_current_strong_only_not_negative	FALSE	FALSE	T2	25	FALSE
EVIDENCE_000752	GENE:PAIP1	PAIP1	driver_candidate	TCGA_driver_composite	genome+transcriptome	TCGA-ESCC GDC DR45	unique patient	TCGA_ESCC_DR45_driver_core	CNV-RNA Spearman rho	0.737239798300064	1.61496296310234e-17	2.68326528862716e-15	positive	support	TCGA_evaluable_Cao_not_profiled_current_strong_only_not_negative	FALSE	FALSE	T2	25	FALSE
EVIDENCE_000753	GENE:PAK1	PAK1	driver_candidate	TCGA_driver_composite	genome+transcriptome	TCGA-ESCC GDC DR45	unique patient	TCGA_ESCC_DR45_driver_core	CNV-RNA Spearman rho	0.559239098354504	3.8484376320101e-09	3.66410555924565e-08	positive	support	TCGA_evaluable_Cao_not_profiled_current_strong_only_not_negative	FALSE	FALSE	T2	25	FALSE
EVIDENCE_000754	GENE:PAK2	PAK2	driver_candidate	TCGA_driver_composite	genome+transcriptome	TCGA-ESCC GDC DR45	unique patient	TCGA_ESCC_DR45_driver_core	CNV-RNA Spearman rho	0.63372764086164	5.46772776168731e-12	1.18330586132625e-10	positive	support	TCGA_evaluable_Cao_not_profiled_current_strong_only_not_negative	FALSE	FALSE	T2	25	FALSE
EVIDENCE_000755	GENE:PAPPA2	PAPPA2	driver_candidate	TCGA_driver_composite	genome+transcriptome	TCGA-ESCC GDC DR45	unique patient	TCGA_ESCC_DR45_driver_core	CNV-RNA Spearman rho	0.096961485372245	0.349913238535877	0.426364305448884	positive	same_direction_nonsignificant	TCGA_evaluable_Cao_not_profiled_current_strong_only_not_negative	FALSE	FALSE	T2	25	FALSE
EVIDENCE_000756	GENE:PARL	PARL	driver_candidate	TCGA_driver_composite	genome+transcriptome	TCGA-ESCC GDC DR45	unique patient	TCGA_ESCC_DR45_driver_core	CNV-RNA Spearman rho	0.505934135175056	1.69431555913987e-07	1.02500596719496e-06	positive	support	TCGA_evaluable_Cao_not_profiled_current_strong_only_not_negative	FALSE	FALSE	T2	25	FALSE
EVIDENCE_000757	GENE:PARP1	PARP1	driver_candidate	TCGA_driver_composite	genome+transcriptome	TCGA-ESCC GDC DR45	unique patient	TCGA_ESCC_DR45_driver_core	CNV-RNA Spearman rho	0.363937916056153	0.000288485126223695	0.000762201743910188	positive	support	TCGA_evaluable_Cao_not_profiled_current_strong_only_not_negative	FALSE	FALSE	T2	25	FALSE
EVIDENCE_000758	GENE:PARP10	PARP10	driver_candidate	TCGA_driver_composite	genome+transcriptome	TCGA-ESCC GDC DR45	unique patient	TCGA_ESCC_DR45_driver_core	CNV-RNA Spearman rho	0.379266648508185	0.000150445428853815	0.000426166836882752	positive	support	TCGA_evaluable_Cao_not_profiled_current_strong_only_not_negative	FALSE	FALSE	T2	25	FALSE
EVIDENCE_000759	GENE:PARP14	PARP14	driver_candidate	TCGA_driver_composite	genome+transcriptome	TCGA-ESCC GDC DR45	unique patient	TCGA_ESCC_DR45_driver_core	CNV-RNA Spearman rho	0.30020534619034	0.00311857117965905	0.0065425508189307	positive	support	TCGA_evaluable_Cao_not_profiled_current_strong_only_not_negative	FALSE	FALSE	T2	25	FALSE
EVIDENCE_000760	GENE:PARP9	PARP9	driver_candidate	TCGA_driver_composite	genome+transcriptome	TCGA-ESCC GDC DR45	unique patient	TCGA_ESCC_DR45_driver_core	CNV-RNA Spearman rho	0.380660666798063	0.000141567878289375	0.000402999737927239	positive	support	TCGA_evaluable_Cao_not_profiled_current_strong_only_not_negative	FALSE	FALSE	T2	25	FALSE
EVIDENCE_000761	GENE:PCCB	PCCB	driver_candidate	TCGA_driver_composite	genome+transcriptome	TCGA-ESCC GDC DR45	unique patient	TCGA_ESCC_DR45_driver_core	CNV-RNA Spearman rho	0.530263354722299	3.26509187854927e-08	2.39767777670885e-07	positive	support	TCGA_evaluable_Cao_not_profiled_current_strong_only_not_negative	FALSE	FALSE	T2	25	FALSE
EVIDENCE_000762	GENE:PCDH15	PCDH15	driver_candidate	TCGA_driver_composite	genome+transcriptome	TCGA-ESCC GDC DR45	unique patient	TCGA_ESCC_DR45_driver_core	CNV-RNA Spearman rho	0.159116766176531	0.123517053486729	0.174534069339131	positive	same_direction_nonsignificant	TCGA_evaluable_Cao_not_profiled_current_strong_only_not_negative	FALSE	FALSE	T2	25	FALSE
EVIDENCE_000763	GENE:PCDHA7	PCDHA7	driver_candidate	TCGA_driver_composite	genome+transcriptome	TCGA-ESCC GDC DR45	unique patient	TCGA_ESCC_DR45_driver_core	CNV-RNA Spearman rho	0.0702033359400043	0.49901911705501	0.572316361498369	positive	same_direction_nonsignificant	TCGA_evaluable_Cao_not_profiled_current_strong_only_not_negative	FALSE	FALSE	T2	25	FALSE
EVIDENCE_000764	GENE:PCLO	PCLO	driver_candidate	TCGA_driver_composite	genome+transcriptome	TCGA-ESCC GDC DR45	unique patient	TCGA_ESCC_DR45_driver_core	CNV-RNA Spearman rho	0.136845980008157	0.186040688786205	0.249431019683545	positive	same_direction_nonsignificant	TCGA_evaluable_Cao_not_profiled_current_strong_only_not_negative	FALSE	FALSE	T2	25	FALSE
EVIDENCE_000765	GENE:PCMTD1	PCMTD1	driver_candidate	TCGA_driver_composite	genome+transcriptome	TCGA-ESCC GDC DR45	unique patient	TCGA_ESCC_DR45_driver_core	CNV-RNA Spearman rho	0.484664220084292	6.45939557464785e-07	3.32729710307409e-06	positive	support	TCGA_evaluable_Cao_not_profiled_current_strong_only_not_negative	FALSE	FALSE	T2	25	FALSE
EVIDENCE_000766	GENE:PCNP	PCNP	driver_candidate	TCGA_driver_composite	genome+transcriptome	TCGA-ESCC GDC DR45	unique patient	TCGA_ESCC_DR45_driver_core	CNV-RNA Spearman rho	0.655714747477257	5.53964850001716e-13	1.70518986109752e-11	positive	support	TCGA_evaluable_Cao_not_profiled_current_strong_only_not_negative	FALSE	FALSE	T2	25	FALSE
EVIDENCE_000767	GENE:PCNX2	PCNX2	driver_candidate	TCGA_driver_composite	genome+transcriptome	TCGA-ESCC GDC DR45	unique patient	TCGA_ESCC_DR45_driver_core	CNV-RNA Spearman rho	0.31274070859394	0.00203102311970641	0.00444860711642775	positive	support	TCGA_evaluable_Cao_not_profiled_current_strong_only_not_negative	FALSE	FALSE	T2	25	FALSE
EVIDENCE_000768	GENE:PCOLCE2	PCOLCE2	driver_candidate	TCGA_driver_composite	genome+transcriptome	TCGA-ESCC GDC DR45	unique patient	TCGA_ESCC_DR45_driver_core	CNV-RNA Spearman rho	0.33175724011885	0.00102235503971302	0.00237942863160957	positive	support	TCGA_evaluable_Cao_not_profiled_current_strong_only_not_negative	FALSE	FALSE	T2	25	FALSE
EVIDENCE_000769	GENE:PCYT1A	PCYT1A	driver_candidate	TCGA_driver_composite	genome+transcriptome	TCGA-ESCC GDC DR45	unique patient	TCGA_ESCC_DR45_driver_core	CNV-RNA Spearman rho	0.573512767086716	1.24223598350717e-09	1.36162806766101e-08	positive	support	TCGA_evaluable_Cao_not_profiled_current_strong_only_not_negative	FALSE	FALSE	T2	25	FALSE
EVIDENCE_000770	GENE:PDAP1	PDAP1	driver_candidate	TCGA_driver_composite	genome+transcriptome	TCGA-ESCC GDC DR45	unique patient	TCGA_ESCC_DR45_driver_core	CNV-RNA Spearman rho	0.586916895942908	4.08464649411541e-10	5.17497371012704e-09	positive	support	TCGA_evaluable_Cao_not_profiled_current_strong_only_not_negative	FALSE	FALSE	T2	25	FALSE
EVIDENCE_000771	GENE:PDCD10	PDCD10	driver_candidate	TCGA_driver_composite	genome+transcriptome	TCGA-ESCC GDC DR45	unique patient	TCGA_ESCC_DR45_driver_core	CNV-RNA Spearman rho	0.646942967295604	1.41210037275696e-12	3.6772601493437e-11	positive	support	TCGA_evaluable_Cao_not_profiled_current_strong_only_not_negative	FALSE	FALSE	T2	25	FALSE
EVIDENCE_000772	GENE:PDCD6	PDCD6	driver_candidate	TCGA_driver_composite	genome+transcriptome	TCGA-ESCC GDC DR45	unique patient	TCGA_ESCC_DR45_driver_core	CNV-RNA Spearman rho	0.63894245799249	3.22990180004721e-12	7.59955744493482e-11	positive	support	TCGA_evaluable_Cao_not_profiled_current_strong_only_not_negative	FALSE	FALSE	T2	25	FALSE
EVIDENCE_000773	GENE:PDHA1	PDHA1	driver_candidate	TCGA_driver_composite	genome+transcriptome	TCGA-ESCC GDC DR45	unique patient	TCGA_ESCC_DR45_driver_core	CNV-RNA Spearman rho	0.344881938186966	0.000620167909272044	0.00152038844488461	positive	support	TCGA_evaluable_Cao_not_profiled_current_strong_only_not_negative	FALSE	FALSE	T2	25	FALSE
EVIDENCE_000774	GENE:PDIA5	PDIA5	driver_candidate	TCGA_driver_composite	genome+transcriptome	TCGA-ESCC GDC DR45	unique patient	TCGA_ESCC_DR45_driver_core	CNV-RNA Spearman rho	0.438046516171695	9.01587788975844e-06	3.42949500293691e-05	positive	support	TCGA_evaluable_Cao_not_profiled_current_strong_only_not_negative	FALSE	FALSE	T2	25	FALSE
EVIDENCE_000775	GENE:PDP1	PDP1	driver_candidate	TCGA_driver_composite	genome+transcriptome	TCGA-ESCC GDC DR45	unique patient	TCGA_ESCC_DR45_driver_core	CNV-RNA Spearman rho	0.463792929964471	2.20611034729068e-06	9.8743180051454e-06	positive	support	TCGA_evaluable_Cao_not_profiled_current_strong_only_not_negative	FALSE	FALSE	T2	25	FALSE
EVIDENCE_000776	GENE:PEX1	PEX1	driver_candidate	TCGA_driver_composite	genome+transcriptome	TCGA-ESCC GDC DR45	unique patient	TCGA_ESCC_DR45_driver_core	CNV-RNA Spearman rho	0.657627236877105	4.49878292604297e-13	1.41221695713062e-11	positive	support	TCGA_evaluable_Cao_not_profiled_current_strong_only_not_negative	FALSE	FALSE	T2	25	FALSE
EVIDENCE_000777	GENE:PEX2	PEX2	driver_candidate	TCGA_driver_composite	genome+transcriptome	TCGA-ESCC GDC DR45	unique patient	TCGA_ESCC_DR45_driver_core	CNV-RNA Spearman rho	0.475576167311267	1.11378747581691e-06	5.42436742254609e-06	positive	support	TCGA_evaluable_Cao_not_profiled_current_strong_only_not_negative	FALSE	FALSE	T2	25	FALSE
EVIDENCE_000778	GENE:PFN2	PFN2	driver_candidate	TCGA_driver_composite	genome+transcriptome	TCGA-ESCC GDC DR45	unique patient	TCGA_ESCC_DR45_driver_core	CNV-RNA Spearman rho	0.582077615116875	6.13870425522127e-10	7.43563012079428e-09	positive	support	TCGA_evaluable_Cao_not_profiled_current_strong_only_not_negative	FALSE	FALSE	T2	25	FALSE
EVIDENCE_000779	GENE:PGM2L1	PGM2L1	driver_candidate	TCGA_driver_composite	genome+transcriptome	TCGA-ESCC GDC DR45	unique patient	TCGA_ESCC_DR45_driver_core	CNV-RNA Spearman rho	0.400446646872992	5.79475181036718e-05	0.000180784852297851	positive	support	TCGA_evaluable_Cao_not_profiled_current_strong_only_not_negative	FALSE	FALSE	T2	25	FALSE
EVIDENCE_000780	GENE:PHC3	PHC3	driver_candidate	TCGA_driver_composite	genome+transcriptome	TCGA-ESCC GDC DR45	unique patient	TCGA_ESCC_DR45_driver_core	CNV-RNA Spearman rho	0.652932037856445	7.47900439814102e-13	2.19419292960926e-11	positive	support	TCGA_evaluable_Cao_not_profiled_current_strong_only_not_negative	FALSE	FALSE	T2	25	FALSE
EVIDENCE_000781	GENE:PHF20L1	PHF20L1	driver_candidate	TCGA_driver_composite	genome+transcriptome	TCGA-ESCC GDC DR45	unique patient	TCGA_ESCC_DR45_driver_core	CNV-RNA Spearman rho	0.655218207301411	5.84579255613221e-13	1.77784990879781e-11	positive	support	TCGA_evaluable_Cao_not_profiled_current_strong_only_not_negative	FALSE	FALSE	T2	25	FALSE
EVIDENCE_000782	GENE:PHF8	PHF8	driver_candidate	TCGA_driver_composite	genome+transcriptome	TCGA-ESCC GDC DR45	unique patient	TCGA_ESCC_DR45_driver_core	CNV-RNA Spearman rho	0.312626654342079	0.00203913343107747	0.00446405837613059	positive	support	TCGA_evaluable_Cao_not_profiled_current_strong_only_not_negative	FALSE	FALSE	T2	25	FALSE
EVIDENCE_000783	GENE:PHKA2	PHKA2	driver_candidate	TCGA_driver_composite	genome+transcriptome	TCGA-ESCC GDC DR45	unique patient	TCGA_ESCC_DR45_driver_core	CNV-RNA Spearman rho	0.416063966126718	2.74832489768603e-05	9.21582663999318e-05	positive	support	TCGA_evaluable_Cao_not_profiled_current_strong_only_not_negative	FALSE	FALSE	T2	25	FALSE
EVIDENCE_000784	GENE:PHKG1	PHKG1	driver_candidate	TCGA_driver_composite	genome+transcriptome	TCGA-ESCC GDC DR45	unique patient	TCGA_ESCC_DR45_driver_core	CNV-RNA Spearman rho	0.366849155146713	0.000255563375851493	0.000683478433688029	positive	support	TCGA_evaluable_Cao_not_profiled_current_strong_only_not_negative	FALSE	FALSE	T2	25	FALSE
EVIDENCE_000785	GENE:PHLDB2	PHLDB2	driver_candidate	TCGA_driver_composite	genome+transcriptome	TCGA-ESCC GDC DR45	unique patient	TCGA_ESCC_DR45_driver_core	CNV-RNA Spearman rho	0.465237263639106	2.03158687297916e-06	9.20821469732729e-06	positive	support	TCGA_evaluable_Cao_not_profiled_current_strong_only_not_negative	FALSE	FALSE	T2	25	FALSE
EVIDENCE_000786	GENE:PIGA	PIGA	driver_candidate	TCGA_driver_composite	genome+transcriptome	TCGA-ESCC GDC DR45	unique patient	TCGA_ESCC_DR45_driver_core	CNV-RNA Spearman rho	0.467038290200245	1.83220906083609e-06	8.41887804731827e-06	positive	support	TCGA_evaluable_Cao_not_profiled_current_strong_only_not_negative	FALSE	FALSE	T2	25	FALSE
EVIDENCE_000787	GENE:PIGX	PIGX	driver_candidate	TCGA_driver_composite	genome+transcriptome	TCGA-ESCC GDC DR45	unique patient	TCGA_ESCC_DR45_driver_core	CNV-RNA Spearman rho	0.703593423683945	1.84486187041717e-15	1.29980768003503e-13	positive	support	TCGA_evaluable_Cao_not_profiled_current_strong_only_not_negative	FALSE	FALSE	T2	25	FALSE
EVIDENCE_000788	GENE:PIGZ	PIGZ	driver_candidate	TCGA_driver_composite	genome+transcriptome	TCGA-ESCC GDC DR45	unique patient	TCGA_ESCC_DR45_driver_core	CNV-RNA Spearman rho	0.475688381137753	1.10642536010116e-06	5.39472757278081e-06	positive	support	TCGA_evaluable_Cao_not_profiled_current_strong_only_not_negative	FALSE	FALSE	T2	25	FALSE
EVIDENCE_000789	GENE:PIK3C2G	PIK3C2G	driver_candidate	TCGA_driver_composite	genome+transcriptome	TCGA-ESCC GDC DR45	unique patient	TCGA_ESCC_DR45_driver_core	CNV-RNA Spearman rho	0.379384289985012	0.000149676792565992	0.000424107548863401	positive	support	TCGA_evaluable_Cao_not_profiled_current_strong_only_not_negative	FALSE	FALSE	T2	25	FALSE
EVIDENCE_000790	GENE:PIK3CB	PIK3CB	driver_candidate	TCGA_driver_composite	genome+transcriptome	TCGA-ESCC GDC DR45	unique patient	TCGA_ESCC_DR45_driver_core	CNV-RNA Spearman rho	0.724353055794211	1.07664517714538e-16	1.26426056819978e-14	positive	support	TCGA_evaluable_Cao_not_profiled_current_strong_only_not_negative	FALSE	FALSE	T2	25	FALSE
EVIDENCE_000791	GENE:PIK3R4	PIK3R4	driver_candidate	TCGA_driver_composite	genome+transcriptome	TCGA-ESCC GDC DR45	unique patient	TCGA_ESCC_DR45_driver_core	CNV-RNA Spearman rho	0.699633993439487	3.0853300475212e-15	1.96623897802331e-13	positive	support	TCGA_evaluable_Cao_not_profiled_current_strong_only_not_negative	FALSE	FALSE	T2	25	FALSE
EVIDENCE_000792	GENE:PILRB	PILRB	driver_candidate	TCGA_driver_composite	genome+transcriptome	TCGA-ESCC GDC DR45	unique patient	TCGA_ESCC_DR45_driver_core	CNV-RNA Spearman rho	0.514709354675238	9.49479050412644e-08	6.175022214017e-07	positive	support	TCGA_evaluable_Cao_not_profiled_current_strong_only_not_negative	FALSE	FALSE	T2	25	FALSE
EVIDENCE_000793	GENE:PITPNM1	PITPNM1	driver_candidate	TCGA_driver_composite	genome+transcriptome	TCGA-ESCC GDC DR45	unique patient	TCGA_ESCC_DR45_driver_core	CNV-RNA Spearman rho	0.497664319101142	2.88171447807149e-07	1.63151352727244e-06	positive	support	TCGA_evaluable_Cao_not_profiled_current_strong_only_not_negative	FALSE	FALSE	T2	25	FALSE
EVIDENCE_000794	GENE:PKHD1L1	PKHD1L1	driver_candidate	TCGA_driver_composite	genome+transcriptome	TCGA-ESCC GDC DR45	unique patient	TCGA_ESCC_DR45_driver_core	CNV-RNA Spearman rho	-0.148084249164976	0.15210135280977	0.209327114089366	negative	same_direction_nonsignificant	TCGA_evaluable_Cao_not_profiled_current_strong_only_not_negative	FALSE	FALSE	T2	25	FALSE
EVIDENCE_000795	GENE:PLAG1	PLAG1	driver_candidate	TCGA_driver_composite	genome+transcriptome	TCGA-ESCC GDC DR45	unique patient	TCGA_ESCC_DR45_driver_core	CNV-RNA Spearman rho	0.356483653706425	0.000391398061421895	0.00100131339018802	positive	support	TCGA_evaluable_Cao_not_profiled_current_strong_only_not_negative	FALSE	FALSE	T2	25	FALSE
EVIDENCE_000796	GENE:PLCH1	PLCH1	driver_candidate	TCGA_driver_composite	genome+transcriptome	TCGA-ESCC GDC DR45	unique patient	TCGA_ESCC_DR45_driver_core	CNV-RNA Spearman rho	0.542875863108251	1.3196922789757e-08	1.08748131786679e-07	positive	support	TCGA_evaluable_Cao_not_profiled_current_strong_only_not_negative	FALSE	FALSE	T2	25	FALSE
EVIDENCE_000797	GENE:PLCXD2	PLCXD2	driver_candidate	TCGA_driver_composite	genome+transcriptome	TCGA-ESCC GDC DR45	unique patient	TCGA_ESCC_DR45_driver_core	CNV-RNA Spearman rho	0.42920510569326	1.4247961455557e-05	5.14647243461617e-05	positive	support	TCGA_evaluable_Cao_not_profiled_current_strong_only_not_negative	FALSE	FALSE	T2	25	FALSE
EVIDENCE_000798	GENE:PLD1	PLD1	driver_candidate	TCGA_driver_composite	genome+transcriptome	TCGA-ESCC GDC DR45	unique patient	TCGA_ESCC_DR45_driver_core	CNV-RNA Spearman rho	0.350164689815028	0.000504004523797966	0.00126095588297609	positive	support	TCGA_evaluable_Cao_not_profiled_current_strong_only_not_negative	FALSE	FALSE	T2	25	FALSE
EVIDENCE_000015	GENE:PLEC	PLEC	driver_candidate	TCGA_driver_composite	genome+transcriptome	TCGA-ESCC GDC DR45	unique patient	TCGA_ESCC_DR45_driver_core	CNV-RNA Spearman rho	0.464360333960923	2.13592471603874e-06	9.60219682694196e-06	positive	support	TCGA_evaluable_Cao_not_profiled_current_strong_only_not_negative	FALSE	FALSE	T2	27	FALSE
EVIDENCE_000799	GENE:PLEKHA2	PLEKHA2	driver_candidate	TCGA_driver_composite	genome+transcriptome	TCGA-ESCC GDC DR45	unique patient	TCGA_ESCC_DR45_driver_core	CNV-RNA Spearman rho	0.446276118395599	5.82051897145377e-06	2.33816349686337e-05	positive	support	TCGA_evaluable_Cao_not_profiled_current_strong_only_not_negative	FALSE	FALSE	T2	25	FALSE
EVIDENCE_000800	GENE:PLEKHA5	PLEKHA5	driver_candidate	TCGA_driver_composite	genome+transcriptome	TCGA-ESCC GDC DR45	unique patient	TCGA_ESCC_DR45_driver_core	CNV-RNA Spearman rho	0.445170750649142	6.17697655443213e-06	2.45363635236091e-05	positive	support	TCGA_evaluable_Cao_not_profiled_current_strong_only_not_negative	FALSE	FALSE	T2	25	FALSE
EVIDENCE_000801	GENE:PLEKHF2	PLEKHF2	driver_candidate	TCGA_driver_composite	genome+transcriptome	TCGA-ESCC GDC DR45	unique patient	TCGA_ESCC_DR45_driver_core	CNV-RNA Spearman rho	0.462693071570639	2.34840704494179e-06	1.04098210919091e-05	positive	support	TCGA_evaluable_Cao_not_profiled_current_strong_only_not_negative	FALSE	FALSE	T2	25	FALSE
EVIDENCE_000802	GENE:PLOD2	PLOD2	driver_candidate	TCGA_driver_composite	genome+transcriptome	TCGA-ESCC GDC DR45	unique patient	TCGA_ESCC_DR45_driver_core	CNV-RNA Spearman rho	0.458035118441189	3.0528058324196e-06	1.3164122260029e-05	positive	support	TCGA_evaluable_Cao_not_profiled_current_strong_only_not_negative	FALSE	FALSE	T2	25	FALSE
EVIDENCE_000803	GENE:PLOD3	PLOD3	driver_candidate	TCGA_driver_composite	genome+transcriptome	TCGA-ESCC GDC DR45	unique patient	TCGA_ESCC_DR45_driver_core	CNV-RNA Spearman rho	0.462509853809719	2.37293753938115e-06	1.05112098758057e-05	positive	support	TCGA_evaluable_Cao_not_profiled_current_strong_only_not_negative	FALSE	FALSE	T2	25	FALSE
EVIDENCE_000804	GENE:PLPP5	PLPP5	driver_candidate	TCGA_driver_composite	genome+transcriptome	TCGA-ESCC GDC DR45	unique patient	TCGA_ESCC_DR45_driver_core	CNV-RNA Spearman rho	0.712120867006576	5.91921677681053e-16	5.10663314037491e-14	positive	support	TCGA_evaluable_Cao_not_profiled_current_strong_only_not_negative	FALSE	FALSE	T2	25	FALSE
EVIDENCE_000805	GENE:PLS1	PLS1	driver_candidate	TCGA_driver_composite	genome+transcriptome	TCGA-ESCC GDC DR45	unique patient	TCGA_ESCC_DR45_driver_core	CNV-RNA Spearman rho	0.428127492367291	1.50521555577762e-05	5.3969871864212e-05	positive	support	TCGA_evaluable_Cao_not_profiled_current_strong_only_not_negative	FALSE	FALSE	T2	25	FALSE
EVIDENCE_000806	GENE:PLXNA1	PLXNA1	driver_candidate	TCGA_driver_composite	genome+transcriptome	TCGA-ESCC GDC DR45	unique patient	TCGA_ESCC_DR45_driver_core	CNV-RNA Spearman rho	0.493416980309375	3.76508241666873e-07	2.05547891554855e-06	positive	support	TCGA_evaluable_Cao_not_profiled_current_strong_only_not_negative	FALSE	FALSE	T2	25	FALSE
EVIDENCE_000807	GENE:PLXND1	PLXND1	driver_candidate	TCGA_driver_composite	genome+transcriptome	TCGA-ESCC GDC DR45	unique patient	TCGA_ESCC_DR45_driver_core	CNV-RNA Spearman rho	0.220714860539415	0.0316054375382037	0.0527117515596396	positive	same_direction_nonsignificant	TCGA_evaluable_Cao_not_profiled_current_strong_only_not_negative	FALSE	FALSE	T2	25	FALSE
EVIDENCE_000808	GENE:PMPCB	PMPCB	driver_candidate	TCGA_driver_composite	genome+transcriptome	TCGA-ESCC GDC DR45	unique patient	TCGA_ESCC_DR45_driver_core	CNV-RNA Spearman rho	0.703661512473552	1.82848376758054e-15	1.29948208905331e-13	positive	support	TCGA_evaluable_Cao_not_profiled_current_strong_only_not_negative	FALSE	FALSE	T2	25	FALSE
EVIDENCE_000809	GENE:PMS2	PMS2	driver_candidate	TCGA_driver_composite	genome+transcriptome	TCGA-ESCC GDC DR45	unique patient	TCGA_ESCC_DR45_driver_core	CNV-RNA Spearman rho	0.531626311876598	2.96587330520768e-08	2.21124075582856e-07	positive	support	TCGA_evaluable_Cao_not_profiled_current_strong_only_not_negative	FALSE	FALSE	T2	25	FALSE
EVIDENCE_000810	GENE:PNPLA4	PNPLA4	driver_candidate	TCGA_driver_composite	genome+transcriptome	TCGA-ESCC GDC DR45	unique patient	TCGA_ESCC_DR45_driver_core	CNV-RNA Spearman rho	0.520580591671085	6.3857813534055e-08	4.30997760105846e-07	positive	support	TCGA_evaluable_Cao_not_profiled_current_strong_only_not_negative	FALSE	FALSE	T2	25	FALSE
EVIDENCE_000811	GENE:PNPLA8	PNPLA8	driver_candidate	TCGA_driver_composite	genome+transcriptome	TCGA-ESCC GDC DR45	unique patient	TCGA_ESCC_DR45_driver_core	CNV-RNA Spearman rho	0.429600744554055	1.39629577383988e-05	5.05793287741713e-05	positive	support	TCGA_evaluable_Cao_not_profiled_current_strong_only_not_negative	FALSE	FALSE	T2	25	FALSE
EVIDENCE_000812	GENE:POGLUT1	POGLUT1	driver_candidate	TCGA_driver_composite	genome+transcriptome	TCGA-ESCC GDC DR45	unique patient	TCGA_ESCC_DR45_driver_core	CNV-RNA Spearman rho	0.625252916821793	1.25971331578871e-11	2.40597654681211e-10	positive	support	TCGA_evaluable_Cao_not_profiled_current_strong_only_not_negative	FALSE	FALSE	T2	25	FALSE
EVIDENCE_000813	GENE:POLA1	POLA1	driver_candidate	TCGA_driver_composite	genome+transcriptome	TCGA-ESCC GDC DR45	unique patient	TCGA_ESCC_DR45_driver_core	CNV-RNA Spearman rho	0.323142758118285	0.0014028624565378	0.00317811748371069	positive	support	TCGA_evaluable_Cao_not_profiled_current_strong_only_not_negative	FALSE	FALSE	T2	25	FALSE
EVIDENCE_000814	GENE:POLB	POLB	driver_candidate	TCGA_driver_composite	genome+transcriptome	TCGA-ESCC GDC DR45	unique patient	TCGA_ESCC_DR45_driver_core	CNV-RNA Spearman rho	0.677570536092107	4.67967772690688e-14	2.00498895042679e-12	positive	support	TCGA_evaluable_Cao_not_profiled_current_strong_only_not_negative	FALSE	FALSE	T2	25	FALSE
EVIDENCE_000815	GENE:POLD3	POLD3	driver_candidate	TCGA_driver_composite	genome+transcriptome	TCGA-ESCC GDC DR45	unique patient	TCGA_ESCC_DR45_driver_core	CNV-RNA Spearman rho	0.639331018637732	3.10442000973889e-12	7.37270684709899e-11	positive	support	TCGA_evaluable_Cao_not_profiled_current_strong_only_not_negative	FALSE	FALSE	T2	25	FALSE
EVIDENCE_000816	GENE:POLQ	POLQ	driver_candidate	TCGA_driver_composite	genome+transcriptome	TCGA-ESCC GDC DR45	unique patient	TCGA_ESCC_DR45_driver_core	CNV-RNA Spearman rho	0.633420176722625	5.63834363624069e-12	1.21581584986757e-10	positive	support	TCGA_evaluable_Cao_not_profiled_current_strong_only_not_negative	FALSE	FALSE	T2	25	FALSE
EVIDENCE_000817	GENE:POLR2H	POLR2H	driver_candidate	TCGA_driver_composite	genome+transcriptome	TCGA-ESCC GDC DR45	unique patient	TCGA_ESCC_DR45_driver_core	CNV-RNA Spearman rho	0.581617840856375	6.37874937700822e-10	7.68236463430373e-09	positive	support	TCGA_evaluable_Cao_not_profiled_current_strong_only_not_negative	FALSE	FALSE	T2	25	FALSE
EVIDENCE_000818	GENE:POLR2J	POLR2J	driver_candidate	TCGA_driver_composite	genome+transcriptome	TCGA-ESCC GDC DR45	unique patient	TCGA_ESCC_DR45_driver_core	CNV-RNA Spearman rho	0.471108062380385	1.44763488073709e-06	6.85545390496931e-06	positive	support	TCGA_evaluable_Cao_not_profiled_current_strong_only_not_negative	FALSE	FALSE	T2	25	FALSE
EVIDENCE_000819	GENE:POLR2J2	POLR2J2	driver_candidate	TCGA_driver_composite	genome+transcriptome	TCGA-ESCC GDC DR45	unique patient	TCGA_ESCC_DR45_driver_core	CNV-RNA Spearman rho	0.511695989821064	1.16051269408654e-07	7.35881099320274e-07	positive	support	TCGA_evaluable_Cao_not_profiled_current_strong_only_not_negative	FALSE	FALSE	T2	25	FALSE
EVIDENCE_000820	GENE:POLR2J3	POLR2J3	driver_candidate	TCGA_driver_composite	genome+transcriptome	TCGA-ESCC GDC DR45	unique patient	TCGA_ESCC_DR45_driver_core	CNV-RNA Spearman rho	0.403772784860643	4.95883201460655e-05	0.000157062706316784	positive	support	TCGA_evaluable_Cao_not_profiled_current_strong_only_not_negative	FALSE	FALSE	T2	25	FALSE
EVIDENCE_000821	GENE:POLR2K	POLR2K	driver_candidate	TCGA_driver_composite	genome+transcriptome	TCGA-ESCC GDC DR45	unique patient	TCGA_ESCC_DR45_driver_core	CNV-RNA Spearman rho	0.456765113490206	3.27696516253753e-06	1.39927515795626e-05	positive	support	TCGA_evaluable_Cao_not_profiled_current_strong_only_not_negative	FALSE	FALSE	T2	25	FALSE
EVIDENCE_000822	GENE:POMK	POMK	driver_candidate	TCGA_driver_composite	genome+transcriptome	TCGA-ESCC GDC DR45	unique patient	TCGA_ESCC_DR45_driver_core	CNV-RNA Spearman rho	0.651098479012204	9.09917799175324e-13	2.55300387812864e-11	positive	support	TCGA_evaluable_Cao_not_profiled_current_strong_only_not_negative	FALSE	FALSE	T2	25	FALSE
EVIDENCE_000823	GENE:POP1	POP1	driver_candidate	TCGA_driver_composite	genome+transcriptome	TCGA-ESCC GDC DR45	unique patient	TCGA_ESCC_DR45_driver_core	CNV-RNA Spearman rho	0.4952196101283	3.36264950127424e-07	1.8695800515195e-06	positive	support	TCGA_evaluable_Cao_not_profiled_current_strong_only_not_negative	FALSE	FALSE	T2	25	FALSE
EVIDENCE_000824	GENE:POP7	POP7	driver_candidate	TCGA_driver_composite	genome+transcriptome	TCGA-ESCC GDC DR45	unique patient	TCGA_ESCC_DR45_driver_core	CNV-RNA Spearman rho	0.510675457437911	1.24159387842329e-07	7.79499681493275e-07	positive	support	TCGA_evaluable_Cao_not_profiled_current_strong_only_not_negative	FALSE	FALSE	T2	25	FALSE
EVIDENCE_000825	GENE:PPFIA1	PPFIA1	driver_candidate	TCGA_driver_composite	genome+transcriptome	TCGA-ESCC GDC DR45	unique patient	TCGA_ESCC_DR45_driver_core	CNV-RNA Spearman rho	0.900896404585046	1.7804383012421e-35	2.25795185363523e-31	positive	support	TCGA_evaluable_Cao_not_profiled_current_strong_only_not_negative	FALSE	FALSE	T2	25	FALSE
EVIDENCE_000826	GENE:PPME1	PPME1	driver_candidate	TCGA_driver_composite	genome+transcriptome	TCGA-ESCC GDC DR45	unique patient	TCGA_ESCC_DR45_driver_core	CNV-RNA Spearman rho	0.662402275491835	2.65796875486986e-13	8.80113831573358e-12	positive	support	TCGA_evaluable_Cao_not_profiled_current_strong_only_not_negative	FALSE	FALSE	T2	25	FALSE
EVIDENCE_000827	GENE:PPP1CA	PPP1CA	driver_candidate	TCGA_driver_composite	genome+transcriptome	TCGA-ESCC GDC DR45	unique patient	TCGA_ESCC_DR45_driver_core	CNV-RNA Spearman rho	0.419778585853964	2.28885273922125e-05	7.84095905964449e-05	positive	support	TCGA_evaluable_Cao_not_profiled_current_strong_only_not_negative	FALSE	FALSE	T2	25	FALSE
EVIDENCE_000828	GENE:PPP1R16A	PPP1R16A	driver_candidate	TCGA_driver_composite	genome+transcriptome	TCGA-ESCC GDC DR45	unique patient	TCGA_ESCC_DR45_driver_core	CNV-RNA Spearman rho	0.551732151502085	6.82946086038208e-09	6.07371827709436e-08	positive	support	TCGA_evaluable_Cao_not_profiled_current_strong_only_not_negative	FALSE	FALSE	T2	25	FALSE
EVIDENCE_000829	GENE:PPP1R2	PPP1R2	driver_candidate	TCGA_driver_composite	genome+transcriptome	TCGA-ESCC GDC DR45	unique patient	TCGA_ESCC_DR45_driver_core	CNV-RNA Spearman rho	0.586854819909675	4.1062217136398e-10	5.18676332394223e-09	positive	support	TCGA_evaluable_Cao_not_profiled_current_strong_only_not_negative	FALSE	FALSE	T2	25	FALSE
EVIDENCE_000830	GENE:PPP1R35	PPP1R35	driver_candidate	TCGA_driver_composite	genome+transcriptome	TCGA-ESCC GDC DR45	unique patient	TCGA_ESCC_DR45_driver_core	CNV-RNA Spearman rho	0.453375286985961	3.95372908388943e-06	1.65046715740243e-05	positive	support	TCGA_evaluable_Cao_not_profiled_current_strong_only_not_negative	FALSE	FALSE	T2	25	FALSE
EVIDENCE_000831	GENE:PPP2R3A	PPP2R3A	driver_candidate	TCGA_driver_composite	genome+transcriptome	TCGA-ESCC GDC DR45	unique patient	TCGA_ESCC_DR45_driver_core	CNV-RNA Spearman rho	0.530985482759785	3.10314439555602e-08	2.30275466497609e-07	positive	support	TCGA_evaluable_Cao_not_profiled_current_strong_only_not_negative	FALSE	FALSE	T2	25	FALSE
EVIDENCE_000832	GENE:PPP6R3	PPP6R3	driver_candidate	TCGA_driver_composite	genome+transcriptome	TCGA-ESCC GDC DR45	unique patient	TCGA_ESCC_DR45_driver_core	CNV-RNA Spearman rho	0.581887818076967	6.23672642365228e-10	7.54715310159907e-09	positive	support	TCGA_evaluable_Cao_not_profiled_current_strong_only_not_negative	FALSE	FALSE	T2	25	FALSE
EVIDENCE_000833	GENE:PRICKLE3	PRICKLE3	driver_candidate	TCGA_driver_composite	genome+transcriptome	TCGA-ESCC GDC DR45	unique patient	TCGA_ESCC_DR45_driver_core	CNV-RNA Spearman rho	0.393136735761438	8.11379755265734e-05	0.000243779153193083	positive	support	TCGA_evaluable_Cao_not_profiled_current_strong_only_not_negative	FALSE	FALSE	T2	25	FALSE
EVIDENCE_000834	GENE:PRKAA1	PRKAA1	driver_candidate	TCGA_driver_composite	genome+transcriptome	TCGA-ESCC GDC DR45	unique patient	TCGA_ESCC_DR45_driver_core	CNV-RNA Spearman rho	0.662835905625321	2.53273392677498e-13	8.43048075048825e-12	positive	support	TCGA_evaluable_Cao_not_profiled_current_strong_only_not_negative	FALSE	FALSE	T2	25	FALSE
EVIDENCE_000835	GENE:PRKCI	PRKCI	driver_candidate	TCGA_driver_composite	genome+transcriptome	TCGA-ESCC GDC DR45	unique patient	TCGA_ESCC_DR45_driver_core	CNV-RNA Spearman rho	0.68119491909345	3.04292492018783e-14	1.42927310510452e-12	positive	support	TCGA_evaluable_Cao_not_profiled_current_strong_only_not_negative	FALSE	FALSE	T2	25	FALSE
EVIDENCE_000016	GENE:PRKDC	PRKDC	driver_candidate	TCGA_driver_composite	genome+transcriptome	TCGA-ESCC GDC DR45	unique patient	TCGA_ESCC_DR45_driver_core	CNV-RNA Spearman rho	0.401807733182259	5.43796293627791e-05	0.000170661336198655	positive	support	TCGA_evaluable_Cao_not_profiled_current_strong_only_not_negative	FALSE	FALSE	T2	27	FALSE
EVIDENCE_000836	GENE:PRKRIP1	PRKRIP1	driver_candidate	TCGA_driver_composite	genome+transcriptome	TCGA-ESCC GDC DR45	unique patient	TCGA_ESCC_DR45_driver_core	CNV-RNA Spearman rho	0.693597640890177	6.65091116646446e-15	3.76548461665635e-13	positive	support	TCGA_evaluable_Cao_not_profiled_current_strong_only_not_negative	FALSE	FALSE	T2	25	FALSE
EVIDENCE_000837	GENE:PRKY	PRKY	driver_candidate	TCGA_driver_composite	genome+transcriptome	TCGA-ESCC GDC DR45	unique patient	TCGA_ESCC_DR45_driver_core	CNV-RNA Spearman rho	0.764811269377408	1.87123001675811e-19	7.65514163629882e-17	positive	support	TCGA_evaluable_Cao_not_profiled_current_strong_only_not_negative	FALSE	FALSE	T2	25	FALSE
EVIDENCE_000838	GENE:PROS1	PROS1	driver_candidate	TCGA_driver_composite	genome+transcriptome	TCGA-ESCC GDC DR45	unique patient	TCGA_ESCC_DR45_driver_core	CNV-RNA Spearman rho	0.320698962912153	0.00153206960298907	0.00344559437934163	positive	support	TCGA_evaluable_Cao_not_profiled_current_strong_only_not_negative	FALSE	FALSE	T2	25	FALSE
EVIDENCE_000839	GENE:PRPS2	PRPS2	driver_candidate	TCGA_driver_composite	genome+transcriptome	TCGA-ESCC GDC DR45	unique patient	TCGA_ESCC_DR45_driver_core	CNV-RNA Spearman rho	0.362245489503405	0.000309377223983833	0.000810812555189702	positive	support	TCGA_evaluable_Cao_not_profiled_current_strong_only_not_negative	FALSE	FALSE	T2	25	FALSE
EVIDENCE_000840	GENE:PSMC2	PSMC2	driver_candidate	TCGA_driver_composite	genome+transcriptome	TCGA-ESCC GDC DR45	unique patient	TCGA_ESCC_DR45_driver_core	CNV-RNA Spearman rho	0.62300505973196	1.56523592735845e-11	2.88522122540115e-10	positive	support	TCGA_evaluable_Cao_not_profiled_current_strong_only_not_negative	FALSE	FALSE	T2	25	FALSE
EVIDENCE_000841	GENE:PSMD2	PSMD2	driver_candidate	TCGA_driver_composite	genome+transcriptome	TCGA-ESCC GDC DR45	unique patient	TCGA_ESCC_DR45_driver_core	CNV-RNA Spearman rho	0.633088383956713	5.8282138420794e-12	1.2506498806303e-10	positive	support	TCGA_evaluable_Cao_not_profiled_current_strong_only_not_negative	FALSE	FALSE	T2	25	FALSE
EVIDENCE_000842	GENE:PSPH	PSPH	driver_candidate	TCGA_driver_composite	genome+transcriptome	TCGA-ESCC GDC DR45	unique patient	TCGA_ESCC_DR45_driver_core	CNV-RNA Spearman rho	0.503402743457074	1.99639052264147e-07	1.18198994435757e-06	positive	support	TCGA_evaluable_Cao_not_profiled_current_strong_only_not_negative	FALSE	FALSE	T2	25	FALSE
EVIDENCE_000843	GENE:PTCD1	PTCD1	driver_candidate	TCGA_driver_composite	genome+transcriptome	TCGA-ESCC GDC DR45	unique patient	TCGA_ESCC_DR45_driver_core	CNV-RNA Spearman rho	0.677264478589235	4.85153494041095e-14	2.05776475298634e-12	positive	support	TCGA_evaluable_Cao_not_profiled_current_strong_only_not_negative	FALSE	FALSE	T2	25	FALSE
EVIDENCE_000844	GENE:PTDSS1	PTDSS1	driver_candidate	TCGA_driver_composite	genome+transcriptome	TCGA-ESCC GDC DR45	unique patient	TCGA_ESCC_DR45_driver_core	CNV-RNA Spearman rho	0.341842171089134	0.000697642486741105	0.00169006724295142	positive	support	TCGA_evaluable_Cao_not_profiled_current_strong_only_not_negative	FALSE	FALSE	T2	25	FALSE
EVIDENCE_000845	GENE:PTGER4	PTGER4	driver_candidate	TCGA_driver_composite	genome+transcriptome	TCGA-ESCC GDC DR45	unique patient	TCGA_ESCC_DR45_driver_core	CNV-RNA Spearman rho	0.342817244216738	0.000671876998460476	0.00163577348713299	positive	support	TCGA_evaluable_Cao_not_profiled_current_strong_only_not_negative	FALSE	FALSE	T2	25	FALSE
EVIDENCE_000846	GENE:PTK2	PTK2	driver_candidate	TCGA_driver_composite	genome+transcriptome	TCGA-ESCC GDC DR45	unique patient	TCGA_ESCC_DR45_driver_core	CNV-RNA Spearman rho	0.508161077885636	1.46498895416816e-07	9.04087100572294e-07	positive	support	TCGA_evaluable_Cao_not_profiled_current_strong_only_not_negative	FALSE	FALSE	T2	25	FALSE
EVIDENCE_000847	GENE:PUDP	PUDP	driver_candidate	TCGA_driver_composite	genome+transcriptome	TCGA-ESCC GDC DR45	unique patient	TCGA_ESCC_DR45_driver_core	CNV-RNA Spearman rho	0.330244129528722	0.00108149849901141	0.00250604128713003	positive	support	TCGA_evaluable_Cao_not_profiled_current_strong_only_not_negative	FALSE	FALSE	T2	25	FALSE
EVIDENCE_000848	GENE:PUF60	PUF60	driver_candidate	TCGA_driver_composite	genome+transcriptome	TCGA-ESCC GDC DR45	unique patient	TCGA_ESCC_DR45_driver_core	CNV-RNA Spearman rho	0.58792396686588	3.74946753146511e-10	4.80671687926587e-09	positive	support	TCGA_evaluable_Cao_not_profiled_current_strong_only_not_negative	FALSE	FALSE	T2	25	FALSE
EVIDENCE_000849	GENE:PUS7	PUS7	driver_candidate	TCGA_driver_composite	genome+transcriptome	TCGA-ESCC GDC DR45	unique patient	TCGA_ESCC_DR45_driver_core	CNV-RNA Spearman rho	0.650321491997968	9.88356426404335e-13	2.72909405785456e-11	positive	support	TCGA_evaluable_Cao_not_profiled_current_strong_only_not_negative	FALSE	FALSE	T2	25	FALSE
EVIDENCE_000850	GENE:PVRIG	PVRIG	driver_candidate	TCGA_driver_composite	genome+transcriptome	TCGA-ESCC GDC DR45	unique patient	TCGA_ESCC_DR45_driver_core	CNV-RNA Spearman rho	0.377417287932922	0.000163019181376281	0.00045731041437042	positive	support	TCGA_evaluable_Cao_not_profiled_current_strong_only_not_negative	FALSE	FALSE	T2	25	FALSE
EVIDENCE_000851	GENE:PXYLP1	PXYLP1	driver_candidate	TCGA_driver_composite	genome+transcriptome	TCGA-ESCC GDC DR45	unique patient	TCGA_ESCC_DR45_driver_core	CNV-RNA Spearman rho	0.404164288826418	4.86820373674305e-05	0.000154578266873749	positive	support	TCGA_evaluable_Cao_not_profiled_current_strong_only_not_negative	FALSE	FALSE	T2	25	FALSE
EVIDENCE_000852	GENE:PYCR2	PYCR2	driver_candidate	TCGA_driver_composite	genome+transcriptome	TCGA-ESCC GDC DR45	unique patient	TCGA_ESCC_DR45_driver_core	CNV-RNA Spearman rho	0.412938647187911	3.20031602435762e-05	0.000105721301955987	positive	support	TCGA_evaluable_Cao_not_profiled_current_strong_only_not_negative	FALSE	FALSE	T2	25	FALSE
EVIDENCE_000853	GENE:PYCR3	PYCR3	driver_candidate	TCGA_driver_composite	genome+transcriptome	TCGA-ESCC GDC DR45	unique patient	TCGA_ESCC_DR45_driver_core	CNV-RNA Spearman rho	0.409505655951434	3.77637631070055e-05	0.000123020817807101	positive	support	TCGA_evaluable_Cao_not_profiled_current_strong_only_not_negative	FALSE	FALSE	T2	25	FALSE
EVIDENCE_000854	GENE:PYROXD1	PYROXD1	driver_candidate	TCGA_driver_composite	genome+transcriptome	TCGA-ESCC GDC DR45	unique patient	TCGA_ESCC_DR45_driver_core	CNV-RNA Spearman rho	0.429717881762677	1.38796080467077e-05	5.03349125674425e-05	positive	support	TCGA_evaluable_Cao_not_profiled_current_strong_only_not_negative	FALSE	FALSE	T2	25	FALSE
EVIDENCE_000855	GENE:QTRT2	QTRT2	driver_candidate	TCGA_driver_composite	genome+transcriptome	TCGA-ESCC GDC DR45	unique patient	TCGA_ESCC_DR45_driver_core	CNV-RNA Spearman rho	0.68340765524319	2.33265663538976e-14	1.14219117567618e-12	positive	support	TCGA_evaluable_Cao_not_profiled_current_strong_only_not_negative	FALSE	FALSE	T2	25	FALSE
EVIDENCE_000856	GENE:RAB2A	RAB2A	driver_candidate	TCGA_driver_composite	genome+transcriptome	TCGA-ESCC GDC DR45	unique patient	TCGA_ESCC_DR45_driver_core	CNV-RNA Spearman rho	0.434275299246854	1.09764061911785e-05	4.0869871789937e-05	positive	support	TCGA_evaluable_Cao_not_profiled_current_strong_only_not_negative	FALSE	FALSE	T2	25	FALSE
EVIDENCE_000857	GENE:RAB3GAP2	RAB3GAP2	driver_candidate	TCGA_driver_composite	genome+transcriptome	TCGA-ESCC GDC DR45	unique patient	TCGA_ESCC_DR45_driver_core	CNV-RNA Spearman rho	0.321948920491208	0.00146469374496949	0.0033057921469484	positive	support	TCGA_evaluable_Cao_not_profiled_current_strong_only_not_negative	FALSE	FALSE	T2	25	FALSE
EVIDENCE_000858	GENE:RAB43	RAB43	driver_candidate	TCGA_driver_composite	genome+transcriptome	TCGA-ESCC GDC DR45	unique patient	TCGA_ESCC_DR45_driver_core	CNV-RNA Spearman rho	0.458044593557922	3.05118916539145e-06	1.31616261889437e-05	positive	support	TCGA_evaluable_Cao_not_profiled_current_strong_only_not_negative	FALSE	FALSE	T2	25	FALSE
EVIDENCE_000859	GENE:RAB4A	RAB4A	driver_candidate	TCGA_driver_composite	genome+transcriptome	TCGA-ESCC GDC DR45	unique patient	TCGA_ESCC_DR45_driver_core	CNV-RNA Spearman rho	0.422421775124528	2.00683556547885e-05	6.98810780928136e-05	positive	support	TCGA_evaluable_Cao_not_profiled_current_strong_only_not_negative	FALSE	FALSE	T2	25	FALSE
EVIDENCE_000860	GENE:RAB6A	RAB6A	driver_candidate	TCGA_driver_composite	genome+transcriptome	TCGA-ESCC GDC DR45	unique patient	TCGA_ESCC_DR45_driver_core	CNV-RNA Spearman rho	0.745794742503523	4.30625445177758e-18	9.4158480961109e-16	positive	support	TCGA_evaluable_Cao_not_profiled_current_strong_only_not_negative	FALSE	FALSE	T2	25	FALSE
EVIDENCE_000861	GENE:RAB6B	RAB6B	driver_candidate	TCGA_driver_composite	genome+transcriptome	TCGA-ESCC GDC DR45	unique patient	TCGA_ESCC_DR45_driver_core	CNV-RNA Spearman rho	0.423507057337633	1.90075223819174e-05	6.66077366254426e-05	positive	support	TCGA_evaluable_Cao_not_profiled_current_strong_only_not_negative	FALSE	FALSE	T2	25	FALSE
EVIDENCE_000862	GENE:RAB7A	RAB7A	driver_candidate	TCGA_driver_composite	genome+transcriptome	TCGA-ESCC GDC DR45	unique patient	TCGA_ESCC_DR45_driver_core	CNV-RNA Spearman rho	0.524132918655049	5.00486966001563e-08	3.47981124058762e-07	positive	support	TCGA_evaluable_Cao_not_profiled_current_strong_only_not_negative	FALSE	FALSE	T2	25	FALSE
EVIDENCE_000863	GENE:RAB9A	RAB9A	driver_candidate	TCGA_driver_composite	genome+transcriptome	TCGA-ESCC GDC DR45	unique patient	TCGA_ESCC_DR45_driver_core	CNV-RNA Spearman rho	0.387622440628865	0.000104055408899958	0.00030660564490457	positive	support	TCGA_evaluable_Cao_not_profiled_current_strong_only_not_negative	FALSE	FALSE	T2	25	FALSE
EVIDENCE_000864	GENE:RABL3	RABL3	driver_candidate	TCGA_driver_composite	genome+transcriptome	TCGA-ESCC GDC DR45	unique patient	TCGA_ESCC_DR45_driver_core	CNV-RNA Spearman rho	0.679310710263683	3.80890588633818e-14	1.71292710817521e-12	positive	support	TCGA_evaluable_Cao_not_profiled_current_strong_only_not_negative	FALSE	FALSE	T2	25	FALSE
EVIDENCE_000865	GENE:RAC1	RAC1	driver_candidate	TCGA_driver_composite	genome+transcriptome	TCGA-ESCC GDC DR45	unique patient	TCGA_ESCC_DR45_driver_core	CNV-RNA Spearman rho	0.416629040976841	2.67326622134921e-05	8.9926690236474e-05	positive	support	TCGA_evaluable_Cao_not_profiled_current_strong_only_not_negative	FALSE	FALSE	T2	25	FALSE
EVIDENCE_000866	GENE:RAD1	RAD1	driver_candidate	TCGA_driver_composite	genome+transcriptome	TCGA-ESCC GDC DR45	unique patient	TCGA_ESCC_DR45_driver_core	CNV-RNA Spearman rho	0.714405143153278	4.33483706858386e-16	3.92674312169861e-14	positive	support	TCGA_evaluable_Cao_not_profiled_current_strong_only_not_negative	FALSE	FALSE	T2	25	FALSE
EVIDENCE_000867	GENE:RAD21	RAD21	driver_candidate	TCGA_driver_composite	genome+transcriptome	TCGA-ESCC GDC DR45	unique patient	TCGA_ESCC_DR45_driver_core	CNV-RNA Spearman rho	0.600103961673455	1.30003415086709e-10	1.87565791823623e-09	positive	support	TCGA_evaluable_Cao_not_profiled_current_strong_only_not_negative	FALSE	FALSE	T2	25	FALSE
EVIDENCE_000868	GENE:RAD52	RAD52	driver_candidate	TCGA_driver_composite	genome+transcriptome	TCGA-ESCC GDC DR45	unique patient	TCGA_ESCC_DR45_driver_core	CNV-RNA Spearman rho	0.495938379777009	3.21386762207754e-07	1.79630979211932e-06	positive	support	TCGA_evaluable_Cao_not_profiled_current_strong_only_not_negative	FALSE	FALSE	T2	25	FALSE
EVIDENCE_000869	GENE:RAD54B	RAD54B	driver_candidate	TCGA_driver_composite	genome+transcriptome	TCGA-ESCC GDC DR45	unique patient	TCGA_ESCC_DR45_driver_core	CNV-RNA Spearman rho	0.440969128155378	7.72824420215282e-06	2.98264129554784e-05	positive	support	TCGA_evaluable_Cao_not_profiled_current_strong_only_not_negative	FALSE	FALSE	T2	25	FALSE
EVIDENCE_000870	GENE:RAI14	RAI14	driver_candidate	TCGA_driver_composite	genome+transcriptome	TCGA-ESCC GDC DR45	unique patient	TCGA_ESCC_DR45_driver_core	CNV-RNA Spearman rho	0.340914805624274	0.000722982220580957	0.00174213576314036	positive	support	TCGA_evaluable_Cao_not_profiled_current_strong_only_not_negative	FALSE	FALSE	T2	25	FALSE
EVIDENCE_000871	GENE:RAP2B	RAP2B	driver_candidate	TCGA_driver_composite	genome+transcriptome	TCGA-ESCC GDC DR45	unique patient	TCGA_ESCC_DR45_driver_core	CNV-RNA Spearman rho	0.356454223878381	0.000391864036890832	0.00100193945884063	positive	support	TCGA_evaluable_Cao_not_profiled_current_strong_only_not_negative	FALSE	FALSE	T2	25	FALSE
EVIDENCE_000872	GENE:RASA2	RASA2	driver_candidate	TCGA_driver_composite	genome+transcriptome	TCGA-ESCC GDC DR45	unique patient	TCGA_ESCC_DR45_driver_core	CNV-RNA Spearman rho	0.532321354375836	2.8235451697821e-08	2.11507382416873e-07	positive	support	TCGA_evaluable_Cao_not_profiled_current_strong_only_not_negative	FALSE	FALSE	T2	25	FALSE
EVIDENCE_000873	GENE:RB1CC1	RB1CC1	driver_candidate	TCGA_driver_composite	genome+transcriptome	TCGA-ESCC GDC DR45	unique patient	TCGA_ESCC_DR45_driver_core	CNV-RNA Spearman rho	0.545630353370622	1.07740958554231e-08	9.06682704966659e-08	positive	support	TCGA_evaluable_Cao_not_profiled_current_strong_only_not_negative	FALSE	FALSE	T2	25	FALSE
EVIDENCE_000874	GENE:RBAK	RBAK	driver_candidate	TCGA_driver_composite	genome+transcriptome	TCGA-ESCC GDC DR45	unique patient	TCGA_ESCC_DR45_driver_core	CNV-RNA Spearman rho	0.404788745613649	4.72684014091103e-05	0.000150769081154511	positive	support	TCGA_evaluable_Cao_not_profiled_current_strong_only_not_negative	FALSE	FALSE	T2	25	FALSE
EVIDENCE_000875	GENE:RBBP7	RBBP7	driver_candidate	TCGA_driver_composite	genome+transcriptome	TCGA-ESCC GDC DR45	unique patient	TCGA_ESCC_DR45_driver_core	CNV-RNA Spearman rho	0.50319457948939	2.02338778938833e-07	1.19462774418169e-06	positive	support	TCGA_evaluable_Cao_not_profiled_current_strong_only_not_negative	FALSE	FALSE	T2	25	FALSE
EVIDENCE_000876	GENE:RBIS	RBIS	driver_candidate	TCGA_driver_composite	genome+transcriptome	TCGA-ESCC GDC DR45	unique patient	TCGA_ESCC_DR45_driver_core	CNV-RNA Spearman rho	0.436804275427728	9.62206999294499e-06	3.6339217287233e-05	positive	support	TCGA_evaluable_Cao_not_profiled_current_strong_only_not_negative	FALSE	FALSE	T2	25	FALSE
EVIDENCE_000877	GENE:RBM10	RBM10	driver_candidate	TCGA_driver_composite	genome+transcriptome	TCGA-ESCC GDC DR45	unique patient	TCGA_ESCC_DR45_driver_core	CNV-RNA Spearman rho	0.33496966734119	0.000906435995648122	0.00213550460650371	positive	support	TCGA_evaluable_Cao_not_profiled_current_strong_only_not_negative	FALSE	FALSE	T2	25	FALSE
EVIDENCE_000878	GENE:RBM12B	RBM12B	driver_candidate	TCGA_driver_composite	genome+transcriptome	TCGA-ESCC GDC DR45	unique patient	TCGA_ESCC_DR45_driver_core	CNV-RNA Spearman rho	0.39190120140804	8.58218355158798e-05	0.000256938743628987	positive	support	TCGA_evaluable_Cao_not_profiled_current_strong_only_not_negative	FALSE	FALSE	T2	25	FALSE
EVIDENCE_000879	GENE:RBM3	RBM3	driver_candidate	TCGA_driver_composite	genome+transcriptome	TCGA-ESCC GDC DR45	unique patient	TCGA_ESCC_DR45_driver_core	CNV-RNA Spearman rho	0.367752936419122	0.000246070781759214	0.000660738863914959	positive	support	TCGA_evaluable_Cao_not_profiled_current_strong_only_not_negative	FALSE	FALSE	T2	25	FALSE
EVIDENCE_000880	GENE:RBM34	RBM34	driver_candidate	TCGA_driver_composite	genome+transcriptome	TCGA-ESCC GDC DR45	unique patient	TCGA_ESCC_DR45_driver_core	CNV-RNA Spearman rho	0.322315528672199	0.00144544851699358	0.00326584323757574	positive	support	TCGA_evaluable_Cao_not_profiled_current_strong_only_not_negative	FALSE	FALSE	T2	25	FALSE
EVIDENCE_000881	GENE:RBM41	RBM41	driver_candidate	TCGA_driver_composite	genome+transcriptome	TCGA-ESCC GDC DR45	unique patient	TCGA_ESCC_DR45_driver_core	CNV-RNA Spearman rho	0.301939261316424	0.00294218386712081	0.0062094817445209	positive	support	TCGA_evaluable_Cao_not_profiled_current_strong_only_not_negative	FALSE	FALSE	T2	25	FALSE
EVIDENCE_000882	GENE:RBM48	RBM48	driver_candidate	TCGA_driver_composite	genome+transcriptome	TCGA-ESCC GDC DR45	unique patient	TCGA_ESCC_DR45_driver_core	CNV-RNA Spearman rho	0.688099102933328	1.31738091028762e-14	6.8191937568439e-13	positive	support	TCGA_evaluable_Cao_not_profiled_current_strong_only_not_negative	FALSE	FALSE	T2	25	FALSE
EVIDENCE_000883	GENE:RBP2	RBP2	driver_candidate	TCGA_driver_composite	genome+transcriptome	TCGA-ESCC GDC DR45	unique patient	TCGA_ESCC_DR45_driver_core	CNV-RNA Spearman rho	0.461288462322291	2.54275436730103e-06	1.11852968734345e-05	positive	support	TCGA_evaluable_Cao_not_profiled_current_strong_only_not_negative	FALSE	FALSE	T2	25	FALSE
EVIDENCE_000884	GENE:RCOR3	RCOR3	driver_candidate	TCGA_driver_composite	genome+transcriptome	TCGA-ESCC GDC DR45	unique patient	TCGA_ESCC_DR45_driver_core	CNV-RNA Spearman rho	0.627295598568769	1.03255324198352e-11	2.04606878356798e-10	positive	support	TCGA_evaluable_Cao_not_profiled_current_strong_only_not_negative	FALSE	FALSE	T2	25	FALSE
EVIDENCE_000885	GENE:RECQL	RECQL	driver_candidate	TCGA_driver_composite	genome+transcriptome	TCGA-ESCC GDC DR45	unique patient	TCGA_ESCC_DR45_driver_core	CNV-RNA Spearman rho	0.315540698027855	0.00184083011558253	0.00407566472168605	positive	support	TCGA_evaluable_Cao_not_profiled_current_strong_only_not_negative	FALSE	FALSE	T2	25	FALSE
EVIDENCE_000886	GENE:RECQL4	RECQL4	driver_candidate	TCGA_driver_composite	genome+transcriptome	TCGA-ESCC GDC DR45	unique patient	TCGA_ESCC_DR45_driver_core	CNV-RNA Spearman rho	0.468322750571178	1.70147314119067e-06	7.89827319786971e-06	positive	support	TCGA_evaluable_Cao_not_profiled_current_strong_only_not_negative	FALSE	FALSE	T2	25	FALSE
EVIDENCE_000887	GENE:RELN	RELN	driver_candidate	TCGA_driver_composite	genome+transcriptome	TCGA-ESCC GDC DR45	unique patient	TCGA_ESCC_DR45_driver_core	CNV-RNA Spearman rho	0.134979434518089	0.19217299523998	0.256486837048351	positive	same_direction_nonsignificant	TCGA_evaluable_Cao_not_profiled_current_strong_only_not_negative	FALSE	FALSE	T2	25	FALSE
EVIDENCE_000888	GENE:RELT	RELT	driver_candidate	TCGA_driver_composite	genome+transcriptome	TCGA-ESCC GDC DR45	unique patient	TCGA_ESCC_DR45_driver_core	CNV-RNA Spearman rho	0.566940383724496	2.10486845772249e-09	2.16671605363934e-08	positive	support	TCGA_evaluable_Cao_not_profiled_current_strong_only_not_negative	FALSE	FALSE	T2	25	FALSE
EVIDENCE_000889	GENE:RETNLB	RETNLB	driver_candidate	TCGA_driver_composite	genome+transcriptome	TCGA-ESCC GDC DR45	unique patient	TCGA_ESCC_DR45_driver_core	CNV-RNA Spearman rho	0.408587810552325	3.94603851774915e-05	0.00012802164359707	positive	support	TCGA_evaluable_Cao_not_profiled_current_strong_only_not_negative	FALSE	FALSE	T2	25	FALSE
EVIDENCE_000890	GENE:REV3L	REV3L	driver_candidate	TCGA_driver_composite	genome+transcriptome	TCGA-ESCC GDC DR45	unique patient	TCGA_ESCC_DR45_driver_core	CNV-RNA Spearman rho	0.264328192349908	0.00964066402426291	0.0181425880925512	positive	same_direction_nonsignificant	TCGA_evaluable_Cao_not_profiled_current_strong_only_not_negative	FALSE	FALSE	T2	25	FALSE
EVIDENCE_000891	GENE:RFC4	RFC4	driver_candidate	TCGA_driver_composite	genome+transcriptome	TCGA-ESCC GDC DR45	unique patient	TCGA_ESCC_DR45_driver_core	CNV-RNA Spearman rho	0.665107051976428	1.9644554006105e-13	6.8442921402589e-12	positive	support	TCGA_evaluable_Cao_not_profiled_current_strong_only_not_negative	FALSE	FALSE	T2	25	FALSE
EVIDENCE_000892	GENE:RIBC1	RIBC1	driver_candidate	TCGA_driver_composite	genome+transcriptome	TCGA-ESCC GDC DR45	unique patient	TCGA_ESCC_DR45_driver_core	CNV-RNA Spearman rho	0.386399335164402	0.0001098932899437	0.000322344974069421	positive	support	TCGA_evaluable_Cao_not_profiled_current_strong_only_not_negative	FALSE	FALSE	T2	25	FALSE
EVIDENCE_000893	GENE:RICTOR	RICTOR	driver_candidate	TCGA_driver_composite	genome+transcriptome	TCGA-ESCC GDC DR45	unique patient	TCGA_ESCC_DR45_driver_core	CNV-RNA Spearman rho	0.59127243560456	2.8145584571184e-10	3.73370610388866e-09	positive	support	TCGA_evaluable_Cao_not_profiled_current_strong_only_not_negative	FALSE	FALSE	T2	25	FALSE
EVIDENCE_000894	GENE:RIDA	RIDA	driver_candidate	TCGA_driver_composite	genome+transcriptome	TCGA-ESCC GDC DR45	unique patient	TCGA_ESCC_DR45_driver_core	CNV-RNA Spearman rho	0.461665060880254	2.48920749409421e-06	1.09725858325001e-05	positive	support	TCGA_evaluable_Cao_not_profiled_current_strong_only_not_negative	FALSE	FALSE	T2	25	FALSE
EVIDENCE_000895	GENE:RINT1	RINT1	driver_candidate	TCGA_driver_composite	genome+transcriptome	TCGA-ESCC GDC DR45	unique patient	TCGA_ESCC_DR45_driver_core	CNV-RNA Spearman rho	0.692158860043764	7.9650535522509e-15	4.39186126737591e-13	positive	support	TCGA_evaluable_Cao_not_profiled_current_strong_only_not_negative	FALSE	FALSE	T2	25	FALSE
EVIDENCE_000896	GENE:RIOX2	RIOX2	driver_candidate	TCGA_driver_composite	genome+transcriptome	TCGA-ESCC GDC DR45	unique patient	TCGA_ESCC_DR45_driver_core	CNV-RNA Spearman rho	0.628093999603024	9.54961897896381e-12	1.91930693963897e-10	positive	support	TCGA_evaluable_Cao_not_profiled_current_strong_only_not_negative	FALSE	FALSE	T2	25	FALSE
EVIDENCE_000897	GENE:RIPK2	RIPK2	driver_candidate	TCGA_driver_composite	genome+transcriptome	TCGA-ESCC GDC DR45	unique patient	TCGA_ESCC_DR45_driver_core	CNV-RNA Spearman rho	0.307550763019067	0.00243105466649682	0.00522553140347673	positive	support	TCGA_evaluable_Cao_not_profiled_current_strong_only_not_negative	FALSE	FALSE	T2	25	FALSE
EVIDENCE_000898	GENE:RMDN1	RMDN1	driver_candidate	TCGA_driver_composite	genome+transcriptome	TCGA-ESCC GDC DR45	unique patient	TCGA_ESCC_DR45_driver_core	CNV-RNA Spearman rho	0.550123639297891	7.70842119851419e-09	6.75125674306332e-08	positive	support	TCGA_evaluable_Cao_not_profiled_current_strong_only_not_negative	FALSE	FALSE	T2	25	FALSE
EVIDENCE_000899	GENE:RNF121	RNF121	driver_candidate	TCGA_driver_composite	genome+transcriptome	TCGA-ESCC GDC DR45	unique patient	TCGA_ESCC_DR45_driver_core	CNV-RNA Spearman rho	0.785824623042774	4.07104418620629e-21	3.22681139809176e-18	positive	support	TCGA_evaluable_Cao_not_profiled_current_strong_only_not_negative	FALSE	FALSE	T2	25	FALSE
EVIDENCE_000900	GENE:RNF13	RNF13	driver_candidate	TCGA_driver_composite	genome+transcriptome	TCGA-ESCC GDC DR45	unique patient	TCGA_ESCC_DR45_driver_core	CNV-RNA Spearman rho	0.613167646711427	3.96798721713295e-11	6.54382495288427e-10	positive	support	TCGA_evaluable_Cao_not_profiled_current_strong_only_not_negative	FALSE	FALSE	T2	25	FALSE
EVIDENCE_000901	GENE:RNF139	RNF139	driver_candidate	TCGA_driver_composite	genome+transcriptome	TCGA-ESCC GDC DR45	unique patient	TCGA_ESCC_DR45_driver_core	CNV-RNA Spearman rho	0.619795391558936	2.12784120327681e-11	3.74795585277173e-10	positive	support	TCGA_evaluable_Cao_not_profiled_current_strong_only_not_negative	FALSE	FALSE	T2	25	FALSE
EVIDENCE_000902	GENE:RNF168	RNF168	driver_candidate	TCGA_driver_composite	genome+transcriptome	TCGA-ESCC GDC DR45	unique patient	TCGA_ESCC_DR45_driver_core	CNV-RNA Spearman rho	0.705741610391529	1.39075179535712e-15	1.05613857896521e-13	positive	support	TCGA_evaluable_Cao_not_profiled_current_strong_only_not_negative	FALSE	FALSE	T2	25	FALSE
EVIDENCE_000903	GENE:RNF169	RNF169	driver_candidate	TCGA_driver_composite	genome+transcriptome	TCGA-ESCC GDC DR45	unique patient	TCGA_ESCC_DR45_driver_core	CNV-RNA Spearman rho	0.52707722564666	4.0809470177872e-08	2.90429686192914e-07	positive	support	TCGA_evaluable_Cao_not_profiled_current_strong_only_not_negative	FALSE	FALSE	T2	25	FALSE
EVIDENCE_000904	GENE:RNF170	RNF170	driver_candidate	TCGA_driver_composite	genome+transcriptome	TCGA-ESCC GDC DR45	unique patient	TCGA_ESCC_DR45_driver_core	CNV-RNA Spearman rho	0.558042601410835	4.22087068516014e-09	3.93596191391183e-08	positive	support	TCGA_evaluable_Cao_not_profiled_current_strong_only_not_negative	FALSE	FALSE	T2	25	FALSE
EVIDENCE_000905	GENE:RNF19A	RNF19A	driver_candidate	TCGA_driver_composite	genome+transcriptome	TCGA-ESCC GDC DR45	unique patient	TCGA_ESCC_DR45_driver_core	CNV-RNA Spearman rho	0.393993615012921	7.80303753316052e-05	0.000235625322303184	positive	support	TCGA_evaluable_Cao_not_profiled_current_strong_only_not_negative	FALSE	FALSE	T2	25	FALSE
EVIDENCE_000906	GENE:RNF216	RNF216	driver_candidate	TCGA_driver_composite	genome+transcriptome	TCGA-ESCC GDC DR45	unique patient	TCGA_ESCC_DR45_driver_core	CNV-RNA Spearman rho	0.382344776719619	0.000131490770774753	0.000377448156397787	positive	support	TCGA_evaluable_Cao_not_profiled_current_strong_only_not_negative	FALSE	FALSE	T2	25	FALSE
EVIDENCE_000907	GENE:RNF7	RNF7	driver_candidate	TCGA_driver_composite	genome+transcriptome	TCGA-ESCC GDC DR45	unique patient	TCGA_ESCC_DR45_driver_core	CNV-RNA Spearman rho	0.610474880069426	5.09019080200701e-11	8.15073229179961e-10	positive	support	TCGA_evaluable_Cao_not_profiled_current_strong_only_not_negative	FALSE	FALSE	T2	25	FALSE
EVIDENCE_000908	GENE:ROPN1B	ROPN1B	driver_candidate	TCGA_driver_composite	genome+transcriptome	TCGA-ESCC GDC DR45	unique patient	TCGA_ESCC_DR45_driver_core	CNV-RNA Spearman rho	0.412815883519022	3.21941460945364e-05	0.000106324521034091	positive	support	TCGA_evaluable_Cao_not_profiled_current_strong_only_not_negative	FALSE	FALSE	T2	25	FALSE
EVIDENCE_000909	GENE:ROPN1L	ROPN1L	driver_candidate	TCGA_driver_composite	genome+transcriptome	TCGA-ESCC GDC DR45	unique patient	TCGA_ESCC_DR45_driver_core	CNV-RNA Spearman rho	0.445994695663853	5.90938756261755e-06	2.36562036203017e-05	positive	support	TCGA_evaluable_Cao_not_profiled_current_strong_only_not_negative	FALSE	FALSE	T2	25	FALSE
EVIDENCE_000910	GENE:RPGR	RPGR	driver_candidate	TCGA_driver_composite	genome+transcriptome	TCGA-ESCC GDC DR45	unique patient	TCGA_ESCC_DR45_driver_core	CNV-RNA Spearman rho	0.385166873367603	0.000116082066479216	0.000337959772059094	positive	support	TCGA_evaluable_Cao_not_profiled_current_strong_only_not_negative	FALSE	FALSE	T2	25	FALSE
EVIDENCE_000911	GENE:RPL24	RPL24	driver_candidate	TCGA_driver_composite	genome+transcriptome	TCGA-ESCC GDC DR45	unique patient	TCGA_ESCC_DR45_driver_core	CNV-RNA Spearman rho	0.345381384012503	0.000608219432778079	0.00149369458684965	positive	support	TCGA_evaluable_Cao_not_profiled_current_strong_only_not_negative	FALSE	FALSE	T2	25	FALSE
EVIDENCE_000912	GENE:RPL30	RPL30	driver_candidate	TCGA_driver_composite	genome+transcriptome	TCGA-ESCC GDC DR45	unique patient	TCGA_ESCC_DR45_driver_core	CNV-RNA Spearman rho	0.357413230717061	0.000376939170867882	0.000969446879932362	positive	support	TCGA_evaluable_Cao_not_profiled_current_strong_only_not_negative	FALSE	FALSE	T2	25	FALSE
EVIDENCE_000913	GENE:RPL35A	RPL35A	driver_candidate	TCGA_driver_composite	genome+transcriptome	TCGA-ESCC GDC DR45	unique patient	TCGA_ESCC_DR45_driver_core	CNV-RNA Spearman rho	0.443819427183864	6.64067168180166e-06	2.61218977259953e-05	positive	support	TCGA_evaluable_Cao_not_profiled_current_strong_only_not_negative	FALSE	FALSE	T2	25	FALSE
EVIDENCE_000914	GENE:RPL37	RPL37	driver_candidate	TCGA_driver_composite	genome+transcriptome	TCGA-ESCC GDC DR45	unique patient	TCGA_ESCC_DR45_driver_core	CNV-RNA Spearman rho	0.487784136486099	5.3380160960792e-07	2.81434758153897e-06	positive	support	TCGA_evaluable_Cao_not_profiled_current_strong_only_not_negative	FALSE	FALSE	T2	25	FALSE
EVIDENCE_000915	GENE:RPL39L	RPL39L	driver_candidate	TCGA_driver_composite	genome+transcriptome	TCGA-ESCC GDC DR45	unique patient	TCGA_ESCC_DR45_driver_core	CNV-RNA Spearman rho	0.51627666590708	8.54703230432043e-08	5.60752528108596e-07	positive	support	TCGA_evaluable_Cao_not_profiled_current_strong_only_not_negative	FALSE	FALSE	T2	25	FALSE
EVIDENCE_000916	GENE:RPL7	RPL7	driver_candidate	TCGA_driver_composite	genome+transcriptome	TCGA-ESCC GDC DR45	unique patient	TCGA_ESCC_DR45_driver_core	CNV-RNA Spearman rho	0.359361797182439	0.000348211101958644	0.000903439688019543	positive	support	TCGA_evaluable_Cao_not_profiled_current_strong_only_not_negative	FALSE	FALSE	T2	25	FALSE
EVIDENCE_000917	GENE:RPL8	RPL8	driver_candidate	TCGA_driver_composite	genome+transcriptome	TCGA-ESCC GDC DR45	unique patient	TCGA_ESCC_DR45_driver_core	CNV-RNA Spearman rho	0.552169846451879	6.60740463748833e-09	5.89691102129676e-08	positive	support	TCGA_evaluable_Cao_not_profiled_current_strong_only_not_negative	FALSE	FALSE	T2	25	FALSE
EVIDENCE_000918	GENE:RPN1	RPN1	driver_candidate	TCGA_driver_composite	genome+transcriptome	TCGA-ESCC GDC DR45	unique patient	TCGA_ESCC_DR45_driver_core	CNV-RNA Spearman rho	0.555389570390278	5.17359836857186e-09	4.74072070160609e-08	positive	support	TCGA_evaluable_Cao_not_profiled_current_strong_only_not_negative	FALSE	FALSE	T2	25	FALSE
EVIDENCE_000919	GENE:RPS20	RPS20	driver_candidate	TCGA_driver_composite	genome+transcriptome	TCGA-ESCC GDC DR45	unique patient	TCGA_ESCC_DR45_driver_core	CNV-RNA Spearman rho	0.366001403538596	0.000264773381232811	0.000704987617214888	positive	support	TCGA_evaluable_Cao_not_profiled_current_strong_only_not_negative	FALSE	FALSE	T2	25	FALSE
EVIDENCE_000920	GENE:RPS3	RPS3	driver_candidate	TCGA_driver_composite	genome+transcriptome	TCGA-ESCC GDC DR45	unique patient	TCGA_ESCC_DR45_driver_core	CNV-RNA Spearman rho	0.69954043216433	3.12273487692908e-15	1.98012618546073e-13	positive	support	TCGA_evaluable_Cao_not_profiled_current_strong_only_not_negative	FALSE	FALSE	T2	25	FALSE
EVIDENCE_000921	GENE:RPS4Y1	RPS4Y1	driver_candidate	TCGA_driver_composite	genome+transcriptome	TCGA-ESCC GDC DR45	unique patient	TCGA_ESCC_DR45_driver_core	CNV-RNA Spearman rho	0.721668254683959	1.57724921570683e-16	1.66688954613284e-14	positive	support	TCGA_evaluable_Cao_not_profiled_current_strong_only_not_negative	FALSE	FALSE	T2	25	FALSE
EVIDENCE_000922	GENE:RPS6KB2	RPS6KB2	driver_candidate	TCGA_driver_composite	genome+transcriptome	TCGA-ESCC GDC DR45	unique patient	TCGA_ESCC_DR45_driver_core	CNV-RNA Spearman rho	0.542997963335695	1.30793008651531e-08	1.07989383835854e-07	positive	support	TCGA_evaluable_Cao_not_profiled_current_strong_only_not_negative	FALSE	FALSE	T2	25	FALSE
EVIDENCE_000923	GENE:RPS6KC1	RPS6KC1	driver_candidate	TCGA_driver_composite	genome+transcriptome	TCGA-ESCC GDC DR45	unique patient	TCGA_ESCC_DR45_driver_core	CNV-RNA Spearman rho	0.431549137117522	1.26357606851541e-05	4.63274695024934e-05	positive	support	TCGA_evaluable_Cao_not_profiled_current_strong_only_not_negative	FALSE	FALSE	T2	25	FALSE
EVIDENCE_000924	GENE:RRM2B	RRM2B	driver_candidate	TCGA_driver_composite	genome+transcriptome	TCGA-ESCC GDC DR45	unique patient	TCGA_ESCC_DR45_driver_core	CNV-RNA Spearman rho	0.377599684139129	0.000161737169745462	0.000454420167912922	positive	support	TCGA_evaluable_Cao_not_profiled_current_strong_only_not_negative	FALSE	FALSE	T2	25	FALSE
EVIDENCE_000925	GENE:RRP15	RRP15	driver_candidate	TCGA_driver_composite	genome+transcriptome	TCGA-ESCC GDC DR45	unique patient	TCGA_ESCC_DR45_driver_core	CNV-RNA Spearman rho	0.43510927531191	1.05111600943081e-05	3.93571102202586e-05	positive	support	TCGA_evaluable_Cao_not_profiled_current_strong_only_not_negative	FALSE	FALSE	T2	25	FALSE
EVIDENCE_000926	GENE:RRS1	RRS1	driver_candidate	TCGA_driver_composite	genome+transcriptome	TCGA-ESCC GDC DR45	unique patient	TCGA_ESCC_DR45_driver_core	CNV-RNA Spearman rho	0.475019724000438	1.1509846824046e-06	5.58835671602417e-06	positive	support	TCGA_evaluable_Cao_not_profiled_current_strong_only_not_negative	FALSE	FALSE	T2	25	FALSE
EVIDENCE_000927	GENE:RSRC1	RSRC1	driver_candidate	TCGA_driver_composite	genome+transcriptome	TCGA-ESCC GDC DR45	unique patient	TCGA_ESCC_DR45_driver_core	CNV-RNA Spearman rho	0.78658612693071	3.51542682716714e-21	2.97217620147558e-18	positive	support	TCGA_evaluable_Cao_not_profiled_current_strong_only_not_negative	FALSE	FALSE	T2	25	FALSE
EVIDENCE_000928	GENE:RTN1	RTN1	driver_candidate	TCGA_driver_composite	genome+transcriptome	TCGA-ESCC GDC DR45	unique patient	TCGA_ESCC_DR45_driver_core	CNV-RNA Spearman rho	0.208538246663602	0.0425575386621924	0.0687097015040006	positive	same_direction_nonsignificant	TCGA_evaluable_Cao_not_profiled_current_strong_only_not_negative	FALSE	FALSE	T2	25	FALSE
EVIDENCE_000929	GENE:RUBCN	RUBCN	driver_candidate	TCGA_driver_composite	genome+transcriptome	TCGA-ESCC GDC DR45	unique patient	TCGA_ESCC_DR45_driver_core	CNV-RNA Spearman rho	0.373165144753621	0.00019570667216453	0.000538968950356258	positive	support	TCGA_evaluable_Cao_not_profiled_current_strong_only_not_negative	FALSE	FALSE	T2	25	FALSE
EVIDENCE_000930	GENE:RUNX1T1	RUNX1T1	driver_candidate	TCGA_driver_composite	genome+transcriptome	TCGA-ESCC GDC DR45	unique patient	TCGA_ESCC_DR45_driver_core	CNV-RNA Spearman rho	0.0777281516084757	0.454035174054877	0.529526768196059	positive	same_direction_nonsignificant	TCGA_evaluable_Cao_not_profiled_current_strong_only_not_negative	FALSE	FALSE	T2	25	FALSE
EVIDENCE_000931	GENE:RUVBL1	RUVBL1	driver_candidate	TCGA_driver_composite	genome+transcriptome	TCGA-ESCC GDC DR45	unique patient	TCGA_ESCC_DR45_driver_core	CNV-RNA Spearman rho	0.609958096613677	5.33796773167505e-11	8.50453602677172e-10	positive	support	TCGA_evaluable_Cao_not_profiled_current_strong_only_not_negative	FALSE	FALSE	T2	25	FALSE
EVIDENCE_000932	GENE:RYK	RYK	driver_candidate	TCGA_driver_composite	genome+transcriptome	TCGA-ESCC GDC DR45	unique patient	TCGA_ESCC_DR45_driver_core	CNV-RNA Spearman rho	0.763506851036727	2.34210505559035e-19	9.17421405236196e-17	positive	support	TCGA_evaluable_Cao_not_profiled_current_strong_only_not_negative	FALSE	FALSE	T2	25	FALSE
EVIDENCE_000933	GENE:RYR2	RYR2	driver_candidate	TCGA_driver_composite	genome+transcriptome	TCGA-ESCC GDC DR45	unique patient	TCGA_ESCC_DR45_driver_core	CNV-RNA Spearman rho	0.0281736770664568	0.786374441886962	0.827549636711514	positive	same_direction_nonsignificant	TCGA_evaluable_Cao_not_profiled_current_strong_only_not_negative	FALSE	FALSE	T2	25	FALSE
EVIDENCE_000934	GENE:SACS	SACS	driver_candidate	TCGA_driver_composite	genome+transcriptome	TCGA-ESCC GDC DR45	unique patient	TCGA_ESCC_DR45_driver_core	CNV-RNA Spearman rho	0.111617437173804	0.281534174032068	0.354841621454451	positive	same_direction_nonsignificant	TCGA_evaluable_Cao_not_profiled_current_strong_only_not_negative	FALSE	FALSE	T2	25	FALSE
EVIDENCE_000935	GENE:SCHIP1	SCHIP1	driver_candidate	TCGA_driver_composite	genome+transcriptome	TCGA-ESCC GDC DR45	unique patient	TCGA_ESCC_DR45_driver_core	CNV-RNA Spearman rho	0.457780880258316	3.09648755642661e-06	1.33207785585489e-05	positive	support	TCGA_evaluable_Cao_not_profiled_current_strong_only_not_negative	FALSE	FALSE	T2	25	FALSE
EVIDENCE_000936	GENE:SCML1	SCML1	driver_candidate	TCGA_driver_composite	genome+transcriptome	TCGA-ESCC GDC DR45	unique patient	TCGA_ESCC_DR45_driver_core	CNV-RNA Spearman rho	0.327525497251901	0.00119563870049124	0.00274843030625882	positive	support	TCGA_evaluable_Cao_not_profiled_current_strong_only_not_negative	FALSE	FALSE	T2	25	FALSE
EVIDENCE_000937	GENE:SCN1A	SCN1A	driver_candidate	TCGA_driver_composite	genome+transcriptome	TCGA-ESCC GDC DR45	unique patient	TCGA_ESCC_DR45_driver_core	CNV-RNA Spearman rho	0.117621904332456	0.256289270452418	0.327548173725442	positive	same_direction_nonsignificant	TCGA_evaluable_Cao_not_profiled_current_strong_only_not_negative	FALSE	FALSE	T2	25	FALSE
EVIDENCE_000938	GENE:SCRIB	SCRIB	driver_candidate	TCGA_driver_composite	genome+transcriptome	TCGA-ESCC GDC DR45	unique patient	TCGA_ESCC_DR45_driver_core	CNV-RNA Spearman rho	0.4442623773067	6.48518484908918e-06	2.56053090173273e-05	positive	support	TCGA_evaluable_Cao_not_profiled_current_strong_only_not_negative	FALSE	FALSE	T2	25	FALSE
EVIDENCE_000939	GENE:SCX	SCX	driver_candidate	TCGA_driver_composite	genome+transcriptome	TCGA-ESCC GDC DR45	unique patient	TCGA_ESCC_DR45_driver_core	CNV-RNA Spearman rho	0.317150774965756	0.00173890092474608	0.00387638276105288	positive	support	TCGA_evaluable_Cao_not_profiled_current_strong_only_not_negative	FALSE	FALSE	T2	25	FALSE
EVIDENCE_000940	GENE:SDCCAG8	SDCCAG8	driver_candidate	TCGA_driver_composite	genome+transcriptome	TCGA-ESCC GDC DR45	unique patient	TCGA_ESCC_DR45_driver_core	CNV-RNA Spearman rho	0.50741922295602	1.53788757612087e-07	9.44021792854058e-07	positive	support	TCGA_evaluable_Cao_not_profiled_current_strong_only_not_negative	FALSE	FALSE	T2	25	FALSE
EVIDENCE_000941	GENE:SDE2	SDE2	driver_candidate	TCGA_driver_composite	genome+transcriptome	TCGA-ESCC GDC DR45	unique patient	TCGA_ESCC_DR45_driver_core	CNV-RNA Spearman rho	0.520046436185511	6.62249676191653e-08	4.45315503364928e-07	positive	support	TCGA_evaluable_Cao_not_profiled_current_strong_only_not_negative	FALSE	FALSE	T2	25	FALSE
EVIDENCE_000942	GENE:SDHA	SDHA	driver_candidate	TCGA_driver_composite	genome+transcriptome	TCGA-ESCC GDC DR45	unique patient	TCGA_ESCC_DR45_driver_core	CNV-RNA Spearman rho	0.603359241966509	9.72097218881724e-11	1.45207737689729e-09	positive	support	TCGA_evaluable_Cao_not_profiled_current_strong_only_not_negative	FALSE	FALSE	T2	25	FALSE
EVIDENCE_000943	GENE:SDHAF3	SDHAF3	driver_candidate	TCGA_driver_composite	genome+transcriptome	TCGA-ESCC GDC DR45	unique patient	TCGA_ESCC_DR45_driver_core	CNV-RNA Spearman rho	0.57180548835989	1.42619981839398e-09	1.54063595373701e-08	positive	support	TCGA_evaluable_Cao_not_profiled_current_strong_only_not_negative	FALSE	FALSE	T2	25	FALSE
EVIDENCE_000944	GENE:SEC22A	SEC22A	driver_candidate	TCGA_driver_composite	genome+transcriptome	TCGA-ESCC GDC DR45	unique patient	TCGA_ESCC_DR45_driver_core	CNV-RNA Spearman rho	0.710994483374284	6.89438896999563e-16	5.82897606116564e-14	positive	support	TCGA_evaluable_Cao_not_profiled_current_strong_only_not_negative	FALSE	FALSE	T2	25	FALSE
EVIDENCE_000945	GENE:SEC61A1	SEC61A1	driver_candidate	TCGA_driver_composite	genome+transcriptome	TCGA-ESCC GDC DR45	unique patient	TCGA_ESCC_DR45_driver_core	CNV-RNA Spearman rho	0.577471892506182	8.99067385645976e-10	1.03466175905284e-08	positive	support	TCGA_evaluable_Cao_not_profiled_current_strong_only_not_negative	FALSE	FALSE	T2	25	FALSE
EVIDENCE_000946	GENE:SEC61G	SEC61G	driver_candidate	TCGA_driver_composite	genome+transcriptome	TCGA-ESCC GDC DR45	unique patient	TCGA_ESCC_DR45_driver_core	CNV-RNA Spearman rho	0.533811254256657	2.54009190949766e-08	1.92433964135301e-07	positive	support	TCGA_evaluable_Cao_not_profiled_current_strong_only_not_negative	FALSE	FALSE	T2	25	FALSE
EVIDENCE_000947	GENE:SEC62	SEC62	driver_candidate	TCGA_driver_composite	genome+transcriptome	TCGA-ESCC GDC DR45	unique patient	TCGA_ESCC_DR45_driver_core	CNV-RNA Spearman rho	0.508245238953198	1.45692960906415e-07	8.99551183162199e-07	positive	support	TCGA_evaluable_Cao_not_profiled_current_strong_only_not_negative	FALSE	FALSE	T2	25	FALSE
EVIDENCE_000948	GENE:SELENOT	SELENOT	driver_candidate	TCGA_driver_composite	genome+transcriptome	TCGA-ESCC GDC DR45	unique patient	TCGA_ESCC_DR45_driver_core	CNV-RNA Spearman rho	0.634308702347943	5.15877841673878e-12	1.12026760070344e-10	positive	support	TCGA_evaluable_Cao_not_profiled_current_strong_only_not_negative	FALSE	FALSE	T2	25	FALSE
EVIDENCE_000949	GENE:SEM1	SEM1	driver_candidate	TCGA_driver_composite	genome+transcriptome	TCGA-ESCC GDC DR45	unique patient	TCGA_ESCC_DR45_driver_core	CNV-RNA Spearman rho	0.503376415841208	1.99978599915608e-07	1.18289580416499e-06	positive	support	TCGA_evaluable_Cao_not_profiled_current_strong_only_not_negative	FALSE	FALSE	T2	25	FALSE
EVIDENCE_000950	GENE:SEMA5B	SEMA5B	driver_candidate	TCGA_driver_composite	genome+transcriptome	TCGA-ESCC GDC DR45	unique patient	TCGA_ESCC_DR45_driver_core	CNV-RNA Spearman rho	0.302421627269598	0.00289473291074246	0.00611850046233931	positive	support	TCGA_evaluable_Cao_not_profiled_current_strong_only_not_negative	FALSE	FALSE	T2	25	FALSE
EVIDENCE_000951	GENE:SENP2	SENP2	driver_candidate	TCGA_driver_composite	genome+transcriptome	TCGA-ESCC GDC DR45	unique patient	TCGA_ESCC_DR45_driver_core	CNV-RNA Spearman rho	0.723988894557659	1.13417271550607e-16	1.28694876690935e-14	positive	support	TCGA_evaluable_Cao_not_profiled_current_strong_only_not_negative	FALSE	FALSE	T2	25	FALSE
EVIDENCE_000952	GENE:SENP5	SENP5	driver_candidate	TCGA_driver_composite	genome+transcriptome	TCGA-ESCC GDC DR45	unique patient	TCGA_ESCC_DR45_driver_core	CNV-RNA Spearman rho	0.719859732081047	2.03478380595485e-16	2.08011755011293e-14	positive	support	TCGA_evaluable_Cao_not_profiled_current_strong_only_not_negative	FALSE	FALSE	T2	25	FALSE
EVIDENCE_000953	GENE:SENP7	SENP7	driver_candidate	TCGA_driver_composite	genome+transcriptome	TCGA-ESCC GDC DR45	unique patient	TCGA_ESCC_DR45_driver_core	CNV-RNA Spearman rho	0.571809962008986	1.42568528182998e-09	1.54063595373701e-08	positive	support	TCGA_evaluable_Cao_not_profiled_current_strong_only_not_negative	FALSE	FALSE	T2	25	FALSE
EVIDENCE_000954	GENE:SERP1	SERP1	driver_candidate	TCGA_driver_composite	genome+transcriptome	TCGA-ESCC GDC DR45	unique patient	TCGA_ESCC_DR45_driver_core	CNV-RNA Spearman rho	0.584318584623529	5.08754759984771e-10	6.2946613328067e-09	positive	support	TCGA_evaluable_Cao_not_profiled_current_strong_only_not_negative	FALSE	FALSE	T2	25	FALSE
EVIDENCE_000955	GENE:SERPINI1	SERPINI1	driver_candidate	TCGA_driver_composite	genome+transcriptome	TCGA-ESCC GDC DR45	unique patient	TCGA_ESCC_DR45_driver_core	CNV-RNA Spearman rho	0.421292840085409	2.12305337672673e-05	7.33839272925821e-05	positive	support	TCGA_evaluable_Cao_not_profiled_current_strong_only_not_negative	FALSE	FALSE	T2	25	FALSE
EVIDENCE_000956	GENE:SERTAD4	SERTAD4	driver_candidate	TCGA_driver_composite	genome+transcriptome	TCGA-ESCC GDC DR45	unique patient	TCGA_ESCC_DR45_driver_core	CNV-RNA Spearman rho	0.361987689824019	0.00031267922631623	0.000818451588883886	positive	support	TCGA_evaluable_Cao_not_profiled_current_strong_only_not_negative	FALSE	FALSE	T2	25	FALSE
EVIDENCE_000957	GENE:SGK3	SGK3	driver_candidate	TCGA_driver_composite	genome+transcriptome	TCGA-ESCC GDC DR45	unique patient	TCGA_ESCC_DR45_driver_core	CNV-RNA Spearman rho	0.439774750903282	8.23202107764876e-06	3.15597020269226e-05	positive	support	TCGA_evaluable_Cao_not_profiled_current_strong_only_not_negative	FALSE	FALSE	T2	25	FALSE
EVIDENCE_000958	GENE:SH2B2	SH2B2	driver_candidate	TCGA_driver_composite	genome+transcriptome	TCGA-ESCC GDC DR45	unique patient	TCGA_ESCC_DR45_driver_core	CNV-RNA Spearman rho	0.327775122938833	0.00118471939792135	0.00272629493820334	positive	support	TCGA_evaluable_Cao_not_profiled_current_strong_only_not_negative	FALSE	FALSE	T2	25	FALSE
EVIDENCE_000017	GENE:SHANK2	SHANK2	driver_candidate	TCGA_driver_composite	genome+transcriptome	TCGA-ESCC GDC DR45	unique patient	TCGA_ESCC_DR45_driver_core	CNV-RNA Spearman rho	0.473099370717606	1.28859070161275e-06	6.17141513514082e-06	positive	support	TCGA_evaluable_Cao_not_profiled_current_strong_only_not_negative	FALSE	FALSE	T2	27	FALSE
EVIDENCE_000959	GENE:SHARPIN	SHARPIN	driver_candidate	TCGA_driver_composite	genome+transcriptome	TCGA-ESCC GDC DR45	unique patient	TCGA_ESCC_DR45_driver_core	CNV-RNA Spearman rho	0.49345162004367	3.75693565063751e-07	2.05191463916387e-06	positive	support	TCGA_evaluable_Cao_not_profiled_current_strong_only_not_negative	FALSE	FALSE	T2	25	FALSE
EVIDENCE_000960	GENE:SHOX2	SHOX2	driver_candidate	TCGA_driver_composite	genome+transcriptome	TCGA-ESCC GDC DR45	unique patient	TCGA_ESCC_DR45_driver_core	CNV-RNA Spearman rho	0.327941529916524	0.00117749073788177	0.00271113608166605	positive	support	TCGA_evaluable_Cao_not_profiled_current_strong_only_not_negative	FALSE	FALSE	T2	25	FALSE
EVIDENCE_000961	GENE:SI	SI	driver_candidate	TCGA_driver_composite	genome+transcriptome	TCGA-ESCC GDC DR45	unique patient	TCGA_ESCC_DR45_driver_core	CNV-RNA Spearman rho	0.0382554041295568	0.712823853802302	0.765390916427127	positive	same_direction_nonsignificant	TCGA_evaluable_Cao_not_profiled_current_strong_only_not_negative	FALSE	FALSE	T2	25	FALSE
EVIDENCE_000962	GENE:SIAH2	SIAH2	driver_candidate	TCGA_driver_composite	genome+transcriptome	TCGA-ESCC GDC DR45	unique patient	TCGA_ESCC_DR45_driver_core	CNV-RNA Spearman rho	0.535139765733197	2.31043282068757e-08	1.76511500192529e-07	positive	support	TCGA_evaluable_Cao_not_profiled_current_strong_only_not_negative	FALSE	FALSE	T2	25	FALSE
EVIDENCE_000963	GENE:SINHCAF	SINHCAF	driver_candidate	TCGA_driver_composite	genome+transcriptome	TCGA-ESCC GDC DR45	unique patient	TCGA_ESCC_DR45_driver_core	CNV-RNA Spearman rho	0.510357854108157	1.26790821051084e-07	7.93662977576431e-07	positive	support	TCGA_evaluable_Cao_not_profiled_current_strong_only_not_negative	FALSE	FALSE	T2	25	FALSE
EVIDENCE_000964	GENE:SKIL	SKIL	driver_candidate	TCGA_driver_composite	genome+transcriptome	TCGA-ESCC GDC DR45	unique patient	TCGA_ESCC_DR45_driver_core	CNV-RNA Spearman rho	0.356479659912954	0.000391461267036129	0.00100131339018802	positive	support	TCGA_evaluable_Cao_not_profiled_current_strong_only_not_negative	FALSE	FALSE	T2	25	FALSE
EVIDENCE_000965	GENE:SKP2	SKP2	driver_candidate	TCGA_driver_composite	genome+transcriptome	TCGA-ESCC GDC DR45	unique patient	TCGA_ESCC_DR45_driver_core	CNV-RNA Spearman rho	0.461403623055748	2.52626582955776e-06	1.11204801285843e-05	positive	support	TCGA_evaluable_Cao_not_profiled_current_strong_only_not_negative	FALSE	FALSE	T2	25	FALSE
EVIDENCE_000966	GENE:SLC12A7	SLC12A7	driver_candidate	TCGA_driver_composite	genome+transcriptome	TCGA-ESCC GDC DR45	unique patient	TCGA_ESCC_DR45_driver_core	CNV-RNA Spearman rho	0.566132260460268	2.2440868022157e-09	2.28749495287293e-08	positive	support	TCGA_evaluable_Cao_not_profiled_current_strong_only_not_negative	FALSE	FALSE	T2	25	FALSE
EVIDENCE_000967	GENE:SLC12A8	SLC12A8	driver_candidate	TCGA_driver_composite	genome+transcriptome	TCGA-ESCC GDC DR45	unique patient	TCGA_ESCC_DR45_driver_core	CNV-RNA Spearman rho	0.520810902865653	6.28622421092727e-08	4.24956798736565e-07	positive	support	TCGA_evaluable_Cao_not_profiled_current_strong_only_not_negative	FALSE	FALSE	T2	25	FALSE
EVIDENCE_000968	GENE:SLC12A9	SLC12A9	driver_candidate	TCGA_driver_composite	genome+transcriptome	TCGA-ESCC GDC DR45	unique patient	TCGA_ESCC_DR45_driver_core	CNV-RNA Spearman rho	0.642288062808143	2.29198965824329e-12	5.6771509464534e-11	positive	support	TCGA_evaluable_Cao_not_profiled_current_strong_only_not_negative	FALSE	FALSE	T2	25	FALSE
EVIDENCE_000969	GENE:SLC15A2	SLC15A2	driver_candidate	TCGA_driver_composite	genome+transcriptome	TCGA-ESCC GDC DR45	unique patient	TCGA_ESCC_DR45_driver_core	CNV-RNA Spearman rho	0.498942282588367	2.65706845602777e-07	1.51515027694893e-06	positive	support	TCGA_evaluable_Cao_not_profiled_current_strong_only_not_negative	FALSE	FALSE	T2	25	FALSE
EVIDENCE_000970	GENE:SLC20A2	SLC20A2	driver_candidate	TCGA_driver_composite	genome+transcriptome	TCGA-ESCC GDC DR45	unique patient	TCGA_ESCC_DR45_driver_core	CNV-RNA Spearman rho	0.410907522458233	3.53034081585543e-05	0.000115719261376786	positive	support	TCGA_evaluable_Cao_not_profiled_current_strong_only_not_negative	FALSE	FALSE	T2	25	FALSE
EVIDENCE_000971	GENE:SLC25A13	SLC25A13	driver_candidate	TCGA_driver_composite	genome+transcriptome	TCGA-ESCC GDC DR45	unique patient	TCGA_ESCC_DR45_driver_core	CNV-RNA Spearman rho	0.524123641714446	5.0080736296314e-08	3.48013094635536e-07	positive	support	TCGA_evaluable_Cao_not_profiled_current_strong_only_not_negative	FALSE	FALSE	T2	25	FALSE
EVIDENCE_000972	GENE:SLC25A14	SLC25A14	driver_candidate	TCGA_driver_composite	genome+transcriptome	TCGA-ESCC GDC DR45	unique patient	TCGA_ESCC_DR45_driver_core	CNV-RNA Spearman rho	0.304541392628133	0.00269425122704377	0.00573874606338076	positive	support	TCGA_evaluable_Cao_not_profiled_current_strong_only_not_negative	FALSE	FALSE	T2	25	FALSE
EVIDENCE_000973	GENE:SLC25A32	SLC25A32	driver_candidate	TCGA_driver_composite	genome+transcriptome	TCGA-ESCC GDC DR45	unique patient	TCGA_ESCC_DR45_driver_core	CNV-RNA Spearman rho	0.464841736427741	2.0780363681108e-06	9.38186444299792e-06	positive	support	TCGA_evaluable_Cao_not_profiled_current_strong_only_not_negative	FALSE	FALSE	T2	25	FALSE
EVIDENCE_000974	GENE:SLC25A36	SLC25A36	driver_candidate	TCGA_driver_composite	genome+transcriptome	TCGA-ESCC GDC DR45	unique patient	TCGA_ESCC_DR45_driver_core	CNV-RNA Spearman rho	0.762030347008518	3.01434270504057e-19	1.08663662016682e-16	positive	support	TCGA_evaluable_Cao_not_profiled_current_strong_only_not_negative	FALSE	FALSE	T2	25	FALSE
EVIDENCE_000975	GENE:SLC25A40	SLC25A40	driver_candidate	TCGA_driver_composite	genome+transcriptome	TCGA-ESCC GDC DR45	unique patient	TCGA_ESCC_DR45_driver_core	CNV-RNA Spearman rho	0.615229538025664	3.27381118889177e-11	5.49186157374675e-10	positive	support	TCGA_evaluable_Cao_not_profiled_current_strong_only_not_negative	FALSE	FALSE	T2	25	FALSE
EVIDENCE_000976	GENE:SLC33A1	SLC33A1	driver_candidate	TCGA_driver_composite	genome+transcriptome	TCGA-ESCC GDC DR45	unique patient	TCGA_ESCC_DR45_driver_core	CNV-RNA Spearman rho	0.716654538078359	3.18019422531507e-16	2.98749801225524e-14	positive	support	TCGA_evaluable_Cao_not_profiled_current_strong_only_not_negative	FALSE	FALSE	T2	25	FALSE
EVIDENCE_000977	GENE:SLC35A5	SLC35A5	driver_candidate	TCGA_driver_composite	genome+transcriptome	TCGA-ESCC GDC DR45	unique patient	TCGA_ESCC_DR45_driver_core	CNV-RNA Spearman rho	0.623521231922333	1.48932948007446e-11	2.75732503157727e-10	positive	support	TCGA_evaluable_Cao_not_profiled_current_strong_only_not_negative	FALSE	FALSE	T2	25	FALSE
EVIDENCE_000978	GENE:SLC39A4	SLC39A4	driver_candidate	TCGA_driver_composite	genome+transcriptome	TCGA-ESCC GDC DR45	unique patient	TCGA_ESCC_DR45_driver_core	CNV-RNA Spearman rho	0.44228979169055	7.20501224346968e-06	2.80460298562561e-05	positive	support	TCGA_evaluable_Cao_not_profiled_current_strong_only_not_negative	FALSE	FALSE	T2	25	FALSE
EVIDENCE_000979	GENE:SLC41A3	SLC41A3	driver_candidate	TCGA_driver_composite	genome+transcriptome	TCGA-ESCC GDC DR45	unique patient	TCGA_ESCC_DR45_driver_core	CNV-RNA Spearman rho	0.492831217939268	3.90541051078066e-07	2.12750928254812e-06	positive	support	TCGA_evaluable_Cao_not_profiled_current_strong_only_not_negative	FALSE	FALSE	T2	25	FALSE
EVIDENCE_000980	GENE:SLC49A4	SLC49A4	driver_candidate	TCGA_driver_composite	genome+transcriptome	TCGA-ESCC GDC DR45	unique patient	TCGA_ESCC_DR45_driver_core	CNV-RNA Spearman rho	0.513738271602573	1.01313401125785e-07	6.5282704420459e-07	positive	support	TCGA_evaluable_Cao_not_profiled_current_strong_only_not_negative	FALSE	FALSE	T2	25	FALSE
EVIDENCE_000981	GENE:SLC51A	SLC51A	driver_candidate	TCGA_driver_composite	genome+transcriptome	TCGA-ESCC GDC DR45	unique patient	TCGA_ESCC_DR45_driver_core	CNV-RNA Spearman rho	0.431912762910474	1.24015668651909e-05	4.55346470713234e-05	positive	support	TCGA_evaluable_Cao_not_profiled_current_strong_only_not_negative	FALSE	FALSE	T2	25	FALSE
EVIDENCE_000982	GENE:SLC52A2	SLC52A2	driver_candidate	TCGA_driver_composite	genome+transcriptome	TCGA-ESCC GDC DR45	unique patient	TCGA_ESCC_DR45_driver_core	CNV-RNA Spearman rho	0.465105113870592	2.04699590537119e-06	9.26108078685456e-06	positive	support	TCGA_evaluable_Cao_not_profiled_current_strong_only_not_negative	FALSE	FALSE	T2	25	FALSE
EVIDENCE_000983	GENE:SLC9C1	SLC9C1	driver_candidate	TCGA_driver_composite	genome+transcriptome	TCGA-ESCC GDC DR45	unique patient	TCGA_ESCC_DR45_driver_core	CNV-RNA Spearman rho	0.505929083065288	1.69487266457012e-07	1.02500596719496e-06	positive	support	TCGA_evaluable_Cao_not_profiled_current_strong_only_not_negative	FALSE	FALSE	T2	25	FALSE
EVIDENCE_000984	GENE:SMC1A	SMC1A	driver_candidate	TCGA_driver_composite	genome+transcriptome	TCGA-ESCC GDC DR45	unique patient	TCGA_ESCC_DR45_driver_core	CNV-RNA Spearman rho	0.417640374130811	2.54369634347434e-05	8.60703229133979e-05	positive	support	TCGA_evaluable_Cao_not_profiled_current_strong_only_not_negative	FALSE	FALSE	T2	25	FALSE
EVIDENCE_000985	GENE:SMC4	SMC4	driver_candidate	TCGA_driver_composite	genome+transcriptome	TCGA-ESCC GDC DR45	unique patient	TCGA_ESCC_DR45_driver_core	CNV-RNA Spearman rho	0.607571326480527	6.64092619875157e-11	1.03084732010486e-09	positive	support	TCGA_evaluable_Cao_not_profiled_current_strong_only_not_negative	FALSE	FALSE	T2	25	FALSE
EVIDENCE_000986	GENE:SMCO2	SMCO2	driver_candidate	TCGA_driver_composite	genome+transcriptome	TCGA-ESCC GDC DR45	unique patient	TCGA_ESCC_DR45_driver_core	CNV-RNA Spearman rho	0.301509612384235	0.00298503566058562	0.00629259013423318	positive	support	TCGA_evaluable_Cao_not_profiled_current_strong_only_not_negative	FALSE	FALSE	T2	25	FALSE
EVIDENCE_000987	GENE:SMCO3	SMCO3	driver_candidate	TCGA_driver_composite	genome+transcriptome	TCGA-ESCC GDC DR45	unique patient	TCGA_ESCC_DR45_driver_core	CNV-RNA Spearman rho	0.38822744881966	0.000101275369571385	0.00029924842425543	positive	support	TCGA_evaluable_Cao_not_profiled_current_strong_only_not_negative	FALSE	FALSE	T2	25	FALSE
EVIDENCE_000988	GENE:SMIM19	SMIM19	driver_candidate	TCGA_driver_composite	genome+transcriptome	TCGA-ESCC GDC DR45	unique patient	TCGA_ESCC_DR45_driver_core	CNV-RNA Spearman rho	0.654669103863241	6.20335957456485e-13	1.86424185129458e-11	positive	support	TCGA_evaluable_Cao_not_profiled_current_strong_only_not_negative	FALSE	FALSE	T2	25	FALSE
EVIDENCE_000989	GENE:SMIM30	SMIM30	driver_candidate	TCGA_driver_composite	genome+transcriptome	TCGA-ESCC GDC DR45	unique patient	TCGA_ESCC_DR45_driver_core	CNV-RNA Spearman rho	0.463580735431045	2.23291325835587e-06	9.9605367367109e-06	positive	support	TCGA_evaluable_Cao_not_profiled_current_strong_only_not_negative	FALSE	FALSE	T2	25	FALSE
EVIDENCE_000990	GENE:SMIM38	SMIM38	driver_candidate	TCGA_driver_composite	genome+transcriptome	TCGA-ESCC GDC DR45	unique patient	TCGA_ESCC_DR45_driver_core	CNV-RNA Spearman rho	0.615154109957993	3.29700435371586e-11	5.52346224753296e-10	positive	support	TCGA_evaluable_Cao_not_profiled_current_strong_only_not_negative	FALSE	FALSE	T2	25	FALSE
EVIDENCE_000991	GENE:SMURF1	SMURF1	driver_candidate	TCGA_driver_composite	genome+transcriptome	TCGA-ESCC GDC DR45	unique patient	TCGA_ESCC_DR45_driver_core	CNV-RNA Spearman rho	0.504837697936445	1.81939278944976e-07	1.09146354568599e-06	positive	support	TCGA_evaluable_Cao_not_profiled_current_strong_only_not_negative	FALSE	FALSE	T2	25	FALSE
EVIDENCE_000992	GENE:SMYD2	SMYD2	driver_candidate	TCGA_driver_composite	genome+transcriptome	TCGA-ESCC GDC DR45	unique patient	TCGA_ESCC_DR45_driver_core	CNV-RNA Spearman rho	0.387974670850388	0.000102428400483719	0.000302443998820612	positive	support	TCGA_evaluable_Cao_not_profiled_current_strong_only_not_negative	FALSE	FALSE	T2	25	FALSE
EVIDENCE_000993	GENE:SNAP47	SNAP47	driver_candidate	TCGA_driver_composite	genome+transcriptome	TCGA-ESCC GDC DR45	unique patient	TCGA_ESCC_DR45_driver_core	CNV-RNA Spearman rho	0.557615545984762	4.36196837363707e-09	4.04670687011451e-08	positive	support	TCGA_evaluable_Cao_not_profiled_current_strong_only_not_negative	FALSE	FALSE	T2	25	FALSE
EVIDENCE_000994	GENE:SNX16	SNX16	driver_candidate	TCGA_driver_composite	genome+transcriptome	TCGA-ESCC GDC DR45	unique patient	TCGA_ESCC_DR45_driver_core	CNV-RNA Spearman rho	0.348467687211015	0.000538940095751916	0.00133780354165704	positive	support	TCGA_evaluable_Cao_not_profiled_current_strong_only_not_negative	FALSE	FALSE	T2	25	FALSE
EVIDENCE_000995	GENE:SNX4	SNX4	driver_candidate	TCGA_driver_composite	genome+transcriptome	TCGA-ESCC GDC DR45	unique patient	TCGA_ESCC_DR45_driver_core	CNV-RNA Spearman rho	0.720260068630329	1.92356289534962e-16	1.99269188755745e-14	positive	support	TCGA_evaluable_Cao_not_profiled_current_strong_only_not_negative	FALSE	FALSE	T2	25	FALSE
EVIDENCE_000996	GENE:SOX2	SOX2	driver_candidate	TCGA_driver_composite	genome+transcriptome	TCGA-ESCC GDC DR45	unique patient	TCGA_ESCC_DR45_driver_core	CNV-RNA Spearman rho	0.513703573035003	1.01548204502743e-07	6.53060004819364e-07	positive	support	TCGA_evaluable_Cao_not_profiled_current_strong_only_not_negative	FALSE	FALSE	T2	25	FALSE
EVIDENCE_000997	GENE:SPAG1	SPAG1	driver_candidate	TCGA_driver_composite	genome+transcriptome	TCGA-ESCC GDC DR45	unique patient	TCGA_ESCC_DR45_driver_core	CNV-RNA Spearman rho	0.366138313168591	0.000263265560570982	0.000701562059079888	positive	support	TCGA_evaluable_Cao_not_profiled_current_strong_only_not_negative	FALSE	FALSE	T2	25	FALSE
EVIDENCE_000998	GENE:SPATA17	SPATA17	driver_candidate	TCGA_driver_composite	genome+transcriptome	TCGA-ESCC GDC DR45	unique patient	TCGA_ESCC_DR45_driver_core	CNV-RNA Spearman rho	0.317913442495138	0.00169242424950119	0.00378075115944585	positive	support	TCGA_evaluable_Cao_not_profiled_current_strong_only_not_negative	FALSE	FALSE	T2	25	FALSE
EVIDENCE_000999	GENE:SPCS2	SPCS2	driver_candidate	TCGA_driver_composite	genome+transcriptome	TCGA-ESCC GDC DR45	unique patient	TCGA_ESCC_DR45_driver_core	CNV-RNA Spearman rho	0.769513333705664	8.23102089407268e-20	3.72806453495106e-17	positive	support	TCGA_evaluable_Cao_not_profiled_current_strong_only_not_negative	FALSE	FALSE	T2	25	FALSE
EVIDENCE_001000	GENE:SPDYE2	SPDYE2	driver_candidate	TCGA_driver_composite	genome+transcriptome	TCGA-ESCC GDC DR45	unique patient	TCGA_ESCC_DR45_driver_core	CNV-RNA Spearman rho	0.451092792294158	4.48144479189831e-06	1.84405200684148e-05	positive	support	TCGA_evaluable_Cao_not_profiled_current_strong_only_not_negative	FALSE	FALSE	T2	25	FALSE
EVIDENCE_001001	GENE:SPDYE3	SPDYE3	driver_candidate	TCGA_driver_composite	genome+transcriptome	TCGA-ESCC GDC DR45	unique patient	TCGA_ESCC_DR45_driver_core	CNV-RNA Spearman rho	0.40409221571125	4.88477089817807e-05	0.000154987902253426	positive	support	TCGA_evaluable_Cao_not_profiled_current_strong_only_not_negative	FALSE	FALSE	T2	25	FALSE
EVIDENCE_001002	GENE:SPDYE6	SPDYE6	driver_candidate	TCGA_driver_composite	genome+transcriptome	TCGA-ESCC GDC DR45	unique patient	TCGA_ESCC_DR45_driver_core	CNV-RNA Spearman rho	0.48872371135363	5.0382499221945e-07	2.67397038679448e-06	positive	support	TCGA_evaluable_Cao_not_profiled_current_strong_only_not_negative	FALSE	FALSE	T2	25	FALSE
EVIDENCE_001003	GENE:SPICE1	SPICE1	driver_candidate	TCGA_driver_composite	genome+transcriptome	TCGA-ESCC GDC DR45	unique patient	TCGA_ESCC_DR45_driver_core	CNV-RNA Spearman rho	0.603916542927499	9.24599462242785e-11	1.38602486763156e-09	positive	support	TCGA_evaluable_Cao_not_profiled_current_strong_only_not_negative	FALSE	FALSE	T2	25	FALSE
EVIDENCE_001004	GENE:SPIDR	SPIDR	driver_candidate	TCGA_driver_composite	genome+transcriptome	TCGA-ESCC GDC DR45	unique patient	TCGA_ESCC_DR45_driver_core	CNV-RNA Spearman rho	0.476238781117312	1.07097690945654e-06	5.24609083264882e-06	positive	support	TCGA_evaluable_Cao_not_profiled_current_strong_only_not_negative	FALSE	FALSE	T2	25	FALSE
EVIDENCE_001005	GENE:SPRTN	SPRTN	driver_candidate	TCGA_driver_composite	genome+transcriptome	TCGA-ESCC GDC DR45	unique patient	TCGA_ESCC_DR45_driver_core	CNV-RNA Spearman rho	0.558715373860416	4.0074124758572e-09	3.77017841385913e-08	positive	support	TCGA_evaluable_Cao_not_profiled_current_strong_only_not_negative	FALSE	FALSE	T2	25	FALSE
EVIDENCE_001006	GENE:SQLE	SQLE	driver_candidate	TCGA_driver_composite	genome+transcriptome	TCGA-ESCC GDC DR45	unique patient	TCGA_ESCC_DR45_driver_core	CNV-RNA Spearman rho	0.397204868971944	6.73422515353579e-05	0.000206737940927477	positive	support	TCGA_evaluable_Cao_not_profiled_current_strong_only_not_negative	FALSE	FALSE	T2	25	FALSE
EVIDENCE_001007	GENE:SRD5A1	SRD5A1	driver_candidate	TCGA_driver_composite	genome+transcriptome	TCGA-ESCC GDC DR45	unique patient	TCGA_ESCC_DR45_driver_core	CNV-RNA Spearman rho	0.383279627779945	0.000126188096865171	0.000363791189916822	positive	support	TCGA_evaluable_Cao_not_profiled_current_strong_only_not_negative	FALSE	FALSE	T2	25	FALSE
EVIDENCE_001008	GENE:SRI	SRI	driver_candidate	TCGA_driver_composite	genome+transcriptome	TCGA-ESCC GDC DR45	unique patient	TCGA_ESCC_DR45_driver_core	CNV-RNA Spearman rho	0.484878387942476	6.37578076769887e-07	3.289570858257e-06	positive	support	TCGA_evaluable_Cao_not_profiled_current_strong_only_not_negative	FALSE	FALSE	T2	25	FALSE
EVIDENCE_001009	GENE:SRP9	SRP9	driver_candidate	TCGA_driver_composite	genome+transcriptome	TCGA-ESCC GDC DR45	unique patient	TCGA_ESCC_DR45_driver_core	CNV-RNA Spearman rho	0.530327570515214	3.25037016492487e-08	2.39240826648736e-07	positive	support	TCGA_evaluable_Cao_not_profiled_current_strong_only_not_negative	FALSE	FALSE	T2	25	FALSE
EVIDENCE_001010	GENE:SRPK2	SRPK2	driver_candidate	TCGA_driver_composite	genome+transcriptome	TCGA-ESCC GDC DR45	unique patient	TCGA_ESCC_DR45_driver_core	CNV-RNA Spearman rho	0.671526501917895	9.46452175969566e-14	3.56169332215016e-12	positive	support	TCGA_evaluable_Cao_not_profiled_current_strong_only_not_negative	FALSE	FALSE	T2	25	FALSE
EVIDENCE_001011	GENE:SRPRB	SRPRB	driver_candidate	TCGA_driver_composite	genome+transcriptome	TCGA-ESCC GDC DR45	unique patient	TCGA_ESCC_DR45_driver_core	CNV-RNA Spearman rho	0.527925827833258	3.84643947089679e-08	2.74911493247739e-07	positive	support	TCGA_evaluable_Cao_not_profiled_current_strong_only_not_negative	FALSE	FALSE	T2	25	FALSE
EVIDENCE_001012	GENE:SRRT	SRRT	driver_candidate	TCGA_driver_composite	genome+transcriptome	TCGA-ESCC GDC DR45	unique patient	TCGA_ESCC_DR45_driver_core	CNV-RNA Spearman rho	0.579015500528876	7.91660877163392e-10	9.31339818570143e-09	positive	support	TCGA_evaluable_Cao_not_profiled_current_strong_only_not_negative	FALSE	FALSE	T2	25	FALSE
EVIDENCE_001013	GENE:SRY	SRY	driver_candidate	TCGA_driver_composite	genome+transcriptome	TCGA-ESCC GDC DR45	unique patient	TCGA_ESCC_DR45_driver_core	CNV-RNA Spearman rho	0.626145913053687	1.15503674171591e-11	2.24142974662433e-10	positive	support	TCGA_evaluable_Cao_not_profiled_current_strong_only_not_negative	FALSE	FALSE	T2	25	FALSE
EVIDENCE_001014	GENE:SSR3	SSR3	driver_candidate	TCGA_driver_composite	genome+transcriptome	TCGA-ESCC GDC DR45	unique patient	TCGA_ESCC_DR45_driver_core	CNV-RNA Spearman rho	0.517963696196062	7.62780113002476e-08	5.04357528315818e-07	positive	support	TCGA_evaluable_Cao_not_profiled_current_strong_only_not_negative	FALSE	FALSE	T2	25	FALSE
EVIDENCE_001015	GENE:STAG1	STAG1	driver_candidate	TCGA_driver_composite	genome+transcriptome	TCGA-ESCC GDC DR45	unique patient	TCGA_ESCC_DR45_driver_core	CNV-RNA Spearman rho	0.61141270868179	4.66851644856069e-11	7.59052892315983e-10	positive	support	TCGA_evaluable_Cao_not_profiled_current_strong_only_not_negative	FALSE	FALSE	T2	25	FALSE
EVIDENCE_001016	GENE:STAG3	STAG3	driver_candidate	TCGA_driver_composite	genome+transcriptome	TCGA-ESCC GDC DR45	unique patient	TCGA_ESCC_DR45_driver_core	CNV-RNA Spearman rho	0.345046678591086	0.000616203210203424	0.00151125297075997	positive	support	TCGA_evaluable_Cao_not_profiled_current_strong_only_not_negative	FALSE	FALSE	T2	25	FALSE
EVIDENCE_001017	GENE:STARD10	STARD10	driver_candidate	TCGA_driver_composite	genome+transcriptome	TCGA-ESCC GDC DR45	unique patient	TCGA_ESCC_DR45_driver_core	CNV-RNA Spearman rho	0.608743774945627	5.96668484587577e-11	9.35346071883763e-10	positive	support	TCGA_evaluable_Cao_not_profiled_current_strong_only_not_negative	FALSE	FALSE	T2	25	FALSE
EVIDENCE_001018	GENE:STAU2	STAU2	driver_candidate	TCGA_driver_composite	genome+transcriptome	TCGA-ESCC GDC DR45	unique patient	TCGA_ESCC_DR45_driver_core	CNV-RNA Spearman rho	0.323244219903533	0.00139771828473933	0.00316816144540916	positive	support	TCGA_evaluable_Cao_not_profiled_current_strong_only_not_negative	FALSE	FALSE	T2	25	FALSE
EVIDENCE_001019	GENE:STEAP1	STEAP1	driver_candidate	TCGA_driver_composite	genome+transcriptome	TCGA-ESCC GDC DR45	unique patient	TCGA_ESCC_DR45_driver_core	CNV-RNA Spearman rho	0.420988305703082	2.15546610492084e-05	7.43017698902041e-05	positive	support	TCGA_evaluable_Cao_not_profiled_current_strong_only_not_negative	FALSE	FALSE	T2	25	FALSE
EVIDENCE_001020	GENE:STEAP2	STEAP2	driver_candidate	TCGA_driver_composite	genome+transcriptome	TCGA-ESCC GDC DR45	unique patient	TCGA_ESCC_DR45_driver_core	CNV-RNA Spearman rho	0.352071673172184	0.000467232156508759	0.00117825376990338	positive	support	TCGA_evaluable_Cao_not_profiled_current_strong_only_not_negative	FALSE	FALSE	T2	25	FALSE
EVIDENCE_001021	GENE:STK3	STK3	driver_candidate	TCGA_driver_composite	genome+transcriptome	TCGA-ESCC GDC DR45	unique patient	TCGA_ESCC_DR45_driver_core	CNV-RNA Spearman rho	0.533410904795833	2.61346783351438e-08	1.97403210629121e-07	positive	support	TCGA_evaluable_Cao_not_profiled_current_strong_only_not_negative	FALSE	FALSE	T2	25	FALSE
EVIDENCE_001022	GENE:STK38L	STK38L	driver_candidate	TCGA_driver_composite	genome+transcriptome	TCGA-ESCC GDC DR45	unique patient	TCGA_ESCC_DR45_driver_core	CNV-RNA Spearman rho	0.456004135027637	3.41862578396538e-06	1.44903115615805e-05	positive	support	TCGA_evaluable_Cao_not_profiled_current_strong_only_not_negative	FALSE	FALSE	T2	25	FALSE
EVIDENCE_001023	GENE:STRAP	STRAP	driver_candidate	TCGA_driver_composite	genome+transcriptome	TCGA-ESCC GDC DR45	unique patient	TCGA_ESCC_DR45_driver_core	CNV-RNA Spearman rho	0.450548405014808	4.61676329763691e-06	1.89297743745979e-05	positive	support	TCGA_evaluable_Cao_not_profiled_current_strong_only_not_negative	FALSE	FALSE	T2	25	FALSE
EVIDENCE_001024	GENE:STXBP5L	STXBP5L	driver_candidate	TCGA_driver_composite	genome+transcriptome	TCGA-ESCC GDC DR45	unique patient	TCGA_ESCC_DR45_driver_core	CNV-RNA Spearman rho	0.284265558364916	0.0052409184004333	0.0104719280217891	positive	same_direction_nonsignificant	TCGA_evaluable_Cao_not_profiled_current_strong_only_not_negative	FALSE	FALSE	T2	25	FALSE
EVIDENCE_001025	GENE:SUB1	SUB1	driver_candidate	TCGA_driver_composite	genome+transcriptome	TCGA-ESCC GDC DR45	unique patient	TCGA_ESCC_DR45_driver_core	CNV-RNA Spearman rho	0.46329603865214	2.26935754994451e-06	1.01017874511745e-05	positive	support	TCGA_evaluable_Cao_not_profiled_current_strong_only_not_negative	FALSE	FALSE	T2	25	FALSE
EVIDENCE_001026	GENE:SUMF2	SUMF2	driver_candidate	TCGA_driver_composite	genome+transcriptome	TCGA-ESCC GDC DR45	unique patient	TCGA_ESCC_DR45_driver_core	CNV-RNA Spearman rho	0.53019995982403	3.27968778237238e-08	2.40424536745459e-07	positive	support	TCGA_evaluable_Cao_not_profiled_current_strong_only_not_negative	FALSE	FALSE	T2	25	FALSE
EVIDENCE_001027	GENE:SUSD4	SUSD4	driver_candidate	TCGA_driver_composite	genome+transcriptome	TCGA-ESCC GDC DR45	unique patient	TCGA_ESCC_DR45_driver_core	CNV-RNA Spearman rho	0.340968459354575	0.000721493545784398	0.00173887897142488	positive	support	TCGA_evaluable_Cao_not_profiled_current_strong_only_not_negative	FALSE	FALSE	T2	25	FALSE
EVIDENCE_001028	GENE:SYAP1	SYAP1	driver_candidate	TCGA_driver_composite	genome+transcriptome	TCGA-ESCC GDC DR45	unique patient	TCGA_ESCC_DR45_driver_core	CNV-RNA Spearman rho	0.579552965069751	7.57239449369652e-10	8.98345247605793e-09	positive	support	TCGA_evaluable_Cao_not_profiled_current_strong_only_not_negative	FALSE	FALSE	T2	25	FALSE
EVIDENCE_001029	GENE:SYNE1	SYNE1	driver_candidate	TCGA_driver_composite	genome+transcriptome	TCGA-ESCC GDC DR45	unique patient	TCGA_ESCC_DR45_driver_core	CNV-RNA Spearman rho	-0.0876180209849435	0.398493497336044	0.475328680701252	negative	same_direction_nonsignificant	TCGA_evaluable_Cao_not_profiled_current_strong_only_not_negative	FALSE	FALSE	T2	25	FALSE
EVIDENCE_001030	GENE:SYNE2	SYNE2	driver_candidate	TCGA_driver_composite	genome+transcriptome	TCGA-ESCC GDC DR45	unique patient	TCGA_ESCC_DR45_driver_core	CNV-RNA Spearman rho	0.422798750990726	1.96937405675245e-05	6.86897738936593e-05	positive	support	TCGA_evaluable_Cao_not_profiled_current_strong_only_not_negative	FALSE	FALSE	T2	25	FALSE
EVIDENCE_001031	GENE:SYPL1	SYPL1	driver_candidate	TCGA_driver_composite	genome+transcriptome	TCGA-ESCC GDC DR45	unique patient	TCGA_ESCC_DR45_driver_core	CNV-RNA Spearman rho	0.447915735487898	5.32726846046804e-06	2.15435008340739e-05	positive	support	TCGA_evaluable_Cao_not_profiled_current_strong_only_not_negative	FALSE	FALSE	T2	25	FALSE
EVIDENCE_001032	GENE:TAB3	TAB3	driver_candidate	TCGA_driver_composite	genome+transcriptome	TCGA-ESCC GDC DR45	unique patient	TCGA_ESCC_DR45_driver_core	CNV-RNA Spearman rho	0.439932517117302	8.16375055846361e-06	3.13640365290626e-05	positive	support	TCGA_evaluable_Cao_not_profiled_current_strong_only_not_negative	FALSE	FALSE	T2	25	FALSE
EVIDENCE_001033	GENE:TACC1	TACC1	driver_candidate	TCGA_driver_composite	genome+transcriptome	TCGA-ESCC GDC DR45	unique patient	TCGA_ESCC_DR45_driver_core	CNV-RNA Spearman rho	0.456302553112007	3.36239864107722e-06	1.42901942245782e-05	positive	support	TCGA_evaluable_Cao_not_profiled_current_strong_only_not_negative	FALSE	FALSE	T2	25	FALSE
EVIDENCE_001034	GENE:TAF11L11	TAF11L11	driver_candidate	TCGA_driver_composite	genome+transcriptome	TCGA-ESCC GDC DR45	unique patient	TCGA_ESCC_DR45_driver_core	CNV-RNA Spearman rho	0.383018094927827	0.000127651234326057	0.000367579215486476	positive	support	TCGA_evaluable_Cao_not_profiled_current_strong_only_not_negative	FALSE	FALSE	T2	25	FALSE
EVIDENCE_001035	GENE:TAF1A	TAF1A	driver_candidate	TCGA_driver_composite	genome+transcriptome	TCGA-ESCC GDC DR45	unique patient	TCGA_ESCC_DR45_driver_core	CNV-RNA Spearman rho	0.431434967657148	1.27101437331825e-05	4.65867175792544e-05	positive	support	TCGA_evaluable_Cao_not_profiled_current_strong_only_not_negative	FALSE	FALSE	T2	25	FALSE
EVIDENCE_001036	GENE:TAF2	TAF2	driver_candidate	TCGA_driver_composite	genome+transcriptome	TCGA-ESCC GDC DR45	unique patient	TCGA_ESCC_DR45_driver_core	CNV-RNA Spearman rho	0.540329587962904	1.58929350987965e-08	1.26923301588751e-07	positive	support	TCGA_evaluable_Cao_not_profiled_current_strong_only_not_negative	FALSE	FALSE	T2	25	FALSE
EVIDENCE_001037	GENE:TAF5L	TAF5L	driver_candidate	TCGA_driver_composite	genome+transcriptome	TCGA-ESCC GDC DR45	unique patient	TCGA_ESCC_DR45_driver_core	CNV-RNA Spearman rho	0.413204818208197	3.15927034021423e-05	0.000104501477450696	positive	support	TCGA_evaluable_Cao_not_profiled_current_strong_only_not_negative	FALSE	FALSE	T2	25	FALSE
EVIDENCE_001038	GENE:TAF6	TAF6	driver_candidate	TCGA_driver_composite	genome+transcriptome	TCGA-ESCC GDC DR45	unique patient	TCGA_ESCC_DR45_driver_core	CNV-RNA Spearman rho	0.552171834984709	6.60641173225794e-09	5.89691102129676e-08	positive	support	TCGA_evaluable_Cao_not_profiled_current_strong_only_not_negative	FALSE	FALSE	T2	25	FALSE
EVIDENCE_001039	GENE:TARBP1	TARBP1	driver_candidate	TCGA_driver_composite	genome+transcriptome	TCGA-ESCC GDC DR45	unique patient	TCGA_ESCC_DR45_driver_core	CNV-RNA Spearman rho	0.530004324243452	3.32512396413407e-08	2.43050271545523e-07	positive	support	TCGA_evaluable_Cao_not_profiled_current_strong_only_not_negative	FALSE	FALSE	T2	25	FALSE
EVIDENCE_001040	GENE:TARS1	TARS1	driver_candidate	TCGA_driver_composite	genome+transcriptome	TCGA-ESCC GDC DR45	unique patient	TCGA_ESCC_DR45_driver_core	CNV-RNA Spearman rho	0.536866006358685	2.04150348461359e-08	1.58253955940523e-07	positive	support	TCGA_evaluable_Cao_not_profiled_current_strong_only_not_negative	FALSE	FALSE	T2	25	FALSE
EVIDENCE_001041	GENE:TATDN1	TATDN1	driver_candidate	TCGA_driver_composite	genome+transcriptome	TCGA-ESCC GDC DR45	unique patient	TCGA_ESCC_DR45_driver_core	CNV-RNA Spearman rho	0.598863602321607	1.45106049417112e-10	2.06073339161009e-09	positive	support	TCGA_evaluable_Cao_not_profiled_current_strong_only_not_negative	FALSE	FALSE	T2	25	FALSE
EVIDENCE_001042	GENE:TATDN3	TATDN3	driver_candidate	TCGA_driver_composite	genome+transcriptome	TCGA-ESCC GDC DR45	unique patient	TCGA_ESCC_DR45_driver_core	CNV-RNA Spearman rho	0.453790743008025	3.8642110721895e-06	1.61842552237474e-05	positive	support	TCGA_evaluable_Cao_not_profiled_current_strong_only_not_negative	FALSE	FALSE	T2	25	FALSE
EVIDENCE_001043	GENE:TBC1D23	TBC1D23	driver_candidate	TCGA_driver_composite	genome+transcriptome	TCGA-ESCC GDC DR45	unique patient	TCGA_ESCC_DR45_driver_core	CNV-RNA Spearman rho	0.650860732314429	9.33257665433778e-13	2.6127094289252e-11	positive	support	TCGA_evaluable_Cao_not_profiled_current_strong_only_not_negative	FALSE	FALSE	T2	25	FALSE
EVIDENCE_001044	GENE:TBC1D25	TBC1D25	driver_candidate	TCGA_driver_composite	genome+transcriptome	TCGA-ESCC GDC DR45	unique patient	TCGA_ESCC_DR45_driver_core	CNV-RNA Spearman rho	0.401834482545585	5.43116064894137e-05	0.000170490047895729	positive	support	TCGA_evaluable_Cao_not_profiled_current_strong_only_not_negative	FALSE	FALSE	T2	25	FALSE
EVIDENCE_001045	GENE:TBC1D31	TBC1D31	driver_candidate	TCGA_driver_composite	genome+transcriptome	TCGA-ESCC GDC DR45	unique patient	TCGA_ESCC_DR45_driver_core	CNV-RNA Spearman rho	0.534086159299141	2.4908505466385e-08	1.8892922627075e-07	positive	support	TCGA_evaluable_Cao_not_profiled_current_strong_only_not_negative	FALSE	FALSE	T2	25	FALSE
EVIDENCE_001046	GENE:TBCCD1	TBCCD1	driver_candidate	TCGA_driver_composite	genome+transcriptome	TCGA-ESCC GDC DR45	unique patient	TCGA_ESCC_DR45_driver_core	CNV-RNA Spearman rho	0.703637876801849	1.83415308264108e-15	1.29948208905331e-13	positive	support	TCGA_evaluable_Cao_not_profiled_current_strong_only_not_negative	FALSE	FALSE	T2	25	FALSE
EVIDENCE_001047	GENE:TBL1XR1	TBL1XR1	driver_candidate	TCGA_driver_composite	genome+transcriptome	TCGA-ESCC GDC DR45	unique patient	TCGA_ESCC_DR45_driver_core	CNV-RNA Spearman rho	0.745013823039789	4.86906729168796e-18	9.80150974495028e-16	positive	support	TCGA_evaluable_Cao_not_profiled_current_strong_only_not_negative	FALSE	FALSE	T2	25	FALSE
EVIDENCE_001048	GENE:TBL1Y	TBL1Y	driver_candidate	TCGA_driver_composite	genome+transcriptome	TCGA-ESCC GDC DR45	unique patient	TCGA_ESCC_DR45_driver_core	CNV-RNA Spearman rho	0.648253922978161	1.23018531973059e-12	3.26385151146931e-11	positive	support	TCGA_evaluable_Cao_not_profiled_current_strong_only_not_negative	FALSE	FALSE	T2	25	FALSE
EVIDENCE_001049	GENE:TCEA1	TCEA1	driver_candidate	TCGA_driver_composite	genome+transcriptome	TCGA-ESCC GDC DR45	unique patient	TCGA_ESCC_DR45_driver_core	CNV-RNA Spearman rho	0.524939437048488	4.73367010974821e-08	3.31854086964217e-07	positive	support	TCGA_evaluable_Cao_not_profiled_current_strong_only_not_negative	FALSE	FALSE	T2	25	FALSE
EVIDENCE_001050	GENE:TCEANC	TCEANC	driver_candidate	TCGA_driver_composite	genome+transcriptome	TCGA-ESCC GDC DR45	unique patient	TCGA_ESCC_DR45_driver_core	CNV-RNA Spearman rho	0.409294883058229	3.81472370869959e-05	0.000124174348238522	positive	support	TCGA_evaluable_Cao_not_profiled_current_strong_only_not_negative	FALSE	FALSE	T2	25	FALSE
EVIDENCE_001051	GENE:TCIRG1	TCIRG1	driver_candidate	TCGA_driver_composite	genome+transcriptome	TCGA-ESCC GDC DR45	unique patient	TCGA_ESCC_DR45_driver_core	CNV-RNA Spearman rho	0.486710104382041	5.70138647468505e-07	2.98041975564534e-06	positive	support	TCGA_evaluable_Cao_not_profiled_current_strong_only_not_negative	FALSE	FALSE	T2	25	FALSE
EVIDENCE_001052	GENE:TCTEX1D2	TCTEX1D2	driver_candidate	TCGA_driver_composite	genome+transcriptome	TCGA-ESCC GDC DR45	unique patient	TCGA_ESCC_DR45_driver_core	CNV-RNA Spearman rho	0.303407344825471	0.00279989754433877	0.00593585768259851	positive	support	TCGA_evaluable_Cao_not_profiled_current_strong_only_not_negative	FALSE	FALSE	T2	25	FALSE
EVIDENCE_001053	GENE:TECPR1	TECPR1	driver_candidate	TCGA_driver_composite	genome+transcriptome	TCGA-ESCC GDC DR45	unique patient	TCGA_ESCC_DR45_driver_core	CNV-RNA Spearman rho	0.417497696313533	2.56161295815449e-05	8.65841565440173e-05	positive	support	TCGA_evaluable_Cao_not_profiled_current_strong_only_not_negative	FALSE	FALSE	T2	25	FALSE
EVIDENCE_001054	GENE:TENT4A	TENT4A	driver_candidate	TCGA_driver_composite	genome+transcriptome	TCGA-ESCC GDC DR45	unique patient	TCGA_ESCC_DR45_driver_core	CNV-RNA Spearman rho	0.706841134751261	1.20230132688018e-15	9.24096086514815e-14	positive	support	TCGA_evaluable_Cao_not_profiled_current_strong_only_not_negative	FALSE	FALSE	T2	25	FALSE
EVIDENCE_001055	GENE:TERF1	TERF1	driver_candidate	TCGA_driver_composite	genome+transcriptome	TCGA-ESCC GDC DR45	unique patient	TCGA_ESCC_DR45_driver_core	CNV-RNA Spearman rho	0.607338045566998	6.78355228393521e-11	1.05041526330728e-09	positive	support	TCGA_evaluable_Cao_not_profiled_current_strong_only_not_negative	FALSE	FALSE	T2	25	FALSE
EVIDENCE_001056	GENE:TESMIN	TESMIN	driver_candidate	TCGA_driver_composite	genome+transcriptome	TCGA-ESCC GDC DR45	unique patient	TCGA_ESCC_DR45_driver_core	CNV-RNA Spearman rho	0.652555813602533	7.7869038874308e-13	2.26498887844948e-11	positive	support	TCGA_evaluable_Cao_not_profiled_current_strong_only_not_negative	FALSE	FALSE	T2	25	FALSE
EVIDENCE_001057	GENE:TEX55	TEX55	driver_candidate	TCGA_driver_composite	genome+transcriptome	TCGA-ESCC GDC DR45	unique patient	TCGA_ESCC_DR45_driver_core	CNV-RNA Spearman rho	0.310174115045207	0.00222075552474838	0.00482419005907141	positive	support	TCGA_evaluable_Cao_not_profiled_current_strong_only_not_negative	FALSE	FALSE	T2	25	FALSE
EVIDENCE_001058	GENE:TFB2M	TFB2M	driver_candidate	TCGA_driver_composite	genome+transcriptome	TCGA-ESCC GDC DR45	unique patient	TCGA_ESCC_DR45_driver_core	CNV-RNA Spearman rho	0.593577775352215	2.30580506493762e-10	3.12751014262448e-09	positive	support	TCGA_evaluable_Cao_not_profiled_current_strong_only_not_negative	FALSE	FALSE	T2	25	FALSE
EVIDENCE_001059	GENE:TFDP2	TFDP2	driver_candidate	TCGA_driver_composite	genome+transcriptome	TCGA-ESCC GDC DR45	unique patient	TCGA_ESCC_DR45_driver_core	CNV-RNA Spearman rho	0.672269166837141	8.68758891530599e-14	3.39003084996648e-12	positive	support	TCGA_evaluable_Cao_not_profiled_current_strong_only_not_negative	FALSE	FALSE	T2	25	FALSE
EVIDENCE_001060	GENE:TFE3	TFE3	driver_candidate	TCGA_driver_composite	genome+transcriptome	TCGA-ESCC GDC DR45	unique patient	TCGA_ESCC_DR45_driver_core	CNV-RNA Spearman rho	0.326605357831802	0.00123668257362396	0.00283302174831992	positive	support	TCGA_evaluable_Cao_not_profiled_current_strong_only_not_negative	FALSE	FALSE	T2	25	FALSE
EVIDENCE_001061	GENE:TFG	TFG	driver_candidate	TCGA_driver_composite	genome+transcriptome	TCGA-ESCC GDC DR45	unique patient	TCGA_ESCC_DR45_driver_core	CNV-RNA Spearman rho	0.568728601431567	1.82561716575156e-09	1.91027037096215e-08	positive	support	TCGA_evaluable_Cao_not_profiled_current_strong_only_not_negative	FALSE	FALSE	T2	25	FALSE
EVIDENCE_001062	GENE:TFRC	TFRC	driver_candidate	TCGA_driver_composite	genome+transcriptome	TCGA-ESCC GDC DR45	unique patient	TCGA_ESCC_DR45_driver_core	CNV-RNA Spearman rho	0.629683853029531	8.16842352202765e-12	1.67353710995726e-10	positive	support	TCGA_evaluable_Cao_not_profiled_current_strong_only_not_negative	FALSE	FALSE	T2	25	FALSE
EVIDENCE_001063	GENE:TGFBR2	TGFBR2	driver_candidate	TCGA_driver_composite	genome+transcriptome	TCGA-ESCC GDC DR45	unique patient	TCGA_ESCC_DR45_driver_core	CNV-RNA Spearman rho	0.147577308694287	0.153524796555971	0.210965594313883	positive	same_direction_nonsignificant	TCGA_evaluable_Cao_not_profiled_current_strong_only_not_negative	FALSE	FALSE	T2	25	FALSE
EVIDENCE_001064	GENE:TGS1	TGS1	driver_candidate	TCGA_driver_composite	genome+transcriptome	TCGA-ESCC GDC DR45	unique patient	TCGA_ESCC_DR45_driver_core	CNV-RNA Spearman rho	0.575261221358974	1.07751820165338e-09	1.20929963127151e-08	positive	support	TCGA_evaluable_Cao_not_profiled_current_strong_only_not_negative	FALSE	FALSE	T2	25	FALSE
EVIDENCE_001065	GENE:THAP1	THAP1	driver_candidate	TCGA_driver_composite	genome+transcriptome	TCGA-ESCC GDC DR45	unique patient	TCGA_ESCC_DR45_driver_core	CNV-RNA Spearman rho	0.456145112612772	3.3919535437097e-06	1.43883552681785e-05	positive	support	TCGA_evaluable_Cao_not_profiled_current_strong_only_not_negative	FALSE	FALSE	T2	25	FALSE
EVIDENCE_001066	GENE:THAP12	THAP12	driver_candidate	TCGA_driver_composite	genome+transcriptome	TCGA-ESCC GDC DR45	unique patient	TCGA_ESCC_DR45_driver_core	CNV-RNA Spearman rho	0.699349075919157	3.20060910080457e-15	2.00967711737507e-13	positive	support	TCGA_evaluable_Cao_not_profiled_current_strong_only_not_negative	FALSE	FALSE	T2	25	FALSE
EVIDENCE_001067	GENE:THAP5	THAP5	driver_candidate	TCGA_driver_composite	genome+transcriptome	TCGA-ESCC GDC DR45	unique patient	TCGA_ESCC_DR45_driver_core	CNV-RNA Spearman rho	0.701231448354832	2.50977020578961e-15	1.65775550780333e-13	positive	support	TCGA_evaluable_Cao_not_profiled_current_strong_only_not_negative	FALSE	FALSE	T2	25	FALSE
EVIDENCE_001068	GENE:TIGD5	TIGD5	driver_candidate	TCGA_driver_composite	genome+transcriptome	TCGA-ESCC GDC DR45	unique patient	TCGA_ESCC_DR45_driver_core	CNV-RNA Spearman rho	0.410668261967282	3.57124390476825e-05	0.0001169391045708	positive	support	TCGA_evaluable_Cao_not_profiled_current_strong_only_not_negative	FALSE	FALSE	T2	25	FALSE
EVIDENCE_001069	GENE:TIMMDC1	TIMMDC1	driver_candidate	TCGA_driver_composite	genome+transcriptome	TCGA-ESCC GDC DR45	unique patient	TCGA_ESCC_DR45_driver_core	CNV-RNA Spearman rho	0.515753781098658	8.85273117166123e-08	5.78117078882635e-07	positive	support	TCGA_evaluable_Cao_not_profiled_current_strong_only_not_negative	FALSE	FALSE	T2	25	FALSE
EVIDENCE_001070	GENE:TLR5	TLR5	driver_candidate	TCGA_driver_composite	genome+transcriptome	TCGA-ESCC GDC DR45	unique patient	TCGA_ESCC_DR45_driver_core	CNV-RNA Spearman rho	0.423044000043114	1.94535551054462e-05	6.79641834289997e-05	positive	support	TCGA_evaluable_Cao_not_profiled_current_strong_only_not_negative	FALSE	FALSE	T2	25	FALSE
EVIDENCE_001071	GENE:TM2D2	TM2D2	driver_candidate	TCGA_driver_composite	genome+transcriptome	TCGA-ESCC GDC DR45	unique patient	TCGA_ESCC_DR45_driver_core	CNV-RNA Spearman rho	0.637772149272632	3.63809171649386e-12	8.35838390372737e-11	positive	support	TCGA_evaluable_Cao_not_profiled_current_strong_only_not_negative	FALSE	FALSE	T2	25	FALSE
EVIDENCE_001072	GENE:TM4SF1	TM4SF1	driver_candidate	TCGA_driver_composite	genome+transcriptome	TCGA-ESCC GDC DR45	unique patient	TCGA_ESCC_DR45_driver_core	CNV-RNA Spearman rho	0.423552308828501	1.89644523409771e-05	6.64751753975323e-05	positive	support	TCGA_evaluable_Cao_not_profiled_current_strong_only_not_negative	FALSE	FALSE	T2	25	FALSE
EVIDENCE_001073	GENE:TM7SF3	TM7SF3	driver_candidate	TCGA_driver_composite	genome+transcriptome	TCGA-ESCC GDC DR45	unique patient	TCGA_ESCC_DR45_driver_core	CNV-RNA Spearman rho	0.49261260591798	3.95904313094985e-07	2.15210394285066e-06	positive	support	TCGA_evaluable_Cao_not_profiled_current_strong_only_not_negative	FALSE	FALSE	T2	25	FALSE
EVIDENCE_001074	GENE:TMCC1	TMCC1	driver_candidate	TCGA_driver_composite	genome+transcriptome	TCGA-ESCC GDC DR45	unique patient	TCGA_ESCC_DR45_driver_core	CNV-RNA Spearman rho	0.460349095539769	2.68109724841569e-06	1.1737125752498e-05	positive	support	TCGA_evaluable_Cao_not_profiled_current_strong_only_not_negative	FALSE	FALSE	T2	25	FALSE
EVIDENCE_001075	GENE:TMEM134	TMEM134	driver_candidate	TCGA_driver_composite	genome+transcriptome	TCGA-ESCC GDC DR45	unique patient	TCGA_ESCC_DR45_driver_core	CNV-RNA Spearman rho	0.410857905027734	3.5387870931744e-05	0.000115966144484852	positive	support	TCGA_evaluable_Cao_not_profiled_current_strong_only_not_negative	FALSE	FALSE	T2	25	FALSE
EVIDENCE_001076	GENE:TMEM168	TMEM168	driver_candidate	TCGA_driver_composite	genome+transcriptome	TCGA-ESCC GDC DR45	unique patient	TCGA_ESCC_DR45_driver_core	CNV-RNA Spearman rho	0.565274015366071	2.4015835246184e-09	2.42105582346666e-08	positive	support	TCGA_evaluable_Cao_not_profiled_current_strong_only_not_negative	FALSE	FALSE	T2	25	FALSE
EVIDENCE_001077	GENE:TMEM243	TMEM243	driver_candidate	TCGA_driver_composite	genome+transcriptome	TCGA-ESCC GDC DR45	unique patient	TCGA_ESCC_DR45_driver_core	CNV-RNA Spearman rho	0.582856173903802	5.75186057199522e-10	7.0274658741853e-09	positive	support	TCGA_evaluable_Cao_not_profiled_current_strong_only_not_negative	FALSE	FALSE	T2	25	FALSE
EVIDENCE_001078	GENE:TMEM249	TMEM249	driver_candidate	TCGA_driver_composite	genome+transcriptome	TCGA-ESCC GDC DR45	unique patient	TCGA_ESCC_DR45_driver_core	CNV-RNA Spearman rho	0.43444105127054	1.08824264278406e-05	4.05437520440288e-05	positive	support	TCGA_evaluable_Cao_not_profiled_current_strong_only_not_negative	FALSE	FALSE	T2	25	FALSE
EVIDENCE_001079	GENE:TMEM267	TMEM267	driver_candidate	TCGA_driver_composite	genome+transcriptome	TCGA-ESCC GDC DR45	unique patient	TCGA_ESCC_DR45_driver_core	CNV-RNA Spearman rho	0.692352544219823	7.77452245186584e-15	4.32440761993696e-13	positive	support	TCGA_evaluable_Cao_not_profiled_current_strong_only_not_negative	FALSE	FALSE	T2	25	FALSE
EVIDENCE_001080	GENE:TMEM39A	TMEM39A	driver_candidate	TCGA_driver_composite	genome+transcriptome	TCGA-ESCC GDC DR45	unique patient	TCGA_ESCC_DR45_driver_core	CNV-RNA Spearman rho	0.715379834205174	3.79177639339394e-16	3.53583148683985e-14	positive	support	TCGA_evaluable_Cao_not_profiled_current_strong_only_not_negative	FALSE	FALSE	T2	25	FALSE
EVIDENCE_001081	GENE:TMEM41A	TMEM41A	driver_candidate	TCGA_driver_composite	genome+transcriptome	TCGA-ESCC GDC DR45	unique patient	TCGA_ESCC_DR45_driver_core	CNV-RNA Spearman rho	0.472600538530241	1.32680288658292e-06	6.33528396372162e-06	positive	support	TCGA_evaluable_Cao_not_profiled_current_strong_only_not_negative	FALSE	FALSE	T2	25	FALSE
EVIDENCE_001082	GENE:TMEM44	TMEM44	driver_candidate	TCGA_driver_composite	genome+transcriptome	TCGA-ESCC GDC DR45	unique patient	TCGA_ESCC_DR45_driver_core	CNV-RNA Spearman rho	0.567334705415861	2.03997881772863e-09	2.10504567668304e-08	positive	support	TCGA_evaluable_Cao_not_profiled_current_strong_only_not_negative	FALSE	FALSE	T2	25	FALSE
EVIDENCE_001083	GENE:TMEM63A	TMEM63A	driver_candidate	TCGA_driver_composite	genome+transcriptome	TCGA-ESCC GDC DR45	unique patient	TCGA_ESCC_DR45_driver_core	CNV-RNA Spearman rho	0.431947133860049	1.23796422238154e-05	4.54936605860407e-05	positive	support	TCGA_evaluable_Cao_not_profiled_current_strong_only_not_negative	FALSE	FALSE	T2	25	FALSE
EVIDENCE_001084	GENE:TMEM64	TMEM64	driver_candidate	TCGA_driver_composite	genome+transcriptome	TCGA-ESCC GDC DR45	unique patient	TCGA_ESCC_DR45_driver_core	CNV-RNA Spearman rho	0.380918560207143	0.000139979706407037	0.000399038000014523	positive	support	TCGA_evaluable_Cao_not_profiled_current_strong_only_not_negative	FALSE	FALSE	T2	25	FALSE
EVIDENCE_001085	GENE:TMEM65	TMEM65	driver_candidate	TCGA_driver_composite	genome+transcriptome	TCGA-ESCC GDC DR45	unique patient	TCGA_ESCC_DR45_driver_core	CNV-RNA Spearman rho	0.591557357028115	2.74628538104414e-10	3.65121338620015e-09	positive	support	TCGA_evaluable_Cao_not_profiled_current_strong_only_not_negative	FALSE	FALSE	T2	25	FALSE
EVIDENCE_001086	GENE:TMEM67	TMEM67	driver_candidate	TCGA_driver_composite	genome+transcriptome	TCGA-ESCC GDC DR45	unique patient	TCGA_ESCC_DR45_driver_core	CNV-RNA Spearman rho	0.502946249160214	2.0560483054525e-07	1.20996773131084e-06	positive	support	TCGA_evaluable_Cao_not_profiled_current_strong_only_not_negative	FALSE	FALSE	T2	25	FALSE
EVIDENCE_001087	GENE:TMEM68	TMEM68	driver_candidate	TCGA_driver_composite	genome+transcriptome	TCGA-ESCC GDC DR45	unique patient	TCGA_ESCC_DR45_driver_core	CNV-RNA Spearman rho	0.522147676147557	5.7369479462675e-08	3.93914314318162e-07	positive	support	TCGA_evaluable_Cao_not_profiled_current_strong_only_not_negative	FALSE	FALSE	T2	25	FALSE
EVIDENCE_001088	GENE:TMPRSS7	TMPRSS7	driver_candidate	TCGA_driver_composite	genome+transcriptome	TCGA-ESCC GDC DR45	unique patient	TCGA_ESCC_DR45_driver_core	CNV-RNA Spearman rho	0.307540015139575	0.00243195193982757	0.00522657422485905	positive	support	TCGA_evaluable_Cao_not_profiled_current_strong_only_not_negative	FALSE	FALSE	T2	25	FALSE
EVIDENCE_001089	GENE:TMSB4Y	TMSB4Y	driver_candidate	TCGA_driver_composite	genome+transcriptome	TCGA-ESCC GDC DR45	unique patient	TCGA_ESCC_DR45_driver_core	CNV-RNA Spearman rho	0.704157931441947	1.7132578642052e-15	1.24157349907716e-13	positive	support	TCGA_evaluable_Cao_not_profiled_current_strong_only_not_negative	FALSE	FALSE	T2	25	FALSE
EVIDENCE_001090	GENE:TNFSF10	TNFSF10	driver_candidate	TCGA_driver_composite	genome+transcriptome	TCGA-ESCC GDC DR45	unique patient	TCGA_ESCC_DR45_driver_core	CNV-RNA Spearman rho	0.302653292594552	0.00287218888981999	0.00607388686021295	positive	support	TCGA_evaluable_Cao_not_profiled_current_strong_only_not_negative	FALSE	FALSE	T2	25	FALSE
EVIDENCE_001091	GENE:TNIK	TNIK	driver_candidate	TCGA_driver_composite	genome+transcriptome	TCGA-ESCC GDC DR45	unique patient	TCGA_ESCC_DR45_driver_core	CNV-RNA Spearman rho	0.333231201878635	0.000967588240817089	0.00226276121520235	positive	support	TCGA_evaluable_Cao_not_profiled_current_strong_only_not_negative	FALSE	FALSE	T2	25	FALSE
EVIDENCE_001092	GENE:TNK2	TNK2	driver_candidate	TCGA_driver_composite	genome+transcriptome	TCGA-ESCC GDC DR45	unique patient	TCGA_ESCC_DR45_driver_core	CNV-RNA Spearman rho	0.622575110104061	1.63129416539472e-11	2.99393235970129e-10	positive	support	TCGA_evaluable_Cao_not_profiled_current_strong_only_not_negative	FALSE	FALSE	T2	25	FALSE
EVIDENCE_001093	GENE:TNN	TNN	driver_candidate	TCGA_driver_composite	genome+transcriptome	TCGA-ESCC GDC DR45	unique patient	TCGA_ESCC_DR45_driver_core	CNV-RNA Spearman rho	-0.0350033076378443	0.736300261767227	0.784619773105787	negative	same_direction_nonsignificant	TCGA_evaluable_Cao_not_profiled_current_strong_only_not_negative	FALSE	FALSE	T2	25	FALSE
EVIDENCE_001094	GENE:TNRC18	TNRC18	driver_candidate	TCGA_driver_composite	genome+transcriptome	TCGA-ESCC GDC DR45	unique patient	TCGA_ESCC_DR45_driver_core	CNV-RNA Spearman rho	0.453877959506026	3.84566287965328e-06	1.61225443437233e-05	positive	support	TCGA_evaluable_Cao_not_profiled_current_strong_only_not_negative	FALSE	FALSE	T2	25	FALSE
EVIDENCE_001095	GENE:TNXB	TNXB	driver_candidate	TCGA_driver_composite	genome+transcriptome	TCGA-ESCC GDC DR45	unique patient	TCGA_ESCC_DR45_driver_core	mutated patient count	5			event_recurrence	not_comparable	TCGA_evaluable_Cao_not_profiled_current_strong_only_not_negative	FALSE	FALSE	T2	25	FALSE
EVIDENCE_001096	GENE:TOMM20	TOMM20	driver_candidate	TCGA_driver_composite	genome+transcriptome	TCGA-ESCC GDC DR45	unique patient	TCGA_ESCC_DR45_driver_core	CNV-RNA Spearman rho	0.484625056816492	6.4747975649221e-07	3.33117171271165e-06	positive	support	TCGA_evaluable_Cao_not_profiled_current_strong_only_not_negative	FALSE	FALSE	T2	25	FALSE
EVIDENCE_001097	GENE:TOMM70	TOMM70	driver_candidate	TCGA_driver_composite	genome+transcriptome	TCGA-ESCC GDC DR45	unique patient	TCGA_ESCC_DR45_driver_core	CNV-RNA Spearman rho	0.661104798547404	3.06944529256117e-13	1.00585801551062e-11	positive	support	TCGA_evaluable_Cao_not_profiled_current_strong_only_not_negative	FALSE	FALSE	T2	25	FALSE
EVIDENCE_001098	GENE:TONSL	TONSL	driver_candidate	TCGA_driver_composite	genome+transcriptome	TCGA-ESCC GDC DR45	unique patient	TCGA_ESCC_DR45_driver_core	CNV-RNA Spearman rho	0.461595611894068	2.4990013809235e-06	1.10081054230191e-05	positive	support	TCGA_evaluable_Cao_not_profiled_current_strong_only_not_negative	FALSE	FALSE	T2	25	FALSE
EVIDENCE_001099	GENE:TOP1MT	TOP1MT	driver_candidate	TCGA_driver_composite	genome+transcriptome	TCGA-ESCC GDC DR45	unique patient	TCGA_ESCC_DR45_driver_core	CNV-RNA Spearman rho	0.544324998906099	1.18638716469719e-08	9.88552038284476e-08	positive	support	TCGA_evaluable_Cao_not_profiled_current_strong_only_not_negative	FALSE	FALSE	T2	25	FALSE
EVIDENCE_001100	GENE:TOPBP1	TOPBP1	driver_candidate	TCGA_driver_composite	genome+transcriptome	TCGA-ESCC GDC DR45	unique patient	TCGA_ESCC_DR45_driver_core	CNV-RNA Spearman rho	0.703898724350767	1.77251715619012e-15	1.27000353529961e-13	positive	support	TCGA_evaluable_Cao_not_profiled_current_strong_only_not_negative	FALSE	FALSE	T2	25	FALSE
EVIDENCE_001101	GENE:TP53BP2	TP53BP2	driver_candidate	TCGA_driver_composite	genome+transcriptome	TCGA-ESCC GDC DR45	unique patient	TCGA_ESCC_DR45_driver_core	CNV-RNA Spearman rho	0.333687007420765	0.000951201468375199	0.00222813761025753	positive	support	TCGA_evaluable_Cao_not_profiled_current_strong_only_not_negative	FALSE	FALSE	T2	25	FALSE
EVIDENCE_001102	GENE:TP63	TP63	driver_candidate	TCGA_driver_composite	genome+transcriptome	TCGA-ESCC GDC DR45	unique patient	TCGA_ESCC_DR45_driver_core	CNV-RNA Spearman rho	0.522966978256143	5.42324050889696e-08	3.74809461219789e-07	positive	support	TCGA_evaluable_Cao_not_profiled_current_strong_only_not_negative	FALSE	FALSE	T2	25	FALSE
EVIDENCE_001103	GENE:TPCN2	TPCN2	driver_candidate	TCGA_driver_composite	genome+transcriptome	TCGA-ESCC GDC DR45	unique patient	TCGA_ESCC_DR45_driver_core	CNV-RNA Spearman rho	0.82382759717193	1.17601665987954e-24	2.1422970730909e-21	positive	support	TCGA_evaluable_Cao_not_profiled_current_strong_only_not_negative	FALSE	FALSE	T2	25	FALSE
EVIDENCE_001104	GENE:TPD52	TPD52	driver_candidate	TCGA_driver_composite	genome+transcriptome	TCGA-ESCC GDC DR45	unique patient	TCGA_ESCC_DR45_driver_core	CNV-RNA Spearman rho	0.313739722723176	0.00196121878579722	0.00431434061344032	positive	support	TCGA_evaluable_Cao_not_profiled_current_strong_only_not_negative	FALSE	FALSE	T2	25	FALSE
EVIDENCE_001105	GENE:TPPP	TPPP	driver_candidate	TCGA_driver_composite	genome+transcriptome	TCGA-ESCC GDC DR45	unique patient	TCGA_ESCC_DR45_driver_core	CNV-RNA Spearman rho	0.318714742766471	0.00164480680364456	0.00368281071395132	positive	support	TCGA_evaluable_Cao_not_profiled_current_strong_only_not_negative	FALSE	FALSE	T2	25	FALSE
EVIDENCE_001106	GENE:TPRA1	TPRA1	driver_candidate	TCGA_driver_composite	genome+transcriptome	TCGA-ESCC GDC DR45	unique patient	TCGA_ESCC_DR45_driver_core	CNV-RNA Spearman rho	0.579164947064503	7.81941947046196e-10	9.20760238852354e-09	positive	support	TCGA_evaluable_Cao_not_profiled_current_strong_only_not_negative	FALSE	FALSE	T2	25	FALSE
EVIDENCE_001107	GENE:TPRG1	TPRG1	driver_candidate	TCGA_driver_composite	genome+transcriptome	TCGA-ESCC GDC DR45	unique patient	TCGA_ESCC_DR45_driver_core	CNV-RNA Spearman rho	0.310825735244474	0.00217112942001541	0.00472691215530221	positive	support	TCGA_evaluable_Cao_not_profiled_current_strong_only_not_negative	FALSE	FALSE	T2	25	FALSE
EVIDENCE_001108	GENE:TRA2B	TRA2B	driver_candidate	TCGA_driver_composite	genome+transcriptome	TCGA-ESCC GDC DR45	unique patient	TCGA_ESCC_DR45_driver_core	CNV-RNA Spearman rho	0.619603824154135	2.16695932095207e-11	3.81156423138892e-10	positive	support	TCGA_evaluable_Cao_not_profiled_current_strong_only_not_negative	FALSE	FALSE	T2	25	FALSE
EVIDENCE_001109	GENE:TRAM1	TRAM1	driver_candidate	TCGA_driver_composite	genome+transcriptome	TCGA-ESCC GDC DR45	unique patient	TCGA_ESCC_DR45_driver_core	CNV-RNA Spearman rho	0.421293260670665	2.12300892955082e-05	7.33839272925821e-05	positive	support	TCGA_evaluable_Cao_not_profiled_current_strong_only_not_negative	FALSE	FALSE	T2	25	FALSE
EVIDENCE_001110	GENE:TRAPPC2	TRAPPC2	driver_candidate	TCGA_driver_composite	genome+transcriptome	TCGA-ESCC GDC DR45	unique patient	TCGA_ESCC_DR45_driver_core	CNV-RNA Spearman rho	0.530199807949602	3.27972282423628e-08	2.40424536745459e-07	positive	support	TCGA_evaluable_Cao_not_profiled_current_strong_only_not_negative	FALSE	FALSE	T2	25	FALSE
EVIDENCE_001111	GENE:TRAPPC9	TRAPPC9	driver_candidate	TCGA_driver_composite	genome+transcriptome	TCGA-ESCC GDC DR45	unique patient	TCGA_ESCC_DR45_driver_core	CNV-RNA Spearman rho	0.319029979432088	0.00162640860559485	0.0036435460053266	positive	support	TCGA_evaluable_Cao_not_profiled_current_strong_only_not_negative	FALSE	FALSE	T2	25	FALSE
EVIDENCE_001112	GENE:TRIB1	TRIB1	driver_candidate	TCGA_driver_composite	genome+transcriptome	TCGA-ESCC GDC DR45	unique patient	TCGA_ESCC_DR45_driver_core	CNV-RNA Spearman rho	0.361971859576799	0.000312883040337518	0.000818816078737186	positive	support	TCGA_evaluable_Cao_not_profiled_current_strong_only_not_negative	FALSE	FALSE	T2	25	FALSE
EVIDENCE_001113	GENE:TRIM11	TRIM11	driver_candidate	TCGA_driver_composite	genome+transcriptome	TCGA-ESCC GDC DR45	unique patient	TCGA_ESCC_DR45_driver_core	CNV-RNA Spearman rho	0.466101025337885	1.93353696770645e-06	8.82068761481017e-06	positive	support	TCGA_evaluable_Cao_not_profiled_current_strong_only_not_negative	FALSE	FALSE	T2	25	FALSE
EVIDENCE_001114	GENE:TRIM17	TRIM17	driver_candidate	TCGA_driver_composite	genome+transcriptome	TCGA-ESCC GDC DR45	unique patient	TCGA_ESCC_DR45_driver_core	CNV-RNA Spearman rho	0.469287058792122	1.60917266020985e-06	7.53879855071344e-06	positive	support	TCGA_evaluable_Cao_not_profiled_current_strong_only_not_negative	FALSE	FALSE	T2	25	FALSE
EVIDENCE_001115	GENE:TRIM4	TRIM4	driver_candidate	TCGA_driver_composite	genome+transcriptome	TCGA-ESCC GDC DR45	unique patient	TCGA_ESCC_DR45_driver_core	CNV-RNA Spearman rho	0.549005085021222	8.38234287456312e-09	7.26622504000065e-08	positive	support	TCGA_evaluable_Cao_not_profiled_current_strong_only_not_negative	FALSE	FALSE	T2	25	FALSE
EVIDENCE_001116	GENE:TRIM56	TRIM56	driver_candidate	TCGA_driver_composite	genome+transcriptome	TCGA-ESCC GDC DR45	unique patient	TCGA_ESCC_DR45_driver_core	CNV-RNA Spearman rho	0.525789643934802	4.46297401637489e-08	3.15317194850509e-07	positive	support	TCGA_evaluable_Cao_not_profiled_current_strong_only_not_negative	FALSE	FALSE	T2	25	FALSE
EVIDENCE_001117	GENE:TRIM59	TRIM59	driver_candidate	TCGA_driver_composite	genome+transcriptome	TCGA-ESCC GDC DR45	unique patient	TCGA_ESCC_DR45_driver_core	CNV-RNA Spearman rho	0.639909402762168	2.92630321408804e-12	7.00214667189897e-11	positive	support	TCGA_evaluable_Cao_not_profiled_current_strong_only_not_negative	FALSE	FALSE	T2	25	FALSE
EVIDENCE_001118	GENE:TRIM67	TRIM67	driver_candidate	TCGA_driver_composite	genome+transcriptome	TCGA-ESCC GDC DR45	unique patient	TCGA_ESCC_DR45_driver_core	CNV-RNA Spearman rho	0.328812010294509	0.00114032657292286	0.00263129941735948	positive	support	TCGA_evaluable_Cao_not_profiled_current_strong_only_not_negative	FALSE	FALSE	T2	25	FALSE
EVIDENCE_001119	GENE:TRIO	TRIO	driver_candidate	TCGA_driver_composite	genome+transcriptome	TCGA-ESCC GDC DR45	unique patient	TCGA_ESCC_DR45_driver_core	CNV-RNA Spearman rho	0.615774820858989	3.11075284807288e-11	5.26007568256803e-10	positive	support	TCGA_evaluable_Cao_not_profiled_current_strong_only_not_negative	FALSE	FALSE	T2	25	FALSE
EVIDENCE_001120	GENE:TRIP11	TRIP11	driver_candidate	TCGA_driver_composite	genome+transcriptome	TCGA-ESCC GDC DR45	unique patient	TCGA_ESCC_DR45_driver_core	CNV-RNA Spearman rho	0.585973307661747	4.42466107128054e-10	5.55030185024528e-09	positive	support	TCGA_evaluable_Cao_not_profiled_current_strong_only_not_negative	FALSE	FALSE	T2	25	FALSE
EVIDENCE_001121	GENE:TRIP13	TRIP13	driver_candidate	TCGA_driver_composite	genome+transcriptome	TCGA-ESCC GDC DR45	unique patient	TCGA_ESCC_DR45_driver_core	CNV-RNA Spearman rho	0.636702818484141	4.05420994684374e-12	9.08400893036613e-11	positive	support	TCGA_evaluable_Cao_not_profiled_current_strong_only_not_negative	FALSE	FALSE	T2	25	FALSE
EVIDENCE_001122	GENE:TRIP6	TRIP6	driver_candidate	TCGA_driver_composite	genome+transcriptome	TCGA-ESCC GDC DR45	unique patient	TCGA_ESCC_DR45_driver_core	CNV-RNA Spearman rho	0.537477070620383	1.95368009787437e-08	1.52190239565373e-07	positive	support	TCGA_evaluable_Cao_not_profiled_current_strong_only_not_negative	FALSE	FALSE	T2	25	FALSE
EVIDENCE_001123	GENE:TRIQK	TRIQK	driver_candidate	TCGA_driver_composite	genome+transcriptome	TCGA-ESCC GDC DR45	unique patient	TCGA_ESCC_DR45_driver_core	CNV-RNA Spearman rho	0.363378649999402	0.000295240599086134	0.000777943336299678	positive	support	TCGA_evaluable_Cao_not_profiled_current_strong_only_not_negative	FALSE	FALSE	T2	25	FALSE
EVIDENCE_001124	GENE:TRMT10C	TRMT10C	driver_candidate	TCGA_driver_composite	genome+transcriptome	TCGA-ESCC GDC DR45	unique patient	TCGA_ESCC_DR45_driver_core	CNV-RNA Spearman rho	0.603159160831922	9.89715271772678e-11	1.47318885875835e-09	positive	support	TCGA_evaluable_Cao_not_profiled_current_strong_only_not_negative	FALSE	FALSE	T2	25	FALSE
EVIDENCE_001125	GENE:TRMT12	TRMT12	driver_candidate	TCGA_driver_composite	genome+transcriptome	TCGA-ESCC GDC DR45	unique patient	TCGA_ESCC_DR45_driver_core	CNV-RNA Spearman rho	0.460343155838885	2.68199418930643e-06	1.1737125752498e-05	positive	support	TCGA_evaluable_Cao_not_profiled_current_strong_only_not_negative	FALSE	FALSE	T2	25	FALSE
EVIDENCE_000018	GENE:TRRAP	TRRAP	driver_candidate	TCGA_driver_composite	genome+transcriptome	TCGA-ESCC GDC DR45	unique patient	TCGA_ESCC_DR45_driver_core	CNV-RNA Spearman rho	0.601224479584046	1.17668331037243e-10	1.71920480900267e-09	positive	support	TCGA_evaluable_Cao_not_profiled_current_strong_only_not_negative	FALSE	FALSE	T2	27	FALSE
EVIDENCE_001126	GENE:TSC22D4	TSC22D4	driver_candidate	TCGA_driver_composite	genome+transcriptome	TCGA-ESCC GDC DR45	unique patient	TCGA_ESCC_DR45_driver_core	CNV-RNA Spearman rho	0.50260042077791	2.10236754822533e-07	1.23493400864259e-06	positive	support	TCGA_evaluable_Cao_not_profiled_current_strong_only_not_negative	FALSE	FALSE	T2	25	FALSE
EVIDENCE_001127	GENE:TSKU	TSKU	driver_candidate	TCGA_driver_composite	genome+transcriptome	TCGA-ESCC GDC DR45	unique patient	TCGA_ESCC_DR45_driver_core	CNV-RNA Spearman rho	0.527209564491569	4.04349933831479e-08	2.87926213411051e-07	positive	support	TCGA_evaluable_Cao_not_profiled_current_strong_only_not_negative	FALSE	FALSE	T2	25	FALSE
EVIDENCE_001128	GENE:TSNARE1	TSNARE1	driver_candidate	TCGA_driver_composite	genome+transcriptome	TCGA-ESCC GDC DR45	unique patient	TCGA_ESCC_DR45_driver_core	CNV-RNA Spearman rho	0.486311427302815	5.84214258412867e-07	3.04521382046526e-06	positive	support	TCGA_evaluable_Cao_not_profiled_current_strong_only_not_negative	FALSE	FALSE	T2	25	FALSE
EVIDENCE_001129	GENE:TSNAX	TSNAX	driver_candidate	TCGA_driver_composite	genome+transcriptome	TCGA-ESCC GDC DR45	unique patient	TCGA_ESCC_DR45_driver_core	CNV-RNA Spearman rho	0.676524035737372	5.29292293093357e-14	2.19362250359803e-12	positive	support	TCGA_evaluable_Cao_not_profiled_current_strong_only_not_negative	FALSE	FALSE	T2	25	FALSE
EVIDENCE_001130	GENE:TSR2	TSR2	driver_candidate	TCGA_driver_composite	genome+transcriptome	TCGA-ESCC GDC DR45	unique patient	TCGA_ESCC_DR45_driver_core	CNV-RNA Spearman rho	0.301918609549039	0.00294423090560156	0.00621276811062212	positive	support	TCGA_evaluable_Cao_not_profiled_current_strong_only_not_negative	FALSE	FALSE	T2	25	FALSE
EVIDENCE_001131	GENE:TTC13	TTC13	driver_candidate	TCGA_driver_composite	genome+transcriptome	TCGA-ESCC GDC DR45	unique patient	TCGA_ESCC_DR45_driver_core	CNV-RNA Spearman rho	0.362801499095179	0.000302364673199693	0.000794568749589414	positive	support	TCGA_evaluable_Cao_not_profiled_current_strong_only_not_negative	FALSE	FALSE	T2	25	FALSE
EVIDENCE_001132	GENE:TTC14	TTC14	driver_candidate	TCGA_driver_composite	genome+transcriptome	TCGA-ESCC GDC DR45	unique patient	TCGA_ESCC_DR45_driver_core	CNV-RNA Spearman rho	0.430686215550636	1.32082452172566e-05	4.81618648203705e-05	positive	support	TCGA_evaluable_Cao_not_profiled_current_strong_only_not_negative	FALSE	FALSE	T2	25	FALSE
EVIDENCE_001133	GENE:TTC33	TTC33	driver_candidate	TCGA_driver_composite	genome+transcriptome	TCGA-ESCC GDC DR45	unique patient	TCGA_ESCC_DR45_driver_core	CNV-RNA Spearman rho	0.52722987725468	4.03778056344624e-08	2.8768052306531e-07	positive	support	TCGA_evaluable_Cao_not_profiled_current_strong_only_not_negative	FALSE	FALSE	T2	25	FALSE
EVIDENCE_001134	GENE:TTN	TTN	driver_candidate	TCGA_driver_composite	genome+transcriptome	TCGA-ESCC GDC DR45	unique patient	TCGA_ESCC_DR45_driver_core	CNV-RNA Spearman rho	0.246748665984275	0.0159276530589399	0.0285182120702352	positive	same_direction_nonsignificant	TCGA_evaluable_Cao_not_profiled_current_strong_only_not_negative	FALSE	FALSE	T2	25	FALSE
EVIDENCE_001135	GENE:TXLNG	TXLNG	driver_candidate	TCGA_driver_composite	genome+transcriptome	TCGA-ESCC GDC DR45	unique patient	TCGA_ESCC_DR45_driver_core	CNV-RNA Spearman rho	0.556159810347767	4.87764724545164e-09	4.4889929148634e-08	positive	support	TCGA_evaluable_Cao_not_profiled_current_strong_only_not_negative	FALSE	FALSE	T2	25	FALSE
EVIDENCE_001136	GENE:TXNRD3	TXNRD3	driver_candidate	TCGA_driver_composite	genome+transcriptome	TCGA-ESCC GDC DR45	unique patient	TCGA_ESCC_DR45_driver_core	CNV-RNA Spearman rho	0.376610311330878	0.000168804842003225	0.000472057994770649	positive	support	TCGA_evaluable_Cao_not_profiled_current_strong_only_not_negative	FALSE	FALSE	T2	25	FALSE
EVIDENCE_001137	GENE:U2SURP	U2SURP	driver_candidate	TCGA_driver_composite	genome+transcriptome	TCGA-ESCC GDC DR45	unique patient	TCGA_ESCC_DR45_driver_core	CNV-RNA Spearman rho	0.682630973137043	2.56145184113417e-14	1.23046713065392e-12	positive	support	TCGA_evaluable_Cao_not_profiled_current_strong_only_not_negative	FALSE	FALSE	T2	25	FALSE
EVIDENCE_001138	GENE:UBA1	UBA1	driver_candidate	TCGA_driver_composite	genome+transcriptome	TCGA-ESCC GDC DR45	unique patient	TCGA_ESCC_DR45_driver_core	CNV-RNA Spearman rho	0.434220464657846	1.10076642694038e-05	4.09501901626808e-05	positive	support	TCGA_evaluable_Cao_not_profiled_current_strong_only_not_negative	FALSE	FALSE	T2	25	FALSE
EVIDENCE_001139	GENE:UBA5	UBA5	driver_candidate	TCGA_driver_composite	genome+transcriptome	TCGA-ESCC GDC DR45	unique patient	TCGA_ESCC_DR45_driver_core	CNV-RNA Spearman rho	0.772055927831756	5.23664264008122e-20	2.55427315236577e-17	positive	support	TCGA_evaluable_Cao_not_profiled_current_strong_only_not_negative	FALSE	FALSE	T2	25	FALSE
EVIDENCE_001140	GENE:UBE2V2	UBE2V2	driver_candidate	TCGA_driver_composite	genome+transcriptome	TCGA-ESCC GDC DR45	unique patient	TCGA_ESCC_DR45_driver_core	CNV-RNA Spearman rho	0.396380261716531	6.99485151663543e-05	0.000213858984893854	positive	support	TCGA_evaluable_Cao_not_profiled_current_strong_only_not_negative	FALSE	FALSE	T2	25	FALSE
EVIDENCE_001141	GENE:UBE2W	UBE2W	driver_candidate	TCGA_driver_composite	genome+transcriptome	TCGA-ESCC GDC DR45	unique patient	TCGA_ESCC_DR45_driver_core	CNV-RNA Spearman rho	0.528099695527776	3.80000509480758e-08	2.72269291595196e-07	positive	support	TCGA_evaluable_Cao_not_profiled_current_strong_only_not_negative	FALSE	FALSE	T2	25	FALSE
EVIDENCE_001142	GENE:UBL4A	UBL4A	driver_candidate	TCGA_driver_composite	genome+transcriptome	TCGA-ESCC GDC DR45	unique patient	TCGA_ESCC_DR45_driver_core	CNV-RNA Spearman rho	0.434598919779298	1.07936195917901e-05	4.02483633234585e-05	positive	support	TCGA_evaluable_Cao_not_profiled_current_strong_only_not_negative	FALSE	FALSE	T2	25	FALSE
EVIDENCE_001143	GENE:UBR5	UBR5	driver_candidate	TCGA_driver_composite	genome+transcriptome	TCGA-ESCC GDC DR45	unique patient	TCGA_ESCC_DR45_driver_core	CNV-RNA Spearman rho	0.519119573375086	7.05321013029538e-08	4.71776428651931e-07	positive	support	TCGA_evaluable_Cao_not_profiled_current_strong_only_not_negative	FALSE	FALSE	T2	25	FALSE
EVIDENCE_001144	GENE:UBXN2B	UBXN2B	driver_candidate	TCGA_driver_composite	genome+transcriptome	TCGA-ESCC GDC DR45	unique patient	TCGA_ESCC_DR45_driver_core	CNV-RNA Spearman rho	0.530228748493129	3.27305184300113e-08	2.40213214542479e-07	positive	support	TCGA_evaluable_Cao_not_profiled_current_strong_only_not_negative	FALSE	FALSE	T2	25	FALSE
EVIDENCE_001145	GENE:UBXN7	UBXN7	driver_candidate	TCGA_driver_composite	genome+transcriptome	TCGA-ESCC GDC DR45	unique patient	TCGA_ESCC_DR45_driver_core	CNV-RNA Spearman rho	0.669094707235633	1.25072096053473e-13	4.56139191454356e-12	positive	support	TCGA_evaluable_Cao_not_profiled_current_strong_only_not_negative	FALSE	FALSE	T2	25	FALSE
EVIDENCE_001146	GENE:UCP2	UCP2	driver_candidate	TCGA_driver_composite	genome+transcriptome	TCGA-ESCC GDC DR45	unique patient	TCGA_ESCC_DR45_driver_core	CNV-RNA Spearman rho	0.396611000576826	6.92099370184361e-05	0.000211958565870033	positive	support	TCGA_evaluable_Cao_not_profiled_current_strong_only_not_negative	FALSE	FALSE	T2	25	FALSE
EVIDENCE_001147	GENE:UCP3	UCP3	driver_candidate	TCGA_driver_composite	genome+transcriptome	TCGA-ESCC GDC DR45	unique patient	TCGA_ESCC_DR45_driver_core	CNV-RNA Spearman rho	0.519964874950897	6.65936892536163e-08	4.47320533429217e-07	positive	support	TCGA_evaluable_Cao_not_profiled_current_strong_only_not_negative	FALSE	FALSE	T2	25	FALSE
EVIDENCE_001148	GENE:UFSP1	UFSP1	driver_candidate	TCGA_driver_composite	genome+transcriptome	TCGA-ESCC GDC DR45	unique patient	TCGA_ESCC_DR45_driver_core	CNV-RNA Spearman rho	0.332235160809776	0.00100429571644836	0.00234212546450867	positive	support	TCGA_evaluable_Cao_not_profiled_current_strong_only_not_negative	FALSE	FALSE	T2	25	FALSE
EVIDENCE_001149	GENE:UMPS	UMPS	driver_candidate	TCGA_driver_composite	genome+transcriptome	TCGA-ESCC GDC DR45	unique patient	TCGA_ESCC_DR45_driver_core	CNV-RNA Spearman rho	0.623543226355448	1.48617510334124e-11	2.75550769891427e-10	positive	support	TCGA_evaluable_Cao_not_profiled_current_strong_only_not_negative	FALSE	FALSE	T2	25	FALSE
EVIDENCE_001150	GENE:UNC13C	UNC13C	driver_candidate	TCGA_driver_composite	genome+transcriptome	TCGA-ESCC GDC DR45	unique patient	TCGA_ESCC_DR45_driver_core	mutated patient count	6			event_recurrence	not_comparable	TCGA_evaluable_Cao_not_profiled_current_strong_only_not_negative	FALSE	FALSE	T2	25	FALSE
EVIDENCE_001151	GENE:UNC93B1	UNC93B1	driver_candidate	TCGA_driver_composite	genome+transcriptome	TCGA-ESCC GDC DR45	unique patient	TCGA_ESCC_DR45_driver_core	CNV-RNA Spearman rho	0.509406215080198	1.34996848030322e-07	8.3923040525517e-07	positive	support	TCGA_evaluable_Cao_not_profiled_current_strong_only_not_negative	FALSE	FALSE	T2	25	FALSE
EVIDENCE_001152	GENE:URB2	URB2	driver_candidate	TCGA_driver_composite	genome+transcriptome	TCGA-ESCC GDC DR45	unique patient	TCGA_ESCC_DR45_driver_core	CNV-RNA Spearman rho	0.375017220453064	0.000180788256915451	0.000502276583684896	positive	support	TCGA_evaluable_Cao_not_profiled_current_strong_only_not_negative	FALSE	FALSE	T2	25	FALSE
EVIDENCE_001153	GENE:USF3	USF3	driver_candidate	TCGA_driver_composite	genome+transcriptome	TCGA-ESCC GDC DR45	unique patient	TCGA_ESCC_DR45_driver_core	CNV-RNA Spearman rho	0.640693327348792	2.7005501919332e-12	6.56099186476952e-11	positive	support	TCGA_evaluable_Cao_not_profiled_current_strong_only_not_negative	FALSE	FALSE	T2	25	FALSE
EVIDENCE_001154	GENE:USH2A	USH2A	driver_candidate	TCGA_driver_composite	genome+transcriptome	TCGA-ESCC GDC DR45	unique patient	TCGA_ESCC_DR45_driver_core	CNV-RNA Spearman rho	0.367233307049001	0.000251488017893551	0.000674143107783981	positive	support	TCGA_evaluable_Cao_not_profiled_current_strong_only_not_negative	FALSE	FALSE	T2	25	FALSE
EVIDENCE_001155	GENE:USP13	USP13	driver_candidate	TCGA_driver_composite	genome+transcriptome	TCGA-ESCC GDC DR45	unique patient	TCGA_ESCC_DR45_driver_core	CNV-RNA Spearman rho	0.539921887132785	1.6370744672492e-08	1.30083824521644e-07	positive	support	TCGA_evaluable_Cao_not_profiled_current_strong_only_not_negative	FALSE	FALSE	T2	25	FALSE
EVIDENCE_001156	GENE:USP27X	USP27X	driver_candidate	TCGA_driver_composite	genome+transcriptome	TCGA-ESCC GDC DR45	unique patient	TCGA_ESCC_DR45_driver_core	CNV-RNA Spearman rho	0.389739914682852	9.46243457102826e-05	0.000280904951380572	positive	support	TCGA_evaluable_Cao_not_profiled_current_strong_only_not_negative	FALSE	FALSE	T2	25	FALSE
EVIDENCE_001157	GENE:USP42	USP42	driver_candidate	TCGA_driver_composite	genome+transcriptome	TCGA-ESCC GDC DR45	unique patient	TCGA_ESCC_DR45_driver_core	CNV-RNA Spearman rho	0.593825145729443	2.25678817845286e-10	3.07344170087699e-09	positive	support	TCGA_evaluable_Cao_not_profiled_current_strong_only_not_negative	FALSE	FALSE	T2	25	FALSE
EVIDENCE_001158	GENE:USP9X	USP9X	driver_candidate	TCGA_driver_composite	genome+transcriptome	TCGA-ESCC GDC DR45	unique patient	TCGA_ESCC_DR45_driver_core	CNV-RNA Spearman rho	0.501340476769522	2.27965067673307e-07	1.32429149197878e-06	positive	support	TCGA_evaluable_Cao_not_profiled_current_strong_only_not_negative	FALSE	FALSE	T2	25	FALSE
EVIDENCE_001159	GENE:USP9Y	USP9Y	driver_candidate	TCGA_driver_composite	genome+transcriptome	TCGA-ESCC GDC DR45	unique patient	TCGA_ESCC_DR45_driver_core	CNV-RNA Spearman rho	0.703255162815829	1.92835594962967e-15	1.33636121055757e-13	positive	support	TCGA_evaluable_Cao_not_profiled_current_strong_only_not_negative	FALSE	FALSE	T2	25	FALSE
EVIDENCE_001160	GENE:UTP23	UTP23	driver_candidate	TCGA_driver_composite	genome+transcriptome	TCGA-ESCC GDC DR45	unique patient	TCGA_ESCC_DR45_driver_core	CNV-RNA Spearman rho	0.678517392539792	4.18445772256077e-14	1.84965871468396e-12	positive	support	TCGA_evaluable_Cao_not_profiled_current_strong_only_not_negative	FALSE	FALSE	T2	25	FALSE
EVIDENCE_001161	GENE:UTP25	UTP25	driver_candidate	TCGA_driver_composite	genome+transcriptome	TCGA-ESCC GDC DR45	unique patient	TCGA_ESCC_DR45_driver_core	CNV-RNA Spearman rho	0.489572232704986	4.78131723623909e-07	2.54775904159597e-06	positive	support	TCGA_evaluable_Cao_not_profiled_current_strong_only_not_negative	FALSE	FALSE	T2	25	FALSE
EVIDENCE_001162	GENE:UTY	UTY	driver_candidate	TCGA_driver_composite	genome+transcriptome	TCGA-ESCC GDC DR45	unique patient	TCGA_ESCC_DR45_driver_core	CNV-RNA Spearman rho	0.698824950637568	3.42365625962408e-15	2.13885757066761e-13	positive	support	TCGA_evaluable_Cao_not_profiled_current_strong_only_not_negative	FALSE	FALSE	T2	25	FALSE
EVIDENCE_001163	GENE:UVRAG	UVRAG	driver_candidate	TCGA_driver_composite	genome+transcriptome	TCGA-ESCC GDC DR45	unique patient	TCGA_ESCC_DR45_driver_core	CNV-RNA Spearman rho	0.569402756951567	1.7298546208148e-09	1.829692769072e-08	positive	support	TCGA_evaluable_Cao_not_profiled_current_strong_only_not_negative	FALSE	FALSE	T2	25	FALSE
EVIDENCE_001164	GENE:VBP1	VBP1	driver_candidate	TCGA_driver_composite	genome+transcriptome	TCGA-ESCC GDC DR45	unique patient	TCGA_ESCC_DR45_driver_core	CNV-RNA Spearman rho	0.338300941887155	0.000798997811330694	0.00190754710905419	positive	support	TCGA_evaluable_Cao_not_profiled_current_strong_only_not_negative	FALSE	FALSE	T2	25	FALSE
EVIDENCE_001165	GENE:VCPIP1	VCPIP1	driver_candidate	TCGA_driver_composite	genome+transcriptome	TCGA-ESCC GDC DR45	unique patient	TCGA_ESCC_DR45_driver_core	CNV-RNA Spearman rho	0.604825692314221	8.51866625337003e-11	1.29072551284634e-09	positive	support	TCGA_evaluable_Cao_not_profiled_current_strong_only_not_negative	FALSE	FALSE	T2	25	FALSE
EVIDENCE_001166	GENE:VDAC3	VDAC3	driver_candidate	TCGA_driver_composite	genome+transcriptome	TCGA-ESCC GDC DR45	unique patient	TCGA_ESCC_DR45_driver_core	CNV-RNA Spearman rho	0.635993767405999	4.3550372161076e-12	9.62205260882868e-11	positive	support	TCGA_evaluable_Cao_not_profiled_current_strong_only_not_negative	FALSE	FALSE	T2	25	FALSE
EVIDENCE_001167	GENE:VIRMA	VIRMA	driver_candidate	TCGA_driver_composite	genome+transcriptome	TCGA-ESCC GDC DR45	unique patient	TCGA_ESCC_DR45_driver_core	CNV-RNA Spearman rho	0.594760999150381	2.08024759568829e-10	2.85444018810985e-09	positive	support	TCGA_evaluable_Cao_not_profiled_current_strong_only_not_negative	FALSE	FALSE	T2	25	FALSE
EVIDENCE_001168	GENE:VOPP1	VOPP1	driver_candidate	TCGA_driver_composite	genome+transcriptome	TCGA-ESCC GDC DR45	unique patient	TCGA_ESCC_DR45_driver_core	CNV-RNA Spearman rho	0.442712148144723	7.04483852799489e-06	2.75262462837191e-05	positive	support	TCGA_evaluable_Cao_not_profiled_current_strong_only_not_negative	FALSE	FALSE	T2	25	FALSE
EVIDENCE_001169	GENE:VPS13B	VPS13B	driver_candidate	TCGA_driver_composite	genome+transcriptome	TCGA-ESCC GDC DR45	unique patient	TCGA_ESCC_DR45_driver_core	CNV-RNA Spearman rho	0.476857652459721	1.03240319847079e-06	5.07871891505299e-06	positive	support	TCGA_evaluable_Cao_not_profiled_current_strong_only_not_negative	FALSE	FALSE	T2	25	FALSE
EVIDENCE_001170	GENE:VPS28	VPS28	driver_candidate	TCGA_driver_composite	genome+transcriptome	TCGA-ESCC GDC DR45	unique patient	TCGA_ESCC_DR45_driver_core	CNV-RNA Spearman rho	0.51455848147894	9.59112590596524e-08	6.22809312541993e-07	positive	support	TCGA_evaluable_Cao_not_profiled_current_strong_only_not_negative	FALSE	FALSE	T2	25	FALSE
EVIDENCE_001171	GENE:VPS50	VPS50	driver_candidate	TCGA_driver_composite	genome+transcriptome	TCGA-ESCC GDC DR45	unique patient	TCGA_ESCC_DR45_driver_core	CNV-RNA Spearman rho	0.578977765107722	7.94133179831496e-10	9.32518239502133e-09	positive	support	TCGA_evaluable_Cao_not_profiled_current_strong_only_not_negative	FALSE	FALSE	T2	25	FALSE
EVIDENCE_001172	GENE:VPS8	VPS8	driver_candidate	TCGA_driver_composite	genome+transcriptome	TCGA-ESCC GDC DR45	unique patient	TCGA_ESCC_DR45_driver_core	CNV-RNA Spearman rho	0.68138475404509	2.97458877382905e-14	1.40760204588433e-12	positive	support	TCGA_evaluable_Cao_not_profiled_current_strong_only_not_negative	FALSE	FALSE	T2	25	FALSE
EVIDENCE_001173	GENE:VWA5B2	VWA5B2	driver_candidate	TCGA_driver_composite	genome+transcriptome	TCGA-ESCC GDC DR45	unique patient	TCGA_ESCC_DR45_driver_core	CNV-RNA Spearman rho	0.550382196075943	7.5601856151624e-09	6.64897877749581e-08	positive	support	TCGA_evaluable_Cao_not_profiled_current_strong_only_not_negative	FALSE	FALSE	T2	25	FALSE
EVIDENCE_001174	GENE:WASHC5	WASHC5	driver_candidate	TCGA_driver_composite	genome+transcriptome	TCGA-ESCC GDC DR45	unique patient	TCGA_ESCC_DR45_driver_core	CNV-RNA Spearman rho	0.513729181797865	1.01374861343245e-07	6.5282704420459e-07	positive	support	TCGA_evaluable_Cao_not_profiled_current_strong_only_not_negative	FALSE	FALSE	T2	25	FALSE
EVIDENCE_001175	GENE:WBP11	WBP11	driver_candidate	TCGA_driver_composite	genome+transcriptome	TCGA-ESCC GDC DR45	unique patient	TCGA_ESCC_DR45_driver_core	CNV-RNA Spearman rho	0.570972745844263	1.52514208011823e-09	1.64331791504328e-08	positive	support	TCGA_evaluable_Cao_not_profiled_current_strong_only_not_negative	FALSE	FALSE	T2	25	FALSE
EVIDENCE_001176	GENE:WDFY3	WDFY3	driver_candidate	TCGA_driver_composite	genome+transcriptome	TCGA-ESCC GDC DR45	unique patient	TCGA_ESCC_DR45_driver_core	CNV-RNA Spearman rho	0.499419729988608	2.57749098223913e-07	1.4750785485901e-06	positive	support	TCGA_evaluable_Cao_not_profiled_current_strong_only_not_negative	FALSE	FALSE	T2	25	FALSE
EVIDENCE_001177	GENE:WDR13	WDR13	driver_candidate	TCGA_driver_composite	genome+transcriptome	TCGA-ESCC GDC DR45	unique patient	TCGA_ESCC_DR45_driver_core	CNV-RNA Spearman rho	0.373258198657701	0.000194930772581457	0.000537182107318132	positive	support	TCGA_evaluable_Cao_not_profiled_current_strong_only_not_negative	FALSE	FALSE	T2	25	FALSE
EVIDENCE_001178	GENE:WDR26	WDR26	driver_candidate	TCGA_driver_composite	genome+transcriptome	TCGA-ESCC GDC DR45	unique patient	TCGA_ESCC_DR45_driver_core	CNV-RNA Spearman rho	0.460994012972168	2.58537639217083e-06	1.13570292364082e-05	positive	support	TCGA_evaluable_Cao_not_profiled_current_strong_only_not_negative	FALSE	FALSE	T2	25	FALSE
EVIDENCE_001179	GENE:WDR45	WDR45	driver_candidate	TCGA_driver_composite	genome+transcriptome	TCGA-ESCC GDC DR45	unique patient	TCGA_ESCC_DR45_driver_core	CNV-RNA Spearman rho	0.311749663079759	0.0021024786220456	0.00459084605454241	positive	support	TCGA_evaluable_Cao_not_profiled_current_strong_only_not_negative	FALSE	FALSE	T2	25	FALSE
EVIDENCE_001180	GENE:WDR49	WDR49	driver_candidate	TCGA_driver_composite	genome+transcriptome	TCGA-ESCC GDC DR45	unique patient	TCGA_ESCC_DR45_driver_core	CNV-RNA Spearman rho	0.315458678142876	0.00184616424509735	0.00408676120724813	positive	support	TCGA_evaluable_Cao_not_profiled_current_strong_only_not_negative	FALSE	FALSE	T2	25	FALSE
EVIDENCE_001181	GENE:WDR53	WDR53	driver_candidate	TCGA_driver_composite	genome+transcriptome	TCGA-ESCC GDC DR45	unique patient	TCGA_ESCC_DR45_driver_core	CNV-RNA Spearman rho	0.541373567166167	1.47294002902189e-08	1.19131539847293e-07	positive	support	TCGA_evaluable_Cao_not_profiled_current_strong_only_not_negative	FALSE	FALSE	T2	25	FALSE
EVIDENCE_001182	GENE:WDR5B	WDR5B	driver_candidate	TCGA_driver_composite	genome+transcriptome	TCGA-ESCC GDC DR45	unique patient	TCGA_ESCC_DR45_driver_core	CNV-RNA Spearman rho	0.71473456788222	4.14336417123534e-16	3.82917027250708e-14	positive	support	TCGA_evaluable_Cao_not_profiled_current_strong_only_not_negative	FALSE	FALSE	T2	25	FALSE
EVIDENCE_001183	GENE:WDR70	WDR70	driver_candidate	TCGA_driver_composite	genome+transcriptome	TCGA-ESCC GDC DR45	unique patient	TCGA_ESCC_DR45_driver_core	CNV-RNA Spearman rho	0.752951532264146	1.36775869056219e-18	3.61373244035619e-16	positive	support	TCGA_evaluable_Cao_not_profiled_current_strong_only_not_negative	FALSE	FALSE	T2	25	FALSE
EVIDENCE_001184	GENE:WIPI2	WIPI2	driver_candidate	TCGA_driver_composite	genome+transcriptome	TCGA-ESCC GDC DR45	unique patient	TCGA_ESCC_DR45_driver_core	CNV-RNA Spearman rho	0.442534087190828	7.11195325549073e-06	2.77433993190198e-05	positive	support	TCGA_evaluable_Cao_not_profiled_current_strong_only_not_negative	FALSE	FALSE	T2	25	FALSE
EVIDENCE_001185	GENE:WNK1	WNK1	driver_candidate	TCGA_driver_composite	genome+transcriptome	TCGA-ESCC GDC DR45	unique patient	TCGA_ESCC_DR45_driver_core	CNV-RNA Spearman rho	0.357022278687606	0.000382959232679596	0.00098253873939766	positive	support	TCGA_evaluable_Cao_not_profiled_current_strong_only_not_negative	FALSE	FALSE	T2	25	FALSE
EVIDENCE_001186	GENE:WNT11	WNT11	driver_candidate	TCGA_driver_composite	genome+transcriptome	TCGA-ESCC GDC DR45	unique patient	TCGA_ESCC_DR45_driver_core	CNV-RNA Spearman rho	0.339119358248356	0.000774446803807384	0.00185381924610895	positive	support	TCGA_evaluable_Cao_not_profiled_current_strong_only_not_negative	FALSE	FALSE	T2	25	FALSE
EVIDENCE_001187	GENE:WWP1	WWP1	driver_candidate	TCGA_driver_composite	genome+transcriptome	TCGA-ESCC GDC DR45	unique patient	TCGA_ESCC_DR45_driver_core	CNV-RNA Spearman rho	0.551377990511084	7.01434442053115e-09	6.22069342245986e-08	positive	support	TCGA_evaluable_Cao_not_profiled_current_strong_only_not_negative	FALSE	FALSE	T2	25	FALSE
EVIDENCE_001188	GENE:WWTR1	WWTR1	driver_candidate	TCGA_driver_composite	genome+transcriptome	TCGA-ESCC GDC DR45	unique patient	TCGA_ESCC_DR45_driver_core	CNV-RNA Spearman rho	0.371098460151395	0.000213692205171913	0.000582554717538737	positive	support	TCGA_evaluable_Cao_not_profiled_current_strong_only_not_negative	FALSE	FALSE	T2	25	FALSE
EVIDENCE_001189	GENE:XRN1	XRN1	driver_candidate	TCGA_driver_composite	genome+transcriptome	TCGA-ESCC GDC DR45	unique patient	TCGA_ESCC_DR45_driver_core	CNV-RNA Spearman rho	0.521961124395081	5.81075692856459e-08	3.9833523982733e-07	positive	support	TCGA_evaluable_Cao_not_profiled_current_strong_only_not_negative	FALSE	FALSE	T2	25	FALSE
EVIDENCE_001190	GENE:XRRA1	XRRA1	driver_candidate	TCGA_driver_composite	genome+transcriptome	TCGA-ESCC GDC DR45	unique patient	TCGA_ESCC_DR45_driver_core	CNV-RNA Spearman rho	0.449957867521696	4.7679021992652e-06	1.94990440796779e-05	positive	support	TCGA_evaluable_Cao_not_profiled_current_strong_only_not_negative	FALSE	FALSE	T2	25	FALSE
EVIDENCE_001191	GENE:XXYLT1	XXYLT1	driver_candidate	TCGA_driver_composite	genome+transcriptome	TCGA-ESCC GDC DR45	unique patient	TCGA_ESCC_DR45_driver_core	CNV-RNA Spearman rho	0.630842977867638	7.28495647757027e-12	1.51704134726677e-10	positive	support	TCGA_evaluable_Cao_not_profiled_current_strong_only_not_negative	FALSE	FALSE	T2	25	FALSE
EVIDENCE_001192	GENE:YARS2	YARS2	driver_candidate	TCGA_driver_composite	genome+transcriptome	TCGA-ESCC GDC DR45	unique patient	TCGA_ESCC_DR45_driver_core	CNV-RNA Spearman rho	0.413941162678943	3.04826878216819e-05	0.000101093474622011	positive	support	TCGA_evaluable_Cao_not_profiled_current_strong_only_not_negative	FALSE	FALSE	T2	25	FALSE
EVIDENCE_001193	GENE:YEATS2	YEATS2	driver_candidate	TCGA_driver_composite	genome+transcriptome	TCGA-ESCC GDC DR45	unique patient	TCGA_ESCC_DR45_driver_core	CNV-RNA Spearman rho	0.619827909438829	2.12126889916212e-11	3.74157610280584e-10	positive	support	TCGA_evaluable_Cao_not_profiled_current_strong_only_not_negative	FALSE	FALSE	T2	25	FALSE
EVIDENCE_001194	GENE:YTHDF3	YTHDF3	driver_candidate	TCGA_driver_composite	genome+transcriptome	TCGA-ESCC GDC DR45	unique patient	TCGA_ESCC_DR45_driver_core	CNV-RNA Spearman rho	0.559140429181333	3.87791922151608e-09	3.68387802001999e-08	positive	support	TCGA_evaluable_Cao_not_profiled_current_strong_only_not_negative	FALSE	FALSE	T2	25	FALSE
EVIDENCE_001195	GENE:YWHAZ	YWHAZ	driver_candidate	TCGA_driver_composite	genome+transcriptome	TCGA-ESCC GDC DR45	unique patient	TCGA_ESCC_DR45_driver_core	CNV-RNA Spearman rho	0.524505123473539	4.87792142223654e-08	3.40753674046955e-07	positive	support	TCGA_evaluable_Cao_not_profiled_current_strong_only_not_negative	FALSE	FALSE	T2	25	FALSE
EVIDENCE_001196	GENE:ZAN	ZAN	driver_candidate	TCGA_driver_composite	genome+transcriptome	TCGA-ESCC GDC DR45	unique patient	TCGA_ESCC_DR45_driver_core	CNV-RNA Spearman rho	0.446958710770033	5.61016613197028e-06	2.25795388402561e-05	positive	support	TCGA_evaluable_Cao_not_profiled_current_strong_only_not_negative	FALSE	FALSE	T2	25	FALSE
EVIDENCE_001197	GENE:ZBTB11	ZBTB11	driver_candidate	TCGA_driver_composite	genome+transcriptome	TCGA-ESCC GDC DR45	unique patient	TCGA_ESCC_DR45_driver_core	CNV-RNA Spearman rho	0.576082890898574	1.00754968355567e-09	1.14291100955751e-08	positive	support	TCGA_evaluable_Cao_not_profiled_current_strong_only_not_negative	FALSE	FALSE	T2	25	FALSE
EVIDENCE_001198	GENE:ZBTB20	ZBTB20	driver_candidate	TCGA_driver_composite	genome+transcriptome	TCGA-ESCC GDC DR45	unique patient	TCGA_ESCC_DR45_driver_core	CNV-RNA Spearman rho	0.38285438126384	0.000128575112783785	0.000369832066301647	positive	support	TCGA_evaluable_Cao_not_profiled_current_strong_only_not_negative	FALSE	FALSE	T2	25	FALSE
EVIDENCE_001199	GENE:ZBTB33	ZBTB33	driver_candidate	TCGA_driver_composite	genome+transcriptome	TCGA-ESCC GDC DR45	unique patient	TCGA_ESCC_DR45_driver_core	CNV-RNA Spearman rho	0.332775187024004	0.00098423949450977	0.00229958092656096	positive	support	TCGA_evaluable_Cao_not_profiled_current_strong_only_not_negative	FALSE	FALSE	T2	25	FALSE
EVIDENCE_001200	GENE:ZBTB38	ZBTB38	driver_candidate	TCGA_driver_composite	genome+transcriptome	TCGA-ESCC GDC DR45	unique patient	TCGA_ESCC_DR45_driver_core	CNV-RNA Spearman rho	0.445500485429025	6.06854958762489e-06	2.41940728922536e-05	positive	support	TCGA_evaluable_Cao_not_profiled_current_strong_only_not_negative	FALSE	FALSE	T2	25	FALSE
EVIDENCE_001201	GENE:ZC3H11B	ZC3H11B	driver_candidate	TCGA_driver_composite	genome+transcriptome	TCGA-ESCC GDC DR45	unique patient	TCGA_ESCC_DR45_driver_core	CNV-RNA Spearman rho	0.374622588542329	0.000183875911673228	0.000510154082660223	positive	support	TCGA_evaluable_Cao_not_profiled_current_strong_only_not_negative	FALSE	FALSE	T2	25	FALSE
EVIDENCE_001202	GENE:ZC3H3	ZC3H3	driver_candidate	TCGA_driver_composite	genome+transcriptome	TCGA-ESCC GDC DR45	unique patient	TCGA_ESCC_DR45_driver_core	CNV-RNA Spearman rho	0.530449363936535	3.22262233569157e-08	2.3771889961748e-07	positive	support	TCGA_evaluable_Cao_not_profiled_current_strong_only_not_negative	FALSE	FALSE	T2	25	FALSE
EVIDENCE_001203	GENE:ZCWPW1	ZCWPW1	driver_candidate	TCGA_driver_composite	genome+transcriptome	TCGA-ESCC GDC DR45	unique patient	TCGA_ESCC_DR45_driver_core	CNV-RNA Spearman rho	0.42741205252309	1.5609373737216e-05	5.57471353802797e-05	positive	support	TCGA_evaluable_Cao_not_profiled_current_strong_only_not_negative	FALSE	FALSE	T2	25	FALSE
EVIDENCE_001204	GENE:ZDHHC11	ZDHHC11	driver_candidate	TCGA_driver_composite	genome+transcriptome	TCGA-ESCC GDC DR45	unique patient	TCGA_ESCC_DR45_driver_core	CNV-RNA Spearman rho	0.317688859874047	0.00170599208053374	0.00380837732183222	positive	support	TCGA_evaluable_Cao_not_profiled_current_strong_only_not_negative	FALSE	FALSE	T2	25	FALSE
EVIDENCE_001205	GENE:ZDHHC23	ZDHHC23	driver_candidate	TCGA_driver_composite	genome+transcriptome	TCGA-ESCC GDC DR45	unique patient	TCGA_ESCC_DR45_driver_core	CNV-RNA Spearman rho	0.477047432207626	1.0208403895592e-06	5.02935090298478e-06	positive	support	TCGA_evaluable_Cao_not_profiled_current_strong_only_not_negative	FALSE	FALSE	T2	25	FALSE
EVIDENCE_001206	GENE:ZDHHC4	ZDHHC4	driver_candidate	TCGA_driver_composite	genome+transcriptome	TCGA-ESCC GDC DR45	unique patient	TCGA_ESCC_DR45_driver_core	CNV-RNA Spearman rho	0.424496183712378	1.80866559640706e-05	6.37152697045398e-05	positive	support	TCGA_evaluable_Cao_not_profiled_current_strong_only_not_negative	FALSE	FALSE	T2	25	FALSE
EVIDENCE_001207	GENE:ZFAND1	ZFAND1	driver_candidate	TCGA_driver_composite	genome+transcriptome	TCGA-ESCC GDC DR45	unique patient	TCGA_ESCC_DR45_driver_core	CNV-RNA Spearman rho	0.540350170428628	1.58691699460255e-08	1.26893324877362e-07	positive	support	TCGA_evaluable_Cao_not_profiled_current_strong_only_not_negative	FALSE	FALSE	T2	25	FALSE
EVIDENCE_001208	GENE:ZFP41	ZFP41	driver_candidate	TCGA_driver_composite	genome+transcriptome	TCGA-ESCC GDC DR45	unique patient	TCGA_ESCC_DR45_driver_core	CNV-RNA Spearman rho	0.421754683447727	2.07476744936856e-05	7.1989605452509e-05	positive	support	TCGA_evaluable_Cao_not_profiled_current_strong_only_not_negative	FALSE	FALSE	T2	25	FALSE
EVIDENCE_001209	GENE:ZFR	ZFR	driver_candidate	TCGA_driver_composite	genome+transcriptome	TCGA-ESCC GDC DR45	unique patient	TCGA_ESCC_DR45_driver_core	CNV-RNA Spearman rho	0.341993619417781	0.000693582232635712	0.00168151593849859	positive	support	TCGA_evaluable_Cao_not_profiled_current_strong_only_not_negative	FALSE	FALSE	T2	25	FALSE
EVIDENCE_001210	GENE:ZFX	ZFX	driver_candidate	TCGA_driver_composite	genome+transcriptome	TCGA-ESCC GDC DR45	unique patient	TCGA_ESCC_DR45_driver_core	CNV-RNA Spearman rho	0.463932428816757	2.18865570693883e-06	9.81142865867736e-06	positive	support	TCGA_evaluable_Cao_not_profiled_current_strong_only_not_negative	FALSE	FALSE	T2	25	FALSE
EVIDENCE_001211	GENE:ZFY	ZFY	driver_candidate	TCGA_driver_composite	genome+transcriptome	TCGA-ESCC GDC DR45	unique patient	TCGA_ESCC_DR45_driver_core	CNV-RNA Spearman rho	0.714693575344412	4.16673630031522e-16	3.82917027250708e-14	positive	support	TCGA_evaluable_Cao_not_profiled_current_strong_only_not_negative	FALSE	FALSE	T2	25	FALSE
EVIDENCE_001212	GENE:ZHX1	ZHX1	driver_candidate	TCGA_driver_composite	genome+transcriptome	TCGA-ESCC GDC DR45	unique patient	TCGA_ESCC_DR45_driver_core	CNV-RNA Spearman rho	0.432450599092253	1.20626311058864e-05	4.44316839049817e-05	positive	support	TCGA_evaluable_Cao_not_profiled_current_strong_only_not_negative	FALSE	FALSE	T2	25	FALSE
EVIDENCE_001213	GENE:ZHX1-C8orf76	ZHX1-C8orf76	driver_candidate	TCGA_driver_composite	genome+transcriptome	TCGA-ESCC GDC DR45	unique patient	TCGA_ESCC_DR45_driver_core	CNV-RNA Spearman rho	0.435031481103803	1.05537625875533e-05	3.94816569720801e-05	positive	support	TCGA_evaluable_Cao_not_profiled_current_strong_only_not_negative	FALSE	FALSE	T2	25	FALSE
EVIDENCE_001214	GENE:ZKSCAN1	ZKSCAN1	driver_candidate	TCGA_driver_composite	genome+transcriptome	TCGA-ESCC GDC DR45	unique patient	TCGA_ESCC_DR45_driver_core	CNV-RNA Spearman rho	0.600608032247012	1.24307963761233e-10	1.80168411019423e-09	positive	support	TCGA_evaluable_Cao_not_profiled_current_strong_only_not_negative	FALSE	FALSE	T2	25	FALSE
EVIDENCE_001215	GENE:ZKSCAN5	ZKSCAN5	driver_candidate	TCGA_driver_composite	genome+transcriptome	TCGA-ESCC GDC DR45	unique patient	TCGA_ESCC_DR45_driver_core	CNV-RNA Spearman rho	0.635157638749228	4.73746517042922e-12	1.04125707610716e-10	positive	support	TCGA_evaluable_Cao_not_profiled_current_strong_only_not_negative	FALSE	FALSE	T2	25	FALSE
EVIDENCE_001216	GENE:ZMAT3	ZMAT3	driver_candidate	TCGA_driver_composite	genome+transcriptome	TCGA-ESCC GDC DR45	unique patient	TCGA_ESCC_DR45_driver_core	CNV-RNA Spearman rho	0.562385351032713	3.01322818114551e-09	2.93951998409902e-08	positive	support	TCGA_evaluable_Cao_not_profiled_current_strong_only_not_negative	FALSE	FALSE	T2	25	FALSE
EVIDENCE_001217	GENE:ZNF12	ZNF12	driver_candidate	TCGA_driver_composite	genome+transcriptome	TCGA-ESCC GDC DR45	unique patient	TCGA_ESCC_DR45_driver_core	CNV-RNA Spearman rho	0.541250333012257	1.48623872786616e-08	1.19901269381671e-07	positive	support	TCGA_evaluable_Cao_not_profiled_current_strong_only_not_negative	FALSE	FALSE	T2	25	FALSE
EVIDENCE_001218	GENE:ZNF124	ZNF124	driver_candidate	TCGA_driver_composite	genome+transcriptome	TCGA-ESCC GDC DR45	unique patient	TCGA_ESCC_DR45_driver_core	CNV-RNA Spearman rho	0.407709327301096	4.11506582999808e-05	0.000132825820453132	positive	support	TCGA_evaluable_Cao_not_profiled_current_strong_only_not_negative	FALSE	FALSE	T2	25	FALSE
EVIDENCE_001219	GENE:ZNF131	ZNF131	driver_candidate	TCGA_driver_composite	genome+transcriptome	TCGA-ESCC GDC DR45	unique patient	TCGA_ESCC_DR45_driver_core	CNV-RNA Spearman rho	0.745380795867388	4.5962249923517e-18	9.55562710704987e-16	positive	support	TCGA_evaluable_Cao_not_profiled_current_strong_only_not_negative	FALSE	FALSE	T2	25	FALSE
EVIDENCE_001220	GENE:ZNF148	ZNF148	driver_candidate	TCGA_driver_composite	genome+transcriptome	TCGA-ESCC GDC DR45	unique patient	TCGA_ESCC_DR45_driver_core	CNV-RNA Spearman rho	0.740753785153642	9.44252622971664e-18	1.68662137528544e-15	positive	support	TCGA_evaluable_Cao_not_profiled_current_strong_only_not_negative	FALSE	FALSE	T2	25	FALSE
EVIDENCE_001221	GENE:ZNF16	ZNF16	driver_candidate	TCGA_driver_composite	genome+transcriptome	TCGA-ESCC GDC DR45	unique patient	TCGA_ESCC_DR45_driver_core	CNV-RNA Spearman rho	0.67079992257704	1.02893764973211e-13	3.84925878286213e-12	positive	support	TCGA_evaluable_Cao_not_profiled_current_strong_only_not_negative	FALSE	FALSE	T2	25	FALSE
EVIDENCE_001222	GENE:ZNF250	ZNF250	driver_candidate	TCGA_driver_composite	genome+transcriptome	TCGA-ESCC GDC DR45	unique patient	TCGA_ESCC_DR45_driver_core	CNV-RNA Spearman rho	0.51708799698662	8.09251462427316e-08	5.33139067350817e-07	positive	support	TCGA_evaluable_Cao_not_profiled_current_strong_only_not_negative	FALSE	FALSE	T2	25	FALSE
EVIDENCE_001223	GENE:ZNF251	ZNF251	driver_candidate	TCGA_driver_composite	genome+transcriptome	TCGA-ESCC GDC DR45	unique patient	TCGA_ESCC_DR45_driver_core	CNV-RNA Spearman rho	0.425939467582937	1.68177181676626e-05	5.96927796815832e-05	positive	support	TCGA_evaluable_Cao_not_profiled_current_strong_only_not_negative	FALSE	FALSE	T2	25	FALSE
EVIDENCE_001224	GENE:ZNF277	ZNF277	driver_candidate	TCGA_driver_composite	genome+transcriptome	TCGA-ESCC GDC DR45	unique patient	TCGA_ESCC_DR45_driver_core	CNV-RNA Spearman rho	0.536832330450366	2.04645144957962e-08	1.5854060649706e-07	positive	support	TCGA_evaluable_Cao_not_profiled_current_strong_only_not_negative	FALSE	FALSE	T2	25	FALSE
EVIDENCE_001225	GENE:ZNF292	ZNF292	driver_candidate	TCGA_driver_composite	genome+transcriptome	TCGA-ESCC GDC DR45	unique patient	TCGA_ESCC_DR45_driver_core	mutated patient count	5			event_recurrence	not_comparable	TCGA_evaluable_Cao_not_profiled_current_strong_only_not_negative	FALSE	FALSE	T2	25	FALSE
EVIDENCE_001226	GENE:ZNF3	ZNF3	driver_candidate	TCGA_driver_composite	genome+transcriptome	TCGA-ESCC GDC DR45	unique patient	TCGA_ESCC_DR45_driver_core	CNV-RNA Spearman rho	0.648215256401679	1.23521144375973e-12	3.27034478700644e-11	positive	support	TCGA_evaluable_Cao_not_profiled_current_strong_only_not_negative	FALSE	FALSE	T2	25	FALSE
EVIDENCE_001227	GENE:ZNF316	ZNF316	driver_candidate	TCGA_driver_composite	genome+transcriptome	TCGA-ESCC GDC DR45	unique patient	TCGA_ESCC_DR45_driver_core	CNV-RNA Spearman rho	0.447916363889968	5.32708719768587e-06	2.15435008340739e-05	positive	support	TCGA_evaluable_Cao_not_profiled_current_strong_only_not_negative	FALSE	FALSE	T2	25	FALSE
EVIDENCE_001228	GENE:ZNF34	ZNF34	driver_candidate	TCGA_driver_composite	genome+transcriptome	TCGA-ESCC GDC DR45	unique patient	TCGA_ESCC_DR45_driver_core	CNV-RNA Spearman rho	0.621438745173364	1.81906841050391e-11	3.28624296040037e-10	positive	support	TCGA_evaluable_Cao_not_profiled_current_strong_only_not_negative	FALSE	FALSE	T2	25	FALSE
EVIDENCE_001229	GENE:ZNF394	ZNF394	driver_candidate	TCGA_driver_composite	genome+transcriptome	TCGA-ESCC GDC DR45	unique patient	TCGA_ESCC_DR45_driver_core	CNV-RNA Spearman rho	0.577351795474062	9.07985806316759e-10	1.04303224598815e-08	positive	support	TCGA_evaluable_Cao_not_profiled_current_strong_only_not_negative	FALSE	FALSE	T2	25	FALSE
EVIDENCE_000019	GENE:ZNF496	ZNF496	driver_candidate	TCGA_driver_composite	genome+transcriptome	TCGA-ESCC GDC DR45	unique patient	TCGA_ESCC_DR45_driver_core	CNV-RNA Spearman rho	0.370350274774051	0.00022057128097014	0.000599118651801951	positive	support	TCGA_evaluable_Cao_not_profiled_current_strong_only_not_negative	FALSE	FALSE	T2	27	FALSE
EVIDENCE_001230	GENE:ZNF517	ZNF517	driver_candidate	TCGA_driver_composite	genome+transcriptome	TCGA-ESCC GDC DR45	unique patient	TCGA_ESCC_DR45_driver_core	CNV-RNA Spearman rho	0.362017700443423	0.000312293175936609	0.000817609838403814	positive	support	TCGA_evaluable_Cao_not_profiled_current_strong_only_not_negative	FALSE	FALSE	T2	25	FALSE
EVIDENCE_001231	GENE:ZNF540	ZNF540	driver_candidate	TCGA_driver_composite	genome+transcriptome	TCGA-ESCC GDC DR45	unique patient	TCGA_ESCC_DR45_driver_core	mutated patient count	5			event_recurrence	not_comparable	TCGA_evaluable_Cao_not_profiled_current_strong_only_not_negative	FALSE	FALSE	T2	25	FALSE
EVIDENCE_001232	GENE:ZNF572	ZNF572	driver_candidate	TCGA_driver_composite	genome+transcriptome	TCGA-ESCC GDC DR45	unique patient	TCGA_ESCC_DR45_driver_core	CNV-RNA Spearman rho	0.374148459099352	0.000187650032417706	0.000519488694852946	positive	support	TCGA_evaluable_Cao_not_profiled_current_strong_only_not_negative	FALSE	FALSE	T2	25	FALSE
EVIDENCE_001233	GENE:ZNF622	ZNF622	driver_candidate	TCGA_driver_composite	genome+transcriptome	TCGA-ESCC GDC DR45	unique patient	TCGA_ESCC_DR45_driver_core	CNV-RNA Spearman rho	0.609751158731654	5.44040473795282e-11	8.64601665247088e-10	positive	support	TCGA_evaluable_Cao_not_profiled_current_strong_only_not_negative	FALSE	FALSE	T2	25	FALSE
EVIDENCE_001234	GENE:ZNF623	ZNF623	driver_candidate	TCGA_driver_composite	genome+transcriptome	TCGA-ESCC GDC DR45	unique patient	TCGA_ESCC_DR45_driver_core	CNV-RNA Spearman rho	0.640023452092802	2.89236366199212e-12	6.94258200974806e-11	positive	support	TCGA_evaluable_Cao_not_profiled_current_strong_only_not_negative	FALSE	FALSE	T2	25	FALSE
EVIDENCE_001235	GENE:ZNF639	ZNF639	driver_candidate	TCGA_driver_composite	genome+transcriptome	TCGA-ESCC GDC DR45	unique patient	TCGA_ESCC_DR45_driver_core	CNV-RNA Spearman rho	0.743576175168267	6.0974784959422e-18	1.17163973159908e-15	positive	support	TCGA_evaluable_Cao_not_profiled_current_strong_only_not_negative	FALSE	FALSE	T2	25	FALSE
EVIDENCE_001236	GENE:ZNF655	ZNF655	driver_candidate	TCGA_driver_composite	genome+transcriptome	TCGA-ESCC GDC DR45	unique patient	TCGA_ESCC_DR45_driver_core	CNV-RNA Spearman rho	0.459810143717702	2.76364642948552e-06	1.20566095695684e-05	positive	support	TCGA_evaluable_Cao_not_profiled_current_strong_only_not_negative	FALSE	FALSE	T2	25	FALSE
EVIDENCE_001237	GENE:ZNF669	ZNF669	driver_candidate	TCGA_driver_composite	genome+transcriptome	TCGA-ESCC GDC DR45	unique patient	TCGA_ESCC_DR45_driver_core	CNV-RNA Spearman rho	0.491260443982374	4.30662753205282e-07	2.3191783592991e-06	positive	support	TCGA_evaluable_Cao_not_profiled_current_strong_only_not_negative	FALSE	FALSE	T2	25	FALSE
EVIDENCE_001238	GENE:ZNF674	ZNF674	driver_candidate	TCGA_driver_composite	genome+transcriptome	TCGA-ESCC GDC DR45	unique patient	TCGA_ESCC_DR45_driver_core	CNV-RNA Spearman rho	0.34660449990726	0.000579842843639546	0.00143065504728341	positive	support	TCGA_evaluable_Cao_not_profiled_current_strong_only_not_negative	FALSE	FALSE	T2	25	FALSE
EVIDENCE_001239	GENE:ZNF678	ZNF678	driver_candidate	TCGA_driver_composite	genome+transcriptome	TCGA-ESCC GDC DR45	unique patient	TCGA_ESCC_DR45_driver_core	CNV-RNA Spearman rho	0.410513322213609	3.59796750635556e-05	0.000117753352040261	positive	support	TCGA_evaluable_Cao_not_profiled_current_strong_only_not_negative	FALSE	FALSE	T2	25	FALSE
EVIDENCE_001240	GENE:ZNF696	ZNF696	driver_candidate	TCGA_driver_composite	genome+transcriptome	TCGA-ESCC GDC DR45	unique patient	TCGA_ESCC_DR45_driver_core	CNV-RNA Spearman rho	0.620907967283526	1.91374709598231e-11	3.41832967200672e-10	positive	support	TCGA_evaluable_Cao_not_profiled_current_strong_only_not_negative	FALSE	FALSE	T2	25	FALSE
EVIDENCE_001241	GENE:ZNF7	ZNF7	driver_candidate	TCGA_driver_composite	genome+transcriptome	TCGA-ESCC GDC DR45	unique patient	TCGA_ESCC_DR45_driver_core	CNV-RNA Spearman rho	0.724191635843978	1.10178728458288e-16	1.28191434340184e-14	positive	support	TCGA_evaluable_Cao_not_profiled_current_strong_only_not_negative	FALSE	FALSE	T2	25	FALSE
EVIDENCE_001242	GENE:ZNF705E	ZNF705E	driver_candidate	TCGA_driver_composite	genome+transcriptome	TCGA-ESCC GDC DR45	unique patient	TCGA_ESCC_DR45_driver_core	CNV-RNA Spearman rho	0.508296968328017	1.45199690091816e-07	8.96942264853586e-07	positive	support	TCGA_evaluable_Cao_not_profiled_current_strong_only_not_negative	FALSE	FALSE	T2	25	FALSE
EVIDENCE_001243	GENE:ZNF706	ZNF706	driver_candidate	TCGA_driver_composite	genome+transcriptome	TCGA-ESCC GDC DR45	unique patient	TCGA_ESCC_DR45_driver_core	CNV-RNA Spearman rho	0.475719347725292	1.10440183012674e-06	5.3869323114105e-06	positive	support	TCGA_evaluable_Cao_not_profiled_current_strong_only_not_negative	FALSE	FALSE	T2	25	FALSE
EVIDENCE_001244	GENE:ZNF707	ZNF707	driver_candidate	TCGA_driver_composite	genome+transcriptome	TCGA-ESCC GDC DR45	unique patient	TCGA_ESCC_DR45_driver_core	CNV-RNA Spearman rho	0.743126040922578	6.54046552005935e-18	1.23800274217004e-15	positive	support	TCGA_evaluable_Cao_not_profiled_current_strong_only_not_negative	FALSE	FALSE	T2	25	FALSE
EVIDENCE_001245	GENE:ZNF713	ZNF713	driver_candidate	TCGA_driver_composite	genome+transcriptome	TCGA-ESCC GDC DR45	unique patient	TCGA_ESCC_DR45_driver_core	CNV-RNA Spearman rho	0.395391727878384	7.31965311165682e-05	0.000222395401921495	positive	support	TCGA_evaluable_Cao_not_profiled_current_strong_only_not_negative	FALSE	FALSE	T2	25	FALSE
EVIDENCE_000009	GENE:ZNF750	ZNF750	driver_candidate	TCGA_driver_composite	genome+transcriptome	TCGA-ESCC GDC DR45	unique patient	TCGA_ESCC_DR45_driver_core	mutated patient count	11			event_recurrence	not_comparable	TCGA_evaluable_Cao_profiled	FALSE	FALSE	T2	49	FALSE
EVIDENCE_001246	GENE:ZNF789	ZNF789	driver_candidate	TCGA_driver_composite	genome+transcriptome	TCGA-ESCC GDC DR45	unique patient	TCGA_ESCC_DR45_driver_core	CNV-RNA Spearman rho	0.569746338589466	1.68292023476236e-09	1.78302376084012e-08	positive	support	TCGA_evaluable_Cao_not_profiled_current_strong_only_not_negative	FALSE	FALSE	T2	25	FALSE
EVIDENCE_001247	GENE:ZNF804B	ZNF804B	driver_candidate	TCGA_driver_composite	genome+transcriptome	TCGA-ESCC GDC DR45	unique patient	TCGA_ESCC_DR45_driver_core	mutated patient count	9			event_recurrence	not_comparable	TCGA_evaluable_Cao_not_profiled_current_strong_only_not_negative	FALSE	FALSE	T2	25	FALSE
EVIDENCE_001248	GENE:ZNF81	ZNF81	driver_candidate	TCGA_driver_composite	genome+transcriptome	TCGA-ESCC GDC DR45	unique patient	TCGA_ESCC_DR45_driver_core	CNV-RNA Spearman rho	0.367731653188818	0.000246290531919024	0.000661188934334687	positive	support	TCGA_evaluable_Cao_not_profiled_current_strong_only_not_negative	FALSE	FALSE	T2	25	FALSE
EVIDENCE_001249	GENE:ZNF831	ZNF831	driver_candidate	TCGA_driver_composite	genome+transcriptome	TCGA-ESCC GDC DR45	unique patient	TCGA_ESCC_DR45_driver_core	CNV-RNA Spearman rho	0.0557113905211916	0.591795629261323	0.658809003712438	positive	same_direction_nonsignificant	TCGA_evaluable_Cao_not_profiled_current_strong_only_not_negative	FALSE	FALSE	T2	25	FALSE
EVIDENCE_001250	GENE:ZNHIT1	ZNHIT1	driver_candidate	TCGA_driver_composite	genome+transcriptome	TCGA-ESCC GDC DR45	unique patient	TCGA_ESCC_DR45_driver_core	CNV-RNA Spearman rho	0.454804970169132	3.65363589336238e-06	1.53836023903127e-05	positive	support	TCGA_evaluable_Cao_not_profiled_current_strong_only_not_negative	FALSE	FALSE	T2	25	FALSE
EVIDENCE_001251	GENE:ZRSR2	ZRSR2	driver_candidate	TCGA_driver_composite	genome+transcriptome	TCGA-ESCC GDC DR45	unique patient	TCGA_ESCC_DR45_driver_core	CNV-RNA Spearman rho	0.47378604212461	1.23768960814707e-06	5.94559833731861e-06	positive	support	TCGA_evaluable_Cao_not_profiled_current_strong_only_not_negative	FALSE	FALSE	T2	25	FALSE
EVIDENCE_001252	GENE:ZSCAN21	ZSCAN21	driver_candidate	TCGA_driver_composite	genome+transcriptome	TCGA-ESCC GDC DR45	unique patient	TCGA_ESCC_DR45_driver_core	CNV-RNA Spearman rho	0.589151204459447	3.37662396377928e-10	4.39853368573371e-09	positive	support	TCGA_evaluable_Cao_not_profiled_current_strong_only_not_negative	FALSE	FALSE	T2	25	FALSE
EVIDENCE_001253	GENE:ZSCAN25	ZSCAN25	driver_candidate	TCGA_driver_composite	genome+transcriptome	TCGA-ESCC GDC DR45	unique patient	TCGA_ESCC_DR45_driver_core	CNV-RNA Spearman rho	0.609406631156043	5.61515865086146e-11	8.88292818246182e-10	positive	support	TCGA_evaluable_Cao_not_profiled_current_strong_only_not_negative	FALSE	FALSE	T2	25	FALSE
EVIDENCE_001254	GENE:ZXDB	ZXDB	driver_candidate	TCGA_driver_composite	genome+transcriptome	TCGA-ESCC GDC DR45	unique patient	TCGA_ESCC_DR45_driver_core	CNV-RNA Spearman rho	0.384654630051163	0.000118748152892968	0.000345246234522839	positive	support	TCGA_evaluable_Cao_not_profiled_current_strong_only_not_negative	FALSE	FALSE	T2	25	FALSE
EVIDENCE_001255	GENE:ZXDC	ZXDC	driver_candidate	TCGA_driver_composite	genome+transcriptome	TCGA-ESCC GDC DR45	unique patient	TCGA_ESCC_DR45_driver_core	CNV-RNA Spearman rho	0.73383251961309	2.69549562547723e-17	3.97491575840724e-15	positive	support	TCGA_evaluable_Cao_not_profiled_current_strong_only_not_negative	FALSE	FALSE	T2	25	FALSE
EVIDENCE_001323	STATE:Factor1	Factor1	heterogeneity_state	TCGA_ECMS_factor_explanatory	external_expression_classifier_state->multiomics_state	TCGA_ESCC_DR45	TCGA-ESCC official repository-anchor 78 patients; ECMS and MOFA share TCGA RNA representation	TCGA_ESCC_ECMS_official78_shared_RNA	eta_squared categorical separation	0.288703692373676	1.28965745269827e-05	3.43908654052873e-05	categorical_separation_no_pairwise_direction	support	evaluable	FALSE	FALSE	T2	55	FALSE
EVIDENCE_001320	STATE:Factor1	Factor1	heterogeneity_state	TCGA_ECMS_adjusted_factor_PROGENy	multiomics_state->RNA_derived_pathway_activity	TCGA_ESCC_DR45	TCGA-ESCC official repository-anchor 78 patients; standardized PROGENy ~ ECMS + standardized MOFA factor	TCGA_ESCC_ECMS_official78_shared_RNA	standardized factor beta after ECMS adjustment	0.351934929319968	0.00781130099360376	0.0408873236638676	positive	support	evaluable	FALSE	FALSE	T2	55	FALSE
EVIDENCE_001321	STATE:Factor1	Factor1	heterogeneity_state	TCGA_ECMS_adjusted_factor_PROGENy	multiomics_state->RNA_derived_pathway_activity	TCGA_ESCC_DR45	TCGA-ESCC official repository-anchor 78 patients; standardized PROGENy ~ ECMS + standardized MOFA factor	TCGA_ESCC_ECMS_official78_shared_RNA	standardized factor beta after ECMS adjustment	-0.309675381453439	0.0158407417483975	0.0682370413777123	negative	support	evaluable	FALSE	FALSE	T2	55	FALSE
EVIDENCE_001322	STATE:Factor1	Factor1	heterogeneity_state	TCGA_ECMS_adjusted_factor_PROGENy	multiomics_state->RNA_derived_pathway_activity	TCGA_ESCC_DR45	TCGA-ESCC official repository-anchor 78 patients; standardized PROGENy ~ ECMS + standardized MOFA factor	TCGA_ESCC_ECMS_official78_shared_RNA	standardized factor beta after ECMS adjustment	-0.283582033167668	0.0257262181038814	0.0929463363753134	negative	support	evaluable	FALSE	FALSE	T2	55	FALSE
EVIDENCE_001324	STATE:Factor2	Factor2	heterogeneity_state	TCGA_ECMS_adjusted_factor_PROGENy	multiomics_state->RNA_derived_pathway_activity	TCGA_ESCC_DR45	TCGA-ESCC official repository-anchor 78 patients; standardized PROGENy ~ ECMS + standardized MOFA factor	TCGA_ESCC_ECMS_official78_shared_RNA	standardized factor beta after ECMS adjustment	-0.341244982933792	0.00242423895823637	0.0169696727076546	negative	support	evaluable	FALSE	FALSE	T2	55	FALSE
EVIDENCE_001628	STATE:Factor2	Factor2	heterogeneity_state	TCGA_continuous_MOFA_axis	multiomics_continuous_state	TCGA-ESCC GDC DR45	94-patient factor; pathway interpretation from official78 ECMS primary	TCGA_ESCC_factor94_ECMS78_shared_RNA	ECMS-adjusted standardized factor beta	-0.341244982933792	0.00242423895823637	0.0169696727076546	negative	support	evaluable	FALSE	FALSE	T2	55	FALSE
EVIDENCE_001325	STATE:Factor2	Factor2	heterogeneity_state	TCGA_ECMS_adjusted_factor_PROGENy	multiomics_state->RNA_derived_pathway_activity	TCGA_ESCC_DR45	TCGA-ESCC official repository-anchor 78 patients; standardized PROGENy ~ ECMS + standardized MOFA factor	TCGA_ESCC_ECMS_official78_shared_RNA	standardized factor beta after ECMS adjustment	-0.27506120099867	0.00591152902465839	0.033104562538087	negative	support	evaluable	FALSE	FALSE	T2	55	FALSE
EVIDENCE_001326	STATE:Factor2	Factor2	heterogeneity_state	TCGA_ECMS_adjusted_factor_PROGENy	multiomics_state->RNA_derived_pathway_activity	TCGA_ESCC_DR45	TCGA-ESCC official repository-anchor 78 patients; standardized PROGENy ~ ECMS + standardized MOFA factor	TCGA_ESCC_ECMS_official78_shared_RNA	standardized factor beta after ECMS adjustment	-0.258038509687751	0.0219138178202723	0.085662261485637	negative	support	evaluable	FALSE	FALSE	T2	55	FALSE
EVIDENCE_001327	STATE:Factor2	Factor2	heterogeneity_state	TCGA_ECMS_adjusted_factor_PROGENy	multiomics_state->RNA_derived_pathway_activity	TCGA_ESCC_DR45	TCGA-ESCC official repository-anchor 78 patients; standardized PROGENy ~ ECMS + standardized MOFA factor	TCGA_ESCC_ECMS_official78_shared_RNA	standardized factor beta after ECMS adjustment	-0.245843807178157	0.0272540654370355	0.0953892290296242	negative	support	evaluable	FALSE	FALSE	T2	55	FALSE
EVIDENCE_001328	STATE:Factor3	Factor3	heterogeneity_state	TCGA_ECMS_adjusted_factor_PROGENy	multiomics_state->RNA_derived_pathway_activity	TCGA_ESCC_DR45	TCGA-ESCC official repository-anchor 78 patients; standardized PROGENy ~ ECMS + standardized MOFA factor	TCGA_ESCC_ECMS_official78_shared_RNA	standardized factor beta after ECMS adjustment	0.686187648791644	3.09324768812002e-11	1.73221870534721e-09	positive	support	evaluable	FALSE	FALSE	T2	55	FALSE
EVIDENCE_001329	STATE:Factor3	Factor3	heterogeneity_state	TCGA_ECMS_adjusted_factor_PROGENy	multiomics_state->RNA_derived_pathway_activity	TCGA_ESCC_DR45	TCGA-ESCC official repository-anchor 78 patients; standardized PROGENy ~ ECMS + standardized MOFA factor	TCGA_ESCC_ECMS_official78_shared_RNA	standardized factor beta after ECMS adjustment	0.585251137388912	4.64086580917326e-08	1.29944242656851e-06	positive	support	evaluable	FALSE	FALSE	T2	55	FALSE
EVIDENCE_001338	STATE:Factor3	Factor3	heterogeneity_state	TCGA_ECMS_factor_explanatory	external_expression_classifier_state->multiomics_state	TCGA_ESCC_DR45	TCGA-ESCC official repository-anchor 78 patients; ECMS and MOFA share TCGA RNA representation	TCGA_ESCC_ECMS_official78_shared_RNA	eta_squared categorical separation	0.313852057620482	3.5378462872234e-06	1.41513851488936e-05	categorical_separation_no_pairwise_direction	support	evaluable	FALSE	FALSE	T2	55	FALSE
EVIDENCE_001330	STATE:Factor3	Factor3	heterogeneity_state	TCGA_ECMS_adjusted_factor_PROGENy	multiomics_state->RNA_derived_pathway_activity	TCGA_ESCC_DR45	TCGA-ESCC official repository-anchor 78 patients; standardized PROGENy ~ ECMS + standardized MOFA factor	TCGA_ESCC_ECMS_official78_shared_RNA	standardized factor beta after ECMS adjustment	0.514913218409239	3.44964539462187e-06	6.43933806996082e-05	positive	support	evaluable	FALSE	FALSE	T2	55	FALSE
EVIDENCE_001331	STATE:Factor3	Factor3	heterogeneity_state	TCGA_ECMS_adjusted_factor_PROGENy	multiomics_state->RNA_derived_pathway_activity	TCGA_ESCC_DR45	TCGA-ESCC official repository-anchor 78 patients; standardized PROGENy ~ ECMS + standardized MOFA factor	TCGA_ESCC_ECMS_official78_shared_RNA	standardized factor beta after ECMS adjustment	0.54474484156881	4.03475758703625e-06	6.455612139258e-05	positive	support	evaluable	FALSE	FALSE	T2	55	FALSE
EVIDENCE_001332	STATE:Factor3	Factor3	heterogeneity_state	TCGA_ECMS_adjusted_factor_PROGENy	multiomics_state->RNA_derived_pathway_activity	TCGA_ESCC_DR45	TCGA-ESCC official repository-anchor 78 patients; standardized PROGENy ~ ECMS + standardized MOFA factor	TCGA_ESCC_ECMS_official78_shared_RNA	standardized factor beta after ECMS adjustment	-0.38001879578238	0.00065461236802086	0.00523689894416688	negative	support	evaluable	FALSE	FALSE	T2	55	FALSE
EVIDENCE_001333	STATE:Factor3	Factor3	heterogeneity_state	TCGA_ECMS_adjusted_factor_PROGENy	multiomics_state->RNA_derived_pathway_activity	TCGA_ESCC_DR45	TCGA-ESCC official repository-anchor 78 patients; standardized PROGENy ~ ECMS + standardized MOFA factor	TCGA_ESCC_ECMS_official78_shared_RNA	standardized factor beta after ECMS adjustment	0.345479948524512	0.00572542020840347	0.033104562538087	positive	support	evaluable	FALSE	FALSE	T2	55	FALSE
EVIDENCE_001334	STATE:Factor3	Factor3	heterogeneity_state	TCGA_ECMS_adjusted_factor_PROGENy	multiomics_state->RNA_derived_pathway_activity	TCGA_ESCC_DR45	TCGA-ESCC official repository-anchor 78 patients; standardized PROGENy ~ ECMS + standardized MOFA factor	TCGA_ESCC_ECMS_official78_shared_RNA	standardized factor beta after ECMS adjustment	0.362195738713796	0.00586468057916793	0.033104562538087	positive	support	evaluable	FALSE	FALSE	T2	55	FALSE
EVIDENCE_001335	STATE:Factor3	Factor3	heterogeneity_state	TCGA_ECMS_adjusted_factor_PROGENy	multiomics_state->RNA_derived_pathway_activity	TCGA_ESCC_DR45	TCGA-ESCC official repository-anchor 78 patients; standardized PROGENy ~ ECMS + standardized MOFA factor	TCGA_ESCC_ECMS_official78_shared_RNA	standardized factor beta after ECMS adjustment	0.340211150543328	0.0081407237346605	0.0408873236638676	positive	support	evaluable	FALSE	FALSE	T2	55	FALSE
EVIDENCE_001336	STATE:Factor3	Factor3	heterogeneity_state	TCGA_ECMS_adjusted_factor_PROGENy	multiomics_state->RNA_derived_pathway_activity	TCGA_ESCC_DR45	TCGA-ESCC official repository-anchor 78 patients; standardized PROGENy ~ ECMS + standardized MOFA factor	TCGA_ESCC_ECMS_official78_shared_RNA	standardized factor beta after ECMS adjustment	-0.350009072840512	0.0104143583082773	0.0466563252210825	negative	support	evaluable	FALSE	FALSE	T2	55	FALSE
EVIDENCE_001337	STATE:Factor3	Factor3	heterogeneity_state	TCGA_ECMS_adjusted_factor_PROGENy	multiomics_state->RNA_derived_pathway_activity	TCGA_ESCC_DR45	TCGA-ESCC official repository-anchor 78 patients; standardized PROGENy ~ ECMS + standardized MOFA factor	TCGA_ESCC_ECMS_official78_shared_RNA	standardized factor beta after ECMS adjustment	0.299524340641083	0.0221804069918167	0.085662261485637	positive	support	evaluable	FALSE	FALSE	T2	55	FALSE
EVIDENCE_001339	STATE:Factor5	Factor5	heterogeneity_state	TCGA_ECMS_adjusted_factor_PROGENy	multiomics_state->RNA_derived_pathway_activity	TCGA_ESCC_DR45	TCGA-ESCC official repository-anchor 78 patients; standardized PROGENy ~ ECMS + standardized MOFA factor	TCGA_ESCC_ECMS_official78_shared_RNA	standardized factor beta after ECMS adjustment	0.537013605244749	2.96498945084364e-08	1.10692939498163e-06	positive	support	evaluable	FALSE	FALSE	T2	55	FALSE
EVIDENCE_001629	STATE:Factor5	Factor5	heterogeneity_state	TCGA_continuous_MOFA_axis	multiomics_continuous_state	TCGA-ESCC GDC DR45	94-patient factor; pathway interpretation from official78 ECMS primary	TCGA_ESCC_factor94_ECMS78_shared_RNA	ECMS-adjusted standardized factor beta	0.537013605244749	2.96498945084364e-08	1.10692939498163e-06	positive	support	evaluable	FALSE	FALSE	T2	55	FALSE
EVIDENCE_001340	STATE:Factor5	Factor5	heterogeneity_state	TCGA_ECMS_adjusted_factor_PROGENy	multiomics_state->RNA_derived_pathway_activity	TCGA_ESCC_DR45	TCGA-ESCC official repository-anchor 78 patients; standardized PROGENy ~ ECMS + standardized MOFA factor	TCGA_ESCC_ECMS_official78_shared_RNA	standardized factor beta after ECMS adjustment	0.506935400438108	1.58564307109107e-06	3.55184047924399e-05	positive	support	evaluable	FALSE	FALSE	T2	55	FALSE
EVIDENCE_001341	STATE:Factor5	Factor5	heterogeneity_state	TCGA_ECMS_adjusted_factor_PROGENy	multiomics_state->RNA_derived_pathway_activity	TCGA_ESCC_DR45	TCGA-ESCC official repository-anchor 78 patients; standardized PROGENy ~ ECMS + standardized MOFA factor	TCGA_ESCC_ECMS_official78_shared_RNA	standardized factor beta after ECMS adjustment	0.484696891863063	2.1575253950894e-05	0.000302053555312516	positive	support	evaluable	FALSE	FALSE	T2	55	FALSE
EVIDENCE_001342	STATE:Factor5	Factor5	heterogeneity_state	TCGA_ECMS_adjusted_factor_PROGENy	multiomics_state->RNA_derived_pathway_activity	TCGA_ESCC_DR45	TCGA-ESCC official repository-anchor 78 patients; standardized PROGENy ~ ECMS + standardized MOFA factor	TCGA_ESCC_ECMS_official78_shared_RNA	standardized factor beta after ECMS adjustment	0.41708284956938	3.20946538324268e-05	0.000399400136581312	positive	support	evaluable	FALSE	FALSE	T2	55	FALSE
EVIDENCE_001343	STATE:Factor5	Factor5	heterogeneity_state	TCGA_ECMS_adjusted_factor_PROGENy	multiomics_state->RNA_derived_pathway_activity	TCGA_ESCC_DR45	TCGA-ESCC official repository-anchor 78 patients; standardized PROGENy ~ ECMS + standardized MOFA factor	TCGA_ESCC_ECMS_official78_shared_RNA	standardized factor beta after ECMS adjustment	-0.429819389177362	0.000351872760788873	0.00303151916987337	negative	support	evaluable	FALSE	FALSE	T2	55	FALSE
EVIDENCE_001344	STATE:Factor5	Factor5	heterogeneity_state	TCGA_ECMS_adjusted_factor_PROGENy	multiomics_state->RNA_derived_pathway_activity	TCGA_ESCC_DR45	TCGA-ESCC official repository-anchor 78 patients; standardized PROGENy ~ ECMS + standardized MOFA factor	TCGA_ESCC_ECMS_official78_shared_RNA	standardized factor beta after ECMS adjustment	-0.339518398388225	0.000710862715339493	0.00530777494120154	negative	support	evaluable	FALSE	FALSE	T2	55	FALSE
EVIDENCE_001346	STATE:Factor5	Factor5	heterogeneity_state	TCGA_ECMS_factor_explanatory	external_expression_classifier_state->multiomics_state	TCGA_ESCC_DR45	TCGA-ESCC official repository-anchor 78 patients; ECMS and MOFA share TCGA RNA representation	TCGA_ESCC_ECMS_official78_shared_RNA	eta_squared categorical separation	0.150859708406731	0.00678665601052496	0.0135733120210499	categorical_separation_no_pairwise_direction	support	evaluable	FALSE	FALSE	T2	55	FALSE
EVIDENCE_001345	STATE:Factor5	Factor5	heterogeneity_state	TCGA_ECMS_adjusted_factor_PROGENy	multiomics_state->RNA_derived_pathway_activity	TCGA_ESCC_DR45	TCGA-ESCC official repository-anchor 78 patients; standardized PROGENy ~ ECMS + standardized MOFA factor	TCGA_ESCC_ECMS_official78_shared_RNA	standardized factor beta after ECMS adjustment	-0.304610718309662	0.00343875209286608	0.0226553079059413	negative	support	evaluable	FALSE	FALSE	T2	55	FALSE
EVIDENCE_001347	STATE:Factor6	Factor6	heterogeneity_state	TCGA_ECMS_adjusted_factor_PROGENy	multiomics_state->RNA_derived_pathway_activity	TCGA_ESCC_DR45	TCGA-ESCC official repository-anchor 78 patients; standardized PROGENy ~ ECMS + standardized MOFA factor	TCGA_ESCC_ECMS_official78_shared_RNA	standardized factor beta after ECMS adjustment	-0.837394942190716	1.72948299161647e-13	1.93702095061044e-11	negative	support	evaluable	FALSE	FALSE	T2	55	FALSE
EVIDENCE_001630	STATE:Factor6	Factor6	heterogeneity_state	TCGA_continuous_MOFA_axis	multiomics_continuous_state	TCGA-ESCC GDC DR45	94-patient factor; pathway interpretation from official78 ECMS primary	TCGA_ESCC_factor94_ECMS78_shared_RNA	ECMS-adjusted standardized factor beta	-0.837394942190716	1.72948299161647e-13	1.93702095061044e-11	negative	support	evaluable	FALSE	FALSE	T2	55	FALSE
EVIDENCE_001351	STATE:Factor6	Factor6	heterogeneity_state	TCGA_ECMS_factor_explanatory	external_expression_classifier_state->multiomics_state	TCGA_ESCC_DR45	TCGA-ESCC official repository-anchor 78 patients; ECMS and MOFA share TCGA RNA representation	TCGA_ESCC_ECMS_official78_shared_RNA	eta_squared categorical separation	0.363145401288823	2.39965986055434e-07	1.91972788844347e-06	categorical_separation_no_pairwise_direction	support	evaluable	FALSE	FALSE	T2	55	FALSE
EVIDENCE_001348	STATE:Factor6	Factor6	heterogeneity_state	TCGA_ECMS_adjusted_factor_PROGENy	multiomics_state->RNA_derived_pathway_activity	TCGA_ESCC_DR45	TCGA-ESCC official repository-anchor 78 patients; standardized PROGENy ~ ECMS + standardized MOFA factor	TCGA_ESCC_ECMS_official78_shared_RNA	standardized factor beta after ECMS adjustment	0.550502439570024	4.82253887693013e-05	0.000540124354216174	positive	support	evaluable	FALSE	FALSE	T2	55	FALSE
EVIDENCE_001349	STATE:Factor6	Factor6	heterogeneity_state	TCGA_ECMS_adjusted_factor_PROGENy	multiomics_state->RNA_derived_pathway_activity	TCGA_ESCC_DR45	TCGA-ESCC official repository-anchor 78 patients; standardized PROGENy ~ ECMS + standardized MOFA factor	TCGA_ESCC_ECMS_official78_shared_RNA	standardized factor beta after ECMS adjustment	-0.531327700197008	0.000116938535427387	0.00119064690616976	negative	support	evaluable	FALSE	FALSE	T2	55	FALSE
EVIDENCE_001350	STATE:Factor6	Factor6	heterogeneity_state	TCGA_ECMS_adjusted_factor_PROGENy	multiomics_state->RNA_derived_pathway_activity	TCGA_ESCC_DR45	TCGA-ESCC official repository-anchor 78 patients; standardized PROGENy ~ ECMS + standardized MOFA factor	TCGA_ESCC_ECMS_official78_shared_RNA	standardized factor beta after ECMS adjustment	0.283286364708808	0.0284474443834129	0.096548902149765	positive	support	evaluable	FALSE	FALSE	T2	55	FALSE
EVIDENCE_001352	STATE:Factor7	Factor7	heterogeneity_state	TCGA_ECMS_adjusted_factor_PROGENy	multiomics_state->RNA_derived_pathway_activity	TCGA_ESCC_DR45	TCGA-ESCC official repository-anchor 78 patients; standardized PROGENy ~ ECMS + standardized MOFA factor	TCGA_ESCC_ECMS_official78_shared_RNA	standardized factor beta after ECMS adjustment	0.258024057502447	0.00853581602878116	0.0408873236638676	positive	support	evaluable	FALSE	FALSE	T2	55	FALSE
EVIDENCE_001631	STATE:Factor7	Factor7	heterogeneity_state	TCGA_continuous_MOFA_axis	multiomics_continuous_state	TCGA-ESCC GDC DR45	94-patient factor; pathway interpretation from official78 ECMS primary	TCGA_ESCC_factor94_ECMS78_shared_RNA	ECMS-adjusted standardized factor beta	0.258024057502447	0.00853581602878116	0.0408873236638676	positive	support	evaluable	FALSE	FALSE	T2	55	FALSE
EVIDENCE_001353	STATE:Factor7	Factor7	heterogeneity_state	TCGA_ECMS_adjusted_factor_PROGENy	multiomics_state->RNA_derived_pathway_activity	TCGA_ESCC_DR45	TCGA-ESCC official repository-anchor 78 patients; standardized PROGENy ~ ECMS + standardized MOFA factor	TCGA_ESCC_ECMS_official78_shared_RNA	standardized factor beta after ECMS adjustment	0.252796239868971	0.0190064485270659	0.0788415642604214	positive	support	evaluable	FALSE	FALSE	T2	55	FALSE
EVIDENCE_001354	STATE:Factor7	Factor7	heterogeneity_state	TCGA_ECMS_adjusted_factor_PROGENy	multiomics_state->RNA_derived_pathway_activity	TCGA_ESCC_DR45	TCGA-ESCC official repository-anchor 78 patients; standardized PROGENy ~ ECMS + standardized MOFA factor	TCGA_ESCC_ECMS_official78_shared_RNA	standardized factor beta after ECMS adjustment	0.2497863141496	0.025344474705235	0.0929463363753134	positive	support	evaluable	FALSE	FALSE	T2	55	FALSE
EVIDENCE_001632	STATE:Factor8	Factor8	heterogeneity_state	TCGA_continuous_MOFA_axis	multiomics_continuous_state	TCGA-ESCC GDC DR45	94-patient factor; pathway interpretation from official78 ECMS primary	TCGA_ESCC_factor94_ECMS78_shared_RNA	ECMS-adjusted standardized factor beta	0.131610107352265	0.24859729232647	0.480049943802838	positive	support	evaluable	FALSE	FALSE	T2	55	FALSE
EVIDENCE_001509	METABOLITE:AN004962:AN004962__103	D-Alanyl-D-alanine	metabolic_feature	PR001876_targeted_MS_feature	metabolome	PR001876/ST003027/AN004962	unpaired tissue sample; 16 early ESCC vs 16 normal	PR001876_early_stage_tissue_subject_overlap_unresolved	limma transformed-scale effect	0.128674542260563	0.0147914904922445	0.0484496780409234	higher_in_early_ESCC	support	metabolic_feature_evaluable_identity_mapping_incomplete	TRUE	FALSE	T2	55	FALSE
EVIDENCE_001564	METABOLITE:AN004962:AN004962__107	L-Carnitine	metabolic_feature	PR001876_targeted_MS_feature	metabolome	PR001876/ST003027/AN004962	unpaired tissue sample; 16 early ESCC vs 16 normal	PR001876_early_stage_tissue_subject_overlap_unresolved	limma transformed-scale effect	0.322312329310723	3.0483156987003e-05	0.000425438843166433	higher_in_early_ESCC	support	metabolic_feature_evaluable_identity_mapping_incomplete	TRUE	FALSE	T2	55	FALSE
EVIDENCE_001500	METABOLITE:AN004962:AN004962__108	L-2-Aminoadipic?Acid	metabolic_feature	PR001876_targeted_MS_feature	metabolome	PR001876/ST003027/AN004962	unpaired tissue sample; 16 early ESCC vs 16 normal	PR001876_early_stage_tissue_subject_overlap_unresolved	limma transformed-scale effect	-0.752372275672723	0.00341345005895989	0.0143377288565535	lower_in_early_ESCC	support	metabolic_feature_evaluable_identity_mapping_incomplete	TRUE	FALSE	T2	55	FALSE
EVIDENCE_001553	METABOLITE:AN004962:AN004962__110	5-Hydroxylysine	metabolic_feature	PR001876_targeted_MS_feature	metabolome	PR001876/ST003027/AN004962	unpaired tissue sample; 16 early ESCC vs 16 normal	PR001876_early_stage_tissue_subject_overlap_unresolved	limma transformed-scale effect	0.44868529354285	1.8242010142426e-06	5.32335023247158e-05	higher_in_early_ESCC	support	metabolic_feature_evaluable_identity_mapping_incomplete	TRUE	FALSE	T2	55	FALSE
EVIDENCE_001568	METABOLITE:AN004962:AN004962__112	7-Methylguanine	metabolic_feature	PR001876_targeted_MS_feature	metabolome	PR001876/ST003027/AN004962	unpaired tissue sample; 16 early ESCC vs 16 normal	PR001876_early_stage_tissue_subject_overlap_unresolved	limma transformed-scale effect	0.0163361610853257	5.2242972947583e-05	0.000619676346814966	higher_in_early_ESCC	support	metabolic_feature_evaluable_identity_mapping_incomplete	TRUE	FALSE	T2	55	FALSE
EVIDENCE_001599	METABOLITE:AN004962:AN004962__113	L-Phenylalanine	metabolic_feature	PR001876_targeted_MS_feature	metabolome	PR001876/ST003027/AN004962	unpaired tissue sample; 16 early ESCC vs 16 normal	PR001876_early_stage_tissue_subject_overlap_unresolved	limma transformed-scale effect	0.393052345632112	0.00173953696182607	0.00900631233461561	higher_in_early_ESCC	support	metabolic_feature_evaluable_identity_mapping_incomplete	TRUE	FALSE	T2	55	FALSE
EVIDENCE_001589	METABOLITE:AN004962:AN004962__114	Methionine sulfoxide	metabolic_feature	PR001876_targeted_MS_feature	metabolome	PR001876/ST003027/AN004962	unpaired tissue sample; 16 early ESCC vs 16 normal	PR001876_early_stage_tissue_subject_overlap_unresolved	limma transformed-scale effect	0.274765216201819	0.000546192328424632	0.00357811709029198	higher_in_early_ESCC	support	metabolic_feature_evaluable_identity_mapping_incomplete	TRUE	FALSE	T2	55	FALSE
EVIDENCE_001507	METABOLITE:AN004962:AN004962__126	L-Arginine	metabolic_feature	PR001876_targeted_MS_feature	metabolome	PR001876/ST003027/AN004962	unpaired tissue sample; 16 early ESCC vs 16 normal	PR001876_early_stage_tissue_subject_overlap_unresolved	limma transformed-scale effect	0.208710752957197	0.0108301983454468	0.0365946701988255	higher_in_early_ESCC	support	metabolic_feature_evaluable_identity_mapping_incomplete	TRUE	FALSE	T2	55	FALSE
EVIDENCE_001616	METABOLITE:AN004962:AN004962__128	L-Citrulline	metabolic_feature	PR001876_targeted_MS_feature	metabolome	PR001876/ST003027/AN004962	unpaired tissue sample; 16 early ESCC vs 16 normal	PR001876_early_stage_tissue_subject_overlap_unresolved	limma transformed-scale effect	0.361734123391254	0.00449457433872489	0.0180344795341336	higher_in_early_ESCC	support	metabolic_feature_evaluable_identity_mapping_incomplete	TRUE	FALSE	T2	55	FALSE
EVIDENCE_001512	METABOLITE:AN004962:AN004962__135	Carbocysteine	metabolic_feature	PR001876_targeted_MS_feature	metabolome	PR001876/ST003027/AN004962	unpaired tissue sample; 16 early ESCC vs 16 normal	PR001876_early_stage_tissue_subject_overlap_unresolved	limma transformed-scale effect	0.0199003486028446	0.015992350896035	0.0508271746299725	higher_in_early_ESCC	support	metabolic_feature_evaluable_identity_mapping_incomplete	TRUE	FALSE	T2	55	FALSE
EVIDENCE_001601	METABOLITE:AN004962:AN004962__140	L-Tyrosine	metabolic_feature	PR001876_targeted_MS_feature	metabolome	PR001876/ST003027/AN004962	unpaired tissue sample; 16 early ESCC vs 16 normal	PR001876_early_stage_tissue_subject_overlap_unresolved	limma transformed-scale effect	0.371352764810205	0.00182618689174474	0.00915946862890721	higher_in_early_ESCC	support	metabolic_feature_evaluable_identity_mapping_incomplete	TRUE	FALSE	T2	55	FALSE
EVIDENCE_001504	METABOLITE:AN004962:AN004962__141	Sorbitol	metabolic_feature	PR001876_targeted_MS_feature	metabolome	PR001876/ST003027/AN004962	unpaired tissue sample; 16 early ESCC vs 16 normal	PR001876_early_stage_tissue_subject_overlap_unresolved	limma transformed-scale effect	0.510824964892487	0.00889812471957794	0.0313878904943354	higher_in_early_ESCC	support	metabolic_feature_evaluable_identity_mapping_incomplete	TRUE	FALSE	T2	55	FALSE
EVIDENCE_001516	METABOLITE:AN004962:AN004962__146	Glycyl-L-Leucine	metabolic_feature	PR001876_targeted_MS_feature	metabolome	PR001876/ST003027/AN004962	unpaired tissue sample; 16 early ESCC vs 16 normal	PR001876_early_stage_tissue_subject_overlap_unresolved	limma transformed-scale effect	0.112088209268479	0.0189407939287741	0.0579047128679665	higher_in_early_ESCC	support	metabolic_feature_evaluable_identity_mapping_incomplete	TRUE	FALSE	T2	55	FALSE
EVIDENCE_001517	METABOLITE:AN004962:AN004962__149	L-Homoarginine	metabolic_feature	PR001876_targeted_MS_feature	metabolome	PR001876/ST003027/AN004962	unpaired tissue sample; 16 early ESCC vs 16 normal	PR001876_early_stage_tissue_subject_overlap_unresolved	limma transformed-scale effect	-0.143813733334624	0.0194157028154489	0.0587966094694255	lower_in_early_ESCC	support	metabolic_feature_evaluable_identity_mapping_incomplete	TRUE	FALSE	T2	55	FALSE
EVIDENCE_001534	METABOLITE:AN004962:AN004962__150	N6,N6,N6-Trimethyl-L-lysine	metabolic_feature	PR001876_targeted_MS_feature	metabolome	PR001876/ST003027/AN004962	unpaired tissue sample; 16 early ESCC vs 16 normal	PR001876_early_stage_tissue_subject_overlap_unresolved	limma transformed-scale effect	0.0487090618624842	0.0309604991892647	0.0807993515427151	higher_in_early_ESCC	support	metabolic_feature_evaluable_identity_mapping_incomplete	TRUE	FALSE	T2	55	FALSE
EVIDENCE_001593	METABOLITE:AN004962:AN004962__165	N,N-Dimethylarginine	metabolic_feature	PR001876_targeted_MS_feature	metabolome	PR001876/ST003027/AN004962	unpaired tissue sample; 16 early ESCC vs 16 normal	PR001876_early_stage_tissue_subject_overlap_unresolved	limma transformed-scale effect	0.383601426929472	0.000929753870584215	0.00552687023069505	higher_in_early_ESCC	support	metabolic_feature_evaluable_identity_mapping_incomplete	TRUE	FALSE	T2	55	FALSE
EVIDENCE_001596	METABOLITE:AN004962:AN004962__167	O-Acetylcarnitine	metabolic_feature	PR001876_targeted_MS_feature	metabolome	PR001876/ST003027/AN004962	unpaired tissue sample; 16 early ESCC vs 16 normal	PR001876_early_stage_tissue_subject_overlap_unresolved	limma transformed-scale effect	0.286221213055563	0.00116877316242179	0.00635891839215923	higher_in_early_ESCC	support	metabolic_feature_evaluable_identity_mapping_incomplete	TRUE	FALSE	T2	55	FALSE
EVIDENCE_001555	METABOLITE:AN004962:AN004962__17	Choline	metabolic_feature	PR001876_targeted_MS_feature	metabolome	PR001876/ST003027/AN004962	unpaired tissue sample; 16 early ESCC vs 16 normal	PR001876_early_stage_tissue_subject_overlap_unresolved	limma transformed-scale effect	0.363144611223994	3.23576529380211e-06	7.5147255671092e-05	higher_in_early_ESCC	support	metabolic_feature_evaluable_identity_mapping_incomplete	TRUE	FALSE	T2	55	FALSE
EVIDENCE_001552	METABOLITE:AN004962:AN004962__174	Kynurenine	metabolic_feature	PR001876_targeted_MS_feature	metabolome	PR001876/ST003027/AN004962	unpaired tissue sample; 16 early ESCC vs 16 normal	PR001876_early_stage_tissue_subject_overlap_unresolved	limma transformed-scale effect	1.30285398387562	1.10739490576601e-06	3.5547376475089e-05	higher_in_early_ESCC	support	metabolic_feature_evaluable_identity_mapping_incomplete	TRUE	FALSE	T2	55	FALSE
EVIDENCE_001573	METABOLITE:AN004962:AN004962__183	N-Acetyl-D-Glucosamine	metabolic_feature	PR001876_targeted_MS_feature	metabolome	PR001876/ST003027/AN004962	unpaired tissue sample; 16 early ESCC vs 16 normal	PR001876_early_stage_tissue_subject_overlap_unresolved	limma transformed-scale effect	0.435606713579239	9.4889323439549e-05	0.000904745479785084	higher_in_early_ESCC	support	metabolic_feature_evaluable_identity_mapping_incomplete	TRUE	FALSE	T2	55	FALSE
EVIDENCE_001496	METABOLITE:AN004962:AN004962__184	L-Cystathionine	metabolic_feature	PR001876_targeted_MS_feature	metabolome	PR001876/ST003027/AN004962	unpaired tissue sample; 16 early ESCC vs 16 normal	PR001876_early_stage_tissue_subject_overlap_unresolved	limma transformed-scale effect	1.28666424004872	0.000122229472820365	0.00112101887929534	higher_in_early_ESCC	support	metabolic_feature_evaluable_identity_mapping_incomplete	TRUE	FALSE	T2	55	FALSE
EVIDENCE_001532	METABOLITE:AN004962:AN004962__185	Glycylphenylalanine	metabolic_feature	PR001876_targeted_MS_feature	metabolome	PR001876/ST003027/AN004962	unpaired tissue sample; 16 early ESCC vs 16 normal	PR001876_early_stage_tissue_subject_overlap_unresolved	limma transformed-scale effect	0.087323242843108	0.0289819153956035	0.0768859077850308	higher_in_early_ESCC	support	metabolic_feature_evaluable_identity_mapping_incomplete	TRUE	FALSE	T2	55	FALSE
EVIDENCE_001623	METABOLITE:AN004962:AN004962__189	L-Carnosine	metabolic_feature	PR001876_targeted_MS_feature	metabolome	PR001876/ST003027/AN004962	unpaired tissue sample; 16 early ESCC vs 16 normal	PR001876_early_stage_tissue_subject_overlap_unresolved	limma transformed-scale effect	-0.549179116257717	0.00623962507858559	0.0225047151710784	lower_in_early_ESCC	support	metabolic_feature_evaluable_identity_mapping_incomplete	TRUE	FALSE	T2	55	FALSE
EVIDENCE_001617	METABOLITE:AN004962:AN004962__191	Leucyl-Valine	metabolic_feature	PR001876_targeted_MS_feature	metabolome	PR001876/ST003027/AN004962	unpaired tissue sample; 16 early ESCC vs 16 normal	PR001876_early_stage_tissue_subject_overlap_unresolved	limma transformed-scale effect	0.0144928830048674	0.00461395480412002	0.0182849320015127	higher_in_early_ESCC	support	metabolic_feature_evaluable_identity_mapping_incomplete	TRUE	FALSE	T2	55	FALSE
EVIDENCE_001619	METABOLITE:AN004962:AN004962__196	Cytidine	metabolic_feature	PR001876_targeted_MS_feature	metabolome	PR001876/ST003027/AN004962	unpaired tissue sample; 16 early ESCC vs 16 normal	PR001876_early_stage_tissue_subject_overlap_unresolved	limma transformed-scale effect	-0.344289195352746	0.00533769721581393	0.0201576565444267	lower_in_early_ESCC	support	metabolic_feature_evaluable_identity_mapping_incomplete	TRUE	FALSE	T2	55	FALSE
EVIDENCE_001533	METABOLITE:AN004962:AN004962__199	gamma-L-Glutamyl-L-valine	metabolic_feature	PR001876_targeted_MS_feature	metabolome	PR001876/ST003027/AN004962	unpaired tissue sample; 16 early ESCC vs 16 normal	PR001876_early_stage_tissue_subject_overlap_unresolved	limma transformed-scale effect	0.0321677058108078	0.0304004353933872	0.0799880308301418	higher_in_early_ESCC	support	metabolic_feature_evaluable_identity_mapping_incomplete	TRUE	FALSE	T2	55	FALSE
EVIDENCE_001545	METABOLITE:AN004962:AN004962__2	Ethanolamine	metabolic_feature	PR001876_targeted_MS_feature	metabolome	PR001876/ST003027/AN004962	unpaired tissue sample; 16 early ESCC vs 16 normal	PR001876_early_stage_tissue_subject_overlap_unresolved	limma transformed-scale effect	0.766024701090307	2.38939184719256e-08	1.97725441190869e-06	higher_in_early_ESCC	support	metabolic_feature_evaluable_identity_mapping_incomplete	TRUE	FALSE	T2	55	FALSE
EVIDENCE_001603	METABOLITE:AN004962:AN004962__204	Glycerophosphocholine	metabolic_feature	PR001876_targeted_MS_feature	metabolome	PR001876/ST003027/AN004962	unpaired tissue sample; 16 early ESCC vs 16 normal	PR001876_early_stage_tissue_subject_overlap_unresolved	limma transformed-scale effect	0.671903130685114	0.00208653939816012	0.0101481688910515	higher_in_early_ESCC	support	metabolic_feature_evaluable_identity_mapping_incomplete	TRUE	FALSE	T2	55	FALSE
EVIDENCE_001597	METABOLITE:AN004962:AN004962__209	Thiamine	metabolic_feature	PR001876_targeted_MS_feature	metabolome	PR001876/ST003027/AN004962	unpaired tissue sample; 16 early ESCC vs 16 normal	PR001876_early_stage_tissue_subject_overlap_unresolved	limma transformed-scale effect	0.00783680466154177	0.00120802336548836	0.00646292500536274	higher_in_early_ESCC	support	metabolic_feature_evaluable_identity_mapping_incomplete	TRUE	FALSE	T2	55	FALSE
EVIDENCE_001572	METABOLITE:AN004962:AN004962__21	3-Aminoisobutyric acid	metabolic_feature	PR001876_targeted_MS_feature	metabolome	PR001876/ST003027/AN004962	unpaired tissue sample; 16 early ESCC vs 16 normal	PR001876_early_stage_tissue_subject_overlap_unresolved	limma transformed-scale effect	-0.947425330847687	7.77938999096231e-05	0.000805543286160936	lower_in_early_ESCC	support	metabolic_feature_evaluable_identity_mapping_incomplete	TRUE	FALSE	T2	55	FALSE
EVIDENCE_001615	METABOLITE:AN004962:AN004962__214	Estrone	metabolic_feature	PR001876_targeted_MS_feature	metabolome	PR001876/ST003027/AN004962	unpaired tissue sample; 16 early ESCC vs 16 normal	PR001876_early_stage_tissue_subject_overlap_unresolved	limma transformed-scale effect	0.0244314253393777	0.00399962656544968	0.0162516471836626	higher_in_early_ESCC	support	metabolic_feature_evaluable_identity_mapping_incomplete	TRUE	FALSE	T2	55	FALSE
EVIDENCE_001600	METABOLITE:AN004962:AN004962__217	gamma-Glutamylmethionine	metabolic_feature	PR001876_targeted_MS_feature	metabolome	PR001876/ST003027/AN004962	unpaired tissue sample; 16 early ESCC vs 16 normal	PR001876_early_stage_tissue_subject_overlap_unresolved	limma transformed-scale effect	0.0271827304619829	0.00178538962936305	0.00909698525437364	higher_in_early_ESCC	support	metabolic_feature_evaluable_identity_mapping_incomplete	TRUE	FALSE	T2	55	FALSE
EVIDENCE_001613	METABOLITE:AN004962:AN004962__218	L-alpha-Aspartyl-L-phenylalanine	metabolic_feature	PR001876_targeted_MS_feature	metabolome	PR001876/ST003027/AN004962	unpaired tissue sample; 16 early ESCC vs 16 normal	PR001876_early_stage_tissue_subject_overlap_unresolved	limma transformed-scale effect	0.129262937868476	0.00343926829269352	0.0143377288565535	higher_in_early_ESCC	support	metabolic_feature_evaluable_identity_mapping_incomplete	TRUE	FALSE	T2	55	FALSE
EVIDENCE_001535	METABOLITE:AN004962:AN004962__219	1-Methyladenosine	metabolic_feature	PR001876_targeted_MS_feature	metabolome	PR001876/ST003027/AN004962	unpaired tissue sample; 16 early ESCC vs 16 normal	PR001876_early_stage_tissue_subject_overlap_unresolved	limma transformed-scale effect	0.00905241389260411	0.0356731386643764	0.0923473992843938	higher_in_early_ESCC	support	metabolic_feature_evaluable_identity_mapping_incomplete	TRUE	FALSE	T2	55	FALSE
EVIDENCE_001607	METABOLITE:AN004962:AN004962__227	L-Argininosuccinic Acid	metabolic_feature	PR001876_targeted_MS_feature	metabolome	PR001876/ST003027/AN004962	unpaired tissue sample; 16 early ESCC vs 16 normal	PR001876_early_stage_tissue_subject_overlap_unresolved	limma transformed-scale effect	-0.487924024922164	0.00278099510723125	0.0127528489917319	lower_in_early_ESCC	support	metabolic_feature_evaluable_identity_mapping_incomplete	TRUE	FALSE	T2	55	FALSE
EVIDENCE_001559	METABOLITE:AN004962:AN004962__228	5'-Deoxy-5'-methylthioadenosine	metabolic_feature	PR001876_targeted_MS_feature	metabolome	PR001876/ST003027/AN004962	unpaired tissue sample; 16 early ESCC vs 16 normal	PR001876_early_stage_tissue_subject_overlap_unresolved	limma transformed-scale effect	0.10838493058408	9.3689327087155e-06	0.000167079299972093	higher_in_early_ESCC	support	metabolic_feature_evaluable_identity_mapping_incomplete	TRUE	FALSE	T2	55	FALSE
EVIDENCE_001588	METABOLITE:AN004962:AN004962__229	2'-O-methylguanosine	metabolic_feature	PR001876_targeted_MS_feature	metabolome	PR001876/ST003027/AN004962	unpaired tissue sample; 16 early ESCC vs 16 normal	PR001876_early_stage_tissue_subject_overlap_unresolved	limma transformed-scale effect	0.0106269525259082	0.00050448715716679	0.00337375786355291	higher_in_early_ESCC	support	metabolic_feature_evaluable_identity_mapping_incomplete	TRUE	FALSE	T2	55	FALSE
EVIDENCE_001524	METABOLITE:AN004962:AN004962__235	Glutathione	metabolic_feature	PR001876_targeted_MS_feature	metabolome	PR001876/ST003027/AN004962	unpaired tissue sample; 16 early ESCC vs 16 normal	PR001876_early_stage_tissue_subject_overlap_unresolved	limma transformed-scale effect	0.447967496506451	0.0225747410045504	0.0641282465704484	higher_in_early_ESCC	support	metabolic_feature_evaluable_identity_mapping_incomplete	TRUE	FALSE	T2	55	FALSE
EVIDENCE_001614	METABOLITE:AN004962:AN004962__239	5alpha-Pregnane-3,20-dione	metabolic_feature	PR001876_targeted_MS_feature	metabolome	PR001876/ST003027/AN004962	unpaired tissue sample; 16 early ESCC vs 16 normal	PR001876_early_stage_tissue_subject_overlap_unresolved	limma transformed-scale effect	0.00736282422667344	0.0038324090059131	0.0157718370627962	higher_in_early_ESCC	support	metabolic_feature_evaluable_identity_mapping_incomplete	TRUE	FALSE	T2	55	FALSE
EVIDENCE_001526	METABOLITE:AN004962:AN004962__24	L-Serine	metabolic_feature	PR001876_targeted_MS_feature	metabolome	PR001876/ST003027/AN004962	unpaired tissue sample; 16 early ESCC vs 16 normal	PR001876_early_stage_tissue_subject_overlap_unresolved	limma transformed-scale effect	0.243667169307992	0.0240645848182975	0.0666145385592822	higher_in_early_ESCC	support	metabolic_feature_evaluable_identity_mapping_incomplete	TRUE	FALSE	T2	55	FALSE
EVIDENCE_001543	METABOLITE:AN004962:AN004962__243	N-Acetylglucosaminylasparagine	metabolic_feature	PR001876_targeted_MS_feature	metabolome	PR001876/ST003027/AN004962	unpaired tissue sample; 16 early ESCC vs 16 normal	PR001876_early_stage_tissue_subject_overlap_unresolved	limma transformed-scale effect	0.510947112707689	7.98565667800351e-11	2.56339579363913e-08	higher_in_early_ESCC	support	metabolic_feature_evaluable_identity_mapping_incomplete	TRUE	FALSE	T2	55	FALSE
EVIDENCE_001499	METABOLITE:AN004962:AN004962__244	Thiamine monophosphate	metabolic_feature	PR001876_targeted_MS_feature	metabolome	PR001876/ST003027/AN004962	unpaired tissue sample; 16 early ESCC vs 16 normal	PR001876_early_stage_tissue_subject_overlap_unresolved	limma transformed-scale effect	0.0248925240918316	0.001065032120454	0.00599781246781988	higher_in_early_ESCC	support	metabolic_feature_evaluable_identity_mapping_incomplete	TRUE	FALSE	T2	55	FALSE
EVIDENCE_001618	METABOLITE:AN004962:AN004962__246	Adenosine monophosphate	metabolic_feature	PR001876_targeted_MS_feature	metabolome	PR001876/ST003027/AN004962	unpaired tissue sample; 16 early ESCC vs 16 normal	PR001876_early_stage_tissue_subject_overlap_unresolved	limma transformed-scale effect	0.715375792410631	0.00474934187825576	0.0185919358892695	higher_in_early_ESCC	support	metabolic_feature_evaluable_identity_mapping_incomplete	TRUE	FALSE	T2	55	FALSE
EVIDENCE_001558	METABOLITE:AN004962:AN004962__251	Riboflavin	metabolic_feature	PR001876_targeted_MS_feature	metabolome	PR001876/ST003027/AN004962	unpaired tissue sample; 16 early ESCC vs 16 normal	PR001876_early_stage_tissue_subject_overlap_unresolved	limma transformed-scale effect	0.396405592316053	4.88849014220356e-06	9.8075333477959e-05	higher_in_early_ESCC	support	metabolic_feature_evaluable_identity_mapping_incomplete	TRUE	FALSE	T2	55	FALSE
EVIDENCE_001587	METABOLITE:AN004962:AN004962__252	S-Adenosyl-L-homocysteine	metabolic_feature	PR001876_targeted_MS_feature	metabolome	PR001876/ST003027/AN004962	unpaired tissue sample; 16 early ESCC vs 16 normal	PR001876_early_stage_tissue_subject_overlap_unresolved	limma transformed-scale effect	0.111299251673626	0.000307692283062518	0.0021014728268738	higher_in_early_ESCC	support	metabolic_feature_evaluable_identity_mapping_incomplete	TRUE	FALSE	T2	55	FALSE
EVIDENCE_001574	METABOLITE:AN004962:AN004962__253	S-Adenosylmethionine	metabolic_feature	PR001876_targeted_MS_feature	metabolome	PR001876/ST003027/AN004962	unpaired tissue sample; 16 early ESCC vs 16 normal	PR001876_early_stage_tissue_subject_overlap_unresolved	limma transformed-scale effect	1.06336074792155	9.5399530812057e-05	0.000904745479785084	higher_in_early_ESCC	support	metabolic_feature_evaluable_identity_mapping_incomplete	TRUE	FALSE	T2	55	FALSE
EVIDENCE_001576	METABOLITE:AN004962:AN004962__255	Thiamine pyrophosphate	metabolic_feature	PR001876_targeted_MS_feature	metabolome	PR001876/ST003027/AN004962	unpaired tissue sample; 16 early ESCC vs 16 normal	PR001876_early_stage_tissue_subject_overlap_unresolved	limma transformed-scale effect	0.0716303603082319	0.000132406283032607	0.00118062269037408	higher_in_early_ESCC	support	metabolic_feature_evaluable_identity_mapping_incomplete	TRUE	FALSE	T2	55	FALSE
EVIDENCE_001578	METABOLITE:AN004962:AN004962__258	Flavin mononucleotide	metabolic_feature	PR001876_targeted_MS_feature	metabolome	PR001876/ST003027/AN004962	unpaired tissue sample; 16 early ESCC vs 16 normal	PR001876_early_stage_tissue_subject_overlap_unresolved	limma transformed-scale effect	0.0323265388439849	0.000167730865045602	0.00141688441262206	higher_in_early_ESCC	support	metabolic_feature_evaluable_identity_mapping_incomplete	TRUE	FALSE	T2	55	FALSE
EVIDENCE_001575	METABOLITE:AN004962:AN004962__260	Citicoline	metabolic_feature	PR001876_targeted_MS_feature	metabolome	PR001876/ST003027/AN004962	unpaired tissue sample; 16 early ESCC vs 16 normal	PR001876_early_stage_tissue_subject_overlap_unresolved	limma transformed-scale effect	0.473430576381613	9.58297392918781e-05	0.000904745479785084	higher_in_early_ESCC	support	metabolic_feature_evaluable_identity_mapping_incomplete	TRUE	FALSE	T2	55	FALSE
EVIDENCE_001531	METABOLITE:AN004962:AN004962__262	Biliverdin	metabolic_feature	PR001876_targeted_MS_feature	metabolome	PR001876/ST003027/AN004962	unpaired tissue sample; 16 early ESCC vs 16 normal	PR001876_early_stage_tissue_subject_overlap_unresolved	limma transformed-scale effect	0.00623710903793918	0.0273347714480977	0.0731205136236613	higher_in_early_ESCC	support	metabolic_feature_evaluable_identity_mapping_incomplete	TRUE	FALSE	T2	55	FALSE
EVIDENCE_001562	METABOLITE:AN004962:AN004962__29	L-Proline	metabolic_feature	PR001876_targeted_MS_feature	metabolome	PR001876/ST003027/AN004962	unpaired tissue sample; 16 early ESCC vs 16 normal	PR001876_early_stage_tissue_subject_overlap_unresolved	limma transformed-scale effect	0.65588510853968	1.94478451843074e-05	0.000297274204960127	higher_in_early_ESCC	support	metabolic_feature_evaluable_identity_mapping_incomplete	TRUE	FALSE	T2	55	FALSE
EVIDENCE_001602	METABOLITE:AN004962:AN004962__3	Imidazole	metabolic_feature	PR001876_targeted_MS_feature	metabolome	PR001876/ST003027/AN004962	unpaired tissue sample; 16 early ESCC vs 16 normal	PR001876_early_stage_tissue_subject_overlap_unresolved	limma transformed-scale effect	0.0225034033247152	0.00190753778769168	0.00942030199767739	higher_in_early_ESCC	support	metabolic_feature_evaluable_identity_mapping_incomplete	TRUE	FALSE	T2	55	FALSE
EVIDENCE_001560	METABOLITE:AN004962:AN004962__31	Betaine	metabolic_feature	PR001876_targeted_MS_feature	metabolome	PR001876/ST003027/AN004962	unpaired tissue sample; 16 early ESCC vs 16 normal	PR001876_early_stage_tissue_subject_overlap_unresolved	limma transformed-scale effect	0.768522161545985	1.05148418365669e-05	0.000177645485765156	higher_in_early_ESCC	support	metabolic_feature_evaluable_identity_mapping_incomplete	TRUE	FALSE	T2	55	FALSE
EVIDENCE_001620	METABOLITE:AN004962:AN004962__33	L-Valine	metabolic_feature	PR001876_targeted_MS_feature	metabolome	PR001876/ST003027/AN004962	unpaired tissue sample; 16 early ESCC vs 16 normal	PR001876_early_stage_tissue_subject_overlap_unresolved	limma transformed-scale effect	0.399598829799023	0.0055011507496743	0.0205333650075052	higher_in_early_ESCC	support	metabolic_feature_evaluable_identity_mapping_incomplete	TRUE	FALSE	T2	55	FALSE
EVIDENCE_001592	METABOLITE:AN004962:AN004962__37	L-Threonine	metabolic_feature	PR001876_targeted_MS_feature	metabolome	PR001876/ST003027/AN004962	unpaired tissue sample; 16 early ESCC vs 16 normal	PR001876_early_stage_tissue_subject_overlap_unresolved	limma transformed-scale effect	0.398024512650535	0.000863167637892523	0.00522786437289622	higher_in_early_ESCC	support	metabolic_feature_evaluable_identity_mapping_incomplete	TRUE	FALSE	T2	55	FALSE
EVIDENCE_001547	METABOLITE:AN004962:AN004962__41	Nicotinamide	metabolic_feature	PR001876_targeted_MS_feature	metabolome	PR001876/ST003027/AN004962	unpaired tissue sample; 16 early ESCC vs 16 normal	PR001876_early_stage_tissue_subject_overlap_unresolved	limma transformed-scale effect	0.862162823834294	9.24746052717212e-08	5.9368696584445e-06	higher_in_early_ESCC	support	metabolic_feature_evaluable_identity_mapping_incomplete	TRUE	FALSE	T2	55	FALSE
EVIDENCE_001530	METABOLITE:AN004962:AN004962__42	Nicotinic acid	metabolic_feature	PR001876_targeted_MS_feature	metabolome	PR001876/ST003027/AN004962	unpaired tissue sample; 16 early ESCC vs 16 normal	PR001876_early_stage_tissue_subject_overlap_unresolved	limma transformed-scale effect	0.0850554434291511	0.0265778834956473	0.0716932823706117	higher_in_early_ESCC	support	metabolic_feature_evaluable_identity_mapping_incomplete	TRUE	FALSE	T2	55	FALSE
EVIDENCE_001595	METABOLITE:AN004962:AN004962__47	Imidazoleacetic acid	metabolic_feature	PR001876_targeted_MS_feature	metabolome	PR001876/ST003027/AN004962	unpaired tissue sample; 16 early ESCC vs 16 normal	PR001876_early_stage_tissue_subject_overlap_unresolved	limma transformed-scale effect	-0.0382382309990978	0.00109856576874477	0.00607999330632882	lower_in_early_ESCC	support	metabolic_feature_evaluable_identity_mapping_incomplete	TRUE	FALSE	T2	55	FALSE
EVIDENCE_001565	METABOLITE:AN004962:AN004962__52	N-Acetylputrescine	metabolic_feature	PR001876_targeted_MS_feature	metabolome	PR001876/ST003027/AN004962	unpaired tissue sample; 16 early ESCC vs 16 normal	PR001876_early_stage_tissue_subject_overlap_unresolved	limma transformed-scale effect	0.223267773959327	3.61280969460218e-05	0.000483213296653041	higher_in_early_ESCC	support	metabolic_feature_evaluable_identity_mapping_incomplete	TRUE	FALSE	T2	55	FALSE
EVIDENCE_001625	METABOLITE:AN004962:AN004962__53	Agmatine	metabolic_feature	PR001876_targeted_MS_feature	metabolome	PR001876/ST003027/AN004962	unpaired tissue sample; 16 early ESCC vs 16 normal	PR001876_early_stage_tissue_subject_overlap_unresolved	limma transformed-scale effect	0.226606029061961	0.01201770326959	0.0401841953076914	higher_in_early_ESCC	support	metabolic_feature_evaluable_identity_mapping_incomplete	TRUE	FALSE	T2	55	FALSE
EVIDENCE_001571	METABOLITE:AN004962:AN004962__54	L-Leucine	metabolic_feature	PR001876_targeted_MS_feature	metabolome	PR001876/ST003027/AN004962	unpaired tissue sample; 16 early ESCC vs 16 normal	PR001876_early_stage_tissue_subject_overlap_unresolved	limma transformed-scale effect	0.585481342662455	7.6551417718978e-05	0.000805543286160936	higher_in_early_ESCC	support	metabolic_feature_evaluable_identity_mapping_incomplete	TRUE	FALSE	T2	55	FALSE
EVIDENCE_001549	METABOLITE:AN004962:AN004962__59	L-Asparagine	metabolic_feature	PR001876_targeted_MS_feature	metabolome	PR001876/ST003027/AN004962	unpaired tissue sample; 16 early ESCC vs 16 normal	PR001876_early_stage_tissue_subject_overlap_unresolved	limma transformed-scale effect	0.712840957905342	5.27418036612616e-07	2.41858842503785e-05	higher_in_early_ESCC	support	metabolic_feature_evaluable_identity_mapping_incomplete	TRUE	FALSE	T2	55	FALSE
EVIDENCE_001514	METABOLITE:AN004962:AN004962__60	L-Ornithine	metabolic_feature	PR001876_targeted_MS_feature	metabolome	PR001876/ST003027/AN004962	unpaired tissue sample; 16 early ESCC vs 16 normal	PR001876_early_stage_tissue_subject_overlap_unresolved	limma transformed-scale effect	0.263625073070464	0.0165805278943689	0.0516732956708002	higher_in_early_ESCC	support	metabolic_feature_evaluable_identity_mapping_incomplete	TRUE	FALSE	T2	55	FALSE
EVIDENCE_001508	METABOLITE:AN004962:AN004962__61	L-Aspartic acid	metabolic_feature	PR001876_targeted_MS_feature	metabolome	PR001876/ST003027/AN004962	unpaired tissue sample; 16 early ESCC vs 16 normal	PR001876_early_stage_tissue_subject_overlap_unresolved	limma transformed-scale effect	0.310015927169172	0.0124779131559904	0.041292887866731	higher_in_early_ESCC	support	metabolic_feature_evaluable_identity_mapping_incomplete	TRUE	FALSE	T2	55	FALSE
EVIDENCE_001528	METABOLITE:AN004962:AN004962__62	2-Phenylacetamide	metabolic_feature	PR001876_targeted_MS_feature	metabolome	PR001876/ST003027/AN004962	unpaired tissue sample; 16 early ESCC vs 16 normal	PR001876_early_stage_tissue_subject_overlap_unresolved	limma transformed-scale effect	0.00824751379241084	0.0254295569095066	0.0697682715209541	higher_in_early_ESCC	support	metabolic_feature_evaluable_identity_mapping_incomplete	TRUE	FALSE	T2	55	FALSE
EVIDENCE_001529	METABOLITE:AN004962:AN004962__65	N-Methylnicotinamide	metabolic_feature	PR001876_targeted_MS_feature	metabolome	PR001876/ST003027/AN004962	unpaired tissue sample; 16 early ESCC vs 16 normal	PR001876_early_stage_tissue_subject_overlap_unresolved	limma transformed-scale effect	0.00474766372077379	0.0261631048260488	0.0711725139759462	higher_in_early_ESCC	support	metabolic_feature_evaluable_identity_mapping_incomplete	TRUE	FALSE	T2	55	FALSE
EVIDENCE_001586	METABOLITE:AN004962:AN004962__66	Hypoxanthine	metabolic_feature	PR001876_targeted_MS_feature	metabolome	PR001876/ST003027/AN004962	unpaired tissue sample; 16 early ESCC vs 16 normal	PR001876_early_stage_tissue_subject_overlap_unresolved	limma transformed-scale effect	0.354233130914845	0.000292203871366546	0.00203907484149264	higher_in_early_ESCC	support	metabolic_feature_evaluable_identity_mapping_incomplete	TRUE	FALSE	T2	55	FALSE
EVIDENCE_001546	METABOLITE:AN004962:AN004962__67	1-Methylnicotinamide	metabolic_feature	PR001876_targeted_MS_feature	metabolome	PR001876/ST003027/AN004962	unpaired tissue sample; 16 early ESCC vs 16 normal	PR001876_early_stage_tissue_subject_overlap_unresolved	limma transformed-scale effect	0.886567697925593	2.46386842605444e-08	1.97725441190869e-06	higher_in_early_ESCC	support	metabolic_feature_evaluable_identity_mapping_incomplete	TRUE	FALSE	T2	55	FALSE
EVIDENCE_001584	METABOLITE:AN004962:AN004962__75	O-Phosphoethanolamine	metabolic_feature	PR001876_targeted_MS_feature	metabolome	PR001876/ST003027/AN004962	unpaired tissue sample; 16 early ESCC vs 16 normal	PR001876_early_stage_tissue_subject_overlap_unresolved	limma transformed-scale effect	0.371550461742903	0.000243570784586442	0.00177695958755109	higher_in_early_ESCC	support	metabolic_feature_evaluable_identity_mapping_incomplete	TRUE	FALSE	T2	55	FALSE
EVIDENCE_001580	METABOLITE:AN004962:AN004962__8	L-Glycine	metabolic_feature	PR001876_targeted_MS_feature	metabolome	PR001876/ST003027/AN004962	unpaired tissue sample; 16 early ESCC vs 16 normal	PR001876_early_stage_tissue_subject_overlap_unresolved	limma transformed-scale effect	0.262620981341012	0.000223554152136337	0.00175338121568464	higher_in_early_ESCC	support	metabolic_feature_evaluable_identity_mapping_incomplete	TRUE	FALSE	T2	55	FALSE
EVIDENCE_001556	METABOLITE:AN004962:AN004962__82	4-(Trimethylammonio)butanoate	metabolic_feature	PR001876_targeted_MS_feature	metabolome	PR001876/ST003027/AN004962	unpaired tissue sample; 16 early ESCC vs 16 normal	PR001876_early_stage_tissue_subject_overlap_unresolved	limma transformed-scale effect	0.492160415325886	3.27745040310059e-06	7.5147255671092e-05	higher_in_early_ESCC	support	metabolic_feature_evaluable_identity_mapping_incomplete	TRUE	FALSE	T2	55	FALSE
EVIDENCE_001544	METABOLITE:AN004962:AN004962__85	L-Glutamic acid	metabolic_feature	PR001876_targeted_MS_feature	metabolome	PR001876/ST003027/AN004962	unpaired tissue sample; 16 early ESCC vs 16 normal	PR001876_early_stage_tissue_subject_overlap_unresolved	limma transformed-scale effect	0.552451428718301	1.62387657198589e-08	1.97725441190869e-06	higher_in_early_ESCC	support	metabolic_feature_evaluable_identity_mapping_incomplete	TRUE	FALSE	T2	55	FALSE
EVIDENCE_001583	METABOLITE:AN004962:AN004962__88	L-Methionine	metabolic_feature	PR001876_targeted_MS_feature	metabolome	PR001876/ST003027/AN004962	unpaired tissue sample; 16 early ESCC vs 16 normal	PR001876_early_stage_tissue_subject_overlap_unresolved	limma transformed-scale effect	0.484703024011294	0.000242694229501227	0.00177695958755109	higher_in_early_ESCC	support	metabolic_feature_evaluable_identity_mapping_incomplete	TRUE	FALSE	T2	55	FALSE
EVIDENCE_001495	METABOLITE:AN004962:AN004962__95	Cystamine	metabolic_feature	PR001876_targeted_MS_feature	metabolome	PR001876/ST003027/AN004962	unpaired tissue sample; 16 early ESCC vs 16 normal	PR001876_early_stage_tissue_subject_overlap_unresolved	limma transformed-scale effect	0.0310077636594256	9.02843878899079e-06	0.000167079299972093	higher_in_early_ESCC	support	metabolic_feature_evaluable_identity_mapping_incomplete	TRUE	FALSE	T2	55	FALSE
EVIDENCE_001577	METABOLITE:AN004962:AN004962__98	L-Cysteinesulfinic acid	metabolic_feature	PR001876_targeted_MS_feature	metabolome	PR001876/ST003027/AN004962	unpaired tissue sample; 16 early ESCC vs 16 normal	PR001876_early_stage_tissue_subject_overlap_unresolved	limma transformed-scale effect	0.605675415637174	0.00016357561302034	0.00141688441262206	higher_in_early_ESCC	support	metabolic_feature_evaluable_identity_mapping_incomplete	TRUE	FALSE	T2	55	FALSE
EVIDENCE_001598	METABOLITE:AN004963:AN004963__107	4-Hydroxyphenylpyruvic acid	metabolic_feature	PR001876_targeted_MS_feature	metabolome	PR001876/ST003027/AN004963	unpaired tissue sample; 16 early ESCC vs 16 normal	PR001876_early_stage_tissue_subject_overlap_unresolved	limma transformed-scale effect	0.0674511057666247	0.00156765864937294	0.00824948240079856	higher_in_early_ESCC	support	metabolic_feature_evaluable_identity_mapping_incomplete	TRUE	FALSE	T2	55	FALSE
EVIDENCE_001610	METABOLITE:AN004963:AN004963__114	D-Glucose	metabolic_feature	PR001876_targeted_MS_feature	metabolome	PR001876/ST003027/AN004963	unpaired tissue sample; 16 early ESCC vs 16 normal	PR001876_early_stage_tissue_subject_overlap_unresolved	limma transformed-scale effect	-1.04064022577304	0.00301173322263117	0.0132433748556795	lower_in_early_ESCC	support	metabolic_feature_evaluable_identity_mapping_incomplete	TRUE	FALSE	T2	55	FALSE
EVIDENCE_001609	METABOLITE:AN004963:AN004963__115	Inositol	metabolic_feature	PR001876_targeted_MS_feature	metabolome	PR001876/ST003027/AN004963	unpaired tissue sample; 16 early ESCC vs 16 normal	PR001876_early_stage_tissue_subject_overlap_unresolved	limma transformed-scale effect	-0.285013052753641	0.00298112237548448	0.0132433748556795	lower_in_early_ESCC	support	metabolic_feature_evaluable_identity_mapping_incomplete	TRUE	FALSE	T2	55	FALSE
EVIDENCE_001591	METABOLITE:AN004963:AN004963__118	Galactitol	metabolic_feature	PR001876_targeted_MS_feature	metabolome	PR001876/ST003027/AN004963	unpaired tissue sample; 16 early ESCC vs 16 normal	PR001876_early_stage_tissue_subject_overlap_unresolved	limma transformed-scale effect	0.175970401725207	0.000773047399041219	0.00477208105946599	higher_in_early_ESCC	support	metabolic_feature_evaluable_identity_mapping_incomplete	TRUE	FALSE	T2	55	FALSE
EVIDENCE_001590	METABOLITE:AN004963:AN004963__122	3-Hydroxydecanoic acid	metabolic_feature	PR001876_targeted_MS_feature	metabolome	PR001876/ST003027/AN004963	unpaired tissue sample; 16 early ESCC vs 16 normal	PR001876_early_stage_tissue_subject_overlap_unresolved	limma transformed-scale effect	0.0459551988436607	0.000617099807424529	0.00396178076366548	higher_in_early_ESCC	support	metabolic_feature_evaluable_identity_mapping_incomplete	TRUE	FALSE	T2	55	FALSE
EVIDENCE_001502	METABOLITE:AN004963:AN004963__126	N-Acetyl-L-glutamic acid	metabolic_feature	PR001876_targeted_MS_feature	metabolome	PR001876/ST003027/AN004963	unpaired tissue sample; 16 early ESCC vs 16 normal	PR001876_early_stage_tissue_subject_overlap_unresolved	limma transformed-scale effect	0.057864981397209	0.00520685476563179	0.0198976235686643	higher_in_early_ESCC	support	metabolic_feature_evaluable_identity_mapping_incomplete	TRUE	FALSE	T2	55	FALSE
EVIDENCE_001548	METABOLITE:AN004963:AN004963__127	gamma-Carboxyglutamic acid	metabolic_feature	PR001876_targeted_MS_feature	metabolome	PR001876/ST003027/AN004963	unpaired tissue sample; 16 early ESCC vs 16 normal	PR001876_early_stage_tissue_subject_overlap_unresolved	limma transformed-scale effect	0.208241276073602	2.2424184087308e-07	1.19969384867098e-05	higher_in_early_ESCC	support	metabolic_feature_evaluable_identity_mapping_incomplete	TRUE	FALSE	T2	55	FALSE
EVIDENCE_001608	METABOLITE:AN004963:AN004963__129	Citric Acid	metabolic_feature	PR001876_targeted_MS_feature	metabolome	PR001876/ST003027/AN004963	unpaired tissue sample; 16 early ESCC vs 16 normal	PR001876_early_stage_tissue_subject_overlap_unresolved	limma transformed-scale effect	-0.465146135451244	0.00294087505982379	0.0132433748556795	lower_in_early_ESCC	support	metabolic_feature_evaluable_identity_mapping_incomplete	TRUE	FALSE	T2	55	FALSE
EVIDENCE_001497	METABOLITE:AN004963:AN004963__135	D-Glucuronic Acid	metabolic_feature	PR001876_targeted_MS_feature	metabolome	PR001876/ST003027/AN004963	unpaired tissue sample; 16 early ESCC vs 16 normal	PR001876_early_stage_tissue_subject_overlap_unresolved	limma transformed-scale effect	0.314290184195286	0.000705267758708001	0.00443903824598565	higher_in_early_ESCC	support	metabolic_feature_evaluable_identity_mapping_incomplete	TRUE	FALSE	T2	55	FALSE
EVIDENCE_001612	METABOLITE:AN004963:AN004963__139	Gluconic acid	metabolic_feature	PR001876_targeted_MS_feature	metabolome	PR001876/ST003027/AN004963	unpaired tissue sample; 16 early ESCC vs 16 normal	PR001876_early_stage_tissue_subject_overlap_unresolved	limma transformed-scale effect	0.419284826771463	0.00342407496255963	0.0143377288565535	higher_in_early_ESCC	support	metabolic_feature_evaluable_identity_mapping_incomplete	TRUE	FALSE	T2	55	FALSE
EVIDENCE_001557	METABOLITE:AN004963:AN004963__148	Glucaric acid	metabolic_feature	PR001876_targeted_MS_feature	metabolome	PR001876/ST003027/AN004963	unpaired tissue sample; 16 early ESCC vs 16 normal	PR001876_early_stage_tissue_subject_overlap_unresolved	limma transformed-scale effect	0.0734664796398081	4.4034598856751e-06	9.42340415534472e-05	higher_in_early_ESCC	support	metabolic_feature_evaluable_identity_mapping_incomplete	TRUE	FALSE	T2	55	FALSE
EVIDENCE_001621	METABOLITE:AN004963:AN004963__151	Myristic acid	metabolic_feature	PR001876_targeted_MS_feature	metabolome	PR001876/ST003027/AN004963	unpaired tissue sample; 16 early ESCC vs 16 normal	PR001876_early_stage_tissue_subject_overlap_unresolved	limma transformed-scale effect	0.0966793457449824	0.00564165020662286	0.0208157438658154	higher_in_early_ESCC	support	metabolic_feature_evaluable_identity_mapping_incomplete	TRUE	FALSE	T2	55	FALSE
EVIDENCE_001513	METABOLITE:AN004963:AN004963__160	Glucose 1-phosphate	metabolic_feature	PR001876_targeted_MS_feature	metabolome	PR001876/ST003027/AN004963	unpaired tissue sample; 16 early ESCC vs 16 normal	PR001876_early_stage_tissue_subject_overlap_unresolved	limma transformed-scale effect	0.0979905810235293	0.016176535806091	0.0509085097426981	higher_in_early_ESCC	support	metabolic_feature_evaluable_identity_mapping_incomplete	TRUE	FALSE	T2	55	FALSE
EVIDENCE_001563	METABOLITE:AN004963:AN004963__168	N-Acetyl-D-Glucosamine 6-Phosphate	metabolic_feature	PR001876_targeted_MS_feature	metabolome	PR001876/ST003027/AN004963	unpaired tissue sample; 16 early ESCC vs 16 normal	PR001876_early_stage_tissue_subject_overlap_unresolved	limma transformed-scale effect	0.725413557702844	2.06982242046003e-05	0.000302005907712577	higher_in_early_ESCC	support	metabolic_feature_evaluable_identity_mapping_incomplete	TRUE	FALSE	T2	55	FALSE
EVIDENCE_001506	METABOLITE:AN004963:AN004963__171	Thymidine-5'-phosphate	metabolic_feature	PR001876_targeted_MS_feature	metabolome	PR001876/ST003027/AN004963	unpaired tissue sample; 16 early ESCC vs 16 normal	PR001876_early_stage_tissue_subject_overlap_unresolved	limma transformed-scale effect	0.0295506077799324	0.0097697975721924	0.0337215593620834	higher_in_early_ESCC	support	metabolic_feature_evaluable_identity_mapping_incomplete	TRUE	FALSE	T2	55	FALSE
EVIDENCE_001567	METABOLITE:AN004963:AN004963__173	2'-Deoxyadenosine-5'-monophosphate	metabolic_feature	PR001876_targeted_MS_feature	metabolome	PR001876/ST003027/AN004963	unpaired tissue sample; 16 early ESCC vs 16 normal	PR001876_early_stage_tissue_subject_overlap_unresolved	limma transformed-scale effect	0.613513554528857	5.02587292093825e-05	0.000619676346814966	higher_in_early_ESCC	support	metabolic_feature_evaluable_identity_mapping_incomplete	TRUE	FALSE	T2	55	FALSE
EVIDENCE_001510	METABOLITE:AN004963:AN004963__174	Sucrose	metabolic_feature	PR001876_targeted_MS_feature	metabolome	PR001876/ST003027/AN004963	unpaired tissue sample; 16 early ESCC vs 16 normal	PR001876_early_stage_tissue_subject_overlap_unresolved	limma transformed-scale effect	0.708760204916102	0.0149706434881307	0.0485411773706055	higher_in_early_ESCC	support	metabolic_feature_evaluable_identity_mapping_incomplete	TRUE	FALSE	T2	55	FALSE
EVIDENCE_001537	METABOLITE:AN004963:AN004963__175	Cellobiose	metabolic_feature	PR001876_targeted_MS_feature	metabolome	PR001876/ST003027/AN004963	unpaired tissue sample; 16 early ESCC vs 16 normal	PR001876_early_stage_tissue_subject_overlap_unresolved	limma transformed-scale effect	-0.430374332921546	0.0389440117017796	0.0992145060021528	lower_in_early_ESCC	support	metabolic_feature_evaluable_identity_mapping_incomplete	TRUE	FALSE	T2	55	FALSE
EVIDENCE_001511	METABOLITE:AN004963:AN004963__178	Gentiobiose	metabolic_feature	PR001876_targeted_MS_feature	metabolome	PR001876/ST003027/AN004963	unpaired tissue sample; 16 early ESCC vs 16 normal	PR001876_early_stage_tissue_subject_overlap_unresolved	limma transformed-scale effect	0.733538091146281	0.0151710507525799	0.0486990729157815	higher_in_early_ESCC	support	metabolic_feature_evaluable_identity_mapping_incomplete	TRUE	FALSE	T2	55	FALSE
EVIDENCE_001503	METABOLITE:AN004963:AN004963__179	Cyclic guanosine monophosphate	metabolic_feature	PR001876_targeted_MS_feature	metabolome	PR001876/ST003027/AN004963	unpaired tissue sample; 16 early ESCC vs 16 normal	PR001876_early_stage_tissue_subject_overlap_unresolved	limma transformed-scale effect	-0.0278119028361992	0.00885164573633659	0.0313878904943354	lower_in_early_ESCC	support	metabolic_feature_evaluable_identity_mapping_incomplete	TRUE	FALSE	T2	55	FALSE
EVIDENCE_001505	METABOLITE:AN004963:AN004963__184	Guanosine-5'-monophosphate	metabolic_feature	PR001876_targeted_MS_feature	metabolome	PR001876/ST003027/AN004963	unpaired tissue sample; 16 early ESCC vs 16 normal	PR001876_early_stage_tissue_subject_overlap_unresolved	limma transformed-scale effect	0.536890442037683	0.00957956532042817	0.0334243529114939	higher_in_early_ESCC	support	metabolic_feature_evaluable_identity_mapping_incomplete	TRUE	FALSE	T2	55	FALSE
EVIDENCE_001522	METABOLITE:AN004963:AN004963__185	Xanthylic acid (XMP)	metabolic_feature	PR001876_targeted_MS_feature	metabolome	PR001876/ST003027/AN004963	unpaired tissue sample; 16 early ESCC vs 16 normal	PR001876_early_stage_tissue_subject_overlap_unresolved	limma transformed-scale effect	0.172036872356953	0.021940785339295	0.0634503792244477	higher_in_early_ESCC	support	metabolic_feature_evaluable_identity_mapping_incomplete	TRUE	FALSE	T2	55	FALSE
EVIDENCE_001525	METABOLITE:AN004963:AN004963__19	Methylmalonic acid	metabolic_feature	PR001876_targeted_MS_feature	metabolome	PR001876/ST003027/AN004963	unpaired tissue sample; 16 early ESCC vs 16 normal	PR001876_early_stage_tissue_subject_overlap_unresolved	limma transformed-scale effect	-0.216665687265066	0.0231481156765002	0.0651802204575138	lower_in_early_ESCC	support	metabolic_feature_evaluable_identity_mapping_incomplete	TRUE	FALSE	T2	55	FALSE
EVIDENCE_001604	METABOLITE:AN004963:AN004963__191	Cytidine-5'-diphosphate	metabolic_feature	PR001876_targeted_MS_feature	metabolome	PR001876/ST003027/AN004963	unpaired tissue sample; 16 early ESCC vs 16 normal	PR001876_early_stage_tissue_subject_overlap_unresolved	limma transformed-scale effect	-0.108641845766113	0.00229172684741419	0.0109797659405963	lower_in_early_ESCC	support	metabolic_feature_evaluable_identity_mapping_incomplete	TRUE	FALSE	T2	55	FALSE
EVIDENCE_001536	METABOLITE:AN004963:AN004963__192	Uridine-5'-diphosphate	metabolic_feature	PR001876_targeted_MS_feature	metabolome	PR001876/ST003027/AN004963	unpaired tissue sample; 16 early ESCC vs 16 normal	PR001876_early_stage_tissue_subject_overlap_unresolved	limma transformed-scale effect	-0.41429032687111	0.0365853670033405	0.0939512224645785	lower_in_early_ESCC	support	metabolic_feature_evaluable_identity_mapping_incomplete	TRUE	FALSE	T2	55	FALSE
EVIDENCE_001570	METABOLITE:AN004963:AN004963__199	Inosine diphosphate	metabolic_feature	PR001876_targeted_MS_feature	metabolome	PR001876/ST003027/AN004963	unpaired tissue sample; 16 early ESCC vs 16 normal	PR001876_early_stage_tissue_subject_overlap_unresolved	limma transformed-scale effect	-0.264609228010229	6.63441332969007e-05	0.00073436092373466	lower_in_early_ESCC	support	metabolic_feature_evaluable_identity_mapping_incomplete	TRUE	FALSE	T2	55	FALSE
EVIDENCE_001554	METABOLITE:AN004963:AN004963__207	Cytidine-5'-triphosphate	metabolic_feature	PR001876_targeted_MS_feature	metabolome	PR001876/ST003027/AN004963	unpaired tissue sample; 16 early ESCC vs 16 normal	PR001876_early_stage_tissue_subject_overlap_unresolved	limma transformed-scale effect	-0.534207807945127	2.16142214062583e-06	5.7818042261741e-05	lower_in_early_ESCC	support	metabolic_feature_evaluable_identity_mapping_incomplete	TRUE	FALSE	T2	55	FALSE
EVIDENCE_001585	METABOLITE:AN004963:AN004963__211	Adenosine-5'-triphosphate	metabolic_feature	PR001876_targeted_MS_feature	metabolome	PR001876/ST003027/AN004963	unpaired tissue sample; 16 early ESCC vs 16 normal	PR001876_early_stage_tissue_subject_overlap_unresolved	limma transformed-scale effect	-0.99990510137342	0.000277026361388958	0.0019761213779079	lower_in_early_ESCC	support	metabolic_feature_evaluable_identity_mapping_incomplete	TRUE	FALSE	T2	55	FALSE
EVIDENCE_001606	METABOLITE:AN004963:AN004963__217	GDP-L-Fucose	metabolic_feature	PR001876_targeted_MS_feature	metabolome	PR001876/ST003027/AN004963	unpaired tissue sample; 16 early ESCC vs 16 normal	PR001876_early_stage_tissue_subject_overlap_unresolved	limma transformed-scale effect	0.243071688003516	0.00262149605176126	0.0121956555451502	higher_in_early_ESCC	support	metabolic_feature_evaluable_identity_mapping_incomplete	TRUE	FALSE	T2	55	FALSE
EVIDENCE_001622	METABOLITE:AN004963:AN004963__218	Glutathione Disulfide	metabolic_feature	PR001876_targeted_MS_feature	metabolome	PR001876/ST003027/AN004963	unpaired tissue sample; 16 early ESCC vs 16 normal	PR001876_early_stage_tissue_subject_overlap_unresolved	limma transformed-scale effect	0.237483644306968	0.00623505963490712	0.0225047151710784	higher_in_early_ESCC	support	metabolic_feature_evaluable_identity_mapping_incomplete	TRUE	FALSE	T2	55	FALSE
EVIDENCE_001498	METABOLITE:AN004963:AN004963__221	Maltotetraose	metabolic_feature	PR001876_targeted_MS_feature	metabolome	PR001876/ST003027/AN004963	unpaired tissue sample; 16 early ESCC vs 16 normal	PR001876_early_stage_tissue_subject_overlap_unresolved	limma transformed-scale effect	-0.960538373730961	0.000960997174848163	0.005608728965932	lower_in_early_ESCC	support	metabolic_feature_evaluable_identity_mapping_incomplete	TRUE	FALSE	T2	55	FALSE
EVIDENCE_001566	METABOLITE:AN004963:AN004963__222	Flavin adenine dinucleotide	metabolic_feature	PR001876_targeted_MS_feature	metabolome	PR001876/ST003027/AN004963	unpaired tissue sample; 16 early ESCC vs 16 normal	PR001876_early_stage_tissue_subject_overlap_unresolved	limma transformed-scale effect	0.109694291488607	4.16728535536218e-05	0.000535079439628504	higher_in_early_ESCC	support	metabolic_feature_evaluable_identity_mapping_incomplete	TRUE	FALSE	T2	55	FALSE
EVIDENCE_001519	METABOLITE:AN004963:AN004963__24	Picolinic acid	metabolic_feature	PR001876_targeted_MS_feature	metabolome	PR001876/ST003027/AN004963	unpaired tissue sample; 16 early ESCC vs 16 normal	PR001876_early_stage_tissue_subject_overlap_unresolved	limma transformed-scale effect	0.176407435896018	0.0201393292366473	0.0598585618978129	higher_in_early_ESCC	support	metabolic_feature_evaluable_identity_mapping_incomplete	TRUE	FALSE	T2	55	FALSE
EVIDENCE_001561	METABOLITE:AN004963:AN004963__27	2-Oxohexanoic acid	metabolic_feature	PR001876_targeted_MS_feature	metabolome	PR001876/ST003027/AN004963	unpaired tissue sample; 16 early ESCC vs 16 normal	PR001876_early_stage_tissue_subject_overlap_unresolved	limma transformed-scale effect	-0.092400217618915	1.91111627717847e-05	0.000297274204960127	lower_in_early_ESCC	support	metabolic_feature_evaluable_identity_mapping_incomplete	TRUE	FALSE	T2	55	FALSE
EVIDENCE_001550	METABOLITE:AN004963:AN004963__28	3-Methyl-2-oxovaleric acid	metabolic_feature	PR001876_targeted_MS_feature	metabolome	PR001876/ST003027/AN004963	unpaired tissue sample; 16 early ESCC vs 16 normal	PR001876_early_stage_tissue_subject_overlap_unresolved	limma transformed-scale effect	-0.325867870998786	9.83306633813638e-07	3.52224542036204e-05	lower_in_early_ESCC	support	metabolic_feature_evaluable_identity_mapping_incomplete	TRUE	FALSE	T2	55	FALSE
EVIDENCE_001611	METABOLITE:AN004963:AN004963__3	3-Hydroxypropionic acid	metabolic_feature	PR001876_targeted_MS_feature	metabolome	PR001876/ST003027/AN004963	unpaired tissue sample; 16 early ESCC vs 16 normal	PR001876_early_stage_tissue_subject_overlap_unresolved	limma transformed-scale effect	-0.702298360594218	0.00332158925449835	0.0143377288565535	lower_in_early_ESCC	support	metabolic_feature_evaluable_identity_mapping_incomplete	TRUE	FALSE	T2	55	FALSE
EVIDENCE_001579	METABOLITE:AN004963:AN004963__32	N-Acetyl-L-alanine	metabolic_feature	PR001876_targeted_MS_feature	metabolome	PR001876/ST003027/AN004963	unpaired tissue sample; 16 early ESCC vs 16 normal	PR001876_early_stage_tissue_subject_overlap_unresolved	limma transformed-scale effect	0.349383044309208	0.000186477820918604	0.00153485591063774	higher_in_early_ESCC	support	metabolic_feature_evaluable_identity_mapping_incomplete	TRUE	FALSE	T2	55	FALSE
EVIDENCE_001551	METABOLITE:AN004963:AN004963__39	Glutaric acid	metabolic_feature	PR001876_targeted_MS_feature	metabolome	PR001876/ST003027/AN004963	unpaired tissue sample; 16 early ESCC vs 16 normal	PR001876_early_stage_tissue_subject_overlap_unresolved	limma transformed-scale effect	-0.648907390296276	9.8754544496132e-07	3.52224542036204e-05	lower_in_early_ESCC	support	metabolic_feature_evaluable_identity_mapping_incomplete	TRUE	FALSE	T2	55	FALSE
EVIDENCE_001515	METABOLITE:AN004963:AN004963__41	L-Malic acid	metabolic_feature	PR001876_targeted_MS_feature	metabolome	PR001876/ST003027/AN004963	unpaired tissue sample; 16 early ESCC vs 16 normal	PR001876_early_stage_tissue_subject_overlap_unresolved	limma transformed-scale effect	-0.286310899133427	0.0178407750742709	0.0550662384503938	lower_in_early_ESCC	support	metabolic_feature_evaluable_identity_mapping_incomplete	TRUE	FALSE	T2	55	FALSE
EVIDENCE_001624	METABOLITE:AN004963:AN004963__49	2-Ketoglutaric?Acid	metabolic_feature	PR001876_targeted_MS_feature	metabolome	PR001876/ST003027/AN004963	unpaired tissue sample; 16 early ESCC vs 16 normal	PR001876_early_stage_tissue_subject_overlap_unresolved	limma transformed-scale effect	-0.271279615606933	0.0100284398533822	0.0342460552439968	lower_in_early_ESCC	support	metabolic_feature_evaluable_identity_mapping_incomplete	TRUE	FALSE	T2	55	FALSE
EVIDENCE_001605	METABOLITE:AN004963:AN004963__54	3-Hydroxyglutaric acid	metabolic_feature	PR001876_targeted_MS_feature	metabolome	PR001876/ST003027/AN004963	unpaired tissue sample; 16 early ESCC vs 16 normal	PR001876_early_stage_tissue_subject_overlap_unresolved	limma transformed-scale effect	-0.0658110233625527	0.00236799569454877	0.011178332616914	lower_in_early_ESCC	support	metabolic_feature_evaluable_identity_mapping_incomplete	TRUE	FALSE	T2	55	FALSE
EVIDENCE_001581	METABOLITE:AN004963:AN004963__69	Orotic acid	metabolic_feature	PR001876_targeted_MS_feature	metabolome	PR001876/ST003027/AN004963	unpaired tissue sample; 16 early ESCC vs 16 normal	PR001876_early_stage_tissue_subject_overlap_unresolved	limma transformed-scale effect	0.0845039933082864	0.000223952117891184	0.00175338121568464	higher_in_early_ESCC	support	metabolic_feature_evaluable_identity_mapping_incomplete	TRUE	FALSE	T2	55	FALSE
EVIDENCE_001520	METABOLITE:AN004963:AN004963__76	2-Hydroxyadipic acid	metabolic_feature	PR001876_targeted_MS_feature	metabolome	PR001876/ST003027/AN004963	unpaired tissue sample; 16 early ESCC vs 16 normal	PR001876_early_stage_tissue_subject_overlap_unresolved	limma transformed-scale effect	-0.10806168702325	0.0206895496932557	0.0609297747847254	lower_in_early_ESCC	support	metabolic_feature_evaluable_identity_mapping_incomplete	TRUE	FALSE	T2	55	FALSE
EVIDENCE_001518	METABOLITE:AN004963:AN004963__77	Acetylcysteine	metabolic_feature	PR001876_targeted_MS_feature	metabolome	PR001876/ST003027/AN004963	unpaired tissue sample; 16 early ESCC vs 16 normal	PR001876_early_stage_tissue_subject_overlap_unresolved	limma transformed-scale effect	0.104191837786454	0.0197809993670919	0.0593429981012756	higher_in_early_ESCC	support	metabolic_feature_evaluable_identity_mapping_incomplete	TRUE	FALSE	T2	55	FALSE
EVIDENCE_001501	METABOLITE:AN004963:AN004963__78	Phenylpyruvic acid	metabolic_feature	PR001876_targeted_MS_feature	metabolome	PR001876/ST003027/AN004963	unpaired tissue sample; 16 early ESCC vs 16 normal	PR001876_early_stage_tissue_subject_overlap_unresolved	limma transformed-scale effect	0.0342522406311994	0.00493964665996491	0.0191039346728763	higher_in_early_ESCC	support	metabolic_feature_evaluable_identity_mapping_incomplete	TRUE	FALSE	T2	55	FALSE
EVIDENCE_001527	METABOLITE:AN004963:AN004963__8	3-Hydroxyisobutyric acid	metabolic_feature	PR001876_targeted_MS_feature	metabolome	PR001876/ST003027/AN004963	unpaired tissue sample; 16 early ESCC vs 16 normal	PR001876_early_stage_tissue_subject_overlap_unresolved	limma transformed-scale effect	-0.359312674468515	0.024072543529211	0.0666145385592822	lower_in_early_ESCC	support	metabolic_feature_evaluable_identity_mapping_incomplete	TRUE	FALSE	T2	55	FALSE
EVIDENCE_001594	METABOLITE:AN004963:AN004963__86	Quinolinic acid	metabolic_feature	PR001876_targeted_MS_feature	metabolome	PR001876/ST003027/AN004963	unpaired tissue sample; 16 early ESCC vs 16 normal	PR001876_early_stage_tissue_subject_overlap_unresolved	limma transformed-scale effect	0.427143389114903	0.000995771441646263	0.00570790415657947	higher_in_early_ESCC	support	metabolic_feature_evaluable_identity_mapping_incomplete	TRUE	FALSE	T2	55	FALSE
EVIDENCE_001569	METABOLITE:AN004963:AN004963__92	Phosphoenolpyruvic acid	metabolic_feature	PR001876_targeted_MS_feature	metabolome	PR001876/ST003027/AN004963	unpaired tissue sample; 16 early ESCC vs 16 normal	PR001876_early_stage_tissue_subject_overlap_unresolved	limma transformed-scale effect	-0.808236904198253	5.4052765454265e-05	0.000619676346814966	lower_in_early_ESCC	support	metabolic_feature_evaluable_identity_mapping_incomplete	TRUE	FALSE	T2	55	FALSE
EVIDENCE_001521	METABOLITE:AN004963:AN004963__93	Cysteic Acid	metabolic_feature	PR001876_targeted_MS_feature	metabolome	PR001876/ST003027/AN004963	unpaired tissue sample; 16 early ESCC vs 16 normal	PR001876_early_stage_tissue_subject_overlap_unresolved	limma transformed-scale effect	0.098549732394988	0.0218268818554844	0.0634503792244477	higher_in_early_ESCC	support	metabolic_feature_evaluable_identity_mapping_incomplete	TRUE	FALSE	T2	55	FALSE
EVIDENCE_001582	METABOLITE:AN004963:AN004963__95	Glycerophosphoric acid	metabolic_feature	PR001876_targeted_MS_feature	metabolome	PR001876/ST003027/AN004963	unpaired tissue sample; 16 early ESCC vs 16 normal	PR001876_early_stage_tissue_subject_overlap_unresolved	limma transformed-scale effect	-1.28898203784601	0.000238698274591938	0.00177695958755109	lower_in_early_ESCC	support	metabolic_feature_evaluable_identity_mapping_incomplete	TRUE	FALSE	T2	55	FALSE
EVIDENCE_001523	METABOLITE:AN004963:AN004963__98	cis-Aconitic acid	metabolic_feature	PR001876_targeted_MS_feature	metabolome	PR001876/ST003027/AN004963	unpaired tissue sample; 16 early ESCC vs 16 normal	PR001876_early_stage_tissue_subject_overlap_unresolved	limma transformed-scale effect	-0.0677436811614083	0.0221642903389309	0.0635244392749715	lower_in_early_ESCC	support	metabolic_feature_evaluable_identity_mapping_incomplete	TRUE	FALSE	T2	55	FALSE
EVIDENCE_001648	MICROBE:C__Alphaproteobacteria_unclassified	C__Alphaproteobacteria_unclassified	microbial_taxon	PRJNA766558_paired_CLR	microbiome_16S_taxonomy	PRJNA766558	21 paired tumor/non-tumor tissues	PRJNA766558_FFPE_tissue_21_pairs	median paired CLR difference	-1.63928862603273	0.0311638455366196	0.117133074603156	lower_in_tumor	support	taxonomic_ecology_evaluable_no_public_blank	TRUE	FALSE	T2	55	FALSE
EVIDENCE_001665	MICROBE:F__JG30-KF-CM45_unclassified	F__JG30-KF-CM45_unclassified	microbial_taxon	PRJNA766558_paired_CLR	microbiome_16S_taxonomy	PRJNA766558	21 paired tumor/non-tumor tissues	PRJNA766558_FFPE_tissue_21_pairs	median paired CLR difference	-1.83759936071136	0.000847689150586509	0.010762223014463	lower_in_tumor	support	taxonomic_ecology_evaluable_no_public_blank	TRUE	FALSE	T2	55	FALSE
EVIDENCE_001659	MICROBE:F__Lachnospiraceae_unclassified	F__Lachnospiraceae_unclassified	microbial_taxon	PRJNA766558_paired_CLR	microbiome_16S_taxonomy	PRJNA766558	21 paired tumor/non-tumor tissues	PRJNA766558_FFPE_tissue_21_pairs	median paired CLR difference	-1.54193659842335	0.070700276991926	0.187959272978535	lower_in_tumor	support	taxonomic_ecology_evaluable_no_public_blank	TRUE	FALSE	T2	55	FALSE
EVIDENCE_001646	MICROBE:K__Bacteria_unclassified	K__Bacteria_unclassified	microbial_taxon	PRJNA766558_paired_CLR	microbiome_16S_taxonomy	PRJNA766558	21 paired tumor/non-tumor tissues	PRJNA766558_FFPE_tissue_21_pairs	median paired CLR difference	-0.483531065515884	0.026115521593656	0.109484302065712	lower_in_tumor	support	taxonomic_ecology_evaluable_no_public_blank	TRUE	FALSE	T2	55	FALSE
EVIDENCE_001649	MICROBE:O__Micrococcales_unclassified	O__Micrococcales_unclassified	microbial_taxon	PRJNA766558_paired_CLR	microbiome_16S_taxonomy	PRJNA766558	21 paired tumor/non-tumor tissues	PRJNA766558_FFPE_tissue_21_pairs	median paired CLR difference	-0.48310648554314	0.0311638455366196	0.117133074603156	lower_in_tumor	support	taxonomic_ecology_evaluable_no_public_blank	TRUE	FALSE	T2	55	FALSE
EVIDENCE_001643	MICROBE:O__Rickettsiales_unclassified	O__Rickettsiales_unclassified	microbial_taxon	PRJNA766558_paired_CLR	microbiome_16S_taxonomy	PRJNA766558	21 paired tumor/non-tumor tissues	PRJNA766558_FFPE_tissue_21_pairs	median paired CLR difference	-3.8682078616107	0.000847689150586509	0.010762223014463	lower_in_tumor	support	taxonomic_ecology_evaluable_no_public_blank	TRUE	FALSE	T2	55	FALSE
EVIDENCE_001679	MICROBE:O__Saccharimonadales_unclassified	O__Saccharimonadales_unclassified	microbial_taxon	PRJNA766558_paired_CLR	microbiome_16S_taxonomy	PRJNA766558	21 paired tumor/non-tumor tissues	PRJNA766558_FFPE_tissue_21_pairs	median paired CLR difference	0.922956069407257	0.0135948854417752	0.077991711218605	higher_in_tumor	support	taxonomic_ecology_evaluable_no_public_blank	TRUE	FALSE	T2	55	FALSE
EVIDENCE_001642	MICROBE:P__Pseudomonadota_unclassified	P__Pseudomonadota_unclassified	microbial_taxon	PRJNA766558_paired_CLR	microbiome_16S_taxonomy	PRJNA766558	21 paired tumor/non-tumor tissues	PRJNA766558_FFPE_tissue_21_pairs	median paired CLR difference	-0.928706371715012	0.000658619122626369	0.010762223014463	lower_in_tumor	support	taxonomic_ecology_evaluable_no_public_blank	TRUE	FALSE	T2	55	FALSE
EVIDENCE_001647	MICROBE:g__Actinomyces	g__Actinomyces	microbial_taxon	PRJNA766558_paired_CLR	microbiome_16S_taxonomy	PRJNA766558	21 paired tumor/non-tumor tissues	PRJNA766558_FFPE_tissue_21_pairs	median paired CLR difference	-0.428374517659006	0.0285436826589363	0.115231904067558	lower_in_tumor	support	taxonomic_ecology_evaluable_no_public_blank	TRUE	FALSE	T2	55	FALSE
EVIDENCE_001652	MICROBE:g__Agrobacterium	g__Agrobacterium	microbial_taxon	PRJNA766558_paired_CLR	microbiome_16S_taxonomy	PRJNA766558	21 paired tumor/non-tumor tissues	PRJNA766558_FFPE_tissue_21_pairs	median paired CLR difference	-0.422063518276328	0.0516033011039804	0.165434112362761	lower_in_tumor	support	taxonomic_ecology_evaluable_no_public_blank	TRUE	FALSE	T2	55	FALSE
EVIDENCE_001666	MICROBE:g__Bacteroides	g__Bacteroides	microbial_taxon	PRJNA766558_paired_CLR	microbiome_16S_taxonomy	PRJNA766558	21 paired tumor/non-tumor tissues	PRJNA766558_FFPE_tissue_21_pairs	median paired CLR difference	2.2796756834432	0.000960060287148272	0.010762223014463	higher_in_tumor	support	taxonomic_ecology_evaluable_no_public_blank	TRUE	FALSE	T2	55	FALSE
EVIDENCE_001654	MICROBE:g__Bergeyella	g__Bergeyella	microbial_taxon	PRJNA766558_paired_CLR	microbiome_16S_taxonomy	PRJNA766558	21 paired tumor/non-tumor tissues	PRJNA766558_FFPE_tissue_21_pairs	median paired CLR difference	0.615505803124969	0.0559184385447842	0.16930860559393	higher_in_tumor	support	taxonomic_ecology_evaluable_no_public_blank	TRUE	FALSE	T2	55	FALSE
EVIDENCE_001671	MICROBE:g__Brevibacterium	g__Brevibacterium	microbial_taxon	PRJNA766558_paired_CLR	microbiome_16S_taxonomy	PRJNA766558	21 paired tumor/non-tumor tissues	PRJNA766558_FFPE_tissue_21_pairs	median paired CLR difference	-1.42651628230138	0.00603535517615519	0.0411158571375572	lower_in_tumor	support	taxonomic_ecology_evaluable_no_public_blank	TRUE	FALSE	T2	55	FALSE
EVIDENCE_001667	MICROBE:g__Campylobacter	g__Campylobacter	microbial_taxon	PRJNA766558_paired_CLR	microbiome_16S_taxonomy	PRJNA766558	21 paired tumor/non-tumor tissues	PRJNA766558_FFPE_tissue_21_pairs	median paired CLR difference	0.94851023174027	0.00108609590054214	0.010762223014463	higher_in_tumor	support	taxonomic_ecology_evaluable_no_public_blank	TRUE	FALSE	T2	55	FALSE
EVIDENCE_001673	MICROBE:g__Corynebacterium	g__Corynebacterium	microbial_taxon	PRJNA766558_paired_CLR	microbiome_16S_taxonomy	PRJNA766558	21 paired tumor/non-tumor tissues	PRJNA766558_FFPE_tissue_21_pairs	median paired CLR difference	-0.537554538664621	0.0091386387007404	0.0553395343544835	lower_in_tumor	support	taxonomic_ecology_evaluable_no_public_blank	TRUE	FALSE	T2	55	FALSE
EVIDENCE_001674	MICROBE:g__Cutibacterium	g__Cutibacterium	microbial_taxon	PRJNA766558_paired_CLR	microbiome_16S_taxonomy	PRJNA766558	21 paired tumor/non-tumor tissues	PRJNA766558_FFPE_tissue_21_pairs	median paired CLR difference	-0.50441231555998	0.0164723650109698	0.0854994183902719	lower_in_tumor	support	taxonomic_ecology_evaluable_no_public_blank	TRUE	FALSE	T2	55	FALSE
EVIDENCE_001676	MICROBE:g__Deinococcus	g__Deinococcus	microbial_taxon	PRJNA766558_paired_CLR	microbiome_16S_taxonomy	PRJNA766558	21 paired tumor/non-tumor tissues	PRJNA766558_FFPE_tissue_21_pairs	median paired CLR difference	-1.12355120264194	0.0217902174033908	0.0989639040403998	lower_in_tumor	support	taxonomic_ecology_evaluable_no_public_blank	TRUE	FALSE	T2	55	FALSE
EVIDENCE_001655	MICROBE:g__Dolosigranulum	g__Dolosigranulum	microbial_taxon	PRJNA766558_paired_CLR	microbiome_16S_taxonomy	PRJNA766558	21 paired tumor/non-tumor tissues	PRJNA766558_FFPE_tissue_21_pairs	median paired CLR difference	-0.972872609922466	0.0559184385447842	0.16930860559393	lower_in_tumor	support	taxonomic_ecology_evaluable_no_public_blank	TRUE	FALSE	T2	55	FALSE
EVIDENCE_001645	MICROBE:g__Faecalibacterium	g__Faecalibacterium	microbial_taxon	PRJNA766558_paired_CLR	microbiome_16S_taxonomy	PRJNA766558	21 paired tumor/non-tumor tissues	PRJNA766558_FFPE_tissue_21_pairs	median paired CLR difference	0.94851023174027	0.00603535517615519	0.0411158571375572	higher_in_tumor	support	taxonomic_ecology_evaluable_no_public_blank	TRUE	FALSE	T2	55	FALSE
EVIDENCE_001669	MICROBE:g__Flavobacterium	g__Flavobacterium	microbial_taxon	PRJNA766558_paired_CLR	microbiome_16S_taxonomy	PRJNA766558	21 paired tumor/non-tumor tissues	PRJNA766558_FFPE_tissue_21_pairs	median paired CLR difference	-1.35500637358789	0.00156181219870471	0.0141864608049011	lower_in_tumor	support	taxonomic_ecology_evaluable_no_public_blank	TRUE	FALSE	T2	55	FALSE
EVIDENCE_001675	MICROBE:g__Fusobacterium	g__Fusobacterium	microbial_taxon	PRJNA766558_paired_CLR	microbiome_16S_taxonomy	PRJNA766558	21 paired tumor/non-tumor tissues	PRJNA766558_FFPE_tissue_21_pairs	median paired CLR difference	2.23831792645777	0.019871648498973	0.0984549857449117	higher_in_tumor	support	taxonomic_ecology_evaluable_no_public_blank	TRUE	FALSE	T2	55	FALSE
EVIDENCE_001670	MICROBE:g__Johnsonella	g__Johnsonella	microbial_taxon	PRJNA766558_paired_CLR	microbiome_16S_taxonomy	PRJNA766558	21 paired tumor/non-tumor tissues	PRJNA766558_FFPE_tissue_21_pairs	median paired CLR difference	1.20461620059228	0.00391556730062004	0.0304854882691131	higher_in_tumor	support	taxonomic_ecology_evaluable_no_public_blank	TRUE	FALSE	T2	55	FALSE
EVIDENCE_001663	MICROBE:g__Kocuria	g__Kocuria	microbial_taxon	PRJNA766558_paired_CLR	microbiome_16S_taxonomy	PRJNA766558	21 paired tumor/non-tumor tissues	PRJNA766558_FFPE_tissue_21_pairs	median paired CLR difference	-1.19440613039418	0.000447226710831284	0.010762223014463	lower_in_tumor	support	taxonomic_ecology_evaluable_no_public_blank	TRUE	FALSE	T2	55	FALSE
EVIDENCE_001656	MICROBE:g__Lachnospiraceae NK4A136 group	g__Lachnospiraceae NK4A136 group	microbial_taxon	PRJNA766558_paired_CLR	microbiome_16S_taxonomy	PRJNA766558	21 paired tumor/non-tumor tissues	PRJNA766558_FFPE_tissue_21_pairs	median paired CLR difference	-3.04805584300468	0.0605300053490707	0.178318123866181	lower_in_tumor	support	taxonomic_ecology_evaluable_no_public_blank	TRUE	FALSE	T2	55	FALSE
EVIDENCE_001664	MICROBE:g__Lawsonella	g__Lawsonella	microbial_taxon	PRJNA766558_paired_CLR	microbiome_16S_taxonomy	PRJNA766558	21 paired tumor/non-tumor tissues	PRJNA766558_FFPE_tissue_21_pairs	median paired CLR difference	-1.24927880111798	0.000579552796285747	0.010762223014463	lower_in_tumor	support	taxonomic_ecology_evaluable_no_public_blank	TRUE	FALSE	T2	55	FALSE
EVIDENCE_001653	MICROBE:g__Lentimicrobium	g__Lentimicrobium	microbial_taxon	PRJNA766558_paired_CLR	microbiome_16S_taxonomy	PRJNA766558	21 paired tumor/non-tumor tissues	PRJNA766558_FFPE_tissue_21_pairs	median paired CLR difference	1.04288889921048	0.0516033011039804	0.165434112362761	higher_in_tumor	support	taxonomic_ecology_evaluable_no_public_blank	TRUE	FALSE	T2	55	FALSE
EVIDENCE_001660	MICROBE:g__Leptotrichia	g__Leptotrichia	microbial_taxon	PRJNA766558_paired_CLR	microbiome_16S_taxonomy	PRJNA766558	21 paired tumor/non-tumor tissues	PRJNA766558_FFPE_tissue_21_pairs	median paired CLR difference	2.32748842319682	0.070700276991926	0.187959272978535	higher_in_tumor	support	taxonomic_ecology_evaluable_no_public_blank	TRUE	FALSE	T2	55	FALSE
EVIDENCE_001668	MICROBE:g__Methylorubrum	g__Methylorubrum	microbial_taxon	PRJNA766558_paired_CLR	microbiome_16S_taxonomy	PRJNA766558	21 paired tumor/non-tumor tissues	PRJNA766558_FFPE_tissue_21_pairs	median paired CLR difference	-3.60351940545175	0.00108609590054214	0.010762223014463	lower_in_tumor	support	taxonomic_ecology_evaluable_no_public_blank	TRUE	FALSE	T2	55	FALSE
EVIDENCE_001651	MICROBE:g__Mycoplasma	g__Mycoplasma	microbial_taxon	PRJNA766558_paired_CLR	microbiome_16S_taxonomy	PRJNA766558	21 paired tumor/non-tumor tissues	PRJNA766558_FFPE_tissue_21_pairs	median paired CLR difference	0.841322339701634	0.0402960396094614	0.141686074755848	higher_in_tumor	support	taxonomic_ecology_evaluable_no_public_blank	TRUE	FALSE	T2	55	FALSE
EVIDENCE_001657	MICROBE:g__Oribacterium	g__Oribacterium	microbial_taxon	PRJNA766558_paired_CLR	microbiome_16S_taxonomy	PRJNA766558	21 paired tumor/non-tumor tissues	PRJNA766558_FFPE_tissue_21_pairs	median paired CLR difference	0.94851023174027	0.065452415071362	0.182931108789191	higher_in_tumor	support	taxonomic_ecology_evaluable_no_public_blank	TRUE	FALSE	T2	55	FALSE
EVIDENCE_001661	MICROBE:g__Peptoanaerobacter	g__Peptoanaerobacter	microbial_taxon	PRJNA766558_paired_CLR	microbiome_16S_taxonomy	PRJNA766558	21 paired tumor/non-tumor tissues	PRJNA766558_FFPE_tissue_21_pairs	median paired CLR difference	0.736099231933864	0.076288354527471	0.19338210798824	higher_in_tumor	support	taxonomic_ecology_evaluable_no_public_blank	TRUE	FALSE	T2	55	FALSE
EVIDENCE_001672	MICROBE:g__Peptostreptococcus	g__Peptostreptococcus	microbial_taxon	PRJNA766558_paired_CLR	microbiome_16S_taxonomy	PRJNA766558	21 paired tumor/non-tumor tissues	PRJNA766558_FFPE_tissue_21_pairs	median paired CLR difference	2.34810755109782	0.00744313065319528	0.0477236024234286	higher_in_tumor	support	taxonomic_ecology_evaluable_no_public_blank	TRUE	FALSE	T2	55	FALSE
EVIDENCE_001677	MICROBE:g__Porphyromonas	g__Porphyromonas	microbial_taxon	PRJNA766558_paired_CLR	microbiome_16S_taxonomy	PRJNA766558	21 paired tumor/non-tumor tissues	PRJNA766558_FFPE_tissue_21_pairs	median paired CLR difference	1.63132303969324	0.0217902174033908	0.0989639040403998	higher_in_tumor	support	taxonomic_ecology_evaluable_no_public_blank	TRUE	FALSE	T2	55	FALSE
EVIDENCE_001658	MICROBE:g__Prevotella	g__Prevotella	microbial_taxon	PRJNA766558_paired_CLR	microbiome_16S_taxonomy	PRJNA766558	21 paired tumor/non-tumor tissues	PRJNA766558_FFPE_tissue_21_pairs	median paired CLR difference	1.33244434541046	0.065452415071362	0.182931108789191	higher_in_tumor	support	taxonomic_ecology_evaluable_no_public_blank	TRUE	FALSE	T2	55	FALSE
EVIDENCE_001680	MICROBE:g__Pseudarthrobacter	g__Pseudarthrobacter	microbial_taxon	PRJNA766558_paired_CLR	microbiome_16S_taxonomy	PRJNA766558	21 paired tumor/non-tumor tissues	PRJNA766558_FFPE_tissue_21_pairs	median paired CLR difference	-0.686560593560081	0.0952428556213773	0.22088236729213	lower_in_tumor	support	taxonomic_ecology_evaluable_no_public_blank	TRUE	FALSE	T2	55	FALSE
EVIDENCE_001662	MICROBE:g__Segatella	g__Segatella	microbial_taxon	PRJNA766558_paired_CLR	microbiome_16S_taxonomy	PRJNA766558	21 paired tumor/non-tumor tissues	PRJNA766558_FFPE_tissue_21_pairs	median paired CLR difference	1.27794472429296	0.000131655236839861	0.00949148243768499	higher_in_tumor	support	taxonomic_ecology_evaluable_no_public_blank	TRUE	FALSE	T2	55	FALSE
EVIDENCE_001650	MICROBE:g__Solobacterium	g__Solobacterium	microbial_taxon	PRJNA766558_paired_CLR	microbiome_16S_taxonomy	PRJNA766558	21 paired tumor/non-tumor tissues	PRJNA766558_FFPE_tissue_21_pairs	median paired CLR difference	1.20461620059228	0.0339877790771307	0.123488930646908	higher_in_tumor	support	taxonomic_ecology_evaluable_no_public_blank	TRUE	FALSE	T2	55	FALSE
EVIDENCE_001678	MICROBE:g__Sphingomonas	g__Sphingomonas	microbial_taxon	PRJNA766558_paired_CLR	microbiome_16S_taxonomy	PRJNA766558	21 paired tumor/non-tumor tissues	PRJNA766558_FFPE_tissue_21_pairs	median paired CLR difference	-2.34807051534762	0.00017415564105844	0.00949148243768499	lower_in_tumor	support	taxonomic_ecology_evaluable_no_public_blank	TRUE	FALSE	T2	55	FALSE
EVIDENCE_001644	MICROBE:g__[Eubacterium] ruminantium group	g__[Eubacterium] ruminantium group	microbial_taxon	PRJNA766558_paired_CLR	microbiome_16S_taxonomy	PRJNA766558	21 paired tumor/non-tumor tissues	PRJNA766558_FFPE_tissue_21_pairs	median paired CLR difference	-0.972872609922466	0.00391556730062004	0.0304854882691131	lower_in_tumor	support	taxonomic_ecology_evaluable_no_public_blank	TRUE	FALSE	T2	55	FALSE
EVIDENCE_001685	MICROBIOME_ALPHA:rarefied_observed_asv_median	rarefied_observed_asv_median	microbiome_module_metric	PRJNA766558_paired_alpha_diversity	microbiome_16S_alpha_diversity	PRJNA766558	21 paired tissues	PRJNA766558_FFPE_tissue_21_pairs	median paired difference	-37	0.0123170320662853	0.0190328396184853	lower_in_tumor	support	100_repeat_common_depth_rarefaction_sensitivity	TRUE	FALSE	T2	55	FALSE
EVIDENCE_001686	MICROBIOME_ALPHA:rarefied_shannon_median	rarefied_shannon_median	microbiome_module_metric	PRJNA766558_paired_alpha_diversity	microbiome_16S_alpha_diversity	PRJNA766558	21 paired tissues	PRJNA766558_FFPE_tissue_21_pairs	median paired difference	-0.437866382712811	0.00175887340824071	0.00615605692884249	lower_in_tumor	support	100_repeat_common_depth_rarefaction_sensitivity	TRUE	FALSE	T2	55	FALSE
EVIDENCE_001687	MICROBIOME_ALPHA:rarefied_simpson_median	rarefied_simpson_median	microbiome_module_metric	PRJNA766558_paired_alpha_diversity	microbiome_16S_alpha_diversity	PRJNA766558	21 paired tissues	PRJNA766558_FFPE_tissue_21_pairs	median paired difference	-0.0156544368190161	0.0135948854417752	0.0190328396184853	lower_in_tumor	support	100_repeat_common_depth_rarefaction_sensitivity	TRUE	FALSE	T2	55	FALSE
EVIDENCE_001689	MICROBIOME_BETA:Aitchison_ASV_CLR	Aitchison ASV CLR	microbiome_module_metric	PRJNA766558_restricted_PERMANOVA	microbiome_16S_beta_diversity	PRJNA766558	21 paired tissues	PRJNA766558_FFPE_tissue_21_pairs	restricted PERMANOVA R2	0.0767239648787721	0.002	0.004	community_composition_difference	support	evaluable_no_public_blank	TRUE	FALSE	T2	55	FALSE
EVIDENCE_001688	MICROBIOME_BETA:Bray_Curtis_ASV_relative_abundance	Bray-Curtis ASV relative abundance	microbiome_module_metric	PRJNA766558_restricted_PERMANOVA	microbiome_16S_beta_diversity	PRJNA766558	21 paired tissues	PRJNA766558_FFPE_tissue_21_pairs	restricted PERMANOVA R2	0.0342807878287996	0.024	0.024	community_composition_difference	support	evaluable_no_public_blank	TRUE	FALSE	T2	55	FALSE
EVIDENCE_001355	GENE:EP300	EP300	cross_layer_axis	Cao2020_promoter_RNA	epigenome_WGBS->transcriptome	Cao2020_GSE149608_GSE149609	Cao 2020; WGBS 9 pairs and RNA 10 pairs; overlapping patients only for correlation	Cao2020_same_patient_cross_layer	same-patient Spearman rho				source_negative_target_negative	same_direction_nonsignificant	evaluable	TRUE	FALSE	T1	25	FALSE
EVIDENCE_001356	GENE:FBXW7	FBXW7	cross_layer_axis	Cao2020_promoter_RNA	epigenome_WGBS->transcriptome	Cao2020_GSE149608_GSE149609	Cao 2020; WGBS 9 pairs and RNA 10 pairs; overlapping patients only for correlation	Cao2020_same_patient_cross_layer	same-patient Spearman rho	-0.273861278752583	0.475797238518024		negative	same_direction_nonsignificant	evaluable	TRUE	FALSE	T1	25	FALSE
EVIDENCE_001358	GENE:KMT2D	KMT2D	cross_layer_axis	TCGA_driver_state_internal	genome_mutation->RNA_derived_pathway_activity	TCGA_ESCC_DR45	TCGA-ESCC five-layer core; same patients and partially shared model inputs	TCGA_ESCC_DR45_driver_state_shared_patients	rank-biserial correlation: event minus reference	0.290064102564103	0.0693813476972767	0.68017875724909	positive	same_direction_nonsignificant	evaluable	FALSE	FALSE	T1	25	FALSE
EVIDENCE_001359	GENE:KMT2D	KMT2D	cross_layer_axis	TCGA_driver_state_internal	genome_mutation->RNA_derived_pathway_activity	TCGA_ESCC_DR45	TCGA-ESCC five-layer core; same patients and partially shared model inputs	TCGA_ESCC_DR45_driver_state_shared_patients	rank-biserial correlation: event minus reference	-0.290064102564103	0.0693813476972767	0.68017875724909	negative	same_direction_nonsignificant	evaluable	FALSE	FALSE	T1	25	FALSE
EVIDENCE_001360	GENE:KMT2D	KMT2D	cross_layer_axis	TCGA_driver_state_internal	genome_mutation->RNA_derived_pathway_activity	TCGA_ESCC_DR45	TCGA-ESCC five-layer core; same patients and partially shared model inputs	TCGA_ESCC_DR45_driver_state_shared_patients	rank-biserial correlation: event minus reference	-0.278846153846154	0.0808970660316116	0.68017875724909	negative	same_direction_nonsignificant	evaluable	FALSE	FALSE	T1	25	FALSE
EVIDENCE_001357	GENE:KMT2D	KMT2D	cross_layer_axis	Cao2020_promoter_RNA	epigenome_WGBS->transcriptome	Cao2020_GSE149608_GSE149609	Cao 2020; WGBS 9 pairs and RNA 10 pairs; overlapping patients only for correlation	Cao2020_same_patient_cross_layer	same-patient Spearman rho				source_negative_target_negative	same_direction_nonsignificant	evaluable	TRUE	FALSE	T1	25	FALSE
EVIDENCE_001361	GENE:NFE2L2	NFE2L2	cross_layer_axis	Cao2020_promoter_RNA	epigenome_WGBS->transcriptome	Cao2020_GSE149608_GSE149609	Cao 2020; WGBS 9 pairs and RNA 10 pairs; overlapping patients only for correlation	Cao2020_same_patient_cross_layer	same-patient Spearman rho				source_negative_target_negative	same_direction_nonsignificant	evaluable	TRUE	FALSE	T1	25	FALSE
EVIDENCE_001363	GENE:NOTCH1	NOTCH1	cross_layer_axis	TCGA_driver_state_internal	genome_mutation->multiomics_state	TCGA_ESCC_DR45	TCGA-ESCC five-layer core; same patients and partially shared model inputs	TCGA_ESCC_DR45_driver_state_shared_patients	rank-biserial correlation: event minus reference	-0.289648622981956	0.0959556051310382	0.383822420524153	negative	same_direction_nonsignificant	evaluable	FALSE	FALSE	T1	25	FALSE
EVIDENCE_001364	GENE:NOTCH1	NOTCH1	cross_layer_axis	TCGA_driver_state_internal	genome_mutation->RNA_derived_pathway_activity	TCGA_ESCC_DR45	TCGA-ESCC five-layer core; same patients and partially shared model inputs	TCGA_ESCC_DR45_driver_state_shared_patients	rank-biserial correlation: event minus reference	0.295346628679962	0.0895751870315973	0.68017875724909	positive	same_direction_nonsignificant	evaluable	FALSE	FALSE	T1	25	FALSE
EVIDENCE_001362	GENE:NOTCH1	NOTCH1	cross_layer_axis	Cao2020_promoter_RNA	epigenome_WGBS->transcriptome	Cao2020_GSE149608_GSE149609	Cao 2020; WGBS 9 pairs and RNA 10 pairs; overlapping patients only for correlation	Cao2020_same_patient_cross_layer	same-patient Spearman rho				source_negative_target_positive	same_direction_nonsignificant	evaluable	TRUE	FALSE	T1	25	FALSE
EVIDENCE_001365	GENE:NOTCH3	NOTCH3	cross_layer_axis	Cao2020_promoter_RNA	epigenome_WGBS->transcriptome	Cao2020_GSE149608_GSE149609	Cao 2020; WGBS 9 pairs and RNA 10 pairs; overlapping patients only for correlation	Cao2020_same_patient_cross_layer	same-patient Spearman rho	-0.254273813857804	0.509101514754861		negative	same_direction_nonsignificant	evaluable	TRUE	FALSE	T1	25	FALSE
EVIDENCE_001367	GENE:PIK3CA	PIK3CA	cross_layer_axis	TCGA_driver_state_internal	genome_mutation->multiomics_state	TCGA_ESCC_DR45	TCGA-ESCC five-layer core; same patients and partially shared model inputs	TCGA_ESCC_DR45_driver_state_shared_patients	rank-biserial correlation: event minus reference	-0.325301204819277	0.0817142358660419	0.367714061397188	negative	same_direction_nonsignificant	evaluable	FALSE	FALSE	T1	25	FALSE
EVIDENCE_001368	GENE:PIK3CA	PIK3CA	cross_layer_axis	TCGA_driver_state_internal	genome_CNV->RNA_derived_pathway_activity	TCGA_ESCC_DR45	TCGA-ESCC five-layer core; same patients and partially shared model inputs	TCGA_ESCC_DR45_driver_state_shared_patients	rank-biserial correlation: event minus reference	-0.201814058956916	0.0929059806727134	0.371623922690854	negative	same_direction_nonsignificant	evaluable	FALSE	FALSE	T1	25	FALSE
EVIDENCE_001366	GENE:PIK3CA	PIK3CA	cross_layer_axis	Cao2020_promoter_RNA	epigenome_WGBS->transcriptome	Cao2020_GSE149608_GSE149609	Cao 2020; WGBS 9 pairs and RNA 10 pairs; overlapping patients only for correlation	Cao2020_same_patient_cross_layer	same-patient Spearman rho				source_negative_target_positive	same_direction_nonsignificant	evaluable	TRUE	FALSE	T1	25	FALSE
EVIDENCE_001370	GENE:PTCH1	PTCH1	cross_layer_axis	TCGA_CNV_RNA_dosage	genome_CNV->transcriptome	TCGA_ESCC_DR45	TCGA-ESCC driver core; same-patient CNV and RNA	TCGA_ESCC_DR45_driver_core_95	Spearman rho	0.296160907472603	0.00356738772658747	0.00738036070939353	positive	same_direction_nonsignificant	evaluable	FALSE	FALSE	T1	25	FALSE
EVIDENCE_001371	GENE:PTCH1	PTCH1	cross_layer_axis	TCGA_driver_state_internal	genome_CNV->multiomics_state	TCGA_ESCC_DR45	TCGA-ESCC five-layer core; same patients and partially shared model inputs	TCGA_ESCC_DR45_driver_state_shared_patients	Spearman rho	0.201646363246005	0.0513019306666409	0.289705020235148	positive	same_direction_nonsignificant	evaluable	FALSE	FALSE	T1	25	FALSE
EVIDENCE_001372	GENE:PTCH1	PTCH1	cross_layer_axis	TCGA_driver_state_internal	genome_CNV->RNA_derived_pathway_activity	TCGA_ESCC_DR45	TCGA-ESCC five-layer core; same patients and partially shared model inputs	TCGA_ESCC_DR45_driver_state_shared_patients	rank-biserial correlation: event minus reference	0.473484848484848	0.054145954434953	0.322729860638368	positive	same_direction_nonsignificant	evaluable	FALSE	FALSE	T1	25	FALSE
EVIDENCE_001373	GENE:PTCH1	PTCH1	cross_layer_axis	TCGA_driver_state_internal	genome_CNV->RNA_derived_pathway_activity	TCGA_ESCC_DR45	TCGA-ESCC five-layer core; same patients and partially shared model inputs	TCGA_ESCC_DR45_driver_state_shared_patients	rank-biserial correlation: event minus reference	0.462121212121212	0.0602082522639389	0.322729860638368	positive	same_direction_nonsignificant	evaluable	FALSE	FALSE	T1	25	FALSE
EVIDENCE_001374	GENE:PTCH1	PTCH1	cross_layer_axis	TCGA_driver_state_internal	genome_CNV->RNA_derived_pathway_activity	TCGA_ESCC_DR45	TCGA-ESCC five-layer core; same patients and partially shared model inputs	TCGA_ESCC_DR45_driver_state_shared_patients	rank-biserial correlation: event minus reference	0.454545454545455	0.0645544633944768	0.322729860638368	positive	same_direction_nonsignificant	evaluable	FALSE	FALSE	T1	25	FALSE
EVIDENCE_001375	GENE:PTCH1	PTCH1	cross_layer_axis	TCGA_driver_state_internal	genome_CNV->RNA_derived_pathway_activity	TCGA_ESCC_DR45	TCGA-ESCC five-layer core; same patients and partially shared model inputs	TCGA_ESCC_DR45_driver_state_shared_patients	rank-biserial correlation: event minus reference	0.446969696969697	0.0691563987082218	0.322729860638368	positive	same_direction_nonsignificant	evaluable	FALSE	FALSE	T1	25	FALSE
EVIDENCE_001376	GENE:PTCH1	PTCH1	cross_layer_axis	TCGA_driver_state_internal	genome_CNV->RNA_derived_pathway_activity	TCGA_ESCC_DR45	TCGA-ESCC five-layer core; same patients and partially shared model inputs	TCGA_ESCC_DR45_driver_state_shared_patients	rank-biserial correlation: event minus reference	0.420454545454545	0.0874275714497337	0.371623922690854	positive	same_direction_nonsignificant	evaluable	FALSE	FALSE	T1	25	FALSE
EVIDENCE_001377	GENE:PTCH1	PTCH1	cross_layer_axis	TCGA_driver_state_internal	genome_CNV->multiomics_state	TCGA_ESCC_DR45	TCGA-ESCC five-layer core; same patients and partially shared model inputs	TCGA_ESCC_DR45_driver_state_shared_patients	rank-biserial correlation: event minus reference	0.439393939393939	0.0740244443366027	0.394797036461881	positive	same_direction_nonsignificant	evaluable	FALSE	FALSE	T1	25	FALSE
EVIDENCE_001369	GENE:PTCH1	PTCH1	cross_layer_axis	Cao2020_promoter_RNA	epigenome_WGBS->transcriptome	Cao2020_GSE149608_GSE149609	Cao 2020; WGBS 9 pairs and RNA 10 pairs; overlapping patients only for correlation	Cao2020_same_patient_cross_layer	same-patient Spearman rho	0.0261116483933547	0.946836001412091		positive	same_direction_nonsignificant	evaluable	TRUE	FALSE	T1	25	FALSE
EVIDENCE_001379	GENE:SMARCA4	SMARCA4	cross_layer_axis	TCGA_driver_state_internal	genome_mutation->multiomics_state	TCGA_ESCC_DR45	TCGA-ESCC five-layer core; same patients and partially shared model inputs	TCGA_ESCC_DR45_driver_state_shared_patients	rank-biserial correlation: event minus reference	0.428571428571429	0.0611722111413373	0.293626613478419	positive	same_direction_nonsignificant	evaluable	FALSE	FALSE	T1	25	FALSE
EVIDENCE_001380	GENE:SMARCA4	SMARCA4	cross_layer_axis	TCGA_driver_state_internal	genome_mutation->multiomics_state	TCGA_ESCC_DR45	TCGA-ESCC five-layer core; same patients and partially shared model inputs	TCGA_ESCC_DR45_driver_state_shared_patients	rank-biserial correlation: event minus reference	0.382594417077176	0.0947963892595824	0.383822420524153	positive	same_direction_nonsignificant	evaluable	FALSE	FALSE	T1	25	FALSE
EVIDENCE_001381	GENE:SMARCA4	SMARCA4	cross_layer_axis	TCGA_driver_state_internal	genome_mutation->RNA_derived_pathway_activity	TCGA_ESCC_DR45	TCGA-ESCC five-layer core; same patients and partially shared model inputs	TCGA_ESCC_DR45_driver_state_shared_patients	rank-biserial correlation: event minus reference	0.448275862068966	0.0501526029134356	0.68017875724909	positive	same_direction_nonsignificant	evaluable	FALSE	FALSE	T1	25	FALSE
EVIDENCE_001382	GENE:SMARCA4	SMARCA4	cross_layer_axis	TCGA_driver_state_internal	genome_mutation->RNA_derived_pathway_activity	TCGA_ESCC_DR45	TCGA-ESCC five-layer core; same patients and partially shared model inputs	TCGA_ESCC_DR45_driver_state_shared_patients	rank-biserial correlation: event minus reference	0.425287356321839	0.0631907817438302	0.68017875724909	positive	same_direction_nonsignificant	evaluable	FALSE	FALSE	T1	25	FALSE
EVIDENCE_001383	GENE:SMARCA4	SMARCA4	cross_layer_axis	TCGA_driver_state_internal	genome_mutation->RNA_derived_pathway_activity	TCGA_ESCC_DR45	TCGA-ESCC five-layer core; same patients and partially shared model inputs	TCGA_ESCC_DR45_driver_state_shared_patients	rank-biserial correlation: event minus reference	-0.389162561576355	0.0892390032723827	0.68017875724909	negative	same_direction_nonsignificant	evaluable	FALSE	FALSE	T1	25	FALSE
EVIDENCE_001378	GENE:SMARCA4	SMARCA4	cross_layer_axis	Cao2020_promoter_RNA	epigenome_WGBS->transcriptome	Cao2020_GSE149608_GSE149609	Cao 2020; WGBS 9 pairs and RNA 10 pairs; overlapping patients only for correlation	Cao2020_same_patient_cross_layer	same-patient Spearman rho	-0.174077655955698	0.654205490831325		negative	same_direction_nonsignificant	evaluable	TRUE	FALSE	T1	25	FALSE
EVIDENCE_001385	GENE:TP53	TP53	cross_layer_axis	TCGA_CNV_RNA_dosage	genome_CNV->transcriptome	TCGA_ESCC_DR45	TCGA-ESCC driver core; same-patient CNV and RNA	TCGA_ESCC_DR45_driver_core_95	Spearman rho	0.166772654964734	0.106242677279114	0.153058006731083	positive	same_direction_nonsignificant	evaluable	FALSE	FALSE	T1	25	FALSE
EVIDENCE_001386	GENE:TP53	TP53	cross_layer_axis	TCGA_driver_state_internal	genome_mutation->RNA_derived_pathway_activity	TCGA_ESCC_DR45	TCGA-ESCC five-layer core; same patients and partially shared model inputs	TCGA_ESCC_DR45_driver_state_shared_patients	rank-biserial correlation: event minus reference	-0.345238095238095	0.0763990905368145	0.68017875724909	negative	same_direction_nonsignificant	evaluable	FALSE	FALSE	T1	25	FALSE
EVIDENCE_001387	GENE:TP53	TP53	cross_layer_axis	TCGA_driver_state_internal	genome_mutation->RNA_derived_pathway_activity	TCGA_ESCC_DR45	TCGA-ESCC five-layer core; same patients and partially shared model inputs	TCGA_ESCC_DR45_driver_state_shared_patients	rank-biserial correlation: event minus reference	0.328571428571429	0.0917701497875756	0.68017875724909	positive	same_direction_nonsignificant	evaluable	FALSE	FALSE	T1	25	FALSE
EVIDENCE_001384	GENE:TP53	TP53	cross_layer_axis	Cao2020_promoter_RNA	epigenome_WGBS->transcriptome	Cao2020_GSE149608_GSE149609	Cao 2020; WGBS 9 pairs and RNA 10 pairs; overlapping patients only for correlation	Cao2020_same_patient_cross_layer	same-patient Spearman rho				source_negative_target_positive	same_direction_nonsignificant	evaluable	TRUE	FALSE	T1	25	FALSE
EVIDENCE_001388	STATE:Factor1	Factor1	heterogeneity_state	TCGA_ECMS_adjusted_factor_PROGENy	multiomics_state->RNA_derived_pathway_activity	TCGA_ESCC_DR45	TCGA-ESCC official repository-anchor 78 patients; standardized PROGENy ~ ECMS + standardized MOFA factor	TCGA_ESCC_ECMS_official78_shared_RNA	standardized factor beta after ECMS adjustment	-0.280699786850486	0.0315397788385488	0.103895742056396	negative	same_direction_nonsignificant	evaluable	FALSE	FALSE	T1	25	FALSE
EVIDENCE_001389	STATE:Factor1	Factor1	heterogeneity_state	TCGA_ECMS_adjusted_factor_PROGENy	multiomics_state->RNA_derived_pathway_activity	TCGA_ESCC_DR45	TCGA-ESCC official repository-anchor 78 patients; standardized PROGENy ~ ECMS + standardized MOFA factor	TCGA_ESCC_ECMS_official78_shared_RNA	standardized factor beta after ECMS adjustment	-0.1799901748959	0.118273504424641	0.30092809671291	negative	same_direction_nonsignificant	evaluable	FALSE	FALSE	T1	25	FALSE
EVIDENCE_001390	STATE:Factor1	Factor1	heterogeneity_state	TCGA_ECMS_adjusted_factor_PROGENy	multiomics_state->RNA_derived_pathway_activity	TCGA_ESCC_DR45	TCGA-ESCC official repository-anchor 78 patients; standardized PROGENy ~ ECMS + standardized MOFA factor	TCGA_ESCC_ECMS_official78_shared_RNA	standardized factor beta after ECMS adjustment	-0.158600150090714	0.173402002699436	0.373481236583401	negative	same_direction_nonsignificant	evaluable	FALSE	FALSE	T1	25	FALSE
EVIDENCE_001391	STATE:Factor1	Factor1	heterogeneity_state	TCGA_ECMS_adjusted_factor_PROGENy	multiomics_state->RNA_derived_pathway_activity	TCGA_ESCC_DR45	TCGA-ESCC official repository-anchor 78 patients; standardized PROGENy ~ ECMS + standardized MOFA factor	TCGA_ESCC_ECMS_official78_shared_RNA	standardized factor beta after ECMS adjustment	-0.166207764494242	0.20723613606669	0.429823097027208	negative	same_direction_nonsignificant	evaluable	FALSE	FALSE	T1	25	FALSE
EVIDENCE_001392	STATE:Factor1	Factor1	heterogeneity_state	TCGA_ECMS_adjusted_factor_PROGENy	multiomics_state->RNA_derived_pathway_activity	TCGA_ESCC_DR45	TCGA-ESCC official repository-anchor 78 patients; standardized PROGENy ~ ECMS + standardized MOFA factor	TCGA_ESCC_ECMS_official78_shared_RNA	standardized factor beta after ECMS adjustment	0.152210114827138	0.265359999196631	0.488437417044609	positive	same_direction_nonsignificant	evaluable	FALSE	FALSE	T1	25	FALSE
EVIDENCE_001393	STATE:Factor1	Factor1	heterogeneity_state	TCGA_ECMS_adjusted_factor_PROGENy	multiomics_state->RNA_derived_pathway_activity	TCGA_ESCC_DR45	TCGA-ESCC official repository-anchor 78 patients; standardized PROGENy ~ ECMS + standardized MOFA factor	TCGA_ESCC_ECMS_official78_shared_RNA	standardized factor beta after ECMS adjustment	0.126187419771557	0.266044721000222	0.488437417044609	positive	same_direction_nonsignificant	evaluable	FALSE	FALSE	T1	25	FALSE
EVIDENCE_001394	STATE:Factor1	Factor1	heterogeneity_state	TCGA_ECMS_adjusted_factor_PROGENy	multiomics_state->RNA_derived_pathway_activity	TCGA_ESCC_DR45	TCGA-ESCC official repository-anchor 78 patients; standardized PROGENy ~ ECMS + standardized MOFA factor	TCGA_ESCC_ECMS_official78_shared_RNA	standardized factor beta after ECMS adjustment	-0.108861796471152	0.386570787268401	0.655998911728195	negative	same_direction_nonsignificant	evaluable	FALSE	FALSE	T1	25	FALSE
EVIDENCE_001395	STATE:Factor1	Factor1	heterogeneity_state	TCGA_ECMS_adjusted_factor_PROGENy	multiomics_state->RNA_derived_pathway_activity	TCGA_ESCC_DR45	TCGA-ESCC official repository-anchor 78 patients; standardized PROGENy ~ ECMS + standardized MOFA factor	TCGA_ESCC_ECMS_official78_shared_RNA	standardized factor beta after ECMS adjustment	0.0900541523853454	0.441098359885423	0.695817131086864	positive	same_direction_nonsignificant	evaluable	FALSE	FALSE	T1	25	FALSE
EVIDENCE_001396	STATE:Factor1	Factor1	heterogeneity_state	TCGA_ECMS_adjusted_factor_PROGENy	multiomics_state->RNA_derived_pathway_activity	TCGA_ESCC_DR45	TCGA-ESCC official repository-anchor 78 patients; standardized PROGENy ~ ECMS + standardized MOFA factor	TCGA_ESCC_ECMS_official78_shared_RNA	standardized factor beta after ECMS adjustment	-0.0461987586043008	0.710166609342358	0.894762718066069	negative	same_direction_nonsignificant	evaluable	FALSE	FALSE	T1	25	FALSE
EVIDENCE_001397	STATE:Factor1	Factor1	heterogeneity_state	TCGA_ECMS_adjusted_factor_PROGENy	multiomics_state->RNA_derived_pathway_activity	TCGA_ESCC_DR45	TCGA-ESCC official repository-anchor 78 patients; standardized PROGENy ~ ECMS + standardized MOFA factor	TCGA_ESCC_ECMS_official78_shared_RNA	standardized factor beta after ECMS adjustment	-0.0358794214923549	0.779513650815223	0.919005567276895	negative	same_direction_nonsignificant	evaluable	FALSE	FALSE	T1	25	FALSE
EVIDENCE_001398	STATE:Factor1	Factor1	heterogeneity_state	TCGA_ECMS_adjusted_factor_PROGENy	multiomics_state->RNA_derived_pathway_activity	TCGA_ESCC_DR45	TCGA-ESCC official repository-anchor 78 patients; standardized PROGENy ~ ECMS + standardized MOFA factor	TCGA_ESCC_ECMS_official78_shared_RNA	standardized factor beta after ECMS adjustment	-0.00310887745589775	0.980106565178999	0.995004389064432	negative	same_direction_nonsignificant	evaluable	FALSE	FALSE	T1	25	FALSE
EVIDENCE_001399	STATE:Factor2	Factor2	heterogeneity_state	TCGA_ECMS_adjusted_factor_PROGENy	multiomics_state->RNA_derived_pathway_activity	TCGA_ESCC_DR45	TCGA-ESCC official repository-anchor 78 patients; standardized PROGENy ~ ECMS + standardized MOFA factor	TCGA_ESCC_ECMS_official78_shared_RNA	standardized factor beta after ECMS adjustment	-0.229528279736391	0.0346811059688142	0.110979539100206	negative	same_direction_nonsignificant	evaluable	FALSE	FALSE	T1	25	FALSE
EVIDENCE_001409	STATE:Factor2	Factor2	heterogeneity_state	TCGA_ECMS_factor_explanatory	external_expression_classifier_state->multiomics_state	TCGA_ESCC_DR45	TCGA-ESCC official repository-anchor 78 patients; ECMS and MOFA share TCGA RNA representation	TCGA_ESCC_ECMS_official78_shared_RNA	eta_squared categorical separation	0.0719026652521706	0.0848259589038401	0.135721534246144	categorical_separation_no_pairwise_direction	same_direction_nonsignificant	evaluable	FALSE	FALSE	T1	25	FALSE
EVIDENCE_001400	STATE:Factor2	Factor2	heterogeneity_state	TCGA_ECMS_adjusted_factor_PROGENy	multiomics_state->RNA_derived_pathway_activity	TCGA_ESCC_DR45	TCGA-ESCC official repository-anchor 78 patients; standardized PROGENy ~ ECMS + standardized MOFA factor	TCGA_ESCC_ECMS_official78_shared_RNA	standardized factor beta after ECMS adjustment	0.21066116126093	0.0661847674320222	0.195070893483855	positive	same_direction_nonsignificant	evaluable	FALSE	FALSE	T1	25	FALSE
EVIDENCE_001401	STATE:Factor2	Factor2	heterogeneity_state	TCGA_ECMS_adjusted_factor_PROGENy	multiomics_state->RNA_derived_pathway_activity	TCGA_ESCC_DR45	TCGA-ESCC official repository-anchor 78 patients; standardized PROGENy ~ ECMS + standardized MOFA factor	TCGA_ESCC_ECMS_official78_shared_RNA	standardized factor beta after ECMS adjustment	-0.175761926303499	0.0748493687008551	0.209578232362394	negative	same_direction_nonsignificant	evaluable	FALSE	FALSE	T1	25	FALSE
EVIDENCE_001402	STATE:Factor2	Factor2	heterogeneity_state	TCGA_ECMS_adjusted_factor_PROGENy	multiomics_state->RNA_derived_pathway_activity	TCGA_ESCC_DR45	TCGA-ESCC official repository-anchor 78 patients; standardized PROGENy ~ ECMS + standardized MOFA factor	TCGA_ESCC_ECMS_official78_shared_RNA	standardized factor beta after ECMS adjustment	-0.203555817568929	0.087014176298716	0.226641575475726	negative	same_direction_nonsignificant	evaluable	FALSE	FALSE	T1	25	FALSE
EVIDENCE_001403	STATE:Factor2	Factor2	heterogeneity_state	TCGA_ECMS_adjusted_factor_PROGENy	multiomics_state->RNA_derived_pathway_activity	TCGA_ESCC_DR45	TCGA-ESCC official repository-anchor 78 patients; standardized PROGENy ~ ECMS + standardized MOFA factor	TCGA_ESCC_ECMS_official78_shared_RNA	standardized factor beta after ECMS adjustment	-0.165581516593611	0.160044438786176	0.358499542881034	negative	same_direction_nonsignificant	evaluable	FALSE	FALSE	T1	25	FALSE
EVIDENCE_001404	STATE:Factor2	Factor2	heterogeneity_state	TCGA_ECMS_adjusted_factor_PROGENy	multiomics_state->RNA_derived_pathway_activity	TCGA_ESCC_DR45	TCGA-ESCC official repository-anchor 78 patients; standardized PROGENy ~ ECMS + standardized MOFA factor	TCGA_ESCC_ECMS_official78_shared_RNA	standardized factor beta after ECMS adjustment	0.134806325428578	0.214365708720333	0.436526534121405	positive	same_direction_nonsignificant	evaluable	FALSE	FALSE	T1	25	FALSE
EVIDENCE_001405	STATE:Factor2	Factor2	heterogeneity_state	TCGA_ECMS_adjusted_factor_PROGENy	multiomics_state->RNA_derived_pathway_activity	TCGA_ESCC_DR45	TCGA-ESCC official repository-anchor 78 patients; standardized PROGENy ~ ECMS + standardized MOFA factor	TCGA_ESCC_ECMS_official78_shared_RNA	standardized factor beta after ECMS adjustment	-0.109526905613058	0.32750486580229	0.564316076459331	negative	same_direction_nonsignificant	evaluable	FALSE	FALSE	T1	25	FALSE
EVIDENCE_001406	STATE:Factor2	Factor2	heterogeneity_state	TCGA_ECMS_adjusted_factor_PROGENy	multiomics_state->RNA_derived_pathway_activity	TCGA_ESCC_DR45	TCGA-ESCC official repository-anchor 78 patients; standardized PROGENy ~ ECMS + standardized MOFA factor	TCGA_ESCC_ECMS_official78_shared_RNA	standardized factor beta after ECMS adjustment	0.0833009642347615	0.415985250273478	0.676901683561333	positive	same_direction_nonsignificant	evaluable	FALSE	FALSE	T1	25	FALSE
EVIDENCE_001407	STATE:Factor2	Factor2	heterogeneity_state	TCGA_ECMS_adjusted_factor_PROGENy	multiomics_state->RNA_derived_pathway_activity	TCGA_ESCC_DR45	TCGA-ESCC official repository-anchor 78 patients; standardized PROGENy ~ ECMS + standardized MOFA factor	TCGA_ESCC_ECMS_official78_shared_RNA	standardized factor beta after ECMS adjustment	0.0816131255670949	0.421348347807853	0.676901683561333	positive	same_direction_nonsignificant	evaluable	FALSE	FALSE	T1	25	FALSE
EVIDENCE_001408	STATE:Factor2	Factor2	heterogeneity_state	TCGA_ECMS_adjusted_factor_PROGENy	multiomics_state->RNA_derived_pathway_activity	TCGA_ESCC_DR45	TCGA-ESCC official repository-anchor 78 patients; standardized PROGENy ~ ECMS + standardized MOFA factor	TCGA_ESCC_ECMS_official78_shared_RNA	standardized factor beta after ECMS adjustment	-0.0218088813301418	0.841224229772909	0.944055216889168	negative	same_direction_nonsignificant	evaluable	FALSE	FALSE	T1	25	FALSE
EVIDENCE_001410	STATE:Factor3	Factor3	heterogeneity_state	TCGA_ECMS_adjusted_factor_PROGENy	multiomics_state->RNA_derived_pathway_activity	TCGA_ESCC_DR45	TCGA-ESCC official repository-anchor 78 patients; standardized PROGENy ~ ECMS + standardized MOFA factor	TCGA_ESCC_ECMS_official78_shared_RNA	standardized factor beta after ECMS adjustment	0.235745946411552	0.0776488603682496	0.21211396003034	positive	same_direction_nonsignificant	evaluable	FALSE	FALSE	T1	25	FALSE
EVIDENCE_001411	STATE:Factor3	Factor3	heterogeneity_state	TCGA_ECMS_adjusted_factor_PROGENy	multiomics_state->RNA_derived_pathway_activity	TCGA_ESCC_DR45	TCGA-ESCC official repository-anchor 78 patients; standardized PROGENy ~ ECMS + standardized MOFA factor	TCGA_ESCC_ECMS_official78_shared_RNA	standardized factor beta after ECMS adjustment	0.184490692390422	0.142168489585999	0.334456660901594	positive	same_direction_nonsignificant	evaluable	FALSE	FALSE	T1	25	FALSE
EVIDENCE_001412	STATE:Factor3	Factor3	heterogeneity_state	TCGA_ECMS_adjusted_factor_PROGENy	multiomics_state->RNA_derived_pathway_activity	TCGA_ESCC_DR45	TCGA-ESCC official repository-anchor 78 patients; standardized PROGENy ~ ECMS + standardized MOFA factor	TCGA_ESCC_ECMS_official78_shared_RNA	standardized factor beta after ECMS adjustment	0.200484587574323	0.143338568957826	0.334456660901594	positive	same_direction_nonsignificant	evaluable	FALSE	FALSE	T1	25	FALSE
EVIDENCE_001413	STATE:Factor3	Factor3	heterogeneity_state	TCGA_ECMS_adjusted_factor_PROGENy	multiomics_state->RNA_derived_pathway_activity	TCGA_ESCC_DR45	TCGA-ESCC official repository-anchor 78 patients; standardized PROGENy ~ ECMS + standardized MOFA factor	TCGA_ESCC_ECMS_official78_shared_RNA	standardized factor beta after ECMS adjustment	-0.0833847863308536	0.522339482899216	0.769763448483055	negative	same_direction_nonsignificant	evaluable	FALSE	FALSE	T1	25	FALSE
EVIDENCE_001414	STATE:Factor5	Factor5	heterogeneity_state	TCGA_ECMS_adjusted_factor_PROGENy	multiomics_state->RNA_derived_pathway_activity	TCGA_ESCC_DR45	TCGA-ESCC official repository-anchor 78 patients; standardized PROGENy ~ ECMS + standardized MOFA factor	TCGA_ESCC_ECMS_official78_shared_RNA	standardized factor beta after ECMS adjustment	-0.216782672022877	0.0614893453305565	0.186129910189793	negative	same_direction_nonsignificant	evaluable	FALSE	FALSE	T1	25	FALSE
EVIDENCE_001415	STATE:Factor5	Factor5	heterogeneity_state	TCGA_ECMS_adjusted_factor_PROGENy	multiomics_state->RNA_derived_pathway_activity	TCGA_ESCC_DR45	TCGA-ESCC official repository-anchor 78 patients; standardized PROGENy ~ ECMS + standardized MOFA factor	TCGA_ESCC_ECMS_official78_shared_RNA	standardized factor beta after ECMS adjustment	0.205324661887354	0.0796104728192798	0.212294594184746	positive	same_direction_nonsignificant	evaluable	FALSE	FALSE	T1	25	FALSE
EVIDENCE_001416	STATE:Factor5	Factor5	heterogeneity_state	TCGA_ECMS_adjusted_factor_PROGENy	multiomics_state->RNA_derived_pathway_activity	TCGA_ESCC_DR45	TCGA-ESCC official repository-anchor 78 patients; standardized PROGENy ~ ECMS + standardized MOFA factor	TCGA_ESCC_ECMS_official78_shared_RNA	standardized factor beta after ECMS adjustment	0.167898073907582	0.158375027258418	0.358499542881034	positive	same_direction_nonsignificant	evaluable	FALSE	FALSE	T1	25	FALSE
EVIDENCE_001417	STATE:Factor5	Factor5	heterogeneity_state	TCGA_ECMS_adjusted_factor_PROGENy	multiomics_state->RNA_derived_pathway_activity	TCGA_ESCC_DR45	TCGA-ESCC official repository-anchor 78 patients; standardized PROGENy ~ ECMS + standardized MOFA factor	TCGA_ESCC_ECMS_official78_shared_RNA	standardized factor beta after ECMS adjustment	-0.170683463775959	0.166060299561913	0.364681442175183	negative	same_direction_nonsignificant	evaluable	FALSE	FALSE	T1	25	FALSE
EVIDENCE_001418	STATE:Factor5	Factor5	heterogeneity_state	TCGA_ECMS_adjusted_factor_PROGENy	multiomics_state->RNA_derived_pathway_activity	TCGA_ESCC_DR45	TCGA-ESCC official repository-anchor 78 patients; standardized PROGENy ~ ECMS + standardized MOFA factor	TCGA_ESCC_ECMS_official78_shared_RNA	standardized factor beta after ECMS adjustment	-0.085707686008864	0.4794090512061	0.730089135955855	negative	same_direction_nonsignificant	evaluable	FALSE	FALSE	T1	25	FALSE
EVIDENCE_001419	STATE:Factor5	Factor5	heterogeneity_state	TCGA_ECMS_adjusted_factor_PROGENy	multiomics_state->RNA_derived_pathway_activity	TCGA_ESCC_DR45	TCGA-ESCC official repository-anchor 78 patients; standardized PROGENy ~ ECMS + standardized MOFA factor	TCGA_ESCC_ECMS_official78_shared_RNA	standardized factor beta after ECMS adjustment	0.0188887931639745	0.868193636960574	0.944055216889168	positive	same_direction_nonsignificant	evaluable	FALSE	FALSE	T1	25	FALSE
EVIDENCE_001420	STATE:Factor5	Factor5	heterogeneity_state	TCGA_ECMS_adjusted_factor_PROGENy	multiomics_state->RNA_derived_pathway_activity	TCGA_ESCC_DR45	TCGA-ESCC official repository-anchor 78 patients; standardized PROGENy ~ ECMS + standardized MOFA factor	TCGA_ESCC_ECMS_official78_shared_RNA	standardized factor beta after ECMS adjustment	-0.00211065601948953	0.985403662717919	0.995004389064432	negative	same_direction_nonsignificant	evaluable	FALSE	FALSE	T1	25	FALSE
EVIDENCE_001421	STATE:Factor6	Factor6	heterogeneity_state	TCGA_ECMS_adjusted_factor_PROGENy	multiomics_state->RNA_derived_pathway_activity	TCGA_ESCC_DR45	TCGA-ESCC official repository-anchor 78 patients; standardized PROGENy ~ ECMS + standardized MOFA factor	TCGA_ESCC_ECMS_official78_shared_RNA	standardized factor beta after ECMS adjustment	-0.273325343455719	0.0372946680609104	0.116027856189499	negative	same_direction_nonsignificant	evaluable	FALSE	FALSE	T1	25	FALSE
EVIDENCE_001422	STATE:Factor6	Factor6	heterogeneity_state	TCGA_ECMS_adjusted_factor_PROGENy	multiomics_state->RNA_derived_pathway_activity	TCGA_ESCC_DR45	TCGA-ESCC official repository-anchor 78 patients; standardized PROGENy ~ ECMS + standardized MOFA factor	TCGA_ESCC_ECMS_official78_shared_RNA	standardized factor beta after ECMS adjustment	0.159235530577406	0.224497388718683	0.448994777437366	positive	same_direction_nonsignificant	evaluable	FALSE	FALSE	T1	25	FALSE
EVIDENCE_001423	STATE:Factor6	Factor6	heterogeneity_state	TCGA_ECMS_adjusted_factor_PROGENy	multiomics_state->RNA_derived_pathway_activity	TCGA_ESCC_DR45	TCGA-ESCC official repository-anchor 78 patients; standardized PROGENy ~ ECMS + standardized MOFA factor	TCGA_ESCC_ECMS_official78_shared_RNA	standardized factor beta after ECMS adjustment	0.0868179881583607	0.482380321970833	0.730089135955855	positive	same_direction_nonsignificant	evaluable	FALSE	FALSE	T1	25	FALSE
EVIDENCE_001424	STATE:Factor6	Factor6	heterogeneity_state	TCGA_ECMS_adjusted_factor_PROGENy	multiomics_state->RNA_derived_pathway_activity	TCGA_ESCC_DR45	TCGA-ESCC official repository-anchor 78 patients; standardized PROGENy ~ ECMS + standardized MOFA factor	TCGA_ESCC_ECMS_official78_shared_RNA	standardized factor beta after ECMS adjustment	-0.0634493641285639	0.650259477923064	0.888159286919307	negative	same_direction_nonsignificant	evaluable	FALSE	FALSE	T1	25	FALSE
EVIDENCE_001425	STATE:Factor6	Factor6	heterogeneity_state	TCGA_ECMS_adjusted_factor_PROGENy	multiomics_state->RNA_derived_pathway_activity	TCGA_ESCC_DR45	TCGA-ESCC official repository-anchor 78 patients; standardized PROGENy ~ ECMS + standardized MOFA factor	TCGA_ESCC_ECMS_official78_shared_RNA	standardized factor beta after ECMS adjustment	0.0540972660341907	0.695712504841406	0.894762718066069	positive	same_direction_nonsignificant	evaluable	FALSE	FALSE	T1	25	FALSE
EVIDENCE_001426	STATE:Factor6	Factor6	heterogeneity_state	TCGA_ECMS_adjusted_factor_PROGENy	multiomics_state->RNA_derived_pathway_activity	TCGA_ESCC_DR45	TCGA-ESCC official repository-anchor 78 patients; standardized PROGENy ~ ECMS + standardized MOFA factor	TCGA_ESCC_ECMS_official78_shared_RNA	standardized factor beta after ECMS adjustment	-0.0431705232940423	0.725065299232968	0.902303483489915	negative	same_direction_nonsignificant	evaluable	FALSE	FALSE	T1	25	FALSE
EVIDENCE_001427	STATE:Factor6	Factor6	heterogeneity_state	TCGA_ECMS_adjusted_factor_PROGENy	multiomics_state->RNA_derived_pathway_activity	TCGA_ESCC_DR45	TCGA-ESCC official repository-anchor 78 patients; standardized PROGENy ~ ECMS + standardized MOFA factor	TCGA_ESCC_ECMS_official78_shared_RNA	standardized factor beta after ECMS adjustment	0.032683292672458	0.810985185577897	0.926840212089025	positive	same_direction_nonsignificant	evaluable	FALSE	FALSE	T1	25	FALSE
EVIDENCE_001428	STATE:Factor6	Factor6	heterogeneity_state	TCGA_ECMS_adjusted_factor_PROGENy	multiomics_state->RNA_derived_pathway_activity	TCGA_ESCC_DR45	TCGA-ESCC official repository-anchor 78 patients; standardized PROGENy ~ ECMS + standardized MOFA factor	TCGA_ESCC_ECMS_official78_shared_RNA	standardized factor beta after ECMS adjustment	-0.0145705463315638	0.906389143852371	0.965888246644556	negative	same_direction_nonsignificant	evaluable	FALSE	FALSE	T1	25	FALSE
EVIDENCE_001429	STATE:Factor6	Factor6	heterogeneity_state	TCGA_ECMS_adjusted_factor_PROGENy	multiomics_state->RNA_derived_pathway_activity	TCGA_ESCC_DR45	TCGA-ESCC official repository-anchor 78 patients; standardized PROGENy ~ ECMS + standardized MOFA factor	TCGA_ESCC_ECMS_official78_shared_RNA	standardized factor beta after ECMS adjustment	0.0129818377124872	0.914144233431455	0.965888246644556	positive	same_direction_nonsignificant	evaluable	FALSE	FALSE	T1	25	FALSE
EVIDENCE_001430	STATE:Factor6	Factor6	heterogeneity_state	TCGA_ECMS_adjusted_factor_PROGENy	multiomics_state->RNA_derived_pathway_activity	TCGA_ESCC_DR45	TCGA-ESCC official repository-anchor 78 patients; standardized PROGENy ~ ECMS + standardized MOFA factor	TCGA_ESCC_ECMS_official78_shared_RNA	standardized factor beta after ECMS adjustment	-0.00087763748849766	0.995004389064432	0.995004389064432	negative	same_direction_nonsignificant	evaluable	FALSE	FALSE	T1	25	FALSE
EVIDENCE_001431	STATE:Factor7	Factor7	heterogeneity_state	TCGA_ECMS_adjusted_factor_PROGENy	multiomics_state->RNA_derived_pathway_activity	TCGA_ESCC_DR45	TCGA-ESCC official repository-anchor 78 patients; standardized PROGENy ~ ECMS + standardized MOFA factor	TCGA_ESCC_ECMS_official78_shared_RNA	standardized factor beta after ECMS adjustment	-0.131870989296696	0.231736812898538	0.455342509555023	negative	same_direction_nonsignificant	evaluable	FALSE	FALSE	T1	25	FALSE
EVIDENCE_001432	STATE:Factor7	Factor7	heterogeneity_state	TCGA_ECMS_adjusted_factor_PROGENy	multiomics_state->RNA_derived_pathway_activity	TCGA_ESCC_DR45	TCGA-ESCC official repository-anchor 78 patients; standardized PROGENy ~ ECMS + standardized MOFA factor	TCGA_ESCC_ECMS_official78_shared_RNA	standardized factor beta after ECMS adjustment	-0.117244348098219	0.270384998721123	0.488437417044609	negative	same_direction_nonsignificant	evaluable	FALSE	FALSE	T1	25	FALSE
EVIDENCE_001433	STATE:Factor7	Factor7	heterogeneity_state	TCGA_ECMS_adjusted_factor_PROGENy	multiomics_state->RNA_derived_pathway_activity	TCGA_ESCC_DR45	TCGA-ESCC official repository-anchor 78 patients; standardized PROGENy ~ ECMS + standardized MOFA factor	TCGA_ESCC_ECMS_official78_shared_RNA	standardized factor beta after ECMS adjustment	-0.11109931375377	0.320402963889364	0.560705186806388	negative	same_direction_nonsignificant	evaluable	FALSE	FALSE	T1	25	FALSE
EVIDENCE_001442	STATE:Factor7	Factor7	heterogeneity_state	TCGA_ECMS_factor_explanatory	external_expression_classifier_state->multiomics_state	TCGA_ESCC_DR45	TCGA-ESCC official repository-anchor 78 patients; ECMS and MOFA share TCGA RNA representation	TCGA_ESCC_ECMS_official78_shared_RNA	eta_squared categorical separation	0.0310282605571156	0.503369284356343	0.575279182121535	categorical_separation_no_pairwise_direction	same_direction_nonsignificant	evaluable	FALSE	FALSE	T1	25	FALSE
EVIDENCE_001434	STATE:Factor7	Factor7	heterogeneity_state	TCGA_ECMS_adjusted_factor_PROGENy	multiomics_state->RNA_derived_pathway_activity	TCGA_ESCC_DR45	TCGA-ESCC official repository-anchor 78 patients; standardized PROGENy ~ ECMS + standardized MOFA factor	TCGA_ESCC_ECMS_official78_shared_RNA	standardized factor beta after ECMS adjustment	-0.0955141057752921	0.409718403384741	0.676901683561333	negative	same_direction_nonsignificant	evaluable	FALSE	FALSE	T1	25	FALSE
EVIDENCE_001435	STATE:Factor7	Factor7	heterogeneity_state	TCGA_ECMS_adjusted_factor_PROGENy	multiomics_state->RNA_derived_pathway_activity	TCGA_ESCC_DR45	TCGA-ESCC official repository-anchor 78 patients; standardized PROGENy ~ ECMS + standardized MOFA factor	TCGA_ESCC_ECMS_official78_shared_RNA	standardized factor beta after ECMS adjustment	0.0633496003523631	0.58968792809902	0.836013265153041	positive	same_direction_nonsignificant	evaluable	FALSE	FALSE	T1	25	FALSE
EVIDENCE_001436	STATE:Factor7	Factor7	heterogeneity_state	TCGA_ECMS_adjusted_factor_PROGENy	multiomics_state->RNA_derived_pathway_activity	TCGA_ESCC_DR45	TCGA-ESCC official repository-anchor 78 patients; standardized PROGENy ~ ECMS + standardized MOFA factor	TCGA_ESCC_ECMS_official78_shared_RNA	standardized factor beta after ECMS adjustment	-0.0496338023301515	0.661771019461533	0.89299221903243	negative	same_direction_nonsignificant	evaluable	FALSE	FALSE	T1	25	FALSE
EVIDENCE_001437	STATE:Factor7	Factor7	heterogeneity_state	TCGA_ECMS_adjusted_factor_PROGENy	multiomics_state->RNA_derived_pathway_activity	TCGA_ESCC_DR45	TCGA-ESCC official repository-anchor 78 patients; standardized PROGENy ~ ECMS + standardized MOFA factor	TCGA_ESCC_ECMS_official78_shared_RNA	standardized factor beta after ECMS adjustment	0.041794910250371	0.694741538046406	0.894762718066069	positive	same_direction_nonsignificant	evaluable	FALSE	FALSE	T1	25	FALSE
EVIDENCE_001438	STATE:Factor7	Factor7	heterogeneity_state	TCGA_ECMS_adjusted_factor_PROGENy	multiomics_state->RNA_derived_pathway_activity	TCGA_ESCC_DR45	TCGA-ESCC official repository-anchor 78 patients; standardized PROGENy ~ ECMS + standardized MOFA factor	TCGA_ESCC_ECMS_official78_shared_RNA	standardized factor beta after ECMS adjustment	-0.0317193299192083	0.768922354835939	0.919005567276895	negative	same_direction_nonsignificant	evaluable	FALSE	FALSE	T1	25	FALSE
EVIDENCE_001439	STATE:Factor7	Factor7	heterogeneity_state	TCGA_ECMS_adjusted_factor_PROGENy	multiomics_state->RNA_derived_pathway_activity	TCGA_ESCC_DR45	TCGA-ESCC official repository-anchor 78 patients; standardized PROGENy ~ ECMS + standardized MOFA factor	TCGA_ESCC_ECMS_official78_shared_RNA	standardized factor beta after ECMS adjustment	-0.0284200495041151	0.776987718254098	0.919005567276895	negative	same_direction_nonsignificant	evaluable	FALSE	FALSE	T1	25	FALSE
EVIDENCE_001440	STATE:Factor7	Factor7	heterogeneity_state	TCGA_ECMS_adjusted_factor_PROGENy	multiomics_state->RNA_derived_pathway_activity	TCGA_ESCC_DR45	TCGA-ESCC official repository-anchor 78 patients; standardized PROGENy ~ ECMS + standardized MOFA factor	TCGA_ESCC_ECMS_official78_shared_RNA	standardized factor beta after ECMS adjustment	0.0174367799817334	0.860951048211488	0.944055216889168	positive	same_direction_nonsignificant	evaluable	FALSE	FALSE	T1	25	FALSE
EVIDENCE_001441	STATE:Factor7	Factor7	heterogeneity_state	TCGA_ECMS_adjusted_factor_PROGENy	multiomics_state->RNA_derived_pathway_activity	TCGA_ESCC_DR45	TCGA-ESCC official repository-anchor 78 patients; standardized PROGENy ~ ECMS + standardized MOFA factor	TCGA_ESCC_ECMS_official78_shared_RNA	standardized factor beta after ECMS adjustment	0.000871605888626035	0.992876285992665	0.995004389064432	positive	same_direction_nonsignificant	evaluable	FALSE	FALSE	T1	25	FALSE
EVIDENCE_001457	STATE:Factor8	Factor8	heterogeneity_state	TCGA_ECMS_factor_explanatory	external_expression_classifier_state->multiomics_state	TCGA_ESCC_DR45	TCGA-ESCC official repository-anchor 78 patients; ECMS and MOFA share TCGA RNA representation	TCGA_ESCC_ECMS_official78_shared_RNA	eta_squared categorical separation	0.0471217283167516	0.200255592360204	0.267007456480272	categorical_separation_no_pairwise_direction	same_direction_nonsignificant	evaluable	FALSE	FALSE	T1	25	FALSE
EVIDENCE_001443	STATE:Factor8	Factor8	heterogeneity_state	TCGA_ECMS_adjusted_factor_PROGENy	multiomics_state->RNA_derived_pathway_activity	TCGA_ESCC_DR45	TCGA-ESCC official repository-anchor 78 patients; standardized PROGENy ~ ECMS + standardized MOFA factor	TCGA_ESCC_ECMS_official78_shared_RNA	standardized factor beta after ECMS adjustment	0.131610107352265	0.24859729232647	0.480049943802838	positive	same_direction_nonsignificant	evaluable	FALSE	FALSE	T1	25	FALSE
EVIDENCE_001444	STATE:Factor8	Factor8	heterogeneity_state	TCGA_ECMS_adjusted_factor_PROGENy	multiomics_state->RNA_derived_pathway_activity	TCGA_ESCC_DR45	TCGA-ESCC official repository-anchor 78 patients; standardized PROGENy ~ ECMS + standardized MOFA factor	TCGA_ESCC_ECMS_official78_shared_RNA	standardized factor beta after ECMS adjustment	0.0870554004172576	0.423063552225833	0.676901683561333	positive	same_direction_nonsignificant	evaluable	FALSE	FALSE	T1	25	FALSE
EVIDENCE_001445	STATE:Factor8	Factor8	heterogeneity_state	TCGA_ECMS_adjusted_factor_PROGENy	multiomics_state->RNA_derived_pathway_activity	TCGA_ESCC_DR45	TCGA-ESCC official repository-anchor 78 patients; standardized PROGENy ~ ECMS + standardized MOFA factor	TCGA_ESCC_ECMS_official78_shared_RNA	standardized factor beta after ECMS adjustment	0.0817121859500753	0.469341312604973	0.730086486274402	positive	same_direction_nonsignificant	evaluable	FALSE	FALSE	T1	25	FALSE
EVIDENCE_001446	STATE:Factor8	Factor8	heterogeneity_state	TCGA_ECMS_adjusted_factor_PROGENy	multiomics_state->RNA_derived_pathway_activity	TCGA_ESCC_DR45	TCGA-ESCC official repository-anchor 78 patients; standardized PROGENy ~ ECMS + standardized MOFA factor	TCGA_ESCC_ECMS_official78_shared_RNA	standardized factor beta after ECMS adjustment	0.0752736285655793	0.499884955212771	0.746494866451071	positive	same_direction_nonsignificant	evaluable	FALSE	FALSE	T1	25	FALSE
EVIDENCE_001447	STATE:Factor8	Factor8	heterogeneity_state	TCGA_ECMS_adjusted_factor_PROGENy	multiomics_state->RNA_derived_pathway_activity	TCGA_ESCC_DR45	TCGA-ESCC official repository-anchor 78 patients; standardized PROGENy ~ ECMS + standardized MOFA factor	TCGA_ESCC_ECMS_official78_shared_RNA	standardized factor beta after ECMS adjustment	0.0615820934624544	0.531047137014312	0.772432199293545	positive	same_direction_nonsignificant	evaluable	FALSE	FALSE	T1	25	FALSE
EVIDENCE_001448	STATE:Factor8	Factor8	heterogeneity_state	TCGA_ECMS_adjusted_factor_PROGENy	multiomics_state->RNA_derived_pathway_activity	TCGA_ESCC_DR45	TCGA-ESCC official repository-anchor 78 patients; standardized PROGENy ~ ECMS + standardized MOFA factor	TCGA_ESCC_ECMS_official78_shared_RNA	standardized factor beta after ECMS adjustment	0.0559390181683167	0.632619393641874	0.874732988739381	positive	same_direction_nonsignificant	evaluable	FALSE	FALSE	T1	25	FALSE
EVIDENCE_001449	STATE:Factor8	Factor8	heterogeneity_state	TCGA_ECMS_adjusted_factor_PROGENy	multiomics_state->RNA_derived_pathway_activity	TCGA_ESCC_DR45	TCGA-ESCC official repository-anchor 78 patients; standardized PROGENy ~ ECMS + standardized MOFA factor	TCGA_ESCC_ECMS_official78_shared_RNA	standardized factor beta after ECMS adjustment	0.049271322309999	0.677575093325429	0.894762718066069	positive	same_direction_nonsignificant	evaluable	FALSE	FALSE	T1	25	FALSE
EVIDENCE_001450	STATE:Factor8	Factor8	heterogeneity_state	TCGA_ECMS_adjusted_factor_PROGENy	multiomics_state->RNA_derived_pathway_activity	TCGA_ESCC_DR45	TCGA-ESCC official repository-anchor 78 patients; standardized PROGENy ~ ECMS + standardized MOFA factor	TCGA_ESCC_ECMS_official78_shared_RNA	standardized factor beta after ECMS adjustment	-0.0374790669454546	0.711016802748929	0.894762718066069	negative	same_direction_nonsignificant	evaluable	FALSE	FALSE	T1	25	FALSE
EVIDENCE_001451	STATE:Factor8	Factor8	heterogeneity_state	TCGA_ECMS_adjusted_factor_PROGENy	multiomics_state->RNA_derived_pathway_activity	TCGA_ESCC_DR45	TCGA-ESCC official repository-anchor 78 patients; standardized PROGENy ~ ECMS + standardized MOFA factor	TCGA_ESCC_ECMS_official78_shared_RNA	standardized factor beta after ECMS adjustment	-0.0322953974973225	0.777815400487176	0.919005567276895	negative	same_direction_nonsignificant	evaluable	FALSE	FALSE	T1	25	FALSE
EVIDENCE_001452	STATE:Factor8	Factor8	heterogeneity_state	TCGA_ECMS_adjusted_factor_PROGENy	multiomics_state->RNA_derived_pathway_activity	TCGA_ESCC_DR45	TCGA-ESCC official repository-anchor 78 patients; standardized PROGENy ~ ECMS + standardized MOFA factor	TCGA_ESCC_ECMS_official78_shared_RNA	standardized factor beta after ECMS adjustment	0.0260040383368203	0.808744384639437	0.926840212089025	positive	same_direction_nonsignificant	evaluable	FALSE	FALSE	T1	25	FALSE
EVIDENCE_001453	STATE:Factor8	Factor8	heterogeneity_state	TCGA_ECMS_adjusted_factor_PROGENy	multiomics_state->RNA_derived_pathway_activity	TCGA_ESCC_DR45	TCGA-ESCC official repository-anchor 78 patients; standardized PROGENy ~ ECMS + standardized MOFA factor	TCGA_ESCC_ECMS_official78_shared_RNA	standardized factor beta after ECMS adjustment	-0.0209591182902196	0.845709414860921	0.944055216889168	negative	same_direction_nonsignificant	evaluable	FALSE	FALSE	T1	25	FALSE
EVIDENCE_001454	STATE:Factor8	Factor8	heterogeneity_state	TCGA_ECMS_adjusted_factor_PROGENy	multiomics_state->RNA_derived_pathway_activity	TCGA_ESCC_DR45	TCGA-ESCC official repository-anchor 78 patients; standardized PROGENy ~ ECMS + standardized MOFA factor	TCGA_ESCC_ECMS_official78_shared_RNA	standardized factor beta after ECMS adjustment	0.019556492814927	0.859834577313999	0.944055216889168	positive	same_direction_nonsignificant	evaluable	FALSE	FALSE	T1	25	FALSE
EVIDENCE_001455	STATE:Factor8	Factor8	heterogeneity_state	TCGA_ECMS_adjusted_factor_PROGENy	multiomics_state->RNA_derived_pathway_activity	TCGA_ESCC_DR45	TCGA-ESCC official repository-anchor 78 patients; standardized PROGENy ~ ECMS + standardized MOFA factor	TCGA_ESCC_ECMS_official78_shared_RNA	standardized factor beta after ECMS adjustment	0.0085722783770782	0.93195211942893	0.975501283888226	positive	same_direction_nonsignificant	evaluable	FALSE	FALSE	T1	25	FALSE
EVIDENCE_001456	STATE:Factor8	Factor8	heterogeneity_state	TCGA_ECMS_adjusted_factor_PROGENy	multiomics_state->RNA_derived_pathway_activity	TCGA_ESCC_DR45	TCGA-ESCC official repository-anchor 78 patients; standardized PROGENy ~ ECMS + standardized MOFA factor	TCGA_ESCC_ECMS_official78_shared_RNA	standardized factor beta after ECMS adjustment	0.00154398987474482	0.987839366229825	0.995004389064432	positive	same_direction_nonsignificant	evaluable	FALSE	FALSE	T1	25	FALSE
EVIDENCE_001542	METABOLITE:AN004962:AN004962__242	Nicotinamide mononucleotide	metabolic_feature	PR001876_targeted_MS_feature	metabolome	PR001876/ST003027/AN004962	unpaired tissue sample; 16 early ESCC vs 16 normal	PR001876_early_stage_tissue_subject_overlap_unresolved	limma transformed-scale effect	-0.255411692170869	0.048694498196918	0.117525818956471	lower_in_early_ESCC	support	metabolic_feature_evaluable_identity_mapping_incomplete	TRUE	FALSE	T1	25	FALSE
EVIDENCE_001541	METABOLITE:AN004963:AN004963__103	N-Formyl-L-methionine	metabolic_feature	PR001876_targeted_MS_feature	metabolome	PR001876/ST003027/AN004963	unpaired tissue sample; 16 early ESCC vs 16 normal	PR001876_early_stage_tissue_subject_overlap_unresolved	limma transformed-scale effect	0.0220334842152644	0.0472004861030613	0.115659206405211	higher_in_early_ESCC	support	metabolic_feature_evaluable_identity_mapping_incomplete	TRUE	FALSE	T1	25	FALSE
EVIDENCE_001538	METABOLITE:AN004963:AN004963__14	Fumaric acid	metabolic_feature	PR001876_targeted_MS_feature	metabolome	PR001876/ST003027/AN004963	unpaired tissue sample; 16 early ESCC vs 16 normal	PR001876_early_stage_tissue_subject_overlap_unresolved	limma transformed-scale effect	-0.282746210228644	0.042363041215323	0.107075088426131	lower_in_early_ESCC	support	metabolic_feature_evaluable_identity_mapping_incomplete	TRUE	FALSE	T1	25	FALSE
EVIDENCE_001540	METABOLITE:AN004963:AN004963__85	Terephthalic acid	metabolic_feature	PR001876_targeted_MS_feature	metabolome	PR001876/ST003027/AN004963	unpaired tissue sample; 16 early ESCC vs 16 normal	PR001876_early_stage_tissue_subject_overlap_unresolved	limma transformed-scale effect	-0.100332142833668	0.0470039389637345	0.115659206405211	lower_in_early_ESCC	support	metabolic_feature_evaluable_identity_mapping_incomplete	TRUE	FALSE	T1	25	FALSE
EVIDENCE_001539	METABOLITE:AN004963:AN004963__99	N-Acetyl-L-aspartic acid	metabolic_feature	PR001876_targeted_MS_feature	metabolome	PR001876/ST003027/AN004963	unpaired tissue sample; 16 early ESCC vs 16 normal	PR001876_early_stage_tissue_subject_overlap_unresolved	limma transformed-scale effect	0.23905986445293	0.0444313965613464	0.111425611689002	higher_in_early_ESCC	support	metabolic_feature_evaluable_identity_mapping_incomplete	TRUE	FALSE	T1	25	FALSE
EVIDENCE_001638	MICROBE:F__P5D1-392_unclassified	F__P5D1-392_unclassified	microbial_taxon	PRJNA766558_paired_CLR	microbiome_16S_taxonomy	PRJNA766558	21 paired tumor/non-tumor tissues	PRJNA766558_FFPE_tissue_21_pairs	median paired CLR difference	0.736099231933864	0.0438058634825379	0.149213722487395	higher_in_tumor	support	taxonomic_ecology_evaluable_no_public_blank	TRUE	FALSE	T1	25	FALSE
EVIDENCE_001639	MICROBE:F__Prevotellaceae_unclassified	F__Prevotellaceae_unclassified	microbial_taxon	PRJNA766558_paired_CLR	microbiome_16S_taxonomy	PRJNA766558	21 paired tumor/non-tumor tissues	PRJNA766558_FFPE_tissue_21_pairs	median paired CLR difference	0.37592352803611	0.076288354527471	0.19338210798824	higher_in_tumor	support	taxonomic_ecology_evaluable_no_public_blank	TRUE	FALSE	T1	25	FALSE
EVIDENCE_001635	MICROBE:O__Burkholderiales_unclassified	O__Burkholderiales_unclassified	microbial_taxon	PRJNA766558_paired_CLR	microbiome_16S_taxonomy	PRJNA766558	21 paired tumor/non-tumor tissues	PRJNA766558_FFPE_tissue_21_pairs	median paired CLR difference	0.844906097569016	0.000392195786835362	0.010762223014463	higher_in_tumor	support	taxonomic_ecology_evaluable_no_public_blank	TRUE	FALSE	T1	25	FALSE
EVIDENCE_001636	MICROBE:O__Enterobacterales_unclassified	O__Enterobacterales_unclassified	microbial_taxon	PRJNA766558_paired_CLR	microbiome_16S_taxonomy	PRJNA766558	21 paired tumor/non-tumor tissues	PRJNA766558_FFPE_tissue_21_pairs	median paired CLR difference	-0.972872609922466	0.0164723650109698	0.0854994183902719	lower_in_tumor	support	taxonomic_ecology_evaluable_no_public_blank	TRUE	FALSE	T1	25	FALSE
EVIDENCE_001637	MICROBE:O__Lactobacillales_unclassified	O__Lactobacillales_unclassified	microbial_taxon	PRJNA766558_paired_CLR	microbiome_16S_taxonomy	PRJNA766558	21 paired tumor/non-tumor tissues	PRJNA766558_FFPE_tissue_21_pairs	median paired CLR difference	0.670237771009103	0.0238680092946278	0.104064520524577	higher_in_tumor	support	taxonomic_ecology_evaluable_no_public_blank	TRUE	FALSE	T1	25	FALSE
EVIDENCE_001640	MICROBE:g__Catonella	g__Catonella	microbial_taxon	PRJNA766558_paired_CLR	microbiome_16S_taxonomy	PRJNA766558	21 paired tumor/non-tumor tissues	PRJNA766558_FFPE_tissue_21_pairs	median paired CLR difference	0.736099231933864	0.088544706688393	0.209812457152931	higher_in_tumor	support	taxonomic_ecology_evaluable_no_public_blank	TRUE	FALSE	T1	25	FALSE
EVIDENCE_001641	MICROBE:g__Roseburia	g__Roseburia	microbial_taxon	PRJNA766558_paired_CLR	microbiome_16S_taxonomy	PRJNA766558	21 paired tumor/non-tumor tissues	PRJNA766558_FFPE_tissue_21_pairs	median paired CLR difference	-0.428374517659006	0.088544706688393	0.209812457152931	lower_in_tumor	support	taxonomic_ecology_evaluable_no_public_blank	TRUE	FALSE	T1	25	FALSE
EVIDENCE_001682	MICROBIOME_ALPHA:observed_asv	observed_asv	microbiome_module_metric	PRJNA766558_paired_alpha_diversity	microbiome_16S_alpha_diversity	PRJNA766558	21 paired tissues	PRJNA766558_FFPE_tissue_21_pairs	median paired difference	-75	0.0164723650109698	0.0192177591794648	lower_in_tumor	same_direction_nonsignificant	raw_count_table_depth_sensitive_description	TRUE	FALSE	T1	25	FALSE
EVIDENCE_001683	MICROBIOME_ALPHA:shannon	shannon	microbiome_module_metric	PRJNA766558_paired_alpha_diversity	microbiome_16S_alpha_diversity	PRJNA766558	21 paired tissues	PRJNA766558_FFPE_tissue_21_pairs	median paired difference	-0.446914267578858	0.00175887340824071	0.00615605692884249	lower_in_tumor	same_direction_nonsignificant	raw_count_table_depth_sensitive_description	TRUE	FALSE	T1	25	FALSE
EVIDENCE_001684	MICROBIOME_ALPHA:simpson	simpson	microbiome_module_metric	PRJNA766558_paired_alpha_diversity	microbiome_16S_alpha_diversity	PRJNA766558	21 paired tissues	PRJNA766558_FFPE_tissue_21_pairs	median paired difference	-0.0157666222644924	0.0135948854417752	0.0190328396184853	lower_in_tumor	same_direction_nonsignificant	raw_count_table_depth_sensitive_description	TRUE	FALSE	T1	25	FALSE
EVIDENCE_001458	GENE:EP300	EP300	cross_layer_axis	Cao2020_RNA_protein	transcriptome->proteome	Cao2020_GSE149609_proteome_supplement	Cao 2020 RNA and proteome patient mapping; missing protein is not negative	Cao2020_same_patient_cross_layer	same-patient Spearman rho				not_evaluable	not_comparable	not_identified_not_negative	TRUE	FALSE	T0	0	FALSE
EVIDENCE_001459	GENE:EP300	EP300	cross_layer_axis	TCGA_CNV_RNA_dosage	genome_CNV->transcriptome	TCGA_ESCC_DR45	TCGA-ESCC driver core; same-patient CNV and RNA	TCGA_ESCC_DR45_driver_core_95	Spearman rho				not_evaluable	not_comparable	not_evaluable_not_negative	FALSE	FALSE	T0	0	FALSE
EVIDENCE_001460	GENE:FBXW7	FBXW7	cross_layer_axis	Cao2020_RNA_protein	transcriptome->proteome	Cao2020_GSE149609_proteome_supplement	Cao 2020 RNA and proteome patient mapping; missing protein is not negative	Cao2020_same_patient_cross_layer	same-patient Spearman rho				not_evaluable	not_comparable	not_identified_not_negative	TRUE	FALSE	T0	0	FALSE
EVIDENCE_001461	GENE:KMT2D	KMT2D	cross_layer_axis	Cao2020_RNA_protein	transcriptome->proteome	Cao2020_GSE149609_proteome_supplement	Cao 2020 RNA and proteome patient mapping; missing protein is not negative	Cao2020_same_patient_cross_layer	same-patient Spearman rho				not_evaluable	not_comparable	not_identified_not_negative	TRUE	FALSE	T0	0	FALSE
EVIDENCE_001462	GENE:KMT2D	KMT2D	cross_layer_axis	TCGA_CNV_RNA_dosage	genome_CNV->transcriptome	TCGA_ESCC_DR45	TCGA-ESCC driver core; same-patient CNV and RNA	TCGA_ESCC_DR45_driver_core_95	Spearman rho				not_evaluable	not_comparable	not_evaluable_not_negative	FALSE	FALSE	T0	0	FALSE
EVIDENCE_001463	GENE:NFE2L2	NFE2L2	cross_layer_axis	Cao2020_RNA_protein	transcriptome->proteome	Cao2020_GSE149609_proteome_supplement	Cao 2020 RNA and proteome patient mapping; missing protein is not negative	Cao2020_same_patient_cross_layer	same-patient Spearman rho				not_evaluable	not_comparable	not_identified_not_negative	TRUE	FALSE	T0	0	FALSE
EVIDENCE_001464	GENE:NOTCH1	NOTCH1	cross_layer_axis	Cao2020_RNA_protein	transcriptome->proteome	Cao2020_GSE149609_proteome_supplement	Cao 2020 RNA and proteome patient mapping; missing protein is not negative	Cao2020_same_patient_cross_layer	same-patient Spearman rho				not_evaluable	not_comparable	not_identified_not_negative	TRUE	FALSE	T0	0	FALSE
EVIDENCE_001465	GENE:NOTCH3	NOTCH3	cross_layer_axis	Cao2020_RNA_protein	transcriptome->proteome	Cao2020_GSE149609_proteome_supplement	Cao 2020 RNA and proteome patient mapping; missing protein is not negative	Cao2020_same_patient_cross_layer	same-patient Spearman rho				not_evaluable	not_comparable	not_identified_not_negative	TRUE	FALSE	T0	0	FALSE
EVIDENCE_001466	GENE:NOTCH3	NOTCH3	cross_layer_axis	TCGA_CNV_RNA_dosage	genome_CNV->transcriptome	TCGA_ESCC_DR45	TCGA-ESCC driver core; same-patient CNV and RNA	TCGA_ESCC_DR45_driver_core_95	Spearman rho				not_evaluable	not_comparable	not_evaluable_not_negative	FALSE	FALSE	T0	0	FALSE
EVIDENCE_001467	GENE:PIK3CA	PIK3CA	cross_layer_axis	Cao2020_RNA_protein	transcriptome->proteome	Cao2020_GSE149609_proteome_supplement	Cao 2020 RNA and proteome patient mapping; missing protein is not negative	Cao2020_same_patient_cross_layer	same-patient Spearman rho				not_evaluable	not_comparable	identified_not_quantified_not_negative	TRUE	FALSE	T0	0	FALSE
EVIDENCE_001468	GENE:PTCH1	PTCH1	cross_layer_axis	Cao2020_RNA_protein	transcriptome->proteome	Cao2020_GSE149609_proteome_supplement	Cao 2020 RNA and proteome patient mapping; missing protein is not negative	Cao2020_same_patient_cross_layer	same-patient Spearman rho				not_evaluable	not_comparable	not_identified_not_negative	TRUE	FALSE	T0	0	FALSE
EVIDENCE_001471	GENE:SMARCA4	SMARCA4	cross_layer_axis	TCGA_driver_state_internal	genome_mutation->multiomics_state	TCGA_ESCC_DR45	TCGA-ESCC five-layer core; same patients and partially shared model inputs	TCGA_ESCC_DR45_driver_state_shared_patients	rank-biserial correlation: event minus reference	0.520525451559934	0.0228758204504946	0.167683937944865	positive	same_direction_nonsignificant	evaluable_but_level_factor_soft_qc	FALSE	FALSE	T0	0	FALSE
EVIDENCE_001469	GENE:SMARCA4	SMARCA4	cross_layer_axis	Cao2020_RNA_protein	transcriptome->proteome	Cao2020_GSE149609_proteome_supplement	Cao 2020 RNA and proteome patient mapping; missing protein is not negative	Cao2020_same_patient_cross_layer	same-patient Spearman rho				not_evaluable	not_comparable	not_identified_not_negative	TRUE	FALSE	T0	0	FALSE
EVIDENCE_001470	GENE:SMARCA4	SMARCA4	cross_layer_axis	TCGA_CNV_RNA_dosage	genome_CNV->transcriptome	TCGA_ESCC_DR45	TCGA-ESCC driver core; same-patient CNV and RNA	TCGA_ESCC_DR45_driver_core_95	Spearman rho				not_evaluable	not_comparable	not_evaluable_not_negative	FALSE	FALSE	T0	0	FALSE
EVIDENCE_001473	GENE:TP53	TP53	cross_layer_axis	TCGA_driver_state_internal	genome_CNV->multiomics_state	TCGA_ESCC_DR45	TCGA-ESCC five-layer core; same patients and partially shared model inputs	TCGA_ESCC_DR45_driver_state_shared_patients	Spearman rho	0.208790276539727	0.0434323854449104	0.283940830828338	positive	same_direction_nonsignificant	evaluable_but_level_factor_soft_qc	FALSE	FALSE	T0	0	FALSE
EVIDENCE_001472	GENE:TP53	TP53	cross_layer_axis	Cao2020_RNA_protein	transcriptome->proteome	Cao2020_GSE149609_proteome_supplement	Cao 2020 RNA and proteome patient mapping; missing protein is not negative	Cao2020_same_patient_cross_layer	same-patient Spearman rho				not_evaluable	not_comparable	not_identified_not_negative	TRUE	FALSE	T0	0	FALSE
EVIDENCE_001474	GENE:ZNF750	ZNF750	cross_layer_axis	Cao2020_RNA_protein	transcriptome->proteome	Cao2020_GSE149609_proteome_supplement	Cao 2020 RNA and proteome patient mapping; missing protein is not negative	Cao2020_same_patient_cross_layer	same-patient Spearman rho				not_evaluable	not_comparable	not_identified_not_negative	TRUE	FALSE	T0	0	FALSE
EVIDENCE_001475	GENE:ZNF750	ZNF750	cross_layer_axis	TCGA_CNV_RNA_dosage	genome_CNV->transcriptome	TCGA_ESCC_DR45	TCGA-ESCC driver core; same-patient CNV and RNA	TCGA_ESCC_DR45_driver_core_95	Spearman rho				not_evaluable	not_comparable	not_evaluable_not_negative	FALSE	FALSE	T0	0	FALSE
EVIDENCE_001476	STATE:Factor4	Factor4	heterogeneity_state	TCGA_ECMS_adjusted_factor_PROGENy	multiomics_state->RNA_derived_pathway_activity	TCGA_ESCC_DR45	TCGA-ESCC official repository-anchor 78 patients; standardized PROGENy ~ ECMS + standardized MOFA factor	TCGA_ESCC_ECMS_official78_shared_RNA	standardized factor beta after ECMS adjustment	-0.336799458878487	0.000288691740371458	0.00269445624346694	negative	technical_background_level_factor	evaluable_but_level_factor_soft_qc	FALSE	FALSE	T0	0	FALSE
EVIDENCE_001633	STATE:Factor4	Factor4	heterogeneity_state	TCGA_continuous_MOFA_axis	multiomics_continuous_state	TCGA-ESCC GDC DR45	94-patient factor; pathway interpretation from official78 ECMS primary	TCGA_ESCC_factor94_ECMS78_shared_RNA	ECMS-adjusted standardized factor beta	-0.336799458878487	0.000288691740371458	0.00269445624346694	negative	technical_failure	evaluable_but_level_factor_soft_qc	FALSE	FALSE	T0	0	FALSE
EVIDENCE_001477	STATE:Factor4	Factor4	heterogeneity_state	TCGA_ECMS_adjusted_factor_PROGENy	multiomics_state->RNA_derived_pathway_activity	TCGA_ESCC_DR45	TCGA-ESCC official repository-anchor 78 patients; standardized PROGENy ~ ECMS + standardized MOFA factor	TCGA_ESCC_ECMS_official78_shared_RNA	standardized factor beta after ECMS adjustment	0.255947039613295	0.00876156935654305	0.0408873236638676	positive	technical_background_level_factor	evaluable_but_level_factor_soft_qc	FALSE	FALSE	T0	0	FALSE
EVIDENCE_001478	STATE:Factor4	Factor4	heterogeneity_state	TCGA_ECMS_adjusted_factor_PROGENy	multiomics_state->RNA_derived_pathway_activity	TCGA_ESCC_DR45	TCGA-ESCC official repository-anchor 78 patients; standardized PROGENy ~ ECMS + standardized MOFA factor	TCGA_ESCC_ECMS_official78_shared_RNA	standardized factor beta after ECMS adjustment	-0.207745566114924	0.0726332956963168	0.208587926102243	negative	technical_background_level_factor	evaluable_but_level_factor_soft_qc	FALSE	FALSE	T0	0	FALSE
EVIDENCE_001479	STATE:Factor4	Factor4	heterogeneity_state	TCGA_ECMS_adjusted_factor_PROGENy	multiomics_state->RNA_derived_pathway_activity	TCGA_ESCC_DR45	TCGA-ESCC official repository-anchor 78 patients; standardized PROGENy ~ ECMS + standardized MOFA factor	TCGA_ESCC_ECMS_official78_shared_RNA	standardized factor beta after ECMS adjustment	-0.173950863555468	0.120908610286437	0.30092809671291	negative	technical_background_level_factor	evaluable_but_level_factor_soft_qc	FALSE	FALSE	T0	0	FALSE
EVIDENCE_001480	STATE:Factor4	Factor4	heterogeneity_state	TCGA_ECMS_adjusted_factor_PROGENy	multiomics_state->RNA_derived_pathway_activity	TCGA_ESCC_DR45	TCGA-ESCC official repository-anchor 78 patients; standardized PROGENy ~ ECMS + standardized MOFA factor	TCGA_ESCC_ECMS_official78_shared_RNA	standardized factor beta after ECMS adjustment	-0.167264194845469	0.131061959604813	0.319107379907371	negative	technical_background_level_factor	evaluable_but_level_factor_soft_qc	FALSE	FALSE	T0	0	FALSE
EVIDENCE_001481	STATE:Factor4	Factor4	heterogeneity_state	TCGA_ECMS_adjusted_factor_PROGENy	multiomics_state->RNA_derived_pathway_activity	TCGA_ESCC_DR45	TCGA-ESCC official repository-anchor 78 patients; standardized PROGENy ~ ECMS + standardized MOFA factor	TCGA_ESCC_ECMS_official78_shared_RNA	standardized factor beta after ECMS adjustment	-0.140740572379801	0.199315402185958	0.421194812166552	negative	technical_background_level_factor	evaluable_but_level_factor_soft_qc	FALSE	FALSE	T0	0	FALSE
EVIDENCE_001482	STATE:Factor4	Factor4	heterogeneity_state	TCGA_ECMS_adjusted_factor_PROGENy	multiomics_state->RNA_derived_pathway_activity	TCGA_ESCC_DR45	TCGA-ESCC official repository-anchor 78 patients; standardized PROGENy ~ ECMS + standardized MOFA factor	TCGA_ESCC_ECMS_official78_shared_RNA	standardized factor beta after ECMS adjustment	-0.118457669935289	0.268365895974917	0.488437417044609	negative	technical_background_level_factor	evaluable_but_level_factor_soft_qc	FALSE	FALSE	T0	0	FALSE
EVIDENCE_001483	STATE:Factor4	Factor4	heterogeneity_state	TCGA_ECMS_adjusted_factor_PROGENy	multiomics_state->RNA_derived_pathway_activity	TCGA_ESCC_DR45	TCGA-ESCC official repository-anchor 78 patients; standardized PROGENy ~ ECMS + standardized MOFA factor	TCGA_ESCC_ECMS_official78_shared_RNA	standardized factor beta after ECMS adjustment	0.11010580999535	0.298512493373918	0.530688877109188	positive	technical_background_level_factor	evaluable_but_level_factor_soft_qc	FALSE	FALSE	T0	0	FALSE
EVIDENCE_001490	STATE:Factor4	Factor4	heterogeneity_state	TCGA_ECMS_factor_explanatory	external_expression_classifier_state->multiomics_state	TCGA_ESCC_DR45	TCGA-ESCC official repository-anchor 78 patients; ECMS and MOFA share TCGA RNA representation	TCGA_ESCC_ECMS_official78_shared_RNA	eta_squared categorical separation	0.0215709889012238	0.586878768472178	0.653837538043157	categorical_separation_no_pairwise_direction	technical_background_level_factor	evaluable_but_level_factor_soft_qc	FALSE	FALSE	T0	0	FALSE
EVIDENCE_001484	STATE:Factor4	Factor4	heterogeneity_state	TCGA_ECMS_adjusted_factor_PROGENy	multiomics_state->RNA_derived_pathway_activity	TCGA_ESCC_DR45	TCGA-ESCC official repository-anchor 78 patients; standardized PROGENy ~ ECMS + standardized MOFA factor	TCGA_ESCC_ECMS_official78_shared_RNA	standardized factor beta after ECMS adjustment	-0.0658364748561175	0.559621772512513	0.803559468223096	negative	technical_background_level_factor	evaluable_but_level_factor_soft_qc	FALSE	FALSE	T0	0	FALSE
EVIDENCE_001485	STATE:Factor4	Factor4	heterogeneity_state	TCGA_ECMS_adjusted_factor_PROGENy	multiomics_state->RNA_derived_pathway_activity	TCGA_ESCC_DR45	TCGA-ESCC official repository-anchor 78 patients; standardized PROGENy ~ ECMS + standardized MOFA factor	TCGA_ESCC_ECMS_official78_shared_RNA	standardized factor beta after ECMS adjustment	0.0576041728866457	0.617874714966451	0.865024600953032	positive	technical_background_level_factor	evaluable_but_level_factor_soft_qc	FALSE	FALSE	T0	0	FALSE
EVIDENCE_001486	STATE:Factor4	Factor4	heterogeneity_state	TCGA_ECMS_adjusted_factor_PROGENy	multiomics_state->RNA_derived_pathway_activity	TCGA_ESCC_DR45	TCGA-ESCC official repository-anchor 78 patients; standardized PROGENy ~ ECMS + standardized MOFA factor	TCGA_ESCC_ECMS_official78_shared_RNA	standardized factor beta after ECMS adjustment	-0.0405747321342063	0.710351135694973	0.894762718066069	negative	technical_background_level_factor	evaluable_but_level_factor_soft_qc	FALSE	FALSE	T0	0	FALSE
EVIDENCE_001487	STATE:Factor4	Factor4	heterogeneity_state	TCGA_ECMS_adjusted_factor_PROGENy	multiomics_state->RNA_derived_pathway_activity	TCGA_ESCC_DR45	TCGA-ESCC official repository-anchor 78 patients; standardized PROGENy ~ ECMS + standardized MOFA factor	TCGA_ESCC_ECMS_official78_shared_RNA	standardized factor beta after ECMS adjustment	-0.0337275872887901	0.750359687761777	0.919005567276895	negative	technical_background_level_factor	evaluable_but_level_factor_soft_qc	FALSE	FALSE	T0	0	FALSE
EVIDENCE_001488	STATE:Factor4	Factor4	heterogeneity_state	TCGA_ECMS_adjusted_factor_PROGENy	multiomics_state->RNA_derived_pathway_activity	TCGA_ESCC_DR45	TCGA-ESCC official repository-anchor 78 patients; standardized PROGENy ~ ECMS + standardized MOFA factor	TCGA_ESCC_ECMS_official78_shared_RNA	standardized factor beta after ECMS adjustment	0.0256648458417382	0.795552242747459	0.926840212089025	positive	technical_background_level_factor	evaluable_but_level_factor_soft_qc	FALSE	FALSE	T0	0	FALSE
EVIDENCE_001489	STATE:Factor4	Factor4	heterogeneity_state	TCGA_ECMS_adjusted_factor_PROGENy	multiomics_state->RNA_derived_pathway_activity	TCGA_ESCC_DR45	TCGA-ESCC official repository-anchor 78 patients; standardized PROGENy ~ ECMS + standardized MOFA factor	TCGA_ESCC_ECMS_official78_shared_RNA	standardized factor beta after ECMS adjustment	0.0141000085235761	0.887726469182736	0.956013120658331	positive	technical_background_level_factor	evaluable_but_level_factor_soft_qc	FALSE	FALSE	T0	0	FALSE
EVIDENCE_001493	METABOLITE:AN004960:AN004960__4	Butyric acid	metabolic_feature	PR001876_targeted_MS_feature	metabolome	PR001876/ST003025/AN004960	unpaired tissue sample; 16 early ESCC vs 16 normal	PR001876_early_stage_tissue_subject_overlap_unresolved	limma transformed-scale effect	1.98390109714747	0.00604696134950896	0.0221721916148662	higher_in_early_ESCC	technical_failure	metabolic_feature_evaluable_identity_mapping_incomplete	TRUE	FALSE	T0	0	FALSE
EVIDENCE_001494	METABOLITE:AN004960:AN004960__5	Isovaleric acid	metabolic_feature	PR001876_targeted_MS_feature	metabolome	PR001876/ST003025/AN004960	unpaired tissue sample; 16 early ESCC vs 16 normal	PR001876_early_stage_tissue_subject_overlap_unresolved	limma transformed-scale effect	1.27448249470817	0.0197156665112104	0.0542180829058286	higher_in_early_ESCC	technical_failure	metabolic_feature_evaluable_identity_mapping_incomplete	TRUE	FALSE	T0	0	FALSE
EVIDENCE_001491	METABOLITE:AN004960:AN004960__6	Valeric acid	metabolic_feature	PR001876_targeted_MS_feature	metabolome	PR001876/ST003025/AN004960	unpaired tissue sample; 16 early ESCC vs 16 normal	PR001876_early_stage_tissue_subject_overlap_unresolved	limma transformed-scale effect	1.1241000431792	0.00360882432473827	0.0221721916148662	higher_in_early_ESCC	technical_failure	metabolic_feature_evaluable_identity_mapping_incomplete	TRUE	FALSE	T0	0	FALSE
EVIDENCE_001492	METABOLITE:AN004960:AN004960__7	Hexanoic acid	metabolic_feature	PR001876_targeted_MS_feature	metabolome	PR001876/ST003025/AN004960	unpaired tissue sample; 16 early ESCC vs 16 normal	PR001876_early_stage_tissue_subject_overlap_unresolved	limma transformed-scale effect	0.943001449074108	0.00512194215175022	0.0221721916148662	higher_in_early_ESCC	technical_failure	metabolic_feature_evaluable_identity_mapping_incomplete	TRUE	FALSE	T0	0	FALSE
EVIDENCE_001681	MICROBIOME_ALPHA:prokaryotic_reads_min_overlap12	prokaryotic_reads_min_overlap12	microbiome_module_metric	PRJNA766558_paired_alpha_diversity	microbiome_16S_alpha_diversity	PRJNA766558	21 paired tissues	PRJNA766558_FFPE_tissue_21_pairs	median paired difference	-7882	0.0238680092946278	0.0238680092946278	lower_in_tumor	not_comparable	paired_final_depth_diagnostic_not_diversity	TRUE	FALSE	T0	0	FALSE
EVIDENCE_001634	MODULE:ECMS_HYBRID94_EXTENSION	ECMS hybrid94 extension boundary	module_status	ECMS_extension_calibration_boundary	RNA_classifier_benchmark	TCGA-ESCC GDC DR45	94 projected patients; only repository-anchor 78 primary	TCGA_ESCC_ECMS_shared_RNA	overall extension calibration pass	0			boundary_not_negative	not_comparable_as_primary_extension	official78_primary_available_hybrid16_conditional_only	FALSE	FALSE	T0	0	FALSE
