edge_id	axis_candidate_id	source_node	source_layer	target_node	target_layer	edge_class	source_effect_measure	source_effect	target_effect_measure	target_effect	association_effect_measure	association_effect	p_value	q_value	n_complete	sample_design	evidence_source	independence_group	same_patient_evidence	independent_from_tcga_discovery	eligible_as_exact_driver_replication	representation_overlap	original_state_edge_id	meets_T3_T4_retention_criteria	baseline_reliable_match_rate	drop_both_reliable_match_rate	drop_both_direction_retention_rate	drop_both_magnitude_retention_rate	drop_both_low_margin_count	discordance_code	evidence_tier	layer_availability
ESCC_AXIS_00008	GENE:FBXW7	FBXW7:CNV	genome_CNV	FBXW7:RNA	transcriptome	TCGA_CNV_RNA_dosage	relative_log2_CNV_IQR	0.485426827170242	not_separate_from_association		Spearman rho	0.52098991665482	6.20986487627644e-08	4.20242830101056e-07		TCGA-ESCC driver core; same-patient CNV and RNA	TCGA_ESCC_DR45	TCGA_ESCC_DR45_driver_core_95	TRUE	FALSE	FALSE	direct_same_patient_CNV_RNA_no_external_replication								support	T3	evaluable
ESCC_AXIS_00007	GENE:GNAS	GNAS:CNV	genome_CNV	GNAS:RNA	transcriptome	TCGA_CNV_RNA_dosage	relative_log2_CNV_IQR	0.362570079384708	not_separate_from_association		Spearman rho	0.337209722135567	0.000832837728653649	0.00197569174612525		TCGA-ESCC driver core; same-patient CNV and RNA	TCGA_ESCC_DR45	TCGA_ESCC_DR45_driver_core_95	TRUE	FALSE	FALSE	direct_same_patient_CNV_RNA_no_external_replication								support	T3	evaluable
ESCC_AXIS_00076	GENE:KMT2D	KMT2D:relative_cnv	genome_CNV	Factor3	multiomics_state	TCGA_driver_state_internal					Spearman rho	-0.312270708246483	0.00218342557712684	0.0524022138510443		TCGA-ESCC five-layer core; same patients and partially shared model inputs	TCGA_ESCC_DR45	TCGA_ESCC_DR45_driver_state_shared_patients	TRUE	FALSE	FALSE	predictor_layer_in_mofa_input	TCGA_DRIVER_STATE_0002	TRUE	1	1	1	1	0	support	T3	evaluable
ESCC_AXIS_00010	GENE:NFE2L2	NFE2L2:CNV	genome_CNV	NFE2L2:RNA	transcriptome	TCGA_CNV_RNA_dosage	relative_log2_CNV_IQR	0.362570079384708	not_separate_from_association		Spearman rho	0.366277738034032	0.0002617381804392	0.000697931792331779		TCGA-ESCC driver core; same-patient CNV and RNA	TCGA_ESCC_DR45	TCGA_ESCC_DR45_driver_core_95	TRUE	FALSE	FALSE	direct_same_patient_CNV_RNA_no_external_replication								support	T3	evaluable
ESCC_AXIS_00070	GENE:NFE2L2	NFE2L2:mutation	genome_mutation	Factor1	multiomics_state	TCGA_driver_state_internal					rank-biserial correlation: event minus reference	0.753205128205128	2.31904260816762e-06	0.000166971067788069		TCGA-ESCC five-layer core; same patients and partially shared model inputs	TCGA_ESCC_DR45	TCGA_ESCC_DR45_driver_state_shared_patients	TRUE	FALSE	FALSE	predictor_feature_in_mofa_input	TCGA_DRIVER_STATE_0053	TRUE	1	1	1	1	0	support	T3	evaluable
ESCC_AXIS_00072	GENE:NFE2L2	NFE2L2:mutation	genome_mutation	Factor7	multiomics_state	TCGA_driver_state_internal					rank-biserial correlation: event minus reference	0.642628205128205	5.59554546888386e-05	0.00134293091253213		TCGA-ESCC five-layer core; same patients and partially shared model inputs	TCGA_ESCC_DR45	TCGA_ESCC_DR45_driver_state_shared_patients	TRUE	FALSE	FALSE	predictor_feature_in_mofa_input	TCGA_DRIVER_STATE_0056	TRUE	1	1	1	1	0	support	T3	evaluable
ESCC_AXIS_00002	GENE:NOTCH1	NOTCH1:CNV	genome_CNV	NOTCH1:RNA	transcriptome	TCGA_CNV_RNA_dosage	relative_log2_CNV_IQR	0.670342562127124	not_separate_from_association		Spearman rho	0.308253067413868	0.00237306569493432	0.00511622957096487		TCGA-ESCC driver core; same-patient CNV and RNA	TCGA_ESCC_DR45	TCGA_ESCC_DR45_driver_core_95	TRUE	FALSE	FALSE	direct_same_patient_CNV_RNA_no_external_replication								support	T3	evaluable
ESCC_AXIS_00074	GENE:NOTCH1	NOTCH1:relative_cnv	genome_CNV	Factor7	multiomics_state	TCGA_driver_state_internal					Spearman rho	0.358889670020717	0.000382146349607281	0.012228683187433		TCGA-ESCC five-layer core; same patients and partially shared model inputs	TCGA_ESCC_DR45	TCGA_ESCC_DR45_driver_state_shared_patients	TRUE	FALSE	FALSE	predictor_layer_in_mofa_input	TCGA_DRIVER_STATE_0011	TRUE	1	1	1	1	0	support	T3	evaluable
ESCC_AXIS_00009	GENE:PIK3CA	PIK3CA:CNV	genome_CNV	PIK3CA:RNA	transcriptome	TCGA_CNV_RNA_dosage	relative_log2_CNV_IQR	0.657221097372184	not_separate_from_association		Spearman rho	0.687902977191557	1.34951638018333e-14	6.92897438602631e-13		TCGA-ESCC driver core; same-patient CNV and RNA	TCGA_ESCC_DR45	TCGA_ESCC_DR45_driver_core_95	TRUE	FALSE	FALSE	direct_same_patient_CNV_RNA_no_external_replication								support	T3	evaluable
ESCC_AXIS_00068	GENE:PIK3CA	PIK3CA:relative_cnv	genome_CNV	Factor1	multiomics_state	TCGA_driver_state_internal					Spearman rho	0.578587085765964	1.01079153014674e-09	9.70359868940868e-08		TCGA-ESCC five-layer core; same patients and partially shared model inputs	TCGA_ESCC_DR45	TCGA_ESCC_DR45_driver_state_shared_patients	TRUE	FALSE	FALSE	predictor_layer_in_mofa_input	TCGA_DRIVER_STATE_0046	TRUE	1	1	1	1	0	support	T3	evaluable
ESCC_AXIS_00069	GENE:PIK3CA	PIK3CA:amplification	genome_CNV	Factor1	multiomics_state	TCGA_driver_state_internal					rank-biserial correlation: event minus reference	0.557369614512472	3.36444195836449e-06	0.000107662142667664		TCGA-ESCC five-layer core; same patients and partially shared model inputs	TCGA_ESCC_DR45	TCGA_ESCC_DR45_driver_state_shared_patients	TRUE	FALSE	FALSE	predictor_layer_in_mofa_input	TCGA_DRIVER_STATE_0047	TRUE	1	1	1	1	0	support	T3	evaluable
ESCC_AXIS_00073	GENE:PTCH1	PTCH1:relative_cnv	genome_CNV	Factor7	multiomics_state	TCGA_driver_state_internal					Spearman rho	0.391559241097994	9.51892271711032e-05	0.00456908290421296		TCGA-ESCC five-layer core; same patients and partially shared model inputs	TCGA_ESCC_DR45	TCGA_ESCC_DR45_driver_state_shared_patients	TRUE	FALSE	FALSE	predictor_layer_in_mofa_input	TCGA_DRIVER_STATE_0022	TRUE	1	1	1	1	0	support	T3	evaluable
ESCC_AXIS_00071	GENE:SMARCA4	SMARCA4:mutation	genome_mutation	Factor1	multiomics_state	TCGA_driver_state_internal					rank-biserial correlation: event minus reference	-0.947454844006568	3.35757486745582e-05	0.0012087269522841		TCGA-ESCC five-layer core; same patients and partially shared model inputs	TCGA_ESCC_DR45	TCGA_ESCC_DR45_driver_state_shared_patients	TRUE	FALSE	FALSE	predictor_feature_in_mofa_input	TCGA_DRIVER_STATE_0068	TRUE	1	1	1	1	0	support	T3	evaluable
ESCC_AXIS_00075	GENE:TP53	TP53:mutation	genome_mutation	Factor1	multiomics_state	TCGA_driver_state_internal					rank-biserial correlation: event minus reference	0.619047619047619	0.00146164295293039	0.026309573152747		TCGA-ESCC five-layer core; same patients and partially shared model inputs	TCGA_ESCC_DR45	TCGA_ESCC_DR45_driver_state_shared_patients	TRUE	FALSE	FALSE	predictor_feature_in_mofa_input	TCGA_DRIVER_STATE_0058	TRUE	1	1	1	1	0	support	T3	evaluable
ESCC_AXIS_00051	GENE:EP300	EP300:relative_cnv	genome_CNV	Factor1	multiomics_state	TCGA_driver_state_internal					Spearman rho	0.253771203331802	0.0135859773963133	0.16303172875576		TCGA-ESCC five-layer core; same patients and partially shared model inputs	TCGA_ESCC_DR45	TCGA_ESCC_DR45_driver_state_shared_patients	TRUE	FALSE	FALSE	predictor_layer_in_mofa_input	TCGA_DRIVER_STATE_0037	FALSE	1	1	1	1	0	same_direction_nonsignificant	T2	evaluable
ESCC_AXIS_00065	GENE:EP300	EP300:relative_cnv	genome_CNV	Factor7	multiomics_state	TCGA_driver_state_internal					Spearman rho	-0.208400263918035	0.0438344652131573	0.283940830828338		TCGA-ESCC five-layer core; same patients and partially shared model inputs	TCGA_ESCC_DR45	TCGA_ESCC_DR45_driver_state_shared_patients	TRUE	FALSE	FALSE	predictor_layer_in_mofa_input	TCGA_DRIVER_STATE_0038	FALSE	1	1	1	1	0	same_direction_nonsignificant	T2	evaluable
ESCC_AXIS_00110	GENE:EP300	EP300:relative_cnv	genome_CNV	TGFb	RNA_derived_pathway_activity	TCGA_driver_state_internal					Spearman rho	0.239551942647706	0.0200487248923372	0.835048779262326		TCGA-ESCC five-layer core; same patients and partially shared model inputs	TCGA_ESCC_DR45	TCGA_ESCC_DR45_driver_state_shared_patients	TRUE	FALSE	FALSE	same_patient_rna_derived_target	TCGA_DRIVER_STATE_0040							same_direction_nonsignificant	T2	evaluable
ESCC_AXIS_00115	GENE:EP300	EP300:relative_cnv	genome_CNV	Androgen	RNA_derived_pathway_activity	TCGA_driver_state_internal					Spearman rho	0.204620041618657	0.04789420453942	0.835048779262326		TCGA-ESCC five-layer core; same patients and partially shared model inputs	TCGA_ESCC_DR45	TCGA_ESCC_DR45_driver_state_shared_patients	TRUE	FALSE	FALSE	same_patient_rna_derived_target	TCGA_DRIVER_STATE_0039							same_direction_nonsignificant	T2	evaluable
ESCC_AXIS_00057	GENE:FBXW7	FBXW7:relative_cnv	genome_CNV	Factor7	multiomics_state	TCGA_driver_state_internal					Spearman rho	-0.243303789235754	0.0181285799340948	0.193371519297011		TCGA-ESCC five-layer core; same patients and partially shared model inputs	TCGA_ESCC_DR45	TCGA_ESCC_DR45_driver_state_shared_patients	TRUE	FALSE	FALSE	predictor_layer_in_mofa_input	TCGA_DRIVER_STATE_0045	FALSE	1	1	1	1	0	same_direction_nonsignificant	T2	evaluable
ESCC_AXIS_00031	GENE:GNAS	GNAS:RNA	transcriptome	GNAS:protein	proteome	Cao2020_RNA_protein	limma logFC tumor_minus_normal pc1	0.455231110559371	median patient log2 tumor_vs_normal	0.2300707094205	same-patient Spearman rho	-0.464285714285714	0.293934107600252		7	Cao 2020 RNA and proteome patient mapping; missing protein is not negative	Cao2020_GSE149609_proteome_supplement	Cao2020_same_patient_cross_layer	TRUE	TRUE	FALSE	independent_cohort_orthogonal_calibration_not_exact_driver_event_replication								support	T2	evaluable
ESCC_AXIS_00019	GENE:GNAS	GNAS:promoter_methylation	epigenome_WGBS	GNAS:RNA	transcriptome	Cao2020_promoter_RNA	median paired delta_beta tumor_minus_normal	-0.055556	limma logFC tumor_minus_normal pc1	0.455231110559371	same-patient Spearman rho	-0.25	0.516489552301226		9	Cao 2020; WGBS 9 pairs and RNA 10 pairs; overlapping patients only for correlation	Cao2020_GSE149608_GSE149609	Cao2020_same_patient_cross_layer	TRUE	TRUE	FALSE	independent_cohort_orthogonal_calibration_not_exact_driver_event_replication								support	T2	evaluable
ESCC_AXIS_00094	GENE:GNAS	GNAS:amplification	genome_CNV	p53	RNA_derived_pathway_activity	TCGA_driver_state_internal					rank-biserial correlation: event minus reference	-0.693181818181818	0.00476114523752053	0.133312066650575		TCGA-ESCC five-layer core; same patients and partially shared model inputs	TCGA_ESCC_DR45	TCGA_ESCC_DR45_driver_state_shared_patients	TRUE	FALSE	FALSE	same_patient_rna_derived_target	TCGA_DRIVER_STATE_0043							same_direction_nonsignificant	T2	evaluable
ESCC_AXIS_00098	GENE:GNAS	GNAS:amplification	genome_CNV	Estrogen	RNA_derived_pathway_activity	TCGA_driver_state_internal					rank-biserial correlation: event minus reference	0.583333333333333	0.0175862562505873	0.164138391672148		TCGA-ESCC five-layer core; same patients and partially shared model inputs	TCGA_ESCC_DR45	TCGA_ESCC_DR45_driver_state_shared_patients	TRUE	FALSE	FALSE	same_patient_rna_derived_target	TCGA_DRIVER_STATE_0042							same_direction_nonsignificant	T2	evaluable
ESCC_AXIS_00062	GENE:GNAS	GNAS:relative_cnv	genome_CNV	Factor7	multiomics_state	TCGA_driver_state_internal					Spearman rho	-0.225737281324169	0.0286957588586433	0.275479285042975		TCGA-ESCC five-layer core; same patients and partially shared model inputs	TCGA_ESCC_DR45	TCGA_ESCC_DR45_driver_state_shared_patients	TRUE	FALSE	FALSE	predictor_layer_in_mofa_input	TCGA_DRIVER_STATE_0041	FALSE	1	1	1	1	0	same_direction_nonsignificant	T2	evaluable
ESCC_AXIS_00103	GENE:GNAS	GNAS:amplification	genome_CNV	WNT	RNA_derived_pathway_activity	TCGA_driver_state_internal					rank-biserial correlation: event minus reference	0.515151515151515	0.0360993717876303	0.288794974301043		TCGA-ESCC five-layer core; same patients and partially shared model inputs	TCGA_ESCC_DR45	TCGA_ESCC_DR45_driver_state_shared_patients	TRUE	FALSE	FALSE	same_patient_rna_derived_target	TCGA_DRIVER_STATE_0044							same_direction_nonsignificant	T2	evaluable
ESCC_AXIS_00048	GENE:KMT2D	KMT2D:relative_cnv	genome_CNV	Factor2	multiomics_state	TCGA_driver_state_internal					Spearman rho	0.275430665835518	0.00721294093890031	0.138488466026886		TCGA-ESCC five-layer core; same patients and partially shared model inputs	TCGA_ESCC_DR45	TCGA_ESCC_DR45_driver_state_shared_patients	TRUE	FALSE	FALSE	predictor_layer_in_mofa_input	TCGA_DRIVER_STATE_0001	FALSE	1	1	1	1	0	same_direction_nonsignificant	T2	evaluable
ESCC_AXIS_00052	GENE:KMT2D	KMT2D:mutation	genome_mutation	Factor5	multiomics_state	TCGA_driver_state_internal					rank-biserial correlation: event minus reference	0.362179487179487	0.0232894358256757	0.167683937944865		TCGA-ESCC five-layer core; same patients and partially shared model inputs	TCGA_ESCC_DR45	TCGA_ESCC_DR45_driver_state_shared_patients	TRUE	FALSE	FALSE	predictor_feature_in_mofa_input	TCGA_DRIVER_STATE_0003	FALSE	1	1	1	1	0	same_direction_nonsignificant	T2	evaluable
ESCC_AXIS_00100	GENE:KMT2D	KMT2D:mutation	genome_mutation	Trail	RNA_derived_pathway_activity	TCGA_driver_state_internal					rank-biserial correlation: event minus reference	-0.455128205128205	0.00434226043201555	0.27356240721698		TCGA-ESCC five-layer core; same patients and partially shared model inputs	TCGA_ESCC_DR45	TCGA_ESCC_DR45_driver_state_shared_patients	TRUE	FALSE	FALSE	same_patient_rna_derived_target	TCGA_DRIVER_STATE_0006							same_direction_nonsignificant	T2	evaluable
ESCC_AXIS_00054	GENE:NFE2L2	NFE2L2:mutation	genome_mutation	Factor8	multiomics_state	TCGA_driver_state_internal					rank-biserial correlation: event minus reference	0.346153846153846	0.0301550691802388	0.173841101375178		TCGA-ESCC five-layer core; same patients and partially shared model inputs	TCGA_ESCC_DR45	TCGA_ESCC_DR45_driver_state_shared_patients	TRUE	FALSE	FALSE	predictor_feature_in_mofa_input	TCGA_DRIVER_STATE_0057	FALSE	1	1	1	1	0	same_direction_nonsignificant	T2	evaluable
ESCC_AXIS_00061	GENE:NFE2L2	NFE2L2:amplification	genome_CNV	Factor2	multiomics_state	TCGA_driver_state_internal					rank-biserial correlation: event minus reference	-0.419607843137255	0.0397848091828163	0.254622778770024		TCGA-ESCC five-layer core; same patients and partially shared model inputs	TCGA_ESCC_DR45	TCGA_ESCC_DR45_driver_state_shared_patients	TRUE	FALSE	FALSE	predictor_layer_in_mofa_input	TCGA_DRIVER_STATE_0055	FALSE	1	1	1	1	0	same_direction_nonsignificant	T2	evaluable
ESCC_AXIS_00067	GENE:NFE2L2	NFE2L2:relative_cnv	genome_CNV	Factor2	multiomics_state	TCGA_driver_state_internal					Spearman rho	-0.205135051839573	0.047323471804723	0.283940830828338		TCGA-ESCC five-layer core; same patients and partially shared model inputs	TCGA_ESCC_DR45	TCGA_ESCC_DR45_driver_state_shared_patients	TRUE	FALSE	FALSE	predictor_layer_in_mofa_input	TCGA_DRIVER_STATE_0054	FALSE	1	1	1	1	0	same_direction_nonsignificant	T2	evaluable
ESCC_AXIS_00063	GENE:NOTCH1	NOTCH1:relative_cnv	genome_CNV	Factor3	multiomics_state	TCGA_driver_state_internal					Spearman rho	0.221306879127476	0.0320652206196652	0.279841925407987		TCGA-ESCC five-layer core; same patients and partially shared model inputs	TCGA_ESCC_DR45	TCGA_ESCC_DR45_driver_state_shared_patients	TRUE	FALSE	FALSE	predictor_layer_in_mofa_input	TCGA_DRIVER_STATE_0009	FALSE	1	1	1	1	0	same_direction_nonsignificant	T2	evaluable
ESCC_AXIS_00064	GENE:NOTCH1	NOTCH1:relative_cnv	genome_CNV	Factor1	multiomics_state	TCGA_driver_state_internal					Spearman rho	0.215133292356625	0.0373117827081742	0.283940830828338		TCGA-ESCC five-layer core; same patients and partially shared model inputs	TCGA_ESCC_DR45	TCGA_ESCC_DR45_driver_state_shared_patients	TRUE	FALSE	FALSE	predictor_layer_in_mofa_input	TCGA_DRIVER_STATE_0008	FALSE	1	1	1	1	0	same_direction_nonsignificant	T2	evaluable
ESCC_AXIS_00112	GENE:NOTCH1	NOTCH1:relative_cnv	genome_CNV	WNT	RNA_derived_pathway_activity	TCGA_driver_state_internal					Spearman rho	0.218857043107297	0.0340675490807947	0.835048779262326		TCGA-ESCC five-layer core; same patients and partially shared model inputs	TCGA_ESCC_DR45	TCGA_ESCC_DR45_driver_state_shared_patients	TRUE	FALSE	FALSE	same_patient_rna_derived_target	TCGA_DRIVER_STATE_0014							same_direction_nonsignificant	T2	evaluable
ESCC_AXIS_00114	GENE:NOTCH1	NOTCH1:relative_cnv	genome_CNV	Estrogen	RNA_derived_pathway_activity	TCGA_driver_state_internal					Spearman rho	0.208786332575116	0.043436436046267	0.835048779262326		TCGA-ESCC five-layer core; same patients and partially shared model inputs	TCGA_ESCC_DR45	TCGA_ESCC_DR45_driver_state_shared_patients	TRUE	FALSE	FALSE	same_patient_rna_derived_target	TCGA_DRIVER_STATE_0012							same_direction_nonsignificant	T2	evaluable
ESCC_AXIS_00050	GENE:NOTCH3	NOTCH3:relative_cnv	genome_CNV	Factor1	multiomics_state	TCGA_driver_state_internal					Spearman rho	0.254109213092543	0.0134574916525378	0.16303172875576		TCGA-ESCC five-layer core; same patients and partially shared model inputs	TCGA_ESCC_DR45	TCGA_ESCC_DR45_driver_state_shared_patients	TRUE	FALSE	FALSE	predictor_layer_in_mofa_input	TCGA_DRIVER_STATE_0016	FALSE	1	1	1	1	0	same_direction_nonsignificant	T2	evaluable
ESCC_AXIS_00056	GENE:PIK3CA	PIK3CA:mutation	genome_mutation	Factor8	multiomics_state	TCGA_driver_state_internal					rank-biserial correlation: event minus reference	-0.391018619934283	0.0362871508841317	0.186619633118392		TCGA-ESCC five-layer core; same patients and partially shared model inputs	TCGA_ESCC_DR45	TCGA_ESCC_DR45_driver_state_shared_patients	TRUE	FALSE	FALSE	predictor_feature_in_mofa_input	TCGA_DRIVER_STATE_0049	FALSE	1	1	1	1	0	same_direction_nonsignificant	T2	evaluable
ESCC_AXIS_00105	GENE:PIK3CA	PIK3CA:mutation	genome_mutation	Estrogen	RNA_derived_pathway_activity	TCGA_driver_state_internal					rank-biserial correlation: event minus reference	-0.415115005476451	0.0262103562251042	0.660500976872627		TCGA-ESCC five-layer core; same patients and partially shared model inputs	TCGA_ESCC_DR45	TCGA_ESCC_DR45_driver_state_shared_patients	TRUE	FALSE	FALSE	same_patient_rna_derived_target	TCGA_DRIVER_STATE_0052							same_direction_nonsignificant	T2	evaluable
ESCC_AXIS_00109	GENE:PIK3CA	PIK3CA:relative_cnv	genome_CNV	EGFR	RNA_derived_pathway_activity	TCGA_driver_state_internal					Spearman rho	-0.254672103040048	0.0132458666481809	0.835048779262326		TCGA-ESCC five-layer core; same patients and partially shared model inputs	TCGA_ESCC_DR45	TCGA_ESCC_DR45_driver_state_shared_patients	TRUE	FALSE	FALSE	same_patient_rna_derived_target	TCGA_DRIVER_STATE_0050							same_direction_nonsignificant	T2	evaluable
ESCC_AXIS_00093	GENE:PTCH1	PTCH1:amplification	genome_CNV	WNT	RNA_derived_pathway_activity	TCGA_driver_state_internal					rank-biserial correlation: event minus reference	0.734848484848485	0.00276336396228416	0.133312066650575		TCGA-ESCC five-layer core; same patients and partially shared model inputs	TCGA_ESCC_DR45	TCGA_ESCC_DR45_driver_state_shared_patients	TRUE	FALSE	FALSE	same_patient_rna_derived_target	TCGA_DRIVER_STATE_0036							same_direction_nonsignificant	T2	evaluable
ESCC_AXIS_00095	GENE:PTCH1	PTCH1:amplification	genome_CNV	p53	RNA_derived_pathway_activity	TCGA_driver_state_internal					rank-biserial correlation: event minus reference	-0.632575757575758	0.010015614860969	0.160194293954007		TCGA-ESCC five-layer core; same patients and partially shared model inputs	TCGA_ESCC_DR45	TCGA_ESCC_DR45_driver_state_shared_patients	TRUE	FALSE	FALSE	same_patient_rna_derived_target	TCGA_DRIVER_STATE_0032							same_direction_nonsignificant	T2	evaluable
ESCC_AXIS_00096	GENE:PTCH1	PTCH1:amplification	genome_CNV	JAK-STAT	RNA_derived_pathway_activity	TCGA_driver_state_internal					rank-biserial correlation: event minus reference	0.621212121212121	0.0114424495681433	0.160194293954007		TCGA-ESCC five-layer core; same patients and partially shared model inputs	TCGA_ESCC_DR45	TCGA_ESCC_DR45_driver_state_shared_patients	TRUE	FALSE	FALSE	same_patient_rna_derived_target	TCGA_DRIVER_STATE_0029							same_direction_nonsignificant	T2	evaluable
ESCC_AXIS_00049	GENE:PTCH1	PTCH1:relative_cnv	genome_CNV	Factor2	multiomics_state	TCGA_driver_state_internal					Spearman rho	-0.261558945241627	0.0108817600723787	0.16303172875576		TCGA-ESCC five-layer core; same patients and partially shared model inputs	TCGA_ESCC_DR45	TCGA_ESCC_DR45_driver_state_shared_patients	TRUE	FALSE	FALSE	predictor_layer_in_mofa_input	TCGA_DRIVER_STATE_0018	FALSE	1	1	1	1	0	same_direction_nonsignificant	T2	evaluable
ESCC_AXIS_00097	GENE:PTCH1	PTCH1:amplification	genome_CNV	VEGF	RNA_derived_pathway_activity	TCGA_driver_state_internal					rank-biserial correlation: event minus reference	0.598484848484848	0.0148471999014417	0.164138391672148		TCGA-ESCC five-layer core; same patients and partially shared model inputs	TCGA_ESCC_DR45	TCGA_ESCC_DR45_driver_state_shared_patients	TRUE	FALSE	FALSE	same_patient_rna_derived_target	TCGA_DRIVER_STATE_0035							same_direction_nonsignificant	T2	evaluable
ESCC_AXIS_00053	GENE:PTCH1	PTCH1:mutation	genome_mutation	Factor1	multiomics_state	TCGA_driver_state_internal					rank-biserial correlation: event minus reference	0.500821018062397	0.0285902461314485	0.173841101375178		TCGA-ESCC five-layer core; same patients and partially shared model inputs	TCGA_ESCC_DR45	TCGA_ESCC_DR45_driver_state_shared_patients	TRUE	FALSE	FALSE	predictor_feature_in_mofa_input	TCGA_DRIVER_STATE_0017	FALSE	1	1	1	1	0	same_direction_nonsignificant	T2	evaluable
ESCC_AXIS_00058	GENE:PTCH1	PTCH1:amplification	genome_CNV	Factor7	multiomics_state	TCGA_driver_state_internal					rank-biserial correlation: event minus reference	0.59469696969697	0.0154941633363392	0.247906613381428		TCGA-ESCC five-layer core; same patients and partially shared model inputs	TCGA_ESCC_DR45	TCGA_ESCC_DR45_driver_state_shared_patients	TRUE	FALSE	FALSE	predictor_layer_in_mofa_input	TCGA_DRIVER_STATE_0023	FALSE	1	1	1	1	0	same_direction_nonsignificant	T2	evaluable
ESCC_AXIS_00059	GENE:PTCH1	PTCH1:amplification	genome_CNV	Factor6	multiomics_state	TCGA_driver_state_internal					rank-biserial correlation: event minus reference	0.53030303030303	0.0309530946513674	0.254622778770024		TCGA-ESCC five-layer core; same patients and partially shared model inputs	TCGA_ESCC_DR45	TCGA_ESCC_DR45_driver_state_shared_patients	TRUE	FALSE	FALSE	predictor_layer_in_mofa_input	TCGA_DRIVER_STATE_0021	FALSE	1	1	1	1	0	same_direction_nonsignificant	T2	evaluable
ESCC_AXIS_00060	GENE:PTCH1	PTCH1:amplification	genome_CNV	Factor8	multiomics_state	TCGA_driver_state_internal					rank-biserial correlation: event minus reference	0.507575757575758	0.0389351177220323	0.254622778770024		TCGA-ESCC five-layer core; same patients and partially shared model inputs	TCGA_ESCC_DR45	TCGA_ESCC_DR45_driver_state_shared_patients	TRUE	FALSE	FALSE	predictor_layer_in_mofa_input	TCGA_DRIVER_STATE_0024	FALSE	1	1	1	1	0	same_direction_nonsignificant	T2	evaluable
ESCC_AXIS_00104	GENE:PTCH1	PTCH1:amplification	genome_CNV	Trail	RNA_derived_pathway_activity	TCGA_driver_state_internal					rank-biserial correlation: event minus reference	-0.488636363636364	0.0468630391850597	0.322729860638368		TCGA-ESCC five-layer core; same patients and partially shared model inputs	TCGA_ESCC_DR45	TCGA_ESCC_DR45_driver_state_shared_patients	TRUE	FALSE	FALSE	same_patient_rna_derived_target	TCGA_DRIVER_STATE_0034							same_direction_nonsignificant	T2	evaluable
ESCC_AXIS_00111	GENE:PTCH1	PTCH1:relative_cnv	genome_CNV	JAK-STAT	RNA_derived_pathway_activity	TCGA_driver_state_internal					Spearman rho	0.223127197183489	0.0306424805937	0.835048779262326		TCGA-ESCC five-layer core; same patients and partially shared model inputs	TCGA_ESCC_DR45	TCGA_ESCC_DR45_driver_state_shared_patients	TRUE	FALSE	FALSE	same_patient_rna_derived_target	TCGA_DRIVER_STATE_0028							same_direction_nonsignificant	T2	evaluable
ESCC_AXIS_00113	GENE:PTCH1	PTCH1:relative_cnv	genome_CNV	Estrogen	RNA_derived_pathway_activity	TCGA_driver_state_internal					Spearman rho	0.218016714287267	0.0347781511356244	0.835048779262326		TCGA-ESCC five-layer core; same patients and partially shared model inputs	TCGA_ESCC_DR45	TCGA_ESCC_DR45_driver_state_shared_patients	TRUE	FALSE	FALSE	same_patient_rna_derived_target	TCGA_DRIVER_STATE_0026							same_direction_nonsignificant	T2	evaluable
ESCC_AXIS_00077	GENE:SMARCA4	SMARCA4:mutation	genome_mutation	Factor8	multiomics_state	TCGA_driver_state_internal					rank-biserial correlation: event minus reference	-0.635467980295567	0.0054431063055489	0.0783807307999041		TCGA-ESCC five-layer core; same patients and partially shared model inputs	TCGA_ESCC_DR45	TCGA_ESCC_DR45_driver_state_shared_patients	TRUE	FALSE	FALSE	predictor_feature_in_mofa_input	TCGA_DRIVER_STATE_0073	FALSE	1	1	1	1	0	same_direction_nonsignificant	T2	evaluable
ESCC_AXIS_00045	GENE:SMARCA4	SMARCA4:mutation	genome_mutation	Factor5	multiomics_state	TCGA_driver_state_internal					rank-biserial correlation: event minus reference	0.586206896551724	0.0103610623814736	0.124332748577683		TCGA-ESCC five-layer core; same patients and partially shared model inputs	TCGA_ESCC_DR45	TCGA_ESCC_DR45_driver_state_shared_patients	TRUE	FALSE	FALSE	predictor_feature_in_mofa_input	TCGA_DRIVER_STATE_0071	FALSE	1	1	1	1	0	same_direction_nonsignificant	T2	evaluable
ESCC_AXIS_00099	GENE:SMARCA4	SMARCA4:mutation	genome_mutation	VEGF	RNA_derived_pathway_activity	TCGA_driver_state_internal					rank-biserial correlation: event minus reference	0.733990147783251	0.00131985833274229	0.166302149925528		TCGA-ESCC five-layer core; same patients and partially shared model inputs	TCGA_ESCC_DR45	TCGA_ESCC_DR45_driver_state_shared_patients	TRUE	FALSE	FALSE	same_patient_rna_derived_target	TCGA_DRIVER_STATE_0079							same_direction_nonsignificant	T2	evaluable
ESCC_AXIS_00101	GENE:SMARCA4	SMARCA4:mutation	genome_mutation	EGFR	RNA_derived_pathway_activity	TCGA_driver_state_internal					rank-biserial correlation: event minus reference	0.61247947454844	0.00738962729241943	0.287932317758199		TCGA-ESCC five-layer core; same patients and partially shared model inputs	TCGA_ESCC_DR45	TCGA_ESCC_DR45_driver_state_shared_patients	TRUE	FALSE	FALSE	same_patient_rna_derived_target	TCGA_DRIVER_STATE_0074							same_direction_nonsignificant	T2	evaluable
ESCC_AXIS_00102	GENE:SMARCA4	SMARCA4:mutation	genome_mutation	Trail	RNA_derived_pathway_activity	TCGA_driver_state_internal					rank-biserial correlation: event minus reference	-0.596059113300493	0.00914070850026029	0.287932317758199		TCGA-ESCC five-layer core; same patients and partially shared model inputs	TCGA_ESCC_DR45	TCGA_ESCC_DR45_driver_state_shared_patients	TRUE	FALSE	FALSE	same_patient_rna_derived_target	TCGA_DRIVER_STATE_0078							same_direction_nonsignificant	T2	evaluable
ESCC_AXIS_00047	GENE:TP53	TP53:mutation	genome_mutation	Factor5	multiomics_state	TCGA_driver_state_internal					rank-biserial correlation: event minus reference	-0.476190476190476	0.0144280426212019	0.129852383590817		TCGA-ESCC five-layer core; same patients and partially shared model inputs	TCGA_ESCC_DR45	TCGA_ESCC_DR45_driver_state_shared_patients	TRUE	FALSE	FALSE	predictor_feature_in_mofa_input	TCGA_DRIVER_STATE_0060	FALSE	1	1	1	1	0	same_direction_nonsignificant	T2	evaluable
ESCC_AXIS_00055	GENE:TP53	TP53:mutation	genome_mutation	Factor6	multiomics_state	TCGA_driver_state_internal					rank-biserial correlation: event minus reference	0.419047619047619	0.031387976637185	0.173841101375178		TCGA-ESCC five-layer core; same patients and partially shared model inputs	TCGA_ESCC_DR45	TCGA_ESCC_DR45_driver_state_shared_patients	TRUE	FALSE	FALSE	predictor_feature_in_mofa_input	TCGA_DRIVER_STATE_0061	FALSE	1	1	1	1	0	same_direction_nonsignificant	T2	evaluable
ESCC_AXIS_00066	GENE:TP53	TP53:relative_cnv	genome_CNV	Factor6	multiomics_state	TCGA_driver_state_internal					Spearman rho	0.206282214398735	0.0460723924581816	0.283940830828338		TCGA-ESCC five-layer core; same patients and partially shared model inputs	TCGA_ESCC_DR45	TCGA_ESCC_DR45_driver_state_shared_patients	TRUE	FALSE	FALSE	predictor_layer_in_mofa_input	TCGA_DRIVER_STATE_0062	FALSE	1	1	1	1	0	same_direction_nonsignificant	T2	evaluable
ESCC_AXIS_00106	GENE:TP53	TP53:mutation	genome_mutation	p53	RNA_derived_pathway_activity	TCGA_driver_state_internal					rank-biserial correlation: event minus reference	-0.407142857142857	0.0365455344844182	0.68017875724909		TCGA-ESCC five-layer core; same patients and partially shared model inputs	TCGA_ESCC_DR45	TCGA_ESCC_DR45_driver_state_shared_patients	TRUE	FALSE	FALSE	same_patient_rna_derived_target	TCGA_DRIVER_STATE_0064							same_direction_nonsignificant	T2	evaluable
ESCC_AXIS_00107	GENE:TP53	TP53:mutation	genome_mutation	Estrogen	RNA_derived_pathway_activity	TCGA_driver_state_internal					rank-biserial correlation: event minus reference	0.397619047619048	0.0411759392430882	0.68017875724909		TCGA-ESCC five-layer core; same patients and partially shared model inputs	TCGA_ESCC_DR45	TCGA_ESCC_DR45_driver_state_shared_patients	TRUE	FALSE	FALSE	same_patient_rna_derived_target	TCGA_DRIVER_STATE_0063							same_direction_nonsignificant	T2	evaluable
ESCC_AXIS_00108	GENE:TP53	TP53:mutation	genome_mutation	TGFb	RNA_derived_pathway_activity	TCGA_driver_state_internal					rank-biserial correlation: event minus reference	0.388095238095238	0.0462939947637027	0.68017875724909		TCGA-ESCC five-layer core; same patients and partially shared model inputs	TCGA_ESCC_DR45	TCGA_ESCC_DR45_driver_state_shared_patients	TRUE	FALSE	FALSE	same_patient_rna_derived_target	TCGA_DRIVER_STATE_0065							same_direction_nonsignificant	T2	evaluable
ESCC_AXIS_00015	GENE:ZNF750	ZNF750:promoter_methylation	epigenome_WGBS	ZNF750:RNA	transcriptome	Cao2020_promoter_RNA	median paired delta_beta tumor_minus_normal	-0.0878849999999999	limma logFC tumor_minus_normal pc1	-1.47418514340141	same-patient Spearman rho	0.108787563138244	0.780553852628062		9	Cao 2020; WGBS 9 pairs and RNA 10 pairs; overlapping patients only for correlation	Cao2020_GSE149608_GSE149609	Cao2020_same_patient_cross_layer	TRUE	TRUE	FALSE	independent_cohort_orthogonal_calibration_not_exact_driver_event_replication								context_specific_reverse	T2	evaluable
ESCC_AXIS_00046	GENE:ZNF750	ZNF750:mutation	genome_mutation	Factor2	multiomics_state	TCGA_driver_state_internal					rank-biserial correlation: event minus reference	0.463307776560789	0.0130701533283653	0.129852383590817		TCGA-ESCC five-layer core; same patients and partially shared model inputs	TCGA_ESCC_DR45	TCGA_ESCC_DR45_driver_state_shared_patients	TRUE	FALSE	FALSE	predictor_feature_in_mofa_input	TCGA_DRIVER_STATE_0015	FALSE	1	1	1	1	0	same_direction_nonsignificant	T2	evaluable
ESCC_AXIS_00144	STATE:Factor1	Factor1	multiomics_state	Estrogen	RNA_derived_pathway_activity	TCGA_ECMS_adjusted_factor_PROGENy	delta R2 after ECMS categorical baseline	0.0880998763996518	partial R2	0.0929842223179704	standardized factor beta after ECMS adjustment	0.351934929319968	0.00781130099360376	0.0408873236638676	78	TCGA-ESCC official repository-anchor 78 patients; standardized PROGENy ~ ECMS + standardized MOFA factor	TCGA_ESCC_DR45	TCGA_ESCC_ECMS_official78_shared_RNA	TRUE	FALSE	FALSE	ECMS_and_PROGENy_RNA_derived_MOFA_contains_RNA								support	T2	evaluable
ESCC_AXIS_00149	STATE:Factor1	Factor1	multiomics_state	NFkB	RNA_derived_pathway_activity	TCGA_ECMS_adjusted_factor_PROGENy	delta R2 after ECMS categorical baseline	0.068212492133699	partial R2	0.0771390323922891	standardized factor beta after ECMS adjustment	-0.309675381453439	0.0158407417483975	0.0682370413777123	78	TCGA-ESCC official repository-anchor 78 patients; standardized PROGENy ~ ECMS + standardized MOFA factor	TCGA_ESCC_DR45	TCGA_ESCC_ECMS_official78_shared_RNA	TRUE	FALSE	FALSE	ECMS_and_PROGENy_RNA_derived_MOFA_contains_RNA								support	T2	evaluable
ESCC_AXIS_00154	STATE:Factor1	Factor1	multiomics_state	TNFa	RNA_derived_pathway_activity	TCGA_ECMS_adjusted_factor_PROGENy	delta R2 after ECMS categorical baseline	0.0572015738344595	partial R2	0.0663065103266764	standardized factor beta after ECMS adjustment	-0.283582033167668	0.0257262181038814	0.0929463363753134	78	TCGA-ESCC official repository-anchor 78 patients; standardized PROGENy ~ ECMS + standardized MOFA factor	TCGA_ESCC_DR45	TCGA_ESCC_ECMS_official78_shared_RNA	TRUE	FALSE	FALSE	ECMS_and_PROGENy_RNA_derived_MOFA_contains_RNA								support	T2	evaluable
ESCC_AXIS_00118	STATE:Factor1	ECMS1-4 locked expression benchmark	external_expression_classifier_state	Factor1	multiomics_state	TCGA_ECMS_factor_explanatory					eta_squared categorical separation	0.288703692373676	1.28965745269827e-05	3.43908654052873e-05	78	TCGA-ESCC official repository-anchor 78 patients; ECMS and MOFA share TCGA RNA representation	TCGA_ESCC_DR45	TCGA_ESCC_ECMS_official78_shared_RNA	TRUE	FALSE	FALSE	ECMS_RNA_derived_and_MOFA_contains_RNA								support	T2	evaluable
ESCC_AXIS_00139	STATE:Factor2	Factor2	multiomics_state	JAK-STAT	RNA_derived_pathway_activity	TCGA_ECMS_adjusted_factor_PROGENy	delta R2 after ECMS categorical baseline	0.108075206864489	partial R2	0.119126880930378	standardized factor beta after ECMS adjustment	-0.341244982933792	0.00242423895823637	0.0169696727076546	78	TCGA-ESCC official repository-anchor 78 patients; standardized PROGENy ~ ECMS + standardized MOFA factor	TCGA_ESCC_DR45	TCGA_ESCC_ECMS_official78_shared_RNA	TRUE	FALSE	FALSE	ECMS_and_PROGENy_RNA_derived_MOFA_contains_RNA								support	T2	evaluable
ESCC_AXIS_00143	STATE:Factor2	Factor2	multiomics_state	TGFb	RNA_derived_pathway_activity	TCGA_ECMS_adjusted_factor_PROGENy	delta R2 after ECMS categorical baseline	0.0702186046826134	partial R2	0.0992275617193432	standardized factor beta after ECMS adjustment	-0.27506120099867	0.00591152902465839	0.033104562538087	78	TCGA-ESCC official repository-anchor 78 patients; standardized PROGENy ~ ECMS + standardized MOFA factor	TCGA_ESCC_DR45	TCGA_ESCC_ECMS_official78_shared_RNA	TRUE	FALSE	FALSE	ECMS_and_PROGENy_RNA_derived_MOFA_contains_RNA								support	T2	evaluable
ESCC_AXIS_00151	STATE:Factor2	Factor2	multiomics_state	NFkB	RNA_derived_pathway_activity	TCGA_ECMS_adjusted_factor_PROGENy	delta R2 after ECMS categorical baseline	0.0617963145876178	partial R2	0.069883210004335	standardized factor beta after ECMS adjustment	-0.258038509687751	0.0219138178202723	0.085662261485637	78	TCGA-ESCC official repository-anchor 78 patients; standardized PROGENy ~ ECMS + standardized MOFA factor	TCGA_ESCC_DR45	TCGA_ESCC_ECMS_official78_shared_RNA	TRUE	FALSE	FALSE	ECMS_and_PROGENy_RNA_derived_MOFA_contains_RNA								support	T2	evaluable
ESCC_AXIS_00155	STATE:Factor2	Factor2	multiomics_state	TNFa	RNA_derived_pathway_activity	TCGA_ECMS_adjusted_factor_PROGENy	delta R2 after ECMS categorical baseline	0.0560934395779491	partial R2	0.0650219912025123	standardized factor beta after ECMS adjustment	-0.245843807178157	0.0272540654370355	0.0953892290296242	78	TCGA-ESCC official repository-anchor 78 patients; standardized PROGENy ~ ECMS + standardized MOFA factor	TCGA_ESCC_DR45	TCGA_ESCC_ECMS_official78_shared_RNA	TRUE	FALSE	FALSE	ECMS_and_PROGENy_RNA_derived_MOFA_contains_RNA								support	T2	evaluable
ESCC_AXIS_00125	STATE:Factor3	Factor3	multiomics_state	VEGF	RNA_derived_pathway_activity	TCGA_ECMS_adjusted_factor_PROGENy	delta R2 after ECMS categorical baseline	0.323075152882604	partial R2	0.455715850408997	standardized factor beta after ECMS adjustment	0.686187648791644	3.09324768812002e-11	1.73221870534721e-09	78	TCGA-ESCC official repository-anchor 78 patients; standardized PROGENy ~ ECMS + standardized MOFA factor	TCGA_ESCC_DR45	TCGA_ESCC_ECMS_official78_shared_RNA	TRUE	FALSE	FALSE	ECMS_and_PROGENy_RNA_derived_MOFA_contains_RNA								support	T2	evaluable
ESCC_AXIS_00127	STATE:Factor3	Factor3	multiomics_state	EGFR	RNA_derived_pathway_activity	TCGA_ECMS_adjusted_factor_PROGENy	delta R2 after ECMS categorical baseline	0.235018634217281	partial R2	0.337525227134821	standardized factor beta after ECMS adjustment	0.585251137388912	4.64086580917326e-08	1.29944242656851e-06	78	TCGA-ESCC official repository-anchor 78 patients; standardized PROGENy ~ ECMS + standardized MOFA factor	TCGA_ESCC_DR45	TCGA_ESCC_ECMS_official78_shared_RNA	TRUE	FALSE	FALSE	ECMS_and_PROGENy_RNA_derived_MOFA_contains_RNA								support	T2	evaluable
ESCC_AXIS_00129	STATE:Factor3	Factor3	multiomics_state	TGFb	RNA_derived_pathway_activity	TCGA_ECMS_adjusted_factor_PROGENy	delta R2 after ECMS categorical baseline	0.181922261824784	partial R2	0.257078626739089	standardized factor beta after ECMS adjustment	0.514913218409239	3.44964539462187e-06	6.43933806996082e-05	78	TCGA-ESCC official repository-anchor 78 patients; standardized PROGENy ~ ECMS + standardized MOFA factor	TCGA_ESCC_DR45	TCGA_ESCC_ECMS_official78_shared_RNA	TRUE	FALSE	FALSE	ECMS_and_PROGENy_RNA_derived_MOFA_contains_RNA								support	T2	evaluable
ESCC_AXIS_00130	STATE:Factor3	Factor3	multiomics_state	MAPK	RNA_derived_pathway_activity	TCGA_ECMS_adjusted_factor_PROGENy	delta R2 after ECMS categorical baseline	0.203612303946034	partial R2	0.253995190550851	standardized factor beta after ECMS adjustment	0.54474484156881	4.03475758703625e-06	6.455612139258e-05	78	TCGA-ESCC official repository-anchor 78 patients; standardized PROGENy ~ ECMS + standardized MOFA factor	TCGA_ESCC_DR45	TCGA_ESCC_ECMS_official78_shared_RNA	TRUE	FALSE	FALSE	ECMS_and_PROGENy_RNA_derived_MOFA_contains_RNA								support	T2	evaluable
ESCC_AXIS_00137	STATE:Factor3	Factor3	multiomics_state	Trail	RNA_derived_pathway_activity	TCGA_ECMS_adjusted_factor_PROGENy	delta R2 after ECMS categorical baseline	0.0990895646044338	partial R2	0.148003605043641	standardized factor beta after ECMS adjustment	-0.38001879578238	0.00065461236802086	0.00523689894416688	78	TCGA-ESCC official repository-anchor 78 patients; standardized PROGENy ~ ECMS + standardized MOFA factor	TCGA_ESCC_DR45	TCGA_ESCC_ECMS_official78_shared_RNA	TRUE	FALSE	FALSE	ECMS_and_PROGENy_RNA_derived_MOFA_contains_RNA								support	T2	evaluable
ESCC_AXIS_00141	STATE:Factor3	Factor3	multiomics_state	Hypoxia	RNA_derived_pathway_activity	TCGA_ECMS_adjusted_factor_PROGENy	delta R2 after ECMS categorical baseline	0.0818961447241572	partial R2	0.0999438004785718	standardized factor beta after ECMS adjustment	0.345479948524512	0.00572542020840347	0.033104562538087	78	TCGA-ESCC official repository-anchor 78 patients; standardized PROGENy ~ ECMS + standardized MOFA factor	TCGA_ESCC_DR45	TCGA_ESCC_ECMS_official78_shared_RNA	TRUE	FALSE	FALSE	ECMS_and_PROGENy_RNA_derived_MOFA_contains_RNA								support	T2	evaluable
ESCC_AXIS_00142	STATE:Factor3	Factor3	multiomics_state	PI3K	RNA_derived_pathway_activity	TCGA_ECMS_adjusted_factor_PROGENy	delta R2 after ECMS categorical baseline	0.0900128345881872	partial R2	0.0994057215987635	standardized factor beta after ECMS adjustment	0.362195738713796	0.00586468057916793	0.033104562538087	78	TCGA-ESCC official repository-anchor 78 patients; standardized PROGENy ~ ECMS + standardized MOFA factor	TCGA_ESCC_DR45	TCGA_ESCC_ECMS_official78_shared_RNA	TRUE	FALSE	FALSE	ECMS_and_PROGENy_RNA_derived_MOFA_contains_RNA								support	T2	evaluable
ESCC_AXIS_00145	STATE:Factor3	Factor3	multiomics_state	TNFa	RNA_derived_pathway_activity	TCGA_ECMS_adjusted_factor_PROGENy	delta R2 after ECMS categorical baseline	0.0794172514780401	partial R2	0.0920583202917511	standardized factor beta after ECMS adjustment	0.340211150543328	0.0081407237346605	0.0408873236638676	78	TCGA-ESCC official repository-anchor 78 patients; standardized PROGENy ~ ECMS + standardized MOFA factor	TCGA_ESCC_DR45	TCGA_ESCC_ECMS_official78_shared_RNA	TRUE	FALSE	FALSE	ECMS_and_PROGENy_RNA_derived_MOFA_contains_RNA								support	T2	evaluable
ESCC_AXIS_00148	STATE:Factor3	Factor3	multiomics_state	Androgen	RNA_derived_pathway_activity	TCGA_ECMS_adjusted_factor_PROGENy	delta R2 after ECMS categorical baseline	0.0840574807155666	partial R2	0.0865365196439261	standardized factor beta after ECMS adjustment	-0.350009072840512	0.0104143583082773	0.0466563252210825	78	TCGA-ESCC official repository-anchor 78 patients; standardized PROGENy ~ ECMS + standardized MOFA factor	TCGA_ESCC_DR45	TCGA_ESCC_ECMS_official78_shared_RNA	TRUE	FALSE	FALSE	ECMS_and_PROGENy_RNA_derived_MOFA_contains_RNA								support	T2	evaluable
ESCC_AXIS_00152	STATE:Factor3	Factor3	multiomics_state	NFkB	RNA_derived_pathway_activity	TCGA_ECMS_adjusted_factor_PROGENy	delta R2 after ECMS categorical baseline	0.0615576464421449	partial R2	0.0696133088582435	standardized factor beta after ECMS adjustment	0.299524340641083	0.0221804069918167	0.085662261485637	78	TCGA-ESCC official repository-anchor 78 patients; standardized PROGENy ~ ECMS + standardized MOFA factor	TCGA_ESCC_DR45	TCGA_ESCC_ECMS_official78_shared_RNA	TRUE	FALSE	FALSE	ECMS_and_PROGENy_RNA_derived_MOFA_contains_RNA								support	T2	evaluable
ESCC_AXIS_00117	STATE:Factor3	ECMS1-4 locked expression benchmark	external_expression_classifier_state	Factor3	multiomics_state	TCGA_ECMS_factor_explanatory					eta_squared categorical separation	0.313852057620482	3.5378462872234e-06	1.41513851488936e-05	78	TCGA-ESCC official repository-anchor 78 patients; ECMS and MOFA share TCGA RNA representation	TCGA_ESCC_DR45	TCGA_ESCC_ECMS_official78_shared_RNA	TRUE	FALSE	FALSE	ECMS_RNA_derived_and_MOFA_contains_RNA								support	T2	evaluable
ESCC_AXIS_00126	STATE:Factor5	Factor5	multiomics_state	VEGF	RNA_derived_pathway_activity	TCGA_ECMS_adjusted_factor_PROGENy	delta R2 after ECMS categorical baseline	0.244878144569482	partial R2	0.345414529416345	standardized factor beta after ECMS adjustment	0.537013605244749	2.96498945084364e-08	1.10692939498163e-06	78	TCGA-ESCC official repository-anchor 78 patients; standardized PROGENy ~ ECMS + standardized MOFA factor	TCGA_ESCC_DR45	TCGA_ESCC_ECMS_official78_shared_RNA	TRUE	FALSE	FALSE	ECMS_and_PROGENy_RNA_derived_MOFA_contains_RNA								support	T2	evaluable
ESCC_AXIS_00128	STATE:Factor5	Factor5	multiomics_state	MAPK	RNA_derived_pathway_activity	TCGA_ECMS_adjusted_factor_PROGENy	delta R2 after ECMS categorical baseline	0.218215044309215	partial R2	0.272211308875871	standardized factor beta after ECMS adjustment	0.506935400438108	1.58564307109107e-06	3.55184047924399e-05	78	TCGA-ESCC official repository-anchor 78 patients; standardized PROGENy ~ ECMS + standardized MOFA factor	TCGA_ESCC_DR45	TCGA_ESCC_ECMS_official78_shared_RNA	TRUE	FALSE	FALSE	ECMS_and_PROGENy_RNA_derived_MOFA_contains_RNA								support	T2	evaluable
ESCC_AXIS_00131	STATE:Factor5	Factor5	multiomics_state	PI3K	RNA_derived_pathway_activity	TCGA_ECMS_adjusted_factor_PROGENy	delta R2 after ECMS categorical baseline	0.199489443212573	partial R2	0.220306272373338	standardized factor beta after ECMS adjustment	0.484696891863063	2.1575253950894e-05	0.000302053555312516	78	TCGA-ESCC official repository-anchor 78 patients; standardized PROGENy ~ ECMS + standardized MOFA factor	TCGA_ESCC_DR45	TCGA_ESCC_ECMS_official78_shared_RNA	TRUE	FALSE	FALSE	ECMS_and_PROGENy_RNA_derived_MOFA_contains_RNA								support	T2	evaluable
ESCC_AXIS_00132	STATE:Factor5	Factor5	multiomics_state	EGFR	RNA_derived_pathway_activity	TCGA_ECMS_adjusted_factor_PROGENy	delta R2 after ECMS categorical baseline	0.147714834650261	partial R2	0.212142680866817	standardized factor beta after ECMS adjustment	0.41708284956938	3.20946538324268e-05	0.000399400136581312	78	TCGA-ESCC official repository-anchor 78 patients; standardized PROGENy ~ ECMS + standardized MOFA factor	TCGA_ESCC_DR45	TCGA_ESCC_ECMS_official78_shared_RNA	TRUE	FALSE	FALSE	ECMS_and_PROGENy_RNA_derived_MOFA_contains_RNA								support	T2	evaluable
ESCC_AXIS_00136	STATE:Factor5	Factor5	multiomics_state	Androgen	RNA_derived_pathway_activity	TCGA_ECMS_adjusted_factor_PROGENy	delta R2 after ECMS categorical baseline	0.156874174637905	partial R2	0.161500737110049	standardized factor beta after ECMS adjustment	-0.429819389177362	0.000351872760788873	0.00303151916987337	78	TCGA-ESCC official repository-anchor 78 patients; standardized PROGENy ~ ECMS + standardized MOFA factor	TCGA_ESCC_DR45	TCGA_ESCC_ECMS_official78_shared_RNA	TRUE	FALSE	FALSE	ECMS_and_PROGENy_RNA_derived_MOFA_contains_RNA								support	T2	evaluable
ESCC_AXIS_00138	STATE:Factor5	Factor5	multiomics_state	Trail	RNA_derived_pathway_activity	TCGA_ECMS_adjusted_factor_PROGENy	delta R2 after ECMS categorical baseline	0.0978827304713992	partial R2	0.14620103579135	standardized factor beta after ECMS adjustment	-0.339518398388225	0.000710862715339493	0.00530777494120154	78	TCGA-ESCC official repository-anchor 78 patients; standardized PROGENy ~ ECMS + standardized MOFA factor	TCGA_ESCC_DR45	TCGA_ESCC_ECMS_official78_shared_RNA	TRUE	FALSE	FALSE	ECMS_and_PROGENy_RNA_derived_MOFA_contains_RNA								support	T2	evaluable
ESCC_AXIS_00140	STATE:Factor5	Factor5	multiomics_state	TGFb	RNA_derived_pathway_activity	TCGA_ECMS_adjusted_factor_PROGENy	delta R2 after ECMS categorical baseline	0.0787897658958752	partial R2	0.111339671211402	standardized factor beta after ECMS adjustment	-0.304610718309662	0.00343875209286608	0.0226553079059413	78	TCGA-ESCC official repository-anchor 78 patients; standardized PROGENy ~ ECMS + standardized MOFA factor	TCGA_ESCC_DR45	TCGA_ESCC_ECMS_official78_shared_RNA	TRUE	FALSE	FALSE	ECMS_and_PROGENy_RNA_derived_MOFA_contains_RNA								support	T2	evaluable
ESCC_AXIS_00119	STATE:Factor5	ECMS1-4 locked expression benchmark	external_expression_classifier_state	Factor5	multiomics_state	TCGA_ECMS_factor_explanatory					eta_squared categorical separation	0.150859708406731	0.00678665601052496	0.0135733120210499	78	TCGA-ESCC official repository-anchor 78 patients; ECMS and MOFA share TCGA RNA representation	TCGA_ESCC_DR45	TCGA_ESCC_ECMS_official78_shared_RNA	TRUE	FALSE	FALSE	ECMS_RNA_derived_and_MOFA_contains_RNA								support	T2	evaluable
ESCC_AXIS_00124	STATE:Factor6	Factor6	multiomics_state	p53	RNA_derived_pathway_activity	TCGA_ECMS_adjusted_factor_PROGENy	delta R2 after ECMS categorical baseline	0.446581734436788	partial R2	0.52692174690637	standardized factor beta after ECMS adjustment	-0.837394942190716	1.72948299161647e-13	1.93702095061044e-11	78	TCGA-ESCC official repository-anchor 78 patients; standardized PROGENy ~ ECMS + standardized MOFA factor	TCGA_ESCC_DR45	TCGA_ESCC_ECMS_official78_shared_RNA	TRUE	FALSE	FALSE	ECMS_and_PROGENy_RNA_derived_MOFA_contains_RNA								support	T2	evaluable
ESCC_AXIS_00133	STATE:Factor6	Factor6	multiomics_state	Estrogen	RNA_derived_pathway_activity	TCGA_ECMS_adjusted_factor_PROGENy	delta R2 after ECMS categorical baseline	0.193000655927041	partial R2	0.203700806761916	standardized factor beta after ECMS adjustment	0.550502439570024	4.82253887693013e-05	0.000540124354216174	78	TCGA-ESCC official repository-anchor 78 patients; standardized PROGENy ~ ECMS + standardized MOFA factor	TCGA_ESCC_DR45	TCGA_ESCC_ECMS_official78_shared_RNA	TRUE	FALSE	FALSE	ECMS_and_PROGENy_RNA_derived_MOFA_contains_RNA								support	T2	evaluable
ESCC_AXIS_00134	STATE:Factor6	Factor6	multiomics_state	Androgen	RNA_derived_pathway_activity	TCGA_ECMS_adjusted_factor_PROGENy	delta R2 after ECMS categorical baseline	0.179789864512239	partial R2	0.185092260792215	standardized factor beta after ECMS adjustment	-0.531327700197008	0.000116938535427387	0.00119064690616976	78	TCGA-ESCC official repository-anchor 78 patients; standardized PROGENy ~ ECMS + standardized MOFA factor	TCGA_ESCC_DR45	TCGA_ESCC_ECMS_official78_shared_RNA	TRUE	FALSE	FALSE	ECMS_and_PROGENy_RNA_derived_MOFA_contains_RNA								support	T2	evaluable
ESCC_AXIS_00156	STATE:Factor6	Factor6	multiomics_state	WNT	RNA_derived_pathway_activity	TCGA_ECMS_adjusted_factor_PROGENy	delta R2 after ECMS categorical baseline	0.0511083231191288	partial R2	0.0640685752027926	standardized factor beta after ECMS adjustment	0.283286364708808	0.0284474443834129	0.096548902149765	78	TCGA-ESCC official repository-anchor 78 patients; standardized PROGENy ~ ECMS + standardized MOFA factor	TCGA_ESCC_DR45	TCGA_ESCC_ECMS_official78_shared_RNA	TRUE	FALSE	FALSE	ECMS_and_PROGENy_RNA_derived_MOFA_contains_RNA								support	T2	evaluable
ESCC_AXIS_00116	STATE:Factor6	ECMS1-4 locked expression benchmark	external_expression_classifier_state	Factor6	multiomics_state	TCGA_ECMS_factor_explanatory					eta_squared categorical separation	0.363145401288823	2.39965986055434e-07	1.91972788844347e-06	78	TCGA-ESCC official repository-anchor 78 patients; ECMS and MOFA share TCGA RNA representation	TCGA_ESCC_DR45	TCGA_ESCC_ECMS_official78_shared_RNA	TRUE	FALSE	FALSE	ECMS_RNA_derived_and_MOFA_contains_RNA								support	T2	evaluable
ESCC_AXIS_00146	STATE:Factor7	Factor7	multiomics_state	VEGF	RNA_derived_pathway_activity	TCGA_ECMS_adjusted_factor_PROGENy	delta R2 after ECMS categorical baseline	0.0645106639217182	partial R2	0.0909959549882728	standardized factor beta after ECMS adjustment	0.258024057502447	0.00853581602878116	0.0408873236638676	78	TCGA-ESCC official repository-anchor 78 patients; standardized PROGENy ~ ECMS + standardized MOFA factor	TCGA_ESCC_DR45	TCGA_ESCC_ECMS_official78_shared_RNA	TRUE	FALSE	FALSE	ECMS_and_PROGENy_RNA_derived_MOFA_contains_RNA								support	T2	evaluable
ESCC_AXIS_00150	STATE:Factor7	Factor7	multiomics_state	p53	RNA_derived_pathway_activity	TCGA_ECMS_adjusted_factor_PROGENy	delta R2 after ECMS categorical baseline	0.0619230487688059	partial R2	0.0730629994802128	standardized factor beta after ECMS adjustment	0.252796239868971	0.0190064485270659	0.0788415642604214	78	TCGA-ESCC official repository-anchor 78 patients; standardized PROGENy ~ ECMS + standardized MOFA factor	TCGA_ESCC_DR45	TCGA_ESCC_ECMS_official78_shared_RNA	TRUE	FALSE	FALSE	ECMS_and_PROGENy_RNA_derived_MOFA_contains_RNA								support	T2	evaluable
ESCC_AXIS_00153	STATE:Factor7	Factor7	multiomics_state	JAK-STAT	RNA_derived_pathway_activity	TCGA_ECMS_adjusted_factor_PROGENy	delta R2 after ECMS categorical baseline	0.0604572501849435	partial R2	0.0666395545575055	standardized factor beta after ECMS adjustment	0.2497863141496	0.025344474705235	0.0929463363753134	78	TCGA-ESCC official repository-anchor 78 patients; standardized PROGENy ~ ECMS + standardized MOFA factor	TCGA_ESCC_DR45	TCGA_ESCC_ECMS_official78_shared_RNA	TRUE	FALSE	FALSE	ECMS_and_PROGENy_RNA_derived_MOFA_contains_RNA								support	T2	evaluable
ESCC_AXIS_00018	GENE:EP300	EP300:promoter_methylation	epigenome_WGBS	EP300:RNA	transcriptome	Cao2020_promoter_RNA	median paired delta_beta tumor_minus_normal	0	limma logFC tumor_minus_normal pc1	-0.0137395861439371	same-patient Spearman rho				9	Cao 2020; WGBS 9 pairs and RNA 10 pairs; overlapping patients only for correlation	Cao2020_GSE149608_GSE149609	Cao2020_same_patient_cross_layer	TRUE	TRUE	FALSE	independent_cohort_orthogonal_calibration_not_exact_driver_event_replication								same_direction_nonsignificant	T1	evaluable
ESCC_AXIS_00020	GENE:FBXW7	FBXW7:promoter_methylation	epigenome_WGBS	FBXW7:RNA	transcriptome	Cao2020_promoter_RNA	median paired delta_beta tumor_minus_normal	0	limma logFC tumor_minus_normal pc1	-0.338505278536454	same-patient Spearman rho	-0.273861278752583	0.475797238518024		9	Cao 2020; WGBS 9 pairs and RNA 10 pairs; overlapping patients only for correlation	Cao2020_GSE149608_GSE149609	Cao2020_same_patient_cross_layer	TRUE	TRUE	FALSE	independent_cohort_orthogonal_calibration_not_exact_driver_event_replication								same_direction_nonsignificant	T1	evaluable
ESCC_AXIS_00013	GENE:KMT2D	KMT2D:promoter_methylation	epigenome_WGBS	KMT2D:RNA	transcriptome	Cao2020_promoter_RNA	median paired delta_beta tumor_minus_normal	0	limma logFC tumor_minus_normal pc1	-0.0481601148854993	same-patient Spearman rho				9	Cao 2020; WGBS 9 pairs and RNA 10 pairs; overlapping patients only for correlation	Cao2020_GSE149608_GSE149609	Cao2020_same_patient_cross_layer	TRUE	TRUE	FALSE	independent_cohort_orthogonal_calibration_not_exact_driver_event_replication								same_direction_nonsignificant	T1	evaluable
ESCC_AXIS_00086	GENE:KMT2D	KMT2D:mutation	genome_mutation	VEGF	RNA_derived_pathway_activity	TCGA_driver_state_internal					rank-biserial correlation: event minus reference	0.290064102564103	0.0693813476972767	0.68017875724909		TCGA-ESCC five-layer core; same patients and partially shared model inputs	TCGA_ESCC_DR45	TCGA_ESCC_DR45_driver_state_shared_patients	TRUE	FALSE	FALSE	same_patient_rna_derived_target	TCGA_DRIVER_STATE_0007							same_direction_nonsignificant	T1	evaluable
ESCC_AXIS_00087	GENE:KMT2D	KMT2D:mutation	genome_mutation	TGFb	RNA_derived_pathway_activity	TCGA_driver_state_internal					rank-biserial correlation: event minus reference	-0.290064102564103	0.0693813476972767	0.68017875724909		TCGA-ESCC five-layer core; same patients and partially shared model inputs	TCGA_ESCC_DR45	TCGA_ESCC_DR45_driver_state_shared_patients	TRUE	FALSE	FALSE	same_patient_rna_derived_target	TCGA_DRIVER_STATE_0005							same_direction_nonsignificant	T1	evaluable
ESCC_AXIS_00089	GENE:KMT2D	KMT2D:mutation	genome_mutation	Estrogen	RNA_derived_pathway_activity	TCGA_driver_state_internal					rank-biserial correlation: event minus reference	-0.278846153846154	0.0808970660316116	0.68017875724909		TCGA-ESCC five-layer core; same patients and partially shared model inputs	TCGA_ESCC_DR45	TCGA_ESCC_DR45_driver_state_shared_patients	TRUE	FALSE	FALSE	same_patient_rna_derived_target	TCGA_DRIVER_STATE_0004							same_direction_nonsignificant	T1	evaluable
ESCC_AXIS_00022	GENE:NFE2L2	NFE2L2:promoter_methylation	epigenome_WGBS	NFE2L2:RNA	transcriptome	Cao2020_promoter_RNA	median paired delta_beta tumor_minus_normal	0	limma logFC tumor_minus_normal pc1	-0.0809673182949775	same-patient Spearman rho				9	Cao 2020; WGBS 9 pairs and RNA 10 pairs; overlapping patients only for correlation	Cao2020_GSE149608_GSE149609	Cao2020_same_patient_cross_layer	TRUE	TRUE	FALSE	independent_cohort_orthogonal_calibration_not_exact_driver_event_replication								same_direction_nonsignificant	T1	evaluable
ESCC_AXIS_00014	GENE:NOTCH1	NOTCH1:promoter_methylation	epigenome_WGBS	NOTCH1:RNA	transcriptome	Cao2020_promoter_RNA	median paired delta_beta tumor_minus_normal	0	limma logFC tumor_minus_normal pc1	0.262009824105452	same-patient Spearman rho				9	Cao 2020; WGBS 9 pairs and RNA 10 pairs; overlapping patients only for correlation	Cao2020_GSE149608_GSE149609	Cao2020_same_patient_cross_layer	TRUE	TRUE	FALSE	independent_cohort_orthogonal_calibration_not_exact_driver_event_replication								same_direction_nonsignificant	T1	evaluable
ESCC_AXIS_00041	GENE:NOTCH1	NOTCH1:mutation	genome_mutation	Factor7	multiomics_state	TCGA_driver_state_internal					rank-biserial correlation: event minus reference	-0.289648622981956	0.0959556051310382	0.383822420524153		TCGA-ESCC five-layer core; same patients and partially shared model inputs	TCGA_ESCC_DR45	TCGA_ESCC_DR45_driver_state_shared_patients	TRUE	FALSE	FALSE	predictor_feature_in_mofa_input	TCGA_DRIVER_STATE_0010	FALSE	1	1	1	1	0	same_direction_nonsignificant	T1	evaluable
ESCC_AXIS_00091	GENE:NOTCH1	NOTCH1:mutation	genome_mutation	TGFb	RNA_derived_pathway_activity	TCGA_driver_state_internal					rank-biserial correlation: event minus reference	0.295346628679962	0.0895751870315973	0.68017875724909		TCGA-ESCC five-layer core; same patients and partially shared model inputs	TCGA_ESCC_DR45	TCGA_ESCC_DR45_driver_state_shared_patients	TRUE	FALSE	FALSE	same_patient_rna_derived_target	TCGA_DRIVER_STATE_0013							same_direction_nonsignificant	T1	evaluable
ESCC_AXIS_00016	GENE:NOTCH3	NOTCH3:promoter_methylation	epigenome_WGBS	NOTCH3:RNA	transcriptome	Cao2020_promoter_RNA	median paired delta_beta tumor_minus_normal	-0.00416649999999997	limma logFC tumor_minus_normal pc1	0.505648036124808	same-patient Spearman rho	-0.254273813857804	0.509101514754861		9	Cao 2020; WGBS 9 pairs and RNA 10 pairs; overlapping patients only for correlation	Cao2020_GSE149608_GSE149609	Cao2020_same_patient_cross_layer	TRUE	TRUE	FALSE	independent_cohort_orthogonal_calibration_not_exact_driver_event_replication								same_direction_nonsignificant	T1	evaluable
ESCC_AXIS_00021	GENE:PIK3CA	PIK3CA:promoter_methylation	epigenome_WGBS	PIK3CA:RNA	transcriptome	Cao2020_promoter_RNA	median paired delta_beta tumor_minus_normal	0	limma logFC tumor_minus_normal pc1	0.601007684063865	same-patient Spearman rho				9	Cao 2020; WGBS 9 pairs and RNA 10 pairs; overlapping patients only for correlation	Cao2020_GSE149608_GSE149609	Cao2020_same_patient_cross_layer	TRUE	TRUE	FALSE	independent_cohort_orthogonal_calibration_not_exact_driver_event_replication								same_direction_nonsignificant	T1	evaluable
ESCC_AXIS_00039	GENE:PIK3CA	PIK3CA:mutation	genome_mutation	Factor6	multiomics_state	TCGA_driver_state_internal					rank-biserial correlation: event minus reference	-0.325301204819277	0.0817142358660419	0.367714061397188		TCGA-ESCC five-layer core; same patients and partially shared model inputs	TCGA_ESCC_DR45	TCGA_ESCC_DR45_driver_state_shared_patients	TRUE	FALSE	FALSE	predictor_feature_in_mofa_input	TCGA_DRIVER_STATE_0048	FALSE	1	1	1	1	0	same_direction_nonsignificant	T1	evaluable
ESCC_AXIS_00083	GENE:PIK3CA	PIK3CA:amplification	genome_CNV	EGFR	RNA_derived_pathway_activity	TCGA_driver_state_internal					rank-biserial correlation: event minus reference	-0.201814058956916	0.0929059806727134	0.371623922690854		TCGA-ESCC five-layer core; same patients and partially shared model inputs	TCGA_ESCC_DR45	TCGA_ESCC_DR45_driver_state_shared_patients	TRUE	FALSE	FALSE	same_patient_rna_derived_target	TCGA_DRIVER_STATE_0051							same_direction_nonsignificant	T1	evaluable
ESCC_AXIS_00017	GENE:PTCH1	PTCH1:promoter_methylation	epigenome_WGBS	PTCH1:RNA	transcriptome	Cao2020_promoter_RNA	median paired delta_beta tumor_minus_normal	0	limma logFC tumor_minus_normal pc1	-0.375415288024046	same-patient Spearman rho	0.0261116483933547	0.946836001412091		9	Cao 2020; WGBS 9 pairs and RNA 10 pairs; overlapping patients only for correlation	Cao2020_GSE149608_GSE149609	Cao2020_same_patient_cross_layer	TRUE	TRUE	FALSE	independent_cohort_orthogonal_calibration_not_exact_driver_event_replication								same_direction_nonsignificant	T1	evaluable
ESCC_AXIS_00005	GENE:PTCH1	PTCH1:CNV	genome_CNV	PTCH1:RNA	transcriptome	TCGA_CNV_RNA_dosage	relative_log2_CNV_IQR	0.434946733683455	not_separate_from_association		Spearman rho	0.296160907472603	0.00356738772658747	0.00738036070939353		TCGA-ESCC driver core; same-patient CNV and RNA	TCGA_ESCC_DR45	TCGA_ESCC_DR45_driver_core_95	TRUE	FALSE	FALSE	direct_same_patient_CNV_RNA_no_external_replication								same_direction_nonsignificant	T1	evaluable
ESCC_AXIS_00037	GENE:PTCH1	PTCH1:relative_cnv	genome_CNV	Factor3	multiomics_state	TCGA_driver_state_internal					Spearman rho	0.201646363246005	0.0513019306666409	0.289705020235148		TCGA-ESCC five-layer core; same patients and partially shared model inputs	TCGA_ESCC_DR45	TCGA_ESCC_DR45_driver_state_shared_patients	TRUE	FALSE	FALSE	predictor_layer_in_mofa_input	TCGA_DRIVER_STATE_0019	FALSE	1	1	1	1	0	same_direction_nonsignificant	T1	evaluable
ESCC_AXIS_00078	GENE:PTCH1	PTCH1:amplification	genome_CNV	NFkB	RNA_derived_pathway_activity	TCGA_driver_state_internal					rank-biserial correlation: event minus reference	0.473484848484848	0.054145954434953	0.322729860638368		TCGA-ESCC five-layer core; same patients and partially shared model inputs	TCGA_ESCC_DR45	TCGA_ESCC_DR45_driver_state_shared_patients	TRUE	FALSE	FALSE	same_patient_rna_derived_target	TCGA_DRIVER_STATE_0031							same_direction_nonsignificant	T1	evaluable
ESCC_AXIS_00079	GENE:PTCH1	PTCH1:amplification	genome_CNV	MAPK	RNA_derived_pathway_activity	TCGA_driver_state_internal					rank-biserial correlation: event minus reference	0.462121212121212	0.0602082522639389	0.322729860638368		TCGA-ESCC five-layer core; same patients and partially shared model inputs	TCGA_ESCC_DR45	TCGA_ESCC_DR45_driver_state_shared_patients	TRUE	FALSE	FALSE	same_patient_rna_derived_target	TCGA_DRIVER_STATE_0030							same_direction_nonsignificant	T1	evaluable
ESCC_AXIS_00080	GENE:PTCH1	PTCH1:amplification	genome_CNV	EGFR	RNA_derived_pathway_activity	TCGA_driver_state_internal					rank-biserial correlation: event minus reference	0.454545454545455	0.0645544633944768	0.322729860638368		TCGA-ESCC five-layer core; same patients and partially shared model inputs	TCGA_ESCC_DR45	TCGA_ESCC_DR45_driver_state_shared_patients	TRUE	FALSE	FALSE	same_patient_rna_derived_target	TCGA_DRIVER_STATE_0025							same_direction_nonsignificant	T1	evaluable
ESCC_AXIS_00081	GENE:PTCH1	PTCH1:amplification	genome_CNV	Estrogen	RNA_derived_pathway_activity	TCGA_driver_state_internal					rank-biserial correlation: event minus reference	0.446969696969697	0.0691563987082218	0.322729860638368		TCGA-ESCC five-layer core; same patients and partially shared model inputs	TCGA_ESCC_DR45	TCGA_ESCC_DR45_driver_state_shared_patients	TRUE	FALSE	FALSE	same_patient_rna_derived_target	TCGA_DRIVER_STATE_0027							same_direction_nonsignificant	T1	evaluable
ESCC_AXIS_00082	GENE:PTCH1	PTCH1:amplification	genome_CNV	TNFa	RNA_derived_pathway_activity	TCGA_driver_state_internal					rank-biserial correlation: event minus reference	0.420454545454545	0.0874275714497337	0.371623922690854		TCGA-ESCC five-layer core; same patients and partially shared model inputs	TCGA_ESCC_DR45	TCGA_ESCC_DR45_driver_state_shared_patients	TRUE	FALSE	FALSE	same_patient_rna_derived_target	TCGA_DRIVER_STATE_0033							same_direction_nonsignificant	T1	evaluable
ESCC_AXIS_00042	GENE:PTCH1	PTCH1:amplification	genome_CNV	Factor5	multiomics_state	TCGA_driver_state_internal					rank-biserial correlation: event minus reference	0.439393939393939	0.0740244443366027	0.394797036461881		TCGA-ESCC five-layer core; same patients and partially shared model inputs	TCGA_ESCC_DR45	TCGA_ESCC_DR45_driver_state_shared_patients	TRUE	FALSE	FALSE	predictor_layer_in_mofa_input	TCGA_DRIVER_STATE_0020	FALSE	1	1	1	1	0	same_direction_nonsignificant	T1	evaluable
ESCC_AXIS_00024	GENE:SMARCA4	SMARCA4:promoter_methylation	epigenome_WGBS	SMARCA4:RNA	transcriptome	Cao2020_promoter_RNA	median paired delta_beta tumor_minus_normal	0	limma logFC tumor_minus_normal pc1	0.136411402277065	same-patient Spearman rho	-0.174077655955698	0.654205490831325		9	Cao 2020; WGBS 9 pairs and RNA 10 pairs; overlapping patients only for correlation	Cao2020_GSE149608_GSE149609	Cao2020_same_patient_cross_layer	TRUE	TRUE	FALSE	independent_cohort_orthogonal_calibration_not_exact_driver_event_replication								same_direction_nonsignificant	T1	evaluable
ESCC_AXIS_00038	GENE:SMARCA4	SMARCA4:mutation	genome_mutation	Factor7	multiomics_state	TCGA_driver_state_internal					rank-biserial correlation: event minus reference	0.428571428571429	0.0611722111413373	0.293626613478419		TCGA-ESCC five-layer core; same patients and partially shared model inputs	TCGA_ESCC_DR45	TCGA_ESCC_DR45_driver_state_shared_patients	TRUE	FALSE	FALSE	predictor_feature_in_mofa_input	TCGA_DRIVER_STATE_0072	FALSE	1	1	1	1	0	same_direction_nonsignificant	T1	evaluable
ESCC_AXIS_00040	GENE:SMARCA4	SMARCA4:mutation	genome_mutation	Factor2	multiomics_state	TCGA_driver_state_internal					rank-biserial correlation: event minus reference	0.382594417077176	0.0947963892595824	0.383822420524153		TCGA-ESCC five-layer core; same patients and partially shared model inputs	TCGA_ESCC_DR45	TCGA_ESCC_DR45_driver_state_shared_patients	TRUE	FALSE	FALSE	predictor_feature_in_mofa_input	TCGA_DRIVER_STATE_0069	FALSE	1	1	1	1	0	same_direction_nonsignificant	T1	evaluable
ESCC_AXIS_00084	GENE:SMARCA4	SMARCA4:mutation	genome_mutation	PI3K	RNA_derived_pathway_activity	TCGA_driver_state_internal					rank-biserial correlation: event minus reference	0.448275862068966	0.0501526029134356	0.68017875724909		TCGA-ESCC five-layer core; same patients and partially shared model inputs	TCGA_ESCC_DR45	TCGA_ESCC_DR45_driver_state_shared_patients	TRUE	FALSE	FALSE	same_patient_rna_derived_target	TCGA_DRIVER_STATE_0077							same_direction_nonsignificant	T1	evaluable
ESCC_AXIS_00085	GENE:SMARCA4	SMARCA4:mutation	genome_mutation	MAPK	RNA_derived_pathway_activity	TCGA_driver_state_internal					rank-biserial correlation: event minus reference	0.425287356321839	0.0631907817438302	0.68017875724909		TCGA-ESCC five-layer core; same patients and partially shared model inputs	TCGA_ESCC_DR45	TCGA_ESCC_DR45_driver_state_shared_patients	TRUE	FALSE	FALSE	same_patient_rna_derived_target	TCGA_DRIVER_STATE_0076							same_direction_nonsignificant	T1	evaluable
ESCC_AXIS_00090	GENE:SMARCA4	SMARCA4:mutation	genome_mutation	Estrogen	RNA_derived_pathway_activity	TCGA_driver_state_internal					rank-biserial correlation: event minus reference	-0.389162561576355	0.0892390032723827	0.68017875724909		TCGA-ESCC five-layer core; same patients and partially shared model inputs	TCGA_ESCC_DR45	TCGA_ESCC_DR45_driver_state_shared_patients	TRUE	FALSE	FALSE	same_patient_rna_derived_target	TCGA_DRIVER_STATE_0075							same_direction_nonsignificant	T1	evaluable
ESCC_AXIS_00023	GENE:TP53	TP53:promoter_methylation	epigenome_WGBS	TP53:RNA	transcriptome	Cao2020_promoter_RNA	median paired delta_beta tumor_minus_normal	0	limma logFC tumor_minus_normal pc1	0.249581407852044	same-patient Spearman rho				9	Cao 2020; WGBS 9 pairs and RNA 10 pairs; overlapping patients only for correlation	Cao2020_GSE149608_GSE149609	Cao2020_same_patient_cross_layer	TRUE	TRUE	FALSE	independent_cohort_orthogonal_calibration_not_exact_driver_event_replication								same_direction_nonsignificant	T1	evaluable
ESCC_AXIS_00011	GENE:TP53	TP53:CNV	genome_CNV	TP53:RNA	transcriptome	TCGA_CNV_RNA_dosage	relative_log2_CNV_IQR	0.310619927140868	not_separate_from_association		Spearman rho	0.166772654964734	0.106242677279114	0.153058006731083		TCGA-ESCC driver core; same-patient CNV and RNA	TCGA_ESCC_DR45	TCGA_ESCC_DR45_driver_core_95	TRUE	FALSE	FALSE	direct_same_patient_CNV_RNA_no_external_replication								same_direction_nonsignificant	T1	evaluable
ESCC_AXIS_00088	GENE:TP53	TP53:mutation	genome_mutation	VEGF	RNA_derived_pathway_activity	TCGA_driver_state_internal					rank-biserial correlation: event minus reference	-0.345238095238095	0.0763990905368145	0.68017875724909		TCGA-ESCC five-layer core; same patients and partially shared model inputs	TCGA_ESCC_DR45	TCGA_ESCC_DR45_driver_state_shared_patients	TRUE	FALSE	FALSE	same_patient_rna_derived_target	TCGA_DRIVER_STATE_0066							same_direction_nonsignificant	T1	evaluable
ESCC_AXIS_00092	GENE:TP53	TP53:mutation	genome_mutation	WNT	RNA_derived_pathway_activity	TCGA_driver_state_internal					rank-biserial correlation: event minus reference	0.328571428571429	0.0917701497875756	0.68017875724909		TCGA-ESCC five-layer core; same patients and partially shared model inputs	TCGA_ESCC_DR45	TCGA_ESCC_DR45_driver_state_shared_patients	TRUE	FALSE	FALSE	same_patient_rna_derived_target	TCGA_DRIVER_STATE_0067							same_direction_nonsignificant	T1	evaluable
ESCC_AXIS_00157	STATE:Factor1	Factor1	multiomics_state	JAK-STAT	RNA_derived_pathway_activity	TCGA_ECMS_adjusted_factor_PROGENy	delta R2 after ECMS categorical baseline	0.0560447220904801	partial R2	0.0617758052836302	standardized factor beta after ECMS adjustment	-0.280699786850486	0.0315397788385488	0.103895742056396	78	TCGA-ESCC official repository-anchor 78 patients; standardized PROGENy ~ ECMS + standardized MOFA factor	TCGA_ESCC_DR45	TCGA_ESCC_ECMS_official78_shared_RNA	TRUE	FALSE	FALSE	ECMS_and_PROGENy_RNA_derived_MOFA_contains_RNA								same_direction_nonsignificant	T1	evaluable
ESCC_AXIS_00167	STATE:Factor1	Factor1	multiomics_state	EGFR	RNA_derived_pathway_activity	TCGA_ECMS_adjusted_factor_PROGENy	delta R2 after ECMS categorical baseline	0.0230434845540597	partial R2	0.0330942156309869	standardized factor beta after ECMS adjustment	-0.1799901748959	0.118273504424641	0.30092809671291	78	TCGA-ESCC official repository-anchor 78 patients; standardized PROGENy ~ ECMS + standardized MOFA factor	TCGA_ESCC_DR45	TCGA_ESCC_ECMS_official78_shared_RNA	TRUE	FALSE	FALSE	ECMS_and_PROGENy_RNA_derived_MOFA_contains_RNA								same_direction_nonsignificant	T1	evaluable
ESCC_AXIS_00175	STATE:Factor1	Factor1	multiomics_state	VEGF	RNA_derived_pathway_activity	TCGA_ECMS_adjusted_factor_PROGENy	delta R2 after ECMS categorical baseline	0.017891952734142	partial R2	0.0252376154060968	standardized factor beta after ECMS adjustment	-0.158600150090714	0.173402002699436	0.373481236583401	78	TCGA-ESCC official repository-anchor 78 patients; standardized PROGENy ~ ECMS + standardized MOFA factor	TCGA_ESCC_DR45	TCGA_ESCC_ECMS_official78_shared_RNA	TRUE	FALSE	FALSE	ECMS_and_PROGENy_RNA_derived_MOFA_contains_RNA								same_direction_nonsignificant	T1	evaluable
ESCC_AXIS_00177	STATE:Factor1	Factor1	multiomics_state	PI3K	RNA_derived_pathway_activity	TCGA_ECMS_adjusted_factor_PROGENy	delta R2 after ECMS categorical baseline	0.0196495754198745	partial R2	0.0217000190323779	standardized factor beta after ECMS adjustment	-0.166207764494242	0.20723613606669	0.429823097027208	78	TCGA-ESCC official repository-anchor 78 patients; standardized PROGENy ~ ECMS + standardized MOFA factor	TCGA_ESCC_DR45	TCGA_ESCC_ECMS_official78_shared_RNA	TRUE	FALSE	FALSE	ECMS_and_PROGENy_RNA_derived_MOFA_contains_RNA								same_direction_nonsignificant	T1	evaluable
ESCC_AXIS_00182	STATE:Factor1	Factor1	multiomics_state	Androgen	RNA_derived_pathway_activity	TCGA_ECMS_adjusted_factor_PROGENy	delta R2 after ECMS categorical baseline	0.0164792552796982	partial R2	0.0169652645557433	standardized factor beta after ECMS adjustment	0.152210114827138	0.265359999196631	0.488437417044609	78	TCGA-ESCC official repository-anchor 78 patients; standardized PROGENy ~ ECMS + standardized MOFA factor	TCGA_ESCC_DR45	TCGA_ESCC_ECMS_official78_shared_RNA	TRUE	FALSE	FALSE	ECMS_and_PROGENy_RNA_derived_MOFA_contains_RNA								same_direction_nonsignificant	T1	evaluable
ESCC_AXIS_00183	STATE:Factor1	Factor1	multiomics_state	Trail	RNA_derived_pathway_activity	TCGA_ECMS_adjusted_factor_PROGENy	delta R2 after ECMS categorical baseline	0.0113261595348449	partial R2	0.0169171440922998	standardized factor beta after ECMS adjustment	0.126187419771557	0.266044721000222	0.488437417044609	78	TCGA-ESCC official repository-anchor 78 patients; standardized PROGENy ~ ECMS + standardized MOFA factor	TCGA_ESCC_DR45	TCGA_ESCC_ECMS_official78_shared_RNA	TRUE	FALSE	FALSE	ECMS_and_PROGENy_RNA_derived_MOFA_contains_RNA								same_direction_nonsignificant	T1	evaluable
ESCC_AXIS_00189	STATE:Factor1	Factor1	multiomics_state	Hypoxia	RNA_derived_pathway_activity	TCGA_ECMS_adjusted_factor_PROGENy	delta R2 after ECMS categorical baseline	0.00842949481899122	partial R2	0.0102871234190821	standardized factor beta after ECMS adjustment	-0.108861796471152	0.386570787268401	0.655998911728195	78	TCGA-ESCC official repository-anchor 78 patients; standardized PROGENy ~ ECMS + standardized MOFA factor	TCGA_ESCC_DR45	TCGA_ESCC_ECMS_official78_shared_RNA	TRUE	FALSE	FALSE	ECMS_and_PROGENy_RNA_derived_MOFA_contains_RNA								same_direction_nonsignificant	T1	evaluable
ESCC_AXIS_00194	STATE:Factor1	Factor1	multiomics_state	TGFb	RNA_derived_pathway_activity	TCGA_ECMS_adjusted_factor_PROGENy	delta R2 after ECMS categorical baseline	0.00576843548815031	partial R2	0.00815151185375536	standardized factor beta after ECMS adjustment	0.0900541523853454	0.441098359885423	0.695817131086864	78	TCGA-ESCC official repository-anchor 78 patients; standardized PROGENy ~ ECMS + standardized MOFA factor	TCGA_ESCC_DR45	TCGA_ESCC_ECMS_official78_shared_RNA	TRUE	FALSE	FALSE	ECMS_and_PROGENy_RNA_derived_MOFA_contains_RNA								same_direction_nonsignificant	T1	evaluable
ESCC_AXIS_00210	STATE:Factor1	Factor1	multiomics_state	WNT	RNA_derived_pathway_activity	TCGA_ECMS_adjusted_factor_PROGENy	delta R2 after ECMS categorical baseline	0.00151813770272957	partial R2	0.00190311310642708	standardized factor beta after ECMS adjustment	-0.0461987586043008	0.710166609342358	0.894762718066069	78	TCGA-ESCC official repository-anchor 78 patients; standardized PROGENy ~ ECMS + standardized MOFA factor	TCGA_ESCC_DR45	TCGA_ESCC_ECMS_official78_shared_RNA	TRUE	FALSE	FALSE	ECMS_and_PROGENy_RNA_derived_MOFA_contains_RNA								same_direction_nonsignificant	T1	evaluable
ESCC_AXIS_00218	STATE:Factor1	Factor1	multiomics_state	p53	RNA_derived_pathway_activity	TCGA_ECMS_adjusted_factor_PROGENy	delta R2 after ECMS categorical baseline	0.000915675128943083	partial R2	0.00108040499943398	standardized factor beta after ECMS adjustment	-0.0358794214923549	0.779513650815223	0.919005567276895	78	TCGA-ESCC official repository-anchor 78 patients; standardized PROGENy ~ ECMS + standardized MOFA factor	TCGA_ESCC_DR45	TCGA_ESCC_ECMS_official78_shared_RNA	TRUE	FALSE	FALSE	ECMS_and_PROGENy_RNA_derived_MOFA_contains_RNA								same_direction_nonsignificant	T1	evaluable
ESCC_AXIS_00231	STATE:Factor1	Factor1	multiomics_state	MAPK	RNA_derived_pathway_activity	TCGA_ECMS_adjusted_factor_PROGENy	delta R2 after ECMS categorical baseline	6.87476348279481e-06	partial R2	8.57589068520784e-06	standardized factor beta after ECMS adjustment	-0.00310887745589775	0.980106565178999	0.995004389064432	78	TCGA-ESCC official repository-anchor 78 patients; standardized PROGENy ~ ECMS + standardized MOFA factor	TCGA_ESCC_DR45	TCGA_ESCC_ECMS_official78_shared_RNA	TRUE	FALSE	FALSE	ECMS_and_PROGENy_RNA_derived_MOFA_contains_RNA								same_direction_nonsignificant	T1	evaluable
ESCC_AXIS_00158	STATE:Factor2	Factor2	multiomics_state	Hypoxia	RNA_derived_pathway_activity	TCGA_ECMS_adjusted_factor_PROGENy	delta R2 after ECMS categorical baseline	0.0488951664614608	partial R2	0.0596703151003069	standardized factor beta after ECMS adjustment	-0.229528279736391	0.0346811059688142	0.110979539100206	78	TCGA-ESCC official repository-anchor 78 patients; standardized PROGENy ~ ECMS + standardized MOFA factor	TCGA_ESCC_DR45	TCGA_ESCC_ECMS_official78_shared_RNA	TRUE	FALSE	FALSE	ECMS_and_PROGENy_RNA_derived_MOFA_contains_RNA								same_direction_nonsignificant	T1	evaluable
ESCC_AXIS_00161	STATE:Factor2	Factor2	multiomics_state	PI3K	RNA_derived_pathway_activity	TCGA_ECMS_adjusted_factor_PROGENy	delta R2 after ECMS categorical baseline	0.0411872194072022	partial R2	0.0454851275882033	standardized factor beta after ECMS adjustment	0.21066116126093	0.0661847674320222	0.195070893483855	78	TCGA-ESCC official repository-anchor 78 patients; standardized PROGENy ~ ECMS + standardized MOFA factor	TCGA_ESCC_DR45	TCGA_ESCC_ECMS_official78_shared_RNA	TRUE	FALSE	FALSE	ECMS_and_PROGENy_RNA_derived_MOFA_contains_RNA								same_direction_nonsignificant	T1	evaluable
ESCC_AXIS_00163	STATE:Factor2	Factor2	multiomics_state	Trail	RNA_derived_pathway_activity	TCGA_ECMS_adjusted_factor_PROGENy	delta R2 after ECMS categorical baseline	0.0286710192866111	partial R2	0.0428240272488223	standardized factor beta after ECMS adjustment	-0.175761926303499	0.0748493687008551	0.209578232362394	78	TCGA-ESCC official repository-anchor 78 patients; standardized PROGENy ~ ECMS + standardized MOFA factor	TCGA_ESCC_DR45	TCGA_ESCC_ECMS_official78_shared_RNA	TRUE	FALSE	FALSE	ECMS_and_PROGENy_RNA_derived_MOFA_contains_RNA								same_direction_nonsignificant	T1	evaluable
ESCC_AXIS_00166	STATE:Factor2	Factor2	multiomics_state	Androgen	RNA_derived_pathway_activity	TCGA_ECMS_adjusted_factor_PROGENy	delta R2 after ECMS categorical baseline	0.0384556860262323	partial R2	0.0395898283044001	standardized factor beta after ECMS adjustment	-0.203555817568929	0.087014176298716	0.226641575475726	78	TCGA-ESCC official repository-anchor 78 patients; standardized PROGENy ~ ECMS + standardized MOFA factor	TCGA_ESCC_DR45	TCGA_ESCC_ECMS_official78_shared_RNA	TRUE	FALSE	FALSE	ECMS_and_PROGENy_RNA_derived_MOFA_contains_RNA								same_direction_nonsignificant	T1	evaluable
ESCC_AXIS_00173	STATE:Factor2	Factor2	multiomics_state	Estrogen	RNA_derived_pathway_activity	TCGA_ECMS_adjusted_factor_PROGENy	delta R2 after ECMS categorical baseline	0.0254458661055536	partial R2	0.0268566105620717	standardized factor beta after ECMS adjustment	-0.165581516593611	0.160044438786176	0.358499542881034	78	TCGA-ESCC official repository-anchor 78 patients; standardized PROGENy ~ ECMS + standardized MOFA factor	TCGA_ESCC_DR45	TCGA_ESCC_ECMS_official78_shared_RNA	TRUE	FALSE	FALSE	ECMS_and_PROGENy_RNA_derived_MOFA_contains_RNA								same_direction_nonsignificant	T1	evaluable
ESCC_AXIS_00178	STATE:Factor2	Factor2	multiomics_state	MAPK	RNA_derived_pathway_activity	TCGA_ECMS_adjusted_factor_PROGENy	delta R2 after ECMS categorical baseline	0.0168660765481042	partial R2	0.0210395061774675	standardized factor beta after ECMS adjustment	0.134806325428578	0.214365708720333	0.436526534121405	78	TCGA-ESCC official repository-anchor 78 patients; standardized PROGENy ~ ECMS + standardized MOFA factor	TCGA_ESCC_DR45	TCGA_ESCC_ECMS_official78_shared_RNA	TRUE	FALSE	FALSE	ECMS_and_PROGENy_RNA_derived_MOFA_contains_RNA								same_direction_nonsignificant	T1	evaluable
ESCC_AXIS_00188	STATE:Factor2	Factor2	multiomics_state	p53	RNA_derived_pathway_activity	TCGA_ECMS_adjusted_factor_PROGENy	delta R2 after ECMS categorical baseline	0.0111335883949024	partial R2	0.0131365199111358	standardized factor beta after ECMS adjustment	-0.109526905613058	0.32750486580229	0.564316076459331	78	TCGA-ESCC official repository-anchor 78 patients; standardized PROGENy ~ ECMS + standardized MOFA factor	TCGA_ESCC_DR45	TCGA_ESCC_ECMS_official78_shared_RNA	TRUE	FALSE	FALSE	ECMS_and_PROGENy_RNA_derived_MOFA_contains_RNA								same_direction_nonsignificant	T1	evaluable
ESCC_AXIS_00191	STATE:Factor2	Factor2	multiomics_state	VEGF	RNA_derived_pathway_activity	TCGA_ECMS_adjusted_factor_PROGENy	delta R2 after ECMS categorical baseline	0.00644011440692999	partial R2	0.00908414710168619	standardized factor beta after ECMS adjustment	0.0833009642347615	0.415985250273478	0.676901683561333	78	TCGA-ESCC official repository-anchor 78 patients; standardized PROGENy ~ ECMS + standardized MOFA factor	TCGA_ESCC_DR45	TCGA_ESCC_ECMS_official78_shared_RNA	TRUE	FALSE	FALSE	ECMS_and_PROGENy_RNA_derived_MOFA_contains_RNA								same_direction_nonsignificant	T1	evaluable
ESCC_AXIS_00192	STATE:Factor2	Factor2	multiomics_state	EGFR	RNA_derived_pathway_activity	TCGA_ECMS_adjusted_factor_PROGENy	delta R2 after ECMS categorical baseline	0.0061817800195379	partial R2	0.00887804795624417	standardized factor beta after ECMS adjustment	0.0816131255670949	0.421348347807853	0.676901683561333	78	TCGA-ESCC official repository-anchor 78 patients; standardized PROGENy ~ ECMS + standardized MOFA factor	TCGA_ESCC_DR45	TCGA_ESCC_ECMS_official78_shared_RNA	TRUE	FALSE	FALSE	ECMS_and_PROGENy_RNA_derived_MOFA_contains_RNA								same_direction_nonsignificant	T1	evaluable
ESCC_AXIS_00222	STATE:Factor2	Factor2	multiomics_state	WNT	RNA_derived_pathway_activity	TCGA_ECMS_adjusted_factor_PROGENy	delta R2 after ECMS categorical baseline	0.000441428433985064	partial R2	0.000553367613989233	standardized factor beta after ECMS adjustment	-0.0218088813301418	0.841224229772909	0.944055216889168	78	TCGA-ESCC official repository-anchor 78 patients; standardized PROGENy ~ ECMS + standardized MOFA factor	TCGA_ESCC_DR45	TCGA_ESCC_ECMS_official78_shared_RNA	TRUE	FALSE	FALSE	ECMS_and_PROGENy_RNA_derived_MOFA_contains_RNA								same_direction_nonsignificant	T1	evaluable
ESCC_AXIS_00120	STATE:Factor2	ECMS1-4 locked expression benchmark	external_expression_classifier_state	Factor2	multiomics_state	TCGA_ECMS_factor_explanatory					eta_squared categorical separation	0.0719026652521706	0.0848259589038401	0.135721534246144	78	TCGA-ESCC official repository-anchor 78 patients; ECMS and MOFA share TCGA RNA representation	TCGA_ESCC_DR45	TCGA_ESCC_ECMS_official78_shared_RNA	TRUE	FALSE	FALSE	ECMS_RNA_derived_and_MOFA_contains_RNA								same_direction_nonsignificant	T1	evaluable
ESCC_AXIS_00164	STATE:Factor3	Factor3	multiomics_state	JAK-STAT	RNA_derived_pathway_activity	TCGA_ECMS_adjusted_factor_PROGENy	delta R2 after ECMS categorical baseline	0.0381334618252024	partial R2	0.0420329555511276	standardized factor beta after ECMS adjustment	0.235745946411552	0.0776488603682496	0.21211396003034	78	TCGA-ESCC official repository-anchor 78 patients; standardized PROGENy ~ ECMS + standardized MOFA factor	TCGA_ESCC_DR45	TCGA_ESCC_ECMS_official78_shared_RNA	TRUE	FALSE	FALSE	ECMS_and_PROGENy_RNA_derived_MOFA_contains_RNA								same_direction_nonsignificant	T1	evaluable
ESCC_AXIS_00170	STATE:Factor3	Factor3	multiomics_state	WNT	RNA_derived_pathway_activity	TCGA_ECMS_adjusted_factor_PROGENy	delta R2 after ECMS categorical baseline	0.0233542909744743	partial R2	0.0292765650737225	standardized factor beta after ECMS adjustment	0.184490692390422	0.142168489585999	0.334456660901594	78	TCGA-ESCC official repository-anchor 78 patients; standardized PROGENy ~ ECMS + standardized MOFA factor	TCGA_ESCC_DR45	TCGA_ESCC_ECMS_official78_shared_RNA	TRUE	FALSE	FALSE	ECMS_and_PROGENy_RNA_derived_MOFA_contains_RNA								same_direction_nonsignificant	T1	evaluable
ESCC_AXIS_00171	STATE:Factor3	Factor3	multiomics_state	Estrogen	RNA_derived_pathway_activity	TCGA_ECMS_adjusted_factor_PROGENy	delta R2 after ECMS categorical baseline	0.0275790783267616	partial R2	0.0291080902182793	standardized factor beta after ECMS adjustment	0.200484587574323	0.143338568957826	0.334456660901594	78	TCGA-ESCC official repository-anchor 78 patients; standardized PROGENy ~ ECMS + standardized MOFA factor	TCGA_ESCC_DR45	TCGA_ESCC_ECMS_official78_shared_RNA	TRUE	FALSE	FALSE	ECMS_and_PROGENy_RNA_derived_MOFA_contains_RNA								same_direction_nonsignificant	T1	evaluable
ESCC_AXIS_00199	STATE:Factor3	Factor3	multiomics_state	p53	RNA_derived_pathway_activity	TCGA_ECMS_adjusted_factor_PROGENy	delta R2 after ECMS categorical baseline	0.00477080214443634	partial R2	0.00562906900628485	standardized factor beta after ECMS adjustment	-0.0833847863308536	0.522339482899216	0.769763448483055	78	TCGA-ESCC official repository-anchor 78 patients; standardized PROGENy ~ ECMS + standardized MOFA factor	TCGA_ESCC_DR45	TCGA_ESCC_ECMS_official78_shared_RNA	TRUE	FALSE	FALSE	ECMS_and_PROGENy_RNA_derived_MOFA_contains_RNA								same_direction_nonsignificant	T1	evaluable
ESCC_AXIS_00160	STATE:Factor5	Factor5	multiomics_state	p53	RNA_derived_pathway_activity	TCGA_ECMS_adjusted_factor_PROGENy	delta R2 after ECMS categorical baseline	0.0399051160941927	partial R2	0.0470840427662627	standardized factor beta after ECMS adjustment	-0.216782672022877	0.0614893453305565	0.186129910189793	78	TCGA-ESCC official repository-anchor 78 patients; standardized PROGENy ~ ECMS + standardized MOFA factor	TCGA_ESCC_DR45	TCGA_ESCC_ECMS_official78_shared_RNA	TRUE	FALSE	FALSE	ECMS_and_PROGENy_RNA_derived_MOFA_contains_RNA								same_direction_nonsignificant	T1	evaluable
ESCC_AXIS_00165	STATE:Factor5	Factor5	multiomics_state	TNFa	RNA_derived_pathway_activity	TCGA_ECMS_adjusted_factor_PROGENy	delta R2 after ECMS categorical baseline	0.0357982404889051	partial R2	0.0414963478019636	standardized factor beta after ECMS adjustment	0.205324661887354	0.0796104728192798	0.212294594184746	78	TCGA-ESCC official repository-anchor 78 patients; standardized PROGENy ~ ECMS + standardized MOFA factor	TCGA_ESCC_DR45	TCGA_ESCC_ECMS_official78_shared_RNA	TRUE	FALSE	FALSE	ECMS_and_PROGENy_RNA_derived_MOFA_contains_RNA								same_direction_nonsignificant	T1	evaluable
ESCC_AXIS_00172	STATE:Factor5	Factor5	multiomics_state	NFkB	RNA_derived_pathway_activity	TCGA_ECMS_adjusted_factor_PROGENy	delta R2 after ECMS categorical baseline	0.0239370637621688	partial R2	0.0270695568973944	standardized factor beta after ECMS adjustment	0.167898073907582	0.158375027258418	0.358499542881034	78	TCGA-ESCC official repository-anchor 78 patients; standardized PROGENy ~ ECMS + standardized MOFA factor	TCGA_ESCC_DR45	TCGA_ESCC_ECMS_official78_shared_RNA	TRUE	FALSE	FALSE	ECMS_and_PROGENy_RNA_derived_MOFA_contains_RNA								same_direction_nonsignificant	T1	evaluable
ESCC_AXIS_00174	STATE:Factor5	Factor5	multiomics_state	Estrogen	RNA_derived_pathway_activity	TCGA_ECMS_adjusted_factor_PROGENy	delta R2 after ECMS categorical baseline	0.024737872333983	partial R2	0.0261093649024205	standardized factor beta after ECMS adjustment	-0.170683463775959	0.166060299561913	0.364681442175183	78	TCGA-ESCC official repository-anchor 78 patients; standardized PROGENy ~ ECMS + standardized MOFA factor	TCGA_ESCC_DR45	TCGA_ESCC_ECMS_official78_shared_RNA	TRUE	FALSE	FALSE	ECMS_and_PROGENy_RNA_derived_MOFA_contains_RNA								same_direction_nonsignificant	T1	evaluable
ESCC_AXIS_00196	STATE:Factor5	Factor5	multiomics_state	JAK-STAT	RNA_derived_pathway_activity	TCGA_ECMS_adjusted_factor_PROGENy	delta R2 after ECMS categorical baseline	0.00623762107243357	partial R2	0.00687547462866586	standardized factor beta after ECMS adjustment	-0.085707686008864	0.4794090512061	0.730089135955855	78	TCGA-ESCC official repository-anchor 78 patients; standardized PROGENy ~ ECMS + standardized MOFA factor	TCGA_ESCC_DR45	TCGA_ESCC_ECMS_official78_shared_RNA	TRUE	FALSE	FALSE	ECMS_and_PROGENy_RNA_derived_MOFA_contains_RNA								same_direction_nonsignificant	T1	evaluable
ESCC_AXIS_00226	STATE:Factor5	Factor5	multiomics_state	WNT	RNA_derived_pathway_activity	TCGA_ECMS_adjusted_factor_PROGENy	delta R2 after ECMS categorical baseline	0.000302961798753026	partial R2	0.000379788058037786	standardized factor beta after ECMS adjustment	0.0188887931639745	0.868193636960574	0.944055216889168	78	TCGA-ESCC official repository-anchor 78 patients; standardized PROGENy ~ ECMS + standardized MOFA factor	TCGA_ESCC_DR45	TCGA_ESCC_ECMS_official78_shared_RNA	TRUE	FALSE	FALSE	ECMS_and_PROGENy_RNA_derived_MOFA_contains_RNA								same_direction_nonsignificant	T1	evaluable
ESCC_AXIS_00232	STATE:Factor5	Factor5	multiomics_state	Hypoxia	RNA_derived_pathway_activity	TCGA_ECMS_adjusted_factor_PROGENy	delta R2 after ECMS categorical baseline	3.78280861951241e-06	partial R2	4.61643550121413e-06	standardized factor beta after ECMS adjustment	-0.00211065601948953	0.985403662717919	0.995004389064432	78	TCGA-ESCC official repository-anchor 78 patients; standardized PROGENy ~ ECMS + standardized MOFA factor	TCGA_ESCC_DR45	TCGA_ESCC_ECMS_official78_shared_RNA	TRUE	FALSE	FALSE	ECMS_and_PROGENy_RNA_derived_MOFA_contains_RNA								same_direction_nonsignificant	T1	evaluable
ESCC_AXIS_00159	STATE:Factor6	Factor6	multiomics_state	Hypoxia	RNA_derived_pathway_activity	TCGA_ECMS_adjusted_factor_PROGENy	delta R2 after ECMS categorical baseline	0.0475773330732235	partial R2	0.0580620675123207	standardized factor beta after ECMS adjustment	-0.273325343455719	0.0372946680609104	0.116027856189499	78	TCGA-ESCC official repository-anchor 78 patients; standardized PROGENy ~ ECMS + standardized MOFA factor	TCGA_ESCC_DR45	TCGA_ESCC_ECMS_official78_shared_RNA	TRUE	FALSE	FALSE	ECMS_and_PROGENy_RNA_derived_MOFA_contains_RNA								same_direction_nonsignificant	T1	evaluable
ESCC_AXIS_00179	STATE:Factor6	Factor6	multiomics_state	MAPK	RNA_derived_pathway_activity	TCGA_ECMS_adjusted_factor_PROGENy	delta R2 after ECMS categorical baseline	0.016148056035877	partial R2	0.0201438149383422	standardized factor beta after ECMS adjustment	0.159235530577406	0.224497388718683	0.448994777437366	78	TCGA-ESCC official repository-anchor 78 patients; standardized PROGENy ~ ECMS + standardized MOFA factor	TCGA_ESCC_DR45	TCGA_ESCC_ECMS_official78_shared_RNA	TRUE	FALSE	FALSE	ECMS_and_PROGENy_RNA_derived_MOFA_contains_RNA								same_direction_nonsignificant	T1	evaluable
ESCC_AXIS_00197	STATE:Factor6	Factor6	multiomics_state	TGFb	RNA_derived_pathway_activity	TCGA_ECMS_adjusted_factor_PROGENy	delta R2 after ECMS categorical baseline	0.00480020433192607	partial R2	0.00678328163546649	standardized factor beta after ECMS adjustment	0.0868179881583607	0.482380321970833	0.730089135955855	78	TCGA-ESCC official repository-anchor 78 patients; standardized PROGENy ~ ECMS + standardized MOFA factor	TCGA_ESCC_DR45	TCGA_ESCC_ECMS_official78_shared_RNA	TRUE	FALSE	FALSE	ECMS_and_PROGENy_RNA_derived_MOFA_contains_RNA								same_direction_nonsignificant	T1	evaluable
ESCC_AXIS_00205	STATE:Factor6	Factor6	multiomics_state	PI3K	RNA_derived_pathway_activity	TCGA_ECMS_adjusted_factor_PROGENy	delta R2 after ECMS categorical baseline	0.00256386313221964	partial R2	0.00283140360932713	standardized factor beta after ECMS adjustment	-0.0634493641285639	0.650259477923064	0.888159286919307	78	TCGA-ESCC official repository-anchor 78 patients; standardized PROGENy ~ ECMS + standardized MOFA factor	TCGA_ESCC_DR45	TCGA_ESCC_ECMS_official78_shared_RNA	TRUE	FALSE	FALSE	ECMS_and_PROGENy_RNA_derived_MOFA_contains_RNA								same_direction_nonsignificant	T1	evaluable
ESCC_AXIS_00209	STATE:Factor6	Factor6	multiomics_state	NFkB	RNA_derived_pathway_activity	TCGA_ECMS_adjusted_factor_PROGENy	delta R2 after ECMS categorical baseline	0.00186376402160694	partial R2	0.00210766310887057	standardized factor beta after ECMS adjustment	0.0540972660341907	0.695712504841406	0.894762718066069	78	TCGA-ESCC official repository-anchor 78 patients; standardized PROGENy ~ ECMS + standardized MOFA factor	TCGA_ESCC_DR45	TCGA_ESCC_ECMS_official78_shared_RNA	TRUE	FALSE	FALSE	ECMS_and_PROGENy_RNA_derived_MOFA_contains_RNA								same_direction_nonsignificant	T1	evaluable
ESCC_AXIS_00213	STATE:Factor6	Factor6	multiomics_state	EGFR	RNA_derived_pathway_activity	TCGA_ECMS_adjusted_factor_PROGENy	delta R2 after ECMS categorical baseline	0.00118690214638223	partial R2	0.00170458575711956	standardized factor beta after ECMS adjustment	-0.0431705232940423	0.725065299232968	0.902303483489915	78	TCGA-ESCC official repository-anchor 78 patients; standardized PROGENy ~ ECMS + standardized MOFA factor	TCGA_ESCC_DR45	TCGA_ESCC_ECMS_official78_shared_RNA	TRUE	FALSE	FALSE	ECMS_and_PROGENy_RNA_derived_MOFA_contains_RNA								same_direction_nonsignificant	T1	evaluable
ESCC_AXIS_00221	STATE:Factor6	Factor6	multiomics_state	TNFa	RNA_derived_pathway_activity	TCGA_ECMS_adjusted_factor_PROGENy	delta R2 after ECMS categorical baseline	0.000680286566574317	partial R2	0.000788569705830113	standardized factor beta after ECMS adjustment	0.032683292672458	0.810985185577897	0.926840212089025	78	TCGA-ESCC official repository-anchor 78 patients; standardized PROGENy ~ ECMS + standardized MOFA factor	TCGA_ESCC_DR45	TCGA_ESCC_ECMS_official78_shared_RNA	TRUE	FALSE	FALSE	ECMS_and_PROGENy_RNA_derived_MOFA_contains_RNA								same_direction_nonsignificant	T1	evaluable
ESCC_AXIS_00228	STATE:Factor6	Factor6	multiomics_state	VEGF	RNA_derived_pathway_activity	TCGA_ECMS_adjusted_factor_PROGENy	delta R2 after ECMS categorical baseline	0.000135204753782092	partial R2	0.000190713983416528	standardized factor beta after ECMS adjustment	-0.0145705463315638	0.906389143852371	0.965888246644556	78	TCGA-ESCC official repository-anchor 78 patients; standardized PROGENy ~ ECMS + standardized MOFA factor	TCGA_ESCC_DR45	TCGA_ESCC_ECMS_official78_shared_RNA	TRUE	FALSE	FALSE	ECMS_and_PROGENy_RNA_derived_MOFA_contains_RNA								same_direction_nonsignificant	T1	evaluable
ESCC_AXIS_00229	STATE:Factor6	Factor6	multiomics_state	Trail	RNA_derived_pathway_activity	TCGA_ECMS_adjusted_factor_PROGENy	delta R2 after ECMS categorical baseline	0.000107327902115872	partial R2	0.00016030867123428	standardized factor beta after ECMS adjustment	0.0129818377124872	0.914144233431455	0.965888246644556	78	TCGA-ESCC official repository-anchor 78 patients; standardized PROGENy ~ ECMS + standardized MOFA factor	TCGA_ESCC_DR45	TCGA_ESCC_ECMS_official78_shared_RNA	TRUE	FALSE	FALSE	ECMS_and_PROGENy_RNA_derived_MOFA_contains_RNA								same_direction_nonsignificant	T1	evaluable
ESCC_AXIS_00235	STATE:Factor6	Factor6	multiomics_state	JAK-STAT	RNA_derived_pathway_activity	TCGA_ECMS_adjusted_factor_PROGENy	delta R2 after ECMS categorical baseline	4.90535701377914e-07	partial R2	5.40697443803337e-07	standardized factor beta after ECMS adjustment	-0.00087763748849766	0.995004389064432	0.995004389064432	78	TCGA-ESCC official repository-anchor 78 patients; standardized PROGENy ~ ECMS + standardized MOFA factor	TCGA_ESCC_DR45	TCGA_ESCC_ECMS_official78_shared_RNA	TRUE	FALSE	FALSE	ECMS_and_PROGENy_RNA_derived_MOFA_contains_RNA								same_direction_nonsignificant	T1	evaluable
ESCC_AXIS_00180	STATE:Factor7	Factor7	multiomics_state	TNFa	RNA_derived_pathway_activity	TCGA_ECMS_adjusted_factor_PROGENy	delta R2 after ECMS categorical baseline	0.0168503776758324	partial R2	0.0195325000078564	standardized factor beta after ECMS adjustment	-0.131870989296696	0.231736812898538	0.455342509555023	78	TCGA-ESCC official repository-anchor 78 patients; standardized PROGENy ~ ECMS + standardized MOFA factor	TCGA_ESCC_DR45	TCGA_ESCC_ECMS_official78_shared_RNA	TRUE	FALSE	FALSE	ECMS_and_PROGENy_RNA_derived_MOFA_contains_RNA								same_direction_nonsignificant	T1	evaluable
ESCC_AXIS_00185	STATE:Factor7	Factor7	multiomics_state	MAPK	RNA_derived_pathway_activity	TCGA_ECMS_adjusted_factor_PROGENy	delta R2 after ECMS categorical baseline	0.0133197153326657	partial R2	0.0166156149134297	standardized factor beta after ECMS adjustment	-0.117244348098219	0.270384998721123	0.488437417044609	78	TCGA-ESCC official repository-anchor 78 patients; standardized PROGENy ~ ECMS + standardized MOFA factor	TCGA_ESCC_DR45	TCGA_ESCC_ECMS_official78_shared_RNA	TRUE	FALSE	FALSE	ECMS_and_PROGENy_RNA_derived_MOFA_contains_RNA								same_direction_nonsignificant	T1	evaluable
ESCC_AXIS_00187	STATE:Factor7	Factor7	multiomics_state	NFkB	RNA_derived_pathway_activity	TCGA_ECMS_adjusted_factor_PROGENy	delta R2 after ECMS categorical baseline	0.0119600739118633	partial R2	0.0135252136381865	standardized factor beta after ECMS adjustment	-0.11109931375377	0.320402963889364	0.560705186806388	78	TCGA-ESCC official repository-anchor 78 patients; standardized PROGENy ~ ECMS + standardized MOFA factor	TCGA_ESCC_DR45	TCGA_ESCC_ECMS_official78_shared_RNA	TRUE	FALSE	FALSE	ECMS_and_PROGENy_RNA_derived_MOFA_contains_RNA								same_direction_nonsignificant	T1	evaluable
ESCC_AXIS_00190	STATE:Factor7	Factor7	multiomics_state	Estrogen	RNA_derived_pathway_activity	TCGA_ECMS_adjusted_factor_PROGENy	delta R2 after ECMS categorical baseline	0.0088398753060988	partial R2	0.00932996690025636	standardized factor beta after ECMS adjustment	-0.0955141057752921	0.409718403384741	0.676901683561333	78	TCGA-ESCC official repository-anchor 78 patients; standardized PROGENy ~ ECMS + standardized MOFA factor	TCGA_ESCC_DR45	TCGA_ESCC_ECMS_official78_shared_RNA	TRUE	FALSE	FALSE	ECMS_and_PROGENy_RNA_derived_MOFA_contains_RNA								same_direction_nonsignificant	T1	evaluable
ESCC_AXIS_00202	STATE:Factor7	Factor7	multiomics_state	Androgen	RNA_derived_pathway_activity	TCGA_ECMS_adjusted_factor_PROGENy	delta R2 after ECMS categorical baseline	0.00388865012252254	partial R2	0.00400333491857447	standardized factor beta after ECMS adjustment	0.0633496003523631	0.58968792809902	0.836013265153041	78	TCGA-ESCC official repository-anchor 78 patients; standardized PROGENy ~ ECMS + standardized MOFA factor	TCGA_ESCC_DR45	TCGA_ESCC_ECMS_official78_shared_RNA	TRUE	FALSE	FALSE	ECMS_and_PROGENy_RNA_derived_MOFA_contains_RNA								same_direction_nonsignificant	T1	evaluable
ESCC_AXIS_00206	STATE:Factor7	Factor7	multiomics_state	PI3K	RNA_derived_pathway_activity	TCGA_ECMS_adjusted_factor_PROGENy	delta R2 after ECMS categorical baseline	0.00238707576911466	partial R2	0.00263616839115637	standardized factor beta after ECMS adjustment	-0.0496338023301515	0.661771019461533	0.89299221903243	78	TCGA-ESCC official repository-anchor 78 patients; standardized PROGENy ~ ECMS + standardized MOFA factor	TCGA_ESCC_DR45	TCGA_ESCC_ECMS_official78_shared_RNA	TRUE	FALSE	FALSE	ECMS_and_PROGENy_RNA_derived_MOFA_contains_RNA								same_direction_nonsignificant	T1	evaluable
ESCC_AXIS_00208	STATE:Factor7	Factor7	multiomics_state	WNT	RNA_derived_pathway_activity	TCGA_ECMS_adjusted_factor_PROGENy	delta R2 after ECMS categorical baseline	0.00169261390667697	partial R2	0.00212183368091444	standardized factor beta after ECMS adjustment	0.041794910250371	0.694741538046406	0.894762718066069	78	TCGA-ESCC official repository-anchor 78 patients; standardized PROGENy ~ ECMS + standardized MOFA factor	TCGA_ESCC_DR45	TCGA_ESCC_ECMS_official78_shared_RNA	TRUE	FALSE	FALSE	ECMS_and_PROGENy_RNA_derived_MOFA_contains_RNA								same_direction_nonsignificant	T1	evaluable
ESCC_AXIS_00215	STATE:Factor7	Factor7	multiomics_state	Hypoxia	RNA_derived_pathway_activity	TCGA_ECMS_adjusted_factor_PROGENy	delta R2 after ECMS categorical baseline	0.000974897864521845	partial R2	0.00118973851561557	standardized factor beta after ECMS adjustment	-0.0317193299192083	0.768922354835939	0.919005567276895	78	TCGA-ESCC official repository-anchor 78 patients; standardized PROGENy ~ ECMS + standardized MOFA factor	TCGA_ESCC_DR45	TCGA_ESCC_ECMS_official78_shared_RNA	TRUE	FALSE	FALSE	ECMS_and_PROGENy_RNA_derived_MOFA_contains_RNA								same_direction_nonsignificant	T1	evaluable
ESCC_AXIS_00216	STATE:Factor7	Factor7	multiomics_state	TGFb	RNA_derived_pathway_activity	TCGA_ECMS_adjusted_factor_PROGENy	delta R2 after ECMS categorical baseline	0.000782637712158363	partial R2	0.00110596375758387	standardized factor beta after ECMS adjustment	-0.0284200495041151	0.776987718254098	0.919005567276895	78	TCGA-ESCC official repository-anchor 78 patients; standardized PROGENy ~ ECMS + standardized MOFA factor	TCGA_ESCC_DR45	TCGA_ESCC_ECMS_official78_shared_RNA	TRUE	FALSE	FALSE	ECMS_and_PROGENy_RNA_derived_MOFA_contains_RNA								same_direction_nonsignificant	T1	evaluable
ESCC_AXIS_00225	STATE:Factor7	Factor7	multiomics_state	EGFR	RNA_derived_pathway_activity	TCGA_ECMS_adjusted_factor_PROGENy	delta R2 after ECMS categorical baseline	0.000294607423574955	partial R2	0.00042310448228462	standardized factor beta after ECMS adjustment	0.0174367799817334	0.860951048211488	0.944055216889168	78	TCGA-ESCC official repository-anchor 78 patients; standardized PROGENy ~ ECMS + standardized MOFA factor	TCGA_ESCC_DR45	TCGA_ESCC_ECMS_official78_shared_RNA	TRUE	FALSE	FALSE	ECMS_and_PROGENy_RNA_derived_MOFA_contains_RNA								same_direction_nonsignificant	T1	evaluable
ESCC_AXIS_00234	STATE:Factor7	Factor7	multiomics_state	Trail	RNA_derived_pathway_activity	TCGA_ECMS_adjusted_factor_PROGENy	delta R2 after ECMS categorical baseline	7.36124753875078e-07	partial R2	1.09950142348793e-06	standardized factor beta after ECMS adjustment	0.000871605888626035	0.992876285992665	0.995004389064432	78	TCGA-ESCC official repository-anchor 78 patients; standardized PROGENy ~ ECMS + standardized MOFA factor	TCGA_ESCC_DR45	TCGA_ESCC_ECMS_official78_shared_RNA	TRUE	FALSE	FALSE	ECMS_and_PROGENy_RNA_derived_MOFA_contains_RNA								same_direction_nonsignificant	T1	evaluable
ESCC_AXIS_00122	STATE:Factor7	ECMS1-4 locked expression benchmark	external_expression_classifier_state	Factor7	multiomics_state	TCGA_ECMS_factor_explanatory					eta_squared categorical separation	0.0310282605571156	0.503369284356343	0.575279182121535	78	TCGA-ESCC official repository-anchor 78 patients; ECMS and MOFA share TCGA RNA representation	TCGA_ESCC_DR45	TCGA_ESCC_ECMS_official78_shared_RNA	TRUE	FALSE	FALSE	ECMS_RNA_derived_and_MOFA_contains_RNA								same_direction_nonsignificant	T1	evaluable
ESCC_AXIS_00181	STATE:Factor8	Factor8	multiomics_state	JAK-STAT	RNA_derived_pathway_activity	TCGA_ECMS_adjusted_factor_PROGENy	delta R2 after ECMS categorical baseline	0.0165050145174846	partial R2	0.0181928025513184	standardized factor beta after ECMS adjustment	0.131610107352265	0.24859729232647	0.480049943802838	78	TCGA-ESCC official repository-anchor 78 patients; standardized PROGENy ~ ECMS + standardized MOFA factor	TCGA_ESCC_DR45	TCGA_ESCC_ECMS_official78_shared_RNA	TRUE	FALSE	FALSE	ECMS_and_PROGENy_RNA_derived_MOFA_contains_RNA								same_direction_nonsignificant	T1	evaluable
ESCC_AXIS_00193	STATE:Factor8	Factor8	multiomics_state	Hypoxia	RNA_derived_pathway_activity	TCGA_ECMS_adjusted_factor_PROGENy	delta R2 after ECMS categorical baseline	0.00722152399751971	partial R2	0.00881294908313836	standardized factor beta after ECMS adjustment	0.0870554004172576	0.423063552225833	0.676901683561333	78	TCGA-ESCC official repository-anchor 78 patients; standardized PROGENy ~ ECMS + standardized MOFA factor	TCGA_ESCC_DR45	TCGA_ESCC_ECMS_official78_shared_RNA	TRUE	FALSE	FALSE	ECMS_and_PROGENy_RNA_derived_MOFA_contains_RNA								same_direction_nonsignificant	T1	evaluable
ESCC_AXIS_00195	STATE:Factor8	Factor8	multiomics_state	NFkB	RNA_derived_pathway_activity	TCGA_ECMS_adjusted_factor_PROGENy	delta R2 after ECMS categorical baseline	0.00636225514457514	partial R2	0.0071948435005636	standardized factor beta after ECMS adjustment	0.0817121859500753	0.469341312604973	0.730086486274402	78	TCGA-ESCC official repository-anchor 78 patients; standardized PROGENy ~ ECMS + standardized MOFA factor	TCGA_ESCC_DR45	TCGA_ESCC_ECMS_official78_shared_RNA	TRUE	FALSE	FALSE	ECMS_and_PROGENy_RNA_derived_MOFA_contains_RNA								same_direction_nonsignificant	T1	evaluable
ESCC_AXIS_00198	STATE:Factor8	Factor8	multiomics_state	TNFa	RNA_derived_pathway_activity	TCGA_ECMS_adjusted_factor_PROGENy	delta R2 after ECMS categorical baseline	0.00539912182988209	partial R2	0.00625851534092573	standardized factor beta after ECMS adjustment	0.0752736285655793	0.499884955212771	0.746494866451071	78	TCGA-ESCC official repository-anchor 78 patients; standardized PROGENy ~ ECMS + standardized MOFA factor	TCGA_ESCC_DR45	TCGA_ESCC_ECMS_official78_shared_RNA	TRUE	FALSE	FALSE	ECMS_and_PROGENy_RNA_derived_MOFA_contains_RNA								same_direction_nonsignificant	T1	evaluable
ESCC_AXIS_00200	STATE:Factor8	Factor8	multiomics_state	Trail	RNA_derived_pathway_activity	TCGA_ECMS_adjusted_factor_PROGENy	delta R2 after ECMS categorical baseline	0.00361365194926538	partial R2	0.00539747568777113	standardized factor beta after ECMS adjustment	0.0615820934624544	0.531047137014312	0.772432199293545	78	TCGA-ESCC official repository-anchor 78 patients; standardized PROGENy ~ ECMS + standardized MOFA factor	TCGA_ESCC_DR45	TCGA_ESCC_ECMS_official78_shared_RNA	TRUE	FALSE	FALSE	ECMS_and_PROGENy_RNA_derived_MOFA_contains_RNA								same_direction_nonsignificant	T1	evaluable
ESCC_AXIS_00204	STATE:Factor8	Factor8	multiomics_state	Estrogen	RNA_derived_pathway_activity	TCGA_ECMS_adjusted_factor_PROGENy	delta R2 after ECMS categorical baseline	0.00298172167816063	partial R2	0.00314703133242416	standardized factor beta after ECMS adjustment	0.0559390181683167	0.632619393641874	0.874732988739381	78	TCGA-ESCC official repository-anchor 78 patients; standardized PROGENy ~ ECMS + standardized MOFA factor	TCGA_ESCC_DR45	TCGA_ESCC_ECMS_official78_shared_RNA	TRUE	FALSE	FALSE	ECMS_and_PROGENy_RNA_derived_MOFA_contains_RNA								same_direction_nonsignificant	T1	evaluable
ESCC_AXIS_00207	STATE:Factor8	Factor8	multiomics_state	Androgen	RNA_derived_pathway_activity	TCGA_ECMS_adjusted_factor_PROGENy	delta R2 after ECMS categorical baseline	0.00231326751631832	partial R2	0.00238149083416991	standardized factor beta after ECMS adjustment	0.049271322309999	0.677575093325429	0.894762718066069	78	TCGA-ESCC official repository-anchor 78 patients; standardized PROGENy ~ ECMS + standardized MOFA factor	TCGA_ESCC_DR45	TCGA_ESCC_ECMS_official78_shared_RNA	TRUE	FALSE	FALSE	ECMS_and_PROGENy_RNA_derived_MOFA_contains_RNA								same_direction_nonsignificant	T1	evaluable
ESCC_AXIS_00212	STATE:Factor8	Factor8	multiomics_state	TGFb	RNA_derived_pathway_activity	TCGA_ECMS_adjusted_factor_PROGENy	delta R2 after ECMS categorical baseline	0.00133848948813659	partial R2	0.00189145097506688	standardized factor beta after ECMS adjustment	-0.0374790669454546	0.711016802748929	0.894762718066069	78	TCGA-ESCC official repository-anchor 78 patients; standardized PROGENy ~ ECMS + standardized MOFA factor	TCGA_ESCC_DR45	TCGA_ESCC_ECMS_official78_shared_RNA	TRUE	FALSE	FALSE	ECMS_and_PROGENy_RNA_derived_MOFA_contains_RNA								same_direction_nonsignificant	T1	evaluable
ESCC_AXIS_00217	STATE:Factor8	Factor8	multiomics_state	PI3K	RNA_derived_pathway_activity	TCGA_ECMS_adjusted_factor_PROGENy	delta R2 after ECMS categorical baseline	0.000993845080887235	partial R2	0.00109755334197577	standardized factor beta after ECMS adjustment	-0.0322953974973225	0.777815400487176	0.919005567276895	78	TCGA-ESCC official repository-anchor 78 patients; standardized PROGENy ~ ECMS + standardized MOFA factor	TCGA_ESCC_DR45	TCGA_ESCC_ECMS_official78_shared_RNA	TRUE	FALSE	FALSE	ECMS_and_PROGENy_RNA_derived_MOFA_contains_RNA								same_direction_nonsignificant	T1	evaluable
ESCC_AXIS_00220	STATE:Factor8	Factor8	multiomics_state	WNT	RNA_derived_pathway_activity	TCGA_ECMS_adjusted_factor_PROGENy	delta R2 after ECMS categorical baseline	0.000644345825454751	partial R2	0.00080774160558013	standardized factor beta after ECMS adjustment	0.0260040383368203	0.808744384639437	0.926840212089025	78	TCGA-ESCC official repository-anchor 78 patients; standardized PROGENy ~ ECMS + standardized MOFA factor	TCGA_ESCC_DR45	TCGA_ESCC_ECMS_official78_shared_RNA	TRUE	FALSE	FALSE	ECMS_and_PROGENy_RNA_derived_MOFA_contains_RNA								same_direction_nonsignificant	T1	evaluable
ESCC_AXIS_00223	STATE:Factor8	Factor8	multiomics_state	MAPK	RNA_derived_pathway_activity	TCGA_ECMS_adjusted_factor_PROGENy	delta R2 after ECMS categorical baseline	0.000418584788067111	partial R2	0.000522161583294949	standardized factor beta after ECMS adjustment	-0.0209591182902196	0.845709414860921	0.944055216889168	78	TCGA-ESCC official repository-anchor 78 patients; standardized PROGENy ~ ECMS + standardized MOFA factor	TCGA_ESCC_DR45	TCGA_ESCC_ECMS_official78_shared_RNA	TRUE	FALSE	FALSE	ECMS_and_PROGENy_RNA_derived_MOFA_contains_RNA								same_direction_nonsignificant	T1	evaluable
ESCC_AXIS_00224	STATE:Factor8	Factor8	multiomics_state	p53	RNA_derived_pathway_activity	TCGA_ECMS_adjusted_factor_PROGENy	delta R2 after ECMS categorical baseline	0.000364434404117736	partial R2	0.000429996119506944	standardized factor beta after ECMS adjustment	0.019556492814927	0.859834577313999	0.944055216889168	78	TCGA-ESCC official repository-anchor 78 patients; standardized PROGENy ~ ECMS + standardized MOFA factor	TCGA_ESCC_DR45	TCGA_ESCC_ECMS_official78_shared_RNA	TRUE	FALSE	FALSE	ECMS_and_PROGENy_RNA_derived_MOFA_contains_RNA								same_direction_nonsignificant	T1	evaluable
ESCC_AXIS_00230	STATE:Factor8	Factor8	multiomics_state	EGFR	RNA_derived_pathway_activity	TCGA_ECMS_adjusted_factor_PROGENy	delta R2 after ECMS categorical baseline	7.00212655367904e-05	partial R2	0.00010056199855507	standardized factor beta after ECMS adjustment	0.0085722783770782	0.93195211942893	0.975501283888226	78	TCGA-ESCC official repository-anchor 78 patients; standardized PROGENy ~ ECMS + standardized MOFA factor	TCGA_ESCC_DR45	TCGA_ESCC_ECMS_official78_shared_RNA	TRUE	FALSE	FALSE	ECMS_and_PROGENy_RNA_derived_MOFA_contains_RNA								same_direction_nonsignificant	T1	evaluable
ESCC_AXIS_00233	STATE:Factor8	Factor8	multiomics_state	VEGF	RNA_derived_pathway_activity	TCGA_ECMS_adjusted_factor_PROGENy	delta R2 after ECMS categorical baseline	2.27157102233866e-06	partial R2	3.20417992833282e-06	standardized factor beta after ECMS adjustment	0.00154398987474482	0.987839366229825	0.995004389064432	78	TCGA-ESCC official repository-anchor 78 patients; standardized PROGENy ~ ECMS + standardized MOFA factor	TCGA_ESCC_DR45	TCGA_ESCC_ECMS_official78_shared_RNA	TRUE	FALSE	FALSE	ECMS_and_PROGENy_RNA_derived_MOFA_contains_RNA								same_direction_nonsignificant	T1	evaluable
ESCC_AXIS_00121	STATE:Factor8	ECMS1-4 locked expression benchmark	external_expression_classifier_state	Factor8	multiomics_state	TCGA_ECMS_factor_explanatory					eta_squared categorical separation	0.0471217283167516	0.200255592360204	0.267007456480272	78	TCGA-ESCC official repository-anchor 78 patients; ECMS and MOFA share TCGA RNA representation	TCGA_ESCC_DR45	TCGA_ESCC_ECMS_official78_shared_RNA	TRUE	FALSE	FALSE	ECMS_RNA_derived_and_MOFA_contains_RNA								same_direction_nonsignificant	T1	evaluable
ESCC_AXIS_00030	GENE:EP300	EP300:RNA	transcriptome	EP300:protein	proteome	Cao2020_RNA_protein	limma logFC tumor_minus_normal pc1	-0.0137395861439371	median patient log2 tumor_vs_normal		same-patient Spearman rho				0	Cao 2020 RNA and proteome patient mapping; missing protein is not negative	Cao2020_GSE149609_proteome_supplement	Cao2020_same_patient_cross_layer	TRUE	TRUE	FALSE	independent_cohort_orthogonal_calibration_not_exact_driver_event_replication								not_comparable	T0	not_identified_not_negative
ESCC_AXIS_00006	GENE:EP300	EP300:CNV	genome_CNV	EP300:RNA	transcriptome	TCGA_CNV_RNA_dosage	relative_log2_CNV_IQR	0	not_separate_from_association		Spearman rho					TCGA-ESCC driver core; same-patient CNV and RNA	TCGA_ESCC_DR45	TCGA_ESCC_DR45_driver_core_95	TRUE	FALSE	FALSE	direct_same_patient_CNV_RNA_no_external_replication								not_comparable	T0	not_evaluable_not_negative
ESCC_AXIS_00032	GENE:FBXW7	FBXW7:RNA	transcriptome	FBXW7:protein	proteome	Cao2020_RNA_protein	limma logFC tumor_minus_normal pc1	-0.338505278536454	median patient log2 tumor_vs_normal		same-patient Spearman rho				0	Cao 2020 RNA and proteome patient mapping; missing protein is not negative	Cao2020_GSE149609_proteome_supplement	Cao2020_same_patient_cross_layer	TRUE	TRUE	FALSE	independent_cohort_orthogonal_calibration_not_exact_driver_event_replication								not_comparable	T0	not_identified_not_negative
ESCC_AXIS_00025	GENE:KMT2D	KMT2D:RNA	transcriptome	KMT2D:protein	proteome	Cao2020_RNA_protein	limma logFC tumor_minus_normal pc1	-0.0481601148854993	median patient log2 tumor_vs_normal		same-patient Spearman rho				0	Cao 2020 RNA and proteome patient mapping; missing protein is not negative	Cao2020_GSE149609_proteome_supplement	Cao2020_same_patient_cross_layer	TRUE	TRUE	FALSE	independent_cohort_orthogonal_calibration_not_exact_driver_event_replication								not_comparable	T0	not_identified_not_negative
ESCC_AXIS_00001	GENE:KMT2D	KMT2D:CNV	genome_CNV	KMT2D:RNA	transcriptome	TCGA_CNV_RNA_dosage	relative_log2_CNV_IQR	0	not_separate_from_association		Spearman rho					TCGA-ESCC driver core; same-patient CNV and RNA	TCGA_ESCC_DR45	TCGA_ESCC_DR45_driver_core_95	TRUE	FALSE	FALSE	direct_same_patient_CNV_RNA_no_external_replication								not_comparable	T0	not_evaluable_not_negative
ESCC_AXIS_00034	GENE:NFE2L2	NFE2L2:RNA	transcriptome	NFE2L2:protein	proteome	Cao2020_RNA_protein	limma logFC tumor_minus_normal pc1	-0.0809673182949775	median patient log2 tumor_vs_normal		same-patient Spearman rho				0	Cao 2020 RNA and proteome patient mapping; missing protein is not negative	Cao2020_GSE149609_proteome_supplement	Cao2020_same_patient_cross_layer	TRUE	TRUE	FALSE	independent_cohort_orthogonal_calibration_not_exact_driver_event_replication								not_comparable	T0	not_identified_not_negative
ESCC_AXIS_00026	GENE:NOTCH1	NOTCH1:RNA	transcriptome	NOTCH1:protein	proteome	Cao2020_RNA_protein	limma logFC tumor_minus_normal pc1	0.262009824105452	median patient log2 tumor_vs_normal		same-patient Spearman rho				0	Cao 2020 RNA and proteome patient mapping; missing protein is not negative	Cao2020_GSE149609_proteome_supplement	Cao2020_same_patient_cross_layer	TRUE	TRUE	FALSE	independent_cohort_orthogonal_calibration_not_exact_driver_event_replication								not_comparable	T0	not_identified_not_negative
ESCC_AXIS_00028	GENE:NOTCH3	NOTCH3:RNA	transcriptome	NOTCH3:protein	proteome	Cao2020_RNA_protein	limma logFC tumor_minus_normal pc1	0.505648036124808	median patient log2 tumor_vs_normal		same-patient Spearman rho				0	Cao 2020 RNA and proteome patient mapping; missing protein is not negative	Cao2020_GSE149609_proteome_supplement	Cao2020_same_patient_cross_layer	TRUE	TRUE	FALSE	independent_cohort_orthogonal_calibration_not_exact_driver_event_replication								not_comparable	T0	not_identified_not_negative
ESCC_AXIS_00004	GENE:NOTCH3	NOTCH3:CNV	genome_CNV	NOTCH3:RNA	transcriptome	TCGA_CNV_RNA_dosage	relative_log2_CNV_IQR	0	not_separate_from_association		Spearman rho					TCGA-ESCC driver core; same-patient CNV and RNA	TCGA_ESCC_DR45	TCGA_ESCC_DR45_driver_core_95	TRUE	FALSE	FALSE	direct_same_patient_CNV_RNA_no_external_replication								not_comparable	T0	not_evaluable_not_negative
ESCC_AXIS_00033	GENE:PIK3CA	PIK3CA:RNA	transcriptome	PIK3CA:protein	proteome	Cao2020_RNA_protein	limma logFC tumor_minus_normal pc1	0.601007684063865	median patient log2 tumor_vs_normal		same-patient Spearman rho				0	Cao 2020 RNA and proteome patient mapping; missing protein is not negative	Cao2020_GSE149609_proteome_supplement	Cao2020_same_patient_cross_layer	TRUE	TRUE	FALSE	independent_cohort_orthogonal_calibration_not_exact_driver_event_replication								not_comparable	T0	identified_not_quantified_not_negative
ESCC_AXIS_00029	GENE:PTCH1	PTCH1:RNA	transcriptome	PTCH1:protein	proteome	Cao2020_RNA_protein	limma logFC tumor_minus_normal pc1	-0.375415288024046	median patient log2 tumor_vs_normal		same-patient Spearman rho				0	Cao 2020 RNA and proteome patient mapping; missing protein is not negative	Cao2020_GSE149609_proteome_supplement	Cao2020_same_patient_cross_layer	TRUE	TRUE	FALSE	independent_cohort_orthogonal_calibration_not_exact_driver_event_replication								not_comparable	T0	not_identified_not_negative
ESCC_AXIS_00036	GENE:SMARCA4	SMARCA4:RNA	transcriptome	SMARCA4:protein	proteome	Cao2020_RNA_protein	limma logFC tumor_minus_normal pc1	0.136411402277065	median patient log2 tumor_vs_normal		same-patient Spearman rho				0	Cao 2020 RNA and proteome patient mapping; missing protein is not negative	Cao2020_GSE149609_proteome_supplement	Cao2020_same_patient_cross_layer	TRUE	TRUE	FALSE	independent_cohort_orthogonal_calibration_not_exact_driver_event_replication								not_comparable	T0	not_identified_not_negative
ESCC_AXIS_00012	GENE:SMARCA4	SMARCA4:CNV	genome_CNV	SMARCA4:RNA	transcriptome	TCGA_CNV_RNA_dosage	relative_log2_CNV_IQR	0	not_separate_from_association		Spearman rho					TCGA-ESCC driver core; same-patient CNV and RNA	TCGA_ESCC_DR45	TCGA_ESCC_DR45_driver_core_95	TRUE	FALSE	FALSE	direct_same_patient_CNV_RNA_no_external_replication								not_comparable	T0	not_evaluable_not_negative
ESCC_AXIS_00043	GENE:SMARCA4	SMARCA4:mutation	genome_mutation	Factor4	multiomics_state	TCGA_driver_state_internal					rank-biserial correlation: event minus reference	0.520525451559934	0.0228758204504946	0.167683937944865		TCGA-ESCC five-layer core; same patients and partially shared model inputs	TCGA_ESCC_DR45	TCGA_ESCC_DR45_driver_state_shared_patients	TRUE	FALSE	FALSE	predictor_feature_in_mofa_input	TCGA_DRIVER_STATE_0070	FALSE	1	1	1	1	0	same_direction_nonsignificant	T0	evaluable_but_level_factor_soft_qc
ESCC_AXIS_00035	GENE:TP53	TP53:RNA	transcriptome	TP53:protein	proteome	Cao2020_RNA_protein	limma logFC tumor_minus_normal pc1	0.249581407852044	median patient log2 tumor_vs_normal		same-patient Spearman rho				0	Cao 2020 RNA and proteome patient mapping; missing protein is not negative	Cao2020_GSE149609_proteome_supplement	Cao2020_same_patient_cross_layer	TRUE	TRUE	FALSE	independent_cohort_orthogonal_calibration_not_exact_driver_event_replication								not_comparable	T0	not_identified_not_negative
ESCC_AXIS_00044	GENE:TP53	TP53:relative_cnv	genome_CNV	Factor4	multiomics_state	TCGA_driver_state_internal					Spearman rho	0.208790276539727	0.0434323854449104	0.283940830828338		TCGA-ESCC five-layer core; same patients and partially shared model inputs	TCGA_ESCC_DR45	TCGA_ESCC_DR45_driver_state_shared_patients	TRUE	FALSE	FALSE	predictor_layer_in_mofa_input	TCGA_DRIVER_STATE_0059	FALSE	1	1	1	1	0	same_direction_nonsignificant	T0	evaluable_but_level_factor_soft_qc
ESCC_AXIS_00027	GENE:ZNF750	ZNF750:RNA	transcriptome	ZNF750:protein	proteome	Cao2020_RNA_protein	limma logFC tumor_minus_normal pc1	-1.47418514340141	median patient log2 tumor_vs_normal		same-patient Spearman rho				0	Cao 2020 RNA and proteome patient mapping; missing protein is not negative	Cao2020_GSE149609_proteome_supplement	Cao2020_same_patient_cross_layer	TRUE	TRUE	FALSE	independent_cohort_orthogonal_calibration_not_exact_driver_event_replication								not_comparable	T0	not_identified_not_negative
ESCC_AXIS_00003	GENE:ZNF750	ZNF750:CNV	genome_CNV	ZNF750:RNA	transcriptome	TCGA_CNV_RNA_dosage	relative_log2_CNV_IQR	0	not_separate_from_association		Spearman rho					TCGA-ESCC driver core; same-patient CNV and RNA	TCGA_ESCC_DR45	TCGA_ESCC_DR45_driver_core_95	TRUE	FALSE	FALSE	direct_same_patient_CNV_RNA_no_external_replication								not_comparable	T0	not_evaluable_not_negative
ESCC_AXIS_00135	STATE:Factor4	Factor4	multiomics_state	Trail	RNA_derived_pathway_activity	TCGA_ECMS_adjusted_factor_PROGENy	delta R2 after ECMS categorical baseline	0.11098699463139	partial R2	0.165774018525357	standardized factor beta after ECMS adjustment	-0.336799458878487	0.000288691740371458	0.00269445624346694	78	TCGA-ESCC official repository-anchor 78 patients; standardized PROGENy ~ ECMS + standardized MOFA factor	TCGA_ESCC_DR45	TCGA_ESCC_ECMS_official78_shared_RNA	TRUE	FALSE	FALSE	ECMS_and_PROGENy_RNA_derived_MOFA_contains_RNA								technical_background_level_factor	T0	evaluable_but_level_factor_soft_qc
ESCC_AXIS_00147	STATE:Factor4	Factor4	multiomics_state	VEGF	RNA_derived_pathway_activity	TCGA_ECMS_adjusted_factor_PROGENy	delta R2 after ECMS categorical baseline	0.0640957956105284	partial R2	0.0904107596751863	standardized factor beta after ECMS adjustment	0.255947039613295	0.00876156935654305	0.0408873236638676	78	TCGA-ESCC official repository-anchor 78 patients; standardized PROGENy ~ ECMS + standardized MOFA factor	TCGA_ESCC_DR45	TCGA_ESCC_ECMS_official78_shared_RNA	TRUE	FALSE	FALSE	ECMS_and_PROGENy_RNA_derived_MOFA_contains_RNA								technical_background_level_factor	T0	evaluable_but_level_factor_soft_qc
ESCC_AXIS_00162	STATE:Factor4	Factor4	multiomics_state	Androgen	RNA_derived_pathway_activity	TCGA_ECMS_adjusted_factor_PROGENy	delta R2 after ECMS categorical baseline	0.0422272547506079	partial R2	0.0434726288383555	standardized factor beta after ECMS adjustment	-0.207745566114924	0.0726332956963168	0.208587926102243	78	TCGA-ESCC official repository-anchor 78 patients; standardized PROGENy ~ ECMS + standardized MOFA factor	TCGA_ESCC_DR45	TCGA_ESCC_ECMS_official78_shared_RNA	TRUE	FALSE	FALSE	ECMS_and_PROGENy_RNA_derived_MOFA_contains_RNA								technical_background_level_factor	T0	evaluable_but_level_factor_soft_qc
ESCC_AXIS_00168	STATE:Factor4	Factor4	multiomics_state	JAK-STAT	RNA_derived_pathway_activity	TCGA_ECMS_adjusted_factor_PROGENy	delta R2 after ECMS categorical baseline	0.02960618847239	partial R2	0.0326336908461804	standardized factor beta after ECMS adjustment	-0.173950863555468	0.120908610286437	0.30092809671291	78	TCGA-ESCC official repository-anchor 78 patients; standardized PROGENy ~ ECMS + standardized MOFA factor	TCGA_ESCC_DR45	TCGA_ESCC_ECMS_official78_shared_RNA	TRUE	FALSE	FALSE	ECMS_and_PROGENy_RNA_derived_MOFA_contains_RNA								technical_background_level_factor	T0	evaluable_but_level_factor_soft_qc
ESCC_AXIS_00169	STATE:Factor4	Factor4	multiomics_state	NFkB	RNA_derived_pathway_activity	TCGA_ECMS_adjusted_factor_PROGENy	delta R2 after ECMS categorical baseline	0.0273738126148824	partial R2	0.0309560514789736	standardized factor beta after ECMS adjustment	-0.167264194845469	0.131061959604813	0.319107379907371	78	TCGA-ESCC official repository-anchor 78 patients; standardized PROGENy ~ ECMS + standardized MOFA factor	TCGA_ESCC_DR45	TCGA_ESCC_ECMS_official78_shared_RNA	TRUE	FALSE	FALSE	ECMS_and_PROGENy_RNA_derived_MOFA_contains_RNA								technical_background_level_factor	T0	evaluable_but_level_factor_soft_qc
ESCC_AXIS_00176	STATE:Factor4	Factor4	multiomics_state	TNFa	RNA_derived_pathway_activity	TCGA_ECMS_adjusted_factor_PROGENy	delta R2 after ECMS categorical baseline	0.0193806325347721	partial R2	0.0224655026979387	standardized factor beta after ECMS adjustment	-0.140740572379801	0.199315402185958	0.421194812166552	78	TCGA-ESCC official repository-anchor 78 patients; standardized PROGENy ~ ECMS + standardized MOFA factor	TCGA_ESCC_DR45	TCGA_ESCC_ECMS_official78_shared_RNA	TRUE	FALSE	FALSE	ECMS_and_PROGENy_RNA_derived_MOFA_contains_RNA								technical_background_level_factor	T0	evaluable_but_level_factor_soft_qc
ESCC_AXIS_00184	STATE:Factor4	Factor4	multiomics_state	Hypoxia	RNA_derived_pathway_activity	TCGA_ECMS_adjusted_factor_PROGENy	delta R2 after ECMS categorical baseline	0.0137295307139694	partial R2	0.0167551413190836	standardized factor beta after ECMS adjustment	-0.118457669935289	0.268365895974917	0.488437417044609	78	TCGA-ESCC official repository-anchor 78 patients; standardized PROGENy ~ ECMS + standardized MOFA factor	TCGA_ESCC_DR45	TCGA_ESCC_ECMS_official78_shared_RNA	TRUE	FALSE	FALSE	ECMS_and_PROGENy_RNA_derived_MOFA_contains_RNA								technical_background_level_factor	T0	evaluable_but_level_factor_soft_qc
ESCC_AXIS_00186	STATE:Factor4	Factor4	multiomics_state	MAPK	RNA_derived_pathway_activity	TCGA_ECMS_adjusted_factor_PROGENy	delta R2 after ECMS categorical baseline	0.0118617780537517	partial R2	0.0147969180577275	standardized factor beta after ECMS adjustment	0.11010580999535	0.298512493373918	0.530688877109188	78	TCGA-ESCC official repository-anchor 78 patients; standardized PROGENy ~ ECMS + standardized MOFA factor	TCGA_ESCC_DR45	TCGA_ESCC_ECMS_official78_shared_RNA	TRUE	FALSE	FALSE	ECMS_and_PROGENy_RNA_derived_MOFA_contains_RNA								technical_background_level_factor	T0	evaluable_but_level_factor_soft_qc
ESCC_AXIS_00201	STATE:Factor4	Factor4	multiomics_state	PI3K	RNA_derived_pathway_activity	TCGA_ECMS_adjusted_factor_PROGENy	delta R2 after ECMS categorical baseline	0.00424094323368428	partial R2	0.00468348790850215	standardized factor beta after ECMS adjustment	-0.0658364748561175	0.559621772512513	0.803559468223096	78	TCGA-ESCC official repository-anchor 78 patients; standardized PROGENy ~ ECMS + standardized MOFA factor	TCGA_ESCC_DR45	TCGA_ESCC_ECMS_official78_shared_RNA	TRUE	FALSE	FALSE	ECMS_and_PROGENy_RNA_derived_MOFA_contains_RNA								technical_background_level_factor	T0	evaluable_but_level_factor_soft_qc
ESCC_AXIS_00203	STATE:Factor4	Factor4	multiomics_state	Estrogen	RNA_derived_pathway_activity	TCGA_ECMS_adjusted_factor_PROGENy	delta R2 after ECMS categorical baseline	0.00324666299991089	partial R2	0.003426661268011	standardized factor beta after ECMS adjustment	0.0576041728866457	0.617874714966451	0.865024600953032	78	TCGA-ESCC official repository-anchor 78 patients; standardized PROGENy ~ ECMS + standardized MOFA factor	TCGA_ESCC_DR45	TCGA_ESCC_ECMS_official78_shared_RNA	TRUE	FALSE	FALSE	ECMS_and_PROGENy_RNA_derived_MOFA_contains_RNA								technical_background_level_factor	T0	evaluable_but_level_factor_soft_qc
ESCC_AXIS_00211	STATE:Factor4	Factor4	multiomics_state	p53	RNA_derived_pathway_activity	TCGA_ECMS_adjusted_factor_PROGENy	delta R2 after ECMS categorical baseline	0.00161079637701672	partial R2	0.00190057849535322	standardized factor beta after ECMS adjustment	-0.0405747321342063	0.710351135694973	0.894762718066069	78	TCGA-ESCC official repository-anchor 78 patients; standardized PROGENy ~ ECMS + standardized MOFA factor	TCGA_ESCC_DR45	TCGA_ESCC_ECMS_official78_shared_RNA	TRUE	FALSE	FALSE	ECMS_and_PROGENy_RNA_derived_MOFA_contains_RNA								technical_background_level_factor	T0	evaluable_but_level_factor_soft_qc
ESCC_AXIS_00214	STATE:Factor4	Factor4	multiomics_state	WNT	RNA_derived_pathway_activity	TCGA_ECMS_adjusted_factor_PROGENy	delta R2 after ECMS categorical baseline	0.00111301206278513	partial R2	0.0013952540935446	standardized factor beta after ECMS adjustment	-0.0337275872887901	0.750359687761777	0.919005567276895	78	TCGA-ESCC official repository-anchor 78 patients; standardized PROGENy ~ ECMS + standardized MOFA factor	TCGA_ESCC_DR45	TCGA_ESCC_ECMS_official78_shared_RNA	TRUE	FALSE	FALSE	ECMS_and_PROGENy_RNA_derived_MOFA_contains_RNA								technical_background_level_factor	T0	evaluable_but_level_factor_soft_qc
ESCC_AXIS_00219	STATE:Factor4	Factor4	multiomics_state	EGFR	RNA_derived_pathway_activity	TCGA_ECMS_adjusted_factor_PROGENy	delta R2 after ECMS categorical baseline	0.000644475840095027	partial R2	0.000925572795686784	standardized factor beta after ECMS adjustment	0.0256648458417382	0.795552242747459	0.926840212089025	78	TCGA-ESCC official repository-anchor 78 patients; standardized PROGENy ~ ECMS + standardized MOFA factor	TCGA_ESCC_DR45	TCGA_ESCC_ECMS_official78_shared_RNA	TRUE	FALSE	FALSE	ECMS_and_PROGENy_RNA_derived_MOFA_contains_RNA								technical_background_level_factor	T0	evaluable_but_level_factor_soft_qc
ESCC_AXIS_00227	STATE:Factor4	Factor4	multiomics_state	TGFb	RNA_derived_pathway_activity	TCGA_ECMS_adjusted_factor_PROGENy	delta R2 after ECMS categorical baseline	0.000194521706876782	partial R2	0.000274883198863209	standardized factor beta after ECMS adjustment	0.0141000085235761	0.887726469182736	0.956013120658331	78	TCGA-ESCC official repository-anchor 78 patients; standardized PROGENy ~ ECMS + standardized MOFA factor	TCGA_ESCC_DR45	TCGA_ESCC_ECMS_official78_shared_RNA	TRUE	FALSE	FALSE	ECMS_and_PROGENy_RNA_derived_MOFA_contains_RNA								technical_background_level_factor	T0	evaluable_but_level_factor_soft_qc
ESCC_AXIS_00123	STATE:Factor4	ECMS1-4 locked expression benchmark	external_expression_classifier_state	Factor4	multiomics_state	TCGA_ECMS_factor_explanatory					eta_squared categorical separation	0.0215709889012238	0.586878768472178	0.653837538043157	78	TCGA-ESCC official repository-anchor 78 patients; ECMS and MOFA share TCGA RNA representation	TCGA_ESCC_DR45	TCGA_ESCC_ECMS_official78_shared_RNA	TRUE	FALSE	FALSE	ECMS_RNA_derived_and_MOFA_contains_RNA								technical_background_level_factor	T0	evaluable_but_level_factor_soft_qc
