model_variant	factor	repeat_id	patient_id	outer_fold	observed_factor_score	oof_predicted_factor_score	residual	inner_selected_lambda_1se	orientation_flipped_after_outcome
ridge314_primary	Factor1	1	TCGA-IG-A3I8	1	0.24676987528801	0.625628736335712	-0.378858861047703	13.426130421806	FALSE
ridge314_primary	Factor1	1	TCGA-IG-A3QL	2	2.54458022117615	1.25420667621832	1.29037354495783	10.500185045785	FALSE
ridge314_primary	Factor1	1	TCGA-IG-A3YA	1	0.144667848944664	-0.0635426984637703	0.208210547408434	13.426130421806	FALSE
ridge314_primary	Factor1	1	TCGA-IG-A3YB	3	-0.866281390190125	-0.206511491167081	-0.659769899023044	11.4318763876352	FALSE
ridge314_primary	Factor1	1	TCGA-IG-A3YC	3	-0.79561573266983	-0.661532950394257	-0.134082782275573	11.4318763876352	FALSE
ridge314_primary	Factor1	1	TCGA-IG-A4P3	4	0.196520000696182	-0.68127001144726	0.877790012143442	13.1022759910603	FALSE
ridge314_primary	Factor1	1	TCGA-IG-A50L	5	0.837116003036499	0.492588187932911	0.344527815103588	12.1564610614177	FALSE
ridge314_primary	Factor1	1	TCGA-IG-A51D	1	-1.29975271224976	-0.363870569944853	-0.935882142304907	13.426130421806	FALSE
ridge314_primary	Factor1	1	TCGA-IG-A5B8	1	-1.5638622045517	-0.891051808526732	-0.672810396024968	13.426130421806	FALSE
ridge314_primary	Factor1	1	TCGA-IG-A5S3	1	-0.12177149951458	0.798295083406813	-0.920066582921393	13.426130421806	FALSE
ridge314_primary	Factor1	1	TCGA-IG-A625	2	1.95474624633789	1.05326592735619	0.901480318981703	10.500185045785	FALSE
ridge314_primary	Factor1	1	TCGA-IG-A6QS	4	-1.38964557647705	-0.559640950598238	-0.830004625878812	13.1022759910603	FALSE
ridge314_primary	Factor1	1	TCGA-IG-A8O2	2	0.541013836860657	0.448358985219262	0.0926548516413951	10.500185045785	FALSE
ridge314_primary	Factor1	1	TCGA-IG-A97H	5	-0.0436014793813229	-0.717475074632811	0.673873595251488	12.1564610614177	FALSE
ridge314_primary	Factor1	1	TCGA-IG-A97I	3	0.195611760020256	-0.286330157441961	0.481941917462217	11.4318763876352	FALSE
ridge314_primary	Factor1	1	TCGA-JY-A6FD	4	-1.12422180175781	-0.822158944655	-0.30206285710281	13.1022759910603	FALSE
ridge314_primary	Factor1	1	TCGA-JY-A6FE	1	-0.3648741543293	-0.249791148961585	-0.115083005367715	13.426130421806	FALSE
ridge314_primary	Factor1	1	TCGA-JY-A6FG	3	-1.82158958911896	-0.312031001354853	-1.50955858776411	11.4318763876352	FALSE
ridge314_primary	Factor1	1	TCGA-JY-A93F	2	-1.8310741186142	-0.582609496811589	-1.24846462180261	10.500185045785	FALSE
ridge314_primary	Factor1	1	TCGA-KH-A6WC	5	-0.495984196662903	-0.359311467923186	-0.136672728739717	12.1564610614177	FALSE
ridge314_primary	Factor1	1	TCGA-L5-A43J	5	-0.48718187212944	-0.3891553032157	-0.0980265689137404	12.1564610614177	FALSE
ridge314_primary	Factor1	1	TCGA-L5-A4OM	1	0.392181187868118	0.240576466992924	0.151604720875194	13.426130421806	FALSE
ridge314_primary	Factor1	1	TCGA-L5-A88S	4	-1.02788424491882	0.07396569041151	-1.10184993533033	13.1022759910603	FALSE
ridge314_primary	Factor1	1	TCGA-L5-A88W	3	-1.4298038482666	-0.728494393969356	-0.701309454297244	11.4318763876352	FALSE
ridge314_primary	Factor1	1	TCGA-L5-A88Z	3	1.54053568840027	1.18189384755751	0.358641840842765	11.4318763876352	FALSE
ridge314_primary	Factor1	1	TCGA-L5-A8NK	4	-0.631154298782349	-0.46977404736693	-0.161380251415419	13.1022759910603	FALSE
ridge314_primary	Factor1	1	TCGA-L5-A8NQ	5	-0.988180816173553	-0.759787772467603	-0.22839304370595	12.1564610614177	FALSE
ridge314_primary	Factor1	1	TCGA-L7-A56G	5	-0.00663447054103017	-0.280358825974255	0.273724355433225	12.1564610614177	FALSE
ridge314_primary	Factor1	1	TCGA-LN-A49M	2	-1.35227811336517	-0.569841580687774	-0.782436532677396	10.500185045785	FALSE
ridge314_primary	Factor1	1	TCGA-LN-A49O	2	-1.25918996334076	-0.988676847146031	-0.270513116194729	10.500185045785	FALSE
ridge314_primary	Factor1	1	TCGA-LN-A49P	4	0.384184151887894	-0.109275920314339	0.493460072202233	13.1022759910603	FALSE
ridge314_primary	Factor1	1	TCGA-LN-A49S	4	-0.679978013038635	-0.232959882296069	-0.447018130742566	13.1022759910603	FALSE
ridge314_primary	Factor1	1	TCGA-LN-A49U	3	1.28356349468231	0.728718553685757	0.554844940996553	11.4318763876352	FALSE
ridge314_primary	Factor1	1	TCGA-LN-A49W	5	-1.40213918685913	-0.810770984548777	-0.591368202310353	12.1564610614177	FALSE
ridge314_primary	Factor1	1	TCGA-LN-A49X	3	-0.535914719104767	-0.223939978002841	-0.311974741101926	11.4318763876352	FALSE
ridge314_primary	Factor1	1	TCGA-LN-A49Y	3	-0.0604930892586708	0.56245279509708	-0.622945884355751	11.4318763876352	FALSE
ridge314_primary	Factor1	1	TCGA-LN-A4A1	3	-0.729122936725617	-0.612427681611842	-0.116695255113775	11.4318763876352	FALSE
ridge314_primary	Factor1	1	TCGA-LN-A4A3	5	-0.898725807666779	-0.434698138915692	-0.464027668751087	12.1564610614177	FALSE
ridge314_primary	Factor1	1	TCGA-LN-A4A4	5	0.976603209972382	0.66018497610519	0.316418233867192	12.1564610614177	FALSE
ridge314_primary	Factor1	1	TCGA-LN-A4A5	3	-0.822579443454742	-0.402556536589718	-0.420022906865024	11.4318763876352	FALSE
ridge314_primary	Factor1	1	TCGA-LN-A4A8	4	-0.156477704644203	0.106996154810638	-0.263473859454841	13.1022759910603	FALSE
ridge314_primary	Factor1	1	TCGA-LN-A4A9	1	-1.29563093185425	-1.21186208514616	-0.0837688467080915	13.426130421806	FALSE
ridge314_primary	Factor1	1	TCGA-LN-A4MQ	4	1.61631655693054	1.25536248654452	0.360954070386018	13.1022759910603	FALSE
ridge314_primary	Factor1	1	TCGA-LN-A5U5	5	0.401715189218521	1.38025750877775	-0.978542319559229	12.1564610614177	FALSE
ridge314_primary	Factor1	1	TCGA-LN-A5U6	3	0.735014319419861	0.0153890659937017	0.719625253426159	11.4318763876352	FALSE
ridge314_primary	Factor1	1	TCGA-LN-A5U7	3	1.45523107051849	0.46845128405673	0.98677978646176	11.4318763876352	FALSE
ridge314_primary	Factor1	1	TCGA-LN-A7HV	1	-0.226163685321808	-0.0734806847039329	-0.152683000617875	13.426130421806	FALSE
ridge314_primary	Factor1	1	TCGA-LN-A7HW	5	2.27037715911865	1.01566752314842	1.25470963597023	12.1564610614177	FALSE
ridge314_primary	Factor1	1	TCGA-LN-A7HX	2	-0.115487024188042	-0.360332647118129	0.244845622930087	10.500185045785	FALSE
ridge314_primary	Factor1	1	TCGA-LN-A7HY	1	-0.789646327495575	0.275244784740021	-1.0648911122356	13.426130421806	FALSE
ridge314_primary	Factor1	1	TCGA-LN-A7HZ	1	1.74072921276093	0.635717837416345	1.10501137534458	13.426130421806	FALSE
ridge314_primary	Factor1	1	TCGA-LN-A8HZ	4	1.83199214935303	0.84849205402576	0.98350009532727	13.1022759910603	FALSE
ridge314_primary	Factor1	1	TCGA-LN-A8I0	2	1.16729402542114	0.209667813798407	0.957626211622732	10.500185045785	FALSE
ridge314_primary	Factor1	1	TCGA-LN-A8I1	3	0.228728458285332	0.135849434017913	0.0928790242674188	11.4318763876352	FALSE
ridge314_primary	Factor1	1	TCGA-LN-A9FO	1	-1.13410973548889	-0.491258908182406	-0.642850827306484	13.426130421806	FALSE
ridge314_primary	Factor1	1	TCGA-LN-A9FP	4	0.00534352008253336	0.357632639714552	-0.352289119632019	13.1022759910603	FALSE
ridge314_primary	Factor1	1	TCGA-LN-A9FQ	2	1.91045224666595	1.03468029694299	0.875771949722961	10.500185045785	FALSE
ridge314_primary	Factor1	1	TCGA-LN-A9FR	3	0.439607352018356	0.351665494557623	0.087941857460733	11.4318763876352	FALSE
ridge314_primary	Factor1	1	TCGA-S8-A6BW	5	2.16162419319153	1.0108558136768	1.15076837951473	12.1564610614177	FALSE
ridge314_primary	Factor1	1	TCGA-V5-A7RC	4	1.74002206325531	0.352836425338913	1.3871856379164	13.1022759910603	FALSE
ridge314_primary	Factor1	1	TCGA-V5-AASV	1	-1.48267495632172	-0.465770519412731	-1.01690443690899	13.426130421806	FALSE
ridge314_primary	Factor1	1	TCGA-VR-A8EO	2	0.118362635374069	0.368448724341945	-0.250086088967876	10.500185045785	FALSE
ridge314_primary	Factor1	1	TCGA-VR-A8EP	1	0.779810667037964	0.552512432443431	0.227298234594533	13.426130421806	FALSE
ridge314_primary	Factor1	1	TCGA-VR-A8ER	2	1.47504675388336	0.749974639636769	0.725072114246591	10.500185045785	FALSE
ridge314_primary	Factor1	1	TCGA-VR-A8ET	2	-1.34731888771057	-0.40321431496504	-0.94410457274553	10.500185045785	FALSE
ridge314_primary	Factor1	1	TCGA-VR-A8EU	2	-0.670289278030396	-0.351260135501619	-0.319029142528777	10.500185045785	FALSE
ridge314_primary	Factor1	1	TCGA-VR-A8EW	2	1.2442399263382	0.425885202668215	0.818354723669985	10.500185045785	FALSE
ridge314_primary	Factor1	1	TCGA-VR-A8EX	4	-0.196710988879204	-0.404848542584419	0.208137553705215	13.1022759910603	FALSE
ridge314_primary	Factor1	1	TCGA-VR-A8EY	1	0.291961848735809	0.223136182171544	0.0688256665642648	13.426130421806	FALSE
ridge314_primary	Factor1	1	TCGA-VR-A8EZ	3	1.81589078903198	1.29694892384718	0.5189418651848	11.4318763876352	FALSE
ridge314_primary	Factor1	1	TCGA-VR-AA4G	5	-0.0592466592788696	-0.438635168305515	0.379388509026646	12.1564610614177	FALSE
ridge314_primary	Factor1	1	TCGA-VR-AA7I	5	-0.988227009773254	-0.940293828077768	-0.0479331816954859	12.1564610614177	FALSE
ridge314_primary	Factor1	1	TCGA-XP-A8T6	5	0.683912694454193	0.391701879460984	0.292210814993209	12.1564610614177	FALSE
ridge314_primary	Factor1	1	TCGA-XP-A8T8	2	1.18388688564301	0.403246322224728	0.780640563418283	10.500185045785	FALSE
ridge314_primary	Factor1	1	TCGA-Z6-A8JD	2	-1.18483340740204	-0.964423384764788	-0.220410022637252	10.500185045785	FALSE
ridge314_primary	Factor1	1	TCGA-Z6-A8JE	1	-0.456298410892487	0.680176368474813	-1.1364747793673	13.426130421806	FALSE
ridge314_primary	Factor1	1	TCGA-Z6-A9VB	4	1.28026008605957	0.862218046269443	0.418042039790127	13.1022759910603	FALSE
ridge314_primary	Factor1	1	TCGA-Z6-AAPN	4	-1.29205822944641	-0.798584456060623	-0.493473773385787	13.1022759910603	FALSE
ridge314_primary	Factor1	2	TCGA-IG-A3I8	4	0.24676987528801	0.417074007664828	-0.170304132376818	11.0109116061688	FALSE
ridge314_primary	Factor1	2	TCGA-IG-A3QL	5	2.54458022117615	1.27525712615708	1.26932309501907	13.9319466078686	FALSE
ridge314_primary	Factor1	2	TCGA-IG-A3YA	1	0.144667848944664	-0.211850247208364	0.356518096153028	11.9819739322024	FALSE
ridge314_primary	Factor1	2	TCGA-IG-A3YB	3	-0.866281390190125	-0.333268837420371	-0.533012552769754	15.2075482491225	FALSE
ridge314_primary	Factor1	2	TCGA-IG-A3YC	2	-0.79561573266983	-0.532070408106233	-0.263545324563597	12.7922747668938	FALSE
ridge314_primary	Factor1	2	TCGA-IG-A4P3	3	0.196520000696182	-0.670519073765913	0.867039074462095	15.2075482491225	FALSE
ridge314_primary	Factor1	2	TCGA-IG-A50L	4	0.837116003036499	0.43635159618025	0.400764406856249	11.0109116061688	FALSE
ridge314_primary	Factor1	2	TCGA-IG-A51D	2	-1.29975271224976	-0.403757151679156	-0.895995560570604	12.7922747668938	FALSE
ridge314_primary	Factor1	2	TCGA-IG-A5B8	2	-1.5638622045517	-0.855358557582134	-0.708503646969566	12.7922747668938	FALSE
ridge314_primary	Factor1	2	TCGA-IG-A5S3	5	-0.12177149951458	0.567069277538085	-0.688840777052665	13.9319466078686	FALSE
ridge314_primary	Factor1	2	TCGA-IG-A625	2	1.95474624633789	1.13981037471429	0.814935871623596	12.7922747668938	FALSE
ridge314_primary	Factor1	2	TCGA-IG-A6QS	1	-1.38964557647705	-0.609249236979874	-0.780396339497176	11.9819739322024	FALSE
ridge314_primary	Factor1	2	TCGA-IG-A8O2	5	0.541013836860657	0.545493345262762	-0.00447950840210498	13.9319466078686	FALSE
ridge314_primary	Factor1	2	TCGA-IG-A97H	2	-0.0436014793813229	-0.633892852791841	0.590291373410518	12.7922747668938	FALSE
ridge314_primary	Factor1	2	TCGA-IG-A97I	5	0.195611760020256	-0.224333439955964	0.41994519997622	13.9319466078686	FALSE
ridge314_primary	Factor1	2	TCGA-JY-A6FD	5	-1.12422180175781	-0.810160284071064	-0.314061517686747	13.9319466078686	FALSE
ridge314_primary	Factor1	2	TCGA-JY-A6FE	1	-0.3648741543293	-0.41265062989568	0.0477764755663804	11.9819739322024	FALSE
ridge314_primary	Factor1	2	TCGA-JY-A6FG	5	-1.82158958911896	-0.37352687454774	-1.44806271457122	13.9319466078686	FALSE
ridge314_primary	Factor1	2	TCGA-JY-A93F	4	-1.8310741186142	-0.515426283562112	-1.31564783505209	11.0109116061688	FALSE
ridge314_primary	Factor1	2	TCGA-KH-A6WC	1	-0.495984196662903	-0.311726669766918	-0.184257526895985	11.9819739322024	FALSE
ridge314_primary	Factor1	2	TCGA-L5-A43J	1	-0.48718187212944	-0.405790549009355	-0.0813913231200851	11.9819739322024	FALSE
ridge314_primary	Factor1	2	TCGA-L5-A4OM	3	0.392181187868118	0.042211200459667	0.349969987408451	15.2075482491225	FALSE
ridge314_primary	Factor1	2	TCGA-L5-A88S	1	-1.02788424491882	0.00815653543224449	-1.03604078035106	11.9819739322024	FALSE
ridge314_primary	Factor1	2	TCGA-L5-A88W	2	-1.4298038482666	-0.766370028797958	-0.663433819468643	12.7922747668938	FALSE
ridge314_primary	Factor1	2	TCGA-L5-A88Z	5	1.54053568840027	1.014711775615	0.525823912785269	13.9319466078686	FALSE
ridge314_primary	Factor1	2	TCGA-L5-A8NK	2	-0.631154298782349	-0.394930767640833	-0.236223531141516	12.7922747668938	FALSE
ridge314_primary	Factor1	2	TCGA-L5-A8NQ	4	-0.988180816173553	-0.618748027028296	-0.369432789145257	11.0109116061688	FALSE
ridge314_primary	Factor1	2	TCGA-L7-A56G	3	-0.00663447054103017	-0.317496310520432	0.310861839979402	15.2075482491225	FALSE
ridge314_primary	Factor1	2	TCGA-LN-A49M	5	-1.35227811336517	-0.53326678780994	-0.81901132555523	13.9319466078686	FALSE
ridge314_primary	Factor1	2	TCGA-LN-A49O	3	-1.25918996334076	-1.06746174462109	-0.191728218719668	15.2075482491225	FALSE
ridge314_primary	Factor1	2	TCGA-LN-A49P	1	0.384184151887894	-0.156487037148433	0.540671189036327	11.9819739322024	FALSE
ridge314_primary	Factor1	2	TCGA-LN-A49S	5	-0.679978013038635	-0.114687247611657	-0.565290765426978	13.9319466078686	FALSE
ridge314_primary	Factor1	2	TCGA-LN-A49U	2	1.28356349468231	0.771168679240013	0.512394815442297	12.7922747668938	FALSE
ridge314_primary	Factor1	2	TCGA-LN-A49W	1	-1.40213918685913	-1.02271153429213	-0.379427652567001	11.9819739322024	FALSE
ridge314_primary	Factor1	2	TCGA-LN-A49X	2	-0.535914719104767	-0.18522570316019	-0.350689015944577	12.7922747668938	FALSE
ridge314_primary	Factor1	2	TCGA-LN-A49Y	2	-0.0604930892586708	0.607283650437477	-0.667776739696147	12.7922747668938	FALSE
ridge314_primary	Factor1	2	TCGA-LN-A4A1	4	-0.729122936725617	-0.603582810436791	-0.125540126288826	11.0109116061688	FALSE
ridge314_primary	Factor1	2	TCGA-LN-A4A3	4	-0.898725807666779	-0.378893260645274	-0.519832547021505	11.0109116061688	FALSE
ridge314_primary	Factor1	2	TCGA-LN-A4A4	5	0.976603209972382	0.698356981908558	0.278246228063825	13.9319466078686	FALSE
ridge314_primary	Factor1	2	TCGA-LN-A4A5	4	-0.822579443454742	-0.470326095352751	-0.352253348101991	11.0109116061688	FALSE
ridge314_primary	Factor1	2	TCGA-LN-A4A8	3	-0.156477704644203	0.297797798286509	-0.454275502930712	15.2075482491225	FALSE
ridge314_primary	Factor1	2	TCGA-LN-A4A9	4	-1.29563093185425	-1.2067411490357	-0.0888897828185526	11.0109116061688	FALSE
ridge314_primary	Factor1	2	TCGA-LN-A4MQ	5	1.61631655693054	1.1520839579655	0.464232598965044	13.9319466078686	FALSE
ridge314_primary	Factor1	2	TCGA-LN-A5U5	2	0.401715189218521	0.664743806314062	-0.263028617095541	12.7922747668938	FALSE
ridge314_primary	Factor1	2	TCGA-LN-A5U6	4	0.735014319419861	0.00408522727752884	0.730929092142332	11.0109116061688	FALSE
ridge314_primary	Factor1	2	TCGA-LN-A5U7	5	1.45523107051849	0.4363846469855	1.01884642353299	13.9319466078686	FALSE
ridge314_primary	Factor1	2	TCGA-LN-A7HV	2	-0.226163685321808	-0.155136177915493	-0.0710275074063152	12.7922747668938	FALSE
ridge314_primary	Factor1	2	TCGA-LN-A7HW	4	2.27037715911865	0.903683212673685	1.36669394644497	11.0109116061688	FALSE
ridge314_primary	Factor1	2	TCGA-LN-A7HX	3	-0.115487024188042	-0.410985647906279	0.295498623718237	15.2075482491225	FALSE
ridge314_primary	Factor1	2	TCGA-LN-A7HY	3	-0.789646327495575	0.153337258402358	-0.942983585897933	15.2075482491225	FALSE
ridge314_primary	Factor1	2	TCGA-LN-A7HZ	1	1.74072921276093	0.408947146141117	1.33178206661981	11.9819739322024	FALSE
ridge314_primary	Factor1	2	TCGA-LN-A8HZ	2	1.83199214935303	0.941636600754149	0.890355548598881	12.7922747668938	FALSE
ridge314_primary	Factor1	2	TCGA-LN-A8I0	4	1.16729402542114	0.197042233807531	0.970251791613609	11.0109116061688	FALSE
ridge314_primary	Factor1	2	TCGA-LN-A8I1	1	0.228728458285332	0.0467215843057266	0.182006873979605	11.9819739322024	FALSE
ridge314_primary	Factor1	2	TCGA-LN-A9FO	2	-1.13410973548889	-0.426682916799313	-0.707426818689577	12.7922747668938	FALSE
ridge314_primary	Factor1	2	TCGA-LN-A9FP	1	0.00534352008253336	0.253292081043812	-0.247948560961278	11.9819739322024	FALSE
ridge314_primary	Factor1	2	TCGA-LN-A9FQ	3	1.91045224666595	1.15355831677523	0.756893929890724	15.2075482491225	FALSE
ridge314_primary	Factor1	2	TCGA-LN-A9FR	2	0.439607352018356	0.375339301192357	0.0642680508259992	12.7922747668938	FALSE
ridge314_primary	Factor1	2	TCGA-S8-A6BW	4	2.16162419319153	0.969710327543324	1.19191386564821	11.0109116061688	FALSE
ridge314_primary	Factor1	2	TCGA-V5-A7RC	1	1.74002206325531	0.306869708988107	1.4331523542672	11.9819739322024	FALSE
ridge314_primary	Factor1	2	TCGA-V5-AASV	4	-1.48267495632172	-0.452379849204176	-1.03029510711754	11.0109116061688	FALSE
ridge314_primary	Factor1	2	TCGA-VR-A8EO	5	0.118362635374069	0.382005578092938	-0.263642942718869	13.9319466078686	FALSE
ridge314_primary	Factor1	2	TCGA-VR-A8EP	5	0.779810667037964	0.484075544624864	0.2957351224131	13.9319466078686	FALSE
ridge314_primary	Factor1	2	TCGA-VR-A8ER	3	1.47504675388336	0.865696477563699	0.609350276319661	15.2075482491225	FALSE
ridge314_primary	Factor1	2	TCGA-VR-A8ET	1	-1.34731888771057	-0.30158464806906	-1.04573423964151	11.9819739322024	FALSE
ridge314_primary	Factor1	2	TCGA-VR-A8EU	1	-0.670289278030396	-0.314414016924931	-0.355875261105465	11.9819739322024	FALSE
ridge314_primary	Factor1	2	TCGA-VR-A8EW	5	1.2442399263382	0.450127613355884	0.794112312982316	13.9319466078686	FALSE
ridge314_primary	Factor1	2	TCGA-VR-A8EX	3	-0.196710988879204	-0.446299327858978	0.249588338979774	15.2075482491225	FALSE
ridge314_primary	Factor1	2	TCGA-VR-A8EY	3	0.291961848735809	0.0701969419505445	0.221764906785264	15.2075482491225	FALSE
ridge314_primary	Factor1	2	TCGA-VR-A8EZ	4	1.81589078903198	1.08156283309838	0.734327955933602	11.0109116061688	FALSE
ridge314_primary	Factor1	2	TCGA-VR-AA4G	4	-0.0592466592788696	-0.402858917499919	0.343612258221049	11.0109116061688	FALSE
ridge314_primary	Factor1	2	TCGA-VR-AA7I	1	-0.988227009773254	-0.99689919844333	0.00867218867007591	11.9819739322024	FALSE
ridge314_primary	Factor1	2	TCGA-XP-A8T6	3	0.683912694454193	0.234542860290912	0.449369834163281	15.2075482491225	FALSE
ridge314_primary	Factor1	2	TCGA-XP-A8T8	3	1.18388688564301	0.276838675878392	0.907048209764618	15.2075482491225	FALSE
ridge314_primary	Factor1	2	TCGA-Z6-A8JD	3	-1.18483340740204	-1.07085479376036	-0.113978613641682	15.2075482491225	FALSE
ridge314_primary	Factor1	2	TCGA-Z6-A8JE	3	-0.456298410892487	0.671907866226255	-1.12820627711874	15.2075482491225	FALSE
ridge314_primary	Factor1	2	TCGA-Z6-A9VB	1	1.28026008605957	0.952667398399811	0.327592687659759	11.9819739322024	FALSE
ridge314_primary	Factor1	2	TCGA-Z6-AAPN	2	-1.29205822944641	-0.730892268373763	-0.561165961072647	12.7922747668938	FALSE
ridge314_primary	Factor1	3	TCGA-IG-A3I8	2	0.24676987528801	0.393291734771917	-0.146521859483907	13.1857213499215	FALSE
ridge314_primary	Factor1	3	TCGA-IG-A3QL	5	2.54458022117615	1.17785763065723	1.36672259051892	15.2811661920169	FALSE
ridge314_primary	Factor1	3	TCGA-IG-A3YA	4	0.144667848944664	-0.0998726781799617	0.244540527124626	13.5331079230535	FALSE
ridge314_primary	Factor1	3	TCGA-IG-A3YB	3	-0.866281390190125	-0.262366074097453	-0.603915316092672	14.5753732429282	FALSE
ridge314_primary	Factor1	3	TCGA-IG-A3YC	4	-0.79561573266983	-0.629679054732209	-0.165936677937621	13.5331079230535	FALSE
ridge314_primary	Factor1	3	TCGA-IG-A4P3	1	0.196520000696182	-0.588443776678103	0.784963777374285	12.0853707106385	FALSE
ridge314_primary	Factor1	3	TCGA-IG-A50L	3	0.837116003036499	0.529494000055617	0.307622002980883	14.5753732429282	FALSE
ridge314_primary	Factor1	3	TCGA-IG-A51D	3	-1.29975271224976	-0.394877030436995	-0.904875681812765	14.5753732429282	FALSE
ridge314_primary	Factor1	3	TCGA-IG-A5B8	2	-1.5638622045517	-0.936369814444141	-0.62749239010756	13.1857213499215	FALSE
ridge314_primary	Factor1	3	TCGA-IG-A5S3	4	-0.12177149951458	0.714035992587865	-0.835807492102445	13.5331079230535	FALSE
ridge314_primary	Factor1	3	TCGA-IG-A625	2	1.95474624633789	0.992750147195983	0.961996099141907	13.1857213499215	FALSE
ridge314_primary	Factor1	3	TCGA-IG-A6QS	5	-1.38964557647705	-0.456294147898483	-0.933351428578567	15.2811661920169	FALSE
ridge314_primary	Factor1	3	TCGA-IG-A8O2	2	0.541013836860657	0.4876506933	0.0533631435606568	13.1857213499215	FALSE
ridge314_primary	Factor1	3	TCGA-IG-A97H	3	-0.0436014793813229	-0.683909196045937	0.640307716664614	14.5753732429282	FALSE
ridge314_primary	Factor1	3	TCGA-IG-A97I	1	0.195611760020256	-0.25034167162359	0.445953431643846	12.0853707106385	FALSE
ridge314_primary	Factor1	3	TCGA-JY-A6FD	2	-1.12422180175781	-0.738622812531508	-0.385598989226302	13.1857213499215	FALSE
ridge314_primary	Factor1	3	TCGA-JY-A6FE	4	-0.3648741543293	-0.299561129023122	-0.0653130253061777	13.5331079230535	FALSE
ridge314_primary	Factor1	3	TCGA-JY-A6FG	3	-1.82158958911896	-0.170810190466706	-1.65077939865225	14.5753732429282	FALSE
ridge314_primary	Factor1	3	TCGA-JY-A93F	3	-1.8310741186142	-0.38162107766531	-1.44945304094889	14.5753732429282	FALSE
ridge314_primary	Factor1	3	TCGA-KH-A6WC	5	-0.495984196662903	-0.381686815661258	-0.114297381001645	15.2811661920169	FALSE
ridge314_primary	Factor1	3	TCGA-L5-A43J	3	-0.48718187212944	-0.411942817415926	-0.0752390547135143	14.5753732429282	FALSE
ridge314_primary	Factor1	3	TCGA-L5-A4OM	2	0.392181187868118	0.115036190583411	0.277144997284707	13.1857213499215	FALSE
ridge314_primary	Factor1	3	TCGA-L5-A88S	5	-1.02788424491882	-0.050918155331879	-0.976966089586941	15.2811661920169	FALSE
ridge314_primary	Factor1	3	TCGA-L5-A88W	2	-1.4298038482666	-0.75965177739709	-0.67015207086951	13.1857213499215	FALSE
ridge314_primary	Factor1	3	TCGA-L5-A88Z	5	1.54053568840027	0.93669000433729	0.60384568406298	15.2811661920169	FALSE
ridge314_primary	Factor1	3	TCGA-L5-A8NK	1	-0.631154298782349	-0.457889744353345	-0.173264554429004	12.0853707106385	FALSE
ridge314_primary	Factor1	3	TCGA-L5-A8NQ	4	-0.988180816173553	-0.716615211258024	-0.271565604915529	13.5331079230535	FALSE
ridge314_primary	Factor1	3	TCGA-L7-A56G	4	-0.00663447054103017	-0.253203066944213	0.246568596403182	13.5331079230535	FALSE
ridge314_primary	Factor1	3	TCGA-LN-A49M	5	-1.35227811336517	-0.460832420336363	-0.891445693028807	15.2811661920169	FALSE
ridge314_primary	Factor1	3	TCGA-LN-A49O	2	-1.25918996334076	-0.852801057831798	-0.406388905508962	13.1857213499215	FALSE
ridge314_primary	Factor1	3	TCGA-LN-A49P	3	0.384184151887894	-0.0100490068862036	0.394233158774098	14.5753732429282	FALSE
ridge314_primary	Factor1	3	TCGA-LN-A49S	1	-0.679978013038635	-0.204722033056664	-0.475255979981971	12.0853707106385	FALSE
ridge314_primary	Factor1	3	TCGA-LN-A49U	4	1.28356349468231	0.73722491581151	0.5463385788708	13.5331079230535	FALSE
ridge314_primary	Factor1	3	TCGA-LN-A49W	1	-1.40213918685913	-0.837068080649988	-0.565071106209142	12.0853707106385	FALSE
ridge314_primary	Factor1	3	TCGA-LN-A49X	1	-0.535914719104767	-0.114414888736717	-0.42149983036805	12.0853707106385	FALSE
ridge314_primary	Factor1	3	TCGA-LN-A49Y	3	-0.0604930892586708	0.620102714693588	-0.680595803952259	14.5753732429282	FALSE
ridge314_primary	Factor1	3	TCGA-LN-A4A1	4	-0.729122936725617	-0.532610668172601	-0.196512268553017	13.5331079230535	FALSE
ridge314_primary	Factor1	3	TCGA-LN-A4A3	4	-0.898725807666779	-0.413828569043686	-0.484897238623093	13.5331079230535	FALSE
ridge314_primary	Factor1	3	TCGA-LN-A4A4	1	0.976603209972382	0.882884536778941	0.0937186731934409	12.0853707106385	FALSE
ridge314_primary	Factor1	3	TCGA-LN-A4A5	5	-0.822579443454742	-0.237343488288781	-0.585235955165961	15.2811661920169	FALSE
ridge314_primary	Factor1	3	TCGA-LN-A4A8	1	-0.156477704644203	0.327606962880057	-0.48408466752426	12.0853707106385	FALSE
ridge314_primary	Factor1	3	TCGA-LN-A4A9	2	-1.29563093185425	-1.05999395955411	-0.235636972300138	13.1857213499215	FALSE
ridge314_primary	Factor1	3	TCGA-LN-A4MQ	5	1.61631655693054	1.09747542368309	0.518841133247451	15.2811661920169	FALSE
ridge314_primary	Factor1	3	TCGA-LN-A5U5	3	0.401715189218521	0.892831362370542	-0.491116173152021	14.5753732429282	FALSE
ridge314_primary	Factor1	3	TCGA-LN-A5U6	3	0.735014319419861	0.111869370571025	0.623144948848836	14.5753732429282	FALSE
ridge314_primary	Factor1	3	TCGA-LN-A5U7	1	1.45523107051849	0.456739632910119	0.998491437608371	12.0853707106385	FALSE
ridge314_primary	Factor1	3	TCGA-LN-A7HV	4	-0.226163685321808	-0.175418652299355	-0.0507450330224531	13.5331079230535	FALSE
ridge314_primary	Factor1	3	TCGA-LN-A7HW	5	2.27037715911865	1.10739887271129	1.16297828640736	15.2811661920169	FALSE
ridge314_primary	Factor1	3	TCGA-LN-A7HX	4	-0.115487024188042	-0.380011121754115	0.264524097566073	13.5331079230535	FALSE
ridge314_primary	Factor1	3	TCGA-LN-A7HY	4	-0.789646327495575	0.0943476450494179	-0.883993972544993	13.5331079230535	FALSE
ridge314_primary	Factor1	3	TCGA-LN-A7HZ	1	1.74072921276093	0.462315543760131	1.2784136690008	12.0853707106385	FALSE
ridge314_primary	Factor1	3	TCGA-LN-A8HZ	1	1.83199214935303	0.815210623255924	1.01678152609711	12.0853707106385	FALSE
ridge314_primary	Factor1	3	TCGA-LN-A8I0	2	1.16729402542114	0.149197714372403	1.01809631104874	13.1857213499215	FALSE
ridge314_primary	Factor1	3	TCGA-LN-A8I1	5	0.228728458285332	0.140831985539392	0.08789647274594	15.2811661920169	FALSE
ridge314_primary	Factor1	3	TCGA-LN-A9FO	1	-1.13410973548889	-0.804078830212639	-0.330030905276251	12.0853707106385	FALSE
ridge314_primary	Factor1	3	TCGA-LN-A9FP	3	0.00534352008253336	0.225687468087674	-0.220343948005141	14.5753732429282	FALSE
ridge314_primary	Factor1	3	TCGA-LN-A9FQ	2	1.91045224666595	0.949373489390363	0.961078757275587	13.1857213499215	FALSE
ridge314_primary	Factor1	3	TCGA-LN-A9FR	4	0.439607352018356	0.335706553099561	0.103900798918795	13.5331079230535	FALSE
ridge314_primary	Factor1	3	TCGA-S8-A6BW	2	2.16162419319153	1.01076847263714	1.15085572055439	13.1857213499215	FALSE
ridge314_primary	Factor1	3	TCGA-V5-A7RC	4	1.74002206325531	0.336702551809974	1.40331951144534	13.5331079230535	FALSE
ridge314_primary	Factor1	3	TCGA-V5-AASV	3	-1.48267495632172	-0.439717995083336	-1.04295696123838	14.5753732429282	FALSE
ridge314_primary	Factor1	3	TCGA-VR-A8EO	2	0.118362635374069	0.358938378761841	-0.240575743387772	13.1857213499215	FALSE
ridge314_primary	Factor1	3	TCGA-VR-A8EP	5	0.779810667037964	0.390988374745503	0.388822292292461	15.2811661920169	FALSE
ridge314_primary	Factor1	3	TCGA-VR-A8ER	2	1.47504675388336	0.636577570491037	0.838469183392323	13.1857213499215	FALSE
ridge314_primary	Factor1	3	TCGA-VR-A8ET	5	-1.34731888771057	-0.276240365902813	-1.07107852180776	15.2811661920169	FALSE
ridge314_primary	Factor1	3	TCGA-VR-A8EU	4	-0.670289278030396	-0.406276082418377	-0.264013195612019	13.5331079230535	FALSE
ridge314_primary	Factor1	3	TCGA-VR-A8EW	3	1.2442399263382	0.596365738377328	0.647874187960873	14.5753732429282	FALSE
ridge314_primary	Factor1	3	TCGA-VR-A8EX	5	-0.196710988879204	-0.271612610063987	0.0749016211847828	15.2811661920169	FALSE
ridge314_primary	Factor1	3	TCGA-VR-A8EY	3	0.291961848735809	0.245901439481498	0.0460604092543111	14.5753732429282	FALSE
ridge314_primary	Factor1	3	TCGA-VR-A8EZ	2	1.81589078903198	0.93408103278359	0.88180975624839	13.1857213499215	FALSE
ridge314_primary	Factor1	3	TCGA-VR-AA4G	1	-0.0592466592788696	-0.438963343973625	0.379716684694755	12.0853707106385	FALSE
ridge314_primary	Factor1	3	TCGA-VR-AA7I	5	-0.988227009773254	-0.710314126012519	-0.277912883760735	15.2811661920169	FALSE
ridge314_primary	Factor1	3	TCGA-XP-A8T6	1	0.683912694454193	0.284419598903979	0.399493095550214	12.0853707106385	FALSE
ridge314_primary	Factor1	3	TCGA-XP-A8T8	2	1.18388688564301	0.334873552576908	0.849013333066102	13.1857213499215	FALSE
ridge314_primary	Factor1	3	TCGA-Z6-A8JD	3	-1.18483340740204	-0.991548789924775	-0.193284617477265	14.5753732429282	FALSE
ridge314_primary	Factor1	3	TCGA-Z6-A8JE	1	-0.456298410892487	0.694627701930642	-1.15092611282313	12.0853707106385	FALSE
ridge314_primary	Factor1	3	TCGA-Z6-A9VB	1	1.28026008605957	0.85893385036207	0.4213262356975	12.0853707106385	FALSE
ridge314_primary	Factor1	3	TCGA-Z6-AAPN	5	-1.29205822944641	-0.624604397749092	-0.667453831697318	15.2811661920169	FALSE
ridge314_primary	Factor1	4	TCGA-IG-A3I8	4	0.24676987528801	0.486487630883469	-0.239717755595459	11.9910333079616	FALSE
ridge314_primary	Factor1	4	TCGA-IG-A3QL	3	2.54458022117615	1.07916886646236	1.46541135471379	19.8879006259117	FALSE
ridge314_primary	Factor1	4	TCGA-IG-A3YA	2	0.144667848944664	-0.157863278489552	0.302531127434216	11.3598010144661	FALSE
ridge314_primary	Factor1	4	TCGA-IG-A3YB	5	-0.866281390190125	-0.324070739840158	-0.542210650349967	11.7994205609458	FALSE
ridge314_primary	Factor1	4	TCGA-IG-A3YC	4	-0.79561573266983	-0.514690235372437	-0.280925497297393	11.9910333079616	FALSE
ridge314_primary	Factor1	4	TCGA-IG-A4P3	1	0.196520000696182	-0.6461102446189	0.842630245315082	14.4503736999768	FALSE
ridge314_primary	Factor1	4	TCGA-IG-A50L	5	0.837116003036499	0.578945244285288	0.258170758751211	11.7994205609458	FALSE
ridge314_primary	Factor1	4	TCGA-IG-A51D	4	-1.29975271224976	-0.354745744338863	-0.945006967910897	11.9910333079616	FALSE
ridge314_primary	Factor1	4	TCGA-IG-A5B8	4	-1.5638622045517	-0.833098186156689	-0.730764018395011	11.9910333079616	FALSE
ridge314_primary	Factor1	4	TCGA-IG-A5S3	5	-0.12177149951458	0.7562036481403	-0.87797514765488	11.7994205609458	FALSE
ridge314_primary	Factor1	4	TCGA-IG-A625	2	1.95474624633789	1.01817405443312	0.936572191904772	11.3598010144661	FALSE
ridge314_primary	Factor1	4	TCGA-IG-A6QS	3	-1.38964557647705	-0.475126201317828	-0.914519375159222	19.8879006259117	FALSE
ridge314_primary	Factor1	4	TCGA-IG-A8O2	5	0.541013836860657	0.593147581113372	-0.0521337442527151	11.7994205609458	FALSE
ridge314_primary	Factor1	4	TCGA-IG-A97H	2	-0.0436014793813229	-0.644496191934928	0.600894712553605	11.3598010144661	FALSE
ridge314_primary	Factor1	4	TCGA-IG-A97I	4	0.195611760020256	-0.186683494979349	0.382295254999606	11.9910333079616	FALSE
ridge314_primary	Factor1	4	TCGA-JY-A6FD	4	-1.12422180175781	-0.686698270410468	-0.437523531347342	11.9910333079616	FALSE
ridge314_primary	Factor1	4	TCGA-JY-A6FE	4	-0.3648741543293	-0.402128285314359	0.037254130985059	11.9910333079616	FALSE
ridge314_primary	Factor1	4	TCGA-JY-A6FG	5	-1.82158958911896	-0.35488156282217	-1.46670802629679	11.7994205609458	FALSE
ridge314_primary	Factor1	4	TCGA-JY-A93F	4	-1.8310741186142	-0.446098752708175	-1.38497536590603	11.9910333079616	FALSE
ridge314_primary	Factor1	4	TCGA-KH-A6WC	1	-0.495984196662903	-0.278247874219485	-0.217736322443418	14.4503736999768	FALSE
ridge314_primary	Factor1	4	TCGA-L5-A43J	1	-0.48718187212944	-0.386221506673381	-0.100960365456059	14.4503736999768	FALSE
ridge314_primary	Factor1	4	TCGA-L5-A4OM	2	0.392181187868118	0.0714588821410984	0.32072230572702	11.3598010144661	FALSE
ridge314_primary	Factor1	4	TCGA-L5-A88S	3	-1.02788424491882	0.0597841027752774	-1.0876683476941	19.8879006259117	FALSE
ridge314_primary	Factor1	4	TCGA-L5-A88W	1	-1.4298038482666	-0.723036104068465	-0.706767744198135	14.4503736999768	FALSE
ridge314_primary	Factor1	4	TCGA-L5-A88Z	2	1.54053568840027	0.921192276931619	0.619343411468651	11.3598010144661	FALSE
ridge314_primary	Factor1	4	TCGA-L5-A8NK	4	-0.631154298782349	-0.308051375770062	-0.323102923012287	11.9910333079616	FALSE
ridge314_primary	Factor1	4	TCGA-L5-A8NQ	3	-0.988180816173553	-0.61542804234471	-0.372752773828843	19.8879006259117	FALSE
ridge314_primary	Factor1	4	TCGA-L7-A56G	3	-0.00663447054103017	-0.231816150187524	0.225181679646494	19.8879006259117	FALSE
ridge314_primary	Factor1	4	TCGA-LN-A49M	5	-1.35227811336517	-0.608533005703216	-0.743745107661954	11.7994205609458	FALSE
ridge314_primary	Factor1	4	TCGA-LN-A49O	3	-1.25918996334076	-0.806571973443962	-0.452617989896798	19.8879006259117	FALSE
ridge314_primary	Factor1	4	TCGA-LN-A49P	5	0.384184151887894	-0.017190661895747	0.401374813783641	11.7994205609458	FALSE
ridge314_primary	Factor1	4	TCGA-LN-A49S	4	-0.679978013038635	-0.0789897054711485	-0.600988307567487	11.9910333079616	FALSE
ridge314_primary	Factor1	4	TCGA-LN-A49U	2	1.28356349468231	0.758537677725746	0.525025816956564	11.3598010144661	FALSE
ridge314_primary	Factor1	4	TCGA-LN-A49W	2	-1.40213918685913	-0.812004147588719	-0.590135039270411	11.3598010144661	FALSE
ridge314_primary	Factor1	4	TCGA-LN-A49X	4	-0.535914719104767	-0.145996099241754	-0.389918619863013	11.9910333079616	FALSE
ridge314_primary	Factor1	4	TCGA-LN-A49Y	1	-0.0604930892586708	0.677364603402979	-0.73785769266165	14.4503736999768	FALSE
ridge314_primary	Factor1	4	TCGA-LN-A4A1	5	-0.729122936725617	-0.537212758232745	-0.191910178492872	11.7994205609458	FALSE
ridge314_primary	Factor1	4	TCGA-LN-A4A3	3	-0.898725807666779	-0.342745924855656	-0.555979882811123	19.8879006259117	FALSE
ridge314_primary	Factor1	4	TCGA-LN-A4A4	5	0.976603209972382	0.768682812584775	0.207920397387607	11.7994205609458	FALSE
ridge314_primary	Factor1	4	TCGA-LN-A4A5	1	-0.822579443454742	-0.36678093070358	-0.455798512751162	14.4503736999768	FALSE
ridge314_primary	Factor1	4	TCGA-LN-A4A8	2	-0.156477704644203	0.124367747809355	-0.280845452453558	11.3598010144661	FALSE
ridge314_primary	Factor1	4	TCGA-LN-A4A9	5	-1.29563093185425	-1.17743425890603	-0.118196672948219	11.7994205609458	FALSE
ridge314_primary	Factor1	4	TCGA-LN-A4MQ	2	1.61631655693054	1.16383987969753	0.452476677233012	11.3598010144661	FALSE
ridge314_primary	Factor1	4	TCGA-LN-A5U5	1	0.401715189218521	1.20779475187912	-0.806079562660603	14.4503736999768	FALSE
ridge314_primary	Factor1	4	TCGA-LN-A5U6	1	0.735014319419861	0.135814880991299	0.599199438428562	14.4503736999768	FALSE
ridge314_primary	Factor1	4	TCGA-LN-A5U7	1	1.45523107051849	0.43975845726026	1.01547261325823	14.4503736999768	FALSE
ridge314_primary	Factor1	4	TCGA-LN-A7HV	5	-0.226163685321808	-0.193214414476245	-0.0329492708455633	11.7994205609458	FALSE
ridge314_primary	Factor1	4	TCGA-LN-A7HW	5	2.27037715911865	1.17796957024922	1.09240758886943	11.7994205609458	FALSE
ridge314_primary	Factor1	4	TCGA-LN-A7HX	3	-0.115487024188042	-0.28262717702231	0.167140152834268	19.8879006259117	FALSE
ridge314_primary	Factor1	4	TCGA-LN-A7HY	3	-0.789646327495575	0.142961842226236	-0.932608169721811	19.8879006259117	FALSE
ridge314_primary	Factor1	4	TCGA-LN-A7HZ	2	1.74072921276093	0.412214387073515	1.32851482568742	11.3598010144661	FALSE
ridge314_primary	Factor1	4	TCGA-LN-A8HZ	2	1.83199214935303	0.765700956177713	1.06629119317532	11.3598010144661	FALSE
ridge314_primary	Factor1	4	TCGA-LN-A8I0	5	1.16729402542114	0.328808089726755	0.838485935694386	11.7994205609458	FALSE
ridge314_primary	Factor1	4	TCGA-LN-A8I1	1	0.228728458285332	0.152245730152827	0.0764827281325048	14.4503736999768	FALSE
ridge314_primary	Factor1	4	TCGA-LN-A9FO	4	-1.13410973548889	-0.400004893724352	-0.734104841764538	11.9910333079616	FALSE
ridge314_primary	Factor1	4	TCGA-LN-A9FP	1	0.00534352008253336	0.346782810028407	-0.341439289945874	14.4503736999768	FALSE
ridge314_primary	Factor1	4	TCGA-LN-A9FQ	3	1.91045224666595	0.90416243288143	1.00628981378452	19.8879006259117	FALSE
ridge314_primary	Factor1	4	TCGA-LN-A9FR	3	0.439607352018356	0.362067631715236	0.0775397203031203	19.8879006259117	FALSE
ridge314_primary	Factor1	4	TCGA-S8-A6BW	1	2.16162419319153	1.28816664486306	0.873457548328472	14.4503736999768	FALSE
ridge314_primary	Factor1	4	TCGA-V5-A7RC	4	1.74002206325531	0.266196012546221	1.47382605070909	11.9910333079616	FALSE
ridge314_primary	Factor1	4	TCGA-V5-AASV	4	-1.48267495632172	-0.42010247261135	-1.06257248371037	11.9910333079616	FALSE
ridge314_primary	Factor1	4	TCGA-VR-A8EO	2	0.118362635374069	0.325038596062901	-0.206675960688832	11.3598010144661	FALSE
ridge314_primary	Factor1	4	TCGA-VR-A8EP	3	0.779810667037964	0.290557861299675	0.489252805738289	19.8879006259117	FALSE
ridge314_primary	Factor1	4	TCGA-VR-A8ER	3	1.47504675388336	0.661795450279822	0.813251303603538	19.8879006259117	FALSE
ridge314_primary	Factor1	4	TCGA-VR-A8ET	1	-1.34731888771057	-0.258999911985465	-1.08831897572511	14.4503736999768	FALSE
ridge314_primary	Factor1	4	TCGA-VR-A8EU	2	-0.670289278030396	-0.491595463772645	-0.178693814257751	11.3598010144661	FALSE
ridge314_primary	Factor1	4	TCGA-VR-A8EW	3	1.2442399263382	0.32326760676573	0.92097231957247	19.8879006259117	FALSE
ridge314_primary	Factor1	4	TCGA-VR-A8EX	2	-0.196710988879204	-0.358714389465584	0.16200340058638	11.3598010144661	FALSE
ridge314_primary	Factor1	4	TCGA-VR-A8EY	1	0.291961848735809	0.127271954094676	0.164689894641133	14.4503736999768	FALSE
ridge314_primary	Factor1	4	TCGA-VR-A8EZ	4	1.81589078903198	1.22478944681581	0.591101342216169	11.9910333079616	FALSE
ridge314_primary	Factor1	4	TCGA-VR-AA4G	3	-0.0592466592788696	-0.274956547837365	0.215709888558495	19.8879006259117	FALSE
ridge314_primary	Factor1	4	TCGA-VR-AA7I	1	-0.988227009773254	-1.0042030975409	0.0159760877676467	14.4503736999768	FALSE
ridge314_primary	Factor1	4	TCGA-XP-A8T6	5	0.683912694454193	0.421420997981313	0.26249169647288	11.7994205609458	FALSE
ridge314_primary	Factor1	4	TCGA-XP-A8T8	2	1.18388688564301	0.307678996147684	0.876207889495327	11.3598010144661	FALSE
ridge314_primary	Factor1	4	TCGA-Z6-A8JD	3	-1.18483340740204	-0.682527594037268	-0.502305813364772	19.8879006259117	FALSE
ridge314_primary	Factor1	4	TCGA-Z6-A8JE	1	-0.456298410892487	0.678541505765078	-1.13483991665756	14.4503736999768	FALSE
ridge314_primary	Factor1	4	TCGA-Z6-A9VB	5	1.28026008605957	1.04792927321911	0.232330812840458	11.7994205609458	FALSE
ridge314_primary	Factor1	4	TCGA-Z6-AAPN	2	-1.29205822944641	-0.904961845322733	-0.387096384123677	11.3598010144661	FALSE
ridge314_primary	Factor1	5	TCGA-IG-A3I8	5	0.24676987528801	0.485707096815565	-0.238937221527555	11.0000026636276	FALSE
ridge314_primary	Factor1	5	TCGA-IG-A3QL	3	2.54458022117615	1.29441346161823	1.25016675955792	11.6500147815476	FALSE
ridge314_primary	Factor1	5	TCGA-IG-A3YA	2	0.144667848944664	-0.303332239474536	0.4480000884192	12.5662318238422	FALSE
ridge314_primary	Factor1	5	TCGA-IG-A3YB	4	-0.866281390190125	-0.178615877510468	-0.687665512679657	13.9867324066968	FALSE
ridge314_primary	Factor1	5	TCGA-IG-A3YC	2	-0.79561573266983	-0.682953949301244	-0.112661783368586	12.5662318238422	FALSE
ridge314_primary	Factor1	5	TCGA-IG-A4P3	5	0.196520000696182	-0.671914228667501	0.868434229363683	11.0000026636276	FALSE
ridge314_primary	Factor1	5	TCGA-IG-A50L	4	0.837116003036499	0.51603068253856	0.321085320497939	13.9867324066968	FALSE
ridge314_primary	Factor1	5	TCGA-IG-A51D	3	-1.29975271224976	-0.503743825659813	-0.796008886589948	11.6500147815476	FALSE
ridge314_primary	Factor1	5	TCGA-IG-A5B8	5	-1.5638622045517	-0.908042754550099	-0.655819450001601	11.0000026636276	FALSE
ridge314_primary	Factor1	5	TCGA-IG-A5S3	5	-0.12177149951458	0.769063357089443	-0.890834856604023	11.0000026636276	FALSE
ridge314_primary	Factor1	5	TCGA-IG-A625	5	1.95474624633789	1.20794932588976	0.746796920448128	11.0000026636276	FALSE
ridge314_primary	Factor1	5	TCGA-IG-A6QS	2	-1.38964557647705	-0.593596428886968	-0.796049147590082	12.5662318238422	FALSE
ridge314_primary	Factor1	5	TCGA-IG-A8O2	3	0.541013836860657	0.430912703934481	0.110101132926176	11.6500147815476	FALSE
ridge314_primary	Factor1	5	TCGA-IG-A97H	1	-0.0436014793813229	-0.818275868993876	0.774674389612553	13.048009490117	FALSE
ridge314_primary	Factor1	5	TCGA-IG-A97I	1	0.195611760020256	-0.332350473105589	0.527962233125845	13.048009490117	FALSE
ridge314_primary	Factor1	5	TCGA-JY-A6FD	2	-1.12422180175781	-0.794391309967479	-0.329830491790331	12.5662318238422	FALSE
ridge314_primary	Factor1	5	TCGA-JY-A6FE	1	-0.3648741543293	-0.53463648411149	0.16976232978219	13.048009490117	FALSE
ridge314_primary	Factor1	5	TCGA-JY-A6FG	1	-1.82158958911896	-0.245730975033401	-1.57585861408556	13.048009490117	FALSE
ridge314_primary	Factor1	5	TCGA-JY-A93F	4	-1.8310741186142	-0.53788321534293	-1.29319090327127	13.9867324066968	FALSE
ridge314_primary	Factor1	5	TCGA-KH-A6WC	1	-0.495984196662903	-0.243868310008547	-0.252115886654356	13.048009490117	FALSE
ridge314_primary	Factor1	5	TCGA-L5-A43J	5	-0.48718187212944	-0.35411604032495	-0.13306583180449	11.0000026636276	FALSE
ridge314_primary	Factor1	5	TCGA-L5-A4OM	1	0.392181187868118	0.11143467647834	0.280746511389778	13.048009490117	FALSE
ridge314_primary	Factor1	5	TCGA-L5-A88S	3	-1.02788424491882	-0.0488842707389187	-0.978999974179901	11.6500147815476	FALSE
ridge314_primary	Factor1	5	TCGA-L5-A88W	1	-1.4298038482666	-0.707583531532309	-0.722220316734291	13.048009490117	FALSE
ridge314_primary	Factor1	5	TCGA-L5-A88Z	2	1.54053568840027	1.04357066371282	0.496965024687451	12.5662318238422	FALSE
ridge314_primary	Factor1	5	TCGA-L5-A8NK	1	-0.631154298782349	-0.432168986058332	-0.198985312724017	13.048009490117	FALSE
ridge314_primary	Factor1	5	TCGA-L5-A8NQ	4	-0.988180816173553	-0.63722531560104	-0.350955500572514	13.9867324066968	FALSE
ridge314_primary	Factor1	5	TCGA-L7-A56G	3	-0.00663447054103017	-0.294717431121372	0.288082960580342	11.6500147815476	FALSE
ridge314_primary	Factor1	5	TCGA-LN-A49M	5	-1.35227811336517	-0.503257905224606	-0.849020208140564	11.0000026636276	FALSE
ridge314_primary	Factor1	5	TCGA-LN-A49O	3	-1.25918996334076	-0.912908790122445	-0.346281173218315	11.6500147815476	FALSE
ridge314_primary	Factor1	5	TCGA-LN-A49P	2	0.384184151887894	-0.104205246318319	0.488389398206213	12.5662318238422	FALSE
ridge314_primary	Factor1	5	TCGA-LN-A49S	4	-0.679978013038635	-0.0397591784395771	-0.640218834599058	13.9867324066968	FALSE
ridge314_primary	Factor1	5	TCGA-LN-A49U	3	1.28356349468231	0.62215166114854	0.66141183353377	11.6500147815476	FALSE
ridge314_primary	Factor1	5	TCGA-LN-A49W	5	-1.40213918685913	-0.974337260025679	-0.427801926833451	11.0000026636276	FALSE
ridge314_primary	Factor1	5	TCGA-LN-A49X	4	-0.535914719104767	-0.203729312897938	-0.332185406206829	13.9867324066968	FALSE
ridge314_primary	Factor1	5	TCGA-LN-A49Y	2	-0.0604930892586708	0.516716166061378	-0.577209255320048	12.5662318238422	FALSE
ridge314_primary	Factor1	5	TCGA-LN-A4A1	2	-0.729122936725617	-0.536901216792226	-0.192221719933391	12.5662318238422	FALSE
ridge314_primary	Factor1	5	TCGA-LN-A4A3	5	-0.898725807666779	-0.353985346164497	-0.544740461502282	11.0000026636276	FALSE
ridge314_primary	Factor1	5	TCGA-LN-A4A4	3	0.976603209972382	0.752986572296727	0.223616637675655	11.6500147815476	FALSE
ridge314_primary	Factor1	5	TCGA-LN-A4A5	2	-0.822579443454742	-0.403006417321046	-0.419573026133696	12.5662318238422	FALSE
ridge314_primary	Factor1	5	TCGA-LN-A4A8	2	-0.156477704644203	0.106235209171078	-0.262712913815282	12.5662318238422	FALSE
ridge314_primary	Factor1	5	TCGA-LN-A4A9	1	-1.29563093185425	-1.2139774481517	-0.0816534837025493	13.048009490117	FALSE
ridge314_primary	Factor1	5	TCGA-LN-A4MQ	1	1.61631655693054	1.27014300857064	0.346173548359904	13.048009490117	FALSE
ridge314_primary	Factor1	5	TCGA-LN-A5U5	5	0.401715189218521	1.03874561664614	-0.637030427427618	11.0000026636276	FALSE
ridge314_primary	Factor1	5	TCGA-LN-A5U6	2	0.735014319419861	0.11463315193779	0.620381167482071	12.5662318238422	FALSE
ridge314_primary	Factor1	5	TCGA-LN-A5U7	4	1.45523107051849	0.42073164282674	1.03449942769175	13.9867324066968	FALSE
ridge314_primary	Factor1	5	TCGA-LN-A7HV	2	-0.226163685321808	-0.164953805887136	-0.061209879434672	12.5662318238422	FALSE
ridge314_primary	Factor1	5	TCGA-LN-A7HW	3	2.27037715911865	1.15710464678326	1.11327251233539	11.6500147815476	FALSE
ridge314_primary	Factor1	5	TCGA-LN-A7HX	4	-0.115487024188042	-0.360139848938814	0.244652824750772	13.9867324066968	FALSE
ridge314_primary	Factor1	5	TCGA-LN-A7HY	3	-0.789646327495575	0.00813399412475849	-0.797780321620333	11.6500147815476	FALSE
ridge314_primary	Factor1	5	TCGA-LN-A7HZ	3	1.74072921276093	0.394296773730402	1.34643243903053	11.6500147815476	FALSE
ridge314_primary	Factor1	5	TCGA-LN-A8HZ	2	1.83199214935303	0.881696045674486	0.950296103678544	12.5662318238422	FALSE
ridge314_primary	Factor1	5	TCGA-LN-A8I0	4	1.16729402542114	0.22377171005759	0.94352231536355	13.9867324066968	FALSE
ridge314_primary	Factor1	5	TCGA-LN-A8I1	1	0.228728458285332	0.12028250064962	0.108445957635712	13.048009490117	FALSE
ridge314_primary	Factor1	5	TCGA-LN-A9FO	4	-1.13410973548889	-0.51929212640949	-0.614817609079401	13.9867324066968	FALSE
ridge314_primary	Factor1	5	TCGA-LN-A9FP	3	0.00534352008253336	0.457164896689056	-0.451821376606523	11.6500147815476	FALSE
ridge314_primary	Factor1	5	TCGA-LN-A9FQ	2	1.91045224666595	1.1085989212695	0.801853325396449	12.5662318238422	FALSE
ridge314_primary	Factor1	5	TCGA-LN-A9FR	1	0.439607352018356	0.354303188794836	0.0853041632235196	13.048009490117	FALSE
ridge314_primary	Factor1	5	TCGA-S8-A6BW	5	2.16162419319153	1.22971072823288	0.931913464958652	11.0000026636276	FALSE
ridge314_primary	Factor1	5	TCGA-V5-A7RC	4	1.74002206325531	0.253188418584561	1.48683364467075	13.9867324066968	FALSE
ridge314_primary	Factor1	5	TCGA-V5-AASV	1	-1.48267495632172	-0.514104991848501	-0.968569964473219	13.048009490117	FALSE
ridge314_primary	Factor1	5	TCGA-VR-A8EO	3	0.118362635374069	0.367690258266725	-0.249327622892656	11.6500147815476	FALSE
ridge314_primary	Factor1	5	TCGA-VR-A8EP	1	0.779810667037964	0.45034783928704	0.329462827750924	13.048009490117	FALSE
ridge314_primary	Factor1	5	TCGA-VR-A8ER	3	1.47504675388336	0.756736713084672	0.718310040798688	11.6500147815476	FALSE
ridge314_primary	Factor1	5	TCGA-VR-A8ET	5	-1.34731888771057	-0.322878092503041	-1.02444079520753	11.0000026636276	FALSE
ridge314_primary	Factor1	5	TCGA-VR-A8EU	4	-0.670289278030396	-0.391477950597018	-0.278811327433378	13.9867324066968	FALSE
ridge314_primary	Factor1	5	TCGA-VR-A8EW	5	1.2442399263382	0.564319368261726	0.679920558076474	11.0000026636276	FALSE
ridge314_primary	Factor1	5	TCGA-VR-A8EX	5	-0.196710988879204	-0.386502784307447	0.189791795428243	11.0000026636276	FALSE
ridge314_primary	Factor1	5	TCGA-VR-A8EY	4	0.291961848735809	0.0424305801918695	0.24953126854394	13.9867324066968	FALSE
ridge314_primary	Factor1	5	TCGA-VR-A8EZ	4	1.81589078903198	1.10861405658548	0.707276732446496	13.9867324066968	FALSE
ridge314_primary	Factor1	5	TCGA-VR-AA4G	1	-0.0592466592788696	-0.400080467929408	0.340833808650538	13.048009490117	FALSE
ridge314_primary	Factor1	5	TCGA-VR-AA7I	3	-0.988227009773254	-0.917628612298924	-0.0705983974743296	11.6500147815476	FALSE
ridge314_primary	Factor1	5	TCGA-XP-A8T6	1	0.683912694454193	0.410886478893116	0.273026215561077	13.048009490117	FALSE
ridge314_primary	Factor1	5	TCGA-XP-A8T8	3	1.18388688564301	0.342529904054225	0.841356981588785	11.6500147815476	FALSE
ridge314_primary	Factor1	5	TCGA-Z6-A8JD	5	-1.18483340740204	-1.14844106027628	-0.036392347125761	11.0000026636276	FALSE
ridge314_primary	Factor1	5	TCGA-Z6-A8JE	4	-0.456298410892487	0.63649044889528	-1.09278885978777	13.9867324066968	FALSE
ridge314_primary	Factor1	5	TCGA-Z6-A9VB	2	1.28026008605957	0.949951822128327	0.330308263931244	12.5662318238422	FALSE
ridge314_primary	Factor1	5	TCGA-Z6-AAPN	2	-1.29205822944641	-0.773231711139895	-0.518826518306515	12.5662318238422	FALSE
ridge314_primary	Factor1	6	TCGA-IG-A3I8	5	0.24676987528801	0.444518401666455	-0.197748526378445	13.7632133330901	FALSE
ridge314_primary	Factor1	6	TCGA-IG-A3QL	3	2.54458022117615	1.24407199143665	1.3005082297395	16.5318457915817	FALSE
ridge314_primary	Factor1	6	TCGA-IG-A3YA	3	0.144667848944664	-0.118371096422035	0.263038945366699	16.5318457915817	FALSE
ridge314_primary	Factor1	6	TCGA-IG-A3YB	5	-0.866281390190125	-0.294216310976404	-0.572065079213721	13.7632133330901	FALSE
ridge314_primary	Factor1	6	TCGA-IG-A3YC	3	-0.79561573266983	-0.673879537801083	-0.121736194868747	16.5318457915817	FALSE
ridge314_primary	Factor1	6	TCGA-IG-A4P3	2	0.196520000696182	-0.643040245364272	0.839560246060454	17.3776145095622	FALSE
ridge314_primary	Factor1	6	TCGA-IG-A50L	4	0.837116003036499	0.602519898858015	0.234596104178484	12.2556184240332	FALSE
ridge314_primary	Factor1	6	TCGA-IG-A51D	1	-1.29975271224976	-0.406353095094109	-0.893399617155651	12.7971675335184	FALSE
ridge314_primary	Factor1	6	TCGA-IG-A5B8	5	-1.5638622045517	-0.721182229401338	-0.842679975150362	13.7632133330901	FALSE
ridge314_primary	Factor1	6	TCGA-IG-A5S3	3	-0.12177149951458	0.63849818556764	-0.76026968508222	16.5318457915817	FALSE
ridge314_primary	Factor1	6	TCGA-IG-A625	5	1.95474624633789	1.18938393330295	0.765362313034944	13.7632133330901	FALSE
ridge314_primary	Factor1	6	TCGA-IG-A6QS	2	-1.38964557647705	-0.603595185259494	-0.786050391217556	17.3776145095622	FALSE
ridge314_primary	Factor1	6	TCGA-IG-A8O2	3	0.541013836860657	0.469650506700615	0.0713633301600424	16.5318457915817	FALSE
ridge314_primary	Factor1	6	TCGA-IG-A97H	5	-0.0436014793813229	-0.599639670192862	0.556038190811539	13.7632133330901	FALSE
ridge314_primary	Factor1	6	TCGA-IG-A97I	5	0.195611760020256	-0.188563590418297	0.384175350438553	13.7632133330901	FALSE
ridge314_primary	Factor1	6	TCGA-JY-A6FD	1	-1.12422180175781	-0.708209738136117	-0.416012063621693	12.7971675335184	FALSE
ridge314_primary	Factor1	6	TCGA-JY-A6FE	4	-0.3648741543293	-0.503311532150081	0.138437377820781	12.2556184240332	FALSE
ridge314_primary	Factor1	6	TCGA-JY-A6FG	5	-1.82158958911896	-0.0911987377654261	-1.73039085135353	13.7632133330901	FALSE
ridge314_primary	Factor1	6	TCGA-JY-A93F	5	-1.8310741186142	-0.297634700824431	-1.53343941778977	13.7632133330901	FALSE
ridge314_primary	Factor1	6	TCGA-KH-A6WC	2	-0.495984196662903	-0.360274270941749	-0.135709925721155	17.3776145095622	FALSE
ridge314_primary	Factor1	6	TCGA-L5-A43J	3	-0.48718187212944	-0.368116461928343	-0.119065410201097	16.5318457915817	FALSE
ridge314_primary	Factor1	6	TCGA-L5-A4OM	1	0.392181187868118	0.145203257871891	0.246977929996228	12.7971675335184	FALSE
ridge314_primary	Factor1	6	TCGA-L5-A88S	3	-1.02788424491882	-0.0254894720283947	-1.00239477289043	16.5318457915817	FALSE
ridge314_primary	Factor1	6	TCGA-L5-A88W	1	-1.4298038482666	-0.730363334248079	-0.699440514018521	12.7971675335184	FALSE
ridge314_primary	Factor1	6	TCGA-L5-A88Z	4	1.54053568840027	1.06734338673347	0.473192301666805	12.2556184240332	FALSE
ridge314_primary	Factor1	6	TCGA-L5-A8NK	4	-0.631154298782349	-0.366988708344122	-0.264165590438227	12.2556184240332	FALSE
ridge314_primary	Factor1	6	TCGA-L5-A8NQ	5	-0.988180816173553	-0.531264630700559	-0.456916185472994	13.7632133330901	FALSE
ridge314_primary	Factor1	6	TCGA-L7-A56G	5	-0.00663447054103017	-0.0959065407360318	0.0892720701950016	13.7632133330901	FALSE
ridge314_primary	Factor1	6	TCGA-LN-A49M	5	-1.35227811336517	-0.384925501656654	-0.967352611708516	13.7632133330901	FALSE
ridge314_primary	Factor1	6	TCGA-LN-A49O	1	-1.25918996334076	-0.834553978109843	-0.424635985230917	12.7971675335184	FALSE
ridge314_primary	Factor1	6	TCGA-LN-A49P	2	0.384184151887894	-0.160267757101231	0.544451908989125	17.3776145095622	FALSE
ridge314_primary	Factor1	6	TCGA-LN-A49S	4	-0.679978013038635	-0.0298572322278158	-0.650120780810819	12.2556184240332	FALSE
ridge314_primary	Factor1	6	TCGA-LN-A49U	2	1.28356349468231	0.701793551709289	0.581769942973021	17.3776145095622	FALSE
ridge314_primary	Factor1	6	TCGA-LN-A49W	4	-1.40213918685913	-0.762071054649569	-0.640068132209561	12.2556184240332	FALSE
ridge314_primary	Factor1	6	TCGA-LN-A49X	2	-0.535914719104767	-0.10880637013755	-0.427108348967217	17.3776145095622	FALSE
ridge314_primary	Factor1	6	TCGA-LN-A49Y	3	-0.0604930892586708	0.447728542482428	-0.508221631741099	16.5318457915817	FALSE
ridge314_primary	Factor1	6	TCGA-LN-A4A1	1	-0.729122936725617	-0.490112677186897	-0.23901025953872	12.7971675335184	FALSE
ridge314_primary	Factor1	6	TCGA-LN-A4A3	4	-0.898725807666779	-0.401354338074743	-0.497371469592036	12.2556184240332	FALSE
ridge314_primary	Factor1	6	TCGA-LN-A4A4	4	0.976603209972382	0.80043417883197	0.176169031140412	12.2556184240332	FALSE
ridge314_primary	Factor1	6	TCGA-LN-A4A5	1	-0.822579443454742	-0.370356349633913	-0.452223093820829	12.7971675335184	FALSE
ridge314_primary	Factor1	6	TCGA-LN-A4A8	2	-0.156477704644203	0.143812792600029	-0.300290497244232	17.3776145095622	FALSE
ridge314_primary	Factor1	6	TCGA-LN-A4A9	2	-1.29563093185425	-1.07976247530417	-0.215868456550081	17.3776145095622	FALSE
ridge314_primary	Factor1	6	TCGA-LN-A4MQ	1	1.61631655693054	1.13408010415486	0.482236452775683	12.7971675335184	FALSE
ridge314_primary	Factor1	6	TCGA-LN-A5U5	4	0.401715189218521	0.752690771348502	-0.350975582129981	12.2556184240332	FALSE
ridge314_primary	Factor1	6	TCGA-LN-A5U6	5	0.735014319419861	0.0939771466125102	0.641037172807351	13.7632133330901	FALSE
ridge314_primary	Factor1	6	TCGA-LN-A5U7	4	1.45523107051849	0.464472958160154	0.990758112358336	12.2556184240332	FALSE
ridge314_primary	Factor1	6	TCGA-LN-A7HV	3	-0.226163685321808	-0.159560938189219	-0.0666027471325889	16.5318457915817	FALSE
ridge314_primary	Factor1	6	TCGA-LN-A7HW	1	2.27037715911865	0.930314754509914	1.34006240460874	12.7971675335184	FALSE
ridge314_primary	Factor1	6	TCGA-LN-A7HX	1	-0.115487024188042	-0.356017961767903	0.240530937579861	12.7971675335184	FALSE
ridge314_primary	Factor1	6	TCGA-LN-A7HY	2	-0.789646327495575	0.0774888852618671	-0.867135212757442	17.3776145095622	FALSE
ridge314_primary	Factor1	6	TCGA-LN-A7HZ	3	1.74072921276093	0.398258993676613	1.34247021908432	16.5318457915817	FALSE
ridge314_primary	Factor1	6	TCGA-LN-A8HZ	1	1.83199214935303	0.825222589301696	1.00676956005133	12.7971675335184	FALSE
ridge314_primary	Factor1	6	TCGA-LN-A8I0	2	1.16729402542114	0.190022429477482	0.977271595943658	17.3776145095622	FALSE
ridge314_primary	Factor1	6	TCGA-LN-A8I1	3	0.228728458285332	0.0829245988335324	0.1458038594518	16.5318457915817	FALSE
ridge314_primary	Factor1	6	TCGA-LN-A9FO	3	-1.13410973548889	-0.589545061082161	-0.544564674406729	16.5318457915817	FALSE
ridge314_primary	Factor1	6	TCGA-LN-A9FP	2	0.00534352008253336	0.258981301259509	-0.253637781176976	17.3776145095622	FALSE
ridge314_primary	Factor1	6	TCGA-LN-A9FQ	2	1.91045224666595	1.04559278306996	0.864859463595991	17.3776145095622	FALSE
ridge314_primary	Factor1	6	TCGA-LN-A9FR	3	0.439607352018356	0.450172742066009	-0.0105653900476529	16.5318457915817	FALSE
ridge314_primary	Factor1	6	TCGA-S8-A6BW	1	2.16162419319153	0.955099020397655	1.20652517279387	12.7971675335184	FALSE
ridge314_primary	Factor1	6	TCGA-V5-A7RC	4	1.74002206325531	0.258036698301215	1.4819853649541	12.2556184240332	FALSE
ridge314_primary	Factor1	6	TCGA-V5-AASV	3	-1.48267495632172	-0.611207456329323	-0.871467499992398	16.5318457915817	FALSE
ridge314_primary	Factor1	6	TCGA-VR-A8EO	5	0.118362635374069	0.472742377306423	-0.354379741932354	13.7632133330901	FALSE
ridge314_primary	Factor1	6	TCGA-VR-A8EP	3	0.779810667037964	0.45929526585984	0.320515401178124	16.5318457915817	FALSE
ridge314_primary	Factor1	6	TCGA-VR-A8ER	1	1.47504675388336	0.713884960459054	0.761161793424306	12.7971675335184	FALSE
ridge314_primary	Factor1	6	TCGA-VR-A8ET	4	-1.34731888771057	-0.324112214768914	-1.02320667294166	12.2556184240332	FALSE
ridge314_primary	Factor1	6	TCGA-VR-A8EU	4	-0.670289278030396	-0.407093089831663	-0.263196188198733	12.2556184240332	FALSE
ridge314_primary	Factor1	6	TCGA-VR-A8EW	4	1.2442399263382	0.451744733845545	0.792495192492655	12.2556184240332	FALSE
ridge314_primary	Factor1	6	TCGA-VR-A8EX	2	-0.196710988879204	-0.370469169889558	0.173758181010354	17.3776145095622	FALSE
ridge314_primary	Factor1	6	TCGA-VR-A8EY	4	0.291961848735809	0.0101087791557959	0.281853069580013	12.2556184240332	FALSE
ridge314_primary	Factor1	6	TCGA-VR-A8EZ	2	1.81589078903198	1.04879465239139	0.767096136640588	17.3776145095622	FALSE
ridge314_primary	Factor1	6	TCGA-VR-AA4G	1	-0.0592466592788696	-0.370791787548715	0.311545128269845	12.7971675335184	FALSE
ridge314_primary	Factor1	6	TCGA-VR-AA7I	1	-0.988227009773254	-0.788749406982139	-0.199477602791115	12.7971675335184	FALSE
ridge314_primary	Factor1	6	TCGA-XP-A8T6	3	0.683912694454193	0.328932052570718	0.354980641883475	16.5318457915817	FALSE
ridge314_primary	Factor1	6	TCGA-XP-A8T8	2	1.18388688564301	0.297011598878286	0.886875286764724	17.3776145095622	FALSE
ridge314_primary	Factor1	6	TCGA-Z6-A8JD	2	-1.18483340740204	-0.945276213039717	-0.239557194362323	17.3776145095622	FALSE
ridge314_primary	Factor1	6	TCGA-Z6-A8JE	5	-0.456298410892487	0.590077766086728	-1.04637617697921	13.7632133330901	FALSE
ridge314_primary	Factor1	6	TCGA-Z6-A9VB	1	1.28026008605957	0.828438476589645	0.451821609469926	12.7971675335184	FALSE
ridge314_primary	Factor1	6	TCGA-Z6-AAPN	5	-1.29205822944641	-0.65453564260106	-0.63752258684535	13.7632133330901	FALSE
ridge314_primary	Factor1	7	TCGA-IG-A3I8	5	0.24676987528801	0.447425036171858	-0.200655160883848	17.9287693207543	FALSE
ridge314_primary	Factor1	7	TCGA-IG-A3QL	3	2.54458022117615	1.33251755833117	1.21206266284498	11.5158076884207	FALSE
ridge314_primary	Factor1	7	TCGA-IG-A3YA	1	0.144667848944664	-0.069700190740592	0.214368039685256	13.0774835159219	FALSE
ridge314_primary	Factor1	7	TCGA-IG-A3YB	2	-0.866281390190125	-0.426661657999726	-0.439619732190399	11.2726258261273	FALSE
ridge314_primary	Factor1	7	TCGA-IG-A3YC	2	-0.79561573266983	-0.910273611417895	0.114657878748065	11.2726258261273	FALSE
ridge314_primary	Factor1	7	TCGA-IG-A4P3	2	0.196520000696182	-0.705486414192969	0.902006414889151	11.2726258261273	FALSE
ridge314_primary	Factor1	7	TCGA-IG-A50L	1	0.837116003036499	0.661420149399408	0.175695853637091	13.0774835159219	FALSE
ridge314_primary	Factor1	7	TCGA-IG-A51D	4	-1.29975271224976	-0.471092422340669	-0.828660289909091	14.6348239417835	FALSE
ridge314_primary	Factor1	7	TCGA-IG-A5B8	2	-1.5638622045517	-0.944333557458697	-0.619528647093004	11.2726258261273	FALSE
ridge314_primary	Factor1	7	TCGA-IG-A5S3	4	-0.12177149951458	0.650485401365623	-0.772256900880203	14.6348239417835	FALSE
ridge314_primary	Factor1	7	TCGA-IG-A625	5	1.95474624633789	0.985319392840235	0.969426853497655	17.9287693207543	FALSE
ridge314_primary	Factor1	7	TCGA-IG-A6QS	2	-1.38964557647705	-0.683994856215533	-0.705650720261517	11.2726258261273	FALSE
ridge314_primary	Factor1	7	TCGA-IG-A8O2	3	0.541013836860657	0.556172894503979	-0.0151590576433217	11.5158076884207	FALSE
ridge314_primary	Factor1	7	TCGA-IG-A97H	2	-0.0436014793813229	-0.682392236483652	0.638790757102329	11.2726258261273	FALSE
ridge314_primary	Factor1	7	TCGA-IG-A97I	3	0.195611760020256	-0.195709234103928	0.391320994124184	11.5158076884207	FALSE
ridge314_primary	Factor1	7	TCGA-JY-A6FD	5	-1.12422180175781	-0.701958127420085	-0.422263674337725	17.9287693207543	FALSE
ridge314_primary	Factor1	7	TCGA-JY-A6FE	5	-0.3648741543293	-0.199404897115378	-0.165469257213922	17.9287693207543	FALSE
ridge314_primary	Factor1	7	TCGA-JY-A6FG	3	-1.82158958911896	-0.260317742275215	-1.56127184684375	11.5158076884207	FALSE
ridge314_primary	Factor1	7	TCGA-JY-A93F	1	-1.8310741186142	-0.586306181399828	-1.24476793721437	13.0774835159219	FALSE
ridge314_primary	Factor1	7	TCGA-KH-A6WC	4	-0.495984196662903	-0.303883601157041	-0.192100595505862	14.6348239417835	FALSE
ridge314_primary	Factor1	7	TCGA-L5-A43J	3	-0.48718187212944	-0.450754697957882	-0.0364271741715585	11.5158076884207	FALSE
ridge314_primary	Factor1	7	TCGA-L5-A4OM	4	0.392181187868118	0.151720408494896	0.240460779373222	14.6348239417835	FALSE
ridge314_primary	Factor1	7	TCGA-L5-A88S	5	-1.02788424491882	0.0785058521028587	-1.10639009702168	17.9287693207543	FALSE
ridge314_primary	Factor1	7	TCGA-L5-A88W	3	-1.4298038482666	-0.687281699738551	-0.742522148528049	11.5158076884207	FALSE
ridge314_primary	Factor1	7	TCGA-L5-A88Z	1	1.54053568840027	0.980890878190915	0.559644810209355	13.0774835159219	FALSE
ridge314_primary	Factor1	7	TCGA-L5-A8NK	2	-0.631154298782349	-0.449409673831914	-0.181744624950435	11.2726258261273	FALSE
ridge314_primary	Factor1	7	TCGA-L5-A8NQ	5	-0.988180816173553	-0.585160645444216	-0.403020170729337	17.9287693207543	FALSE
ridge314_primary	Factor1	7	TCGA-L7-A56G	4	-0.00663447054103017	-0.228769198797823	0.222134728256793	14.6348239417835	FALSE
ridge314_primary	Factor1	7	TCGA-LN-A49M	1	-1.35227811336517	-0.550916935907312	-0.801361177457858	13.0774835159219	FALSE
ridge314_primary	Factor1	7	TCGA-LN-A49O	1	-1.25918996334076	-1.01197060065376	-0.247219362687004	13.0774835159219	FALSE
ridge314_primary	Factor1	7	TCGA-LN-A49P	5	0.384184151887894	-0.0894082305809239	0.473592382468818	17.9287693207543	FALSE
ridge314_primary	Factor1	7	TCGA-LN-A49S	4	-0.679978013038635	-0.158823100049104	-0.521154912989531	14.6348239417835	FALSE
ridge314_primary	Factor1	7	TCGA-LN-A49U	5	1.28356349468231	0.734266123667271	0.549297371015039	17.9287693207543	FALSE
ridge314_primary	Factor1	7	TCGA-LN-A49W	1	-1.40213918685913	-0.624436069705083	-0.777703117154047	13.0774835159219	FALSE
ridge314_primary	Factor1	7	TCGA-LN-A49X	3	-0.535914719104767	-0.223140439755146	-0.312774279349621	11.5158076884207	FALSE
ridge314_primary	Factor1	7	TCGA-LN-A49Y	5	-0.0604930892586708	0.517303994853434	-0.577797084112104	17.9287693207543	FALSE
ridge314_primary	Factor1	7	TCGA-LN-A4A1	1	-0.729122936725617	-0.513568654724477	-0.21555428200114	13.0774835159219	FALSE
ridge314_primary	Factor1	7	TCGA-LN-A4A3	3	-0.898725807666779	-0.365945439498964	-0.532780368167815	11.5158076884207	FALSE
ridge314_primary	Factor1	7	TCGA-LN-A4A4	1	0.976603209972382	0.903138084758433	0.0734651252139488	13.0774835159219	FALSE
ridge314_primary	Factor1	7	TCGA-LN-A4A5	3	-0.822579443454742	-0.437789970430311	-0.384789473024431	11.5158076884207	FALSE
ridge314_primary	Factor1	7	TCGA-LN-A4A8	3	-0.156477704644203	0.0894972808078666	-0.24597498545207	11.5158076884207	FALSE
ridge314_primary	Factor1	7	TCGA-LN-A4A9	4	-1.29563093185425	-1.17092881843032	-0.124702113423935	14.6348239417835	FALSE
ridge314_primary	Factor1	7	TCGA-LN-A4MQ	1	1.61631655693054	1.25033826923465	0.365978287695894	13.0774835159219	FALSE
ridge314_primary	Factor1	7	TCGA-LN-A5U5	4	0.401715189218521	0.623081357264387	-0.221366168045866	14.6348239417835	FALSE
ridge314_primary	Factor1	7	TCGA-LN-A5U6	2	0.735014319419861	0.11547007690776	0.619544242512101	11.2726258261273	FALSE
ridge314_primary	Factor1	7	TCGA-LN-A5U7	4	1.45523107051849	0.471105255598796	0.984125814919694	14.6348239417835	FALSE
ridge314_primary	Factor1	7	TCGA-LN-A7HV	4	-0.226163685321808	-0.187383254019935	-0.0387804313018729	14.6348239417835	FALSE
ridge314_primary	Factor1	7	TCGA-LN-A7HW	3	2.27037715911865	1.19291898020085	1.0774581789178	11.5158076884207	FALSE
ridge314_primary	Factor1	7	TCGA-LN-A7HX	3	-0.115487024188042	-0.321170200706436	0.205683176518394	11.5158076884207	FALSE
ridge314_primary	Factor1	7	TCGA-LN-A7HY	1	-0.789646327495575	0.266410717267743	-1.05605704476332	13.0774835159219	FALSE
ridge314_primary	Factor1	7	TCGA-LN-A7HZ	2	1.74072921276093	0.39290664597965	1.34782256678128	11.2726258261273	FALSE
ridge314_primary	Factor1	7	TCGA-LN-A8HZ	5	1.83199214935303	0.778798607199595	1.05319354215344	17.9287693207543	FALSE
ridge314_primary	Factor1	7	TCGA-LN-A8I0	1	1.16729402542114	0.242011550479993	0.925282474941147	13.0774835159219	FALSE
ridge314_primary	Factor1	7	TCGA-LN-A8I1	2	0.228728458285332	-0.0491633225554087	0.277891780840741	11.2726258261273	FALSE
ridge314_primary	Factor1	7	TCGA-LN-A9FO	2	-1.13410973548889	-0.775225658007078	-0.358884077481812	11.2726258261273	FALSE
ridge314_primary	Factor1	7	TCGA-LN-A9FP	5	0.00534352008253336	0.301068947212952	-0.295725427130419	17.9287693207543	FALSE
ridge314_primary	Factor1	7	TCGA-LN-A9FQ	2	1.91045224666595	1.09222850474555	0.818223741920398	11.2726258261273	FALSE
ridge314_primary	Factor1	7	TCGA-LN-A9FR	4	0.439607352018356	0.251695122187054	0.187912229831302	14.6348239417835	FALSE
ridge314_primary	Factor1	7	TCGA-S8-A6BW	4	2.16162419319153	1.09633366934933	1.0652905238422	14.6348239417835	FALSE
ridge314_primary	Factor1	7	TCGA-V5-A7RC	3	1.74002206325531	-0.096450028835671	1.83647209209098	11.5158076884207	FALSE
ridge314_primary	Factor1	7	TCGA-V5-AASV	5	-1.48267495632172	-0.51662640637025	-0.96604854995147	17.9287693207543	FALSE
ridge314_primary	Factor1	7	TCGA-VR-A8EO	1	0.118362635374069	0.473163063806327	-0.354800428432258	13.0774835159219	FALSE
ridge314_primary	Factor1	7	TCGA-VR-A8EP	3	0.779810667037964	0.354510512224976	0.425300154812988	11.5158076884207	FALSE
ridge314_primary	Factor1	7	TCGA-VR-A8ER	2	1.47504675388336	0.75700991676017	0.71803683712319	11.2726258261273	FALSE
ridge314_primary	Factor1	7	TCGA-VR-A8ET	3	-1.34731888771057	-0.223237359124962	-1.12408152858561	11.5158076884207	FALSE
ridge314_primary	Factor1	7	TCGA-VR-A8EU	2	-0.670289278030396	-0.432539320371817	-0.237749957658579	11.2726258261273	FALSE
ridge314_primary	Factor1	7	TCGA-VR-A8EW	1	1.2442399263382	0.410954660154154	0.833285266184046	13.0774835159219	FALSE
ridge314_primary	Factor1	7	TCGA-VR-A8EX	4	-0.196710988879204	-0.220112623888373	0.0234016350091688	14.6348239417835	FALSE
ridge314_primary	Factor1	7	TCGA-VR-A8EY	4	0.291961848735809	0.103171751103814	0.188790097631995	14.6348239417835	FALSE
ridge314_primary	Factor1	7	TCGA-VR-A8EZ	2	1.81589078903198	1.08180411244125	0.734086676590728	11.2726258261273	FALSE
ridge314_primary	Factor1	7	TCGA-VR-AA4G	3	-0.0592466592788696	-0.326777221585843	0.267530562306974	11.5158076884207	FALSE
ridge314_primary	Factor1	7	TCGA-VR-AA7I	5	-0.988227009773254	-0.766498748311515	-0.221728261461739	17.9287693207543	FALSE
ridge314_primary	Factor1	7	TCGA-XP-A8T6	1	0.683912694454193	0.323868719022542	0.360043975431651	13.0774835159219	FALSE
ridge314_primary	Factor1	7	TCGA-XP-A8T8	4	1.18388688564301	0.378179235187857	0.805707650455153	14.6348239417835	FALSE
ridge314_primary	Factor1	7	TCGA-Z6-A8JD	5	-1.18483340740204	-0.798665480683169	-0.386167926718871	17.9287693207543	FALSE
ridge314_primary	Factor1	7	TCGA-Z6-A8JE	1	-0.456298410892487	0.739203303076921	-1.19550171396941	13.0774835159219	FALSE
ridge314_primary	Factor1	7	TCGA-Z6-A9VB	2	1.28026008605957	0.878151993273753	0.402108092785817	11.2726258261273	FALSE
ridge314_primary	Factor1	7	TCGA-Z6-AAPN	5	-1.29205822944641	-0.643998316072255	-0.648059913374155	17.9287693207543	FALSE
ridge314_primary	Factor1	8	TCGA-IG-A3I8	2	0.24676987528801	0.372441241820047	-0.125671366532037	13.3380596680116	FALSE
ridge314_primary	Factor1	8	TCGA-IG-A3QL	2	2.54458022117615	1.35702713797349	1.18755308320266	13.3380596680116	FALSE
ridge314_primary	Factor1	8	TCGA-IG-A3YA	3	0.144667848944664	-0.0750967243634326	0.219764573308097	10.8489796646386	FALSE
ridge314_primary	Factor1	8	TCGA-IG-A3YB	2	-0.866281390190125	-0.291042684796892	-0.575238705393233	13.3380596680116	FALSE
ridge314_primary	Factor1	8	TCGA-IG-A3YC	3	-0.79561573266983	-0.608595292202871	-0.187020440466959	10.8489796646386	FALSE
ridge314_primary	Factor1	8	TCGA-IG-A4P3	1	0.196520000696182	-0.540114779123563	0.736634779819745	11.3731580160229	FALSE
ridge314_primary	Factor1	8	TCGA-IG-A50L	5	0.837116003036499	0.579978998773088	0.257137004263411	11.8683372650603	FALSE
ridge314_primary	Factor1	8	TCGA-IG-A51D	4	-1.29975271224976	-0.35687967466555	-0.94287303758421	19.1202139256873	FALSE
ridge314_primary	Factor1	8	TCGA-IG-A5B8	5	-1.5638622045517	-0.829315718517865	-0.734546486033835	11.8683372650603	FALSE
ridge314_primary	Factor1	8	TCGA-IG-A5S3	3	-0.12177149951458	0.775387637535941	-0.897159137050521	10.8489796646386	FALSE
ridge314_primary	Factor1	8	TCGA-IG-A625	4	1.95474624633789	0.824020982869368	1.13072526346852	19.1202139256873	FALSE
ridge314_primary	Factor1	8	TCGA-IG-A6QS	4	-1.38964557647705	-0.559506616695066	-0.830138959781984	19.1202139256873	FALSE
ridge314_primary	Factor1	8	TCGA-IG-A8O2	2	0.541013836860657	0.601520298036688	-0.0605064611760308	13.3380596680116	FALSE
ridge314_primary	Factor1	8	TCGA-IG-A97H	2	-0.0436014793813229	-0.674426454893714	0.630824975512391	13.3380596680116	FALSE
ridge314_primary	Factor1	8	TCGA-IG-A97I	2	0.195611760020256	-0.306136571346366	0.501748331366622	13.3380596680116	FALSE
ridge314_primary	Factor1	8	TCGA-JY-A6FD	3	-1.12422180175781	-0.916190905100499	-0.208030896657311	10.8489796646386	FALSE
ridge314_primary	Factor1	8	TCGA-JY-A6FE	3	-0.3648741543293	-0.373051591059991	0.00817743673069121	10.8489796646386	FALSE
ridge314_primary	Factor1	8	TCGA-JY-A6FG	5	-1.82158958911896	-0.167184727982659	-1.6544048611363	11.8683372650603	FALSE
ridge314_primary	Factor1	8	TCGA-JY-A93F	5	-1.8310741186142	-0.371755642191774	-1.45931847642243	11.8683372650603	FALSE
ridge314_primary	Factor1	8	TCGA-KH-A6WC	1	-0.495984196662903	-0.510840758178139	0.0148565615152361	11.3731580160229	FALSE
ridge314_primary	Factor1	8	TCGA-L5-A43J	4	-0.48718187212944	-0.314145383385432	-0.173036488744008	19.1202139256873	FALSE
ridge314_primary	Factor1	8	TCGA-L5-A4OM	2	0.392181187868118	0.117509078669997	0.274672109198121	13.3380596680116	FALSE
ridge314_primary	Factor1	8	TCGA-L5-A88S	3	-1.02788424491882	-0.0301815711286805	-0.997702673790139	10.8489796646386	FALSE
ridge314_primary	Factor1	8	TCGA-L5-A88W	2	-1.4298038482666	-0.75434734172762	-0.67545650653898	13.3380596680116	FALSE
ridge314_primary	Factor1	8	TCGA-L5-A88Z	4	1.54053568840027	0.7487347449971	0.791800943403171	19.1202139256873	FALSE
ridge314_primary	Factor1	8	TCGA-L5-A8NK	4	-0.631154298782349	-0.363491866565648	-0.267662432216701	19.1202139256873	FALSE
ridge314_primary	Factor1	8	TCGA-L5-A8NQ	2	-0.988180816173553	-0.732283144621151	-0.255897671552403	13.3380596680116	FALSE
ridge314_primary	Factor1	8	TCGA-L7-A56G	1	-0.00663447054103017	-0.327533799000631	0.320899328459601	11.3731580160229	FALSE
ridge314_primary	Factor1	8	TCGA-LN-A49M	3	-1.35227811336517	-0.653382183201999	-0.698895930163172	10.8489796646386	FALSE
ridge314_primary	Factor1	8	TCGA-LN-A49O	2	-1.25918996334076	-1.00013854479287	-0.259051418547885	13.3380596680116	FALSE
ridge314_primary	Factor1	8	TCGA-LN-A49P	5	0.384184151887894	-0.0512631628873016	0.435447314775196	11.8683372650603	FALSE
ridge314_primary	Factor1	8	TCGA-LN-A49S	4	-0.679978013038635	-0.179166878669677	-0.500811134368958	19.1202139256873	FALSE
ridge314_primary	Factor1	8	TCGA-LN-A49U	3	1.28356349468231	0.863683500724119	0.419879993958191	10.8489796646386	FALSE
ridge314_primary	Factor1	8	TCGA-LN-A49W	4	-1.40213918685913	-0.641720898454246	-0.760418288404884	19.1202139256873	FALSE
ridge314_primary	Factor1	8	TCGA-LN-A49X	1	-0.535914719104767	-0.245943480983432	-0.289971238121335	11.3731580160229	FALSE
ridge314_primary	Factor1	8	TCGA-LN-A49Y	2	-0.0604930892586708	0.541385658732154	-0.601878747990825	13.3380596680116	FALSE
ridge314_primary	Factor1	8	TCGA-LN-A4A1	5	-0.729122936725617	-0.454348999932693	-0.274773936792924	11.8683372650603	FALSE
ridge314_primary	Factor1	8	TCGA-LN-A4A3	1	-0.898725807666779	-0.37704508028001	-0.521680727386769	11.3731580160229	FALSE
ridge314_primary	Factor1	8	TCGA-LN-A4A4	3	0.976603209972382	0.914953548637555	0.0616496613348266	10.8489796646386	FALSE
ridge314_primary	Factor1	8	TCGA-LN-A4A5	4	-0.822579443454742	-0.117576716669465	-0.705002726785278	19.1202139256873	FALSE
ridge314_primary	Factor1	8	TCGA-LN-A4A8	3	-0.156477704644203	0.318945736447993	-0.475423441092196	10.8489796646386	FALSE
ridge314_primary	Factor1	8	TCGA-LN-A4A9	4	-1.29563093185425	-0.916262653542205	-0.379368278312046	19.1202139256873	FALSE
ridge314_primary	Factor1	8	TCGA-LN-A4MQ	2	1.61631655693054	1.30364715348204	0.312669403448503	13.3380596680116	FALSE
ridge314_primary	Factor1	8	TCGA-LN-A5U5	3	0.401715189218521	0.837375649820028	-0.435660460601507	10.8489796646386	FALSE
ridge314_primary	Factor1	8	TCGA-LN-A5U6	1	0.735014319419861	0.0434429869669246	0.691571332452936	11.3731580160229	FALSE
ridge314_primary	Factor1	8	TCGA-LN-A5U7	3	1.45523107051849	0.556574452274482	0.898656618244008	10.8489796646386	FALSE
ridge314_primary	Factor1	8	TCGA-LN-A7HV	5	-0.226163685321808	-0.138970380705444	-0.0871933046163641	11.8683372650603	FALSE
ridge314_primary	Factor1	8	TCGA-LN-A7HW	1	2.27037715911865	0.934752182477277	1.33562497664137	11.3731580160229	FALSE
ridge314_primary	Factor1	8	TCGA-LN-A7HX	4	-0.115487024188042	-0.281162633758609	0.165675609570567	19.1202139256873	FALSE
ridge314_primary	Factor1	8	TCGA-LN-A7HY	5	-0.789646327495575	0.167556947724177	-0.957203275219752	11.8683372650603	FALSE
ridge314_primary	Factor1	8	TCGA-LN-A7HZ	4	1.74072921276093	0.308112246610343	1.43261696615059	19.1202139256873	FALSE
ridge314_primary	Factor1	8	TCGA-LN-A8HZ	5	1.83199214935303	0.957679323949045	0.874312825403985	11.8683372650603	FALSE
ridge314_primary	Factor1	8	TCGA-LN-A8I0	5	1.16729402542114	0.397119285421018	0.770174740000122	11.8683372650603	FALSE
ridge314_primary	Factor1	8	TCGA-LN-A8I1	3	0.228728458285332	0.162536318987062	0.0661921392982701	10.8489796646386	FALSE
ridge314_primary	Factor1	8	TCGA-LN-A9FO	1	-1.13410973548889	-0.535831861666221	-0.598277873822669	11.3731580160229	FALSE
ridge314_primary	Factor1	8	TCGA-LN-A9FP	5	0.00534352008253336	0.1349521116517	-0.129608591569167	11.8683372650603	FALSE
ridge314_primary	Factor1	8	TCGA-LN-A9FQ	1	1.91045224666595	0.977116758649385	0.933335488016565	11.3731580160229	FALSE
ridge314_primary	Factor1	8	TCGA-LN-A9FR	5	0.439607352018356	0.308728236071487	0.130879115946869	11.8683372650603	FALSE
ridge314_primary	Factor1	8	TCGA-S8-A6BW	1	2.16162419319153	0.91878963483553	1.242834558356	11.3731580160229	FALSE
ridge314_primary	Factor1	8	TCGA-V5-A7RC	3	1.74002206325531	0.403172844862476	1.33684921839283	10.8489796646386	FALSE
ridge314_primary	Factor1	8	TCGA-V5-AASV	5	-1.48267495632172	-0.442109669964254	-1.04056528635747	11.8683372650603	FALSE
ridge314_primary	Factor1	8	TCGA-VR-A8EO	1	0.118362635374069	0.406172780569159	-0.28781014519509	11.3731580160229	FALSE
ridge314_primary	Factor1	8	TCGA-VR-A8EP	4	0.779810667037964	0.50081666958386	0.278993997454104	19.1202139256873	FALSE
ridge314_primary	Factor1	8	TCGA-VR-A8ER	1	1.47504675388336	0.695209182424889	0.779837571458471	11.3731580160229	FALSE
ridge314_primary	Factor1	8	TCGA-VR-A8ET	1	-1.34731888771057	-0.395993550010835	-0.951325337699735	11.3731580160229	FALSE
ridge314_primary	Factor1	8	TCGA-VR-A8EU	5	-0.670289278030396	-0.2990865112559	-0.371202766774496	11.8683372650603	FALSE
ridge314_primary	Factor1	8	TCGA-VR-A8EW	1	1.2442399263382	0.438759019784671	0.805480906553529	11.3731580160229	FALSE
ridge314_primary	Factor1	8	TCGA-VR-A8EX	2	-0.196710988879204	-0.239890545211007	0.0431795563318028	13.3380596680116	FALSE
ridge314_primary	Factor1	8	TCGA-VR-A8EY	2	0.291961848735809	0.190466799712727	0.101495049023082	13.3380596680116	FALSE
ridge314_primary	Factor1	8	TCGA-VR-A8EZ	4	1.81589078903198	1.05720051815051	0.758690270881467	19.1202139256873	FALSE
ridge314_primary	Factor1	8	TCGA-VR-AA4G	5	-0.0592466592788696	-0.349663155585246	0.290416496306377	11.8683372650603	FALSE
ridge314_primary	Factor1	8	TCGA-VR-AA7I	3	-0.988227009773254	-0.88399393953376	-0.104233070239494	10.8489796646386	FALSE
ridge314_primary	Factor1	8	TCGA-XP-A8T6	4	0.683912694454193	0.219676724116836	0.464235970337357	19.1202139256873	FALSE
ridge314_primary	Factor1	8	TCGA-XP-A8T8	1	1.18388688564301	0.402320709944792	0.781566175698219	11.3731580160229	FALSE
ridge314_primary	Factor1	8	TCGA-Z6-A8JD	2	-1.18483340740204	-1.01123603118269	-0.173597376219355	13.3380596680116	FALSE
ridge314_primary	Factor1	8	TCGA-Z6-A8JE	3	-0.456298410892487	0.699847223754749	-1.15614563464724	10.8489796646386	FALSE
ridge314_primary	Factor1	8	TCGA-Z6-A9VB	1	1.28026008605957	0.838747422414088	0.441512663645482	11.3731580160229	FALSE
ridge314_primary	Factor1	8	TCGA-Z6-AAPN	2	-1.29205822944641	-0.822096745471403	-0.469961483975007	13.3380596680116	FALSE
ridge314_primary	Factor1	9	TCGA-IG-A3I8	1	0.24676987528801	0.328235759117873	-0.0814658838298629	16.2023236484358	FALSE
ridge314_primary	Factor1	9	TCGA-IG-A3QL	4	2.54458022117615	1.39284399462661	1.15173622654954	11.1598287663209	FALSE
ridge314_primary	Factor1	9	TCGA-IG-A3YA	2	0.144667848944664	-0.119016773310351	0.263684622255015	15.5387376500161	FALSE
ridge314_primary	Factor1	9	TCGA-IG-A3YB	4	-0.866281390190125	-0.213983843804975	-0.65229754638515	11.1598287663209	FALSE
ridge314_primary	Factor1	9	TCGA-IG-A3YC	4	-0.79561573266983	-0.494987622344796	-0.300628110325034	11.1598287663209	FALSE
ridge314_primary	Factor1	9	TCGA-IG-A4P3	3	0.196520000696182	-0.671688266108792	0.868208266804974	13.6143970515377	FALSE
ridge314_primary	Factor1	9	TCGA-IG-A50L	1	0.837116003036499	0.523355446430699	0.3137605566058	16.2023236484358	FALSE
ridge314_primary	Factor1	9	TCGA-IG-A51D	4	-1.29975271224976	-0.38637409325674	-0.913378618993021	11.1598287663209	FALSE
ridge314_primary	Factor1	9	TCGA-IG-A5B8	5	-1.5638622045517	-0.583731817242358	-0.980130387309342	21.9105115323225	FALSE
ridge314_primary	Factor1	9	TCGA-IG-A5S3	4	-0.12177149951458	0.741728100302331	-0.863499599816911	11.1598287663209	FALSE
ridge314_primary	Factor1	9	TCGA-IG-A625	5	1.95474624633789	0.905839406300642	1.04890684003725	21.9105115323225	FALSE
ridge314_primary	Factor1	9	TCGA-IG-A6QS	3	-1.38964557647705	-0.558618089131836	-0.831027487345214	13.6143970515377	FALSE
ridge314_primary	Factor1	9	TCGA-IG-A8O2	3	0.541013836860657	0.634836707229232	-0.0938228703685745	13.6143970515377	FALSE
ridge314_primary	Factor1	9	TCGA-IG-A97H	1	-0.0436014793813229	-0.705596959648194	0.661995480266871	16.2023236484358	FALSE
ridge314_primary	Factor1	9	TCGA-IG-A97I	3	0.195611760020256	-0.241478100681455	0.437089860701711	13.6143970515377	FALSE
ridge314_primary	Factor1	9	TCGA-JY-A6FD	1	-1.12422180175781	-0.855197645064689	-0.269024156693121	16.2023236484358	FALSE
ridge314_primary	Factor1	9	TCGA-JY-A6FE	5	-0.3648741543293	-0.238364560548506	-0.126509593780794	21.9105115323225	FALSE
ridge314_primary	Factor1	9	TCGA-JY-A6FG	3	-1.82158958911896	-0.284727404363701	-1.53686218475526	13.6143970515377	FALSE
ridge314_primary	Factor1	9	TCGA-JY-A93F	5	-1.8310741186142	-0.284447732748115	-1.54662638586609	21.9105115323225	FALSE
ridge314_primary	Factor1	9	TCGA-KH-A6WC	1	-0.495984196662903	-0.357968493469004	-0.138015703193899	16.2023236484358	FALSE
ridge314_primary	Factor1	9	TCGA-L5-A43J	5	-0.48718187212944	-0.290885222282192	-0.196296649847248	21.9105115323225	FALSE
ridge314_primary	Factor1	9	TCGA-L5-A4OM	3	0.392181187868118	0.0843001239324481	0.30788106393567	13.6143970515377	FALSE
ridge314_primary	Factor1	9	TCGA-L5-A88S	1	-1.02788424491882	-0.0189620092235528	-1.00892223569527	16.2023236484358	FALSE
ridge314_primary	Factor1	9	TCGA-L5-A88W	4	-1.4298038482666	-0.831068788111939	-0.598735060154661	11.1598287663209	FALSE
ridge314_primary	Factor1	9	TCGA-L5-A88Z	3	1.54053568840027	1.13068441841486	0.409851269985406	13.6143970515377	FALSE
ridge314_primary	Factor1	9	TCGA-L5-A8NK	4	-0.631154298782349	-0.371936515418658	-0.259217783363691	11.1598287663209	FALSE
ridge314_primary	Factor1	9	TCGA-L5-A8NQ	4	-0.988180816173553	-0.695182263398098	-0.292998552775455	11.1598287663209	FALSE
ridge314_primary	Factor1	9	TCGA-L7-A56G	1	-0.00663447054103017	-0.296155774781961	0.289521304240931	16.2023236484358	FALSE
ridge314_primary	Factor1	9	TCGA-LN-A49M	5	-1.35227811336517	-0.340053500161304	-1.01222461320387	21.9105115323225	FALSE
ridge314_primary	Factor1	9	TCGA-LN-A49O	1	-1.25918996334076	-0.973531736210896	-0.285658227129864	16.2023236484358	FALSE
ridge314_primary	Factor1	9	TCGA-LN-A49P	2	0.384184151887894	-0.15996026254122	0.544144414429114	15.5387376500161	FALSE
ridge314_primary	Factor1	9	TCGA-LN-A49S	3	-0.679978013038635	-0.194434017279594	-0.485543995759042	13.6143970515377	FALSE
ridge314_primary	Factor1	9	TCGA-LN-A49U	2	1.28356349468231	0.672361706142532	0.611201788539778	15.5387376500161	FALSE
ridge314_primary	Factor1	9	TCGA-LN-A49W	2	-1.40213918685913	-0.792065761493606	-0.610073425365524	15.5387376500161	FALSE
ridge314_primary	Factor1	9	TCGA-LN-A49X	2	-0.535914719104767	-0.164757107632917	-0.37115761147185	15.5387376500161	FALSE
ridge314_primary	Factor1	9	TCGA-LN-A49Y	2	-0.0604930892586708	0.482253418101116	-0.542746507359787	15.5387376500161	FALSE
ridge314_primary	Factor1	9	TCGA-LN-A4A1	3	-0.729122936725617	-0.45202016754086	-0.277102769184757	13.6143970515377	FALSE
ridge314_primary	Factor1	9	TCGA-LN-A4A3	4	-0.898725807666779	-0.363051152563131	-0.535674655103648	11.1598287663209	FALSE
ridge314_primary	Factor1	9	TCGA-LN-A4A4	1	0.976603209972382	0.714478662563816	0.262124547408566	16.2023236484358	FALSE
ridge314_primary	Factor1	9	TCGA-LN-A4A5	2	-0.822579443454742	-0.257355234274525	-0.565224209180218	15.5387376500161	FALSE
ridge314_primary	Factor1	9	TCGA-LN-A4A8	2	-0.156477704644203	0.334271664042948	-0.490749368687151	15.5387376500161	FALSE
ridge314_primary	Factor1	9	TCGA-LN-A4A9	3	-1.29563093185425	-1.10589037776572	-0.189740554088528	13.6143970515377	FALSE
ridge314_primary	Factor1	9	TCGA-LN-A4MQ	5	1.61631655693054	1.03075272364254	0.585563833288	21.9105115323225	FALSE
ridge314_primary	Factor1	9	TCGA-LN-A5U5	3	0.401715189218521	0.510413677015236	-0.108698487796715	13.6143970515377	FALSE
ridge314_primary	Factor1	9	TCGA-LN-A5U6	5	0.735014319419861	0.132296949895479	0.602717369524383	21.9105115323225	FALSE
ridge314_primary	Factor1	9	TCGA-LN-A5U7	1	1.45523107051849	0.422718646004835	1.03251242451366	16.2023236484358	FALSE
ridge314_primary	Factor1	9	TCGA-LN-A7HV	4	-0.226163685321808	-0.110334045942869	-0.115829639378939	11.1598287663209	FALSE
ridge314_primary	Factor1	9	TCGA-LN-A7HW	2	2.27037715911865	1.15211503465557	1.11826212446308	15.5387376500161	FALSE
ridge314_primary	Factor1	9	TCGA-LN-A7HX	1	-0.115487024188042	-0.430485316570223	0.314998292382181	16.2023236484358	FALSE
ridge314_primary	Factor1	9	TCGA-LN-A7HY	4	-0.789646327495575	0.0439096808602157	-0.833556008355791	11.1598287663209	FALSE
ridge314_primary	Factor1	9	TCGA-LN-A7HZ	2	1.74072921276093	0.288384854253232	1.4523443585077	15.5387376500161	FALSE
ridge314_primary	Factor1	9	TCGA-LN-A8HZ	3	1.83199214935303	0.89237576972491	0.93961637962812	13.6143970515377	FALSE
ridge314_primary	Factor1	9	TCGA-LN-A8I0	2	1.16729402542114	0.132273965694325	1.03502005972681	15.5387376500161	FALSE
ridge314_primary	Factor1	9	TCGA-LN-A8I1	1	0.228728458285332	0.0433909995506307	0.185337458734701	16.2023236484358	FALSE
ridge314_primary	Factor1	9	TCGA-LN-A9FO	4	-1.13410973548889	-0.425231284379884	-0.708878451109006	11.1598287663209	FALSE
ridge314_primary	Factor1	9	TCGA-LN-A9FP	5	0.00534352008253336	0.114314693482114	-0.108971173399581	21.9105115323225	FALSE
ridge314_primary	Factor1	9	TCGA-LN-A9FQ	4	1.91045224666595	1.18420737652741	0.726244870138536	11.1598287663209	FALSE
ridge314_primary	Factor1	9	TCGA-LN-A9FR	4	0.439607352018356	0.285357877630426	0.15424947438793	11.1598287663209	FALSE
ridge314_primary	Factor1	9	TCGA-S8-A6BW	3	2.16162419319153	1.13239092965541	1.02923326353612	13.6143970515377	FALSE
ridge314_primary	Factor1	9	TCGA-V5-A7RC	2	1.74002206325531	0.264761076306877	1.47526098694843	15.5387376500161	FALSE
ridge314_primary	Factor1	9	TCGA-V5-AASV	5	-1.48267495632172	-0.457614204234639	-1.02506075208708	21.9105115323225	FALSE
ridge314_primary	Factor1	9	TCGA-VR-A8EO	3	0.118362635374069	0.337723888624275	-0.219361253250206	13.6143970515377	FALSE
ridge314_primary	Factor1	9	TCGA-VR-A8EP	1	0.779810667037964	0.393136131960388	0.386674535077576	16.2023236484358	FALSE
ridge314_primary	Factor1	9	TCGA-VR-A8ER	2	1.47504675388336	0.750322322251427	0.724724431631933	15.5387376500161	FALSE
ridge314_primary	Factor1	9	TCGA-VR-A8ET	2	-1.34731888771057	-0.309839439264483	-1.03747944844609	15.5387376500161	FALSE
ridge314_primary	Factor1	9	TCGA-VR-A8EU	3	-0.670289278030396	-0.323028320606392	-0.347260957424004	13.6143970515377	FALSE
ridge314_primary	Factor1	9	TCGA-VR-A8EW	1	1.2442399263382	0.379540624138474	0.864699302199726	16.2023236484358	FALSE
ridge314_primary	Factor1	9	TCGA-VR-A8EX	5	-0.196710988879204	-0.182912236008786	-0.0137987528704179	21.9105115323225	FALSE
ridge314_primary	Factor1	9	TCGA-VR-A8EY	4	0.291961848735809	0.203245866355836	0.0887159823799735	11.1598287663209	FALSE
ridge314_primary	Factor1	9	TCGA-VR-A8EZ	5	1.81589078903198	0.929276960252027	0.886613828779953	21.9105115323225	FALSE
ridge314_primary	Factor1	9	TCGA-VR-AA4G	5	-0.0592466592788696	-0.277217567742235	0.217970908463365	21.9105115323225	FALSE
ridge314_primary	Factor1	9	TCGA-VR-AA7I	1	-0.988227009773254	-0.838234628017431	-0.149992381755823	16.2023236484358	FALSE
ridge314_primary	Factor1	9	TCGA-XP-A8T6	3	0.683912694454193	0.327672901595042	0.356239792859151	13.6143970515377	FALSE
ridge314_primary	Factor1	9	TCGA-XP-A8T8	2	1.18388688564301	0.290529099817018	0.893357785825992	15.5387376500161	FALSE
ridge314_primary	Factor1	9	TCGA-Z6-A8JD	5	-1.18483340740204	-0.763548727285566	-0.421284680116474	21.9105115323225	FALSE
ridge314_primary	Factor1	9	TCGA-Z6-A8JE	2	-0.456298410892487	0.61843804231106	-1.07473645320355	15.5387376500161	FALSE
ridge314_primary	Factor1	9	TCGA-Z6-A9VB	1	1.28026008605957	0.818864071430981	0.461396014628589	16.2023236484358	FALSE
ridge314_primary	Factor1	9	TCGA-Z6-AAPN	5	-1.29205822944641	-0.492571647460425	-0.799486581985985	21.9105115323225	FALSE
ridge314_primary	Factor1	10	TCGA-IG-A3I8	5	0.24676987528801	0.403301834116195	-0.156531958828185	10.5736030211095	FALSE
ridge314_primary	Factor1	10	TCGA-IG-A3QL	2	2.54458022117615	1.28721567700677	1.25736454416938	14.7886360354392	FALSE
ridge314_primary	Factor1	10	TCGA-IG-A3YA	4	0.144667848944664	-0.247444172243581	0.392112021188245	15.2206857327369	FALSE
ridge314_primary	Factor1	10	TCGA-IG-A3YB	2	-0.866281390190125	-0.241313044042813	-0.624968346147312	14.7886360354392	FALSE
ridge314_primary	Factor1	10	TCGA-IG-A3YC	3	-0.79561573266983	-0.769025157406379	-0.0265905752634513	12.1227171341044	FALSE
ridge314_primary	Factor1	10	TCGA-IG-A4P3	3	0.196520000696182	-0.699765710126394	0.896285710822576	12.1227171341044	FALSE
ridge314_primary	Factor1	10	TCGA-IG-A50L	1	0.837116003036499	0.52018501259222	0.31693099044428	16.3810132884675	FALSE
ridge314_primary	Factor1	10	TCGA-IG-A51D	4	-1.29975271224976	-0.449897496309803	-0.849855215939957	15.2206857327369	FALSE
ridge314_primary	Factor1	10	TCGA-IG-A5B8	2	-1.5638622045517	-0.879761562813886	-0.684100641737814	14.7886360354392	FALSE
ridge314_primary	Factor1	10	TCGA-IG-A5S3	3	-0.12177149951458	0.59683448484627	-0.71860598436085	12.1227171341044	FALSE
ridge314_primary	Factor1	10	TCGA-IG-A625	3	1.95474624633789	1.08541340482907	0.869332841508822	12.1227171341044	FALSE
ridge314_primary	Factor1	10	TCGA-IG-A6QS	3	-1.38964557647705	-0.482732064892025	-0.906913511585025	12.1227171341044	FALSE
ridge314_primary	Factor1	10	TCGA-IG-A8O2	2	0.541013836860657	0.510515634336995	0.0304982025236615	14.7886360354392	FALSE
ridge314_primary	Factor1	10	TCGA-IG-A97H	5	-0.0436014793813229	-0.739599192630648	0.695997713249325	10.5736030211095	FALSE
ridge314_primary	Factor1	10	TCGA-IG-A97I	2	0.195611760020256	-0.203991175360747	0.399602935381003	14.7886360354392	FALSE
ridge314_primary	Factor1	10	TCGA-JY-A6FD	5	-1.12422180175781	-0.88868898847888	-0.235532813278931	10.5736030211095	FALSE
ridge314_primary	Factor1	10	TCGA-JY-A6FE	5	-0.3648741543293	-0.508873710123518	0.143999555794218	10.5736030211095	FALSE
ridge314_primary	Factor1	10	TCGA-JY-A6FG	3	-1.82158958911896	-0.199831747727117	-1.62175784139184	12.1227171341044	FALSE
ridge314_primary	Factor1	10	TCGA-JY-A93F	1	-1.8310741186142	-0.540040635992067	-1.29103348262213	16.3810132884675	FALSE
ridge314_primary	Factor1	10	TCGA-KH-A6WC	2	-0.495984196662903	-0.236000442145043	-0.25998375451786	14.7886360354392	FALSE
ridge314_primary	Factor1	10	TCGA-L5-A43J	2	-0.48718187212944	-0.365303391872259	-0.121878480257181	14.7886360354392	FALSE
ridge314_primary	Factor1	10	TCGA-L5-A4OM	5	0.392181187868118	0.142563468244437	0.249617719623681	10.5736030211095	FALSE
ridge314_primary	Factor1	10	TCGA-L5-A88S	1	-1.02788424491882	0.00395958177281142	-1.03184382669163	16.3810132884675	FALSE
ridge314_primary	Factor1	10	TCGA-L5-A88W	3	-1.4298038482666	-0.595825673269371	-0.833978174997229	12.1227171341044	FALSE
ridge314_primary	Factor1	10	TCGA-L5-A88Z	1	1.54053568840027	0.847418935403167	0.693116752997103	16.3810132884675	FALSE
ridge314_primary	Factor1	10	TCGA-L5-A8NK	2	-0.631154298782349	-0.356735401871112	-0.274418896911237	14.7886360354392	FALSE
ridge314_primary	Factor1	10	TCGA-L5-A8NQ	3	-0.988180816173553	-0.666148173638438	-0.322032642535115	12.1227171341044	FALSE
ridge314_primary	Factor1	10	TCGA-L7-A56G	3	-0.00663447054103017	-0.189792929520455	0.183158458979425	12.1227171341044	FALSE
ridge314_primary	Factor1	10	TCGA-LN-A49M	3	-1.35227811336517	-0.454450382572867	-0.897827730792303	12.1227171341044	FALSE
ridge314_primary	Factor1	10	TCGA-LN-A49O	4	-1.25918996334076	-0.972538625470978	-0.286651337869782	15.2206857327369	FALSE
ridge314_primary	Factor1	10	TCGA-LN-A49P	4	0.384184151887894	-0.132592897108988	0.516777048996882	15.2206857327369	FALSE
ridge314_primary	Factor1	10	TCGA-LN-A49S	3	-0.679978013038635	-0.184558765410414	-0.495419247628221	12.1227171341044	FALSE
ridge314_primary	Factor1	10	TCGA-LN-A49U	4	1.28356349468231	0.72225002475236	0.56131346992995	15.2206857327369	FALSE
ridge314_primary	Factor1	10	TCGA-LN-A49W	5	-1.40213918685913	-0.636936121510379	-0.765203065348751	10.5736030211095	FALSE
ridge314_primary	Factor1	10	TCGA-LN-A49X	4	-0.535914719104767	-0.159222181743736	-0.376692537361031	15.2206857327369	FALSE
ridge314_primary	Factor1	10	TCGA-LN-A49Y	2	-0.0604930892586708	0.502959937549268	-0.563453026807939	14.7886360354392	FALSE
ridge314_primary	Factor1	10	TCGA-LN-A4A1	4	-0.729122936725617	-0.481142660590674	-0.247980276134944	15.2206857327369	FALSE
ridge314_primary	Factor1	10	TCGA-LN-A4A3	4	-0.898725807666779	-0.358690586974857	-0.540035220691922	15.2206857327369	FALSE
ridge314_primary	Factor1	10	TCGA-LN-A4A4	3	0.976603209972382	0.731185169486918	0.245418040485464	12.1227171341044	FALSE
ridge314_primary	Factor1	10	TCGA-LN-A4A5	2	-0.822579443454742	-0.244212004361018	-0.578367439093724	14.7886360354392	FALSE
ridge314_primary	Factor1	10	TCGA-LN-A4A8	1	-0.156477704644203	0.167669135844213	-0.324146840488416	16.3810132884675	FALSE
ridge314_primary	Factor1	10	TCGA-LN-A4A9	1	-1.29563093185425	-1.05503514950319	-0.240595782351057	16.3810132884675	FALSE
ridge314_primary	Factor1	10	TCGA-LN-A4MQ	1	1.61631655693054	1.14748289744451	0.468833659486031	16.3810132884675	FALSE
ridge314_primary	Factor1	10	TCGA-LN-A5U5	4	0.401715189218521	0.590654811193701	-0.18893962197518	15.2206857327369	FALSE
ridge314_primary	Factor1	10	TCGA-LN-A5U6	4	0.735014319419861	0.0899511408914873	0.645063178528374	15.2206857327369	FALSE
ridge314_primary	Factor1	10	TCGA-LN-A5U7	1	1.45523107051849	0.381262275422265	1.07396879509623	16.3810132884675	FALSE
ridge314_primary	Factor1	10	TCGA-LN-A7HV	1	-0.226163685321808	-0.227202185225508	0.00103849990369972	16.3810132884675	FALSE
ridge314_primary	Factor1	10	TCGA-LN-A7HW	5	2.27037715911865	1.26295749947563	1.00741965964302	10.5736030211095	FALSE
ridge314_primary	Factor1	10	TCGA-LN-A7HX	5	-0.115487024188042	-0.438788597791755	0.323301573603713	10.5736030211095	FALSE
ridge314_primary	Factor1	10	TCGA-LN-A7HY	2	-0.789646327495575	0.05928579908828	-0.848932126583855	14.7886360354392	FALSE
ridge314_primary	Factor1	10	TCGA-LN-A7HZ	2	1.74072921276093	0.47069108595828	1.27003812680265	14.7886360354392	FALSE
ridge314_primary	Factor1	10	TCGA-LN-A8HZ	3	1.83199214935303	0.93000074220721	0.90199140714582	12.1227171341044	FALSE
ridge314_primary	Factor1	10	TCGA-LN-A8I0	1	1.16729402542114	0.163981383620792	1.00331264180035	16.3810132884675	FALSE
ridge314_primary	Factor1	10	TCGA-LN-A8I1	5	0.228728458285332	0.199286687823366	0.0294417704619663	10.5736030211095	FALSE
ridge314_primary	Factor1	10	TCGA-LN-A9FO	5	-1.13410973548889	-0.270705562940843	-0.863404172548047	10.5736030211095	FALSE
ridge314_primary	Factor1	10	TCGA-LN-A9FP	1	0.00534352008253336	0.330025393097958	-0.324681873015425	16.3810132884675	FALSE
ridge314_primary	Factor1	10	TCGA-LN-A9FQ	5	1.91045224666595	1.17953750518916	0.730914741476792	10.5736030211095	FALSE
ridge314_primary	Factor1	10	TCGA-LN-A9FR	2	0.439607352018356	0.432198036256136	0.00740931576221976	14.7886360354392	FALSE
ridge314_primary	Factor1	10	TCGA-S8-A6BW	3	2.16162419319153	1.18783869490045	0.973785498291079	12.1227171341044	FALSE
ridge314_primary	Factor1	10	TCGA-V5-A7RC	4	1.74002206325531	0.342767161003606	1.3972549022517	15.2206857327369	FALSE
ridge314_primary	Factor1	10	TCGA-V5-AASV	4	-1.48267495632172	-0.551644972728388	-0.931029983593332	15.2206857327369	FALSE
ridge314_primary	Factor1	10	TCGA-VR-A8EO	2	0.118362635374069	0.388044204578655	-0.269681569204586	14.7886360354392	FALSE
ridge314_primary	Factor1	10	TCGA-VR-A8EP	3	0.779810667037964	0.435610028640626	0.344200638397338	12.1227171341044	FALSE
ridge314_primary	Factor1	10	TCGA-VR-A8ER	2	1.47504675388336	0.799129586153774	0.675917167729586	14.7886360354392	FALSE
ridge314_primary	Factor1	10	TCGA-VR-A8ET	1	-1.34731888771057	-0.356387790569425	-0.990931097141145	16.3810132884675	FALSE
ridge314_primary	Factor1	10	TCGA-VR-A8EU	4	-0.670289278030396	-0.333039839038958	-0.337249438991438	15.2206857327369	FALSE
ridge314_primary	Factor1	10	TCGA-VR-A8EW	1	1.2442399263382	0.363813008676537	0.880426917661663	16.3810132884675	FALSE
ridge314_primary	Factor1	10	TCGA-VR-A8EX	5	-0.196710988879204	-0.168770355008323	-0.0279406338708811	10.5736030211095	FALSE
ridge314_primary	Factor1	10	TCGA-VR-A8EY	1	0.291961848735809	0.0045490442124058	0.287412804523403	16.3810132884675	FALSE
ridge314_primary	Factor1	10	TCGA-VR-A8EZ	1	1.81589078903198	0.974120413848847	0.841770375183133	16.3810132884675	FALSE
ridge314_primary	Factor1	10	TCGA-VR-AA4G	4	-0.0592466592788696	-0.346650603922082	0.287403944643212	15.2206857327369	FALSE
ridge314_primary	Factor1	10	TCGA-VR-AA7I	2	-0.988227009773254	-0.872980586832265	-0.115246422940989	14.7886360354392	FALSE
ridge314_primary	Factor1	10	TCGA-XP-A8T6	1	0.683912694454193	0.231459941042629	0.452452753411564	16.3810132884675	FALSE
ridge314_primary	Factor1	10	TCGA-XP-A8T8	4	1.18388688564301	0.408565457205434	0.775321428437576	15.2206857327369	FALSE
ridge314_primary	Factor1	10	TCGA-Z6-A8JD	5	-1.18483340740204	-0.954133067036358	-0.230700340365682	10.5736030211095	FALSE
ridge314_primary	Factor1	10	TCGA-Z6-A8JE	5	-0.456298410892487	0.597359754072689	-1.05365816496518	10.5736030211095	FALSE
ridge314_primary	Factor1	10	TCGA-Z6-A9VB	3	1.28026008605957	0.930624510215536	0.349635575844034	12.1227171341044	FALSE
ridge314_primary	Factor1	10	TCGA-Z6-AAPN	5	-1.29205822944641	-0.806832153076584	-0.485226076369826	10.5736030211095	FALSE
ridge314_primary	Factor1	11	TCGA-IG-A3I8	3	0.24676987528801	0.539470754498842	-0.292700879210832	12.3772982826764	FALSE
ridge314_primary	Factor1	11	TCGA-IG-A3QL	5	2.54458022117615	1.08331420492114	1.46126601625501	12.2035952926379	FALSE
ridge314_primary	Factor1	11	TCGA-IG-A3YA	3	0.144667848944664	-0.127438450986485	0.272106299931149	12.3772982826764	FALSE
ridge314_primary	Factor1	11	TCGA-IG-A3YB	5	-0.866281390190125	-0.329600801597615	-0.53668058859251	12.2035952926379	FALSE
ridge314_primary	Factor1	11	TCGA-IG-A3YC	2	-0.79561573266983	-0.754702330816639	-0.0409134018531911	14.0854725839408	FALSE
ridge314_primary	Factor1	11	TCGA-IG-A4P3	1	0.196520000696182	-0.656393978182191	0.852913978878373	15.3561152518074	FALSE
ridge314_primary	Factor1	11	TCGA-IG-A50L	5	0.837116003036499	0.419091475176506	0.418024527859993	12.2035952926379	FALSE
ridge314_primary	Factor1	11	TCGA-IG-A51D	4	-1.29975271224976	-0.411124038348903	-0.888628673900857	12.5123608499003	FALSE
ridge314_primary	Factor1	11	TCGA-IG-A5B8	2	-1.5638622045517	-0.917837685857196	-0.646024518694504	14.0854725839408	FALSE
ridge314_primary	Factor1	11	TCGA-IG-A5S3	4	-0.12177149951458	0.700799540396928	-0.822571039911508	12.5123608499003	FALSE
ridge314_primary	Factor1	11	TCGA-IG-A625	5	1.95474624633789	0.932647672860592	1.0220985734773	12.2035952926379	FALSE
ridge314_primary	Factor1	11	TCGA-IG-A6QS	1	-1.38964557647705	-0.363170119075743	-1.02647545740131	15.3561152518074	FALSE
ridge314_primary	Factor1	11	TCGA-IG-A8O2	2	0.541013836860657	0.626485272525786	-0.085471435665129	14.0854725839408	FALSE
ridge314_primary	Factor1	11	TCGA-IG-A97H	2	-0.0436014793813229	-0.688794077173157	0.645192597791834	14.0854725839408	FALSE
ridge314_primary	Factor1	11	TCGA-IG-A97I	3	0.195611760020256	-0.265935884625211	0.461547644645467	12.3772982826764	FALSE
ridge314_primary	Factor1	11	TCGA-JY-A6FD	4	-1.12422180175781	-0.787821176747389	-0.336400625010421	12.5123608499003	FALSE
ridge314_primary	Factor1	11	TCGA-JY-A6FE	1	-0.3648741543293	-0.429583625530928	0.0647094712016276	15.3561152518074	FALSE
ridge314_primary	Factor1	11	TCGA-JY-A6FG	1	-1.82158958911896	0.0846617583382678	-1.90625134745723	15.3561152518074	FALSE
ridge314_primary	Factor1	11	TCGA-JY-A93F	1	-1.8310741186142	-0.132351789492172	-1.69872232912203	15.3561152518074	FALSE
ridge314_primary	Factor1	11	TCGA-KH-A6WC	3	-0.495984196662903	-0.370190256830041	-0.125793939832862	12.3772982826764	FALSE
ridge314_primary	Factor1	11	TCGA-L5-A43J	5	-0.48718187212944	-0.450879428565509	-0.0363024435639314	12.2035952926379	FALSE
ridge314_primary	Factor1	11	TCGA-L5-A4OM	4	0.392181187868118	0.205562140480453	0.186619047387665	12.5123608499003	FALSE
ridge314_primary	Factor1	11	TCGA-L5-A88S	4	-1.02788424491882	0.0729965692171467	-1.10088081413597	12.5123608499003	FALSE
ridge314_primary	Factor1	11	TCGA-L5-A88W	2	-1.4298038482666	-0.753290491464796	-0.676513356801805	14.0854725839408	FALSE
ridge314_primary	Factor1	11	TCGA-L5-A88Z	5	1.54053568840027	0.863777292842754	0.676758395557516	12.2035952926379	FALSE
ridge314_primary	Factor1	11	TCGA-L5-A8NK	1	-0.631154298782349	-0.228405026946027	-0.402749271836322	15.3561152518074	FALSE
ridge314_primary	Factor1	11	TCGA-L5-A8NQ	2	-0.988180816173553	-0.688440641600929	-0.299740174572624	14.0854725839408	FALSE
ridge314_primary	Factor1	11	TCGA-L7-A56G	2	-0.00663447054103017	-0.237134567067043	0.230500096526013	14.0854725839408	FALSE
ridge314_primary	Factor1	11	TCGA-LN-A49M	1	-1.35227811336517	-0.234414252042674	-1.1178638613225	15.3561152518074	FALSE
ridge314_primary	Factor1	11	TCGA-LN-A49O	2	-1.25918996334076	-0.945639177025936	-0.313550786314824	14.0854725839408	FALSE
ridge314_primary	Factor1	11	TCGA-LN-A49P	2	0.384184151887894	-0.0385191580624827	0.422703309950377	14.0854725839408	FALSE
ridge314_primary	Factor1	11	TCGA-LN-A49S	1	-0.679978013038635	0.0506215372410296	-0.730599550279665	15.3561152518074	FALSE
ridge314_primary	Factor1	11	TCGA-LN-A49U	2	1.28356349468231	0.597973527417916	0.685589967264394	14.0854725839408	FALSE
ridge314_primary	Factor1	11	TCGA-LN-A49W	4	-1.40213918685913	-0.621169949559652	-0.780969237299478	12.5123608499003	FALSE
ridge314_primary	Factor1	11	TCGA-LN-A49X	1	-0.535914719104767	-0.142173208166894	-0.393741510937873	15.3561152518074	FALSE
ridge314_primary	Factor1	11	TCGA-LN-A49Y	3	-0.0604930892586708	0.680859260707068	-0.741352349965738	12.3772982826764	FALSE
ridge314_primary	Factor1	11	TCGA-LN-A4A1	1	-0.729122936725617	-0.247335295526363	-0.481787641199254	15.3561152518074	FALSE
ridge314_primary	Factor1	11	TCGA-LN-A4A3	1	-0.898725807666779	-0.195364175030359	-0.70336163263642	15.3561152518074	FALSE
ridge314_primary	Factor1	11	TCGA-LN-A4A4	1	0.976603209972382	0.854304782412759	0.122298427559623	15.3561152518074	FALSE
ridge314_primary	Factor1	11	TCGA-LN-A4A5	4	-0.822579443454742	-0.103112403726091	-0.719467039728651	12.5123608499003	FALSE
ridge314_primary	Factor1	11	TCGA-LN-A4A8	1	-0.156477704644203	0.0225067714658885	-0.178984476110091	15.3561152518074	FALSE
ridge314_primary	Factor1	11	TCGA-LN-A4A9	5	-1.29563093185425	-1.10695255984214	-0.188678372012106	12.2035952926379	FALSE
ridge314_primary	Factor1	11	TCGA-LN-A4MQ	5	1.61631655693054	1.09850722589871	0.517809331031832	12.2035952926379	FALSE
ridge314_primary	Factor1	11	TCGA-LN-A5U5	2	0.401715189218521	0.799526527587276	-0.397811338368755	14.0854725839408	FALSE
ridge314_primary	Factor1	11	TCGA-LN-A5U6	2	0.735014319419861	0.0491111022536849	0.685903217166176	14.0854725839408	FALSE
ridge314_primary	Factor1	11	TCGA-LN-A5U7	1	1.45523107051849	0.600746472853608	0.854484597664882	15.3561152518074	FALSE
ridge314_primary	Factor1	11	TCGA-LN-A7HV	1	-0.226163685321808	0.019244914236456	-0.245408599558264	15.3561152518074	FALSE
ridge314_primary	Factor1	11	TCGA-LN-A7HW	2	2.27037715911865	1.06927920690541	1.20109795221324	14.0854725839408	FALSE
ridge314_primary	Factor1	11	TCGA-LN-A7HX	4	-0.115487024188042	-0.361439962869074	0.245952938681032	12.5123608499003	FALSE
ridge314_primary	Factor1	11	TCGA-LN-A7HY	3	-0.789646327495575	0.226048297404394	-1.01569462489997	12.3772982826764	FALSE
ridge314_primary	Factor1	11	TCGA-LN-A7HZ	4	1.74072921276093	0.392616285481011	1.34811292727992	12.5123608499003	FALSE
ridge314_primary	Factor1	11	TCGA-LN-A8HZ	4	1.83199214935303	0.781027127816376	1.05096502153665	12.5123608499003	FALSE
ridge314_primary	Factor1	11	TCGA-LN-A8I0	5	1.16729402542114	0.0700324876345883	1.09726153778655	12.2035952926379	FALSE
ridge314_primary	Factor1	11	TCGA-LN-A8I1	2	0.228728458285332	0.162720492204575	0.0660079660807569	14.0854725839408	FALSE
ridge314_primary	Factor1	11	TCGA-LN-A9FO	5	-1.13410973548889	-0.500837122642122	-0.633272612846768	12.2035952926379	FALSE
ridge314_primary	Factor1	11	TCGA-LN-A9FP	2	0.00534352008253336	0.261284826743432	-0.255941306660899	14.0854725839408	FALSE
ridge314_primary	Factor1	11	TCGA-LN-A9FQ	5	1.91045224666595	0.881150777457031	1.02930146920892	12.2035952926379	FALSE
ridge314_primary	Factor1	11	TCGA-LN-A9FR	4	0.439607352018356	0.6704810719493	-0.230873719930944	12.5123608499003	FALSE
ridge314_primary	Factor1	11	TCGA-S8-A6BW	5	2.16162419319153	0.957556265813366	1.20406792737816	12.2035952926379	FALSE
ridge314_primary	Factor1	11	TCGA-V5-A7RC	3	1.74002206325531	0.421323515208853	1.31869854804646	12.3772982826764	FALSE
ridge314_primary	Factor1	11	TCGA-V5-AASV	4	-1.48267495632172	-0.548952366669016	-0.933722589652704	12.5123608499003	FALSE
ridge314_primary	Factor1	11	TCGA-VR-A8EO	5	0.118362635374069	0.299390962562745	-0.181028327188676	12.2035952926379	FALSE
ridge314_primary	Factor1	11	TCGA-VR-A8EP	5	0.779810667037964	0.297687979859052	0.482122687178912	12.2035952926379	FALSE
ridge314_primary	Factor1	11	TCGA-VR-A8ER	3	1.47504675388336	0.929353494636109	0.545693259247251	12.3772982826764	FALSE
ridge314_primary	Factor1	11	TCGA-VR-A8ET	1	-1.34731888771057	0.0701191222736113	-1.41743800998418	15.3561152518074	FALSE
ridge314_primary	Factor1	11	TCGA-VR-A8EU	2	-0.670289278030396	-0.338473632355673	-0.331815645674723	14.0854725839408	FALSE
ridge314_primary	Factor1	11	TCGA-VR-A8EW	4	1.2442399263382	0.4127172052884	0.8315227210498	12.5123608499003	FALSE
ridge314_primary	Factor1	11	TCGA-VR-A8EX	3	-0.196710988879204	-0.262039014966099	0.0653280260868946	12.3772982826764	FALSE
ridge314_primary	Factor1	11	TCGA-VR-A8EY	3	0.291961848735809	0.094310076774581	0.197651771961228	12.3772982826764	FALSE
ridge314_primary	Factor1	11	TCGA-VR-A8EZ	4	1.81589078903198	1.04609911488977	0.769791674142214	12.5123608499003	FALSE
ridge314_primary	Factor1	11	TCGA-VR-AA4G	3	-0.0592466592788696	-0.413864082233402	0.354617422954533	12.3772982826764	FALSE
ridge314_primary	Factor1	11	TCGA-VR-AA7I	3	-0.988227009773254	-0.976398750555815	-0.0118282592174389	12.3772982826764	FALSE
ridge314_primary	Factor1	11	TCGA-XP-A8T6	3	0.683912694454193	0.32753675976034	0.356375934693853	12.3772982826764	FALSE
ridge314_primary	Factor1	11	TCGA-XP-A8T8	3	1.18388688564301	0.351829800305342	0.832057085337668	12.3772982826764	FALSE
ridge314_primary	Factor1	11	TCGA-Z6-A8JD	3	-1.18483340740204	-1.10607636476309	-0.0787570426389452	12.3772982826764	FALSE
ridge314_primary	Factor1	11	TCGA-Z6-A8JE	3	-0.456298410892487	0.766893353384594	-1.22319176427708	12.3772982826764	FALSE
ridge314_primary	Factor1	11	TCGA-Z6-A9VB	5	1.28026008605957	0.787487431145089	0.492772654914482	12.2035952926379	FALSE
ridge314_primary	Factor1	11	TCGA-Z6-AAPN	4	-1.29205822944641	-0.728295105686928	-0.563763123759483	12.5123608499003	FALSE
ridge314_primary	Factor1	12	TCGA-IG-A3I8	5	0.24676987528801	0.318335553858097	-0.0715656785700866	16.2868496846998	FALSE
ridge314_primary	Factor1	12	TCGA-IG-A3QL	3	2.54458022117615	1.27648708884289	1.26809313233326	12.7681917748985	FALSE
ridge314_primary	Factor1	12	TCGA-IG-A3YA	5	0.144667848944664	-0.192657789110724	0.337325638055388	16.2868496846998	FALSE
ridge314_primary	Factor1	12	TCGA-IG-A3YB	3	-0.866281390190125	-0.24355282713046	-0.622728563059665	12.7681917748985	FALSE
ridge314_primary	Factor1	12	TCGA-IG-A3YC	2	-0.79561573266983	-0.672572100754858	-0.123043631914972	12.6233898302486	FALSE
ridge314_primary	Factor1	12	TCGA-IG-A4P3	2	0.196520000696182	-0.731373187316416	0.927893188012598	12.6233898302486	FALSE
ridge314_primary	Factor1	12	TCGA-IG-A50L	3	0.837116003036499	0.483619446656228	0.353496556380271	12.7681917748985	FALSE
ridge314_primary	Factor1	12	TCGA-IG-A51D	2	-1.29975271224976	-0.432688877253341	-0.867063834996419	12.6233898302486	FALSE
ridge314_primary	Factor1	12	TCGA-IG-A5B8	2	-1.5638622045517	-0.851111209441636	-0.712750995110064	12.6233898302486	FALSE
ridge314_primary	Factor1	12	TCGA-IG-A5S3	3	-0.12177149951458	0.583379195337459	-0.705150694852039	12.7681917748985	FALSE
ridge314_primary	Factor1	12	TCGA-IG-A625	2	1.95474624633789	1.05017986936491	0.904566376972979	12.6233898302486	FALSE
ridge314_primary	Factor1	12	TCGA-IG-A6QS	3	-1.38964557647705	-0.613621017660072	-0.776024558816978	12.7681917748985	FALSE
ridge314_primary	Factor1	12	TCGA-IG-A8O2	3	0.541013836860657	0.63039588909553	-0.0893820522348725	12.7681917748985	FALSE
ridge314_primary	Factor1	12	TCGA-IG-A97H	4	-0.0436014793813229	-0.711592124079409	0.667990644698086	14.3617182908632	FALSE
ridge314_primary	Factor1	12	TCGA-IG-A97I	3	0.195611760020256	-0.228717654334978	0.424329414355234	12.7681917748985	FALSE
ridge314_primary	Factor1	12	TCGA-JY-A6FD	2	-1.12422180175781	-0.862746855565269	-0.261474946192541	12.6233898302486	FALSE
ridge314_primary	Factor1	12	TCGA-JY-A6FE	1	-0.3648741543293	-0.471387966096656	0.106513811767356	10.2432955605922	FALSE
ridge314_primary	Factor1	12	TCGA-JY-A6FG	3	-1.82158958911896	-0.224185368659504	-1.59740422045946	12.7681917748985	FALSE
ridge314_primary	Factor1	12	TCGA-JY-A93F	3	-1.8310741186142	-0.414893809670331	-1.41618030894387	12.7681917748985	FALSE
ridge314_primary	Factor1	12	TCGA-KH-A6WC	3	-0.495984196662903	-0.0662181715480039	-0.429766025114899	12.7681917748985	FALSE
ridge314_primary	Factor1	12	TCGA-L5-A43J	2	-0.48718187212944	-0.37948877969628	-0.10769309243316	12.6233898302486	FALSE
ridge314_primary	Factor1	12	TCGA-L5-A4OM	1	0.392181187868118	0.205351670916027	0.186829516952091	10.2432955605922	FALSE
ridge314_primary	Factor1	12	TCGA-L5-A88S	1	-1.02788424491882	-0.104049796269831	-0.923834448648989	10.2432955605922	FALSE
ridge314_primary	Factor1	12	TCGA-L5-A88W	1	-1.4298038482666	-0.749576588928701	-0.680227259337899	10.2432955605922	FALSE
ridge314_primary	Factor1	12	TCGA-L5-A88Z	1	1.54053568840027	1.06328744137949	0.477248247020777	10.2432955605922	FALSE
ridge314_primary	Factor1	12	TCGA-L5-A8NK	4	-0.631154298782349	-0.42224014560022	-0.208914153182129	14.3617182908632	FALSE
ridge314_primary	Factor1	12	TCGA-L5-A8NQ	2	-0.988180816173553	-0.77312720254189	-0.215053613631664	12.6233898302486	FALSE
ridge314_primary	Factor1	12	TCGA-L7-A56G	4	-0.00663447054103017	-0.242717854042633	0.236083383501603	14.3617182908632	FALSE
ridge314_primary	Factor1	12	TCGA-LN-A49M	5	-1.35227811336517	-0.542580833983506	-0.809697279381664	16.2868496846998	FALSE
ridge314_primary	Factor1	12	TCGA-LN-A49O	4	-1.25918996334076	-0.919522874045676	-0.339667089295084	14.3617182908632	FALSE
ridge314_primary	Factor1	12	TCGA-LN-A49P	1	0.384184151887894	-0.0959377067936305	0.480121858681525	10.2432955605922	FALSE
ridge314_primary	Factor1	12	TCGA-LN-A49S	3	-0.679978013038635	-0.00946160086799117	-0.670516412170644	12.7681917748985	FALSE
ridge314_primary	Factor1	12	TCGA-LN-A49U	5	1.28356349468231	0.563673091499107	0.719890403183203	16.2868496846998	FALSE
ridge314_primary	Factor1	12	TCGA-LN-A49W	1	-1.40213918685913	-0.810814216858245	-0.591324970000885	10.2432955605922	FALSE
ridge314_primary	Factor1	12	TCGA-LN-A49X	5	-0.535914719104767	-0.20785509085729	-0.328059628247477	16.2868496846998	FALSE
ridge314_primary	Factor1	12	TCGA-LN-A49Y	2	-0.0604930892586708	0.675627565342784	-0.736120654601455	12.6233898302486	FALSE
ridge314_primary	Factor1	12	TCGA-LN-A4A1	5	-0.729122936725617	-0.481361458474192	-0.247761478251425	16.2868496846998	FALSE
ridge314_primary	Factor1	12	TCGA-LN-A4A3	4	-0.898725807666779	-0.452628695952047	-0.446097111714732	14.3617182908632	FALSE
ridge314_primary	Factor1	12	TCGA-LN-A4A4	5	0.976603209972382	0.620228498520528	0.356374711451854	16.2868496846998	FALSE
ridge314_primary	Factor1	12	TCGA-LN-A4A5	4	-0.822579443454742	-0.303036886861635	-0.519542556593107	14.3617182908632	FALSE
ridge314_primary	Factor1	12	TCGA-LN-A4A8	4	-0.156477704644203	0.201766629106762	-0.358244333750965	14.3617182908632	FALSE
ridge314_primary	Factor1	12	TCGA-LN-A4A9	3	-1.29563093185425	-1.06487671617215	-0.230754215682105	12.7681917748985	FALSE
ridge314_primary	Factor1	12	TCGA-LN-A4MQ	5	1.61631655693054	1.06950910722189	0.546807449708652	16.2868496846998	FALSE
ridge314_primary	Factor1	12	TCGA-LN-A5U5	3	0.401715189218521	0.588030926046452	-0.186315736827931	12.7681917748985	FALSE
ridge314_primary	Factor1	12	TCGA-LN-A5U6	3	0.735014319419861	0.0228097455034973	0.712204573916364	12.7681917748985	FALSE
ridge314_primary	Factor1	12	TCGA-LN-A5U7	1	1.45523107051849	0.503554919282427	0.951676151236063	10.2432955605922	FALSE
ridge314_primary	Factor1	12	TCGA-LN-A7HV	1	-0.226163685321808	-0.161413728269354	-0.0647499570524538	10.2432955605922	FALSE
ridge314_primary	Factor1	12	TCGA-LN-A7HW	1	2.27037715911865	1.29620574795029	0.974171411168359	10.2432955605922	FALSE
ridge314_primary	Factor1	12	TCGA-LN-A7HX	2	-0.115487024188042	-0.357477035786529	0.241990011598487	12.6233898302486	FALSE
ridge314_primary	Factor1	12	TCGA-LN-A7HY	2	-0.789646327495575	0.259479041160371	-1.04912536865595	12.6233898302486	FALSE
ridge314_primary	Factor1	12	TCGA-LN-A7HZ	1	1.74072921276093	0.428421298192601	1.31230791456833	10.2432955605922	FALSE
ridge314_primary	Factor1	12	TCGA-LN-A8HZ	5	1.83199214935303	0.751050308985183	1.08094184036785	16.2868496846998	FALSE
ridge314_primary	Factor1	12	TCGA-LN-A8I0	4	1.16729402542114	0.202571097928525	0.964722927492615	14.3617182908632	FALSE
ridge314_primary	Factor1	12	TCGA-LN-A8I1	4	0.228728458285332	0.101233096495916	0.127495361789416	14.3617182908632	FALSE
ridge314_primary	Factor1	12	TCGA-LN-A9FO	4	-1.13410973548889	-0.466279186933692	-0.667830548555198	14.3617182908632	FALSE
ridge314_primary	Factor1	12	TCGA-LN-A9FP	4	0.00534352008253336	0.372161109937549	-0.366817589855015	14.3617182908632	FALSE
ridge314_primary	Factor1	12	TCGA-LN-A9FQ	3	1.91045224666595	1.07821461989071	0.832237626775238	12.7681917748985	FALSE
ridge314_primary	Factor1	12	TCGA-LN-A9FR	5	0.439607352018356	0.249883698926182	0.189723653092174	16.2868496846998	FALSE
ridge314_primary	Factor1	12	TCGA-S8-A6BW	5	2.16162419319153	1.02684942733714	1.13477476585439	16.2868496846998	FALSE
ridge314_primary	Factor1	12	TCGA-V5-A7RC	5	1.74002206325531	0.297022647348701	1.44299941590661	16.2868496846998	FALSE
ridge314_primary	Factor1	12	TCGA-V5-AASV	1	-1.48267495632172	-0.642617484687573	-0.840057471634147	10.2432955605922	FALSE
ridge314_primary	Factor1	12	TCGA-VR-A8EO	4	0.118362635374069	0.498933403767704	-0.380570768393635	14.3617182908632	FALSE
ridge314_primary	Factor1	12	TCGA-VR-A8EP	2	0.779810667037964	0.352116548705761	0.427694118332204	12.6233898302486	FALSE
ridge314_primary	Factor1	12	TCGA-VR-A8ER	2	1.47504675388336	0.86157380715956	0.6134729467238	12.6233898302486	FALSE
ridge314_primary	Factor1	12	TCGA-VR-A8ET	1	-1.34731888771057	-0.336554253697114	-1.01076463401346	10.2432955605922	FALSE
ridge314_primary	Factor1	12	TCGA-VR-A8EU	5	-0.670289278030396	-0.335329819462285	-0.334959458568111	16.2868496846998	FALSE
ridge314_primary	Factor1	12	TCGA-VR-A8EW	1	1.2442399263382	0.496121969123292	0.748117957214908	10.2432955605922	FALSE
ridge314_primary	Factor1	12	TCGA-VR-A8EX	4	-0.196710988879204	-0.297152822085344	0.10044183320614	14.3617182908632	FALSE
ridge314_primary	Factor1	12	TCGA-VR-A8EY	1	0.291961848735809	0.0801035971081259	0.211858251627683	10.2432955605922	FALSE
ridge314_primary	Factor1	12	TCGA-VR-A8EZ	3	1.81589078903198	1.16708684840272	0.648803940629262	12.7681917748985	FALSE
ridge314_primary	Factor1	12	TCGA-VR-AA4G	4	-0.0592466592788696	-0.335625469789503	0.276378810510634	14.3617182908632	FALSE
ridge314_primary	Factor1	12	TCGA-VR-AA7I	4	-0.988227009773254	-0.805390533993686	-0.182836475779568	14.3617182908632	FALSE
ridge314_primary	Factor1	12	TCGA-XP-A8T6	5	0.683912694454193	0.235309838777539	0.448602855676654	16.2868496846998	FALSE
ridge314_primary	Factor1	12	TCGA-XP-A8T8	2	1.18388688564301	0.361523381406121	0.822363504236889	12.6233898302486	FALSE
ridge314_primary	Factor1	12	TCGA-Z6-A8JD	5	-1.18483340740204	-0.955012677302365	-0.229820730099675	16.2868496846998	FALSE
ridge314_primary	Factor1	12	TCGA-Z6-A8JE	2	-0.456298410892487	0.701164127613655	-1.15746253850614	12.6233898302486	FALSE
ridge314_primary	Factor1	12	TCGA-Z6-A9VB	2	1.28026008605957	0.881194060772837	0.399066025286733	12.6233898302486	FALSE
ridge314_primary	Factor1	12	TCGA-Z6-AAPN	1	-1.29205822944641	-0.7318658258511	-0.56019240359531	10.2432955605922	FALSE
ridge314_primary	Factor1	13	TCGA-IG-A3I8	4	0.24676987528801	0.455083594985598	-0.208313719697588	12.8194953633901	FALSE
ridge314_primary	Factor1	13	TCGA-IG-A3QL	2	2.54458022117615	1.27251613877075	1.2720640824054	14.9708840316943	FALSE
ridge314_primary	Factor1	13	TCGA-IG-A3YA	2	0.144667848944664	-0.33492718634896	0.479595035293624	14.9708840316943	FALSE
ridge314_primary	Factor1	13	TCGA-IG-A3YB	3	-0.866281390190125	-0.173672728951962	-0.692608661238163	10.4369057902714	FALSE
ridge314_primary	Factor1	13	TCGA-IG-A3YC	5	-0.79561573266983	-0.790116739761484	-0.00549899290834577	15.4495998691086	FALSE
ridge314_primary	Factor1	13	TCGA-IG-A4P3	5	0.196520000696182	-0.5978147921637	0.794334792859882	15.4495998691086	FALSE
ridge314_primary	Factor1	13	TCGA-IG-A50L	4	0.837116003036499	0.671859574707519	0.16525642832898	12.8194953633901	FALSE
ridge314_primary	Factor1	13	TCGA-IG-A51D	4	-1.29975271224976	-0.399328751749467	-0.900423960500293	12.8194953633901	FALSE
ridge314_primary	Factor1	13	TCGA-IG-A5B8	4	-1.5638622045517	-0.835072109619993	-0.728790094931707	12.8194953633901	FALSE
ridge314_primary	Factor1	13	TCGA-IG-A5S3	5	-0.12177149951458	0.689098097774269	-0.810869597288849	15.4495998691086	FALSE
ridge314_primary	Factor1	13	TCGA-IG-A625	1	1.95474624633789	1.10292304207471	0.851823204263182	12.6340048876709	FALSE
ridge314_primary	Factor1	13	TCGA-IG-A6QS	5	-1.38964557647705	-0.664359366675701	-0.725286209801349	15.4495998691086	FALSE
ridge314_primary	Factor1	13	TCGA-IG-A8O2	1	0.541013836860657	0.511196859028022	0.0298169778326348	12.6340048876709	FALSE
ridge314_primary	Factor1	13	TCGA-IG-A97H	1	-0.0436014793813229	-0.652190481844259	0.608589002462936	12.6340048876709	FALSE
ridge314_primary	Factor1	13	TCGA-IG-A97I	5	0.195611760020256	-0.157260550575686	0.352872310595942	15.4495998691086	FALSE
ridge314_primary	Factor1	13	TCGA-JY-A6FD	5	-1.12422180175781	-0.81354431359537	-0.31067748816244	15.4495998691086	FALSE
ridge314_primary	Factor1	13	TCGA-JY-A6FE	5	-0.3648741543293	-0.396821703834713	0.0319475495054133	15.4495998691086	FALSE
ridge314_primary	Factor1	13	TCGA-JY-A6FG	3	-1.82158958911896	-0.268129970689057	-1.5534596184299	10.4369057902714	FALSE
ridge314_primary	Factor1	13	TCGA-JY-A93F	3	-1.8310741186142	-0.424562663966642	-1.40651145464756	10.4369057902714	FALSE
ridge314_primary	Factor1	13	TCGA-KH-A6WC	3	-0.495984196662903	-0.274191889615895	-0.221792307047008	10.4369057902714	FALSE
ridge314_primary	Factor1	13	TCGA-L5-A43J	4	-0.48718187212944	-0.416341463390436	-0.0708404087390042	12.8194953633901	FALSE
ridge314_primary	Factor1	13	TCGA-L5-A4OM	2	0.392181187868118	0.171854351442041	0.220326836426078	14.9708840316943	FALSE
ridge314_primary	Factor1	13	TCGA-L5-A88S	4	-1.02788424491882	-0.0124735392018056	-1.01541070571701	12.8194953633901	FALSE
ridge314_primary	Factor1	13	TCGA-L5-A88W	2	-1.4298038482666	-0.704955851016001	-0.724847997250599	14.9708840316943	FALSE
ridge314_primary	Factor1	13	TCGA-L5-A88Z	4	1.54053568840027	1.07415456998215	0.466381118418124	12.8194953633901	FALSE
ridge314_primary	Factor1	13	TCGA-L5-A8NK	1	-0.631154298782349	-0.469406019420608	-0.161748279361741	12.6340048876709	FALSE
ridge314_primary	Factor1	13	TCGA-L5-A8NQ	4	-0.988180816173553	-0.687789672228966	-0.300391143944587	12.8194953633901	FALSE
ridge314_primary	Factor1	13	TCGA-L7-A56G	2	-0.00663447054103017	-0.225379069510658	0.218744598969628	14.9708840316943	FALSE
ridge314_primary	Factor1	13	TCGA-LN-A49M	2	-1.35227811336517	-0.530230350766693	-0.822047762598477	14.9708840316943	FALSE
ridge314_primary	Factor1	13	TCGA-LN-A49O	3	-1.25918996334076	-0.953005822793299	-0.306184140547461	10.4369057902714	FALSE
ridge314_primary	Factor1	13	TCGA-LN-A49P	2	0.384184151887894	-0.181354378483531	0.565538530371425	14.9708840316943	FALSE
ridge314_primary	Factor1	13	TCGA-LN-A49S	5	-0.679978013038635	-0.174680479843075	-0.50529753319556	15.4495998691086	FALSE
ridge314_primary	Factor1	13	TCGA-LN-A49U	2	1.28356349468231	0.683621737979644	0.599941756702666	14.9708840316943	FALSE
ridge314_primary	Factor1	13	TCGA-LN-A49W	5	-1.40213918685913	-0.861850069200104	-0.540289117659026	15.4495998691086	FALSE
ridge314_primary	Factor1	13	TCGA-LN-A49X	3	-0.535914719104767	-0.265478420908838	-0.270436298195929	10.4369057902714	FALSE
ridge314_primary	Factor1	13	TCGA-LN-A49Y	2	-0.0604930892586708	0.472645236951152	-0.533138326209823	14.9708840316943	FALSE
ridge314_primary	Factor1	13	TCGA-LN-A4A1	1	-0.729122936725617	-0.573933432322124	-0.155189504403493	12.6340048876709	FALSE
ridge314_primary	Factor1	13	TCGA-LN-A4A3	4	-0.898725807666779	-0.359055646080329	-0.53967016158645	12.8194953633901	FALSE
ridge314_primary	Factor1	13	TCGA-LN-A4A4	1	0.976603209972382	0.845898086567942	0.13070512340444	12.6340048876709	FALSE
ridge314_primary	Factor1	13	TCGA-LN-A4A5	1	-0.822579443454742	-0.295044565614809	-0.527534877839933	12.6340048876709	FALSE
ridge314_primary	Factor1	13	TCGA-LN-A4A8	4	-0.156477704644203	0.150695613671836	-0.307173318316039	12.8194953633901	FALSE
ridge314_primary	Factor1	13	TCGA-LN-A4A9	4	-1.29563093185425	-1.20960187480832	-0.0860290570459326	12.8194953633901	FALSE
ridge314_primary	Factor1	13	TCGA-LN-A4MQ	1	1.61631655693054	1.19734020526793	0.418976351662611	12.6340048876709	FALSE
ridge314_primary	Factor1	13	TCGA-LN-A5U5	1	0.401715189218521	0.479696994196651	-0.0779818049781301	12.6340048876709	FALSE
ridge314_primary	Factor1	13	TCGA-LN-A5U6	3	0.735014319419861	0.0512855950286314	0.68372872439123	10.4369057902714	FALSE
ridge314_primary	Factor1	13	TCGA-LN-A5U7	2	1.45523107051849	0.479490969443646	0.975740101074844	14.9708840316943	FALSE
ridge314_primary	Factor1	13	TCGA-LN-A7HV	5	-0.226163685321808	-0.160902488971831	-0.0652611963499765	15.4495998691086	FALSE
ridge314_primary	Factor1	13	TCGA-LN-A7HW	3	2.27037715911865	1.02401431030581	1.24636284881284	10.4369057902714	FALSE
ridge314_primary	Factor1	13	TCGA-LN-A7HX	5	-0.115487024188042	-0.356267646869021	0.240780622680979	15.4495998691086	FALSE
ridge314_primary	Factor1	13	TCGA-LN-A7HY	1	-0.789646327495575	0.175009864923172	-0.964656192418747	12.6340048876709	FALSE
ridge314_primary	Factor1	13	TCGA-LN-A7HZ	5	1.74072921276093	0.37476528079053	1.3659639319704	15.4495998691086	FALSE
ridge314_primary	Factor1	13	TCGA-LN-A8HZ	1	1.83199214935303	0.812560542627555	1.01943160672548	12.6340048876709	FALSE
ridge314_primary	Factor1	13	TCGA-LN-A8I0	2	1.16729402542114	0.252852421734449	0.914441603686691	14.9708840316943	FALSE
ridge314_primary	Factor1	13	TCGA-LN-A8I1	2	0.228728458285332	0.123548615144243	0.105179843141089	14.9708840316943	FALSE
ridge314_primary	Factor1	13	TCGA-LN-A9FO	3	-1.13410973548889	-0.455210984193163	-0.678898751295727	10.4369057902714	FALSE
ridge314_primary	Factor1	13	TCGA-LN-A9FP	2	0.00534352008253336	0.0270983162341438	-0.0217547961516105	14.9708840316943	FALSE
ridge314_primary	Factor1	13	TCGA-LN-A9FQ	3	1.91045224666595	1.06155824714987	0.848893999516075	10.4369057902714	FALSE
ridge314_primary	Factor1	13	TCGA-LN-A9FR	4	0.439607352018356	0.401314869855077	0.0382924821632786	12.8194953633901	FALSE
ridge314_primary	Factor1	13	TCGA-S8-A6BW	4	2.16162419319153	1.26523700319388	0.896387189997646	12.8194953633901	FALSE
ridge314_primary	Factor1	13	TCGA-V5-A7RC	3	1.74002206325531	0.251028444357282	1.48899361889803	10.4369057902714	FALSE
ridge314_primary	Factor1	13	TCGA-V5-AASV	3	-1.48267495632172	-0.420304369065652	-1.06237058725607	10.4369057902714	FALSE
ridge314_primary	Factor1	13	TCGA-VR-A8EO	1	0.118362635374069	0.402196347605677	-0.283833712231608	12.6340048876709	FALSE
ridge314_primary	Factor1	13	TCGA-VR-A8EP	4	0.779810667037964	0.443358201908147	0.336452465129817	12.8194953633901	FALSE
ridge314_primary	Factor1	13	TCGA-VR-A8ER	3	1.47504675388336	0.848551955506174	0.626494798377186	10.4369057902714	FALSE
ridge314_primary	Factor1	13	TCGA-VR-A8ET	1	-1.34731888771057	-0.460922312904795	-0.886396574805775	12.6340048876709	FALSE
ridge314_primary	Factor1	13	TCGA-VR-A8EU	2	-0.670289278030396	-0.360949116304497	-0.309340161725899	14.9708840316943	FALSE
ridge314_primary	Factor1	13	TCGA-VR-A8EW	3	1.2442399263382	0.563165101309787	0.681074825028413	10.4369057902714	FALSE
ridge314_primary	Factor1	13	TCGA-VR-A8EX	2	-0.196710988879204	-0.259141833107224	0.0624308442280204	14.9708840316943	FALSE
ridge314_primary	Factor1	13	TCGA-VR-A8EY	3	0.291961848735809	0.195631257368474	0.096330591367335	10.4369057902714	FALSE
ridge314_primary	Factor1	13	TCGA-VR-A8EZ	5	1.81589078903198	1.07929116205614	0.736599626975836	15.4495998691086	FALSE
ridge314_primary	Factor1	13	TCGA-VR-AA4G	4	-0.0592466592788696	-0.29113856527616	0.231891905997291	12.8194953633901	FALSE
ridge314_primary	Factor1	13	TCGA-VR-AA7I	1	-0.988227009773254	-0.86847135796265	-0.119755651810604	12.6340048876709	FALSE
ridge314_primary	Factor1	13	TCGA-XP-A8T6	5	0.683912694454193	0.361118691024115	0.322794003430078	15.4495998691086	FALSE
ridge314_primary	Factor1	13	TCGA-XP-A8T8	1	1.18388688564301	0.350666635806514	0.833220249836496	12.6340048876709	FALSE
ridge314_primary	Factor1	13	TCGA-Z6-A8JD	1	-1.18483340740204	-0.931516685416351	-0.253316721985689	12.6340048876709	FALSE
ridge314_primary	Factor1	13	TCGA-Z6-A8JE	5	-0.456298410892487	0.598562600335798	-1.05486101122828	15.4495998691086	FALSE
ridge314_primary	Factor1	13	TCGA-Z6-A9VB	3	1.28026008605957	0.963404118599319	0.316855967460251	10.4369057902714	FALSE
ridge314_primary	Factor1	13	TCGA-Z6-AAPN	2	-1.29205822944641	-0.673705217451847	-0.618353011994563	14.9708840316943	FALSE
ridge314_primary	Factor1	14	TCGA-IG-A3I8	2	0.24676987528801	0.360649124079427	-0.113879248791417	15.7270547708942	FALSE
ridge314_primary	Factor1	14	TCGA-IG-A3QL	3	2.54458022117615	1.32612063892806	1.21845958224809	9.27462840610957	FALSE
ridge314_primary	Factor1	14	TCGA-IG-A3YA	4	0.144667848944664	-0.0620755722801535	0.206743421224818	11.6314686529429	FALSE
ridge314_primary	Factor1	14	TCGA-IG-A3YB	4	-0.866281390190125	-0.29917234731915	-0.567109042870975	11.6314686529429	FALSE
ridge314_primary	Factor1	14	TCGA-IG-A3YC	1	-0.79561573266983	-0.673487170856715	-0.122128561813115	11.7143052438331	FALSE
ridge314_primary	Factor1	14	TCGA-IG-A4P3	3	0.196520000696182	-0.512757948085804	0.709277948781986	9.27462840610957	FALSE
ridge314_primary	Factor1	14	TCGA-IG-A50L	2	0.837116003036499	0.525306290138373	0.311809712898126	15.7270547708942	FALSE
ridge314_primary	Factor1	14	TCGA-IG-A51D	5	-1.29975271224976	-0.446840345259345	-0.852912366990415	12.839966884069	FALSE
ridge314_primary	Factor1	14	TCGA-IG-A5B8	5	-1.5638622045517	-0.776198942852877	-0.787663261698823	12.839966884069	FALSE
ridge314_primary	Factor1	14	TCGA-IG-A5S3	4	-0.12177149951458	0.878149107335685	-0.999920606850265	11.6314686529429	FALSE
ridge314_primary	Factor1	14	TCGA-IG-A625	2	1.95474624633789	1.04515954274919	0.909586703588698	15.7270547708942	FALSE
ridge314_primary	Factor1	14	TCGA-IG-A6QS	3	-1.38964557647705	-0.688977801955173	-0.700667774521877	9.27462840610957	FALSE
ridge314_primary	Factor1	14	TCGA-IG-A8O2	5	0.541013836860657	0.600803084102531	-0.0597892472418743	12.839966884069	FALSE
ridge314_primary	Factor1	14	TCGA-IG-A97H	4	-0.0436014793813229	-0.684414918102396	0.640813438721073	11.6314686529429	FALSE
ridge314_primary	Factor1	14	TCGA-IG-A97I	2	0.195611760020256	-0.217714963012916	0.413326723033172	15.7270547708942	FALSE
ridge314_primary	Factor1	14	TCGA-JY-A6FD	3	-1.12422180175781	-0.894657320456408	-0.229564481301403	9.27462840610957	FALSE
ridge314_primary	Factor1	14	TCGA-JY-A6FE	2	-0.3648741543293	-0.366264768946314	0.00139061461701406	15.7270547708942	FALSE
ridge314_primary	Factor1	14	TCGA-JY-A6FG	2	-1.82158958911896	-0.299927227863672	-1.52166236125529	15.7270547708942	FALSE
ridge314_primary	Factor1	14	TCGA-JY-A93F	5	-1.8310741186142	-0.422803063928469	-1.40827105468573	12.839966884069	FALSE
ridge314_primary	Factor1	14	TCGA-KH-A6WC	1	-0.495984196662903	-0.252638995245749	-0.243345201417154	11.7143052438331	FALSE
ridge314_primary	Factor1	14	TCGA-L5-A43J	3	-0.48718187212944	-0.354151661850639	-0.133030210278801	9.27462840610957	FALSE
ridge314_primary	Factor1	14	TCGA-L5-A4OM	2	0.392181187868118	0.113385375323754	0.278795812544364	15.7270547708942	FALSE
ridge314_primary	Factor1	14	TCGA-L5-A88S	5	-1.02788424491882	0.0622000294854794	-1.0900842744043	12.839966884069	FALSE
ridge314_primary	Factor1	14	TCGA-L5-A88W	4	-1.4298038482666	-0.877438954622891	-0.552364893643709	11.6314686529429	FALSE
ridge314_primary	Factor1	14	TCGA-L5-A88Z	3	1.54053568840027	1.04777516105574	0.492760527344527	9.27462840610957	FALSE
ridge314_primary	Factor1	14	TCGA-L5-A8NK	1	-0.631154298782349	-0.388688593041787	-0.242465705740562	11.7143052438331	FALSE
ridge314_primary	Factor1	14	TCGA-L5-A8NQ	1	-0.988180816173553	-0.764403907572059	-0.223776908601494	11.7143052438331	FALSE
ridge314_primary	Factor1	14	TCGA-L7-A56G	5	-0.00663447054103017	-0.175823493963408	0.169189023422378	12.839966884069	FALSE
ridge314_primary	Factor1	14	TCGA-LN-A49M	1	-1.35227811336517	-0.722501017048339	-0.629777096316831	11.7143052438331	FALSE
ridge314_primary	Factor1	14	TCGA-LN-A49O	2	-1.25918996334076	-1.03103387208336	-0.228156091257395	15.7270547708942	FALSE
ridge314_primary	Factor1	14	TCGA-LN-A49P	5	0.384184151887894	-0.103138876581519	0.487323028469413	12.839966884069	FALSE
ridge314_primary	Factor1	14	TCGA-LN-A49S	3	-0.679978013038635	-0.211283278877557	-0.468694734161078	9.27462840610957	FALSE
ridge314_primary	Factor1	14	TCGA-LN-A49U	1	1.28356349468231	0.694288236121455	0.589275258560855	11.7143052438331	FALSE
ridge314_primary	Factor1	14	TCGA-LN-A49W	2	-1.40213918685913	-0.672261913420742	-0.729877273438388	15.7270547708942	FALSE
ridge314_primary	Factor1	14	TCGA-LN-A49X	1	-0.535914719104767	-0.177577288219184	-0.358337430885583	11.7143052438331	FALSE
ridge314_primary	Factor1	14	TCGA-LN-A49Y	4	-0.0604930892586708	0.598784184222757	-0.659277273481428	11.6314686529429	FALSE
ridge314_primary	Factor1	14	TCGA-LN-A4A1	2	-0.729122936725617	-0.501197126903344	-0.227925809822273	15.7270547708942	FALSE
ridge314_primary	Factor1	14	TCGA-LN-A4A3	1	-0.898725807666779	-0.432722533160571	-0.466003274506208	11.7143052438331	FALSE
ridge314_primary	Factor1	14	TCGA-LN-A4A4	4	0.976603209972382	0.817846321824545	0.158756888147837	11.6314686529429	FALSE
ridge314_primary	Factor1	14	TCGA-LN-A4A5	2	-0.822579443454742	-0.344044354503713	-0.478535088951029	15.7270547708942	FALSE
ridge314_primary	Factor1	14	TCGA-LN-A4A8	2	-0.156477704644203	0.16934609351837	-0.325823798162573	15.7270547708942	FALSE
ridge314_primary	Factor1	14	TCGA-LN-A4A9	4	-1.29563093185425	-1.24137320578409	-0.0542577260701556	11.6314686529429	FALSE
ridge314_primary	Factor1	14	TCGA-LN-A4MQ	3	1.61631655693054	1.3245078125809	0.291808744349639	9.27462840610957	FALSE
ridge314_primary	Factor1	14	TCGA-LN-A5U5	3	0.401715189218521	1.39770093337935	-0.995985744160832	9.27462840610957	FALSE
ridge314_primary	Factor1	14	TCGA-LN-A5U6	1	0.735014319419861	0.0690994691902984	0.665914850229563	11.7143052438331	FALSE
ridge314_primary	Factor1	14	TCGA-LN-A5U7	4	1.45523107051849	0.559336423726963	0.895894646791528	11.6314686529429	FALSE
ridge314_primary	Factor1	14	TCGA-LN-A7HV	1	-0.226163685321808	-0.257016447486789	0.0308527621649806	11.7143052438331	FALSE
ridge314_primary	Factor1	14	TCGA-LN-A7HW	3	2.27037715911865	1.23145835805071	1.03891880106794	9.27462840610957	FALSE
ridge314_primary	Factor1	14	TCGA-LN-A7HX	5	-0.115487024188042	-0.267795790347397	0.152308766159355	12.839966884069	FALSE
ridge314_primary	Factor1	14	TCGA-LN-A7HY	3	-0.789646327495575	-0.103420626538886	-0.686225700956689	9.27462840610957	FALSE
ridge314_primary	Factor1	14	TCGA-LN-A7HZ	3	1.74072921276093	0.45293845372694	1.28779075903399	9.27462840610957	FALSE
ridge314_primary	Factor1	14	TCGA-LN-A8HZ	5	1.83199214935303	0.906168992485174	0.925823156867856	12.839966884069	FALSE
ridge314_primary	Factor1	14	TCGA-LN-A8I0	1	1.16729402542114	0.206747681172795	0.960546344248345	11.7143052438331	FALSE
ridge314_primary	Factor1	14	TCGA-LN-A8I1	3	0.228728458285332	0.0939317459870735	0.134796712298259	9.27462840610957	FALSE
ridge314_primary	Factor1	14	TCGA-LN-A9FO	3	-1.13410973548889	-0.710858733167909	-0.423251002320981	9.27462840610957	FALSE
ridge314_primary	Factor1	14	TCGA-LN-A9FP	4	0.00534352008253336	0.222332968417663	-0.216989448335129	11.6314686529429	FALSE
ridge314_primary	Factor1	14	TCGA-LN-A9FQ	4	1.91045224666595	1.29705515197562	0.613397094690329	11.6314686529429	FALSE
ridge314_primary	Factor1	14	TCGA-LN-A9FR	2	0.439607352018356	0.368201471226697	0.0714058807916593	15.7270547708942	FALSE
ridge314_primary	Factor1	14	TCGA-S8-A6BW	2	2.16162419319153	1.15011967257811	1.01150452061342	15.7270547708942	FALSE
ridge314_primary	Factor1	14	TCGA-V5-A7RC	1	1.74002206325531	-0.147430098924882	1.88745216218019	11.7143052438331	FALSE
ridge314_primary	Factor1	14	TCGA-V5-AASV	4	-1.48267495632172	-0.466588166768955	-1.01608678955277	11.6314686529429	FALSE
ridge314_primary	Factor1	14	TCGA-VR-A8EO	4	0.118362635374069	0.561591394968273	-0.443228759594204	11.6314686529429	FALSE
ridge314_primary	Factor1	14	TCGA-VR-A8EP	1	0.779810667037964	0.354158211498177	0.425652455539787	11.7143052438331	FALSE
ridge314_primary	Factor1	14	TCGA-VR-A8ER	1	1.47504675388336	0.845749665261889	0.629297088621471	11.7143052438331	FALSE
ridge314_primary	Factor1	14	TCGA-VR-A8ET	5	-1.34731888771057	-0.213441978676589	-1.13387690903398	12.839966884069	FALSE
ridge314_primary	Factor1	14	TCGA-VR-A8EU	5	-0.670289278030396	-0.231047541603959	-0.439241736426437	12.839966884069	FALSE
ridge314_primary	Factor1	14	TCGA-VR-A8EW	3	1.2442399263382	0.446230257777041	0.798009668561159	9.27462840610957	FALSE
ridge314_primary	Factor1	14	TCGA-VR-A8EX	5	-0.196710988879204	-0.172015025523525	-0.0246959633556792	12.839966884069	FALSE
ridge314_primary	Factor1	14	TCGA-VR-A8EY	3	0.291961848735809	0.103559456200865	0.188402392534944	9.27462840610957	FALSE
ridge314_primary	Factor1	14	TCGA-VR-A8EZ	5	1.81589078903198	1.19132835759002	0.624562431441961	12.839966884069	FALSE
ridge314_primary	Factor1	14	TCGA-VR-AA4G	1	-0.0592466592788696	-0.402777269438442	0.343530610159573	11.7143052438331	FALSE
ridge314_primary	Factor1	14	TCGA-VR-AA7I	4	-0.988227009773254	-0.86161124654721	-0.126615763226044	11.6314686529429	FALSE
ridge314_primary	Factor1	14	TCGA-XP-A8T6	1	0.683912694454193	0.301979980018169	0.381932714436024	11.7143052438331	FALSE
ridge314_primary	Factor1	14	TCGA-XP-A8T8	2	1.18388688564301	0.36239839889393	0.82148848674908	15.7270547708942	FALSE
ridge314_primary	Factor1	14	TCGA-Z6-A8JD	5	-1.18483340740204	-0.890339403264924	-0.294494004137116	12.839966884069	FALSE
ridge314_primary	Factor1	14	TCGA-Z6-A8JE	5	-0.456298410892487	0.671785321958807	-1.12808373285129	12.839966884069	FALSE
ridge314_primary	Factor1	14	TCGA-Z6-A9VB	2	1.28026008605957	0.823659235908863	0.456600850150708	15.7270547708942	FALSE
ridge314_primary	Factor1	14	TCGA-Z6-AAPN	4	-1.29205822944641	-0.822633400963487	-0.469424828482923	11.6314686529429	FALSE
ridge314_primary	Factor1	15	TCGA-IG-A3I8	5	0.24676987528801	0.507275867360643	-0.260505992072633	12.004104221536	FALSE
ridge314_primary	Factor1	15	TCGA-IG-A3QL	2	2.54458022117615	1.41616041456481	1.12841980661134	14.5053469914146	FALSE
ridge314_primary	Factor1	15	TCGA-IG-A3YA	2	0.144667848944664	-0.323995999039538	0.468663847984202	14.5053469914146	FALSE
ridge314_primary	Factor1	15	TCGA-IG-A3YB	4	-0.866281390190125	-0.303763839604339	-0.562517550585786	14.8688637631445	FALSE
ridge314_primary	Factor1	15	TCGA-IG-A3YC	2	-0.79561573266983	-0.668286755178149	-0.127328977491681	14.5053469914146	FALSE
ridge314_primary	Factor1	15	TCGA-IG-A4P3	2	0.196520000696182	-0.623936998274102	0.820456998970284	14.5053469914146	FALSE
ridge314_primary	Factor1	15	TCGA-IG-A50L	1	0.837116003036499	0.469068426738438	0.368047576298061	16.3989726709547	FALSE
ridge314_primary	Factor1	15	TCGA-IG-A51D	3	-1.29975271224976	-0.426984866640987	-0.872767845608773	12.0463461389744	FALSE
ridge314_primary	Factor1	15	TCGA-IG-A5B8	1	-1.5638622045517	-0.743743230909657	-0.820118973642043	16.3989726709547	FALSE
ridge314_primary	Factor1	15	TCGA-IG-A5S3	4	-0.12177149951458	0.688291712126132	-0.810063211640712	14.8688637631445	FALSE
ridge314_primary	Factor1	15	TCGA-IG-A625	3	1.95474624633789	1.1211996215223	0.833546624815587	12.0463461389744	FALSE
ridge314_primary	Factor1	15	TCGA-IG-A6QS	1	-1.38964557647705	-0.559649520493839	-0.829996055983211	16.3989726709547	FALSE
ridge314_primary	Factor1	15	TCGA-IG-A8O2	4	0.541013836860657	0.48958328245687	0.0514305544037871	14.8688637631445	FALSE
ridge314_primary	Factor1	15	TCGA-IG-A97H	3	-0.0436014793813229	-0.65853841983341	0.614936940452087	12.0463461389744	FALSE
ridge314_primary	Factor1	15	TCGA-IG-A97I	4	0.195611760020256	-0.260211794531286	0.455823554551542	14.8688637631445	FALSE
ridge314_primary	Factor1	15	TCGA-JY-A6FD	1	-1.12422180175781	-0.723127727235957	-0.401094074521853	16.3989726709547	FALSE
ridge314_primary	Factor1	15	TCGA-JY-A6FE	5	-0.3648741543293	-0.29635772436678	-0.0685164299625204	12.004104221536	FALSE
ridge314_primary	Factor1	15	TCGA-JY-A6FG	2	-1.82158958911896	-0.219887510653706	-1.60170207846525	14.5053469914146	FALSE
ridge314_primary	Factor1	15	TCGA-JY-A93F	3	-1.8310741186142	-0.571486473537894	-1.25958764507631	12.0463461389744	FALSE
ridge314_primary	Factor1	15	TCGA-KH-A6WC	1	-0.495984196662903	-0.274274190181297	-0.221710006481606	16.3989726709547	FALSE
ridge314_primary	Factor1	15	TCGA-L5-A43J	3	-0.48718187212944	-0.490450902201145	0.00326903007170493	12.0463461389744	FALSE
ridge314_primary	Factor1	15	TCGA-L5-A4OM	2	0.392181187868118	0.145096414167217	0.247084773700901	14.5053469914146	FALSE
ridge314_primary	Factor1	15	TCGA-L5-A88S	5	-1.02788424491882	0.00972219809759401	-1.03760644301641	12.004104221536	FALSE
ridge314_primary	Factor1	15	TCGA-L5-A88W	5	-1.4298038482666	-0.727182020449403	-0.702621827817197	12.004104221536	FALSE
ridge314_primary	Factor1	15	TCGA-L5-A88Z	3	1.54053568840027	0.993025515625786	0.547510172774484	12.0463461389744	FALSE
ridge314_primary	Factor1	15	TCGA-L5-A8NK	4	-0.631154298782349	-0.427375159367194	-0.203779139415155	14.8688637631445	FALSE
ridge314_primary	Factor1	15	TCGA-L5-A8NQ	5	-0.988180816173553	-0.638920259267722	-0.349260556905831	12.004104221536	FALSE
ridge314_primary	Factor1	15	TCGA-L7-A56G	4	-0.00663447054103017	-0.21902393421145	0.21238946367042	14.8688637631445	FALSE
ridge314_primary	Factor1	15	TCGA-LN-A49M	1	-1.35227811336517	-0.474476521686651	-0.87780159167852	16.3989726709547	FALSE
ridge314_primary	Factor1	15	TCGA-LN-A49O	5	-1.25918996334076	-1.01311441377281	-0.246075549567951	12.004104221536	FALSE
ridge314_primary	Factor1	15	TCGA-LN-A49P	5	0.384184151887894	-0.0134536173110414	0.397637769198935	12.004104221536	FALSE
ridge314_primary	Factor1	15	TCGA-LN-A49S	5	-0.679978013038635	-0.11370094244368	-0.566277070594955	12.004104221536	FALSE
ridge314_primary	Factor1	15	TCGA-LN-A49U	4	1.28356349468231	0.622911768836426	0.660651725845884	14.8688637631445	FALSE
ridge314_primary	Factor1	15	TCGA-LN-A49W	2	-1.40213918685913	-0.886668478437577	-0.515470708421553	14.5053469914146	FALSE
ridge314_primary	Factor1	15	TCGA-LN-A49X	3	-0.535914719104767	-0.193400357418912	-0.342514361685855	12.0463461389744	FALSE
ridge314_primary	Factor1	15	TCGA-LN-A49Y	2	-0.0604930892586708	0.633583271190283	-0.694076360448954	14.5053469914146	FALSE
ridge314_primary	Factor1	15	TCGA-LN-A4A1	1	-0.729122936725617	-0.438529506797062	-0.290593429928555	16.3989726709547	FALSE
ridge314_primary	Factor1	15	TCGA-LN-A4A3	4	-0.898725807666779	-0.385643197010366	-0.513082610656413	14.8688637631445	FALSE
ridge314_primary	Factor1	15	TCGA-LN-A4A4	1	0.976603209972382	0.673673303302262	0.30292990667012	16.3989726709547	FALSE
ridge314_primary	Factor1	15	TCGA-LN-A4A5	2	-0.822579443454742	-0.334880656422171	-0.487698787032571	14.5053469914146	FALSE
ridge314_primary	Factor1	15	TCGA-LN-A4A8	3	-0.156477704644203	0.135218915349995	-0.291696619994198	12.0463461389744	FALSE
ridge314_primary	Factor1	15	TCGA-LN-A4A9	5	-1.29563093185425	-1.21464172080827	-0.0809892110459796	12.004104221536	FALSE
ridge314_primary	Factor1	15	TCGA-LN-A4MQ	3	1.61631655693054	1.18712324617266	0.429193310757881	12.0463461389744	FALSE
ridge314_primary	Factor1	15	TCGA-LN-A5U5	4	0.401715189218521	0.548053879025495	-0.146338689806974	14.8688637631445	FALSE
ridge314_primary	Factor1	15	TCGA-LN-A5U6	5	0.735014319419861	0.129658325258283	0.605355994161578	12.004104221536	FALSE
ridge314_primary	Factor1	15	TCGA-LN-A5U7	1	1.45523107051849	0.373614254132424	1.08161681638607	16.3989726709547	FALSE
ridge314_primary	Factor1	15	TCGA-LN-A7HV	3	-0.226163685321808	-0.213703352286427	-0.0124603330353806	12.0463461389744	FALSE
ridge314_primary	Factor1	15	TCGA-LN-A7HW	3	2.27037715911865	1.1947357258606	1.07564143325805	12.0463461389744	FALSE
ridge314_primary	Factor1	15	TCGA-LN-A7HX	2	-0.115487024188042	-0.302717771723318	0.187230747535276	14.5053469914146	FALSE
ridge314_primary	Factor1	15	TCGA-LN-A7HY	2	-0.789646327495575	0.147483432830499	-0.937129760326074	14.5053469914146	FALSE
ridge314_primary	Factor1	15	TCGA-LN-A7HZ	4	1.74072921276093	0.375497606670101	1.36523160609083	14.8688637631445	FALSE
ridge314_primary	Factor1	15	TCGA-LN-A8HZ	3	1.83199214935303	0.854139317844568	0.977852831508462	12.0463461389744	FALSE
ridge314_primary	Factor1	15	TCGA-LN-A8I0	4	1.16729402542114	0.132289206698612	1.03500481872253	14.8688637631445	FALSE
ridge314_primary	Factor1	15	TCGA-LN-A8I1	1	0.228728458285332	0.0937280465552243	0.135000411730108	16.3989726709547	FALSE
ridge314_primary	Factor1	15	TCGA-LN-A9FO	2	-1.13410973548889	-0.593377456716076	-0.540732278772814	14.5053469914146	FALSE
ridge314_primary	Factor1	15	TCGA-LN-A9FP	3	0.00534352008253336	0.127655790938293	-0.12231227085576	12.0463461389744	FALSE
ridge314_primary	Factor1	15	TCGA-LN-A9FQ	4	1.91045224666595	1.00398223582196	0.906470010843987	14.8688637631445	FALSE
ridge314_primary	Factor1	15	TCGA-LN-A9FR	3	0.439607352018356	0.331712601313181	0.107894750705175	12.0463461389744	FALSE
ridge314_primary	Factor1	15	TCGA-S8-A6BW	1	2.16162419319153	1.15182241902094	1.00980177417059	16.3989726709547	FALSE
ridge314_primary	Factor1	15	TCGA-V5-A7RC	5	1.74002206325531	0.410829031239381	1.32919303201593	12.004104221536	FALSE
ridge314_primary	Factor1	15	TCGA-V5-AASV	5	-1.48267495632172	-0.539933235223954	-0.942741721097767	12.004104221536	FALSE
ridge314_primary	Factor1	15	TCGA-VR-A8EO	5	0.118362635374069	0.470014998739448	-0.351652363365379	12.004104221536	FALSE
ridge314_primary	Factor1	15	TCGA-VR-A8EP	1	0.779810667037964	0.617092390809748	0.162718276228216	16.3989726709547	FALSE
ridge314_primary	Factor1	15	TCGA-VR-A8ER	4	1.47504675388336	0.673576051933356	0.801470701950004	14.8688637631445	FALSE
ridge314_primary	Factor1	15	TCGA-VR-A8ET	2	-1.34731888771057	-0.201941684741638	-1.14537720296893	14.5053469914146	FALSE
ridge314_primary	Factor1	15	TCGA-VR-A8EU	4	-0.670289278030396	-0.442543683941229	-0.227745594089167	14.8688637631445	FALSE
ridge314_primary	Factor1	15	TCGA-VR-A8EW	4	1.2442399263382	0.364963944859296	0.879275981478904	14.8688637631445	FALSE
ridge314_primary	Factor1	15	TCGA-VR-A8EX	2	-0.196710988879204	-0.351811397345972	0.155100408466768	14.5053469914146	FALSE
ridge314_primary	Factor1	15	TCGA-VR-A8EY	2	0.291961848735809	0.198945246196676	0.0930166025391326	14.5053469914146	FALSE
ridge314_primary	Factor1	15	TCGA-VR-A8EZ	1	1.81589078903198	1.30518388928807	0.510706899743906	16.3989726709547	FALSE
ridge314_primary	Factor1	15	TCGA-VR-AA4G	1	-0.0592466592788696	-0.411554771825431	0.352308112546561	16.3989726709547	FALSE
ridge314_primary	Factor1	15	TCGA-VR-AA7I	2	-0.988227009773254	-0.836162303946538	-0.152064705826716	14.5053469914146	FALSE
ridge314_primary	Factor1	15	TCGA-XP-A8T6	3	0.683912694454193	0.277549653521451	0.406363040932742	12.0463461389744	FALSE
ridge314_primary	Factor1	15	TCGA-XP-A8T8	1	1.18388688564301	0.342615950975675	0.841270934667335	16.3989726709547	FALSE
ridge314_primary	Factor1	15	TCGA-Z6-A8JD	5	-1.18483340740204	-1.00097407631049	-0.183859331091545	12.004104221536	FALSE
ridge314_primary	Factor1	15	TCGA-Z6-A8JE	1	-0.456298410892487	0.500905032172229	-0.957203443064716	16.3989726709547	FALSE
ridge314_primary	Factor1	15	TCGA-Z6-A9VB	5	1.28026008605957	1.01876054295868	0.261499543100887	12.004104221536	FALSE
ridge314_primary	Factor1	15	TCGA-Z6-AAPN	3	-1.29205822944641	-0.858012137749481	-0.434046091696929	12.0463461389744	FALSE
ridge314_primary	Factor1	16	TCGA-IG-A3I8	4	0.24676987528801	0.363114484409572	-0.116344609121562	15.8226690759581	FALSE
ridge314_primary	Factor1	16	TCGA-IG-A3QL	2	2.54458022117615	1.20014691907182	1.34443330210433	14.7005103061457	FALSE
ridge314_primary	Factor1	16	TCGA-IG-A3YA	3	0.144667848944664	-0.292840222554362	0.437508071499026	20.8063791503884	FALSE
ridge314_primary	Factor1	16	TCGA-IG-A3YB	4	-0.866281390190125	-0.327968803393499	-0.538312586796626	15.8226690759581	FALSE
ridge314_primary	Factor1	16	TCGA-IG-A3YC	3	-0.79561573266983	-0.641328169521033	-0.154287563148797	20.8063791503884	FALSE
ridge314_primary	Factor1	16	TCGA-IG-A4P3	4	0.196520000696182	-0.579767413774727	0.776287414470909	15.8226690759581	FALSE
ridge314_primary	Factor1	16	TCGA-IG-A50L	2	0.837116003036499	0.5642884753309	0.272827527705599	14.7005103061457	FALSE
ridge314_primary	Factor1	16	TCGA-IG-A51D	1	-1.29975271224976	-0.349441954034549	-0.950310758215211	9.75247935210515	FALSE
ridge314_primary	Factor1	16	TCGA-IG-A5B8	3	-1.5638622045517	-0.597399261738004	-0.966462942813696	20.8063791503884	FALSE
ridge314_primary	Factor1	16	TCGA-IG-A5S3	1	-0.12177149951458	0.80466740644399	-0.92643890595857	9.75247935210515	FALSE
ridge314_primary	Factor1	16	TCGA-IG-A625	3	1.95474624633789	0.892708787762567	1.06203745857532	20.8063791503884	FALSE
ridge314_primary	Factor1	16	TCGA-IG-A6QS	1	-1.38964557647705	-0.542089585131929	-0.847555991345121	9.75247935210515	FALSE
ridge314_primary	Factor1	16	TCGA-IG-A8O2	5	0.541013836860657	0.552080744316783	-0.0110669074561256	13.7339832067801	FALSE
ridge314_primary	Factor1	16	TCGA-IG-A97H	4	-0.0436014793813229	-0.724247631912657	0.680646152531334	15.8226690759581	FALSE
ridge314_primary	Factor1	16	TCGA-IG-A97I	2	0.195611760020256	-0.197809903731622	0.393421663751878	14.7005103061457	FALSE
ridge314_primary	Factor1	16	TCGA-JY-A6FD	1	-1.12422180175781	-0.700223737954955	-0.423998063802855	9.75247935210515	FALSE
ridge314_primary	Factor1	16	TCGA-JY-A6FE	3	-0.3648741543293	-0.313145880060161	-0.0517282742691392	20.8063791503884	FALSE
ridge314_primary	Factor1	16	TCGA-JY-A6FG	1	-1.82158958911896	-0.31018505518969	-1.51140453392927	9.75247935210515	FALSE
ridge314_primary	Factor1	16	TCGA-JY-A93F	3	-1.8310741186142	-0.345095468977675	-1.48597864963652	20.8063791503884	FALSE
ridge314_primary	Factor1	16	TCGA-KH-A6WC	3	-0.495984196662903	-0.102010809757459	-0.393973386905444	20.8063791503884	FALSE
ridge314_primary	Factor1	16	TCGA-L5-A43J	5	-0.48718187212944	-0.360785027327948	-0.126396844801492	13.7339832067801	FALSE
ridge314_primary	Factor1	16	TCGA-L5-A4OM	5	0.392181187868118	0.146404414328663	0.245776773539455	13.7339832067801	FALSE
ridge314_primary	Factor1	16	TCGA-L5-A88S	2	-1.02788424491882	0.035419157395484	-1.0633034023143	14.7005103061457	FALSE
ridge314_primary	Factor1	16	TCGA-L5-A88W	3	-1.4298038482666	-0.448032971306922	-0.981770876959678	20.8063791503884	FALSE
ridge314_primary	Factor1	16	TCGA-L5-A88Z	1	1.54053568840027	1.17067227137969	0.369863417020575	9.75247935210515	FALSE
ridge314_primary	Factor1	16	TCGA-L5-A8NK	3	-0.631154298782349	-0.301130022708633	-0.330024276073716	20.8063791503884	FALSE
ridge314_primary	Factor1	16	TCGA-L5-A8NQ	3	-0.988180816173553	-0.498177565421343	-0.49000325075221	20.8063791503884	FALSE
ridge314_primary	Factor1	16	TCGA-L7-A56G	4	-0.00663447054103017	-0.298014464674192	0.291379994133162	15.8226690759581	FALSE
ridge314_primary	Factor1	16	TCGA-LN-A49M	2	-1.35227811336517	-0.506824831062268	-0.845453282302902	14.7005103061457	FALSE
ridge314_primary	Factor1	16	TCGA-LN-A49O	2	-1.25918996334076	-1.00445498333073	-0.254734980010033	14.7005103061457	FALSE
ridge314_primary	Factor1	16	TCGA-LN-A49P	4	0.384184151887894	-0.12243605987972	0.506620211767614	15.8226690759581	FALSE
ridge314_primary	Factor1	16	TCGA-LN-A49S	1	-0.679978013038635	-0.11021527700531	-0.569762736033325	9.75247935210515	FALSE
ridge314_primary	Factor1	16	TCGA-LN-A49U	4	1.28356349468231	0.725711101173086	0.557852393509224	15.8226690759581	FALSE
ridge314_primary	Factor1	16	TCGA-LN-A49W	2	-1.40213918685913	-0.744442194991177	-0.657696991867953	14.7005103061457	FALSE
ridge314_primary	Factor1	16	TCGA-LN-A49X	1	-0.535914719104767	-0.18905017842393	-0.346864540680837	9.75247935210515	FALSE
ridge314_primary	Factor1	16	TCGA-LN-A49Y	5	-0.0604930892586708	0.504611706766363	-0.565104796025034	13.7339832067801	FALSE
ridge314_primary	Factor1	16	TCGA-LN-A4A1	1	-0.729122936725617	-0.518382462544054	-0.210740474181563	9.75247935210515	FALSE
ridge314_primary	Factor1	16	TCGA-LN-A4A3	5	-0.898725807666779	-0.395321772408928	-0.503404035257851	13.7339832067801	FALSE
ridge314_primary	Factor1	16	TCGA-LN-A4A4	1	0.976603209972382	0.679539447167338	0.297063762805044	9.75247935210515	FALSE
ridge314_primary	Factor1	16	TCGA-LN-A4A5	5	-0.822579443454742	-0.373420529814297	-0.449158913640445	13.7339832067801	FALSE
ridge314_primary	Factor1	16	TCGA-LN-A4A8	5	-0.156477704644203	0.160935041871388	-0.317412746515591	13.7339832067801	FALSE
ridge314_primary	Factor1	16	TCGA-LN-A4A9	1	-1.29563093185425	-1.18425128838416	-0.111379643470093	9.75247935210515	FALSE
ridge314_primary	Factor1	16	TCGA-LN-A4MQ	2	1.61631655693054	1.14613727577952	0.470179281151019	14.7005103061457	FALSE
ridge314_primary	Factor1	16	TCGA-LN-A5U5	4	0.401715189218521	0.51811756054361	-0.116402371325089	15.8226690759581	FALSE
ridge314_primary	Factor1	16	TCGA-LN-A5U6	4	0.735014319419861	0.0338936763831575	0.701120643036703	15.8226690759581	FALSE
ridge314_primary	Factor1	16	TCGA-LN-A5U7	2	1.45523107051849	0.441322699415102	1.01390837110339	14.7005103061457	FALSE
ridge314_primary	Factor1	16	TCGA-LN-A7HV	1	-0.226163685321808	-0.0680206097001833	-0.158143075621625	9.75247935210515	FALSE
ridge314_primary	Factor1	16	TCGA-LN-A7HW	1	2.27037715911865	1.00834475130024	1.26203240781841	9.75247935210515	FALSE
ridge314_primary	Factor1	16	TCGA-LN-A7HX	4	-0.115487024188042	-0.45171539901191	0.336228374823868	15.8226690759581	FALSE
ridge314_primary	Factor1	16	TCGA-LN-A7HY	4	-0.789646327495575	0.0827847034894486	-0.872431030985024	15.8226690759581	FALSE
ridge314_primary	Factor1	16	TCGA-LN-A7HZ	2	1.74072921276093	0.342275326455034	1.3984538863059	14.7005103061457	FALSE
ridge314_primary	Factor1	16	TCGA-LN-A8HZ	3	1.83199214935303	0.741601911147626	1.0903902382054	20.8063791503884	FALSE
ridge314_primary	Factor1	16	TCGA-LN-A8I0	4	1.16729402542114	0.209063796715396	0.958230228705744	15.8226690759581	FALSE
ridge314_primary	Factor1	16	TCGA-LN-A8I1	3	0.228728458285332	0.069859675294309	0.158868782991023	20.8063791503884	FALSE
ridge314_primary	Factor1	16	TCGA-LN-A9FO	1	-1.13410973548889	-0.352316913137021	-0.781792822351869	9.75247935210515	FALSE
ridge314_primary	Factor1	16	TCGA-LN-A9FP	2	0.00534352008253336	0.351598509021285	-0.346254988938751	14.7005103061457	FALSE
ridge314_primary	Factor1	16	TCGA-LN-A9FQ	5	1.91045224666595	1.1152500152938	0.795202231372154	13.7339832067801	FALSE
ridge314_primary	Factor1	16	TCGA-LN-A9FR	2	0.439607352018356	0.465364674522389	-0.0257573225040331	14.7005103061457	FALSE
ridge314_primary	Factor1	16	TCGA-S8-A6BW	1	2.16162419319153	0.99214211649812	1.16948207669341	9.75247935210515	FALSE
ridge314_primary	Factor1	16	TCGA-V5-A7RC	5	1.74002206325531	0.305042534662542	1.43497952859277	13.7339832067801	FALSE
ridge314_primary	Factor1	16	TCGA-V5-AASV	4	-1.48267495632172	-0.531648721720403	-0.951026234601317	15.8226690759581	FALSE
ridge314_primary	Factor1	16	TCGA-VR-A8EO	5	0.118362635374069	0.349257019741105	-0.230894384367036	13.7339832067801	FALSE
ridge314_primary	Factor1	16	TCGA-VR-A8EP	3	0.779810667037964	0.424730725856853	0.355079941181111	20.8063791503884	FALSE
ridge314_primary	Factor1	16	TCGA-VR-A8ER	2	1.47504675388336	0.760727031621374	0.714319722261986	14.7005103061457	FALSE
ridge314_primary	Factor1	16	TCGA-VR-A8ET	2	-1.34731888771057	-0.342600317933283	-1.00471856977729	14.7005103061457	FALSE
ridge314_primary	Factor1	16	TCGA-VR-A8EU	2	-0.670289278030396	-0.323632751035161	-0.346656526995235	14.7005103061457	FALSE
ridge314_primary	Factor1	16	TCGA-VR-A8EW	4	1.2442399263382	0.368394767085787	0.875845159252413	15.8226690759581	FALSE
ridge314_primary	Factor1	16	TCGA-VR-A8EX	5	-0.196710988879204	-0.294033857181564	0.0973228683023605	13.7339832067801	FALSE
ridge314_primary	Factor1	16	TCGA-VR-A8EY	5	0.291961848735809	0.087098613288418	0.204863235447391	13.7339832067801	FALSE
ridge314_primary	Factor1	16	TCGA-VR-A8EZ	5	1.81589078903198	1.10463391771232	0.711256871319661	13.7339832067801	FALSE
ridge314_primary	Factor1	16	TCGA-VR-AA4G	3	-0.0592466592788696	-0.327315773048606	0.268069113769737	20.8063791503884	FALSE
ridge314_primary	Factor1	16	TCGA-VR-AA7I	5	-0.988227009773254	-0.885157725131606	-0.103069284641648	13.7339832067801	FALSE
ridge314_primary	Factor1	16	TCGA-XP-A8T6	2	0.683912694454193	0.26084180221159	0.423070892242603	14.7005103061457	FALSE
ridge314_primary	Factor1	16	TCGA-XP-A8T8	3	1.18388688564301	0.366315128726453	0.817571756916557	20.8063791503884	FALSE
ridge314_primary	Factor1	16	TCGA-Z6-A8JD	1	-1.18483340740204	-1.05125768127844	-0.133575726123599	9.75247935210515	FALSE
ridge314_primary	Factor1	16	TCGA-Z6-A8JE	3	-0.456298410892487	0.558219944860018	-1.0145183557525	20.8063791503884	FALSE
ridge314_primary	Factor1	16	TCGA-Z6-A9VB	4	1.28026008605957	0.838374440667893	0.441885645391677	15.8226690759581	FALSE
ridge314_primary	Factor1	16	TCGA-Z6-AAPN	5	-1.29205822944641	-0.710583636925545	-0.581474592520865	13.7339832067801	FALSE
ridge314_primary	Factor1	17	TCGA-IG-A3I8	4	0.24676987528801	0.444686860555607	-0.197916985267597	13.7242563853611	FALSE
ridge314_primary	Factor1	17	TCGA-IG-A3QL	3	2.54458022117615	1.29725630027968	1.24732392089647	13.0962062013255	FALSE
ridge314_primary	Factor1	17	TCGA-IG-A3YA	1	0.144667848944664	-0.259099721587245	0.403767570531909	11.1571817799164	FALSE
ridge314_primary	Factor1	17	TCGA-IG-A3YB	4	-0.866281390190125	-0.262618626972057	-0.603662763218068	13.7242563853611	FALSE
ridge314_primary	Factor1	17	TCGA-IG-A3YC	2	-0.79561573266983	-0.813967806330219	0.0183520736603886	11.9208180775807	FALSE
ridge314_primary	Factor1	17	TCGA-IG-A4P3	4	0.196520000696182	-0.5207688157127	0.717288816408882	13.7242563853611	FALSE
ridge314_primary	Factor1	17	TCGA-IG-A50L	3	0.837116003036499	0.596840990099269	0.24027501293723	13.0962062013255	FALSE
ridge314_primary	Factor1	17	TCGA-IG-A51D	3	-1.29975271224976	-0.444728134818801	-0.855024577430959	13.0962062013255	FALSE
ridge314_primary	Factor1	17	TCGA-IG-A5B8	4	-1.5638622045517	-0.880452964798197	-0.683409239753504	13.7242563853611	FALSE
ridge314_primary	Factor1	17	TCGA-IG-A5S3	3	-0.12177149951458	0.578192667921199	-0.699964167435779	13.0962062013255	FALSE
ridge314_primary	Factor1	17	TCGA-IG-A625	3	1.95474624633789	1.07355288465497	0.881193361682919	13.0962062013255	FALSE
ridge314_primary	Factor1	17	TCGA-IG-A6QS	1	-1.38964557647705	-0.561552388416855	-0.828093188060196	11.1571817799164	FALSE
ridge314_primary	Factor1	17	TCGA-IG-A8O2	3	0.541013836860657	0.556939036212093	-0.0159251993514363	13.0962062013255	FALSE
ridge314_primary	Factor1	17	TCGA-IG-A97H	1	-0.0436014793813229	-0.732677955466696	0.689076476085373	11.1571817799164	FALSE
ridge314_primary	Factor1	17	TCGA-IG-A97I	1	0.195611760020256	-0.255907477532933	0.451519237553189	11.1571817799164	FALSE
ridge314_primary	Factor1	17	TCGA-JY-A6FD	2	-1.12422180175781	-0.781050016367882	-0.343171785389928	11.9208180775807	FALSE
ridge314_primary	Factor1	17	TCGA-JY-A6FE	5	-0.3648741543293	-0.531686048981838	0.166811894652538	10.4215533453969	FALSE
ridge314_primary	Factor1	17	TCGA-JY-A6FG	1	-1.82158958911896	-0.198820920719348	-1.62276866839961	11.1571817799164	FALSE
ridge314_primary	Factor1	17	TCGA-JY-A93F	2	-1.8310741186142	-0.599556484010588	-1.23151763460361	11.9208180775807	FALSE
ridge314_primary	Factor1	17	TCGA-KH-A6WC	2	-0.495984196662903	-0.32982680274519	-0.166157393917713	11.9208180775807	FALSE
ridge314_primary	Factor1	17	TCGA-L5-A43J	5	-0.48718187212944	-0.511637393938428	0.0244555218089884	10.4215533453969	FALSE
ridge314_primary	Factor1	17	TCGA-L5-A4OM	3	0.392181187868118	0.106073538577268	0.28610764929085	13.0962062013255	FALSE
ridge314_primary	Factor1	17	TCGA-L5-A88S	2	-1.02788424491882	0.00502130819946061	-1.03290555311828	11.9208180775807	FALSE
ridge314_primary	Factor1	17	TCGA-L5-A88W	1	-1.4298038482666	-0.689793306047342	-0.740010542219258	11.1571817799164	FALSE
ridge314_primary	Factor1	17	TCGA-L5-A88Z	2	1.54053568840027	0.95130884923327	0.589226839167	11.9208180775807	FALSE
ridge314_primary	Factor1	17	TCGA-L5-A8NK	3	-0.631154298782349	-0.45634973455121	-0.174804564231139	13.0962062013255	FALSE
ridge314_primary	Factor1	17	TCGA-L5-A8NQ	3	-0.988180816173553	-0.739305677134179	-0.248875139039374	13.0962062013255	FALSE
ridge314_primary	Factor1	17	TCGA-L7-A56G	3	-0.00663447054103017	-0.283756573628145	0.277122103087115	13.0962062013255	FALSE
ridge314_primary	Factor1	17	TCGA-LN-A49M	5	-1.35227811336517	-0.621447552198809	-0.730830561166361	10.4215533453969	FALSE
ridge314_primary	Factor1	17	TCGA-LN-A49O	4	-1.25918996334076	-0.978447676293514	-0.280742287047246	13.7242563853611	FALSE
ridge314_primary	Factor1	17	TCGA-LN-A49P	3	0.384184151887894	-0.0429213190431407	0.427105470931035	13.0962062013255	FALSE
ridge314_primary	Factor1	17	TCGA-LN-A49S	1	-0.679978013038635	-0.0266432842072757	-0.653334728831359	11.1571817799164	FALSE
ridge314_primary	Factor1	17	TCGA-LN-A49U	4	1.28356349468231	0.648260969036659	0.635302525645652	13.7242563853611	FALSE
ridge314_primary	Factor1	17	TCGA-LN-A49W	5	-1.40213918685913	-0.670919858955511	-0.731219327903619	10.4215533453969	FALSE
ridge314_primary	Factor1	17	TCGA-LN-A49X	1	-0.535914719104767	-0.263470029635532	-0.272444689469235	11.1571817799164	FALSE
ridge314_primary	Factor1	17	TCGA-LN-A49Y	4	-0.0604930892586708	0.557231205678348	-0.617724294937019	13.7242563853611	FALSE
ridge314_primary	Factor1	17	TCGA-LN-A4A1	2	-0.729122936725617	-0.431824412047231	-0.297298524678386	11.9208180775807	FALSE
ridge314_primary	Factor1	17	TCGA-LN-A4A3	1	-0.898725807666779	-0.448946054035007	-0.449779753631772	11.1571817799164	FALSE
ridge314_primary	Factor1	17	TCGA-LN-A4A4	1	0.976603209972382	0.759774834458218	0.216828375514164	11.1571817799164	FALSE
ridge314_primary	Factor1	17	TCGA-LN-A4A5	2	-0.822579443454742	-0.272168903263865	-0.550410540190877	11.9208180775807	FALSE
ridge314_primary	Factor1	17	TCGA-LN-A4A8	2	-0.156477704644203	0.210277891171408	-0.366755595815611	11.9208180775807	FALSE
ridge314_primary	Factor1	17	TCGA-LN-A4A9	3	-1.29563093185425	-1.15681972692607	-0.138811204928182	13.0962062013255	FALSE
ridge314_primary	Factor1	17	TCGA-LN-A4MQ	4	1.61631655693054	1.29334965374251	0.322966903188027	13.7242563853611	FALSE
ridge314_primary	Factor1	17	TCGA-LN-A5U5	4	0.401715189218521	0.613661776614962	-0.211946587396441	13.7242563853611	FALSE
ridge314_primary	Factor1	17	TCGA-LN-A5U6	1	0.735014319419861	0.0422269446761741	0.692787374743687	11.1571817799164	FALSE
ridge314_primary	Factor1	17	TCGA-LN-A5U7	1	1.45523107051849	0.52458757932083	0.93064349119766	11.1571817799164	FALSE
ridge314_primary	Factor1	17	TCGA-LN-A7HV	3	-0.226163685321808	-0.211388346742436	-0.0147753385793721	13.0962062013255	FALSE
ridge314_primary	Factor1	17	TCGA-LN-A7HW	4	2.27037715911865	1.12049980081334	1.14987735830531	13.7242563853611	FALSE
ridge314_primary	Factor1	17	TCGA-LN-A7HX	5	-0.115487024188042	-0.403740272222047	0.288253248034005	10.4215533453969	FALSE
ridge314_primary	Factor1	17	TCGA-LN-A7HY	4	-0.789646327495575	0.00345983023249735	-0.793106157728072	13.7242563853611	FALSE
ridge314_primary	Factor1	17	TCGA-LN-A7HZ	2	1.74072921276093	0.310805800254546	1.42992341250638	11.9208180775807	FALSE
ridge314_primary	Factor1	17	TCGA-LN-A8HZ	5	1.83199214935303	0.903446933965965	0.928545215387065	10.4215533453969	FALSE
ridge314_primary	Factor1	17	TCGA-LN-A8I0	4	1.16729402542114	0.245617449569895	0.921676575851245	13.7242563853611	FALSE
ridge314_primary	Factor1	17	TCGA-LN-A8I1	5	0.228728458285332	0.0850055027487247	0.143722955536607	10.4215533453969	FALSE
ridge314_primary	Factor1	17	TCGA-LN-A9FO	3	-1.13410973548889	-0.555653217986483	-0.578456517502407	13.0962062013255	FALSE
ridge314_primary	Factor1	17	TCGA-LN-A9FP	4	0.00534352008253336	0.321399361246714	-0.316055841164181	13.7242563853611	FALSE
ridge314_primary	Factor1	17	TCGA-LN-A9FQ	5	1.91045224666595	1.2104653483717	0.699986898294254	10.4215533453969	FALSE
ridge314_primary	Factor1	17	TCGA-LN-A9FR	5	0.439607352018356	0.519626315329255	-0.0800189633108987	10.4215533453969	FALSE
ridge314_primary	Factor1	17	TCGA-S8-A6BW	2	2.16162419319153	1.29821396507489	0.863410228116644	11.9208180775807	FALSE
ridge314_primary	Factor1	17	TCGA-V5-A7RC	4	1.74002206325531	0.396542476520906	1.3434795867344	13.7242563853611	FALSE
ridge314_primary	Factor1	17	TCGA-V5-AASV	1	-1.48267495632172	-0.461826487801461	-1.02084846852026	11.1571817799164	FALSE
ridge314_primary	Factor1	17	TCGA-VR-A8EO	5	0.118362635374069	0.45432256760485	-0.335959932230781	10.4215533453969	FALSE
ridge314_primary	Factor1	17	TCGA-VR-A8EP	3	0.779810667037964	0.405872738811143	0.373937928226821	13.0962062013255	FALSE
ridge314_primary	Factor1	17	TCGA-VR-A8ER	2	1.47504675388336	0.742914870366991	0.732131883516369	11.9208180775807	FALSE
ridge314_primary	Factor1	17	TCGA-VR-A8ET	5	-1.34731888771057	-0.429176526019121	-0.918142361691449	10.4215533453969	FALSE
ridge314_primary	Factor1	17	TCGA-VR-A8EU	4	-0.670289278030396	-0.377765171848968	-0.292524106181428	13.7242563853611	FALSE
ridge314_primary	Factor1	17	TCGA-VR-A8EW	5	1.2442399263382	0.464364644889076	0.779875281449124	10.4215533453969	FALSE
ridge314_primary	Factor1	17	TCGA-VR-A8EX	2	-0.196710988879204	-0.270605489771896	0.0738945008926918	11.9208180775807	FALSE
ridge314_primary	Factor1	17	TCGA-VR-A8EY	5	0.291961848735809	0.0550623652668682	0.236899483468941	10.4215533453969	FALSE
ridge314_primary	Factor1	17	TCGA-VR-A8EZ	2	1.81589078903198	0.968194612838948	0.847696176193032	11.9208180775807	FALSE
ridge314_primary	Factor1	17	TCGA-VR-AA4G	5	-0.0592466592788696	-0.368763580330196	0.309516921051326	10.4215533453969	FALSE
ridge314_primary	Factor1	17	TCGA-VR-AA7I	1	-0.988227009773254	-0.833031924167036	-0.155195085606218	11.1571817799164	FALSE
ridge314_primary	Factor1	17	TCGA-XP-A8T6	1	0.683912694454193	0.434672158630135	0.249240535824058	11.1571817799164	FALSE
ridge314_primary	Factor1	17	TCGA-XP-A8T8	2	1.18388688564301	0.339006618395537	0.844880267247473	11.9208180775807	FALSE
ridge314_primary	Factor1	17	TCGA-Z6-A8JD	2	-1.18483340740204	-0.939002333811753	-0.245831073590287	11.9208180775807	FALSE
ridge314_primary	Factor1	17	TCGA-Z6-A8JE	5	-0.456298410892487	0.713163716548696	-1.16946212744118	10.4215533453969	FALSE
ridge314_primary	Factor1	17	TCGA-Z6-A9VB	3	1.28026008605957	0.951529127206689	0.328730958852881	13.0962062013255	FALSE
ridge314_primary	Factor1	17	TCGA-Z6-AAPN	1	-1.29205822944641	-0.740692936956533	-0.551365292489877	11.1571817799164	FALSE
ridge314_primary	Factor1	18	TCGA-IG-A3I8	2	0.24676987528801	0.504080456399768	-0.257310581111758	13.265994613913	FALSE
ridge314_primary	Factor1	18	TCGA-IG-A3QL	2	2.54458022117615	1.27089197522833	1.27368824594782	13.265994613913	FALSE
ridge314_primary	Factor1	18	TCGA-IG-A3YA	3	0.144667848944664	-0.27410753210086	0.418775381045524	15.3549199218623	FALSE
ridge314_primary	Factor1	18	TCGA-IG-A3YB	2	-0.866281390190125	-0.255669866323085	-0.61061152386704	13.265994613913	FALSE
ridge314_primary	Factor1	18	TCGA-IG-A3YC	3	-0.79561573266983	-0.659909301065724	-0.135706431604106	15.3549199218623	FALSE
ridge314_primary	Factor1	18	TCGA-IG-A4P3	4	0.196520000696182	-0.59811504731665	0.794635048012832	14.5816705642423	FALSE
ridge314_primary	Factor1	18	TCGA-IG-A50L	5	0.837116003036499	0.447347371937269	0.38976863109923	16.3202252608254	FALSE
ridge314_primary	Factor1	18	TCGA-IG-A51D	1	-1.29975271224976	-0.45054235936364	-0.84921035288612	11.4316838278019	FALSE
ridge314_primary	Factor1	18	TCGA-IG-A5B8	4	-1.5638622045517	-0.6438121847548	-0.9200500197969	14.5816705642423	FALSE
ridge314_primary	Factor1	18	TCGA-IG-A5S3	2	-0.12177149951458	0.706673265924808	-0.828444765439388	13.265994613913	FALSE
ridge314_primary	Factor1	18	TCGA-IG-A625	1	1.95474624633789	1.14767612707576	0.807070119262131	11.4316838278019	FALSE
ridge314_primary	Factor1	18	TCGA-IG-A6QS	2	-1.38964557647705	-0.623157948155505	-0.766487628321545	13.265994613913	FALSE
ridge314_primary	Factor1	18	TCGA-IG-A8O2	3	0.541013836860657	0.689518183226135	-0.148504346365478	15.3549199218623	FALSE
ridge314_primary	Factor1	18	TCGA-IG-A97H	1	-0.0436014793813229	-0.70122754152803	0.657626062146708	11.4316838278019	FALSE
ridge314_primary	Factor1	18	TCGA-IG-A97I	1	0.195611760020256	-0.247884340025641	0.443496100045897	11.4316838278019	FALSE
ridge314_primary	Factor1	18	TCGA-JY-A6FD	2	-1.12422180175781	-0.768932205006449	-0.355289596751361	13.265994613913	FALSE
ridge314_primary	Factor1	18	TCGA-JY-A6FE	3	-0.3648741543293	-0.422479728293038	0.0576055739637383	15.3549199218623	FALSE
ridge314_primary	Factor1	18	TCGA-JY-A6FG	4	-1.82158958911896	-0.172111733768238	-1.64947785535072	14.5816705642423	FALSE
ridge314_primary	Factor1	18	TCGA-JY-A93F	4	-1.8310741186142	-0.344351740676816	-1.48672237793738	14.5816705642423	FALSE
ridge314_primary	Factor1	18	TCGA-KH-A6WC	1	-0.495984196662903	-0.311024239459185	-0.184959957203718	11.4316838278019	FALSE
ridge314_primary	Factor1	18	TCGA-L5-A43J	5	-0.48718187212944	-0.503494642344655	0.0163127702152148	16.3202252608254	FALSE
ridge314_primary	Factor1	18	TCGA-L5-A4OM	3	0.392181187868118	0.16178423248861	0.230396955379508	15.3549199218623	FALSE
ridge314_primary	Factor1	18	TCGA-L5-A88S	2	-1.02788424491882	-0.0518571355771829	-0.976027109341637	13.265994613913	FALSE
ridge314_primary	Factor1	18	TCGA-L5-A88W	3	-1.4298038482666	-0.699758224727478	-0.730045623539122	15.3549199218623	FALSE
ridge314_primary	Factor1	18	TCGA-L5-A88Z	3	1.54053568840027	1.1451300007086	0.395405687691673	15.3549199218623	FALSE
ridge314_primary	Factor1	18	TCGA-L5-A8NK	3	-0.631154298782349	-0.368153746406932	-0.263000552375417	15.3549199218623	FALSE
ridge314_primary	Factor1	18	TCGA-L5-A8NQ	1	-0.988180816173553	-0.710765066937347	-0.277415749236206	11.4316838278019	FALSE
ridge314_primary	Factor1	18	TCGA-L7-A56G	2	-0.00663447054103017	-0.226467124948442	0.219832654407412	13.265994613913	FALSE
ridge314_primary	Factor1	18	TCGA-LN-A49M	3	-1.35227811336517	-0.502211676013216	-0.850066437351954	15.3549199218623	FALSE
ridge314_primary	Factor1	18	TCGA-LN-A49O	2	-1.25918996334076	-0.805799228305033	-0.453390735035727	13.265994613913	FALSE
ridge314_primary	Factor1	18	TCGA-LN-A49P	5	0.384184151887894	-0.0807681864002385	0.464952338288132	16.3202252608254	FALSE
ridge314_primary	Factor1	18	TCGA-LN-A49S	3	-0.679978013038635	-0.104778099936195	-0.57519991310244	15.3549199218623	FALSE
ridge314_primary	Factor1	18	TCGA-LN-A49U	2	1.28356349468231	0.683783991189897	0.599779503492413	13.265994613913	FALSE
ridge314_primary	Factor1	18	TCGA-LN-A49W	4	-1.40213918685913	-0.79070991622616	-0.61142927063297	14.5816705642423	FALSE
ridge314_primary	Factor1	18	TCGA-LN-A49X	2	-0.535914719104767	-0.0644516248421101	-0.471463094262657	13.265994613913	FALSE
ridge314_primary	Factor1	18	TCGA-LN-A49Y	5	-0.0604930892586708	0.473895667959315	-0.534388757217986	16.3202252608254	FALSE
ridge314_primary	Factor1	18	TCGA-LN-A4A1	4	-0.729122936725617	-0.405450788218941	-0.323672148506676	14.5816705642423	FALSE
ridge314_primary	Factor1	18	TCGA-LN-A4A3	2	-0.898725807666779	-0.344156024702159	-0.55456978296462	13.265994613913	FALSE
ridge314_primary	Factor1	18	TCGA-LN-A4A4	4	0.976603209972382	0.812514545351283	0.164088664621099	14.5816705642423	FALSE
ridge314_primary	Factor1	18	TCGA-LN-A4A5	5	-0.822579443454742	-0.371189823512879	-0.451389619941863	16.3202252608254	FALSE
ridge314_primary	Factor1	18	TCGA-LN-A4A8	1	-0.156477704644203	0.0488461658887275	-0.205323870532931	11.4316838278019	FALSE
ridge314_primary	Factor1	18	TCGA-LN-A4A9	5	-1.29563093185425	-1.13546403912724	-0.160166892727012	16.3202252608254	FALSE
ridge314_primary	Factor1	18	TCGA-LN-A4MQ	5	1.61631655693054	1.16087143312074	0.455445123809801	16.3202252608254	FALSE
ridge314_primary	Factor1	18	TCGA-LN-A5U5	3	0.401715189218521	0.738738639739306	-0.337023450520785	15.3549199218623	FALSE
ridge314_primary	Factor1	18	TCGA-LN-A5U6	5	0.735014319419861	0.0196817205303752	0.715332598889486	16.3202252608254	FALSE
ridge314_primary	Factor1	18	TCGA-LN-A5U7	5	1.45523107051849	0.374680276555875	1.08055079396262	16.3202252608254	FALSE
ridge314_primary	Factor1	18	TCGA-LN-A7HV	5	-0.226163685321808	-0.157954281208569	-0.0682094041132388	16.3202252608254	FALSE
ridge314_primary	Factor1	18	TCGA-LN-A7HW	4	2.27037715911865	1.28022748772221	0.990149671396437	14.5816705642423	FALSE
ridge314_primary	Factor1	18	TCGA-LN-A7HX	3	-0.115487024188042	-0.322805260880854	0.207318236692812	15.3549199218623	FALSE
ridge314_primary	Factor1	18	TCGA-LN-A7HY	4	-0.789646327495575	0.242162775824944	-1.03180910332052	14.5816705642423	FALSE
ridge314_primary	Factor1	18	TCGA-LN-A7HZ	1	1.74072921276093	0.534636868830145	1.20609234393078	11.4316838278019	FALSE
ridge314_primary	Factor1	18	TCGA-LN-A8HZ	4	1.83199214935303	0.84405814546955	0.98793400388348	14.5816705642423	FALSE
ridge314_primary	Factor1	18	TCGA-LN-A8I0	2	1.16729402542114	0.108517241708555	1.05877678371258	13.265994613913	FALSE
ridge314_primary	Factor1	18	TCGA-LN-A8I1	3	0.228728458285332	0.230904243117053	-0.00217578483172123	15.3549199218623	FALSE
ridge314_primary	Factor1	18	TCGA-LN-A9FO	1	-1.13410973548889	-0.508849541707221	-0.625260193781669	11.4316838278019	FALSE
ridge314_primary	Factor1	18	TCGA-LN-A9FP	4	0.00534352008253336	0.239660320534969	-0.234316800452435	14.5816705642423	FALSE
ridge314_primary	Factor1	18	TCGA-LN-A9FQ	5	1.91045224666595	1.01337726660642	0.897074980059534	16.3202252608254	FALSE
ridge314_primary	Factor1	18	TCGA-LN-A9FR	5	0.439607352018356	0.305693310006971	0.133914042011385	16.3202252608254	FALSE
ridge314_primary	Factor1	18	TCGA-S8-A6BW	1	2.16162419319153	1.17108995157024	0.990534241621289	11.4316838278019	FALSE
ridge314_primary	Factor1	18	TCGA-V5-A7RC	1	1.74002206325531	0.244681119253021	1.49534094400229	11.4316838278019	FALSE
ridge314_primary	Factor1	18	TCGA-V5-AASV	1	-1.48267495632172	-0.582226694258797	-0.900448262062924	11.4316838278019	FALSE
ridge314_primary	Factor1	18	TCGA-VR-A8EO	2	0.118362635374069	0.45522250493558	-0.336859869561511	13.265994613913	FALSE
ridge314_primary	Factor1	18	TCGA-VR-A8EP	4	0.779810667037964	0.43268385882893	0.347126808209034	14.5816705642423	FALSE
ridge314_primary	Factor1	18	TCGA-VR-A8ER	5	1.47504675388336	0.742523253180246	0.732523500703114	16.3202252608254	FALSE
ridge314_primary	Factor1	18	TCGA-VR-A8ET	1	-1.34731888771057	-0.349164030868585	-0.998154856841985	11.4316838278019	FALSE
ridge314_primary	Factor1	18	TCGA-VR-A8EU	1	-0.670289278030396	-0.399414947976698	-0.270874330053698	11.4316838278019	FALSE
ridge314_primary	Factor1	18	TCGA-VR-A8EW	2	1.2442399263382	0.393329964833274	0.850909961504926	13.265994613913	FALSE
ridge314_primary	Factor1	18	TCGA-VR-A8EX	3	-0.196710988879204	-0.232115749861896	0.0354047609826923	15.3549199218623	FALSE
ridge314_primary	Factor1	18	TCGA-VR-A8EY	5	0.291961848735809	0.0611890672063406	0.230772781529468	16.3202252608254	FALSE
ridge314_primary	Factor1	18	TCGA-VR-A8EZ	2	1.81589078903198	1.11254633928112	0.703344449750863	13.265994613913	FALSE
ridge314_primary	Factor1	18	TCGA-VR-AA4G	1	-0.0592466592788696	-0.344161831396414	0.284915172117544	11.4316838278019	FALSE
ridge314_primary	Factor1	18	TCGA-VR-AA7I	3	-0.988227009773254	-0.802542546666848	-0.185684463106406	15.3549199218623	FALSE
ridge314_primary	Factor1	18	TCGA-XP-A8T6	3	0.683912694454193	0.369957394977157	0.313955299477036	15.3549199218623	FALSE
ridge314_primary	Factor1	18	TCGA-XP-A8T8	1	1.18388688564301	0.418731031154591	0.765155854488419	11.4316838278019	FALSE
ridge314_primary	Factor1	18	TCGA-Z6-A8JD	4	-1.18483340740204	-0.902817226390853	-0.282016181011187	14.5816705642423	FALSE
ridge314_primary	Factor1	18	TCGA-Z6-A8JE	4	-0.456298410892487	0.604072369192437	-1.06037078008492	14.5816705642423	FALSE
ridge314_primary	Factor1	18	TCGA-Z6-A9VB	4	1.28026008605957	0.847940829642436	0.432319256417134	14.5816705642423	FALSE
ridge314_primary	Factor1	18	TCGA-Z6-AAPN	5	-1.29205822944641	-0.692530876753644	-0.599527352692766	16.3202252608254	FALSE
ridge314_primary	Factor1	19	TCGA-IG-A3I8	2	0.24676987528801	0.46717686252601	-0.220406987238	11.2750978146436	FALSE
ridge314_primary	Factor1	19	TCGA-IG-A3QL	3	2.54458022117615	1.35511367051116	1.18946655066499	13.2983971415979	FALSE
ridge314_primary	Factor1	19	TCGA-IG-A3YA	1	0.144667848944664	0.0537265764085221	0.0909412725361419	11.1167919740214	FALSE
ridge314_primary	Factor1	19	TCGA-IG-A3YB	1	-0.866281390190125	-0.274696537973941	-0.591584852216184	11.1167919740214	FALSE
ridge314_primary	Factor1	19	TCGA-IG-A3YC	1	-0.79561573266983	-0.692825335752604	-0.102790396917226	11.1167919740214	FALSE
ridge314_primary	Factor1	19	TCGA-IG-A4P3	4	0.196520000696182	-0.675527537026973	0.872047537723155	11.2895877923035	FALSE
ridge314_primary	Factor1	19	TCGA-IG-A50L	4	0.837116003036499	0.713830780361245	0.123285222675254	11.2895877923035	FALSE
ridge314_primary	Factor1	19	TCGA-IG-A51D	5	-1.29975271224976	-0.383173445144885	-0.916579267104875	15.1959655434764	FALSE
ridge314_primary	Factor1	19	TCGA-IG-A5B8	4	-1.5638622045517	-0.878118261622918	-0.685743942928782	11.2895877923035	FALSE
ridge314_primary	Factor1	19	TCGA-IG-A5S3	4	-0.12177149951458	0.676808569900912	-0.798580069415492	11.2895877923035	FALSE
ridge314_primary	Factor1	19	TCGA-IG-A625	2	1.95474624633789	1.13671089431619	0.818035352021698	11.2750978146436	FALSE
ridge314_primary	Factor1	19	TCGA-IG-A6QS	4	-1.38964557647705	-0.565101721963142	-0.824543854513908	11.2895877923035	FALSE
ridge314_primary	Factor1	19	TCGA-IG-A8O2	3	0.541013836860657	0.636056177828741	-0.0950423409680838	13.2983971415979	FALSE
ridge314_primary	Factor1	19	TCGA-IG-A97H	3	-0.0436014793813229	-0.772662027867907	0.729060548486584	13.2983971415979	FALSE
ridge314_primary	Factor1	19	TCGA-IG-A97I	3	0.195611760020256	-0.328724403207313	0.524336163227569	13.2983971415979	FALSE
ridge314_primary	Factor1	19	TCGA-JY-A6FD	2	-1.12422180175781	-0.784851110959658	-0.339370690798153	11.2750978146436	FALSE
ridge314_primary	Factor1	19	TCGA-JY-A6FE	3	-0.3648741543293	-0.542059714069612	0.177185559740312	13.2983971415979	FALSE
ridge314_primary	Factor1	19	TCGA-JY-A6FG	5	-1.82158958911896	-0.262183275789066	-1.55940631332989	15.1959655434764	FALSE
ridge314_primary	Factor1	19	TCGA-JY-A93F	1	-1.8310741186142	-0.618051680277138	-1.21302243833706	11.1167919740214	FALSE
ridge314_primary	Factor1	19	TCGA-KH-A6WC	4	-0.495984196662903	-0.380126281124013	-0.11585791553889	11.2895877923035	FALSE
ridge314_primary	Factor1	19	TCGA-L5-A43J	3	-0.48718187212944	-0.354745719835904	-0.132436152293536	13.2983971415979	FALSE
ridge314_primary	Factor1	19	TCGA-L5-A4OM	3	0.392181187868118	0.130136120802595	0.262045067065523	13.2983971415979	FALSE
ridge314_primary	Factor1	19	TCGA-L5-A88S	4	-1.02788424491882	-0.0587843955706714	-0.969099849348149	11.2895877923035	FALSE
ridge314_primary	Factor1	19	TCGA-L5-A88W	4	-1.4298038482666	-0.760237617533189	-0.669566230733411	11.2895877923035	FALSE
ridge314_primary	Factor1	19	TCGA-L5-A88Z	4	1.54053568840027	1.12805574034954	0.412479948050727	11.2895877923035	FALSE
ridge314_primary	Factor1	19	TCGA-L5-A8NK	4	-0.631154298782349	-0.531242855947423	-0.0999114428349258	11.2895877923035	FALSE
ridge314_primary	Factor1	19	TCGA-L5-A8NQ	5	-0.988180816173553	-0.593501720463147	-0.394679095710406	15.1959655434764	FALSE
ridge314_primary	Factor1	19	TCGA-L7-A56G	4	-0.00663447054103017	-0.287668103879879	0.281033633338849	11.2895877923035	FALSE
ridge314_primary	Factor1	19	TCGA-LN-A49M	5	-1.35227811336517	-0.514831912035428	-0.837446201329742	15.1959655434764	FALSE
ridge314_primary	Factor1	19	TCGA-LN-A49O	5	-1.25918996334076	-0.964478963738606	-0.294710999602154	15.1959655434764	FALSE
ridge314_primary	Factor1	19	TCGA-LN-A49P	2	0.384184151887894	-0.0954962894065547	0.479680441294449	11.2750978146436	FALSE
ridge314_primary	Factor1	19	TCGA-LN-A49S	3	-0.679978013038635	-0.142145953510099	-0.537832059528536	13.2983971415979	FALSE
ridge314_primary	Factor1	19	TCGA-LN-A49U	1	1.28356349468231	0.727588474492394	0.555975020189916	11.1167919740214	FALSE
ridge314_primary	Factor1	19	TCGA-LN-A49W	1	-1.40213918685913	-0.794656931766875	-0.607482255092255	11.1167919740214	FALSE
ridge314_primary	Factor1	19	TCGA-LN-A49X	1	-0.535914719104767	-0.128240199787921	-0.407674519316846	11.1167919740214	FALSE
ridge314_primary	Factor1	19	TCGA-LN-A49Y	1	-0.0604930892586708	0.472350784377319	-0.53284387363599	11.1167919740214	FALSE
ridge314_primary	Factor1	19	TCGA-LN-A4A1	5	-0.729122936725617	-0.495361216246651	-0.233761720478967	15.1959655434764	FALSE
ridge314_primary	Factor1	19	TCGA-LN-A4A3	3	-0.898725807666779	-0.50111603492114	-0.397609772745639	13.2983971415979	FALSE
ridge314_primary	Factor1	19	TCGA-LN-A4A4	1	0.976603209972382	0.823669125868172	0.15293408410421	11.1167919740214	FALSE
ridge314_primary	Factor1	19	TCGA-LN-A4A5	1	-0.822579443454742	-0.258256164640256	-0.564323278814486	11.1167919740214	FALSE
ridge314_primary	Factor1	19	TCGA-LN-A4A8	3	-0.156477704644203	0.138695794563219	-0.295173499207422	13.2983971415979	FALSE
ridge314_primary	Factor1	19	TCGA-LN-A4A9	1	-1.29563093185425	-1.08506736101927	-0.210563570834981	11.1167919740214	FALSE
ridge314_primary	Factor1	19	TCGA-LN-A4MQ	5	1.61631655693054	1.10040905538813	0.515907501542409	15.1959655434764	FALSE
ridge314_primary	Factor1	19	TCGA-LN-A5U5	3	0.401715189218521	1.56593462182626	-1.16421943260774	13.2983971415979	FALSE
ridge314_primary	Factor1	19	TCGA-LN-A5U6	5	0.735014319419861	0.0886924676774495	0.646321851742411	15.1959655434764	FALSE
ridge314_primary	Factor1	19	TCGA-LN-A5U7	5	1.45523107051849	0.456793971479982	0.998437099038508	15.1959655434764	FALSE
ridge314_primary	Factor1	19	TCGA-LN-A7HV	1	-0.226163685321808	-0.237234543360097	0.0110708580382894	11.1167919740214	FALSE
ridge314_primary	Factor1	19	TCGA-LN-A7HW	4	2.27037715911865	1.31614860050126	0.954228558617393	11.2895877923035	FALSE
ridge314_primary	Factor1	19	TCGA-LN-A7HX	3	-0.115487024188042	-0.439674701091542	0.3241876769035	13.2983971415979	FALSE
ridge314_primary	Factor1	19	TCGA-LN-A7HY	5	-0.789646327495575	0.112060787211796	-0.901707114707371	15.1959655434764	FALSE
ridge314_primary	Factor1	19	TCGA-LN-A7HZ	1	1.74072921276093	0.444336493260943	1.29639271949999	11.1167919740214	FALSE
ridge314_primary	Factor1	19	TCGA-LN-A8HZ	1	1.83199214935303	0.853161630997412	0.978830518355618	11.1167919740214	FALSE
ridge314_primary	Factor1	19	TCGA-LN-A8I0	5	1.16729402542114	0.325859384485085	0.841434640936055	15.1959655434764	FALSE
ridge314_primary	Factor1	19	TCGA-LN-A8I1	3	0.228728458285332	0.193144817522884	0.0355836407624485	13.2983971415979	FALSE
ridge314_primary	Factor1	19	TCGA-LN-A9FO	5	-1.13410973548889	-0.483021409411939	-0.651088326076951	15.1959655434764	FALSE
ridge314_primary	Factor1	19	TCGA-LN-A9FP	2	0.00534352008253336	0.0504223739506626	-0.0450788538681292	11.2750978146436	FALSE
ridge314_primary	Factor1	19	TCGA-LN-A9FQ	2	1.91045224666595	1.10608242736803	0.804369819297923	11.2750978146436	FALSE
ridge314_primary	Factor1	19	TCGA-LN-A9FR	3	0.439607352018356	0.41091930410762	0.0286880479107362	13.2983971415979	FALSE
ridge314_primary	Factor1	19	TCGA-S8-A6BW	2	2.16162419319153	1.2356410661685	0.925983127023029	11.2750978146436	FALSE
ridge314_primary	Factor1	19	TCGA-V5-A7RC	2	1.74002206325531	0.301241113776506	1.4387809494788	11.2750978146436	FALSE
ridge314_primary	Factor1	19	TCGA-V5-AASV	2	-1.48267495632172	-0.599979721257747	-0.882695235063973	11.2750978146436	FALSE
ridge314_primary	Factor1	19	TCGA-VR-A8EO	3	0.118362635374069	0.357771412167232	-0.239408776793163	13.2983971415979	FALSE
ridge314_primary	Factor1	19	TCGA-VR-A8EP	5	0.779810667037964	0.40696742116554	0.372843245872424	15.1959655434764	FALSE
ridge314_primary	Factor1	19	TCGA-VR-A8ER	5	1.47504675388336	0.801353408086227	0.673693345797133	15.1959655434764	FALSE
ridge314_primary	Factor1	19	TCGA-VR-A8ET	2	-1.34731888771057	-0.330474207577269	-1.0168446801333	11.2750978146436	FALSE
ridge314_primary	Factor1	19	TCGA-VR-A8EU	2	-0.670289278030396	-0.360701120106335	-0.309588157924061	11.2750978146436	FALSE
ridge314_primary	Factor1	19	TCGA-VR-A8EW	2	1.2442399263382	0.481067959952021	0.763171966386179	11.2750978146436	FALSE
ridge314_primary	Factor1	19	TCGA-VR-A8EX	4	-0.196710988879204	-0.382624593443179	0.185913604563975	11.2895877923035	FALSE
ridge314_primary	Factor1	19	TCGA-VR-A8EY	2	0.291961848735809	0.087601846829043	0.204360001906766	11.2750978146436	FALSE
ridge314_primary	Factor1	19	TCGA-VR-A8EZ	1	1.81589078903198	1.1806984452411	0.63519234379088	11.1167919740214	FALSE
ridge314_primary	Factor1	19	TCGA-VR-AA4G	4	-0.0592466592788696	-0.388185531676921	0.328938872398052	11.2895877923035	FALSE
ridge314_primary	Factor1	19	TCGA-VR-AA7I	5	-0.988227009773254	-0.722573803977434	-0.26565320579582	15.1959655434764	FALSE
ridge314_primary	Factor1	19	TCGA-XP-A8T6	3	0.683912694454193	0.391898448021076	0.292014246433117	13.2983971415979	FALSE
ridge314_primary	Factor1	19	TCGA-XP-A8T8	1	1.18388688564301	0.379947877138525	0.803939008504485	11.1167919740214	FALSE
ridge314_primary	Factor1	19	TCGA-Z6-A8JD	2	-1.18483340740204	-0.963053869930534	-0.221779537471506	11.2750978146436	FALSE
ridge314_primary	Factor1	19	TCGA-Z6-A8JE	2	-0.456298410892487	0.571265304724209	-1.0275637156167	11.2750978146436	FALSE
ridge314_primary	Factor1	19	TCGA-Z6-A9VB	4	1.28026008605957	0.988021519649144	0.292238566410426	11.2895877923035	FALSE
ridge314_primary	Factor1	19	TCGA-Z6-AAPN	2	-1.29205822944641	-0.65124680985255	-0.64081141959386	11.2750978146436	FALSE
ridge314_primary	Factor1	20	TCGA-IG-A3I8	2	0.24676987528801	0.495607832749112	-0.248837957461102	14.5983495287933	FALSE
ridge314_primary	Factor1	20	TCGA-IG-A3QL	3	2.54458022117615	1.27181783216594	1.27276238901021	12.5525710358508	FALSE
ridge314_primary	Factor1	20	TCGA-IG-A3YA	5	0.144667848944664	-0.297328642715169	0.441996491659833	13.5198864649576	FALSE
ridge314_primary	Factor1	20	TCGA-IG-A3YB	5	-0.866281390190125	-0.367522171446425	-0.4987592187437	13.5198864649576	FALSE
ridge314_primary	Factor1	20	TCGA-IG-A3YC	3	-0.79561573266983	-0.607297357041763	-0.188318375628067	12.5525710358508	FALSE
ridge314_primary	Factor1	20	TCGA-IG-A4P3	1	0.196520000696182	-0.602203296399102	0.798723297095284	11.959866164395	FALSE
ridge314_primary	Factor1	20	TCGA-IG-A50L	3	0.837116003036499	0.536667096880212	0.300448906156287	12.5525710358508	FALSE
ridge314_primary	Factor1	20	TCGA-IG-A51D	2	-1.29975271224976	-0.394741118306937	-0.905011593942823	14.5983495287933	FALSE
ridge314_primary	Factor1	20	TCGA-IG-A5B8	1	-1.5638622045517	-0.813202130120583	-0.750660074431117	11.959866164395	FALSE
ridge314_primary	Factor1	20	TCGA-IG-A5S3	2	-0.12177149951458	0.721139272008868	-0.842910771523448	14.5983495287933	FALSE
ridge314_primary	Factor1	20	TCGA-IG-A625	1	1.95474624633789	1.08468234825191	0.870063898085985	11.959866164395	FALSE
ridge314_primary	Factor1	20	TCGA-IG-A6QS	4	-1.38964557647705	-0.535810455972913	-0.853835120504137	14.3335221887531	FALSE
ridge314_primary	Factor1	20	TCGA-IG-A8O2	3	0.541013836860657	0.726219941225996	-0.185206104365339	12.5525710358508	FALSE
ridge314_primary	Factor1	20	TCGA-IG-A97H	4	-0.0436014793813229	-0.531227143220547	0.487625663839224	14.3335221887531	FALSE
ridge314_primary	Factor1	20	TCGA-IG-A97I	1	0.195611760020256	-0.191265085314739	0.386876845334995	11.959866164395	FALSE
ridge314_primary	Factor1	20	TCGA-JY-A6FD	1	-1.12422180175781	-0.764193484190714	-0.360028317567096	11.959866164395	FALSE
ridge314_primary	Factor1	20	TCGA-JY-A6FE	3	-0.3648741543293	-0.445780657504657	0.0809065031753574	12.5525710358508	FALSE
ridge314_primary	Factor1	20	TCGA-JY-A6FG	1	-1.82158958911896	-0.22668097803195	-1.59490861108701	11.959866164395	FALSE
ridge314_primary	Factor1	20	TCGA-JY-A93F	4	-1.8310741186142	-0.375747390559131	-1.45532672805507	14.3335221887531	FALSE
ridge314_primary	Factor1	20	TCGA-KH-A6WC	1	-0.495984196662903	-0.150229116344849	-0.345755080318054	11.959866164395	FALSE
ridge314_primary	Factor1	20	TCGA-L5-A43J	2	-0.48718187212944	-0.423670043454522	-0.0635118286749181	14.5983495287933	FALSE
ridge314_primary	Factor1	20	TCGA-L5-A4OM	4	0.392181187868118	0.216707316296581	0.175473871571537	14.3335221887531	FALSE
ridge314_primary	Factor1	20	TCGA-L5-A88S	5	-1.02788424491882	-0.0217435987828681	-1.00614064613595	13.5198864649576	FALSE
ridge314_primary	Factor1	20	TCGA-L5-A88W	4	-1.4298038482666	-0.542919811727307	-0.886884036539293	14.3335221887531	FALSE
ridge314_primary	Factor1	20	TCGA-L5-A88Z	5	1.54053568840027	1.01139720442084	0.529138483979426	13.5198864649576	FALSE
ridge314_primary	Factor1	20	TCGA-L5-A8NK	2	-0.631154298782349	-0.395428602722474	-0.235725696059875	14.5983495287933	FALSE
ridge314_primary	Factor1	20	TCGA-L5-A8NQ	1	-0.988180816173553	-0.665287283642862	-0.322893532530691	11.959866164395	FALSE
ridge314_primary	Factor1	20	TCGA-L7-A56G	3	-0.00663447054103017	-0.297027059553143	0.290392589012113	12.5525710358508	FALSE
ridge314_primary	Factor1	20	TCGA-LN-A49M	5	-1.35227811336517	-0.552518514028008	-0.799759599337162	13.5198864649576	FALSE
ridge314_primary	Factor1	20	TCGA-LN-A49O	1	-1.25918996334076	-1.06269499241735	-0.196494970923415	11.959866164395	FALSE
ridge314_primary	Factor1	20	TCGA-LN-A49P	5	0.384184151887894	-0.151844400609804	0.536028552497698	13.5198864649576	FALSE
ridge314_primary	Factor1	20	TCGA-LN-A49S	1	-0.679978013038635	-0.100908013414337	-0.579069999624298	11.959866164395	FALSE
ridge314_primary	Factor1	20	TCGA-LN-A49U	3	1.28356349468231	0.682200124388196	0.601363370294114	12.5525710358508	FALSE
ridge314_primary	Factor1	20	TCGA-LN-A49W	4	-1.40213918685913	-0.864889140414995	-0.537250046444135	14.3335221887531	FALSE
ridge314_primary	Factor1	20	TCGA-LN-A49X	2	-0.535914719104767	-0.111006363240371	-0.424908355864396	14.5983495287933	FALSE
ridge314_primary	Factor1	20	TCGA-LN-A49Y	5	-0.0604930892586708	0.527179993223077	-0.587673082481748	13.5198864649576	FALSE
ridge314_primary	Factor1	20	TCGA-LN-A4A1	2	-0.729122936725617	-0.489856208064346	-0.239266728661271	14.5983495287933	FALSE
ridge314_primary	Factor1	20	TCGA-LN-A4A3	4	-0.898725807666779	-0.271866578500503	-0.626859229166276	14.3335221887531	FALSE
ridge314_primary	Factor1	20	TCGA-LN-A4A4	4	0.976603209972382	0.728763821367396	0.247839388604986	14.3335221887531	FALSE
ridge314_primary	Factor1	20	TCGA-LN-A4A5	3	-0.822579443454742	-0.3447098359773	-0.477869607477442	12.5525710358508	FALSE
ridge314_primary	Factor1	20	TCGA-LN-A4A8	1	-0.156477704644203	0.0260171854996566	-0.18249489014386	11.959866164395	FALSE
ridge314_primary	Factor1	20	TCGA-LN-A4A9	4	-1.29563093185425	-1.05170131594446	-0.243929615909793	14.3335221887531	FALSE
ridge314_primary	Factor1	20	TCGA-LN-A4MQ	1	1.61631655693054	1.20653228413013	0.409784272800406	11.959866164395	FALSE
ridge314_primary	Factor1	20	TCGA-LN-A5U5	3	0.401715189218521	0.779126992214465	-0.377411802995944	12.5525710358508	FALSE
ridge314_primary	Factor1	20	TCGA-LN-A5U6	3	0.735014319419861	0.0406308508691324	0.694383468550729	12.5525710358508	FALSE
ridge314_primary	Factor1	20	TCGA-LN-A5U7	2	1.45523107051849	0.539071957385195	0.916159113133295	14.5983495287933	FALSE
ridge314_primary	Factor1	20	TCGA-LN-A7HV	5	-0.226163685321808	-0.198347593303424	-0.0278160920183838	13.5198864649576	FALSE
ridge314_primary	Factor1	20	TCGA-LN-A7HW	4	2.27037715911865	1.0219052078568	1.24847195126185	14.3335221887531	FALSE
ridge314_primary	Factor1	20	TCGA-LN-A7HX	2	-0.115487024188042	-0.360043837384346	0.244556813196304	14.5983495287933	FALSE
ridge314_primary	Factor1	20	TCGA-LN-A7HY	1	-0.789646327495575	0.082532693977871	-0.872179021473446	11.959866164395	FALSE
ridge314_primary	Factor1	20	TCGA-LN-A7HZ	4	1.74072921276093	0.429603619304986	1.31112559345594	14.3335221887531	FALSE
ridge314_primary	Factor1	20	TCGA-LN-A8HZ	1	1.83199214935303	0.914019304429217	0.917972844923813	11.959866164395	FALSE
ridge314_primary	Factor1	20	TCGA-LN-A8I0	3	1.16729402542114	0.219028214590818	0.948265810830321	12.5525710358508	FALSE
ridge314_primary	Factor1	20	TCGA-LN-A8I1	3	0.228728458285332	0.125732452193774	0.102996006091558	12.5525710358508	FALSE
ridge314_primary	Factor1	20	TCGA-LN-A9FO	2	-1.13410973548889	-0.455896033584594	-0.678213701904296	14.5983495287933	FALSE
ridge314_primary	Factor1	20	TCGA-LN-A9FP	5	0.00534352008253336	0.118029325141432	-0.112685805058898	13.5198864649576	FALSE
ridge314_primary	Factor1	20	TCGA-LN-A9FQ	5	1.91045224666595	1.12607312526491	0.78437912140104	13.5198864649576	FALSE
ridge314_primary	Factor1	20	TCGA-LN-A9FR	5	0.439607352018356	0.465274594574829	-0.0256672425564731	13.5198864649576	FALSE
ridge314_primary	Factor1	20	TCGA-S8-A6BW	1	2.16162419319153	1.24205879387332	0.919565399318215	11.959866164395	FALSE
ridge314_primary	Factor1	20	TCGA-V5-A7RC	5	1.74002206325531	0.388405060817411	1.3516170024379	13.5198864649576	FALSE
ridge314_primary	Factor1	20	TCGA-V5-AASV	2	-1.48267495632172	-0.4636199264678	-1.01905502985392	14.5983495287933	FALSE
ridge314_primary	Factor1	20	TCGA-VR-A8EO	4	0.118362635374069	0.381807107423356	-0.263444472049287	14.3335221887531	FALSE
ridge314_primary	Factor1	20	TCGA-VR-A8EP	2	0.779810667037964	0.672197734228019	0.107612932809945	14.5983495287933	FALSE
ridge314_primary	Factor1	20	TCGA-VR-A8ER	4	1.47504675388336	0.791377429188957	0.683669324694403	14.3335221887531	FALSE
ridge314_primary	Factor1	20	TCGA-VR-A8ET	4	-1.34731888771057	-0.202892663394555	-1.14442622431602	14.3335221887531	FALSE
ridge314_primary	Factor1	20	TCGA-VR-A8EU	2	-0.670289278030396	-0.403314075802618	-0.266975202227778	14.5983495287933	FALSE
ridge314_primary	Factor1	20	TCGA-VR-A8EW	5	1.2442399263382	0.413618504099285	0.830621422238915	13.5198864649576	FALSE
ridge314_primary	Factor1	20	TCGA-VR-A8EX	3	-0.196710988879204	-0.215908181380452	0.0191971925012481	12.5525710358508	FALSE
ridge314_primary	Factor1	20	TCGA-VR-A8EY	3	0.291961848735809	-0.0100211341278791	0.301982982863688	12.5525710358508	FALSE
ridge314_primary	Factor1	20	TCGA-VR-A8EZ	2	1.81589078903198	1.43746552969439	0.378425259337586	14.5983495287933	FALSE
ridge314_primary	Factor1	20	TCGA-VR-AA4G	2	-0.0592466592788696	-0.287743490598042	0.228496831319172	14.5983495287933	FALSE
ridge314_primary	Factor1	20	TCGA-VR-AA7I	2	-0.988227009773254	-0.759546472226125	-0.228680537547129	14.5983495287933	FALSE
ridge314_primary	Factor1	20	TCGA-XP-A8T6	5	0.683912694454193	0.23173478879131	0.452177905662883	13.5198864649576	FALSE
ridge314_primary	Factor1	20	TCGA-XP-A8T8	4	1.18388688564301	0.437774375172607	0.746112510470403	14.3335221887531	FALSE
ridge314_primary	Factor1	20	TCGA-Z6-A8JD	5	-1.18483340740204	-1.01826679835451	-0.166566609047526	13.5198864649576	FALSE
ridge314_primary	Factor1	20	TCGA-Z6-A8JE	3	-0.456298410892487	0.614808007002604	-1.07110641789509	12.5525710358508	FALSE
ridge314_primary	Factor1	20	TCGA-Z6-A9VB	3	1.28026008605957	0.946763135693498	0.333496950366072	12.5525710358508	FALSE
ridge314_primary	Factor1	20	TCGA-Z6-AAPN	1	-1.29205822944641	-0.732318769513825	-0.559739459932585	11.959866164395	FALSE
ridge314_primary	Factor3	1	TCGA-IG-A3I8	5	0.115762770175934	0.0721738665445536	0.0435889036313804	10.7012853218549	FALSE
ridge314_primary	Factor3	1	TCGA-IG-A3QL	3	0.31697490811348	-0.206438201398724	0.523413109512204	10.6828539723861	FALSE
ridge314_primary	Factor3	1	TCGA-IG-A3YA	1	-0.74126535654068	-1.30133566234923	0.560070305808554	12.7306393071556	FALSE
ridge314_primary	Factor3	1	TCGA-IG-A3YB	4	-1.19830191135407	-0.679175380922872	-0.519126530431199	9.17040142795274	FALSE
ridge314_primary	Factor3	1	TCGA-IG-A3YC	3	-0.470650941133499	-0.451629544141196	-0.0190213969923035	10.6828539723861	FALSE
ridge314_primary	Factor3	1	TCGA-IG-A4P3	5	-1.35126984119415	-1.55994778088264	0.20867793968849	10.7012853218549	FALSE
ridge314_primary	Factor3	1	TCGA-IG-A50L	2	0.829516172409058	0.644244614893354	0.185271557515704	11.6957496653063	FALSE
ridge314_primary	Factor3	1	TCGA-IG-A51D	5	0.400122225284576	0.297805237356247	0.102316987928329	10.7012853218549	FALSE
ridge314_primary	Factor3	1	TCGA-IG-A5B8	2	0.946748554706573	0.590234550626671	0.356514004079902	11.6957496653063	FALSE
ridge314_primary	Factor3	1	TCGA-IG-A5S3	5	-1.59015285968781	-0.681221838375339	-0.908931021312471	10.7012853218549	FALSE
ridge314_primary	Factor3	1	TCGA-IG-A625	4	-1.36808097362518	-0.828255620146523	-0.539825353478657	9.17040142795274	FALSE
ridge314_primary	Factor3	1	TCGA-IG-A6QS	3	1.79084122180939	0.63801550439898	1.15282571741041	10.6828539723861	FALSE
ridge314_primary	Factor3	1	TCGA-IG-A8O2	1	-1.80665290355682	-0.587239921358955	-1.21941298219787	12.7306393071556	FALSE
ridge314_primary	Factor3	1	TCGA-IG-A97H	3	1.14828658103943	0.518196112639645	0.630090468399785	10.6828539723861	FALSE
ridge314_primary	Factor3	1	TCGA-IG-A97I	3	0.778580486774445	0.388464553449736	0.390115933324709	10.6828539723861	FALSE
ridge314_primary	Factor3	1	TCGA-JY-A6FD	4	0.203392699360847	0.530883292454689	-0.327490593093842	9.17040142795274	FALSE
ridge314_primary	Factor3	1	TCGA-JY-A6FE	5	0.0588032715022564	0.671883890903433	-0.613080619401177	10.7012853218549	FALSE
ridge314_primary	Factor3	1	TCGA-JY-A6FG	5	0.835813820362091	0.177115089193968	0.658698731168123	10.7012853218549	FALSE
ridge314_primary	Factor3	1	TCGA-JY-A93F	4	0.716243803501129	0.37874787481878	0.337495928682349	9.17040142795274	FALSE
ridge314_primary	Factor3	1	TCGA-KH-A6WC	5	-1.09358608722687	-1.10522851422887	0.011642427002003	10.7012853218549	FALSE
ridge314_primary	Factor3	1	TCGA-L5-A43J	1	0.964678287506104	0.674555471290091	0.290122816216013	12.7306393071556	FALSE
ridge314_primary	Factor3	1	TCGA-L5-A4OM	5	-0.743738412857056	-0.541190857470497	-0.202547555386559	10.7012853218549	FALSE
ridge314_primary	Factor3	1	TCGA-L5-A88S	3	0.522524893283844	0.659060523439258	-0.136535630155414	10.6828539723861	FALSE
ridge314_primary	Factor3	1	TCGA-L5-A88W	5	1.53448259830475	0.694907107464624	0.839575490840127	10.7012853218549	FALSE
ridge314_primary	Factor3	1	TCGA-L5-A88Z	5	-0.1108428388834	-0.326619634451473	0.215776795568073	10.7012853218549	FALSE
ridge314_primary	Factor3	1	TCGA-L5-A8NK	4	-0.836946427822113	-0.642278638042316	-0.194667789779797	9.17040142795274	FALSE
ridge314_primary	Factor3	1	TCGA-L5-A8NQ	1	-0.843329191207886	-0.130431320737353	-0.712897870470533	12.7306393071556	FALSE
ridge314_primary	Factor3	1	TCGA-L7-A56G	4	-0.702840089797974	-0.360768387886699	-0.342071701911275	9.17040142795274	FALSE
ridge314_primary	Factor3	1	TCGA-LN-A49M	3	1.83668255805969	0.795684301406224	1.04099825665347	10.6828539723861	FALSE
ridge314_primary	Factor3	1	TCGA-LN-A49O	4	1.74763762950897	0.99713796169554	0.75049966781343	9.17040142795274	FALSE
ridge314_primary	Factor3	1	TCGA-LN-A49P	4	-0.922378957271576	-0.779300806870655	-0.143078150400921	9.17040142795274	FALSE
ridge314_primary	Factor3	1	TCGA-LN-A49S	1	-1.6580855846405	-0.618421225375859	-1.03966435926464	12.7306393071556	FALSE
ridge314_primary	Factor3	1	TCGA-LN-A49U	4	1.75135540962219	0.633203402488349	1.11815200713384	9.17040142795274	FALSE
ridge314_primary	Factor3	1	TCGA-LN-A49W	2	-0.175947621464729	-0.756895242413498	0.580947620948769	11.6957496653063	FALSE
ridge314_primary	Factor3	1	TCGA-LN-A49X	5	0.994174003601074	0.813123654166221	0.181050349434853	10.7012853218549	FALSE
ridge314_primary	Factor3	1	TCGA-LN-A49Y	2	-1.22085618972778	-0.161054025367186	-1.05980216436059	11.6957496653063	FALSE
ridge314_primary	Factor3	1	TCGA-LN-A4A1	2	1.53539943695068	1.14051868771482	0.394880749235861	11.6957496653063	FALSE
ridge314_primary	Factor3	1	TCGA-LN-A4A3	1	-0.141764670610428	0.433654521352049	-0.575419191962478	12.7306393071556	FALSE
ridge314_primary	Factor3	1	TCGA-LN-A4A4	4	0.275420069694519	0.294645863676238	-0.0192257939817194	9.17040142795274	FALSE
ridge314_primary	Factor3	1	TCGA-LN-A4A5	4	-0.168166160583496	0.235005718964743	-0.403171879548239	9.17040142795274	FALSE
ridge314_primary	Factor3	1	TCGA-LN-A4A8	1	-0.979195892810822	-0.321503749398907	-0.657692143411915	12.7306393071556	FALSE
ridge314_primary	Factor3	1	TCGA-LN-A4A9	2	1.34573674201965	0.751841075790607	0.593895666229043	11.6957496653063	FALSE
ridge314_primary	Factor3	1	TCGA-LN-A4MQ	2	-0.989262342453003	-0.715779771082823	-0.273482571370181	11.6957496653063	FALSE
ridge314_primary	Factor3	1	TCGA-LN-A5U5	2	-1.18550705909729	-0.793134239622872	-0.392372819474418	11.6957496653063	FALSE
ridge314_primary	Factor3	1	TCGA-LN-A5U6	1	1.12891924381256	0.772512847592777	0.356406396219783	12.7306393071556	FALSE
ridge314_primary	Factor3	1	TCGA-LN-A5U7	3	1.3964010477066	0.411823806836403	0.984577240870198	10.6828539723861	FALSE
ridge314_primary	Factor3	1	TCGA-LN-A7HV	4	0.355938613414764	-0.0878246316475242	0.443763245062288	9.17040142795274	FALSE
ridge314_primary	Factor3	1	TCGA-LN-A7HW	3	0.733534455299377	0.638838545790145	0.0946959095092323	10.6828539723861	FALSE
ridge314_primary	Factor3	1	TCGA-LN-A7HX	2	1.50342726707459	0.73612515983247	0.76730210724212	11.6957496653063	FALSE
ridge314_primary	Factor3	1	TCGA-LN-A7HY	1	-0.501575231552124	0.181509987925846	-0.68308521947797	12.7306393071556	FALSE
ridge314_primary	Factor3	1	TCGA-LN-A7HZ	4	-0.201339349150658	-0.653265175066299	0.451925825915641	9.17040142795274	FALSE
ridge314_primary	Factor3	1	TCGA-LN-A8HZ	5	-0.255193203687668	-0.163478268447044	-0.0917149352406242	10.7012853218549	FALSE
ridge314_primary	Factor3	1	TCGA-LN-A8I0	4	0.738435983657837	0.250822616714558	0.487613366943279	9.17040142795274	FALSE
ridge314_primary	Factor3	1	TCGA-LN-A8I1	1	-0.883404850959778	-0.0906835069300926	-0.792721344029685	12.7306393071556	FALSE
ridge314_primary	Factor3	1	TCGA-LN-A9FO	5	-0.833663284778595	-0.635799087737536	-0.197864197041059	10.7012853218549	FALSE
ridge314_primary	Factor3	1	TCGA-LN-A9FP	5	-0.979387104511261	-0.33617024466044	-0.643216859850821	10.7012853218549	FALSE
ridge314_primary	Factor3	1	TCGA-LN-A9FQ	1	0.220510303974152	0.163042049827128	0.0574682541470237	12.7306393071556	FALSE
ridge314_primary	Factor3	1	TCGA-LN-A9FR	5	1.10569894313812	1.36579313176884	-0.260094188630718	10.7012853218549	FALSE
ridge314_primary	Factor3	1	TCGA-S8-A6BW	2	0.780785262584686	0.546170527091656	0.23461473549303	11.6957496653063	FALSE
ridge314_primary	Factor3	1	TCGA-V5-A7RC	3	-0.0385478101670742	0.196623519013012	-0.235171329180086	10.6828539723861	FALSE
ridge314_primary	Factor3	1	TCGA-V5-AASV	3	-0.244702532887459	-0.288304611028115	0.0436020781406559	10.6828539723861	FALSE
ridge314_primary	Factor3	1	TCGA-VR-A8EO	3	-0.987205564975739	-0.147183248873032	-0.840022316102707	10.6828539723861	FALSE
ridge314_primary	Factor3	1	TCGA-VR-A8EP	2	-1.18380069732666	-0.781398052460745	-0.402402644865915	11.6957496653063	FALSE
ridge314_primary	Factor3	1	TCGA-VR-A8ER	2	-0.510153234004974	-0.379395334046383	-0.130757899958591	11.6957496653063	FALSE
ridge314_primary	Factor3	1	TCGA-VR-A8ET	1	-0.199732303619385	0.138823989855485	-0.33855629347487	12.7306393071556	FALSE
ridge314_primary	Factor3	1	TCGA-VR-A8EU	3	1.37956213951111	0.554898340113931	0.824663799397179	10.6828539723861	FALSE
ridge314_primary	Factor3	1	TCGA-VR-A8EW	3	-0.138556256890297	-0.264329379853424	0.125773122963127	10.6828539723861	FALSE
ridge314_primary	Factor3	1	TCGA-VR-A8EX	2	-1.58354938030243	-1.14847465616208	-0.435074724140349	11.6957496653063	FALSE
ridge314_primary	Factor3	1	TCGA-VR-A8EY	1	0.985304713249207	0.576745769533706	0.408558943715502	12.7306393071556	FALSE
ridge314_primary	Factor3	1	TCGA-VR-A8EZ	1	-0.239988952875137	-0.130318843854487	-0.10967010902065	12.7306393071556	FALSE
ridge314_primary	Factor3	1	TCGA-VR-AA4G	4	0.70863276720047	0.459143895001624	0.249488872198846	9.17040142795274	FALSE
ridge314_primary	Factor3	1	TCGA-VR-AA7I	3	0.97487473487854	0.419910145351927	0.554964589526613	10.6828539723861	FALSE
ridge314_primary	Factor3	1	TCGA-XP-A8T6	2	-0.733712792396545	-0.420233259892466	-0.313479532504079	11.6957496653063	FALSE
ridge314_primary	Factor3	1	TCGA-XP-A8T8	3	-0.141721993684769	-0.213993481405198	0.0722714877204293	10.6828539723861	FALSE
ridge314_primary	Factor3	1	TCGA-Z6-A8JD	2	0.0697099044919014	0.404309794299536	-0.334599889807634	11.6957496653063	FALSE
ridge314_primary	Factor3	1	TCGA-Z6-A8JE	1	-1.0555659532547	-0.151671349391154	-0.903894603863545	12.7306393071556	FALSE
ridge314_primary	Factor3	1	TCGA-Z6-A9VB	1	-0.622409760951996	-0.551068368304729	-0.0713413926472666	12.7306393071556	FALSE
ridge314_primary	Factor3	1	TCGA-Z6-AAPN	2	-0.0728011429309845	0.194679177335237	-0.267480320266222	11.6957496653063	FALSE
ridge314_primary	Factor3	2	TCGA-IG-A3I8	2	0.115762770175934	-0.088997119228409	0.204759889404343	8.91651396974403	FALSE
ridge314_primary	Factor3	2	TCGA-IG-A3QL	2	0.31697490811348	-0.251272037536775	0.568246945650255	8.91651396974403	FALSE
ridge314_primary	Factor3	2	TCGA-IG-A3YA	4	-0.74126535654068	-1.05264263555605	0.311377279015374	16.5093937986974	FALSE
ridge314_primary	Factor3	2	TCGA-IG-A3YB	3	-1.19830191135407	-0.64173093611286	-0.55657097524121	10.6900444227232	FALSE
ridge314_primary	Factor3	2	TCGA-IG-A3YC	5	-0.470650941133499	-0.385431742043601	-0.0852191990898979	11.3453607219353	FALSE
ridge314_primary	Factor3	2	TCGA-IG-A4P3	3	-1.35126984119415	-1.40002193582786	0.0487520946337074	10.6900444227232	FALSE
ridge314_primary	Factor3	2	TCGA-IG-A50L	5	0.829516172409058	0.783950351337085	0.0455658210719729	11.3453607219353	FALSE
ridge314_primary	Factor3	2	TCGA-IG-A51D	1	0.400122225284576	0.257640972019636	0.14248125326494	14.9275400430341	FALSE
ridge314_primary	Factor3	2	TCGA-IG-A5B8	2	0.946748554706573	0.48266652285253	0.464082031854044	8.91651396974403	FALSE
ridge314_primary	Factor3	2	TCGA-IG-A5S3	4	-1.59015285968781	-0.592463152449625	-0.997689707238185	16.5093937986974	FALSE
ridge314_primary	Factor3	2	TCGA-IG-A625	1	-1.36808097362518	-0.664547647110857	-0.703533326514323	14.9275400430341	FALSE
ridge314_primary	Factor3	2	TCGA-IG-A6QS	3	1.79084122180939	0.705464134690471	1.08537708711892	10.6900444227232	FALSE
ridge314_primary	Factor3	2	TCGA-IG-A8O2	5	-1.80665290355682	-0.690484551933072	-1.11616835162375	11.3453607219353	FALSE
ridge314_primary	Factor3	2	TCGA-IG-A97H	2	1.14828658103943	0.627105018013458	0.521181563025972	8.91651396974403	FALSE
ridge314_primary	Factor3	2	TCGA-IG-A97I	1	0.778580486774445	0.502996184083258	0.275584302691187	14.9275400430341	FALSE
ridge314_primary	Factor3	2	TCGA-JY-A6FD	5	0.203392699360847	0.59927283322413	-0.395880133863283	11.3453607219353	FALSE
ridge314_primary	Factor3	2	TCGA-JY-A6FE	5	0.0588032715022564	0.642282338608108	-0.583479067105852	11.3453607219353	FALSE
ridge314_primary	Factor3	2	TCGA-JY-A6FG	3	0.835813820362091	0.16084254666704	0.674971273695051	10.6900444227232	FALSE
ridge314_primary	Factor3	2	TCGA-JY-A93F	5	0.716243803501129	0.371334716063551	0.344909087437578	11.3453607219353	FALSE
ridge314_primary	Factor3	2	TCGA-KH-A6WC	2	-1.09358608722687	-1.06275733760367	-0.0308287496232036	8.91651396974403	FALSE
ridge314_primary	Factor3	2	TCGA-L5-A43J	4	0.964678287506104	0.688063816390224	0.27661447111588	16.5093937986974	FALSE
ridge314_primary	Factor3	2	TCGA-L5-A4OM	3	-0.743738412857056	-0.50046968472552	-0.243268728131536	10.6900444227232	FALSE
ridge314_primary	Factor3	2	TCGA-L5-A88S	5	0.522524893283844	0.94435656305927	-0.421831669775426	11.3453607219353	FALSE
ridge314_primary	Factor3	2	TCGA-L5-A88W	3	1.53448259830475	0.613781781291244	0.920700817013507	10.6900444227232	FALSE
ridge314_primary	Factor3	2	TCGA-L5-A88Z	1	-0.1108428388834	-0.193121785181625	0.0822789462982252	14.9275400430341	FALSE
ridge314_primary	Factor3	2	TCGA-L5-A8NK	4	-0.836946427822113	-0.525307673016474	-0.311638754805639	16.5093937986974	FALSE
ridge314_primary	Factor3	2	TCGA-L5-A8NQ	4	-0.843329191207886	-0.181383202452251	-0.661945988755635	16.5093937986974	FALSE
ridge314_primary	Factor3	2	TCGA-L7-A56G	1	-0.702840089797974	-0.242924714053677	-0.459915375744297	14.9275400430341	FALSE
ridge314_primary	Factor3	2	TCGA-LN-A49M	2	1.83668255805969	0.906928641099948	0.929753916959742	8.91651396974403	FALSE
ridge314_primary	Factor3	2	TCGA-LN-A49O	1	1.74763762950897	0.790974741396254	0.956662888112716	14.9275400430341	FALSE
ridge314_primary	Factor3	2	TCGA-LN-A49P	4	-0.922378957271576	-0.72629975745063	-0.196079199820946	16.5093937986974	FALSE
ridge314_primary	Factor3	2	TCGA-LN-A49S	1	-1.6580855846405	-0.643281270266055	-1.01480431437445	14.9275400430341	FALSE
ridge314_primary	Factor3	2	TCGA-LN-A49U	3	1.75135540962219	0.620392753950871	1.13096265567132	10.6900444227232	FALSE
ridge314_primary	Factor3	2	TCGA-LN-A49W	5	-0.175947621464729	-0.682717814385421	0.506770192920692	11.3453607219353	FALSE
ridge314_primary	Factor3	2	TCGA-LN-A49X	2	0.994174003601074	0.669080227674724	0.32509377592635	8.91651396974403	FALSE
ridge314_primary	Factor3	2	TCGA-LN-A49Y	1	-1.22085618972778	-0.11106468426593	-1.10979150546185	14.9275400430341	FALSE
ridge314_primary	Factor3	2	TCGA-LN-A4A1	1	1.53539943695068	1.05478391234146	0.480615524609218	14.9275400430341	FALSE
ridge314_primary	Factor3	2	TCGA-LN-A4A3	1	-0.141764670610428	0.396931068788645	-0.538695739399073	14.9275400430341	FALSE
ridge314_primary	Factor3	2	TCGA-LN-A4A4	5	0.275420069694519	0.376982220055861	-0.101562150361342	11.3453607219353	FALSE
ridge314_primary	Factor3	2	TCGA-LN-A4A5	2	-0.168166160583496	0.125222492129548	-0.293388652713044	8.91651396974403	FALSE
ridge314_primary	Factor3	2	TCGA-LN-A4A8	5	-0.979195892810822	-0.352025758183431	-0.627170134627391	11.3453607219353	FALSE
ridge314_primary	Factor3	2	TCGA-LN-A4A9	1	1.34573674201965	0.677263683344603	0.668473058675047	14.9275400430341	FALSE
ridge314_primary	Factor3	2	TCGA-LN-A4MQ	3	-0.989262342453003	-0.74357708208179	-0.245685260371213	10.6900444227232	FALSE
ridge314_primary	Factor3	2	TCGA-LN-A5U5	3	-1.18550705909729	-0.607469723797033	-0.578037335300257	10.6900444227232	FALSE
ridge314_primary	Factor3	2	TCGA-LN-A5U6	4	1.12891924381256	0.691079787671376	0.437839456141184	16.5093937986974	FALSE
ridge314_primary	Factor3	2	TCGA-LN-A5U7	4	1.3964010477066	0.479528168917502	0.916872878789098	16.5093937986974	FALSE
ridge314_primary	Factor3	2	TCGA-LN-A7HV	4	0.355938613414764	0.00718504839184147	0.348753565022923	16.5093937986974	FALSE
ridge314_primary	Factor3	2	TCGA-LN-A7HW	1	0.733534455299377	0.636864573759797	0.0966698815395804	14.9275400430341	FALSE
ridge314_primary	Factor3	2	TCGA-LN-A7HX	3	1.50342726707459	0.710116412077984	0.793310854996607	10.6900444227232	FALSE
ridge314_primary	Factor3	2	TCGA-LN-A7HY	5	-0.501575231552124	0.144393818703011	-0.645969050255135	11.3453607219353	FALSE
ridge314_primary	Factor3	2	TCGA-LN-A7HZ	2	-0.201339349150658	-0.724590425179567	0.523251076028909	8.91651396974403	FALSE
ridge314_primary	Factor3	2	TCGA-LN-A8HZ	5	-0.255193203687668	-0.1584792263045	-0.0967139773831682	11.3453607219353	FALSE
ridge314_primary	Factor3	2	TCGA-LN-A8I0	4	0.738435983657837	0.244382638903633	0.494053344754204	16.5093937986974	FALSE
ridge314_primary	Factor3	2	TCGA-LN-A8I1	3	-0.883404850959778	-0.28263274998162	-0.600772100978158	10.6900444227232	FALSE
ridge314_primary	Factor3	2	TCGA-LN-A9FO	1	-0.833663284778595	-0.548028939530059	-0.285634345248536	14.9275400430341	FALSE
ridge314_primary	Factor3	2	TCGA-LN-A9FP	1	-0.979387104511261	-0.353935081682423	-0.625452022828838	14.9275400430341	FALSE
ridge314_primary	Factor3	2	TCGA-LN-A9FQ	5	0.220510303974152	0.199452323609324	0.0210579803648283	11.3453607219353	FALSE
ridge314_primary	Factor3	2	TCGA-LN-A9FR	5	1.10569894313812	1.48066226803267	-0.374963324894555	11.3453607219353	FALSE
ridge314_primary	Factor3	2	TCGA-S8-A6BW	3	0.780785262584686	0.456264816138428	0.324520446446258	10.6900444227232	FALSE
ridge314_primary	Factor3	2	TCGA-V5-A7RC	2	-0.0385478101670742	0.552463692576902	-0.591011502743976	8.91651396974403	FALSE
ridge314_primary	Factor3	2	TCGA-V5-AASV	1	-0.244702532887459	-0.205314467540024	-0.0393880653474347	14.9275400430341	FALSE
ridge314_primary	Factor3	2	TCGA-VR-A8EO	4	-0.987205564975739	0.0133810107771209	-1.00058657575286	16.5093937986974	FALSE
ridge314_primary	Factor3	2	TCGA-VR-A8EP	2	-1.18380069732666	-0.907486566433754	-0.276314130892906	8.91651396974403	FALSE
ridge314_primary	Factor3	2	TCGA-VR-A8ER	3	-0.510153234004974	-0.392530420390367	-0.117622813614607	10.6900444227232	FALSE
ridge314_primary	Factor3	2	TCGA-VR-A8ET	5	-0.199732303619385	-0.0101407955722847	-0.1895915080471	11.3453607219353	FALSE
ridge314_primary	Factor3	2	TCGA-VR-A8EU	2	1.37956213951111	0.634641703212187	0.744920436298923	8.91651396974403	FALSE
ridge314_primary	Factor3	2	TCGA-VR-A8EW	3	-0.138556256890297	-0.224682452939006	0.0861261960487085	10.6900444227232	FALSE
ridge314_primary	Factor3	2	TCGA-VR-A8EX	4	-1.58354938030243	-1.10590358647241	-0.477645793830024	16.5093937986974	FALSE
ridge314_primary	Factor3	2	TCGA-VR-A8EY	2	0.985304713249207	0.542459528914371	0.442845184334836	8.91651396974403	FALSE
ridge314_primary	Factor3	2	TCGA-VR-A8EZ	1	-0.239988952875137	-0.146406904116827	-0.09358204875831	14.9275400430341	FALSE
ridge314_primary	Factor3	2	TCGA-VR-AA4G	4	0.70863276720047	0.394587913768174	0.314044853432296	16.5093937986974	FALSE
ridge314_primary	Factor3	2	TCGA-VR-AA7I	2	0.97487473487854	0.542038794780454	0.432835940098087	8.91651396974403	FALSE
ridge314_primary	Factor3	2	TCGA-XP-A8T6	3	-0.733712792396545	-0.488507369218349	-0.245205423178196	10.6900444227232	FALSE
ridge314_primary	Factor3	2	TCGA-XP-A8T8	2	-0.141721993684769	-0.160864754027221	0.0191427603424522	8.91651396974403	FALSE
ridge314_primary	Factor3	2	TCGA-Z6-A8JD	4	0.0697099044919014	0.353252148674975	-0.283542244183074	16.5093937986974	FALSE
ridge314_primary	Factor3	2	TCGA-Z6-A8JE	3	-1.0555659532547	-0.23486129023155	-0.82070466302315	10.6900444227232	FALSE
ridge314_primary	Factor3	2	TCGA-Z6-A9VB	2	-0.622409760951996	-0.709010917340089	0.0866011563880932	8.91651396974403	FALSE
ridge314_primary	Factor3	2	TCGA-Z6-AAPN	4	-0.0728011429309845	0.184127784204646	-0.25692892713563	16.5093937986974	FALSE
ridge314_primary	Factor3	3	TCGA-IG-A3I8	2	0.115762770175934	-0.0118488411940215	0.127611611369956	11.6453354141048	FALSE
ridge314_primary	Factor3	3	TCGA-IG-A3QL	3	0.31697490811348	-0.173166809629893	0.490141717743373	10.1725247506452	FALSE
ridge314_primary	Factor3	3	TCGA-IG-A3YA	3	-0.74126535654068	-1.37626832618993	0.635002969649254	10.1725247506452	FALSE
ridge314_primary	Factor3	3	TCGA-IG-A3YB	3	-1.19830191135407	-0.773080988735767	-0.425220922618303	10.1725247506452	FALSE
ridge314_primary	Factor3	3	TCGA-IG-A3YC	3	-0.470650941133499	-0.48569455236394	0.0150436112304405	10.1725247506452	FALSE
ridge314_primary	Factor3	3	TCGA-IG-A4P3	4	-1.35126984119415	-1.58278345817185	0.231513616977703	9.16101767650339	FALSE
ridge314_primary	Factor3	3	TCGA-IG-A50L	4	0.829516172409058	0.651761050636357	0.177755121772701	9.16101767650339	FALSE
ridge314_primary	Factor3	3	TCGA-IG-A51D	2	0.400122225284576	0.327718646640897	0.0724035786436792	11.6453354141048	FALSE
ridge314_primary	Factor3	3	TCGA-IG-A5B8	4	0.946748554706573	0.506944944589368	0.439803610117205	9.16101767650339	FALSE
ridge314_primary	Factor3	3	TCGA-IG-A5S3	5	-1.59015285968781	-0.596868780135617	-0.993284079552194	10.6751527847455	FALSE
ridge314_primary	Factor3	3	TCGA-IG-A625	1	-1.36808097362518	-0.787400472039186	-0.580680501585994	9.8916763551177	FALSE
ridge314_primary	Factor3	3	TCGA-IG-A6QS	4	1.79084122180939	0.76735942576485	1.02348179604454	9.16101767650339	FALSE
ridge314_primary	Factor3	3	TCGA-IG-A8O2	4	-1.80665290355682	-0.687612260098665	-1.11904064345815	9.16101767650339	FALSE
ridge314_primary	Factor3	3	TCGA-IG-A97H	5	1.14828658103943	0.76204959985739	0.38623698118204	10.6751527847455	FALSE
ridge314_primary	Factor3	3	TCGA-IG-A97I	3	0.778580486774445	0.568745003388344	0.209835483386101	10.1725247506452	FALSE
ridge314_primary	Factor3	3	TCGA-JY-A6FD	1	0.203392699360847	0.56504295887278	-0.361650259511933	9.8916763551177	FALSE
ridge314_primary	Factor3	3	TCGA-JY-A6FE	5	0.0588032715022564	0.588713029666959	-0.529909758164703	10.6751527847455	FALSE
ridge314_primary	Factor3	3	TCGA-JY-A6FG	2	0.835813820362091	0.389299981940431	0.44651383842166	11.6453354141048	FALSE
ridge314_primary	Factor3	3	TCGA-JY-A93F	5	0.716243803501129	0.338041980562672	0.378201822938458	10.6751527847455	FALSE
ridge314_primary	Factor3	3	TCGA-KH-A6WC	2	-1.09358608722687	-1.26721143793182	0.173625350704951	11.6453354141048	FALSE
ridge314_primary	Factor3	3	TCGA-L5-A43J	2	0.964678287506104	0.675141203769437	0.289537083736667	11.6453354141048	FALSE
ridge314_primary	Factor3	3	TCGA-L5-A4OM	3	-0.743738412857056	-0.57890222419726	-0.164836188659796	10.1725247506452	FALSE
ridge314_primary	Factor3	3	TCGA-L5-A88S	2	0.522524893283844	0.823812316511253	-0.301287423227409	11.6453354141048	FALSE
ridge314_primary	Factor3	3	TCGA-L5-A88W	3	1.53448259830475	0.727647945668815	0.806834652635935	10.1725247506452	FALSE
ridge314_primary	Factor3	3	TCGA-L5-A88Z	2	-0.1108428388834	-0.253190824484636	0.142347985601236	11.6453354141048	FALSE
ridge314_primary	Factor3	3	TCGA-L5-A8NK	2	-0.836946427822113	-0.851856219851886	0.0149097920297725	11.6453354141048	FALSE
ridge314_primary	Factor3	3	TCGA-L5-A8NQ	2	-0.843329191207886	-0.268489780967162	-0.574839410240724	11.6453354141048	FALSE
ridge314_primary	Factor3	3	TCGA-L7-A56G	2	-0.702840089797974	-0.399300947721461	-0.303539142076513	11.6453354141048	FALSE
ridge314_primary	Factor3	3	TCGA-LN-A49M	4	1.83668255805969	0.832996183896722	1.00368637416297	9.16101767650339	FALSE
ridge314_primary	Factor3	3	TCGA-LN-A49O	3	1.74763762950897	0.871173658004208	0.876463971504762	10.1725247506452	FALSE
ridge314_primary	Factor3	3	TCGA-LN-A49P	1	-0.922378957271576	-0.71527819028604	-0.207100766985536	9.8916763551177	FALSE
ridge314_primary	Factor3	3	TCGA-LN-A49S	2	-1.6580855846405	-0.813751016962243	-0.844334567678257	11.6453354141048	FALSE
ridge314_primary	Factor3	3	TCGA-LN-A49U	1	1.75135540962219	0.554096331991384	1.19725907763081	9.8916763551177	FALSE
ridge314_primary	Factor3	3	TCGA-LN-A49W	3	-0.175947621464729	-0.836009630785365	0.660062009320636	10.1725247506452	FALSE
ridge314_primary	Factor3	3	TCGA-LN-A49X	5	0.994174003601074	0.708874570046051	0.285299433555023	10.6751527847455	FALSE
ridge314_primary	Factor3	3	TCGA-LN-A49Y	4	-1.22085618972778	-0.213307349920876	-1.0075488398069	9.16101767650339	FALSE
ridge314_primary	Factor3	3	TCGA-LN-A4A1	1	1.53539943695068	1.19548661382265	0.339912823128034	9.8916763551177	FALSE
ridge314_primary	Factor3	3	TCGA-LN-A4A3	1	-0.141764670610428	0.37654784421984	-0.518312514830268	9.8916763551177	FALSE
ridge314_primary	Factor3	3	TCGA-LN-A4A4	4	0.275420069694519	0.323764793880027	-0.0483447241855084	9.16101767650339	FALSE
ridge314_primary	Factor3	3	TCGA-LN-A4A5	4	-0.168166160583496	0.103566210436315	-0.271732371019811	9.16101767650339	FALSE
ridge314_primary	Factor3	3	TCGA-LN-A4A8	1	-0.979195892810822	-0.392246483796387	-0.586949409014436	9.8916763551177	FALSE
ridge314_primary	Factor3	3	TCGA-LN-A4A9	2	1.34573674201965	0.949283036789704	0.396453705229946	11.6453354141048	FALSE
ridge314_primary	Factor3	3	TCGA-LN-A4MQ	2	-0.989262342453003	-0.879232362221443	-0.11002998023156	11.6453354141048	FALSE
ridge314_primary	Factor3	3	TCGA-LN-A5U5	2	-1.18550705909729	-1.26376526212938	0.0782582030320904	11.6453354141048	FALSE
ridge314_primary	Factor3	3	TCGA-LN-A5U6	1	1.12891924381256	0.787389976275561	0.341529267536999	9.8916763551177	FALSE
ridge314_primary	Factor3	3	TCGA-LN-A5U7	1	1.3964010477066	0.517735508230673	0.878665539475927	9.8916763551177	FALSE
ridge314_primary	Factor3	3	TCGA-LN-A7HV	1	0.355938613414764	-0.00201958680512119	0.357958200219885	9.8916763551177	FALSE
ridge314_primary	Factor3	3	TCGA-LN-A7HW	1	0.733534455299377	0.495524082237365	0.238010373062012	9.8916763551177	FALSE
ridge314_primary	Factor3	3	TCGA-LN-A7HX	4	1.50342726707459	0.720100590732727	0.783326676341863	9.16101767650339	FALSE
ridge314_primary	Factor3	3	TCGA-LN-A7HY	2	-0.501575231552124	0.117236838329685	-0.61881206988181	11.6453354141048	FALSE
ridge314_primary	Factor3	3	TCGA-LN-A7HZ	5	-0.201339349150658	-0.636130034335601	0.434790685184943	10.6751527847455	FALSE
ridge314_primary	Factor3	3	TCGA-LN-A8HZ	5	-0.255193203687668	-0.129250564492563	-0.125942639195105	10.6751527847455	FALSE
ridge314_primary	Factor3	3	TCGA-LN-A8I0	3	0.738435983657837	0.285971302541041	0.452464681116796	10.1725247506452	FALSE
ridge314_primary	Factor3	3	TCGA-LN-A8I1	1	-0.883404850959778	-0.218195675022348	-0.66520917593743	9.8916763551177	FALSE
ridge314_primary	Factor3	3	TCGA-LN-A9FO	4	-0.833663284778595	-0.558869658326437	-0.274793626452158	9.16101767650339	FALSE
ridge314_primary	Factor3	3	TCGA-LN-A9FP	3	-0.979387104511261	-0.564889485402776	-0.414497619108485	10.1725247506452	FALSE
ridge314_primary	Factor3	3	TCGA-LN-A9FQ	5	0.220510303974152	0.0805806291329261	0.139929674841226	10.6751527847455	FALSE
ridge314_primary	Factor3	3	TCGA-LN-A9FR	1	1.10569894313812	1.18857710698735	-0.0828781638492289	9.8916763551177	FALSE
ridge314_primary	Factor3	3	TCGA-S8-A6BW	1	0.780785262584686	0.409292157111444	0.371493105473242	9.8916763551177	FALSE
ridge314_primary	Factor3	3	TCGA-V5-A7RC	4	-0.0385478101670742	0.3007759208646	-0.339323731031674	9.16101767650339	FALSE
ridge314_primary	Factor3	3	TCGA-V5-AASV	5	-0.244702532887459	-0.20900551844217	-0.0356970144452893	10.6751527847455	FALSE
ridge314_primary	Factor3	3	TCGA-VR-A8EO	5	-0.987205564975739	0.0825700143754395	-1.06977557935118	10.6751527847455	FALSE
ridge314_primary	Factor3	3	TCGA-VR-A8EP	5	-1.18380069732666	-0.808165640963716	-0.375635056362944	10.6751527847455	FALSE
ridge314_primary	Factor3	3	TCGA-VR-A8ER	1	-0.510153234004974	-0.381283552732297	-0.128869681272677	9.8916763551177	FALSE
ridge314_primary	Factor3	3	TCGA-VR-A8ET	3	-0.199732303619385	0.0486880625079099	-0.248420366127295	10.1725247506452	FALSE
ridge314_primary	Factor3	3	TCGA-VR-A8EU	3	1.37956213951111	0.656796109966047	0.722766029545063	10.1725247506452	FALSE
ridge314_primary	Factor3	3	TCGA-VR-A8EW	4	-0.138556256890297	-0.192342786336564	0.0537865294462674	9.16101767650339	FALSE
ridge314_primary	Factor3	3	TCGA-VR-A8EX	3	-1.58354938030243	-1.29187404374642	-0.291675336556012	10.1725247506452	FALSE
ridge314_primary	Factor3	3	TCGA-VR-A8EY	5	0.985304713249207	0.64758462964405	0.337720083605157	10.6751527847455	FALSE
ridge314_primary	Factor3	3	TCGA-VR-A8EZ	5	-0.239988952875137	-0.175311714687541	-0.0646772381875959	10.6751527847455	FALSE
ridge314_primary	Factor3	3	TCGA-VR-AA4G	4	0.70863276720047	0.484095829009694	0.224536938190776	9.16101767650339	FALSE
ridge314_primary	Factor3	3	TCGA-VR-AA7I	5	0.97487473487854	0.524310040128897	0.450564694749644	10.6751527847455	FALSE
ridge314_primary	Factor3	3	TCGA-XP-A8T6	5	-0.733712792396545	-0.435742079531076	-0.297970712865469	10.6751527847455	FALSE
ridge314_primary	Factor3	3	TCGA-XP-A8T8	1	-0.141721993684769	-0.0781146892262877	-0.0636073044584813	9.8916763551177	FALSE
ridge314_primary	Factor3	3	TCGA-Z6-A8JD	2	0.0697099044919014	0.538508525155507	-0.468798620663605	11.6453354141048	FALSE
ridge314_primary	Factor3	3	TCGA-Z6-A8JE	3	-1.0555659532547	-0.271777989942181	-0.783787963312518	10.1725247506452	FALSE
ridge314_primary	Factor3	3	TCGA-Z6-A9VB	3	-0.622409760951996	-0.676305845071529	0.0538960841195326	10.1725247506452	FALSE
ridge314_primary	Factor3	3	TCGA-Z6-AAPN	4	-0.0728011429309845	0.150624454830062	-0.223425597761047	9.16101767650339	FALSE
ridge314_primary	Factor3	4	TCGA-IG-A3I8	3	0.115762770175934	-0.0380260858368471	0.153788856012781	9.27119312463419	FALSE
ridge314_primary	Factor3	4	TCGA-IG-A3QL	4	0.31697490811348	-0.132498920692861	0.449473828806341	12.9193309176279	FALSE
ridge314_primary	Factor3	4	TCGA-IG-A3YA	3	-0.74126535654068	-1.25093788836861	0.509672531827932	9.27119312463419	FALSE
ridge314_primary	Factor3	4	TCGA-IG-A3YB	3	-1.19830191135407	-0.810257437399969	-0.388044473954101	9.27119312463419	FALSE
ridge314_primary	Factor3	4	TCGA-IG-A3YC	2	-0.470650941133499	-0.462936644877798	-0.00771429625570091	12.3089059728966	FALSE
ridge314_primary	Factor3	4	TCGA-IG-A4P3	5	-1.35126984119415	-1.65357835253032	0.302308511336169	8.14358956605408	FALSE
ridge314_primary	Factor3	4	TCGA-IG-A50L	5	0.829516172409058	0.7137749216042	0.115741250804858	8.14358956605408	FALSE
ridge314_primary	Factor3	4	TCGA-IG-A51D	4	0.400122225284576	0.365376637643851	0.0347455876407252	12.9193309176279	FALSE
ridge314_primary	Factor3	4	TCGA-IG-A5B8	3	0.946748554706573	0.636844898206559	0.309903656500014	9.27119312463419	FALSE
ridge314_primary	Factor3	4	TCGA-IG-A5S3	1	-1.59015285968781	-0.633833171746101	-0.956319687941709	11.7099920106035	FALSE
ridge314_primary	Factor3	4	TCGA-IG-A625	4	-1.36808097362518	-0.741785683826934	-0.626295289798246	12.9193309176279	FALSE
ridge314_primary	Factor3	4	TCGA-IG-A6QS	1	1.79084122180939	0.531889629264465	1.25895159254493	11.7099920106035	FALSE
ridge314_primary	Factor3	4	TCGA-IG-A8O2	2	-1.80665290355682	-0.644110651492517	-1.1625422520643	12.3089059728966	FALSE
ridge314_primary	Factor3	4	TCGA-IG-A97H	1	1.14828658103943	0.553486887196867	0.594799693842563	11.7099920106035	FALSE
ridge314_primary	Factor3	4	TCGA-IG-A97I	1	0.778580486774445	0.359397023775175	0.41918346299927	11.7099920106035	FALSE
ridge314_primary	Factor3	4	TCGA-JY-A6FD	4	0.203392699360847	0.639327926237921	-0.435935226877074	12.9193309176279	FALSE
ridge314_primary	Factor3	4	TCGA-JY-A6FE	2	0.0588032715022564	0.539448036086691	-0.480644764584434	12.3089059728966	FALSE
ridge314_primary	Factor3	4	TCGA-JY-A6FG	4	0.835813820362091	0.300853245207198	0.534960575154893	12.9193309176279	FALSE
ridge314_primary	Factor3	4	TCGA-JY-A93F	2	0.716243803501129	0.389260227700962	0.326983575800167	12.3089059728966	FALSE
ridge314_primary	Factor3	4	TCGA-KH-A6WC	5	-1.09358608722687	-1.0909426822939	-0.00264340493296955	8.14358956605408	FALSE
ridge314_primary	Factor3	4	TCGA-L5-A43J	3	0.964678287506104	0.583875746052399	0.380802541453705	9.27119312463419	FALSE
ridge314_primary	Factor3	4	TCGA-L5-A4OM	1	-0.743738412857056	-0.473661571432927	-0.270076841424129	11.7099920106035	FALSE
ridge314_primary	Factor3	4	TCGA-L5-A88S	4	0.522524893283844	0.839913249192512	-0.317388355908668	12.9193309176279	FALSE
ridge314_primary	Factor3	4	TCGA-L5-A88W	1	1.53448259830475	0.501943619767701	1.03253897853705	11.7099920106035	FALSE
ridge314_primary	Factor3	4	TCGA-L5-A88Z	3	-0.1108428388834	-0.316749848866042	0.205907009982642	9.27119312463419	FALSE
ridge314_primary	Factor3	4	TCGA-L5-A8NK	2	-0.836946427822113	-0.64614443061986	-0.190801997202253	12.3089059728966	FALSE
ridge314_primary	Factor3	4	TCGA-L5-A8NQ	4	-0.843329191207886	-0.161469742492338	-0.681859448715548	12.9193309176279	FALSE
ridge314_primary	Factor3	4	TCGA-L7-A56G	2	-0.702840089797974	-0.36536102803385	-0.337479061764124	12.3089059728966	FALSE
ridge314_primary	Factor3	4	TCGA-LN-A49M	1	1.83668255805969	0.672885238905394	1.1637973191543	11.7099920106035	FALSE
ridge314_primary	Factor3	4	TCGA-LN-A49O	5	1.74763762950897	0.885396502209127	0.862241127299843	8.14358956605408	FALSE
ridge314_primary	Factor3	4	TCGA-LN-A49P	3	-0.922378957271576	-0.829860280828378	-0.0925186764431977	9.27119312463419	FALSE
ridge314_primary	Factor3	4	TCGA-LN-A49S	4	-1.6580855846405	-0.720963777477709	-0.937121807162791	12.9193309176279	FALSE
ridge314_primary	Factor3	4	TCGA-LN-A49U	2	1.75135540962219	0.630874220348275	1.12048118927392	12.3089059728966	FALSE
ridge314_primary	Factor3	4	TCGA-LN-A49W	2	-0.175947621464729	-0.762129522070394	0.586181900605665	12.3089059728966	FALSE
ridge314_primary	Factor3	4	TCGA-LN-A49X	5	0.994174003601074	0.678942965186587	0.315231038414487	8.14358956605408	FALSE
ridge314_primary	Factor3	4	TCGA-LN-A49Y	5	-1.22085618972778	-0.211893542936036	-1.00896264679174	8.14358956605408	FALSE
ridge314_primary	Factor3	4	TCGA-LN-A4A1	5	1.53539943695068	1.23485173147939	0.300547705471289	8.14358956605408	FALSE
ridge314_primary	Factor3	4	TCGA-LN-A4A3	1	-0.141764670610428	0.330315905982827	-0.472080576593255	11.7099920106035	FALSE
ridge314_primary	Factor3	4	TCGA-LN-A4A4	4	0.275420069694519	0.335134205293791	-0.0597141355992715	12.9193309176279	FALSE
ridge314_primary	Factor3	4	TCGA-LN-A4A5	3	-0.168166160583496	0.17509806582852	-0.343264226412016	9.27119312463419	FALSE
ridge314_primary	Factor3	4	TCGA-LN-A4A8	4	-0.979195892810822	-0.256895683170711	-0.722300209640111	12.9193309176279	FALSE
ridge314_primary	Factor3	4	TCGA-LN-A4A9	2	1.34573674201965	0.795869543696084	0.549867198323566	12.3089059728966	FALSE
ridge314_primary	Factor3	4	TCGA-LN-A4MQ	3	-0.989262342453003	-0.895518769413848	-0.0937435730391547	9.27119312463419	FALSE
ridge314_primary	Factor3	4	TCGA-LN-A5U5	3	-1.18550705909729	-1.47383434500969	0.288327285912404	9.27119312463419	FALSE
ridge314_primary	Factor3	4	TCGA-LN-A5U6	1	1.12891924381256	0.658058737159422	0.470860506653138	11.7099920106035	FALSE
ridge314_primary	Factor3	4	TCGA-LN-A5U7	3	1.3964010477066	0.516849043028356	0.879552004678244	9.27119312463419	FALSE
ridge314_primary	Factor3	4	TCGA-LN-A7HV	5	0.355938613414764	-0.0114304614353308	0.367369074850095	8.14358956605408	FALSE
ridge314_primary	Factor3	4	TCGA-LN-A7HW	2	0.733534455299377	0.592727955625938	0.140806499673439	12.3089059728966	FALSE
ridge314_primary	Factor3	4	TCGA-LN-A7HX	1	1.50342726707459	0.615746029794839	0.887681237279752	11.7099920106035	FALSE
ridge314_primary	Factor3	4	TCGA-LN-A7HY	2	-0.501575231552124	0.0187053897020744	-0.520280621254198	12.3089059728966	FALSE
ridge314_primary	Factor3	4	TCGA-LN-A7HZ	1	-0.201339349150658	-0.688146364786281	0.486807015635623	11.7099920106035	FALSE
ridge314_primary	Factor3	4	TCGA-LN-A8HZ	2	-0.255193203687668	-0.150176589975279	-0.105016613712389	12.3089059728966	FALSE
ridge314_primary	Factor3	4	TCGA-LN-A8I0	1	0.738435983657837	0.0992996093928255	0.639136374265012	11.7099920106035	FALSE
ridge314_primary	Factor3	4	TCGA-LN-A8I1	5	-0.883404850959778	-0.209289200789917	-0.674115650169862	8.14358956605408	FALSE
ridge314_primary	Factor3	4	TCGA-LN-A9FO	1	-0.833663284778595	-0.635416920712578	-0.198246364066017	11.7099920106035	FALSE
ridge314_primary	Factor3	4	TCGA-LN-A9FP	4	-0.979387104511261	-0.333400960923171	-0.645986143588091	12.9193309176279	FALSE
ridge314_primary	Factor3	4	TCGA-LN-A9FQ	2	0.220510303974152	0.0811267259387785	0.139383578035374	12.3089059728966	FALSE
ridge314_primary	Factor3	4	TCGA-LN-A9FR	5	1.10569894313812	1.29837133336689	-0.192672390228766	8.14358956605408	FALSE
ridge314_primary	Factor3	4	TCGA-S8-A6BW	1	0.780785262584686	0.425642733237211	0.355142529347475	11.7099920106035	FALSE
ridge314_primary	Factor3	4	TCGA-V5-A7RC	4	-0.0385478101670742	0.271885135130126	-0.3104329452972	12.9193309176279	FALSE
ridge314_primary	Factor3	4	TCGA-V5-AASV	5	-0.244702532887459	-0.239911372916027	-0.0047911599714317	8.14358956605408	FALSE
ridge314_primary	Factor3	4	TCGA-VR-A8EO	4	-0.987205564975739	-0.0714168689416076	-0.915788696034131	12.9193309176279	FALSE
ridge314_primary	Factor3	4	TCGA-VR-A8EP	3	-1.18380069732666	-0.901473376323703	-0.282327321002957	9.27119312463419	FALSE
ridge314_primary	Factor3	4	TCGA-VR-A8ER	2	-0.510153234004974	-0.416700841146801	-0.0934523928581731	12.3089059728966	FALSE
ridge314_primary	Factor3	4	TCGA-VR-A8ET	3	-0.199732303619385	0.0673532653754435	-0.267085568994828	9.27119312463419	FALSE
ridge314_primary	Factor3	4	TCGA-VR-A8EU	3	1.37956213951111	0.722478739743518	0.657083399767592	9.27119312463419	FALSE
ridge314_primary	Factor3	4	TCGA-VR-A8EW	4	-0.138556256890297	-0.143426072336756	0.0048698154464589	12.9193309176279	FALSE
ridge314_primary	Factor3	4	TCGA-VR-A8EX	4	-1.58354938030243	-1.09811581754915	-0.485433562753284	12.9193309176279	FALSE
ridge314_primary	Factor3	4	TCGA-VR-A8EY	5	0.985304713249207	0.62006300100747	0.365241712241737	8.14358956605408	FALSE
ridge314_primary	Factor3	4	TCGA-VR-A8EZ	3	-0.239988952875137	-0.152990028009786	-0.0869989248653514	9.27119312463419	FALSE
ridge314_primary	Factor3	4	TCGA-VR-AA4G	5	0.70863276720047	0.499635595482783	0.208997171717687	8.14358956605408	FALSE
ridge314_primary	Factor3	4	TCGA-VR-AA7I	1	0.97487473487854	0.354462856365648	0.620411878512893	11.7099920106035	FALSE
ridge314_primary	Factor3	4	TCGA-XP-A8T6	1	-0.733712792396545	-0.471792554165518	-0.261920238231027	11.7099920106035	FALSE
ridge314_primary	Factor3	4	TCGA-XP-A8T8	2	-0.141721993684769	-0.0221990339627156	-0.119522959722053	12.3089059728966	FALSE
ridge314_primary	Factor3	4	TCGA-Z6-A8JD	2	0.0697099044919014	0.385466818911584	-0.315756914419683	12.3089059728966	FALSE
ridge314_primary	Factor3	4	TCGA-Z6-A8JE	3	-1.0555659532547	-0.232934354215694	-0.822631599039006	9.27119312463419	FALSE
ridge314_primary	Factor3	4	TCGA-Z6-A9VB	5	-0.622409760951996	-0.656782455672069	0.0343726947200734	8.14358956605408	FALSE
ridge314_primary	Factor3	4	TCGA-Z6-AAPN	5	-0.0728011429309845	0.198145088475954	-0.270946231406938	8.14358956605408	FALSE
ridge314_primary	Factor3	5	TCGA-IG-A3I8	2	0.115762770175934	0.0862942102920091	0.0294685598839249	12.5380709951109	FALSE
ridge314_primary	Factor3	5	TCGA-IG-A3QL	1	0.31697490811348	-0.183671276461882	0.500646184575362	11.896221098748	FALSE
ridge314_primary	Factor3	5	TCGA-IG-A3YA	2	-0.74126535654068	-1.22650862464945	0.485243268108774	12.5380709951109	FALSE
ridge314_primary	Factor3	5	TCGA-IG-A3YB	5	-1.19830191135407	-0.583910249453629	-0.614391661900441	12.2822961785605	FALSE
ridge314_primary	Factor3	5	TCGA-IG-A3YC	3	-0.470650941133499	-0.451670475620514	-0.0189804655129849	13.9462276870214	FALSE
ridge314_primary	Factor3	5	TCGA-IG-A4P3	1	-1.35126984119415	-1.48346914937616	0.132199308182015	11.896221098748	FALSE
ridge314_primary	Factor3	5	TCGA-IG-A50L	4	0.829516172409058	0.55975802071943	0.269758151689628	9.55585367494756	FALSE
ridge314_primary	Factor3	5	TCGA-IG-A51D	1	0.400122225284576	0.255659031757861	0.144463193526715	11.896221098748	FALSE
ridge314_primary	Factor3	5	TCGA-IG-A5B8	5	0.946748554706573	0.531443725332943	0.41530482937363	12.2822961785605	FALSE
ridge314_primary	Factor3	5	TCGA-IG-A5S3	3	-1.59015285968781	-0.666741018101949	-0.923411841585861	13.9462276870214	FALSE
ridge314_primary	Factor3	5	TCGA-IG-A625	5	-1.36808097362518	-0.666265663465305	-0.701815310159875	12.2822961785605	FALSE
ridge314_primary	Factor3	5	TCGA-IG-A6QS	1	1.79084122180939	0.681405921251342	1.10943530055805	11.896221098748	FALSE
ridge314_primary	Factor3	5	TCGA-IG-A8O2	5	-1.80665290355682	-0.613753285044894	-1.19289961851193	12.2822961785605	FALSE
ridge314_primary	Factor3	5	TCGA-IG-A97H	4	1.14828658103943	0.621525037173477	0.526761543865954	9.55585367494756	FALSE
ridge314_primary	Factor3	5	TCGA-IG-A97I	1	0.778580486774445	0.44485651902158	0.333723967752865	11.896221098748	FALSE
ridge314_primary	Factor3	5	TCGA-JY-A6FD	3	0.203392699360847	0.497782007282479	-0.294389307921632	13.9462276870214	FALSE
ridge314_primary	Factor3	5	TCGA-JY-A6FE	3	0.0588032715022564	0.535657500012729	-0.476854228510472	13.9462276870214	FALSE
ridge314_primary	Factor3	5	TCGA-JY-A6FG	4	0.835813820362091	0.27614044294644	0.559673377415651	9.55585367494756	FALSE
ridge314_primary	Factor3	5	TCGA-JY-A93F	1	0.716243803501129	0.279618302307334	0.436625501193795	11.896221098748	FALSE
ridge314_primary	Factor3	5	TCGA-KH-A6WC	1	-1.09358608722687	-1.05440418879001	-0.0391818984368604	11.896221098748	FALSE
ridge314_primary	Factor3	5	TCGA-L5-A43J	3	0.964678287506104	0.618431263989651	0.346247023516453	13.9462276870214	FALSE
ridge314_primary	Factor3	5	TCGA-L5-A4OM	3	-0.743738412857056	-0.441109683015117	-0.302628729841939	13.9462276870214	FALSE
ridge314_primary	Factor3	5	TCGA-L5-A88S	5	0.522524893283844	0.732499941538549	-0.209975048254705	12.2822961785605	FALSE
ridge314_primary	Factor3	5	TCGA-L5-A88W	2	1.53448259830475	0.749174750814212	0.785307847490538	12.5380709951109	FALSE
ridge314_primary	Factor3	5	TCGA-L5-A88Z	1	-0.1108428388834	-0.360654015316165	0.249811176432764	11.896221098748	FALSE
ridge314_primary	Factor3	5	TCGA-L5-A8NK	2	-0.836946427822113	-0.563165376316574	-0.273781051505539	12.5380709951109	FALSE
ridge314_primary	Factor3	5	TCGA-L5-A8NQ	2	-0.843329191207886	-0.200582921109182	-0.642746270098704	12.5380709951109	FALSE
ridge314_primary	Factor3	5	TCGA-L7-A56G	3	-0.702840089797974	-0.259885092195913	-0.442954997602061	13.9462276870214	FALSE
ridge314_primary	Factor3	5	TCGA-LN-A49M	5	1.83668255805969	0.843549692743535	0.993132865316155	12.2822961785605	FALSE
ridge314_primary	Factor3	5	TCGA-LN-A49O	4	1.74763762950897	0.859117648096864	0.888519981412106	9.55585367494756	FALSE
ridge314_primary	Factor3	5	TCGA-LN-A49P	1	-0.922378957271576	-0.778999316760307	-0.143379640511269	11.896221098748	FALSE
ridge314_primary	Factor3	5	TCGA-LN-A49S	5	-1.6580855846405	-0.700348294210305	-0.957737290430195	12.2822961785605	FALSE
ridge314_primary	Factor3	5	TCGA-LN-A49U	4	1.75135540962219	0.602146881174238	1.14920852844795	9.55585367494756	FALSE
ridge314_primary	Factor3	5	TCGA-LN-A49W	4	-0.175947621464729	-0.857915185090809	0.68196756362608	9.55585367494756	FALSE
ridge314_primary	Factor3	5	TCGA-LN-A49X	3	0.994174003601074	0.66667966735994	0.327494336241135	13.9462276870214	FALSE
ridge314_primary	Factor3	5	TCGA-LN-A49Y	2	-1.22085618972778	-0.125579184163807	-1.09527700556397	12.5380709951109	FALSE
ridge314_primary	Factor3	5	TCGA-LN-A4A1	1	1.53539943695068	1.08104225464715	0.45435718230353	11.896221098748	FALSE
ridge314_primary	Factor3	5	TCGA-LN-A4A3	2	-0.141764670610428	0.447783130956543	-0.589547801566971	12.5380709951109	FALSE
ridge314_primary	Factor3	5	TCGA-LN-A4A4	5	0.275420069694519	0.307481826300624	-0.0320617566061054	12.2822961785605	FALSE
ridge314_primary	Factor3	5	TCGA-LN-A4A5	2	-0.168166160583496	0.257720118959149	-0.425886279542645	12.5380709951109	FALSE
ridge314_primary	Factor3	5	TCGA-LN-A4A8	3	-0.979195892810822	-0.35672859310547	-0.622467299705352	13.9462276870214	FALSE
ridge314_primary	Factor3	5	TCGA-LN-A4A9	3	1.34573674201965	0.80910749205038	0.53662924996927	13.9462276870214	FALSE
ridge314_primary	Factor3	5	TCGA-LN-A4MQ	4	-0.989262342453003	-0.843535481599779	-0.145726860853225	9.55585367494756	FALSE
ridge314_primary	Factor3	5	TCGA-LN-A5U5	3	-1.18550705909729	-1.23434977951004	0.0488427204127546	13.9462276870214	FALSE
ridge314_primary	Factor3	5	TCGA-LN-A5U6	1	1.12891924381256	0.753572779154172	0.375346464658388	11.896221098748	FALSE
ridge314_primary	Factor3	5	TCGA-LN-A5U7	3	1.3964010477066	0.478353836297319	0.918047211409282	13.9462276870214	FALSE
ridge314_primary	Factor3	5	TCGA-LN-A7HV	5	0.355938613414764	0.0121680932302851	0.343770520184479	12.2822961785605	FALSE
ridge314_primary	Factor3	5	TCGA-LN-A7HW	3	0.733534455299377	0.644479634993835	0.0890548203055421	13.9462276870214	FALSE
ridge314_primary	Factor3	5	TCGA-LN-A7HX	4	1.50342726707459	0.711057104163891	0.792370162910699	9.55585367494756	FALSE
ridge314_primary	Factor3	5	TCGA-LN-A7HY	2	-0.501575231552124	0.264723478862304	-0.766298710414429	12.5380709951109	FALSE
ridge314_primary	Factor3	5	TCGA-LN-A7HZ	5	-0.201339349150658	-0.488435324544533	0.287095975393875	12.2822961785605	FALSE
ridge314_primary	Factor3	5	TCGA-LN-A8HZ	3	-0.255193203687668	-0.173201180819221	-0.0819920228684474	13.9462276870214	FALSE
ridge314_primary	Factor3	5	TCGA-LN-A8I0	1	0.738435983657837	0.198854350052714	0.539581633605124	11.896221098748	FALSE
ridge314_primary	Factor3	5	TCGA-LN-A8I1	2	-0.883404850959778	-0.186634486926569	-0.696770364033209	12.5380709951109	FALSE
ridge314_primary	Factor3	5	TCGA-LN-A9FO	4	-0.833663284778595	-0.729329350211534	-0.104333934567061	9.55585367494756	FALSE
ridge314_primary	Factor3	5	TCGA-LN-A9FP	1	-0.979387104511261	-0.313278247333165	-0.666108857178096	11.896221098748	FALSE
ridge314_primary	Factor3	5	TCGA-LN-A9FQ	5	0.220510303974152	0.134111252372015	0.086399051602137	12.2822961785605	FALSE
ridge314_primary	Factor3	5	TCGA-LN-A9FR	2	1.10569894313812	1.41138752295908	-0.305688579820961	12.5380709951109	FALSE
ridge314_primary	Factor3	5	TCGA-S8-A6BW	2	0.780785262584686	0.690647934249882	0.0901373283348037	12.5380709951109	FALSE
ridge314_primary	Factor3	5	TCGA-V5-A7RC	5	-0.0385478101670742	0.58063505188089	-0.619182862047964	12.2822961785605	FALSE
ridge314_primary	Factor3	5	TCGA-V5-AASV	4	-0.244702532887459	-0.286536779983617	0.0418342470961577	9.55585367494756	FALSE
ridge314_primary	Factor3	5	TCGA-VR-A8EO	1	-0.987205564975739	-0.0714997411923986	-0.91570582378334	11.896221098748	FALSE
ridge314_primary	Factor3	5	TCGA-VR-A8EP	5	-1.18380069732666	-0.715894637952746	-0.467906059373914	12.2822961785605	FALSE
ridge314_primary	Factor3	5	TCGA-VR-A8ER	3	-0.510153234004974	-0.335729257673331	-0.174423976331643	13.9462276870214	FALSE
ridge314_primary	Factor3	5	TCGA-VR-A8ET	2	-0.199732303619385	0.121080086330204	-0.320812389949589	12.5380709951109	FALSE
ridge314_primary	Factor3	5	TCGA-VR-A8EU	3	1.37956213951111	0.613518929637368	0.766043209873742	13.9462276870214	FALSE
ridge314_primary	Factor3	5	TCGA-VR-A8EW	2	-0.138556256890297	-0.181031383469846	0.0424751265795493	12.5380709951109	FALSE
ridge314_primary	Factor3	5	TCGA-VR-A8EX	4	-1.58354938030243	-1.12470682820985	-0.45884255209258	9.55585367494756	FALSE
ridge314_primary	Factor3	5	TCGA-VR-A8EY	2	0.985304713249207	0.576109380832861	0.409195332416346	12.5380709951109	FALSE
ridge314_primary	Factor3	5	TCGA-VR-A8EZ	5	-0.239988952875137	-0.15986336098436	-0.0801255918907769	12.2822961785605	FALSE
ridge314_primary	Factor3	5	TCGA-VR-AA4G	4	0.70863276720047	0.376502484031065	0.332130283169405	9.55585367494756	FALSE
ridge314_primary	Factor3	5	TCGA-VR-AA7I	4	0.97487473487854	0.472287091852887	0.502587643025654	9.55585367494756	FALSE
ridge314_primary	Factor3	5	TCGA-XP-A8T6	1	-0.733712792396545	-0.469216727319108	-0.264496065077437	11.896221098748	FALSE
ridge314_primary	Factor3	5	TCGA-XP-A8T8	1	-0.141721993684769	-0.145141181383759	0.00341918769898969	11.896221098748	FALSE
ridge314_primary	Factor3	5	TCGA-Z6-A8JD	4	0.0697099044919014	0.588645355276856	-0.518935450784954	9.55585367494756	FALSE
ridge314_primary	Factor3	5	TCGA-Z6-A8JE	2	-1.0555659532547	-0.046623874130852	-1.00894207912385	12.5380709951109	FALSE
ridge314_primary	Factor3	5	TCGA-Z6-A9VB	5	-0.622409760951996	-0.534457587230085	-0.0879521737219109	12.2822961785605	FALSE
ridge314_primary	Factor3	5	TCGA-Z6-AAPN	4	-0.0728011429309845	0.0883175287353329	-0.161118671666317	9.55585367494756	FALSE
ridge314_primary	Factor3	6	TCGA-IG-A3I8	1	0.115762770175934	0.0313525675441351	0.0844102026317989	13.5225499863894	FALSE
ridge314_primary	Factor3	6	TCGA-IG-A3QL	2	0.31697490811348	-0.234986905157414	0.551961813270894	11.1981546491745	FALSE
ridge314_primary	Factor3	6	TCGA-IG-A3YA	3	-0.74126535654068	-1.39336127803397	0.652095921493289	8.11699182979974	FALSE
ridge314_primary	Factor3	6	TCGA-IG-A3YB	1	-1.19830191135407	-0.591633902609751	-0.606668008744319	13.5225499863894	FALSE
ridge314_primary	Factor3	6	TCGA-IG-A3YC	4	-0.470650941133499	-0.359946581551606	-0.110704359581893	9.09374463068559	FALSE
ridge314_primary	Factor3	6	TCGA-IG-A4P3	5	-1.35126984119415	-1.57327001263991	0.222000171445758	13.0833435758678	FALSE
ridge314_primary	Factor3	6	TCGA-IG-A50L	2	0.829516172409058	0.586416805476194	0.243099366932864	11.1981546491745	FALSE
ridge314_primary	Factor3	6	TCGA-IG-A51D	1	0.400122225284576	0.369940944417813	0.0301812808667627	13.5225499863894	FALSE
ridge314_primary	Factor3	6	TCGA-IG-A5B8	5	0.946748554706573	0.575521985719637	0.371226568986936	13.0833435758678	FALSE
ridge314_primary	Factor3	6	TCGA-IG-A5S3	4	-1.59015285968781	-0.724583643599125	-0.865569216088685	9.09374463068559	FALSE
ridge314_primary	Factor3	6	TCGA-IG-A625	4	-1.36808097362518	-0.767705453114153	-0.600375520511027	9.09374463068559	FALSE
ridge314_primary	Factor3	6	TCGA-IG-A6QS	4	1.79084122180939	0.688000588730507	1.10284063307888	9.09374463068559	FALSE
ridge314_primary	Factor3	6	TCGA-IG-A8O2	1	-1.80665290355682	-0.572878192105525	-1.23377471145129	13.5225499863894	FALSE
ridge314_primary	Factor3	6	TCGA-IG-A97H	2	1.14828658103943	0.597651320926157	0.550635260113273	11.1981546491745	FALSE
ridge314_primary	Factor3	6	TCGA-IG-A97I	1	0.778580486774445	0.521605996558777	0.256974490215668	13.5225499863894	FALSE
ridge314_primary	Factor3	6	TCGA-JY-A6FD	4	0.203392699360847	0.458694985641384	-0.255302286280537	9.09374463068559	FALSE
ridge314_primary	Factor3	6	TCGA-JY-A6FE	3	0.0588032715022564	0.550430396642442	-0.491627125140186	8.11699182979974	FALSE
ridge314_primary	Factor3	6	TCGA-JY-A6FG	4	0.835813820362091	0.158630708108248	0.677183112253843	9.09374463068559	FALSE
ridge314_primary	Factor3	6	TCGA-JY-A93F	5	0.716243803501129	0.341028142570432	0.375215660930697	13.0833435758678	FALSE
ridge314_primary	Factor3	6	TCGA-KH-A6WC	2	-1.09358608722687	-1.28835937931028	0.194773292083407	11.1981546491745	FALSE
ridge314_primary	Factor3	6	TCGA-L5-A43J	4	0.964678287506104	0.631443435180166	0.333234852325938	9.09374463068559	FALSE
ridge314_primary	Factor3	6	TCGA-L5-A4OM	2	-0.743738412857056	-0.498617261324422	-0.245121151532634	11.1981546491745	FALSE
ridge314_primary	Factor3	6	TCGA-L5-A88S	1	0.522524893283844	0.71144740548272	-0.188922512198876	13.5225499863894	FALSE
ridge314_primary	Factor3	6	TCGA-L5-A88W	2	1.53448259830475	0.684271948100893	0.850210650203858	11.1981546491745	FALSE
ridge314_primary	Factor3	6	TCGA-L5-A88Z	2	-0.1108428388834	-0.37840053430035	0.26755769541695	11.1981546491745	FALSE
ridge314_primary	Factor3	6	TCGA-L5-A8NK	2	-0.836946427822113	-0.85497515821563	0.0180287303935174	11.1981546491745	FALSE
ridge314_primary	Factor3	6	TCGA-L5-A8NQ	4	-0.843329191207886	-0.269529048083186	-0.5738001431247	9.09374463068559	FALSE
ridge314_primary	Factor3	6	TCGA-L7-A56G	2	-0.702840089797974	-0.449526653333315	-0.253313436464659	11.1981546491745	FALSE
ridge314_primary	Factor3	6	TCGA-LN-A49M	4	1.83668255805969	0.762425922357714	1.07425663570198	9.09374463068559	FALSE
ridge314_primary	Factor3	6	TCGA-LN-A49O	5	1.74763762950897	0.789458267224364	0.958179362284606	13.0833435758678	FALSE
ridge314_primary	Factor3	6	TCGA-LN-A49P	5	-0.922378957271576	-0.81104588392938	-0.111333073342196	13.0833435758678	FALSE
ridge314_primary	Factor3	6	TCGA-LN-A49S	5	-1.6580855846405	-0.713384674276568	-0.944700910363932	13.0833435758678	FALSE
ridge314_primary	Factor3	6	TCGA-LN-A49U	4	1.75135540962219	0.588537026470297	1.16281838315189	9.09374463068559	FALSE
ridge314_primary	Factor3	6	TCGA-LN-A49W	5	-0.175947621464729	-0.799367035295084	0.623419413830355	13.0833435758678	FALSE
ridge314_primary	Factor3	6	TCGA-LN-A49X	3	0.994174003601074	0.67912291590982	0.315051087691254	8.11699182979974	FALSE
ridge314_primary	Factor3	6	TCGA-LN-A49Y	3	-1.22085618972778	-0.207729753495061	-1.01312643623272	8.11699182979974	FALSE
ridge314_primary	Factor3	6	TCGA-LN-A4A1	2	1.53539943695068	1.11596939982462	0.419430037126059	11.1981546491745	FALSE
ridge314_primary	Factor3	6	TCGA-LN-A4A3	1	-0.141764670610428	0.453635414351708	-0.595400084962136	13.5225499863894	FALSE
ridge314_primary	Factor3	6	TCGA-LN-A4A4	3	0.275420069694519	0.304032634702331	-0.0286125650078122	8.11699182979974	FALSE
ridge314_primary	Factor3	6	TCGA-LN-A4A5	2	-0.168166160583496	0.252094857091837	-0.420261017675333	11.1981546491745	FALSE
ridge314_primary	Factor3	6	TCGA-LN-A4A8	4	-0.979195892810822	-0.386333381541128	-0.592862511269694	9.09374463068559	FALSE
ridge314_primary	Factor3	6	TCGA-LN-A4A9	3	1.34573674201965	0.941795310892716	0.403941431126934	8.11699182979974	FALSE
ridge314_primary	Factor3	6	TCGA-LN-A4MQ	5	-0.989262342453003	-0.69682993955659	-0.292432402896413	13.0833435758678	FALSE
ridge314_primary	Factor3	6	TCGA-LN-A5U5	1	-1.18550705909729	-0.782364540502082	-0.403142518595208	13.5225499863894	FALSE
ridge314_primary	Factor3	6	TCGA-LN-A5U6	1	1.12891924381256	0.784670512910278	0.344248730902282	13.5225499863894	FALSE
ridge314_primary	Factor3	6	TCGA-LN-A5U7	4	1.3964010477066	0.494194520031572	0.902206527675028	9.09374463068559	FALSE
ridge314_primary	Factor3	6	TCGA-LN-A7HV	3	0.355938613414764	0.0562251216326115	0.299713491782153	8.11699182979974	FALSE
ridge314_primary	Factor3	6	TCGA-LN-A7HW	1	0.733534455299377	0.559414991845933	0.174119463453444	13.5225499863894	FALSE
ridge314_primary	Factor3	6	TCGA-LN-A7HX	4	1.50342726707459	0.665308340607454	0.838118926467136	9.09374463068559	FALSE
ridge314_primary	Factor3	6	TCGA-LN-A7HY	5	-0.501575231552124	0.100469457866821	-0.602044689418945	13.0833435758678	FALSE
ridge314_primary	Factor3	6	TCGA-LN-A7HZ	2	-0.201339349150658	-0.674135939442888	0.47279659029223	11.1981546491745	FALSE
ridge314_primary	Factor3	6	TCGA-LN-A8HZ	5	-0.255193203687668	-0.107880833515343	-0.147312370172325	13.0833435758678	FALSE
ridge314_primary	Factor3	6	TCGA-LN-A8I0	4	0.738435983657837	0.17514289581464	0.563293087843197	9.09374463068559	FALSE
ridge314_primary	Factor3	6	TCGA-LN-A8I1	5	-0.883404850959778	-0.156230892843078	-0.7271739581167	13.0833435758678	FALSE
ridge314_primary	Factor3	6	TCGA-LN-A9FO	5	-0.833663284778595	-0.709257288580405	-0.12440599619819	13.0833435758678	FALSE
ridge314_primary	Factor3	6	TCGA-LN-A9FP	3	-0.979387104511261	-0.668343488562244	-0.311043615949017	8.11699182979974	FALSE
ridge314_primary	Factor3	6	TCGA-LN-A9FQ	2	0.220510303974152	0.0383297010324009	0.182180602941751	11.1981546491745	FALSE
ridge314_primary	Factor3	6	TCGA-LN-A9FR	2	1.10569894313812	1.29869309285457	-0.192994149716448	11.1981546491745	FALSE
ridge314_primary	Factor3	6	TCGA-S8-A6BW	1	0.780785262584686	0.434290934190972	0.346494328393714	13.5225499863894	FALSE
ridge314_primary	Factor3	6	TCGA-V5-A7RC	3	-0.0385478101670742	0.316051034794143	-0.354598844961217	8.11699182979974	FALSE
ridge314_primary	Factor3	6	TCGA-V5-AASV	3	-0.244702532887459	-0.319040612887047	0.0743380799995881	8.11699182979974	FALSE
ridge314_primary	Factor3	6	TCGA-VR-A8EO	1	-0.987205564975739	-0.0509103516764735	-0.936295213299266	13.5225499863894	FALSE
ridge314_primary	Factor3	6	TCGA-VR-A8EP	1	-1.18380069732666	-0.779781285423684	-0.404019411902976	13.5225499863894	FALSE
ridge314_primary	Factor3	6	TCGA-VR-A8ER	3	-0.510153234004974	-0.3762655019216	-0.133887732083374	8.11699182979974	FALSE
ridge314_primary	Factor3	6	TCGA-VR-A8ET	3	-0.199732303619385	0.125217001310219	-0.324949304929604	8.11699182979974	FALSE
ridge314_primary	Factor3	6	TCGA-VR-A8EU	2	1.37956213951111	0.588354349583473	0.791207789927637	11.1981546491745	FALSE
ridge314_primary	Factor3	6	TCGA-VR-A8EW	2	-0.138556256890297	-0.246757248236707	0.10820099134641	11.1981546491745	FALSE
ridge314_primary	Factor3	6	TCGA-VR-A8EX	1	-1.58354938030243	-1.03964532674179	-0.543904053560639	13.5225499863894	FALSE
ridge314_primary	Factor3	6	TCGA-VR-A8EY	1	0.985304713249207	0.566708597001487	0.41859611624772	13.5225499863894	FALSE
ridge314_primary	Factor3	6	TCGA-VR-A8EZ	3	-0.239988952875137	-0.130241471954245	-0.109747480920892	8.11699182979974	FALSE
ridge314_primary	Factor3	6	TCGA-VR-AA4G	3	0.70863276720047	0.496972230819892	0.211660536380578	8.11699182979974	FALSE
ridge314_primary	Factor3	6	TCGA-VR-AA7I	3	0.97487473487854	0.608383154452123	0.366491580426417	8.11699182979974	FALSE
ridge314_primary	Factor3	6	TCGA-XP-A8T6	4	-0.733712792396545	-0.496595931371814	-0.237116861024731	9.09374463068559	FALSE
ridge314_primary	Factor3	6	TCGA-XP-A8T8	5	-0.141721993684769	-0.0444508004905589	-0.0972711931942101	13.0833435758678	FALSE
ridge314_primary	Factor3	6	TCGA-Z6-A8JD	5	0.0697099044919014	0.31776811933691	-0.248058214845008	13.0833435758678	FALSE
ridge314_primary	Factor3	6	TCGA-Z6-A8JE	5	-1.0555659532547	-0.142061928318589	-0.913504024936111	13.0833435758678	FALSE
ridge314_primary	Factor3	6	TCGA-Z6-A9VB	3	-0.622409760951996	-0.660965903639029	0.0385561426870328	8.11699182979974	FALSE
ridge314_primary	Factor3	6	TCGA-Z6-AAPN	1	-0.0728011429309845	0.246387093503346	-0.319188236434331	13.5225499863894	FALSE
ridge314_primary	Factor3	7	TCGA-IG-A3I8	3	0.115762770175934	-0.0609684328774559	0.17673120305339	11.5647622936913	FALSE
ridge314_primary	Factor3	7	TCGA-IG-A3QL	5	0.31697490811348	-0.148879661147928	0.465854569261408	13.6435875982368	FALSE
ridge314_primary	Factor3	7	TCGA-IG-A3YA	2	-0.74126535654068	-1.28100204711173	0.539736690571047	10.6587167284502	FALSE
ridge314_primary	Factor3	7	TCGA-IG-A3YB	4	-1.19830191135407	-0.741253707257394	-0.457048204096676	11.4808345482119	FALSE
ridge314_primary	Factor3	7	TCGA-IG-A3YC	4	-0.470650941133499	-0.443074492946074	-0.0275764481874252	11.4808345482119	FALSE
ridge314_primary	Factor3	7	TCGA-IG-A4P3	4	-1.35126984119415	-1.50506986869266	0.153800027498507	11.4808345482119	FALSE
ridge314_primary	Factor3	7	TCGA-IG-A50L	5	0.829516172409058	0.53778337326394	0.291732799145118	13.6435875982368	FALSE
ridge314_primary	Factor3	7	TCGA-IG-A51D	2	0.400122225284576	0.272733269000456	0.12738895628412	10.6587167284502	FALSE
ridge314_primary	Factor3	7	TCGA-IG-A5B8	3	0.946748554706573	0.43304738638497	0.513701168321603	11.5647622936913	FALSE
ridge314_primary	Factor3	7	TCGA-IG-A5S3	1	-1.59015285968781	-0.813730839034778	-0.776422020653032	8.57542414949735	FALSE
ridge314_primary	Factor3	7	TCGA-IG-A625	1	-1.36808097362518	-0.784405773875859	-0.583675199749321	8.57542414949735	FALSE
ridge314_primary	Factor3	7	TCGA-IG-A6QS	2	1.79084122180939	0.790871033011631	0.999970188797759	10.6587167284502	FALSE
ridge314_primary	Factor3	7	TCGA-IG-A8O2	5	-1.80665290355682	-0.590690461110707	-1.21596244244611	13.6435875982368	FALSE
ridge314_primary	Factor3	7	TCGA-IG-A97H	3	1.14828658103943	0.630884422748592	0.517402158290838	11.5647622936913	FALSE
ridge314_primary	Factor3	7	TCGA-IG-A97I	1	0.778580486774445	0.567224628569142	0.211355858205303	8.57542414949735	FALSE
ridge314_primary	Factor3	7	TCGA-JY-A6FD	5	0.203392699360847	0.470572078181456	-0.267179378820609	13.6435875982368	FALSE
ridge314_primary	Factor3	7	TCGA-JY-A6FE	5	0.0588032715022564	0.59248016330295	-0.533676891800694	13.6435875982368	FALSE
ridge314_primary	Factor3	7	TCGA-JY-A6FG	3	0.835813820362091	0.130992146488137	0.704821673873954	11.5647622936913	FALSE
ridge314_primary	Factor3	7	TCGA-JY-A93F	3	0.716243803501129	0.218675687283999	0.49756811621713	11.5647622936913	FALSE
ridge314_primary	Factor3	7	TCGA-KH-A6WC	2	-1.09358608722687	-1.2221746803524	0.128588593125534	10.6587167284502	FALSE
ridge314_primary	Factor3	7	TCGA-L5-A43J	4	0.964678287506104	0.687435842145713	0.277242445360391	11.4808345482119	FALSE
ridge314_primary	Factor3	7	TCGA-L5-A4OM	4	-0.743738412857056	-0.416592093335769	-0.327146319521287	11.4808345482119	FALSE
ridge314_primary	Factor3	7	TCGA-L5-A88S	3	0.522524893283844	0.714046045819631	-0.191521152535787	11.5647622936913	FALSE
ridge314_primary	Factor3	7	TCGA-L5-A88W	4	1.53448259830475	0.683539655133536	0.850942943171214	11.4808345482119	FALSE
ridge314_primary	Factor3	7	TCGA-L5-A88Z	3	-0.1108428388834	-0.387921276675172	0.277078437791772	11.5647622936913	FALSE
ridge314_primary	Factor3	7	TCGA-L5-A8NK	2	-0.836946427822113	-0.79932025665327	-0.0376261711688434	10.6587167284502	FALSE
ridge314_primary	Factor3	7	TCGA-L5-A8NQ	5	-0.843329191207886	-0.152912523648018	-0.690416667559868	13.6435875982368	FALSE
ridge314_primary	Factor3	7	TCGA-L7-A56G	2	-0.702840089797974	-0.372320833527369	-0.330519256270605	10.6587167284502	FALSE
ridge314_primary	Factor3	7	TCGA-LN-A49M	3	1.83668255805969	0.799956019529891	1.0367265385298	11.5647622936913	FALSE
ridge314_primary	Factor3	7	TCGA-LN-A49O	5	1.74763762950897	0.820743223100272	0.926894406408698	13.6435875982368	FALSE
ridge314_primary	Factor3	7	TCGA-LN-A49P	5	-0.922378957271576	-0.694368348582254	-0.228010608689322	13.6435875982368	FALSE
ridge314_primary	Factor3	7	TCGA-LN-A49S	2	-1.6580855846405	-0.765612810175667	-0.892472774464833	10.6587167284502	FALSE
ridge314_primary	Factor3	7	TCGA-LN-A49U	4	1.75135540962219	0.724758847323259	1.02659656229893	11.4808345482119	FALSE
ridge314_primary	Factor3	7	TCGA-LN-A49W	1	-0.175947621464729	-0.717839237426478	0.541891615961749	8.57542414949735	FALSE
ridge314_primary	Factor3	7	TCGA-LN-A49X	2	0.994174003601074	0.602821369882709	0.391352633718365	10.6587167284502	FALSE
ridge314_primary	Factor3	7	TCGA-LN-A49Y	4	-1.22085618972778	-0.141165861357038	-1.07969032837074	11.4808345482119	FALSE
ridge314_primary	Factor3	7	TCGA-LN-A4A1	4	1.53539943695068	1.10971460436269	0.425684832587986	11.4808345482119	FALSE
ridge314_primary	Factor3	7	TCGA-LN-A4A3	4	-0.141764670610428	0.406404686377347	-0.548169356987775	11.4808345482119	FALSE
ridge314_primary	Factor3	7	TCGA-LN-A4A4	4	0.275420069694519	0.319004297554951	-0.0435842278604321	11.4808345482119	FALSE
ridge314_primary	Factor3	7	TCGA-LN-A4A5	2	-0.168166160583496	0.136243221936774	-0.30440938252027	10.6587167284502	FALSE
ridge314_primary	Factor3	7	TCGA-LN-A4A8	4	-0.979195892810822	-0.244015984357653	-0.735179908453169	11.4808345482119	FALSE
ridge314_primary	Factor3	7	TCGA-LN-A4A9	4	1.34573674201965	0.782033526879427	0.563703215140223	11.4808345482119	FALSE
ridge314_primary	Factor3	7	TCGA-LN-A4MQ	5	-0.989262342453003	-0.787404915540499	-0.201857426912504	13.6435875982368	FALSE
ridge314_primary	Factor3	7	TCGA-LN-A5U5	2	-1.18550705909729	-0.952758271390389	-0.232748787706901	10.6587167284502	FALSE
ridge314_primary	Factor3	7	TCGA-LN-A5U6	2	1.12891924381256	0.790678828202195	0.338240415610365	10.6587167284502	FALSE
ridge314_primary	Factor3	7	TCGA-LN-A5U7	5	1.3964010477066	0.401368462056421	0.995032585650179	13.6435875982368	FALSE
ridge314_primary	Factor3	7	TCGA-LN-A7HV	1	0.355938613414764	-0.0563814646927665	0.412320078107531	8.57542414949735	FALSE
ridge314_primary	Factor3	7	TCGA-LN-A7HW	1	0.733534455299377	0.803731053667762	-0.0701965983683853	8.57542414949735	FALSE
ridge314_primary	Factor3	7	TCGA-LN-A7HX	5	1.50342726707459	0.671057457692162	0.832369809382429	13.6435875982368	FALSE
ridge314_primary	Factor3	7	TCGA-LN-A7HY	1	-0.501575231552124	0.0310246171398945	-0.532599848692018	8.57542414949735	FALSE
ridge314_primary	Factor3	7	TCGA-LN-A7HZ	3	-0.201339349150658	-0.685979704999083	0.484640355848425	11.5647622936913	FALSE
ridge314_primary	Factor3	7	TCGA-LN-A8HZ	3	-0.255193203687668	-0.238203328518699	-0.0169898751689692	11.5647622936913	FALSE
ridge314_primary	Factor3	7	TCGA-LN-A8I0	2	0.738435983657837	0.288969932593571	0.449466051064266	10.6587167284502	FALSE
ridge314_primary	Factor3	7	TCGA-LN-A8I1	5	-0.883404850959778	-0.133878330792595	-0.749526520167183	13.6435875982368	FALSE
ridge314_primary	Factor3	7	TCGA-LN-A9FO	2	-0.833663284778595	-0.576145825400556	-0.257517459378039	10.6587167284502	FALSE
ridge314_primary	Factor3	7	TCGA-LN-A9FP	5	-0.979387104511261	-0.344479085550892	-0.634908018960369	13.6435875982368	FALSE
ridge314_primary	Factor3	7	TCGA-LN-A9FQ	2	0.220510303974152	0.0620567927549511	0.158453511219201	10.6587167284502	FALSE
ridge314_primary	Factor3	7	TCGA-LN-A9FR	1	1.10569894313812	1.40313987175613	-0.29744092861801	8.57542414949735	FALSE
ridge314_primary	Factor3	7	TCGA-S8-A6BW	3	0.780785262584686	0.522927318296303	0.257857944288383	11.5647622936913	FALSE
ridge314_primary	Factor3	7	TCGA-V5-A7RC	3	-0.0385478101670742	0.248219505081519	-0.286767315248593	11.5647622936913	FALSE
ridge314_primary	Factor3	7	TCGA-V5-AASV	1	-0.244702532887459	-0.0835121503912377	-0.161190382496221	8.57542414949735	FALSE
ridge314_primary	Factor3	7	TCGA-VR-A8EO	4	-0.987205564975739	-0.0470742762700022	-0.940131288705737	11.4808345482119	FALSE
ridge314_primary	Factor3	7	TCGA-VR-A8EP	2	-1.18380069732666	-0.828625589833115	-0.355175107493545	10.6587167284502	FALSE
ridge314_primary	Factor3	7	TCGA-VR-A8ER	1	-0.510153234004974	-0.414000964141102	-0.096152269863872	8.57542414949735	FALSE
ridge314_primary	Factor3	7	TCGA-VR-A8ET	1	-0.199732303619385	0.010295033812579	-0.210027337431964	8.57542414949735	FALSE
ridge314_primary	Factor3	7	TCGA-VR-A8EU	1	1.37956213951111	0.729423549646335	0.650138589864775	8.57542414949735	FALSE
ridge314_primary	Factor3	7	TCGA-VR-A8EW	1	-0.138556256890297	-0.1685653426616	0.030009085771303	8.57542414949735	FALSE
ridge314_primary	Factor3	7	TCGA-VR-A8EX	3	-1.58354938030243	-1.2028365141625	-0.380712866139932	11.5647622936913	FALSE
ridge314_primary	Factor3	7	TCGA-VR-A8EY	1	0.985304713249207	0.633611068338068	0.351693644911139	8.57542414949735	FALSE
ridge314_primary	Factor3	7	TCGA-VR-A8EZ	1	-0.239988952875137	-0.171431013140001	-0.0685579397351363	8.57542414949735	FALSE
ridge314_primary	Factor3	7	TCGA-VR-AA4G	3	0.70863276720047	0.424551281437148	0.284081485763322	11.5647622936913	FALSE
ridge314_primary	Factor3	7	TCGA-VR-AA7I	3	0.97487473487854	0.485770796002327	0.489103938876213	11.5647622936913	FALSE
ridge314_primary	Factor3	7	TCGA-XP-A8T6	1	-0.733712792396545	-0.462781283569885	-0.27093150882666	8.57542414949735	FALSE
ridge314_primary	Factor3	7	TCGA-XP-A8T8	5	-0.141721993684769	-0.0912775857101777	-0.0504444079745913	13.6435875982368	FALSE
ridge314_primary	Factor3	7	TCGA-Z6-A8JD	2	0.0697099044919014	0.232514780584851	-0.162804876092949	10.6587167284502	FALSE
ridge314_primary	Factor3	7	TCGA-Z6-A8JE	4	-1.0555659532547	-0.156453247122243	-0.899112706132457	11.4808345482119	FALSE
ridge314_primary	Factor3	7	TCGA-Z6-A9VB	5	-0.622409760951996	-0.612523255259811	-0.00988650569218485	13.6435875982368	FALSE
ridge314_primary	Factor3	7	TCGA-Z6-AAPN	3	-0.0728011429309845	0.0879961600090453	-0.16079730294003	11.5647622936913	FALSE
ridge314_primary	Factor3	8	TCGA-IG-A3I8	3	0.115762770175934	-0.0134569627538136	0.129219732929748	11.2589677462667	FALSE
ridge314_primary	Factor3	8	TCGA-IG-A3QL	4	0.31697490811348	-0.199750590873847	0.516725498987327	12.8878140290152	FALSE
ridge314_primary	Factor3	8	TCGA-IG-A3YA	4	-0.74126535654068	-1.25389263029004	0.512627273749364	12.8878140290152	FALSE
ridge314_primary	Factor3	8	TCGA-IG-A3YB	1	-1.19830191135407	-0.638850019565535	-0.559451891788535	12.7820106543997	FALSE
ridge314_primary	Factor3	8	TCGA-IG-A3YC	3	-0.470650941133499	-0.456768648018129	-0.0138822931153701	11.2589677462667	FALSE
ridge314_primary	Factor3	8	TCGA-IG-A4P3	5	-1.35126984119415	-1.51927031801075	0.168000476816599	14.0850327678698	FALSE
ridge314_primary	Factor3	8	TCGA-IG-A50L	2	0.829516172409058	0.579338881814897	0.250177290594161	12.8999798667432	FALSE
ridge314_primary	Factor3	8	TCGA-IG-A51D	5	0.400122225284576	0.229880477154112	0.170241748130464	14.0850327678698	FALSE
ridge314_primary	Factor3	8	TCGA-IG-A5B8	2	0.946748554706573	0.444866294583365	0.501882260123208	12.8999798667432	FALSE
ridge314_primary	Factor3	8	TCGA-IG-A5S3	3	-1.59015285968781	-0.752614408110848	-0.837538451576963	11.2589677462667	FALSE
ridge314_primary	Factor3	8	TCGA-IG-A625	2	-1.36808097362518	-0.70577531738846	-0.66230565623672	12.8999798667432	FALSE
ridge314_primary	Factor3	8	TCGA-IG-A6QS	1	1.79084122180939	0.675079952207462	1.11576126960193	12.7820106543997	FALSE
ridge314_primary	Factor3	8	TCGA-IG-A8O2	2	-1.80665290355682	-0.634719743535865	-1.17193316002095	12.8999798667432	FALSE
ridge314_primary	Factor3	8	TCGA-IG-A97H	4	1.14828658103943	0.646621048201468	0.501665532837962	12.8878140290152	FALSE
ridge314_primary	Factor3	8	TCGA-IG-A97I	1	0.778580486774445	0.544954588562503	0.233625898211943	12.7820106543997	FALSE
ridge314_primary	Factor3	8	TCGA-JY-A6FD	2	0.203392699360847	0.467773627396754	-0.264380928035907	12.8999798667432	FALSE
ridge314_primary	Factor3	8	TCGA-JY-A6FE	3	0.0588032715022564	0.588689456334547	-0.52988618483229	11.2589677462667	FALSE
ridge314_primary	Factor3	8	TCGA-JY-A6FG	5	0.835813820362091	0.237275858615051	0.59853796174704	14.0850327678698	FALSE
ridge314_primary	Factor3	8	TCGA-JY-A93F	2	0.716243803501129	0.235093576954873	0.481150226546256	12.8999798667432	FALSE
ridge314_primary	Factor3	8	TCGA-KH-A6WC	1	-1.09358608722687	-0.974571652521311	-0.119014434705559	12.7820106543997	FALSE
ridge314_primary	Factor3	8	TCGA-L5-A43J	5	0.964678287506104	0.615959679531886	0.348718607974218	14.0850327678698	FALSE
ridge314_primary	Factor3	8	TCGA-L5-A4OM	3	-0.743738412857056	-0.573053574982025	-0.170684837875031	11.2589677462667	FALSE
ridge314_primary	Factor3	8	TCGA-L5-A88S	3	0.522524893283844	0.830614033545742	-0.308089140261898	11.2589677462667	FALSE
ridge314_primary	Factor3	8	TCGA-L5-A88W	1	1.53448259830475	0.649509508520008	0.884973089784742	12.7820106543997	FALSE
ridge314_primary	Factor3	8	TCGA-L5-A88Z	5	-0.1108428388834	-0.313323989555306	0.202481150671906	14.0850327678698	FALSE
ridge314_primary	Factor3	8	TCGA-L5-A8NK	4	-0.836946427822113	-0.587650992561489	-0.249295435260624	12.8878140290152	FALSE
ridge314_primary	Factor3	8	TCGA-L5-A8NQ	4	-0.843329191207886	-0.237415705481626	-0.605913485726259	12.8878140290152	FALSE
ridge314_primary	Factor3	8	TCGA-L7-A56G	2	-0.702840089797974	-0.318810868484872	-0.384029221313102	12.8999798667432	FALSE
ridge314_primary	Factor3	8	TCGA-LN-A49M	2	1.83668255805969	0.728277975887817	1.10840458217187	12.8999798667432	FALSE
ridge314_primary	Factor3	8	TCGA-LN-A49O	1	1.74763762950897	0.776478990443236	0.971158639065734	12.7820106543997	FALSE
ridge314_primary	Factor3	8	TCGA-LN-A49P	1	-0.922378957271576	-0.722649126031269	-0.199729831240307	12.7820106543997	FALSE
ridge314_primary	Factor3	8	TCGA-LN-A49S	5	-1.6580855846405	-0.764450532757966	-0.893635051882534	14.0850327678698	FALSE
ridge314_primary	Factor3	8	TCGA-LN-A49U	2	1.75135540962219	0.599710948219452	1.15164446140274	12.8999798667432	FALSE
ridge314_primary	Factor3	8	TCGA-LN-A49W	5	-0.175947621464729	-0.736046452618039	0.56009883115331	14.0850327678698	FALSE
ridge314_primary	Factor3	8	TCGA-LN-A49X	4	0.994174003601074	0.604594195829357	0.389579807771717	12.8878140290152	FALSE
ridge314_primary	Factor3	8	TCGA-LN-A49Y	2	-1.22085618972778	-0.208154892919358	-1.01270129680842	12.8999798667432	FALSE
ridge314_primary	Factor3	8	TCGA-LN-A4A1	5	1.53539943695068	1.07111882333109	0.464280613619591	14.0850327678698	FALSE
ridge314_primary	Factor3	8	TCGA-LN-A4A3	1	-0.141764670610428	0.34722217278039	-0.488986843390818	12.7820106543997	FALSE
ridge314_primary	Factor3	8	TCGA-LN-A4A4	4	0.275420069694519	0.222954288054699	0.0524657816398196	12.8878140290152	FALSE
ridge314_primary	Factor3	8	TCGA-LN-A4A5	5	-0.168166160583496	0.180633468073618	-0.348799628657114	14.0850327678698	FALSE
ridge314_primary	Factor3	8	TCGA-LN-A4A8	1	-0.979195892810822	-0.212685409733772	-0.76651048307705	12.7820106543997	FALSE
ridge314_primary	Factor3	8	TCGA-LN-A4A9	3	1.34573674201965	0.912225303963414	0.433511438056236	11.2589677462667	FALSE
ridge314_primary	Factor3	8	TCGA-LN-A4MQ	4	-0.989262342453003	-0.84472970059292	-0.144532641860083	12.8878140290152	FALSE
ridge314_primary	Factor3	8	TCGA-LN-A5U5	3	-1.18550705909729	-0.945780143213068	-0.239726915884222	11.2589677462667	FALSE
ridge314_primary	Factor3	8	TCGA-LN-A5U6	4	1.12891924381256	0.731783578259348	0.397135665553212	12.8878140290152	FALSE
ridge314_primary	Factor3	8	TCGA-LN-A5U7	3	1.3964010477066	0.531601192261381	0.864799855445219	11.2589677462667	FALSE
ridge314_primary	Factor3	8	TCGA-LN-A7HV	3	0.355938613414764	0.0053958277916985	0.350542785623066	11.2589677462667	FALSE
ridge314_primary	Factor3	8	TCGA-LN-A7HW	1	0.733534455299377	0.866456030037822	-0.132921574738445	12.7820106543997	FALSE
ridge314_primary	Factor3	8	TCGA-LN-A7HX	5	1.50342726707459	0.697714550093035	0.805712716981555	14.0850327678698	FALSE
ridge314_primary	Factor3	8	TCGA-LN-A7HY	5	-0.501575231552124	0.0308913277705749	-0.532466559322699	14.0850327678698	FALSE
ridge314_primary	Factor3	8	TCGA-LN-A7HZ	2	-0.201339349150658	-0.494149948519055	0.292810599368397	12.8999798667432	FALSE
ridge314_primary	Factor3	8	TCGA-LN-A8HZ	3	-0.255193203687668	-0.196016247366202	-0.0591769563214656	11.2589677462667	FALSE
ridge314_primary	Factor3	8	TCGA-LN-A8I0	2	0.738435983657837	0.201774393918351	0.536661589739486	12.8999798667432	FALSE
ridge314_primary	Factor3	8	TCGA-LN-A8I1	1	-0.883404850959778	-0.203158837055308	-0.68024601390447	12.7820106543997	FALSE
ridge314_primary	Factor3	8	TCGA-LN-A9FO	1	-0.833663284778595	-0.565282446429309	-0.268380838349286	12.7820106543997	FALSE
ridge314_primary	Factor3	8	TCGA-LN-A9FP	2	-0.979387104511261	-0.325967590520292	-0.653419513990969	12.8999798667432	FALSE
ridge314_primary	Factor3	8	TCGA-LN-A9FQ	2	0.220510303974152	0.0655164618612528	0.154993842112899	12.8999798667432	FALSE
ridge314_primary	Factor3	8	TCGA-LN-A9FR	1	1.10569894313812	1.4596825572967	-0.353983614158583	12.7820106543997	FALSE
ridge314_primary	Factor3	8	TCGA-S8-A6BW	5	0.780785262584686	0.539943983233128	0.240841279351558	14.0850327678698	FALSE
ridge314_primary	Factor3	8	TCGA-V5-A7RC	4	-0.0385478101670742	0.266653897653922	-0.305201707820996	12.8878140290152	FALSE
ridge314_primary	Factor3	8	TCGA-V5-AASV	4	-0.244702532887459	-0.206053817983125	-0.0386487149043339	12.8878140290152	FALSE
ridge314_primary	Factor3	8	TCGA-VR-A8EO	2	-0.987205564975739	-0.0391992092585762	-0.948006355717163	12.8999798667432	FALSE
ridge314_primary	Factor3	8	TCGA-VR-A8EP	3	-1.18380069732666	-0.836957081581827	-0.346843615744833	11.2589677462667	FALSE
ridge314_primary	Factor3	8	TCGA-VR-A8ER	5	-0.510153234004974	-0.429733980306849	-0.0804192536981249	14.0850327678698	FALSE
ridge314_primary	Factor3	8	TCGA-VR-A8ET	3	-0.199732303619385	0.0552983016467741	-0.255030605266159	11.2589677462667	FALSE
ridge314_primary	Factor3	8	TCGA-VR-A8EU	2	1.37956213951111	0.579618449241211	0.799943690269899	12.8999798667432	FALSE
ridge314_primary	Factor3	8	TCGA-VR-A8EW	3	-0.138556256890297	-0.197767334198448	0.0592110773081515	11.2589677462667	FALSE
ridge314_primary	Factor3	8	TCGA-VR-A8EX	4	-1.58354938030243	-1.14193980056554	-0.441609579736888	12.8878140290152	FALSE
ridge314_primary	Factor3	8	TCGA-VR-A8EY	3	0.985304713249207	0.543148430640563	0.442156282608644	11.2589677462667	FALSE
ridge314_primary	Factor3	8	TCGA-VR-A8EZ	1	-0.239988952875137	-0.180371726904846	-0.0596172259702915	12.7820106543997	FALSE
ridge314_primary	Factor3	8	TCGA-VR-AA4G	5	0.70863276720047	0.388986656775255	0.319646110425215	14.0850327678698	FALSE
ridge314_primary	Factor3	8	TCGA-VR-AA7I	4	0.97487473487854	0.540857164034181	0.43401757084436	12.8878140290152	FALSE
ridge314_primary	Factor3	8	TCGA-XP-A8T6	5	-0.733712792396545	-0.480684919907092	-0.253027872489453	14.0850327678698	FALSE
ridge314_primary	Factor3	8	TCGA-XP-A8T8	4	-0.141721993684769	-0.0600963372022535	-0.0816256564825155	12.8878140290152	FALSE
ridge314_primary	Factor3	8	TCGA-Z6-A8JD	3	0.0697099044919014	0.553462051593944	-0.483752147102043	11.2589677462667	FALSE
ridge314_primary	Factor3	8	TCGA-Z6-A8JE	1	-1.0555659532547	-0.0377607714320096	-1.01780518182269	12.7820106543997	FALSE
ridge314_primary	Factor3	8	TCGA-Z6-A9VB	4	-0.622409760951996	-0.629392975596651	0.00698321464465501	12.8878140290152	FALSE
ridge314_primary	Factor3	8	TCGA-Z6-AAPN	1	-0.0728011429309845	0.227050681533908	-0.299851824464892	12.7820106543997	FALSE
ridge314_primary	Factor3	9	TCGA-IG-A3I8	4	0.115762770175934	-0.157958162671393	0.273720932847327	7.6899636006616	FALSE
ridge314_primary	Factor3	9	TCGA-IG-A3QL	5	0.31697490811348	-0.165703161616302	0.482678069729782	14.2678124648327	FALSE
ridge314_primary	Factor3	9	TCGA-IG-A3YA	2	-0.74126535654068	-1.4165833067103	0.675317950169622	8.63115778371875	FALSE
ridge314_primary	Factor3	9	TCGA-IG-A3YB	2	-1.19830191135407	-0.829539660468945	-0.368762250885125	8.63115778371875	FALSE
ridge314_primary	Factor3	9	TCGA-IG-A3YC	5	-0.470650941133499	-0.416678145817049	-0.0539727953164504	14.2678124648327	FALSE
ridge314_primary	Factor3	9	TCGA-IG-A4P3	1	-1.35126984119415	-1.52145505019113	0.17018520899698	11.4726119601255	FALSE
ridge314_primary	Factor3	9	TCGA-IG-A50L	1	0.829516172409058	0.66473939971295	0.164776772696108	11.4726119601255	FALSE
ridge314_primary	Factor3	9	TCGA-IG-A51D	5	0.400122225284576	0.307739048329737	0.0923831769548387	14.2678124648327	FALSE
ridge314_primary	Factor3	9	TCGA-IG-A5B8	1	0.946748554706573	0.508156246641379	0.438592308065194	11.4726119601255	FALSE
ridge314_primary	Factor3	9	TCGA-IG-A5S3	1	-1.59015285968781	-0.703100752909996	-0.887052106777814	11.4726119601255	FALSE
ridge314_primary	Factor3	9	TCGA-IG-A625	4	-1.36808097362518	-0.804133548120069	-0.563947425505111	7.6899636006616	FALSE
ridge314_primary	Factor3	9	TCGA-IG-A6QS	4	1.79084122180939	0.742512386926942	1.04832883488245	7.6899636006616	FALSE
ridge314_primary	Factor3	9	TCGA-IG-A8O2	3	-1.80665290355682	-0.625079824345311	-1.18157307921151	9.75583287172882	FALSE
ridge314_primary	Factor3	9	TCGA-IG-A97H	4	1.14828658103943	0.627044046269682	0.521242534769749	7.6899636006616	FALSE
ridge314_primary	Factor3	9	TCGA-IG-A97I	5	0.778580486774445	0.496368445054647	0.282212041719799	14.2678124648327	FALSE
ridge314_primary	Factor3	9	TCGA-JY-A6FD	2	0.203392699360847	0.531998359460418	-0.328605660099571	8.63115778371875	FALSE
ridge314_primary	Factor3	9	TCGA-JY-A6FE	5	0.0588032715022564	0.579882437098315	-0.521079165596059	14.2678124648327	FALSE
ridge314_primary	Factor3	9	TCGA-JY-A6FG	1	0.835813820362091	0.227280385649687	0.608533434712404	11.4726119601255	FALSE
ridge314_primary	Factor3	9	TCGA-JY-A93F	2	0.716243803501129	0.298234644317543	0.418009159183587	8.63115778371875	FALSE
ridge314_primary	Factor3	9	TCGA-KH-A6WC	3	-1.09358608722687	-1.0856826854874	-0.00790340173946902	9.75583287172882	FALSE
ridge314_primary	Factor3	9	TCGA-L5-A43J	1	0.964678287506104	0.683309757371679	0.281368530134425	11.4726119601255	FALSE
ridge314_primary	Factor3	9	TCGA-L5-A4OM	4	-0.743738412857056	-0.593427844130584	-0.150310568726472	7.6899636006616	FALSE
ridge314_primary	Factor3	9	TCGA-L5-A88S	4	0.522524893283844	0.674622856089313	-0.152097962805469	7.6899636006616	FALSE
ridge314_primary	Factor3	9	TCGA-L5-A88W	2	1.53448259830475	0.72670931568022	0.80777328262453	8.63115778371875	FALSE
ridge314_primary	Factor3	9	TCGA-L5-A88Z	5	-0.1108428388834	-0.35701541218606	0.24617257330266	14.2678124648327	FALSE
ridge314_primary	Factor3	9	TCGA-L5-A8NK	2	-0.836946427822113	-0.627349194378149	-0.209597233443964	8.63115778371875	FALSE
ridge314_primary	Factor3	9	TCGA-L5-A8NQ	1	-0.843329191207886	-0.369767078523012	-0.473562112684874	11.4726119601255	FALSE
ridge314_primary	Factor3	9	TCGA-L7-A56G	3	-0.702840089797974	-0.350152476123923	-0.352687613674051	9.75583287172882	FALSE
ridge314_primary	Factor3	9	TCGA-LN-A49M	2	1.83668255805969	0.946818440265437	0.889864117794253	8.63115778371875	FALSE
ridge314_primary	Factor3	9	TCGA-LN-A49O	4	1.74763762950897	0.752484911672213	0.995152717836757	7.6899636006616	FALSE
ridge314_primary	Factor3	9	TCGA-LN-A49P	3	-0.922378957271576	-0.6362356675204	-0.286143289751176	9.75583287172882	FALSE
ridge314_primary	Factor3	9	TCGA-LN-A49S	2	-1.6580855846405	-0.768333858577258	-0.889751726063243	8.63115778371875	FALSE
ridge314_primary	Factor3	9	TCGA-LN-A49U	4	1.75135540962219	0.603026211003885	1.1483291986183	7.6899636006616	FALSE
ridge314_primary	Factor3	9	TCGA-LN-A49W	2	-0.175947621464729	-0.886632845076152	0.710685223611423	8.63115778371875	FALSE
ridge314_primary	Factor3	9	TCGA-LN-A49X	4	0.994174003601074	0.537543576932327	0.456630426668747	7.6899636006616	FALSE
ridge314_primary	Factor3	9	TCGA-LN-A49Y	3	-1.22085618972778	-0.0847070077854621	-1.13614918194232	9.75583287172882	FALSE
ridge314_primary	Factor3	9	TCGA-LN-A4A1	1	1.53539943695068	1.10452995161812	0.430869485332563	11.4726119601255	FALSE
ridge314_primary	Factor3	9	TCGA-LN-A4A3	2	-0.141764670610428	0.44357036327573	-0.585335033886158	8.63115778371875	FALSE
ridge314_primary	Factor3	9	TCGA-LN-A4A4	5	0.275420069694519	0.265008793895695	0.0104112757988241	14.2678124648327	FALSE
ridge314_primary	Factor3	9	TCGA-LN-A4A5	3	-0.168166160583496	0.202752517519413	-0.370918678102909	9.75583287172882	FALSE
ridge314_primary	Factor3	9	TCGA-LN-A4A8	3	-0.979195892810822	-0.321579525397795	-0.657616367413027	9.75583287172882	FALSE
ridge314_primary	Factor3	9	TCGA-LN-A4A9	1	1.34573674201965	0.82799177009793	0.51774497192172	11.4726119601255	FALSE
ridge314_primary	Factor3	9	TCGA-LN-A4MQ	2	-0.989262342453003	-0.818207895497373	-0.17105444695563	8.63115778371875	FALSE
ridge314_primary	Factor3	9	TCGA-LN-A5U5	2	-1.18550705909729	-0.971461398044547	-0.214045661052743	8.63115778371875	FALSE
ridge314_primary	Factor3	9	TCGA-LN-A5U6	5	1.12891924381256	0.76501831112342	0.36390093268914	14.2678124648327	FALSE
ridge314_primary	Factor3	9	TCGA-LN-A5U7	4	1.3964010477066	0.404105212049091	0.992295835657509	7.6899636006616	FALSE
ridge314_primary	Factor3	9	TCGA-LN-A7HV	3	0.355938613414764	0.140808548611309	0.215130064803455	9.75583287172882	FALSE
ridge314_primary	Factor3	9	TCGA-LN-A7HW	5	0.733534455299377	0.66200590749463	0.0715285478047469	14.2678124648327	FALSE
ridge314_primary	Factor3	9	TCGA-LN-A7HX	2	1.50342726707459	0.844843956546879	0.658583310527711	8.63115778371875	FALSE
ridge314_primary	Factor3	9	TCGA-LN-A7HY	2	-0.501575231552124	-0.044001479891985	-0.457573751660139	8.63115778371875	FALSE
ridge314_primary	Factor3	9	TCGA-LN-A7HZ	2	-0.201339349150658	-0.61866946667333	0.417330117522672	8.63115778371875	FALSE
ridge314_primary	Factor3	9	TCGA-LN-A8HZ	1	-0.255193203687668	-0.163894749474997	-0.0912984542126714	11.4726119601255	FALSE
ridge314_primary	Factor3	9	TCGA-LN-A8I0	1	0.738435983657837	0.229983492863703	0.508452490794134	11.4726119601255	FALSE
ridge314_primary	Factor3	9	TCGA-LN-A8I1	4	-0.883404850959778	-0.28706052885252	-0.596344322107258	7.6899636006616	FALSE
ridge314_primary	Factor3	9	TCGA-LN-A9FO	3	-0.833663284778595	-0.440219160101212	-0.393444124677383	9.75583287172882	FALSE
ridge314_primary	Factor3	9	TCGA-LN-A9FP	1	-0.979387104511261	-0.275297682305264	-0.704089422205998	11.4726119601255	FALSE
ridge314_primary	Factor3	9	TCGA-LN-A9FQ	2	0.220510303974152	0.0778049844975506	0.142705319476601	8.63115778371875	FALSE
ridge314_primary	Factor3	9	TCGA-LN-A9FR	5	1.10569894313812	1.35196715407628	-0.246268210938156	14.2678124648327	FALSE
ridge314_primary	Factor3	9	TCGA-S8-A6BW	3	0.780785262584686	0.626892183953665	0.153893078631021	9.75583287172882	FALSE
ridge314_primary	Factor3	9	TCGA-V5-A7RC	3	-0.0385478101670742	0.418964478701576	-0.45751228886865	9.75583287172882	FALSE
ridge314_primary	Factor3	9	TCGA-V5-AASV	1	-0.244702532887459	-0.238495619502118	-0.00620691338534107	11.4726119601255	FALSE
ridge314_primary	Factor3	9	TCGA-VR-A8EO	5	-0.987205564975739	-0.0575500079607912	-0.929655557014948	14.2678124648327	FALSE
ridge314_primary	Factor3	9	TCGA-VR-A8EP	4	-1.18380069732666	-0.875115856812459	-0.308684840514201	7.6899636006616	FALSE
ridge314_primary	Factor3	9	TCGA-VR-A8ER	3	-0.510153234004974	-0.357239759885184	-0.15291347411979	9.75583287172882	FALSE
ridge314_primary	Factor3	9	TCGA-VR-A8ET	1	-0.199732303619385	0.0211715277626594	-0.220903831382044	11.4726119601255	FALSE
ridge314_primary	Factor3	9	TCGA-VR-A8EU	3	1.37956213951111	0.720814587549522	0.658747551961588	9.75583287172882	FALSE
ridge314_primary	Factor3	9	TCGA-VR-A8EW	5	-0.138556256890297	-0.230243478749583	0.0916872218592864	14.2678124648327	FALSE
ridge314_primary	Factor3	9	TCGA-VR-A8EX	3	-1.58354938030243	-1.21464277005818	-0.368906610244245	9.75583287172882	FALSE
ridge314_primary	Factor3	9	TCGA-VR-A8EY	4	0.985304713249207	0.440402542444384	0.544902170804823	7.6899636006616	FALSE
ridge314_primary	Factor3	9	TCGA-VR-A8EZ	4	-0.239988952875137	-0.12064862277346	-0.119340330101677	7.6899636006616	FALSE
ridge314_primary	Factor3	9	TCGA-VR-AA4G	4	0.70863276720047	0.37144465888914	0.33718810831133	7.6899636006616	FALSE
ridge314_primary	Factor3	9	TCGA-VR-AA7I	5	0.97487473487854	0.53574504147481	0.43912969340373	14.2678124648327	FALSE
ridge314_primary	Factor3	9	TCGA-XP-A8T6	5	-0.733712792396545	-0.467465049422524	-0.266247742974021	14.2678124648327	FALSE
ridge314_primary	Factor3	9	TCGA-XP-A8T8	1	-0.141721993684769	-0.0853932965173361	-0.0563286971674329	11.4726119601255	FALSE
ridge314_primary	Factor3	9	TCGA-Z6-A8JD	5	0.0697099044919014	0.557211685944118	-0.487501781452217	14.2678124648327	FALSE
ridge314_primary	Factor3	9	TCGA-Z6-A8JE	3	-1.0555659532547	-0.11681386411642	-0.93875208913828	9.75583287172882	FALSE
ridge314_primary	Factor3	9	TCGA-Z6-A9VB	3	-0.622409760951996	-0.560182079377976	-0.0622276815740203	9.75583287172882	FALSE
ridge314_primary	Factor3	9	TCGA-Z6-AAPN	1	-0.0728011429309845	0.137368797838937	-0.210169940769921	11.4726119601255	FALSE
ridge314_primary	Factor3	10	TCGA-IG-A3I8	1	0.115762770175934	0.060609480201342	0.055153289974592	12.0287606747585	FALSE
ridge314_primary	Factor3	10	TCGA-IG-A3QL	5	0.31697490811348	-0.156041601495825	0.473016509609305	10.7382185244332	FALSE
ridge314_primary	Factor3	10	TCGA-IG-A3YA	3	-0.74126535654068	-1.25085426959264	0.509588913051963	9.79648145101604	FALSE
ridge314_primary	Factor3	10	TCGA-IG-A3YB	4	-1.19830191135407	-0.596057642036253	-0.602244269317817	8.73169108432427	FALSE
ridge314_primary	Factor3	10	TCGA-IG-A3YC	3	-0.470650941133499	-0.478902245185691	0.00825130405219149	9.79648145101604	FALSE
ridge314_primary	Factor3	10	TCGA-IG-A4P3	5	-1.35126984119415	-1.43900257108329	0.0877327298891422	10.7382185244332	FALSE
ridge314_primary	Factor3	10	TCGA-IG-A50L	5	0.829516172409058	0.613431699353657	0.216084473055401	10.7382185244332	FALSE
ridge314_primary	Factor3	10	TCGA-IG-A51D	5	0.400122225284576	0.208729991235131	0.191392234049445	10.7382185244332	FALSE
ridge314_primary	Factor3	10	TCGA-IG-A5B8	3	0.946748554706573	0.431525537616802	0.515223017089771	9.79648145101604	FALSE
ridge314_primary	Factor3	10	TCGA-IG-A5S3	4	-1.59015285968781	-0.710492055768753	-0.879660803919057	8.73169108432427	FALSE
ridge314_primary	Factor3	10	TCGA-IG-A625	5	-1.36808097362518	-0.776744720107488	-0.591336253517692	10.7382185244332	FALSE
ridge314_primary	Factor3	10	TCGA-IG-A6QS	5	1.79084122180939	0.729150104506542	1.06169111730285	10.7382185244332	FALSE
ridge314_primary	Factor3	10	TCGA-IG-A8O2	4	-1.80665290355682	-0.531873197056701	-1.27477970650012	8.73169108432427	FALSE
ridge314_primary	Factor3	10	TCGA-IG-A97H	4	1.14828658103943	0.714956541026597	0.433330040012834	8.73169108432427	FALSE
ridge314_primary	Factor3	10	TCGA-IG-A97I	2	0.778580486774445	0.587843645344582	0.190736841429863	10.5577949361535	FALSE
ridge314_primary	Factor3	10	TCGA-JY-A6FD	2	0.203392699360847	0.539651941133025	-0.336259241772178	10.5577949361535	FALSE
ridge314_primary	Factor3	10	TCGA-JY-A6FE	1	0.0588032715022564	0.515990097918253	-0.457186826415996	12.0287606747585	FALSE
ridge314_primary	Factor3	10	TCGA-JY-A6FG	2	0.835813820362091	0.277329441573541	0.55848437878855	10.5577949361535	FALSE
ridge314_primary	Factor3	10	TCGA-JY-A93F	5	0.716243803501129	0.323155541241227	0.393088262259902	10.7382185244332	FALSE
ridge314_primary	Factor3	10	TCGA-KH-A6WC	2	-1.09358608722687	-0.990396593602173	-0.103189493624697	10.5577949361535	FALSE
ridge314_primary	Factor3	10	TCGA-L5-A43J	2	0.964678287506104	0.668203311449024	0.29647497605708	10.5577949361535	FALSE
ridge314_primary	Factor3	10	TCGA-L5-A4OM	1	-0.743738412857056	-0.439959314009703	-0.303779098847353	12.0287606747585	FALSE
ridge314_primary	Factor3	10	TCGA-L5-A88S	1	0.522524893283844	0.785240127869359	-0.262715234585515	12.0287606747585	FALSE
ridge314_primary	Factor3	10	TCGA-L5-A88W	4	1.53448259830475	0.76996829624599	0.76451430205876	8.73169108432427	FALSE
ridge314_primary	Factor3	10	TCGA-L5-A88Z	2	-0.1108428388834	-0.368056745047388	0.257213906163988	10.5577949361535	FALSE
ridge314_primary	Factor3	10	TCGA-L5-A8NK	4	-0.836946427822113	-0.572091563056452	-0.264854864765661	8.73169108432427	FALSE
ridge314_primary	Factor3	10	TCGA-L5-A8NQ	2	-0.843329191207886	-0.229794434743062	-0.613534756464824	10.5577949361535	FALSE
ridge314_primary	Factor3	10	TCGA-L7-A56G	3	-0.702840089797974	-0.418282055215332	-0.284558034582642	9.79648145101604	FALSE
ridge314_primary	Factor3	10	TCGA-LN-A49M	3	1.83668255805969	0.857354998268379	0.979327559791311	9.79648145101604	FALSE
ridge314_primary	Factor3	10	TCGA-LN-A49O	3	1.74763762950897	0.89747953749616	0.85015809201281	9.79648145101604	FALSE
ridge314_primary	Factor3	10	TCGA-LN-A49P	2	-0.922378957271576	-0.790547779301088	-0.131831177970488	10.5577949361535	FALSE
ridge314_primary	Factor3	10	TCGA-LN-A49S	4	-1.6580855846405	-0.694063958410373	-0.964021626230127	8.73169108432427	FALSE
ridge314_primary	Factor3	10	TCGA-LN-A49U	5	1.75135540962219	0.600349744747503	1.15100566487469	10.7382185244332	FALSE
ridge314_primary	Factor3	10	TCGA-LN-A49W	1	-0.175947621464729	-0.719469904752238	0.543522283287509	12.0287606747585	FALSE
ridge314_primary	Factor3	10	TCGA-LN-A49X	3	0.994174003601074	0.643070035104125	0.351103968496949	9.79648145101604	FALSE
ridge314_primary	Factor3	10	TCGA-LN-A49Y	5	-1.22085618972778	-0.269481109414328	-0.951375080313452	10.7382185244332	FALSE
ridge314_primary	Factor3	10	TCGA-LN-A4A1	2	1.53539943695068	1.19753868766167	0.33786074928901	10.5577949361535	FALSE
ridge314_primary	Factor3	10	TCGA-LN-A4A3	2	-0.141764670610428	0.355436137495346	-0.497200808105774	10.5577949361535	FALSE
ridge314_primary	Factor3	10	TCGA-LN-A4A4	1	0.275420069694519	0.2845964264576	-0.00917635676308148	12.0287606747585	FALSE
ridge314_primary	Factor3	10	TCGA-LN-A4A5	3	-0.168166160583496	0.155252334478093	-0.32341849506159	9.79648145101604	FALSE
ridge314_primary	Factor3	10	TCGA-LN-A4A8	5	-0.979195892810822	-0.42859070821268	-0.550605184598142	10.7382185244332	FALSE
ridge314_primary	Factor3	10	TCGA-LN-A4A9	4	1.34573674201965	0.932585812002987	0.413150930016663	8.73169108432427	FALSE
ridge314_primary	Factor3	10	TCGA-LN-A4MQ	4	-0.989262342453003	-0.690062470245836	-0.299199872207167	8.73169108432427	FALSE
ridge314_primary	Factor3	10	TCGA-LN-A5U5	4	-1.18550705909729	-0.646480826888576	-0.539026232208714	8.73169108432427	FALSE
ridge314_primary	Factor3	10	TCGA-LN-A5U6	5	1.12891924381256	0.707377593343862	0.421541650468698	10.7382185244332	FALSE
ridge314_primary	Factor3	10	TCGA-LN-A5U7	2	1.3964010477066	0.478354151795909	0.918046895910691	10.5577949361535	FALSE
ridge314_primary	Factor3	10	TCGA-LN-A7HV	4	0.355938613414764	0.050684437810729	0.305254175604035	8.73169108432427	FALSE
ridge314_primary	Factor3	10	TCGA-LN-A7HW	3	0.733534455299377	0.720140016611081	0.0133944386882964	9.79648145101604	FALSE
ridge314_primary	Factor3	10	TCGA-LN-A7HX	5	1.50342726707459	0.683467286379195	0.819959980695395	10.7382185244332	FALSE
ridge314_primary	Factor3	10	TCGA-LN-A7HY	2	-0.501575231552124	0.209299732976362	-0.710874964528486	10.5577949361535	FALSE
ridge314_primary	Factor3	10	TCGA-LN-A7HZ	1	-0.201339349150658	-0.645876862546772	0.444537513396114	12.0287606747585	FALSE
ridge314_primary	Factor3	10	TCGA-LN-A8HZ	2	-0.255193203687668	-0.230951818254501	-0.024241385433167	10.5577949361535	FALSE
ridge314_primary	Factor3	10	TCGA-LN-A8I0	1	0.738435983657837	0.28411694914019	0.454319034517647	12.0287606747585	FALSE
ridge314_primary	Factor3	10	TCGA-LN-A8I1	4	-0.883404850959778	-0.125411074511568	-0.75799377644821	8.73169108432427	FALSE
ridge314_primary	Factor3	10	TCGA-LN-A9FO	3	-0.833663284778595	-0.684540309139429	-0.149122975639166	9.79648145101604	FALSE
ridge314_primary	Factor3	10	TCGA-LN-A9FP	3	-0.979387104511261	-0.532546723723737	-0.446840380787525	9.79648145101604	FALSE
ridge314_primary	Factor3	10	TCGA-LN-A9FQ	1	0.220510303974152	0.0604314657797181	0.160078838194434	12.0287606747585	FALSE
ridge314_primary	Factor3	10	TCGA-LN-A9FR	2	1.10569894313812	1.3822847167657	-0.276585773627577	10.5577949361535	FALSE
ridge314_primary	Factor3	10	TCGA-S8-A6BW	1	0.780785262584686	0.559472618196303	0.221312644388383	12.0287606747585	FALSE
ridge314_primary	Factor3	10	TCGA-V5-A7RC	2	-0.0385478101670742	0.357645948624891	-0.396193758791966	10.5577949361535	FALSE
ridge314_primary	Factor3	10	TCGA-V5-AASV	1	-0.244702532887459	-0.211075865825997	-0.0336266670614624	12.0287606747585	FALSE
ridge314_primary	Factor3	10	TCGA-VR-A8EO	1	-0.987205564975739	-0.0730649242287423	-0.914140640746997	12.0287606747585	FALSE
ridge314_primary	Factor3	10	TCGA-VR-A8EP	4	-1.18380069732666	-0.767527177128964	-0.416273520197696	8.73169108432427	FALSE
ridge314_primary	Factor3	10	TCGA-VR-A8ER	5	-0.510153234004974	-0.387122720445349	-0.123030513559625	10.7382185244332	FALSE
ridge314_primary	Factor3	10	TCGA-VR-A8ET	4	-0.199732303619385	0.136179857525846	-0.335912161145231	8.73169108432427	FALSE
ridge314_primary	Factor3	10	TCGA-VR-A8EU	3	1.37956213951111	0.608355677270537	0.771206462240573	9.79648145101604	FALSE
ridge314_primary	Factor3	10	TCGA-VR-A8EW	1	-0.138556256890297	-0.159429731672536	0.0208734747822393	12.0287606747585	FALSE
ridge314_primary	Factor3	10	TCGA-VR-A8EX	1	-1.58354938030243	-1.22951541062752	-0.354033969674913	12.0287606747585	FALSE
ridge314_primary	Factor3	10	TCGA-VR-A8EY	3	0.985304713249207	0.508664073125235	0.476640640123972	9.79648145101604	FALSE
ridge314_primary	Factor3	10	TCGA-VR-A8EZ	3	-0.239988952875137	-0.212551272526667	-0.0274376803484704	9.79648145101604	FALSE
ridge314_primary	Factor3	10	TCGA-VR-AA4G	5	0.70863276720047	0.427532834398864	0.281099932801606	10.7382185244332	FALSE
ridge314_primary	Factor3	10	TCGA-VR-AA7I	3	0.97487473487854	0.517190715969607	0.457684018908933	9.79648145101604	FALSE
ridge314_primary	Factor3	10	TCGA-XP-A8T6	1	-0.733712792396545	-0.447488043330794	-0.286224749065751	12.0287606747585	FALSE
ridge314_primary	Factor3	10	TCGA-XP-A8T8	1	-0.141721993684769	-0.0406940869897211	-0.101027906695048	12.0287606747585	FALSE
ridge314_primary	Factor3	10	TCGA-Z6-A8JD	3	0.0697099044919014	0.280122271538991	-0.210412367047089	9.79648145101604	FALSE
ridge314_primary	Factor3	10	TCGA-Z6-A8JE	2	-1.0555659532547	-0.106150786680317	-0.949415166574383	10.5577949361535	FALSE
ridge314_primary	Factor3	10	TCGA-Z6-A9VB	4	-0.622409760951996	-0.486204845341493	-0.136204915610503	8.73169108432427	FALSE
ridge314_primary	Factor3	10	TCGA-Z6-AAPN	5	-0.0728011429309845	0.125454436693847	-0.198255579624832	10.7382185244332	FALSE
ridge314_primary	Factor3	11	TCGA-IG-A3I8	5	0.115762770175934	-0.0681392758530439	0.183902046028978	15.428356028126	FALSE
ridge314_primary	Factor3	11	TCGA-IG-A3QL	3	0.31697490811348	-0.071010636443638	0.387985544557118	9.80725581581943	FALSE
ridge314_primary	Factor3	11	TCGA-IG-A3YA	2	-0.74126535654068	-1.23248385538293	0.491218498842246	11.3723325509632	FALSE
ridge314_primary	Factor3	11	TCGA-IG-A3YB	1	-1.19830191135407	-0.797714319053695	-0.400587592300375	9.15981871026405	FALSE
ridge314_primary	Factor3	11	TCGA-IG-A3YC	2	-0.470650941133499	-0.517771339959328	0.0471203988258289	11.3723325509632	FALSE
ridge314_primary	Factor3	11	TCGA-IG-A4P3	3	-1.35126984119415	-1.5940770447651	0.242807203570952	9.80725581581943	FALSE
ridge314_primary	Factor3	11	TCGA-IG-A50L	4	0.829516172409058	0.605869860451479	0.223646311957579	13.542413752496	FALSE
ridge314_primary	Factor3	11	TCGA-IG-A51D	3	0.400122225284576	0.348775972194249	0.0513462530903266	9.80725581581943	FALSE
ridge314_primary	Factor3	11	TCGA-IG-A5B8	4	0.946748554706573	0.473175233812312	0.473573320894261	13.542413752496	FALSE
ridge314_primary	Factor3	11	TCGA-IG-A5S3	4	-1.59015285968781	-0.612018755897466	-0.978134103790345	13.542413752496	FALSE
ridge314_primary	Factor3	11	TCGA-IG-A625	3	-1.36808097362518	-0.778743354316066	-0.589337619309114	9.80725581581943	FALSE
ridge314_primary	Factor3	11	TCGA-IG-A6QS	4	1.79084122180939	0.667146867378148	1.12369435443124	13.542413752496	FALSE
ridge314_primary	Factor3	11	TCGA-IG-A8O2	4	-1.80665290355682	-0.616059216368167	-1.19059368718865	13.542413752496	FALSE
ridge314_primary	Factor3	11	TCGA-IG-A97H	2	1.14828658103943	0.677876339665461	0.470410241373969	11.3723325509632	FALSE
ridge314_primary	Factor3	11	TCGA-IG-A97I	5	0.778580486774445	0.372340272429217	0.406240214345229	15.428356028126	FALSE
ridge314_primary	Factor3	11	TCGA-JY-A6FD	1	0.203392699360847	0.561256979775083	-0.357864280414236	9.15981871026405	FALSE
ridge314_primary	Factor3	11	TCGA-JY-A6FE	2	0.0588032715022564	0.488507284995423	-0.429704013493167	11.3723325509632	FALSE
ridge314_primary	Factor3	11	TCGA-JY-A6FG	1	0.835813820362091	0.260252246364015	0.575561573998076	9.15981871026405	FALSE
ridge314_primary	Factor3	11	TCGA-JY-A93F	5	0.716243803501129	0.0974506865748602	0.618793116926269	15.428356028126	FALSE
ridge314_primary	Factor3	11	TCGA-KH-A6WC	2	-1.09358608722687	-1.34519546274799	0.251609375521118	11.3723325509632	FALSE
ridge314_primary	Factor3	11	TCGA-L5-A43J	4	0.964678287506104	0.635671035964932	0.329007251541172	13.542413752496	FALSE
ridge314_primary	Factor3	11	TCGA-L5-A4OM	4	-0.743738412857056	-0.425119476443968	-0.318618936413088	13.542413752496	FALSE
ridge314_primary	Factor3	11	TCGA-L5-A88S	4	0.522524893283844	0.69952360477793	-0.176998711494086	13.542413752496	FALSE
ridge314_primary	Factor3	11	TCGA-L5-A88W	5	1.53448259830475	0.433346855027806	1.10113574327694	15.428356028126	FALSE
ridge314_primary	Factor3	11	TCGA-L5-A88Z	1	-0.1108428388834	-0.362234623355758	0.251391784472358	9.15981871026405	FALSE
ridge314_primary	Factor3	11	TCGA-L5-A8NK	2	-0.836946427822113	-0.906718986506367	0.0697725586842545	11.3723325509632	FALSE
ridge314_primary	Factor3	11	TCGA-L5-A8NQ	1	-0.843329191207886	-0.235949819321847	-0.607379371886039	9.15981871026405	FALSE
ridge314_primary	Factor3	11	TCGA-L7-A56G	2	-0.702840089797974	-0.473651304701111	-0.229188785096863	11.3723325509632	FALSE
ridge314_primary	Factor3	11	TCGA-LN-A49M	5	1.83668255805969	0.609992863960177	1.22668969409951	15.428356028126	FALSE
ridge314_primary	Factor3	11	TCGA-LN-A49O	1	1.74763762950897	1.02790777624316	0.719729853265814	9.15981871026405	FALSE
ridge314_primary	Factor3	11	TCGA-LN-A49P	3	-0.922378957271576	-0.751904323741902	-0.170474633529674	9.80725581581943	FALSE
ridge314_primary	Factor3	11	TCGA-LN-A49S	5	-1.6580855846405	-0.714669456791024	-0.943416127849476	15.428356028126	FALSE
ridge314_primary	Factor3	11	TCGA-LN-A49U	5	1.75135540962219	0.472784283843731	1.27857112577846	15.428356028126	FALSE
ridge314_primary	Factor3	11	TCGA-LN-A49W	5	-0.175947621464729	-0.588630507587922	0.412682886123193	15.428356028126	FALSE
ridge314_primary	Factor3	11	TCGA-LN-A49X	5	0.994174003601074	0.524769105672307	0.469404897928767	15.428356028126	FALSE
ridge314_primary	Factor3	11	TCGA-LN-A49Y	3	-1.22085618972778	-0.14583718052441	-1.07501900920337	9.80725581581943	FALSE
ridge314_primary	Factor3	11	TCGA-LN-A4A1	5	1.53539943695068	0.843311153438172	0.692088283512509	15.428356028126	FALSE
ridge314_primary	Factor3	11	TCGA-LN-A4A3	4	-0.141764670610428	0.374456207244928	-0.516220877855356	13.542413752496	FALSE
ridge314_primary	Factor3	11	TCGA-LN-A4A4	1	0.275420069694519	0.354409755872754	-0.0789896861782354	9.15981871026405	FALSE
ridge314_primary	Factor3	11	TCGA-LN-A4A5	2	-0.168166160583496	0.237029639966906	-0.405195800550402	11.3723325509632	FALSE
ridge314_primary	Factor3	11	TCGA-LN-A4A8	1	-0.979195892810822	-0.37976490481984	-0.599430987990982	9.15981871026405	FALSE
ridge314_primary	Factor3	11	TCGA-LN-A4A9	2	1.34573674201965	0.861700211389803	0.484036530629847	11.3723325509632	FALSE
ridge314_primary	Factor3	11	TCGA-LN-A4MQ	5	-0.989262342453003	-0.731744157274755	-0.257518185178248	15.428356028126	FALSE
ridge314_primary	Factor3	11	TCGA-LN-A5U5	3	-1.18550705909729	-0.966137900612214	-0.219369158485076	9.80725581581943	FALSE
ridge314_primary	Factor3	11	TCGA-LN-A5U6	3	1.12891924381256	0.874071452091535	0.254847791721025	9.80725581581943	FALSE
ridge314_primary	Factor3	11	TCGA-LN-A5U7	5	1.3964010477066	0.364850071150479	1.03155097655612	15.428356028126	FALSE
ridge314_primary	Factor3	11	TCGA-LN-A7HV	2	0.355938613414764	-0.00297705947277632	0.35891567288754	11.3723325509632	FALSE
ridge314_primary	Factor3	11	TCGA-LN-A7HW	2	0.733534455299377	0.747753794619054	-0.0142193393196765	11.3723325509632	FALSE
ridge314_primary	Factor3	11	TCGA-LN-A7HX	4	1.50342726707459	0.638745724804729	0.864681542269861	13.542413752496	FALSE
ridge314_primary	Factor3	11	TCGA-LN-A7HY	3	-0.501575231552124	0.090590703693618	-0.592165935245742	9.80725581581943	FALSE
ridge314_primary	Factor3	11	TCGA-LN-A7HZ	1	-0.201339349150658	-0.73234208993552	0.531002740784862	9.15981871026405	FALSE
ridge314_primary	Factor3	11	TCGA-LN-A8HZ	4	-0.255193203687668	-0.135830246439297	-0.119362957248371	13.542413752496	FALSE
ridge314_primary	Factor3	11	TCGA-LN-A8I0	4	0.738435983657837	0.22127348232292	0.517162501334917	13.542413752496	FALSE
ridge314_primary	Factor3	11	TCGA-LN-A8I1	4	-0.883404850959778	-0.188918326483795	-0.694486524475983	13.542413752496	FALSE
ridge314_primary	Factor3	11	TCGA-LN-A9FO	1	-0.833663284778595	-0.680242258260863	-0.153421026517732	9.15981871026405	FALSE
ridge314_primary	Factor3	11	TCGA-LN-A9FP	2	-0.979387104511261	-0.417448804009582	-0.561938300501679	11.3723325509632	FALSE
ridge314_primary	Factor3	11	TCGA-LN-A9FQ	4	0.220510303974152	0.0947250987345983	0.125785205239554	13.542413752496	FALSE
ridge314_primary	Factor3	11	TCGA-LN-A9FR	1	1.10569894313812	1.47169833358841	-0.365999390450292	9.15981871026405	FALSE
ridge314_primary	Factor3	11	TCGA-S8-A6BW	3	0.780785262584686	0.547727963685643	0.233057298899043	9.80725581581943	FALSE
ridge314_primary	Factor3	11	TCGA-V5-A7RC	3	-0.0385478101670742	0.911249832573788	-0.949797642740862	9.80725581581943	FALSE
ridge314_primary	Factor3	11	TCGA-V5-AASV	3	-0.244702532887459	-0.170409250015045	-0.0742932828724141	9.80725581581943	FALSE
ridge314_primary	Factor3	11	TCGA-VR-A8EO	5	-0.987205564975739	-0.17205429385364	-0.815151271122099	15.428356028126	FALSE
ridge314_primary	Factor3	11	TCGA-VR-A8EP	3	-1.18380069732666	-0.788980696942959	-0.394820000383701	9.80725581581943	FALSE
ridge314_primary	Factor3	11	TCGA-VR-A8ER	2	-0.510153234004974	-0.351087434283728	-0.159065799721246	11.3723325509632	FALSE
ridge314_primary	Factor3	11	TCGA-VR-A8ET	2	-0.199732303619385	0.135851040376444	-0.335583343995829	11.3723325509632	FALSE
ridge314_primary	Factor3	11	TCGA-VR-A8EU	1	1.37956213951111	0.708262426179453	0.671299713331657	9.15981871026405	FALSE
ridge314_primary	Factor3	11	TCGA-VR-A8EW	5	-0.138556256890297	-0.260689075505284	0.122132818614987	15.428356028126	FALSE
ridge314_primary	Factor3	11	TCGA-VR-A8EX	3	-1.58354938030243	-1.24114820076669	-0.342401179535744	9.80725581581943	FALSE
ridge314_primary	Factor3	11	TCGA-VR-A8EY	5	0.985304713249207	0.350235442615224	0.635069270633983	15.428356028126	FALSE
ridge314_primary	Factor3	11	TCGA-VR-A8EZ	3	-0.239988952875137	-0.0681010572918242	-0.171887895583313	9.80725581581943	FALSE
ridge314_primary	Factor3	11	TCGA-VR-AA4G	2	0.70863276720047	0.445176523134766	0.263456244065704	11.3723325509632	FALSE
ridge314_primary	Factor3	11	TCGA-VR-AA7I	1	0.97487473487854	0.63915639766911	0.33571833720943	9.15981871026405	FALSE
ridge314_primary	Factor3	11	TCGA-XP-A8T6	1	-0.733712792396545	-0.489017754070739	-0.244695038325806	9.15981871026405	FALSE
ridge314_primary	Factor3	11	TCGA-XP-A8T8	1	-0.141721993684769	-0.103690210842929	-0.0380317828418403	9.15981871026405	FALSE
ridge314_primary	Factor3	11	TCGA-Z6-A8JD	1	0.0697099044919014	0.673671464431343	-0.603961559939442	9.15981871026405	FALSE
ridge314_primary	Factor3	11	TCGA-Z6-A8JE	2	-1.0555659532547	-0.196580719804625	-0.858985233450075	11.3723325509632	FALSE
ridge314_primary	Factor3	11	TCGA-Z6-A9VB	4	-0.622409760951996	-0.574309275036983	-0.048100485915013	13.542413752496	FALSE
ridge314_primary	Factor3	11	TCGA-Z6-AAPN	3	-0.0728011429309845	0.211440192083308	-0.284241335014292	9.80725581581943	FALSE
ridge314_primary	Factor3	12	TCGA-IG-A3I8	1	0.115762770175934	0.0284178153775096	0.0873449547984244	10.4392381928021	FALSE
ridge314_primary	Factor3	12	TCGA-IG-A3QL	1	0.31697490811348	-0.0585121939227753	0.375487102036255	10.4392381928021	FALSE
ridge314_primary	Factor3	12	TCGA-IG-A3YA	1	-0.74126535654068	-1.38275126523644	0.641485908695756	10.4392381928021	FALSE
ridge314_primary	Factor3	12	TCGA-IG-A3YB	3	-1.19830191135407	-0.679051320691544	-0.519250590662527	12.0360015208405	FALSE
ridge314_primary	Factor3	12	TCGA-IG-A3YC	2	-0.470650941133499	-0.563943806949039	0.09329286581554	14.6355654237149	FALSE
ridge314_primary	Factor3	12	TCGA-IG-A4P3	1	-1.35126984119415	-1.63360305942563	0.282333218231485	10.4392381928021	FALSE
ridge314_primary	Factor3	12	TCGA-IG-A50L	2	0.829516172409058	0.573854913443525	0.255661258965533	14.6355654237149	FALSE
ridge314_primary	Factor3	12	TCGA-IG-A51D	5	0.400122225284576	0.202743016814962	0.197379208469614	10.3202977190855	FALSE
ridge314_primary	Factor3	12	TCGA-IG-A5B8	2	0.946748554706573	0.539104983866081	0.407643570840492	14.6355654237149	FALSE
ridge314_primary	Factor3	12	TCGA-IG-A5S3	5	-1.59015285968781	-0.681144069147221	-0.909008790540589	10.3202977190855	FALSE
ridge314_primary	Factor3	12	TCGA-IG-A625	5	-1.36808097362518	-0.746577577977386	-0.621503395647794	10.3202977190855	FALSE
ridge314_primary	Factor3	12	TCGA-IG-A6QS	5	1.79084122180939	0.698265641568683	1.09257558024071	10.3202977190855	FALSE
ridge314_primary	Factor3	12	TCGA-IG-A8O2	1	-1.80665290355682	-0.676156476488865	-1.13049642706796	10.4392381928021	FALSE
ridge314_primary	Factor3	12	TCGA-IG-A97H	1	1.14828658103943	0.757044579959536	0.391242001079894	10.4392381928021	FALSE
ridge314_primary	Factor3	12	TCGA-IG-A97I	3	0.778580486774445	0.499104055191354	0.279476431583091	12.0360015208405	FALSE
ridge314_primary	Factor3	12	TCGA-JY-A6FD	1	0.203392699360847	0.661805776980903	-0.458413077620056	10.4392381928021	FALSE
ridge314_primary	Factor3	12	TCGA-JY-A6FE	5	0.0588032715022564	0.506044757188317	-0.44724148568606	10.3202977190855	FALSE
ridge314_primary	Factor3	12	TCGA-JY-A6FG	4	0.835813820362091	0.232453253521275	0.603360566840816	15.9800345962873	FALSE
ridge314_primary	Factor3	12	TCGA-JY-A93F	1	0.716243803501129	0.375139806100644	0.341103997400485	10.4392381928021	FALSE
ridge314_primary	Factor3	12	TCGA-KH-A6WC	2	-1.09358608722687	-0.80021159754593	-0.29337448968094	14.6355654237149	FALSE
ridge314_primary	Factor3	12	TCGA-L5-A43J	2	0.964678287506104	0.586358346419445	0.378319941086659	14.6355654237149	FALSE
ridge314_primary	Factor3	12	TCGA-L5-A4OM	5	-0.743738412857056	-0.484727614577267	-0.259010798279789	10.3202977190855	FALSE
ridge314_primary	Factor3	12	TCGA-L5-A88S	1	0.522524893283844	0.823582233190506	-0.301057339906662	10.4392381928021	FALSE
ridge314_primary	Factor3	12	TCGA-L5-A88W	3	1.53448259830475	0.675777714290852	0.858704884013898	12.0360015208405	FALSE
ridge314_primary	Factor3	12	TCGA-L5-A88Z	3	-0.1108428388834	-0.342334881058857	0.231492042175457	12.0360015208405	FALSE
ridge314_primary	Factor3	12	TCGA-L5-A8NK	3	-0.836946427822113	-0.633141642850478	-0.203804784971635	12.0360015208405	FALSE
ridge314_primary	Factor3	12	TCGA-L5-A8NQ	4	-0.843329191207886	-0.23052338682269	-0.612805804385196	15.9800345962873	FALSE
ridge314_primary	Factor3	12	TCGA-L7-A56G	3	-0.702840089797974	-0.381090578061583	-0.321749511736391	12.0360015208405	FALSE
ridge314_primary	Factor3	12	TCGA-LN-A49M	3	1.83668255805969	0.835064601690177	1.00161795636951	12.0360015208405	FALSE
ridge314_primary	Factor3	12	TCGA-LN-A49O	2	1.74763762950897	0.706771146712476	1.04086648279649	14.6355654237149	FALSE
ridge314_primary	Factor3	12	TCGA-LN-A49P	2	-0.922378957271576	-0.893156466612972	-0.0292224906586043	14.6355654237149	FALSE
ridge314_primary	Factor3	12	TCGA-LN-A49S	2	-1.6580855846405	-0.70630819456252	-0.951777390077981	14.6355654237149	FALSE
ridge314_primary	Factor3	12	TCGA-LN-A49U	5	1.75135540962219	0.611822947837186	1.139532461785	10.3202977190855	FALSE
ridge314_primary	Factor3	12	TCGA-LN-A49W	3	-0.175947621464729	-0.658773801398652	0.482826179933923	12.0360015208405	FALSE
ridge314_primary	Factor3	12	TCGA-LN-A49X	3	0.994174003601074	0.641163204843249	0.353010798757825	12.0360015208405	FALSE
ridge314_primary	Factor3	12	TCGA-LN-A49Y	4	-1.22085618972778	-0.150166060276252	-1.07069012945153	15.9800345962873	FALSE
ridge314_primary	Factor3	12	TCGA-LN-A4A1	4	1.53539943695068	1.03161738562091	0.503782051329768	15.9800345962873	FALSE
ridge314_primary	Factor3	12	TCGA-LN-A4A3	2	-0.141764670610428	0.358832626066471	-0.500597296676899	14.6355654237149	FALSE
ridge314_primary	Factor3	12	TCGA-LN-A4A4	3	0.275420069694519	0.244260775671817	0.031159294022702	12.0360015208405	FALSE
ridge314_primary	Factor3	12	TCGA-LN-A4A5	4	-0.168166160583496	0.247612051556438	-0.415778212139934	15.9800345962873	FALSE
ridge314_primary	Factor3	12	TCGA-LN-A4A8	1	-0.979195892810822	-0.359375997275855	-0.619819895534967	10.4392381928021	FALSE
ridge314_primary	Factor3	12	TCGA-LN-A4A9	2	1.34573674201965	0.62979837877864	0.715938363241011	14.6355654237149	FALSE
ridge314_primary	Factor3	12	TCGA-LN-A4MQ	5	-0.989262342453003	-0.74875264181205	-0.240509700640953	10.3202977190855	FALSE
ridge314_primary	Factor3	12	TCGA-LN-A5U5	4	-1.18550705909729	-0.741081882718518	-0.444425176378772	15.9800345962873	FALSE
ridge314_primary	Factor3	12	TCGA-LN-A5U6	3	1.12891924381256	0.73879420122058	0.39012504259198	12.0360015208405	FALSE
ridge314_primary	Factor3	12	TCGA-LN-A5U7	3	1.3964010477066	0.430739501591537	0.965661546115063	12.0360015208405	FALSE
ridge314_primary	Factor3	12	TCGA-LN-A7HV	2	0.355938613414764	-0.021726610805718	0.377665224220482	14.6355654237149	FALSE
ridge314_primary	Factor3	12	TCGA-LN-A7HW	5	0.733534455299377	0.566796648726327	0.16673780657305	10.3202977190855	FALSE
ridge314_primary	Factor3	12	TCGA-LN-A7HX	4	1.50342726707459	0.698509425944301	0.804917841130289	15.9800345962873	FALSE
ridge314_primary	Factor3	12	TCGA-LN-A7HY	4	-0.501575231552124	0.158005767406406	-0.65958099895853	15.9800345962873	FALSE
ridge314_primary	Factor3	12	TCGA-LN-A7HZ	5	-0.201339349150658	-0.638584790196462	0.437245441045804	10.3202977190855	FALSE
ridge314_primary	Factor3	12	TCGA-LN-A8HZ	5	-0.255193203687668	-0.176270908325014	-0.078922295362654	10.3202977190855	FALSE
ridge314_primary	Factor3	12	TCGA-LN-A8I0	4	0.738435983657837	0.247524041968681	0.490911941689156	15.9800345962873	FALSE
ridge314_primary	Factor3	12	TCGA-LN-A8I1	1	-0.883404850959778	-0.183519979072079	-0.699884871887699	10.4392381928021	FALSE
ridge314_primary	Factor3	12	TCGA-LN-A9FO	4	-0.833663284778595	-0.485433237600552	-0.348230047178043	15.9800345962873	FALSE
ridge314_primary	Factor3	12	TCGA-LN-A9FP	1	-0.979387104511261	-0.579572283041104	-0.399814821470157	10.4392381928021	FALSE
ridge314_primary	Factor3	12	TCGA-LN-A9FQ	2	0.220510303974152	0.0658284470337752	0.154681856940377	14.6355654237149	FALSE
ridge314_primary	Factor3	12	TCGA-LN-A9FR	4	1.10569894313812	1.21714016792548	-0.111441224787363	15.9800345962873	FALSE
ridge314_primary	Factor3	12	TCGA-S8-A6BW	2	0.780785262584686	0.512799016928549	0.267986245656138	14.6355654237149	FALSE
ridge314_primary	Factor3	12	TCGA-V5-A7RC	3	-0.0385478101670742	0.138807487971397	-0.177355298138471	12.0360015208405	FALSE
ridge314_primary	Factor3	12	TCGA-V5-AASV	2	-0.244702532887459	-0.274151515540326	0.0294489826528671	14.6355654237149	FALSE
ridge314_primary	Factor3	12	TCGA-VR-A8EO	1	-0.987205564975739	-0.0495498851298711	-0.937655679845868	10.4392381928021	FALSE
ridge314_primary	Factor3	12	TCGA-VR-A8EP	4	-1.18380069732666	-0.725677086459924	-0.458123610866736	15.9800345962873	FALSE
ridge314_primary	Factor3	12	TCGA-VR-A8ER	5	-0.510153234004974	-0.411357609499091	-0.0987956245058829	10.3202977190855	FALSE
ridge314_primary	Factor3	12	TCGA-VR-A8ET	4	-0.199732303619385	0.0483572969737337	-0.248089600593119	15.9800345962873	FALSE
ridge314_primary	Factor3	12	TCGA-VR-A8EU	5	1.37956213951111	0.628547478290658	0.751014661220452	10.3202977190855	FALSE
ridge314_primary	Factor3	12	TCGA-VR-A8EW	5	-0.138556256890297	-0.202856492620782	0.0643002357304851	10.3202977190855	FALSE
ridge314_primary	Factor3	12	TCGA-VR-A8EX	3	-1.58354938030243	-1.21550765317671	-0.368041727125723	12.0360015208405	FALSE
ridge314_primary	Factor3	12	TCGA-VR-A8EY	5	0.985304713249207	0.518737064704614	0.466567648544593	10.3202977190855	FALSE
ridge314_primary	Factor3	12	TCGA-VR-A8EZ	3	-0.239988952875137	-0.228371378801743	-0.0116175740733945	12.0360015208405	FALSE
ridge314_primary	Factor3	12	TCGA-VR-AA4G	1	0.70863276720047	0.519291688392906	0.189341078807564	10.4392381928021	FALSE
ridge314_primary	Factor3	12	TCGA-VR-AA7I	2	0.97487473487854	0.359194529990377	0.615680204888163	14.6355654237149	FALSE
ridge314_primary	Factor3	12	TCGA-XP-A8T6	1	-0.733712792396545	-0.502283947326456	-0.231428845070089	10.4392381928021	FALSE
ridge314_primary	Factor3	12	TCGA-XP-A8T8	2	-0.141721993684769	-0.0683211928760101	-0.0734008008087589	14.6355654237149	FALSE
ridge314_primary	Factor3	12	TCGA-Z6-A8JD	3	0.0697099044919014	0.382619640409851	-0.31290973591795	12.0360015208405	FALSE
ridge314_primary	Factor3	12	TCGA-Z6-A8JE	1	-1.0555659532547	-0.258539020999689	-0.797026932255011	10.4392381928021	FALSE
ridge314_primary	Factor3	12	TCGA-Z6-A9VB	4	-0.622409760951996	-0.554955293350439	-0.0674544676015567	15.9800345962873	FALSE
ridge314_primary	Factor3	12	TCGA-Z6-AAPN	4	-0.0728011429309845	0.209030115157578	-0.281831258088562	15.9800345962873	FALSE
ridge314_primary	Factor3	13	TCGA-IG-A3I8	4	0.115762770175934	0.0350647908894298	0.0806979792865042	13.2715263596017	FALSE
ridge314_primary	Factor3	13	TCGA-IG-A3QL	2	0.31697490811348	-0.106740439418957	0.423715347532437	11.8634762097666	FALSE
ridge314_primary	Factor3	13	TCGA-IG-A3YA	5	-0.74126535654068	-1.25346996501128	0.512204608470603	12.1455883757872	FALSE
ridge314_primary	Factor3	13	TCGA-IG-A3YB	3	-1.19830191135407	-0.610987763525024	-0.587314147829046	16.1052485748937	FALSE
ridge314_primary	Factor3	13	TCGA-IG-A3YC	4	-0.470650941133499	-0.505945812850267	0.0352948717167679	13.2715263596017	FALSE
ridge314_primary	Factor3	13	TCGA-IG-A4P3	4	-1.35126984119415	-1.63753019000749	0.286260348813336	13.2715263596017	FALSE
ridge314_primary	Factor3	13	TCGA-IG-A50L	4	0.829516172409058	0.661225277880717	0.168290894528341	13.2715263596017	FALSE
ridge314_primary	Factor3	13	TCGA-IG-A51D	1	0.400122225284576	0.305077942029808	0.095044283254768	9.82260565379683	FALSE
ridge314_primary	Factor3	13	TCGA-IG-A5B8	2	0.946748554706573	0.528296676120745	0.418451878585828	11.8634762097666	FALSE
ridge314_primary	Factor3	13	TCGA-IG-A5S3	2	-1.59015285968781	-0.687572465600585	-0.902580394087225	11.8634762097666	FALSE
ridge314_primary	Factor3	13	TCGA-IG-A625	4	-1.36808097362518	-0.792348578597283	-0.575732395027897	13.2715263596017	FALSE
ridge314_primary	Factor3	13	TCGA-IG-A6QS	2	1.79084122180939	0.724983009077527	1.06585821273186	11.8634762097666	FALSE
ridge314_primary	Factor3	13	TCGA-IG-A8O2	2	-1.80665290355682	-0.636759010452379	-1.16989389310444	11.8634762097666	FALSE
ridge314_primary	Factor3	13	TCGA-IG-A97H	1	1.14828658103943	0.710514691326626	0.437771889712804	9.82260565379683	FALSE
ridge314_primary	Factor3	13	TCGA-IG-A97I	5	0.778580486774445	0.522585056128943	0.255995430645502	12.1455883757872	FALSE
ridge314_primary	Factor3	13	TCGA-JY-A6FD	5	0.203392699360847	0.529465122486943	-0.326072423126096	12.1455883757872	FALSE
ridge314_primary	Factor3	13	TCGA-JY-A6FE	1	0.0588032715022564	0.545370631469875	-0.486567359967618	9.82260565379683	FALSE
ridge314_primary	Factor3	13	TCGA-JY-A6FG	3	0.835813820362091	0.209031826097259	0.626781994264832	16.1052485748937	FALSE
ridge314_primary	Factor3	13	TCGA-JY-A93F	5	0.716243803501129	0.314085031225247	0.402158772275882	12.1455883757872	FALSE
ridge314_primary	Factor3	13	TCGA-KH-A6WC	2	-1.09358608722687	-1.14450538967636	0.0509193024494867	11.8634762097666	FALSE
ridge314_primary	Factor3	13	TCGA-L5-A43J	4	0.964678287506104	0.702654714077623	0.262023573428481	13.2715263596017	FALSE
ridge314_primary	Factor3	13	TCGA-L5-A4OM	5	-0.743738412857056	-0.513253394306259	-0.230485018550797	12.1455883757872	FALSE
ridge314_primary	Factor3	13	TCGA-L5-A88S	1	0.522524893283844	0.737690582206572	-0.215165688922728	9.82260565379683	FALSE
ridge314_primary	Factor3	13	TCGA-L5-A88W	5	1.53448259830475	0.713294629658364	0.821187968646387	12.1455883757872	FALSE
ridge314_primary	Factor3	13	TCGA-L5-A88Z	5	-0.1108428388834	-0.323693809650317	0.212850970766917	12.1455883757872	FALSE
ridge314_primary	Factor3	13	TCGA-L5-A8NK	2	-0.836946427822113	-0.776764357831407	-0.0601820699907058	11.8634762097666	FALSE
ridge314_primary	Factor3	13	TCGA-L5-A8NQ	1	-0.843329191207886	-0.210107296622105	-0.633221894585781	9.82260565379683	FALSE
ridge314_primary	Factor3	13	TCGA-L7-A56G	5	-0.702840089797974	-0.332421741720455	-0.370418348077519	12.1455883757872	FALSE
ridge314_primary	Factor3	13	TCGA-LN-A49M	4	1.83668255805969	0.861808174774393	0.974874383285297	13.2715263596017	FALSE
ridge314_primary	Factor3	13	TCGA-LN-A49O	3	1.74763762950897	0.74385271863846	1.00378491087051	16.1052485748937	FALSE
ridge314_primary	Factor3	13	TCGA-LN-A49P	1	-0.922378957271576	-0.74065424464176	-0.181724712629816	9.82260565379683	FALSE
ridge314_primary	Factor3	13	TCGA-LN-A49S	1	-1.6580855846405	-0.777943410570487	-0.880142174070013	9.82260565379683	FALSE
ridge314_primary	Factor3	13	TCGA-LN-A49U	1	1.75135540962219	0.611234093343412	1.14012131627878	9.82260565379683	FALSE
ridge314_primary	Factor3	13	TCGA-LN-A49W	4	-0.175947621464729	-0.737291156739442	0.561343535274713	13.2715263596017	FALSE
ridge314_primary	Factor3	13	TCGA-LN-A49X	3	0.994174003601074	0.600802950084751	0.393371053516323	16.1052485748937	FALSE
ridge314_primary	Factor3	13	TCGA-LN-A49Y	3	-1.22085618972778	-0.173554556882569	-1.04730163284521	16.1052485748937	FALSE
ridge314_primary	Factor3	13	TCGA-LN-A4A1	3	1.53539943695068	0.991577798397667	0.543821638553013	16.1052485748937	FALSE
ridge314_primary	Factor3	13	TCGA-LN-A4A3	2	-0.141764670610428	0.332272466617406	-0.474037137227834	11.8634762097666	FALSE
ridge314_primary	Factor3	13	TCGA-LN-A4A4	3	0.275420069694519	0.305774213605805	-0.0303541439112862	16.1052485748937	FALSE
ridge314_primary	Factor3	13	TCGA-LN-A4A5	2	-0.168166160583496	0.347820511825729	-0.515986672409225	11.8634762097666	FALSE
ridge314_primary	Factor3	13	TCGA-LN-A4A8	3	-0.979195892810822	-0.34558946994763	-0.633606422863192	16.1052485748937	FALSE
ridge314_primary	Factor3	13	TCGA-LN-A4A9	2	1.34573674201965	0.749938071265632	0.595798670754018	11.8634762097666	FALSE
ridge314_primary	Factor3	13	TCGA-LN-A4MQ	1	-0.989262342453003	-0.874859333665358	-0.114403008787645	9.82260565379683	FALSE
ridge314_primary	Factor3	13	TCGA-LN-A5U5	1	-1.18550705909729	-0.893478703149797	-0.292028355947493	9.82260565379683	FALSE
ridge314_primary	Factor3	13	TCGA-LN-A5U6	4	1.12891924381256	0.794242435042778	0.334676808769782	13.2715263596017	FALSE
ridge314_primary	Factor3	13	TCGA-LN-A5U7	2	1.3964010477066	0.492842732840765	0.903558314865835	11.8634762097666	FALSE
ridge314_primary	Factor3	13	TCGA-LN-A7HV	2	0.355938613414764	-0.00677790499920091	0.362716518413965	11.8634762097666	FALSE
ridge314_primary	Factor3	13	TCGA-LN-A7HW	1	0.733534455299377	0.555975337321593	0.177559117977784	9.82260565379683	FALSE
ridge314_primary	Factor3	13	TCGA-LN-A7HX	2	1.50342726707459	0.693751847442098	0.809675419632492	11.8634762097666	FALSE
ridge314_primary	Factor3	13	TCGA-LN-A7HY	4	-0.501575231552124	0.0519447218031617	-0.553519953355286	13.2715263596017	FALSE
ridge314_primary	Factor3	13	TCGA-LN-A7HZ	4	-0.201339349150658	-0.605074912268453	0.403735563117795	13.2715263596017	FALSE
ridge314_primary	Factor3	13	TCGA-LN-A8HZ	1	-0.255193203687668	-0.177331160817057	-0.0778620428706108	9.82260565379683	FALSE
ridge314_primary	Factor3	13	TCGA-LN-A8I0	3	0.738435983657837	0.246621039500052	0.491814944157785	16.1052485748937	FALSE
ridge314_primary	Factor3	13	TCGA-LN-A8I1	2	-0.883404850959778	-0.214165832825854	-0.669239018133924	11.8634762097666	FALSE
ridge314_primary	Factor3	13	TCGA-LN-A9FO	5	-0.833663284778595	-0.573614256302669	-0.260049028475926	12.1455883757872	FALSE
ridge314_primary	Factor3	13	TCGA-LN-A9FP	2	-0.979387104511261	-0.171148940733053	-0.808238163778208	11.8634762097666	FALSE
ridge314_primary	Factor3	13	TCGA-LN-A9FQ	5	0.220510303974152	0.0540637228121886	0.166446581161963	12.1455883757872	FALSE
ridge314_primary	Factor3	13	TCGA-LN-A9FR	4	1.10569894313812	1.31555130902975	-0.209852365891632	13.2715263596017	FALSE
ridge314_primary	Factor3	13	TCGA-S8-A6BW	4	0.780785262584686	0.65565353691326	0.125131725671426	13.2715263596017	FALSE
ridge314_primary	Factor3	13	TCGA-V5-A7RC	3	-0.0385478101670742	0.160707041621006	-0.19925485178808	16.1052485748937	FALSE
ridge314_primary	Factor3	13	TCGA-V5-AASV	3	-0.244702532887459	-0.204776630749938	-0.0399259021375211	16.1052485748937	FALSE
ridge314_primary	Factor3	13	TCGA-VR-A8EO	1	-0.987205564975739	-0.156207717135762	-0.830997847839977	9.82260565379683	FALSE
ridge314_primary	Factor3	13	TCGA-VR-A8EP	5	-1.18380069732666	-0.842018610101139	-0.341782087225521	12.1455883757872	FALSE
ridge314_primary	Factor3	13	TCGA-VR-A8ER	3	-0.510153234004974	-0.32712957091123	-0.183023663093744	16.1052485748937	FALSE
ridge314_primary	Factor3	13	TCGA-VR-A8ET	3	-0.199732303619385	0.0324291137574747	-0.23216141737686	16.1052485748937	FALSE
ridge314_primary	Factor3	13	TCGA-VR-A8EU	1	1.37956213951111	0.757834377826121	0.621727761684989	9.82260565379683	FALSE
ridge314_primary	Factor3	13	TCGA-VR-A8EW	4	-0.138556256890297	-0.201274962906391	0.062718706016094	13.2715263596017	FALSE
ridge314_primary	Factor3	13	TCGA-VR-A8EX	2	-1.58354938030243	-1.13910138324441	-0.444447997058021	11.8634762097666	FALSE
ridge314_primary	Factor3	13	TCGA-VR-A8EY	1	0.985304713249207	0.600131207861039	0.385173505388168	9.82260565379683	FALSE
ridge314_primary	Factor3	13	TCGA-VR-A8EZ	5	-0.239988952875137	-0.194505351526094	-0.0454836013490429	12.1455883757872	FALSE
ridge314_primary	Factor3	13	TCGA-VR-AA4G	3	0.70863276720047	0.42277213695809	0.28586063024238	16.1052485748937	FALSE
ridge314_primary	Factor3	13	TCGA-VR-AA7I	5	0.97487473487854	0.583998266424335	0.390876468454205	12.1455883757872	FALSE
ridge314_primary	Factor3	13	TCGA-XP-A8T6	3	-0.733712792396545	-0.390082311395189	-0.343630481001356	16.1052485748937	FALSE
ridge314_primary	Factor3	13	TCGA-XP-A8T8	5	-0.141721993684769	-0.0644107152694812	-0.0773112784152878	12.1455883757872	FALSE
ridge314_primary	Factor3	13	TCGA-Z6-A8JD	1	0.0697099044919014	0.481154621405707	-0.411444716913806	9.82260565379683	FALSE
ridge314_primary	Factor3	13	TCGA-Z6-A8JE	4	-1.0555659532547	-0.171314418939913	-0.884251534314787	13.2715263596017	FALSE
ridge314_primary	Factor3	13	TCGA-Z6-A9VB	3	-0.622409760951996	-0.54551910963803	-0.0768906513139661	16.1052485748937	FALSE
ridge314_primary	Factor3	13	TCGA-Z6-AAPN	5	-0.0728011429309845	0.218515484517075	-0.29131662744806	12.1455883757872	FALSE
ridge314_primary	Factor3	14	TCGA-IG-A3I8	4	0.115762770175934	-0.0314963891293324	0.147259159305266	12.4426304441376	FALSE
ridge314_primary	Factor3	14	TCGA-IG-A3QL	5	0.31697490811348	-0.149093757090519	0.466068665203999	10.0159816121885	FALSE
ridge314_primary	Factor3	14	TCGA-IG-A3YA	5	-0.74126535654068	-1.34274795173671	0.601482595196034	10.0159816121885	FALSE
ridge314_primary	Factor3	14	TCGA-IG-A3YB	1	-1.19830191135407	-0.721939837194584	-0.476362074159486	11.6928098210416	FALSE
ridge314_primary	Factor3	14	TCGA-IG-A3YC	2	-0.470650941133499	-0.478335046670744	0.00768410553724536	14.5811988838412	FALSE
ridge314_primary	Factor3	14	TCGA-IG-A4P3	5	-1.35126984119415	-1.64604435223461	0.294774511040459	10.0159816121885	FALSE
ridge314_primary	Factor3	14	TCGA-IG-A50L	4	0.829516172409058	0.578001318742318	0.25151485366674	12.4426304441376	FALSE
ridge314_primary	Factor3	14	TCGA-IG-A51D	5	0.400122225284576	0.265966731210041	0.134155494074535	10.0159816121885	FALSE
ridge314_primary	Factor3	14	TCGA-IG-A5B8	4	0.946748554706573	0.441891659660156	0.504856895046417	12.4426304441376	FALSE
ridge314_primary	Factor3	14	TCGA-IG-A5S3	2	-1.59015285968781	-0.687588974596698	-0.902563885091112	14.5811988838412	FALSE
ridge314_primary	Factor3	14	TCGA-IG-A625	1	-1.36808097362518	-0.784041843552162	-0.584039130073018	11.6928098210416	FALSE
ridge314_primary	Factor3	14	TCGA-IG-A6QS	3	1.79084122180939	0.717889640139854	1.07295158166954	9.68547144837224	FALSE
ridge314_primary	Factor3	14	TCGA-IG-A8O2	4	-1.80665290355682	-0.661744726404323	-1.1449081771525	12.4426304441376	FALSE
ridge314_primary	Factor3	14	TCGA-IG-A97H	1	1.14828658103943	0.644725478549592	0.503561102489838	11.6928098210416	FALSE
ridge314_primary	Factor3	14	TCGA-IG-A97I	2	0.778580486774445	0.517281821445252	0.261298665329193	14.5811988838412	FALSE
ridge314_primary	Factor3	14	TCGA-JY-A6FD	1	0.203392699360847	0.520391432318911	-0.316998732958064	11.6928098210416	FALSE
ridge314_primary	Factor3	14	TCGA-JY-A6FE	5	0.0588032715022564	0.534955780950899	-0.476152509448642	10.0159816121885	FALSE
ridge314_primary	Factor3	14	TCGA-JY-A6FG	3	0.835813820362091	0.273602600947681	0.56221121941441	9.68547144837224	FALSE
ridge314_primary	Factor3	14	TCGA-JY-A93F	1	0.716243803501129	0.391574860887106	0.324668942614023	11.6928098210416	FALSE
ridge314_primary	Factor3	14	TCGA-KH-A6WC	3	-1.09358608722687	-1.01279069180909	-0.0807953954177762	9.68547144837224	FALSE
ridge314_primary	Factor3	14	TCGA-L5-A43J	2	0.964678287506104	0.706586568767989	0.258091718738115	14.5811988838412	FALSE
ridge314_primary	Factor3	14	TCGA-L5-A4OM	2	-0.743738412857056	-0.477425282904907	-0.266313129952149	14.5811988838412	FALSE
ridge314_primary	Factor3	14	TCGA-L5-A88S	2	0.522524893283844	0.803908226696046	-0.281383333412202	14.5811988838412	FALSE
ridge314_primary	Factor3	14	TCGA-L5-A88W	5	1.53448259830475	0.726785895543402	0.807696702761349	10.0159816121885	FALSE
ridge314_primary	Factor3	14	TCGA-L5-A88Z	1	-0.1108428388834	-0.317895573560614	0.207052734677214	11.6928098210416	FALSE
ridge314_primary	Factor3	14	TCGA-L5-A8NK	5	-0.836946427822113	-0.64637721249762	-0.190569215324493	10.0159816121885	FALSE
ridge314_primary	Factor3	14	TCGA-L5-A8NQ	3	-0.843329191207886	-0.296178137870018	-0.547151053337869	9.68547144837224	FALSE
ridge314_primary	Factor3	14	TCGA-L7-A56G	3	-0.702840089797974	-0.351005469228691	-0.351834620569283	9.68547144837224	FALSE
ridge314_primary	Factor3	14	TCGA-LN-A49M	4	1.83668255805969	0.733747427903565	1.10293513015612	12.4426304441376	FALSE
ridge314_primary	Factor3	14	TCGA-LN-A49O	3	1.74763762950897	0.887082508826414	0.860555120682556	9.68547144837224	FALSE
ridge314_primary	Factor3	14	TCGA-LN-A49P	2	-0.922378957271576	-0.828185968998427	-0.0941929882731487	14.5811988838412	FALSE
ridge314_primary	Factor3	14	TCGA-LN-A49S	5	-1.6580855846405	-0.786970771096674	-0.871114813543826	10.0159816121885	FALSE
ridge314_primary	Factor3	14	TCGA-LN-A49U	4	1.75135540962219	0.569151178358614	1.18220423126358	12.4426304441376	FALSE
ridge314_primary	Factor3	14	TCGA-LN-A49W	2	-0.175947621464729	-0.692627871991746	0.516680250527018	14.5811988838412	FALSE
ridge314_primary	Factor3	14	TCGA-LN-A49X	2	0.994174003601074	0.73039841438382	0.263775589217254	14.5811988838412	FALSE
ridge314_primary	Factor3	14	TCGA-LN-A49Y	1	-1.22085618972778	-0.185221946455164	-1.03563424327262	11.6928098210416	FALSE
ridge314_primary	Factor3	14	TCGA-LN-A4A1	3	1.53539943695068	1.08346410992118	0.451935327029495	9.68547144837224	FALSE
ridge314_primary	Factor3	14	TCGA-LN-A4A3	1	-0.141764670610428	0.426232770340043	-0.567997440950471	11.6928098210416	FALSE
ridge314_primary	Factor3	14	TCGA-LN-A4A4	1	0.275420069694519	0.283619986659289	-0.00819991696477035	11.6928098210416	FALSE
ridge314_primary	Factor3	14	TCGA-LN-A4A5	4	-0.168166160583496	0.275629912585056	-0.443796073168552	12.4426304441376	FALSE
ridge314_primary	Factor3	14	TCGA-LN-A4A8	4	-0.979195892810822	-0.36989705162862	-0.609298841182202	12.4426304441376	FALSE
ridge314_primary	Factor3	14	TCGA-LN-A4A9	4	1.34573674201965	0.710896900920058	0.634839841099593	12.4426304441376	FALSE
ridge314_primary	Factor3	14	TCGA-LN-A4MQ	5	-0.989262342453003	-0.820623017507842	-0.168639324945161	10.0159816121885	FALSE
ridge314_primary	Factor3	14	TCGA-LN-A5U5	5	-1.18550705909729	-0.866197240420802	-0.319309818676488	10.0159816121885	FALSE
ridge314_primary	Factor3	14	TCGA-LN-A5U6	5	1.12891924381256	0.764428913580023	0.364490330232537	10.0159816121885	FALSE
ridge314_primary	Factor3	14	TCGA-LN-A5U7	1	1.3964010477066	0.542930426019047	0.853470621687553	11.6928098210416	FALSE
ridge314_primary	Factor3	14	TCGA-LN-A7HV	2	0.355938613414764	-0.00734946705004394	0.363288080464808	14.5811988838412	FALSE
ridge314_primary	Factor3	14	TCGA-LN-A7HW	4	0.733534455299377	0.527214943828396	0.206319511470981	12.4426304441376	FALSE
ridge314_primary	Factor3	14	TCGA-LN-A7HX	3	1.50342726707459	0.752737619816998	0.750689647257593	9.68547144837224	FALSE
ridge314_primary	Factor3	14	TCGA-LN-A7HY	3	-0.501575231552124	0.117293315662695	-0.618868547214819	9.68547144837224	FALSE
ridge314_primary	Factor3	14	TCGA-LN-A7HZ	2	-0.201339349150658	-0.612913158856275	0.411573809705617	14.5811988838412	FALSE
ridge314_primary	Factor3	14	TCGA-LN-A8HZ	2	-0.255193203687668	-0.166072825901887	-0.0891203777857814	14.5811988838412	FALSE
ridge314_primary	Factor3	14	TCGA-LN-A8I0	3	0.738435983657837	0.273323595315041	0.465112388342797	9.68547144837224	FALSE
ridge314_primary	Factor3	14	TCGA-LN-A8I1	3	-0.883404850959778	-0.260517413667337	-0.622887437292441	9.68547144837224	FALSE
ridge314_primary	Factor3	14	TCGA-LN-A9FO	1	-0.833663284778595	-0.489464502606434	-0.344198782172161	11.6928098210416	FALSE
ridge314_primary	Factor3	14	TCGA-LN-A9FP	4	-0.979387104511261	-0.270504868491212	-0.708882236020049	12.4426304441376	FALSE
ridge314_primary	Factor3	14	TCGA-LN-A9FQ	1	0.220510303974152	0.100817166538585	0.119693137435567	11.6928098210416	FALSE
ridge314_primary	Factor3	14	TCGA-LN-A9FR	3	1.10569894313812	1.33292379847379	-0.22722485533567	9.68547144837224	FALSE
ridge314_primary	Factor3	14	TCGA-S8-A6BW	2	0.780785262584686	0.593058762152379	0.187726500432307	14.5811988838412	FALSE
ridge314_primary	Factor3	14	TCGA-V5-A7RC	4	-0.0385478101670742	0.126286609449323	-0.164834419616397	12.4426304441376	FALSE
ridge314_primary	Factor3	14	TCGA-V5-AASV	1	-0.244702532887459	-0.155240179032743	-0.0894623538547156	11.6928098210416	FALSE
ridge314_primary	Factor3	14	TCGA-VR-A8EO	3	-0.987205564975739	-0.0755571790740882	-0.911648385901651	9.68547144837224	FALSE
ridge314_primary	Factor3	14	TCGA-VR-A8EP	3	-1.18380069732666	-0.871813605747183	-0.311987091579477	9.68547144837224	FALSE
ridge314_primary	Factor3	14	TCGA-VR-A8ER	4	-0.510153234004974	-0.380540123026454	-0.12961311097852	12.4426304441376	FALSE
ridge314_primary	Factor3	14	TCGA-VR-A8ET	2	-0.199732303619385	0.0484401992092885	-0.248172502828673	14.5811988838412	FALSE
ridge314_primary	Factor3	14	TCGA-VR-A8EU	5	1.37956213951111	0.702318769930749	0.677243369580362	10.0159816121885	FALSE
ridge314_primary	Factor3	14	TCGA-VR-A8EW	3	-0.138556256890297	-0.186340952779321	0.0477846958890236	9.68547144837224	FALSE
ridge314_primary	Factor3	14	TCGA-VR-A8EX	4	-1.58354938030243	-1.07936893736988	-0.504180442932553	12.4426304441376	FALSE
ridge314_primary	Factor3	14	TCGA-VR-A8EY	4	0.985304713249207	0.474637741045848	0.510666972203359	12.4426304441376	FALSE
ridge314_primary	Factor3	14	TCGA-VR-A8EZ	1	-0.239988952875137	-0.18481365138414	-0.0551753014909969	11.6928098210416	FALSE
ridge314_primary	Factor3	14	TCGA-VR-AA4G	1	0.70863276720047	0.508995269343163	0.199637497857307	11.6928098210416	FALSE
ridge314_primary	Factor3	14	TCGA-VR-AA7I	5	0.97487473487854	0.546996757645127	0.427877977233413	10.0159816121885	FALSE
ridge314_primary	Factor3	14	TCGA-XP-A8T6	5	-0.733712792396545	-0.440776472294458	-0.292936320102087	10.0159816121885	FALSE
ridge314_primary	Factor3	14	TCGA-XP-A8T8	5	-0.141721993684769	-0.0582398662010801	-0.0834821274836889	10.0159816121885	FALSE
ridge314_primary	Factor3	14	TCGA-Z6-A8JD	2	0.0697099044919014	0.432917026947308	-0.363207122455407	14.5811988838412	FALSE
ridge314_primary	Factor3	14	TCGA-Z6-A8JE	2	-1.0555659532547	-0.175395583599885	-0.880170369654815	14.5811988838412	FALSE
ridge314_primary	Factor3	14	TCGA-Z6-A9VB	1	-0.622409760951996	-0.610972952993122	-0.0114368079588737	11.6928098210416	FALSE
ridge314_primary	Factor3	14	TCGA-Z6-AAPN	3	-0.0728011429309845	0.208888355342764	-0.281689498273748	9.68547144837224	FALSE
ridge314_primary	Factor3	15	TCGA-IG-A3I8	4	0.115762770175934	-0.0460603217790431	0.161823091954977	11.1821680266544	FALSE
ridge314_primary	Factor3	15	TCGA-IG-A3QL	3	0.31697490811348	-0.229019869752515	0.545994777865995	10.7016729615908	FALSE
ridge314_primary	Factor3	15	TCGA-IG-A3YA	3	-0.74126535654068	-1.20794467930772	0.466679322767045	10.7016729615908	FALSE
ridge314_primary	Factor3	15	TCGA-IG-A3YB	1	-1.19830191135407	-0.732650811874054	-0.465651099480016	10.0994778624563	FALSE
ridge314_primary	Factor3	15	TCGA-IG-A3YC	2	-0.470650941133499	-0.35187275742509	-0.118778183708409	8.69565527981789	FALSE
ridge314_primary	Factor3	15	TCGA-IG-A4P3	1	-1.35126984119415	-1.57054466789023	0.219274826696079	10.0994778624563	FALSE
ridge314_primary	Factor3	15	TCGA-IG-A50L	5	0.829516172409058	0.676530235779211	0.152985936629847	10.3092772480881	FALSE
ridge314_primary	Factor3	15	TCGA-IG-A51D	2	0.400122225284576	0.362212307080056	0.0379099182045199	8.69565527981789	FALSE
ridge314_primary	Factor3	15	TCGA-IG-A5B8	1	0.946748554706573	0.617940811873751	0.328807742832822	10.0994778624563	FALSE
ridge314_primary	Factor3	15	TCGA-IG-A5S3	3	-1.59015285968781	-0.746050382543699	-0.844102477144111	10.7016729615908	FALSE
ridge314_primary	Factor3	15	TCGA-IG-A625	2	-1.36808097362518	-0.701924648771947	-0.666156324853233	8.69565527981789	FALSE
ridge314_primary	Factor3	15	TCGA-IG-A6QS	3	1.79084122180939	0.698999350621895	1.0918418711875	10.7016729615908	FALSE
ridge314_primary	Factor3	15	TCGA-IG-A8O2	2	-1.80665290355682	-0.679144097954811	-1.12750880560201	8.69565527981789	FALSE
ridge314_primary	Factor3	15	TCGA-IG-A97H	4	1.14828658103943	0.67037631746985	0.47791026356958	11.1821680266544	FALSE
ridge314_primary	Factor3	15	TCGA-IG-A97I	2	0.778580486774445	0.548628946945646	0.229951539828799	8.69565527981789	FALSE
ridge314_primary	Factor3	15	TCGA-JY-A6FD	4	0.203392699360847	0.548715519817563	-0.345322820456715	11.1821680266544	FALSE
ridge314_primary	Factor3	15	TCGA-JY-A6FE	1	0.0588032715022564	0.602124355753502	-0.543321084251246	10.0994778624563	FALSE
ridge314_primary	Factor3	15	TCGA-JY-A6FG	5	0.835813820362091	0.266741315046124	0.569072505315967	10.3092772480881	FALSE
ridge314_primary	Factor3	15	TCGA-JY-A93F	3	0.716243803501129	0.270335196583653	0.445908606917477	10.7016729615908	FALSE
ridge314_primary	Factor3	15	TCGA-KH-A6WC	4	-1.09358608722687	-0.948942171102964	-0.144643916123906	11.1821680266544	FALSE
ridge314_primary	Factor3	15	TCGA-L5-A43J	5	0.964678287506104	0.644694119292451	0.319984168213653	10.3092772480881	FALSE
ridge314_primary	Factor3	15	TCGA-L5-A4OM	2	-0.743738412857056	-0.538817443825138	-0.204920969031918	8.69565527981789	FALSE
ridge314_primary	Factor3	15	TCGA-L5-A88S	5	0.522524893283844	0.827657082483134	-0.30513218919929	10.3092772480881	FALSE
ridge314_primary	Factor3	15	TCGA-L5-A88W	1	1.53448259830475	0.701444285010358	0.833038313294392	10.0994778624563	FALSE
ridge314_primary	Factor3	15	TCGA-L5-A88Z	4	-0.1108428388834	-0.281387208748122	0.170544369864722	11.1821680266544	FALSE
ridge314_primary	Factor3	15	TCGA-L5-A8NK	2	-0.836946427822113	-0.641559050999339	-0.195387376822774	8.69565527981789	FALSE
ridge314_primary	Factor3	15	TCGA-L5-A8NQ	5	-0.843329191207886	-0.312132125054941	-0.531197066152945	10.3092772480881	FALSE
ridge314_primary	Factor3	15	TCGA-L7-A56G	2	-0.702840089797974	-0.359446451857266	-0.343393637940708	8.69565527981789	FALSE
ridge314_primary	Factor3	15	TCGA-LN-A49M	2	1.83668255805969	0.960113870721236	0.876568687338454	8.69565527981789	FALSE
ridge314_primary	Factor3	15	TCGA-LN-A49O	3	1.74763762950897	0.764119419912641	0.983518209596329	10.7016729615908	FALSE
ridge314_primary	Factor3	15	TCGA-LN-A49P	2	-0.922378957271576	-0.634095269974926	-0.28828368729665	8.69565527981789	FALSE
ridge314_primary	Factor3	15	TCGA-LN-A49S	5	-1.6580855846405	-0.792951645928526	-0.865133938711974	10.3092772480881	FALSE
ridge314_primary	Factor3	15	TCGA-LN-A49U	3	1.75135540962219	0.632141023707445	1.11921438591475	10.7016729615908	FALSE
ridge314_primary	Factor3	15	TCGA-LN-A49W	4	-0.175947621464729	-0.734051577571151	0.558103956106422	11.1821680266544	FALSE
ridge314_primary	Factor3	15	TCGA-LN-A49X	1	0.994174003601074	0.758325228732551	0.235848774868523	10.0994778624563	FALSE
ridge314_primary	Factor3	15	TCGA-LN-A49Y	1	-1.22085618972778	-0.133309099815974	-1.08754708991181	10.0994778624563	FALSE
ridge314_primary	Factor3	15	TCGA-LN-A4A1	1	1.53539943695068	1.20493317877574	0.33046625817494	10.0994778624563	FALSE
ridge314_primary	Factor3	15	TCGA-LN-A4A3	1	-0.141764670610428	0.423319251302154	-0.565083921912582	10.0994778624563	FALSE
ridge314_primary	Factor3	15	TCGA-LN-A4A4	2	0.275420069694519	0.360310339883679	-0.0848902701891596	8.69565527981789	FALSE
ridge314_primary	Factor3	15	TCGA-LN-A4A5	3	-0.168166160583496	0.171264997400867	-0.339431157984363	10.7016729615908	FALSE
ridge314_primary	Factor3	15	TCGA-LN-A4A8	4	-0.979195892810822	-0.444393157225495	-0.534802735585327	11.1821680266544	FALSE
ridge314_primary	Factor3	15	TCGA-LN-A4A9	3	1.34573674201965	0.69975874535615	0.6459779966635	10.7016729615908	FALSE
ridge314_primary	Factor3	15	TCGA-LN-A4MQ	5	-0.989262342453003	-0.812952284163206	-0.176310058289797	10.3092772480881	FALSE
ridge314_primary	Factor3	15	TCGA-LN-A5U5	1	-1.18550705909729	-0.888185635599883	-0.297321423497407	10.0994778624563	FALSE
ridge314_primary	Factor3	15	TCGA-LN-A5U6	4	1.12891924381256	0.801275720361531	0.327643523451029	11.1821680266544	FALSE
ridge314_primary	Factor3	15	TCGA-LN-A5U7	3	1.3964010477066	0.447035972167203	0.949365075539397	10.7016729615908	FALSE
ridge314_primary	Factor3	15	TCGA-LN-A7HV	3	0.355938613414764	-0.0574154617210132	0.413354075135777	10.7016729615908	FALSE
ridge314_primary	Factor3	15	TCGA-LN-A7HW	3	0.733534455299377	0.594519566922847	0.13901488837653	10.7016729615908	FALSE
ridge314_primary	Factor3	15	TCGA-LN-A7HX	5	1.50342726707459	0.767089733269017	0.736337533805573	10.3092772480881	FALSE
ridge314_primary	Factor3	15	TCGA-LN-A7HY	4	-0.501575231552124	0.0279005947089374	-0.529475826261061	11.1821680266544	FALSE
ridge314_primary	Factor3	15	TCGA-LN-A7HZ	3	-0.201339349150658	-0.683262312693126	0.481922963542468	10.7016729615908	FALSE
ridge314_primary	Factor3	15	TCGA-LN-A8HZ	2	-0.255193203687668	-0.100456507141032	-0.154736696546636	8.69565527981789	FALSE
ridge314_primary	Factor3	15	TCGA-LN-A8I0	5	0.738435983657837	0.233191829914728	0.505244153743109	10.3092772480881	FALSE
ridge314_primary	Factor3	15	TCGA-LN-A8I1	3	-0.883404850959778	-0.31606505544716	-0.567339795512619	10.7016729615908	FALSE
ridge314_primary	Factor3	15	TCGA-LN-A9FO	2	-0.833663284778595	-0.480059126253961	-0.353604158524634	8.69565527981789	FALSE
ridge314_primary	Factor3	15	TCGA-LN-A9FP	5	-0.979387104511261	-0.346846673651058	-0.632540430860203	10.3092772480881	FALSE
ridge314_primary	Factor3	15	TCGA-LN-A9FQ	4	0.220510303974152	0.125005061155632	0.0955052428185195	11.1821680266544	FALSE
ridge314_primary	Factor3	15	TCGA-LN-A9FR	2	1.10569894313812	1.29383700162492	-0.188138058486796	8.69565527981789	FALSE
ridge314_primary	Factor3	15	TCGA-S8-A6BW	5	0.780785262584686	0.54099932407812	0.239785938506566	10.3092772480881	FALSE
ridge314_primary	Factor3	15	TCGA-V5-A7RC	5	-0.0385478101670742	0.603383483084146	-0.64193129325122	10.3092772480881	FALSE
ridge314_primary	Factor3	15	TCGA-V5-AASV	5	-0.244702532887459	-0.246602711367559	0.00190017848009977	10.3092772480881	FALSE
ridge314_primary	Factor3	15	TCGA-VR-A8EO	3	-0.987205564975739	-0.107311992358764	-0.879893572616975	10.7016729615908	FALSE
ridge314_primary	Factor3	15	TCGA-VR-A8EP	5	-1.18380069732666	-0.797934331004106	-0.385866366322554	10.3092772480881	FALSE
ridge314_primary	Factor3	15	TCGA-VR-A8ER	2	-0.510153234004974	-0.361021815861156	-0.149131418143818	8.69565527981789	FALSE
ridge314_primary	Factor3	15	TCGA-VR-A8ET	2	-0.199732303619385	0.0580589477767234	-0.257791251396108	8.69565527981789	FALSE
ridge314_primary	Factor3	15	TCGA-VR-A8EU	1	1.37956213951111	0.684660330163481	0.694901809347629	10.0994778624563	FALSE
ridge314_primary	Factor3	15	TCGA-VR-A8EW	3	-0.138556256890297	-0.229839389866284	0.0912831329759867	10.7016729615908	FALSE
ridge314_primary	Factor3	15	TCGA-VR-A8EX	4	-1.58354938030243	-1.23778420733711	-0.345765172965316	11.1821680266544	FALSE
ridge314_primary	Factor3	15	TCGA-VR-A8EY	5	0.985304713249207	0.507728374643293	0.477576338605914	10.3092772480881	FALSE
ridge314_primary	Factor3	15	TCGA-VR-A8EZ	1	-0.239988952875137	-0.120517841590949	-0.119471111284188	10.0994778624563	FALSE
ridge314_primary	Factor3	15	TCGA-VR-AA4G	4	0.70863276720047	0.450705174075998	0.257927593124472	11.1821680266544	FALSE
ridge314_primary	Factor3	15	TCGA-VR-AA7I	4	0.97487473487854	0.553074874274807	0.421799860603733	11.1821680266544	FALSE
ridge314_primary	Factor3	15	TCGA-XP-A8T6	1	-0.733712792396545	-0.442379268245421	-0.291333524151124	10.0994778624563	FALSE
ridge314_primary	Factor3	15	TCGA-XP-A8T8	4	-0.141721993684769	-0.0730363616066319	-0.0686856320781371	11.1821680266544	FALSE
ridge314_primary	Factor3	15	TCGA-Z6-A8JD	1	0.0697099044919014	0.504348818618676	-0.434638914126775	10.0994778624563	FALSE
ridge314_primary	Factor3	15	TCGA-Z6-A8JE	1	-1.0555659532547	-0.125769971127392	-0.929795982127308	10.0994778624563	FALSE
ridge314_primary	Factor3	15	TCGA-Z6-A9VB	4	-0.622409760951996	-0.624438800369209	0.00202903941721322	11.1821680266544	FALSE
ridge314_primary	Factor3	15	TCGA-Z6-AAPN	1	-0.0728011429309845	0.221763927121595	-0.29456507005258	10.0994778624563	FALSE
ridge314_primary	Factor3	16	TCGA-IG-A3I8	4	0.115762770175934	0.0413566927107683	0.0744060774651658	12.3897907344874	FALSE
ridge314_primary	Factor3	16	TCGA-IG-A3QL	2	0.31697490811348	-0.126609854638726	0.443584762752206	10.9037227798477	FALSE
ridge314_primary	Factor3	16	TCGA-IG-A3YA	2	-0.74126535654068	-1.44993303616397	0.708667679623294	10.9037227798477	FALSE
ridge314_primary	Factor3	16	TCGA-IG-A3YB	5	-1.19830191135407	-0.656722847813241	-0.541579063540829	12.4480034609952	FALSE
ridge314_primary	Factor3	16	TCGA-IG-A3YC	2	-0.470650941133499	-0.615316530214405	0.144665589080906	10.9037227798477	FALSE
ridge314_primary	Factor3	16	TCGA-IG-A4P3	2	-1.35126984119415	-1.82637687515792	0.475107033963766	10.9037227798477	FALSE
ridge314_primary	Factor3	16	TCGA-IG-A50L	4	0.829516172409058	0.602546081571648	0.22697009083741	12.3897907344874	FALSE
ridge314_primary	Factor3	16	TCGA-IG-A51D	3	0.400122225284576	0.28526419438383	0.114858030900746	10.1610963976919	FALSE
ridge314_primary	Factor3	16	TCGA-IG-A5B8	2	0.946748554706573	0.551399880460757	0.395348674245816	10.9037227798477	FALSE
ridge314_primary	Factor3	16	TCGA-IG-A5S3	3	-1.59015285968781	-0.699018521429431	-0.891134338258379	10.1610963976919	FALSE
ridge314_primary	Factor3	16	TCGA-IG-A625	2	-1.36808097362518	-0.85389133788047	-0.51418963574471	10.9037227798477	FALSE
ridge314_primary	Factor3	16	TCGA-IG-A6QS	2	1.79084122180939	0.77753378362177	1.01330743818762	10.9037227798477	FALSE
ridge314_primary	Factor3	16	TCGA-IG-A8O2	5	-1.80665290355682	-0.654114621419527	-1.15253828213729	12.4480034609952	FALSE
ridge314_primary	Factor3	16	TCGA-IG-A97H	4	1.14828658103943	0.668239705933525	0.480046875105905	12.3897907344874	FALSE
ridge314_primary	Factor3	16	TCGA-IG-A97I	5	0.778580486774445	0.498535107781749	0.280045378992696	12.4480034609952	FALSE
ridge314_primary	Factor3	16	TCGA-JY-A6FD	5	0.203392699360847	0.457239922704684	-0.253847223343837	12.4480034609952	FALSE
ridge314_primary	Factor3	16	TCGA-JY-A6FE	4	0.0588032715022564	0.548977473245	-0.490174201742743	12.3897907344874	FALSE
ridge314_primary	Factor3	16	TCGA-JY-A6FG	5	0.835813820362091	0.230436585288331	0.60537723507376	12.4480034609952	FALSE
ridge314_primary	Factor3	16	TCGA-JY-A93F	2	0.716243803501129	0.353300975160414	0.362942828340715	10.9037227798477	FALSE
ridge314_primary	Factor3	16	TCGA-KH-A6WC	3	-1.09358608722687	-0.981717969799497	-0.111868117427373	10.1610963976919	FALSE
ridge314_primary	Factor3	16	TCGA-L5-A43J	5	0.964678287506104	0.536407910292893	0.428270377213211	12.4480034609952	FALSE
ridge314_primary	Factor3	16	TCGA-L5-A4OM	5	-0.743738412857056	-0.494047309013968	-0.249691103843088	12.4480034609952	FALSE
ridge314_primary	Factor3	16	TCGA-L5-A88S	2	0.522524893283844	0.805903411982404	-0.28337851869856	10.9037227798477	FALSE
ridge314_primary	Factor3	16	TCGA-L5-A88W	4	1.53448259830475	0.666862611105764	0.867619987198986	12.3897907344874	FALSE
ridge314_primary	Factor3	16	TCGA-L5-A88Z	1	-0.1108428388834	-0.365958597614257	0.255115758730857	11.2159089887406	FALSE
ridge314_primary	Factor3	16	TCGA-L5-A8NK	4	-0.836946427822113	-0.577920830107288	-0.259025597714825	12.3897907344874	FALSE
ridge314_primary	Factor3	16	TCGA-L5-A8NQ	4	-0.843329191207886	-0.230559089322293	-0.612770101885593	12.3897907344874	FALSE
ridge314_primary	Factor3	16	TCGA-L7-A56G	3	-0.702840089797974	-0.278256622287384	-0.42458346751059	10.1610963976919	FALSE
ridge314_primary	Factor3	16	TCGA-LN-A49M	1	1.83668255805969	0.869435552907357	0.967247005152333	11.2159089887406	FALSE
ridge314_primary	Factor3	16	TCGA-LN-A49O	5	1.74763762950897	0.828293413282491	0.919344216226479	12.4480034609952	FALSE
ridge314_primary	Factor3	16	TCGA-LN-A49P	3	-0.922378957271576	-0.806314354601526	-0.11606460267005	10.1610963976919	FALSE
ridge314_primary	Factor3	16	TCGA-LN-A49S	4	-1.6580855846405	-0.76010451763008	-0.89798106701042	12.3897907344874	FALSE
ridge314_primary	Factor3	16	TCGA-LN-A49U	1	1.75135540962219	0.607335219608277	1.14402019001391	11.2159089887406	FALSE
ridge314_primary	Factor3	16	TCGA-LN-A49W	2	-0.175947621464729	-0.953550297744702	0.777602676279973	10.9037227798477	FALSE
ridge314_primary	Factor3	16	TCGA-LN-A49X	4	0.994174003601074	0.681003584239504	0.31317041936157	12.3897907344874	FALSE
ridge314_primary	Factor3	16	TCGA-LN-A49Y	1	-1.22085618972778	-0.251984288999407	-0.968871900728373	11.2159089887406	FALSE
ridge314_primary	Factor3	16	TCGA-LN-A4A1	3	1.53539943695068	1.11503831522041	0.420361121730267	10.1610963976919	FALSE
ridge314_primary	Factor3	16	TCGA-LN-A4A3	5	-0.141764670610428	0.339200176233272	-0.4809648468437	12.4480034609952	FALSE
ridge314_primary	Factor3	16	TCGA-LN-A4A4	1	0.275420069694519	0.242109059374755	0.0333110103197637	11.2159089887406	FALSE
ridge314_primary	Factor3	16	TCGA-LN-A4A5	1	-0.168166160583496	0.128247935492195	-0.296414096075691	11.2159089887406	FALSE
ridge314_primary	Factor3	16	TCGA-LN-A4A8	1	-0.979195892810822	-0.41323089150247	-0.565965001308352	11.2159089887406	FALSE
ridge314_primary	Factor3	16	TCGA-LN-A4A9	3	1.34573674201965	0.835435805830067	0.510300936189583	10.1610963976919	FALSE
ridge314_primary	Factor3	16	TCGA-LN-A4MQ	1	-0.989262342453003	-0.866919148684758	-0.122343193768245	11.2159089887406	FALSE
ridge314_primary	Factor3	16	TCGA-LN-A5U5	3	-1.18550705909729	-0.803741271323667	-0.381765787773623	10.1610963976919	FALSE
ridge314_primary	Factor3	16	TCGA-LN-A5U6	5	1.12891924381256	0.699023091772597	0.429896152039963	12.4480034609952	FALSE
ridge314_primary	Factor3	16	TCGA-LN-A5U7	5	1.3964010477066	0.441241975685959	0.955159072020641	12.4480034609952	FALSE
ridge314_primary	Factor3	16	TCGA-LN-A7HV	1	0.355938613414764	0.02979163263755	0.326146980777214	11.2159089887406	FALSE
ridge314_primary	Factor3	16	TCGA-LN-A7HW	1	0.733534455299377	0.531351331387521	0.202183123911856	11.2159089887406	FALSE
ridge314_primary	Factor3	16	TCGA-LN-A7HX	3	1.50342726707459	0.775547431163934	0.727879835910656	10.1610963976919	FALSE
ridge314_primary	Factor3	16	TCGA-LN-A7HY	4	-0.501575231552124	0.156286109654307	-0.657861341206431	12.3897907344874	FALSE
ridge314_primary	Factor3	16	TCGA-LN-A7HZ	4	-0.201339349150658	-0.52324120294486	0.321901853794202	12.3897907344874	FALSE
ridge314_primary	Factor3	16	TCGA-LN-A8HZ	5	-0.255193203687668	-0.193732018012454	-0.0614611856752142	12.4480034609952	FALSE
ridge314_primary	Factor3	16	TCGA-LN-A8I0	4	0.738435983657837	0.265184793472448	0.473251190185389	12.3897907344874	FALSE
ridge314_primary	Factor3	16	TCGA-LN-A8I1	4	-0.883404850959778	-0.24770412545256	-0.635700725507218	12.3897907344874	FALSE
ridge314_primary	Factor3	16	TCGA-LN-A9FO	3	-0.833663284778595	-0.559703757769512	-0.273959527009083	10.1610963976919	FALSE
ridge314_primary	Factor3	16	TCGA-LN-A9FP	2	-0.979387104511261	-0.523621941504624	-0.455765163006637	10.9037227798477	FALSE
ridge314_primary	Factor3	16	TCGA-LN-A9FQ	3	0.220510303974152	0.111515262048157	0.108995041925995	10.1610963976919	FALSE
ridge314_primary	Factor3	16	TCGA-LN-A9FR	5	1.10569894313812	1.20687418943395	-0.101175246295828	12.4480034609952	FALSE
ridge314_primary	Factor3	16	TCGA-S8-A6BW	1	0.780785262584686	0.4401794850369	0.340605777547786	11.2159089887406	FALSE
ridge314_primary	Factor3	16	TCGA-V5-A7RC	1	-0.0385478101670742	0.169558631458031	-0.208106441625105	11.2159089887406	FALSE
ridge314_primary	Factor3	16	TCGA-V5-AASV	5	-0.244702532887459	-0.15959363176618	-0.0851089011212793	12.4480034609952	FALSE
ridge314_primary	Factor3	16	TCGA-VR-A8EO	4	-0.987205564975739	-0.109036105111698	-0.878169459864041	12.3897907344874	FALSE
ridge314_primary	Factor3	16	TCGA-VR-A8EP	3	-1.18380069732666	-0.78018611665935	-0.40361458066731	10.1610963976919	FALSE
ridge314_primary	Factor3	16	TCGA-VR-A8ER	1	-0.510153234004974	-0.416797555380099	-0.0933556786248753	11.2159089887406	FALSE
ridge314_primary	Factor3	16	TCGA-VR-A8ET	2	-0.199732303619385	0.058830881349157	-0.258563184968542	10.9037227798477	FALSE
ridge314_primary	Factor3	16	TCGA-VR-A8EU	4	1.37956213951111	0.644275815710171	0.735286323800939	12.3897907344874	FALSE
ridge314_primary	Factor3	16	TCGA-VR-A8EW	2	-0.138556256890297	-0.203194574937934	0.0646383180476371	10.9037227798477	FALSE
ridge314_primary	Factor3	16	TCGA-VR-A8EX	1	-1.58354938030243	-1.16268508323965	-0.420864297062778	11.2159089887406	FALSE
ridge314_primary	Factor3	16	TCGA-VR-A8EY	2	0.985304713249207	0.557244333574824	0.428060379674383	10.9037227798477	FALSE
ridge314_primary	Factor3	16	TCGA-VR-A8EZ	2	-0.239988952875137	-0.241040945854855	0.00105199297971822	10.9037227798477	FALSE
ridge314_primary	Factor3	16	TCGA-VR-AA4G	5	0.70863276720047	0.402304856668748	0.306327910531723	12.4480034609952	FALSE
ridge314_primary	Factor3	16	TCGA-VR-AA7I	3	0.97487473487854	0.515248219005231	0.45962651587331	10.1610963976919	FALSE
ridge314_primary	Factor3	16	TCGA-XP-A8T6	3	-0.733712792396545	-0.389531549535955	-0.34418124286059	10.1610963976919	FALSE
ridge314_primary	Factor3	16	TCGA-XP-A8T8	1	-0.141721993684769	-0.0965550921733744	-0.0451669015113946	11.2159089887406	FALSE
ridge314_primary	Factor3	16	TCGA-Z6-A8JD	1	0.0697099044919014	0.527202340759271	-0.45749243626737	11.2159089887406	FALSE
ridge314_primary	Factor3	16	TCGA-Z6-A8JE	3	-1.0555659532547	-0.179468123914162	-0.876097829340538	10.1610963976919	FALSE
ridge314_primary	Factor3	16	TCGA-Z6-A9VB	3	-0.622409760951996	-0.539979164218548	-0.082430596733448	10.1610963976919	FALSE
ridge314_primary	Factor3	16	TCGA-Z6-AAPN	2	-0.0728011429309845	0.171580805622199	-0.244381948553183	10.9037227798477	FALSE
ridge314_primary	Factor3	17	TCGA-IG-A3I8	5	0.115762770175934	-0.0121939988872974	0.127956769063231	14.4936915045151	FALSE
ridge314_primary	Factor3	17	TCGA-IG-A3QL	5	0.31697490811348	-0.166571732828976	0.483546640942457	14.4936915045151	FALSE
ridge314_primary	Factor3	17	TCGA-IG-A3YA	1	-0.74126535654068	-1.20935945769921	0.468094101158532	10.5013127022506	FALSE
ridge314_primary	Factor3	17	TCGA-IG-A3YB	3	-1.19830191135407	-0.736134343736858	-0.462167567617212	9.88220250629395	FALSE
ridge314_primary	Factor3	17	TCGA-IG-A3YC	5	-0.470650941133499	-0.348009464882002	-0.122641476251497	14.4936915045151	FALSE
ridge314_primary	Factor3	17	TCGA-IG-A4P3	4	-1.35126984119415	-1.55595376007902	0.204683918884865	9.05854428418049	FALSE
ridge314_primary	Factor3	17	TCGA-IG-A50L	3	0.829516172409058	0.701635659836705	0.127880512572353	9.88220250629395	FALSE
ridge314_primary	Factor3	17	TCGA-IG-A51D	4	0.400122225284576	0.224481937779705	0.175640287504871	9.05854428418049	FALSE
ridge314_primary	Factor3	17	TCGA-IG-A5B8	2	0.946748554706573	0.700475670979986	0.246272883726587	10.2280835518152	FALSE
ridge314_primary	Factor3	17	TCGA-IG-A5S3	1	-1.59015285968781	-0.787873290754638	-0.802279568933172	10.5013127022506	FALSE
ridge314_primary	Factor3	17	TCGA-IG-A625	4	-1.36808097362518	-0.787910948556296	-0.580170025068884	9.05854428418049	FALSE
ridge314_primary	Factor3	17	TCGA-IG-A6QS	4	1.79084122180939	0.742986413282702	1.04785480852669	9.05854428418049	FALSE
ridge314_primary	Factor3	17	TCGA-IG-A8O2	2	-1.80665290355682	-0.599653762751408	-1.20699914080541	10.2280835518152	FALSE
ridge314_primary	Factor3	17	TCGA-IG-A97H	1	1.14828658103943	0.761484344788902	0.386802236250529	10.5013127022506	FALSE
ridge314_primary	Factor3	17	TCGA-IG-A97I	2	0.778580486774445	0.505513504704843	0.273066982069602	10.2280835518152	FALSE
ridge314_primary	Factor3	17	TCGA-JY-A6FD	3	0.203392699360847	0.558723721248724	-0.355331021887877	9.88220250629395	FALSE
ridge314_primary	Factor3	17	TCGA-JY-A6FE	2	0.0588032715022564	0.444064163183399	-0.385260891681142	10.2280835518152	FALSE
ridge314_primary	Factor3	17	TCGA-JY-A6FG	5	0.835813820362091	0.21474998634927	0.621063834012821	14.4936915045151	FALSE
ridge314_primary	Factor3	17	TCGA-JY-A93F	5	0.716243803501129	0.269697920289915	0.446545883211214	14.4936915045151	FALSE
ridge314_primary	Factor3	17	TCGA-KH-A6WC	3	-1.09358608722687	-1.08424296879329	-0.00934311843358171	9.88220250629395	FALSE
ridge314_primary	Factor3	17	TCGA-L5-A43J	2	0.964678287506104	0.556091883266593	0.408586404239511	10.2280835518152	FALSE
ridge314_primary	Factor3	17	TCGA-L5-A4OM	2	-0.743738412857056	-0.564841721684039	-0.178896691173017	10.2280835518152	FALSE
ridge314_primary	Factor3	17	TCGA-L5-A88S	1	0.522524893283844	0.814864829569826	-0.292339936285981	10.5013127022506	FALSE
ridge314_primary	Factor3	17	TCGA-L5-A88W	3	1.53448259830475	0.766530188991779	0.767952409312971	9.88220250629395	FALSE
ridge314_primary	Factor3	17	TCGA-L5-A88Z	1	-0.1108428388834	-0.354560102092407	0.243717263209007	10.5013127022506	FALSE
ridge314_primary	Factor3	17	TCGA-L5-A8NK	5	-0.836946427822113	-0.557686428647259	-0.279259999174854	14.4936915045151	FALSE
ridge314_primary	Factor3	17	TCGA-L5-A8NQ	1	-0.843329191207886	-0.237625517225897	-0.605703673981989	10.5013127022506	FALSE
ridge314_primary	Factor3	17	TCGA-L7-A56G	3	-0.702840089797974	-0.381933035093357	-0.320907054704617	9.88220250629395	FALSE
ridge314_primary	Factor3	17	TCGA-LN-A49M	3	1.83668255805969	0.957647142873634	0.879035415186056	9.88220250629395	FALSE
ridge314_primary	Factor3	17	TCGA-LN-A49O	2	1.74763762950897	0.791344933765772	0.956292695743198	10.2280835518152	FALSE
ridge314_primary	Factor3	17	TCGA-LN-A49P	1	-0.922378957271576	-0.800018013854027	-0.122360943417549	10.5013127022506	FALSE
ridge314_primary	Factor3	17	TCGA-LN-A49S	5	-1.6580855846405	-0.736676070602685	-0.921409514037816	14.4936915045151	FALSE
ridge314_primary	Factor3	17	TCGA-LN-A49U	4	1.75135540962219	0.672332031402279	1.07902337821991	9.05854428418049	FALSE
ridge314_primary	Factor3	17	TCGA-LN-A49W	2	-0.175947621464729	-0.864339255700022	0.688391634235293	10.2280835518152	FALSE
ridge314_primary	Factor3	17	TCGA-LN-A49X	4	0.994174003601074	0.676631878981422	0.317542124619652	9.05854428418049	FALSE
ridge314_primary	Factor3	17	TCGA-LN-A49Y	2	-1.22085618972778	-0.112817849036765	-1.10803834069101	10.2280835518152	FALSE
ridge314_primary	Factor3	17	TCGA-LN-A4A1	5	1.53539943695068	1.02245773769197	0.512941699258706	14.4936915045151	FALSE
ridge314_primary	Factor3	17	TCGA-LN-A4A3	1	-0.141764670610428	0.433859595600548	-0.575624266210976	10.5013127022506	FALSE
ridge314_primary	Factor3	17	TCGA-LN-A4A4	4	0.275420069694519	0.251890442161007	0.0235296275335119	9.05854428418049	FALSE
ridge314_primary	Factor3	17	TCGA-LN-A4A5	3	-0.168166160583496	0.221096098684281	-0.389262259267777	9.88220250629395	FALSE
ridge314_primary	Factor3	17	TCGA-LN-A4A8	1	-0.979195892810822	-0.439825311426917	-0.539370581383905	10.5013127022506	FALSE
ridge314_primary	Factor3	17	TCGA-LN-A4A9	2	1.34573674201965	0.712495447552559	0.633241294467091	10.2280835518152	FALSE
ridge314_primary	Factor3	17	TCGA-LN-A4MQ	3	-0.989262342453003	-0.86391536122812	-0.125346981224883	9.88220250629395	FALSE
ridge314_primary	Factor3	17	TCGA-LN-A5U5	2	-1.18550705909729	-1.21106931832346	0.0255622592261675	10.2280835518152	FALSE
ridge314_primary	Factor3	17	TCGA-LN-A5U6	1	1.12891924381256	0.85315802415934	0.27576121965322	10.5013127022506	FALSE
ridge314_primary	Factor3	17	TCGA-LN-A5U7	2	1.3964010477066	0.522023032728671	0.874378014977929	10.2280835518152	FALSE
ridge314_primary	Factor3	17	TCGA-LN-A7HV	3	0.355938613414764	-0.0706086752023737	0.426547288617138	9.88220250629395	FALSE
ridge314_primary	Factor3	17	TCGA-LN-A7HW	2	0.733534455299377	0.691086861932834	0.0424475933665427	10.2280835518152	FALSE
ridge314_primary	Factor3	17	TCGA-LN-A7HX	4	1.50342726707459	0.760700845043501	0.742726422031089	9.05854428418049	FALSE
ridge314_primary	Factor3	17	TCGA-LN-A7HY	3	-0.501575231552124	0.100453476798357	-0.602028708350481	9.88220250629395	FALSE
ridge314_primary	Factor3	17	TCGA-LN-A7HZ	3	-0.201339349150658	-0.610086392033733	0.408747042883075	9.88220250629395	FALSE
ridge314_primary	Factor3	17	TCGA-LN-A8HZ	4	-0.255193203687668	-0.163061045929804	-0.0921321577578644	9.05854428418049	FALSE
ridge314_primary	Factor3	17	TCGA-LN-A8I0	1	0.738435983657837	0.272509662855454	0.465926320802383	10.5013127022506	FALSE
ridge314_primary	Factor3	17	TCGA-LN-A8I1	5	-0.883404850959778	-0.245128340124094	-0.638276510835684	14.4936915045151	FALSE
ridge314_primary	Factor3	17	TCGA-LN-A9FO	1	-0.833663284778595	-0.550028300686795	-0.2836349840918	10.5013127022506	FALSE
ridge314_primary	Factor3	17	TCGA-LN-A9FP	5	-0.979387104511261	-0.343083294234168	-0.636303810277093	14.4936915045151	FALSE
ridge314_primary	Factor3	17	TCGA-LN-A9FQ	3	0.220510303974152	0.0876624483024017	0.13284785567175	9.88220250629395	FALSE
ridge314_primary	Factor3	17	TCGA-LN-A9FR	4	1.10569894313812	1.23751113578792	-0.131812192649805	9.05854428418049	FALSE
ridge314_primary	Factor3	17	TCGA-S8-A6BW	1	0.780785262584686	0.54507702480343	0.235708237781256	10.5013127022506	FALSE
ridge314_primary	Factor3	17	TCGA-V5-A7RC	4	-0.0385478101670742	0.32983854542654	-0.368386355593614	9.05854428418049	FALSE
ridge314_primary	Factor3	17	TCGA-V5-AASV	2	-0.244702532887459	-0.217663160490241	-0.0270393723972176	10.2280835518152	FALSE
ridge314_primary	Factor3	17	TCGA-VR-A8EO	3	-0.987205564975739	-0.0829053551485803	-0.904300209827159	9.88220250629395	FALSE
ridge314_primary	Factor3	17	TCGA-VR-A8EP	5	-1.18380069732666	-0.794325700008819	-0.389474997317841	14.4936915045151	FALSE
ridge314_primary	Factor3	17	TCGA-VR-A8ER	1	-0.510153234004974	-0.398624624873156	-0.111528609131818	10.5013127022506	FALSE
ridge314_primary	Factor3	17	TCGA-VR-A8ET	3	-0.199732303619385	0.0213479628510086	-0.221080266470394	9.88220250629395	FALSE
ridge314_primary	Factor3	17	TCGA-VR-A8EU	5	1.37956213951111	0.61864986625062	0.76091227326049	14.4936915045151	FALSE
ridge314_primary	Factor3	17	TCGA-VR-A8EW	5	-0.138556256890297	-0.203275713121918	0.0647194562316212	14.4936915045151	FALSE
ridge314_primary	Factor3	17	TCGA-VR-A8EX	4	-1.58354938030243	-1.28253408740186	-0.30101529290057	9.05854428418049	FALSE
ridge314_primary	Factor3	17	TCGA-VR-A8EY	1	0.985304713249207	0.555093186602095	0.430211526647113	10.5013127022506	FALSE
ridge314_primary	Factor3	17	TCGA-VR-A8EZ	5	-0.239988952875137	-0.199656032551902	-0.0403329203232354	14.4936915045151	FALSE
ridge314_primary	Factor3	17	TCGA-VR-AA4G	3	0.70863276720047	0.509897075077296	0.198735692123174	9.88220250629395	FALSE
ridge314_primary	Factor3	17	TCGA-VR-AA7I	4	0.97487473487854	0.478282618536461	0.496592116342079	9.05854428418049	FALSE
ridge314_primary	Factor3	17	TCGA-XP-A8T6	5	-0.733712792396545	-0.406537413849529	-0.327175378547016	14.4936915045151	FALSE
ridge314_primary	Factor3	17	TCGA-XP-A8T8	2	-0.141721993684769	-0.0195679868012746	-0.122154006883494	10.2280835518152	FALSE
ridge314_primary	Factor3	17	TCGA-Z6-A8JD	1	0.0697099044919014	0.483596219772047	-0.413886315280145	10.5013127022506	FALSE
ridge314_primary	Factor3	17	TCGA-Z6-A8JE	4	-1.0555659532547	-0.282384149757261	-0.773181803497439	9.05854428418049	FALSE
ridge314_primary	Factor3	17	TCGA-Z6-A9VB	2	-0.622409760951996	-0.537779407212326	-0.0846303537396697	10.2280835518152	FALSE
ridge314_primary	Factor3	17	TCGA-Z6-AAPN	4	-0.0728011429309845	0.1646783482243	-0.237479491155284	9.05854428418049	FALSE
ridge314_primary	Factor3	18	TCGA-IG-A3I8	3	0.115762770175934	0.0371308080157975	0.0786319621601365	11.730631630283	FALSE
ridge314_primary	Factor3	18	TCGA-IG-A3QL	2	0.31697490811348	-0.16076265229392	0.4777375604074	14.9462264617797	FALSE
ridge314_primary	Factor3	18	TCGA-IG-A3YA	5	-0.74126535654068	-1.13683597590227	0.39557061936159	11.9492389345063	FALSE
ridge314_primary	Factor3	18	TCGA-IG-A3YB	1	-1.19830191135407	-0.705165559888013	-0.493136351466057	11.4904314968975	FALSE
ridge314_primary	Factor3	18	TCGA-IG-A3YC	4	-0.470650941133499	-0.624303982149462	0.153653041015963	10.945554528431	FALSE
ridge314_primary	Factor3	18	TCGA-IG-A4P3	4	-1.35126984119415	-1.76144285807727	0.410173016883118	10.945554528431	FALSE
ridge314_primary	Factor3	18	TCGA-IG-A50L	5	0.829516172409058	0.709250248426581	0.120265923982477	11.9492389345063	FALSE
ridge314_primary	Factor3	18	TCGA-IG-A51D	3	0.400122225284576	0.343575619843673	0.0565466054409031	11.730631630283	FALSE
ridge314_primary	Factor3	18	TCGA-IG-A5B8	3	0.946748554706573	0.669461426922727	0.277287127783846	11.730631630283	FALSE
ridge314_primary	Factor3	18	TCGA-IG-A5S3	2	-1.59015285968781	-0.677733459160646	-0.912419400527165	14.9462264617797	FALSE
ridge314_primary	Factor3	18	TCGA-IG-A625	5	-1.36808097362518	-0.745933932227824	-0.622147041397356	11.9492389345063	FALSE
ridge314_primary	Factor3	18	TCGA-IG-A6QS	4	1.79084122180939	0.678013134684216	1.11282808712517	10.945554528431	FALSE
ridge314_primary	Factor3	18	TCGA-IG-A8O2	1	-1.80665290355682	-0.665489096181749	-1.14116380737507	11.4904314968975	FALSE
ridge314_primary	Factor3	18	TCGA-IG-A97H	5	1.14828658103943	0.668044450664953	0.480242130374477	11.9492389345063	FALSE
ridge314_primary	Factor3	18	TCGA-IG-A97I	4	0.778580486774445	0.516417049169962	0.262163437604483	10.945554528431	FALSE
ridge314_primary	Factor3	18	TCGA-JY-A6FD	4	0.203392699360847	0.399465771109318	-0.196073071748471	10.945554528431	FALSE
ridge314_primary	Factor3	18	TCGA-JY-A6FE	5	0.0588032715022564	0.51412449841227	-0.455321226910014	11.9492389345063	FALSE
ridge314_primary	Factor3	18	TCGA-JY-A6FG	3	0.835813820362091	0.400829259036028	0.434984561326063	11.730631630283	FALSE
ridge314_primary	Factor3	18	TCGA-JY-A93F	2	0.716243803501129	0.212474100942435	0.503769702558694	14.9462264617797	FALSE
ridge314_primary	Factor3	18	TCGA-KH-A6WC	3	-1.09358608722687	-1.15966740041348	0.0660813131866085	11.730631630283	FALSE
ridge314_primary	Factor3	18	TCGA-L5-A43J	5	0.964678287506104	0.682225385588947	0.282452901917157	11.9492389345063	FALSE
ridge314_primary	Factor3	18	TCGA-L5-A4OM	3	-0.743738412857056	-0.423305015987127	-0.320433396869929	11.730631630283	FALSE
ridge314_primary	Factor3	18	TCGA-L5-A88S	2	0.522524893283844	0.69730998609798	-0.174785092814135	14.9462264617797	FALSE
ridge314_primary	Factor3	18	TCGA-L5-A88W	1	1.53448259830475	0.691603036502172	0.842879561802578	11.4904314968975	FALSE
ridge314_primary	Factor3	18	TCGA-L5-A88Z	4	-0.1108428388834	-0.308354626110124	0.197511787226724	10.945554528431	FALSE
ridge314_primary	Factor3	18	TCGA-L5-A8NK	3	-0.836946427822113	-0.768764406002943	-0.0681820218191704	11.730631630283	FALSE
ridge314_primary	Factor3	18	TCGA-L5-A8NQ	2	-0.843329191207886	-0.277394380791543	-0.565934810416343	14.9462264617797	FALSE
ridge314_primary	Factor3	18	TCGA-L7-A56G	1	-0.702840089797974	-0.339126419149604	-0.36371367064837	11.4904314968975	FALSE
ridge314_primary	Factor3	18	TCGA-LN-A49M	2	1.83668255805969	0.726828564988522	1.10985399307117	14.9462264617797	FALSE
ridge314_primary	Factor3	18	TCGA-LN-A49O	4	1.74763762950897	0.757169630923206	0.990467998585764	10.945554528431	FALSE
ridge314_primary	Factor3	18	TCGA-LN-A49P	4	-0.922378957271576	-0.952748922794575	0.0303699655229993	10.945554528431	FALSE
ridge314_primary	Factor3	18	TCGA-LN-A49S	3	-1.6580855846405	-0.710941471566069	-0.947144113074431	11.730631630283	FALSE
ridge314_primary	Factor3	18	TCGA-LN-A49U	3	1.75135540962219	0.687506553484946	1.06384885613724	11.730631630283	FALSE
ridge314_primary	Factor3	18	TCGA-LN-A49W	4	-0.175947621464729	-0.775451173527634	0.599503552062905	10.945554528431	FALSE
ridge314_primary	Factor3	18	TCGA-LN-A49X	1	0.994174003601074	0.68155650242398	0.312617501177094	11.4904314968975	FALSE
ridge314_primary	Factor3	18	TCGA-LN-A49Y	3	-1.22085618972778	-0.135128395978647	-1.08572779374913	11.730631630283	FALSE
ridge314_primary	Factor3	18	TCGA-LN-A4A1	5	1.53539943695068	1.12380925353029	0.411590183420387	11.9492389345063	FALSE
ridge314_primary	Factor3	18	TCGA-LN-A4A3	3	-0.141764670610428	0.444146746903398	-0.585911417513826	11.730631630283	FALSE
ridge314_primary	Factor3	18	TCGA-LN-A4A4	5	0.275420069694519	0.318652608946854	-0.0432325392523349	11.9492389345063	FALSE
ridge314_primary	Factor3	18	TCGA-LN-A4A5	3	-0.168166160583496	0.181120496755334	-0.34928665733883	11.730631630283	FALSE
ridge314_primary	Factor3	18	TCGA-LN-A4A8	5	-0.979195892810822	-0.395524193389183	-0.583671699421639	11.9492389345063	FALSE
ridge314_primary	Factor3	18	TCGA-LN-A4A9	2	1.34573674201965	0.743179266350072	0.602557475669578	14.9462264617797	FALSE
ridge314_primary	Factor3	18	TCGA-LN-A4MQ	4	-0.989262342453003	-0.760696942665226	-0.228565399787777	10.945554528431	FALSE
ridge314_primary	Factor3	18	TCGA-LN-A5U5	3	-1.18550705909729	-0.845544381229413	-0.339962677867877	11.730631630283	FALSE
ridge314_primary	Factor3	18	TCGA-LN-A5U6	1	1.12891924381256	0.752423092830465	0.376496150982095	11.4904314968975	FALSE
ridge314_primary	Factor3	18	TCGA-LN-A5U7	4	1.3964010477066	0.451830823277949	0.944570224428651	10.945554528431	FALSE
ridge314_primary	Factor3	18	TCGA-LN-A7HV	2	0.355938613414764	-0.047413979259639	0.403352592674403	14.9462264617797	FALSE
ridge314_primary	Factor3	18	TCGA-LN-A7HW	2	0.733534455299377	0.638585743033674	0.0949487122657029	14.9462264617797	FALSE
ridge314_primary	Factor3	18	TCGA-LN-A7HX	1	1.50342726707459	0.668723624939435	0.834703642135155	11.4904314968975	FALSE
ridge314_primary	Factor3	18	TCGA-LN-A7HY	3	-0.501575231552124	0.0747129627502318	-0.576288194302356	11.730631630283	FALSE
ridge314_primary	Factor3	18	TCGA-LN-A7HZ	1	-0.201339349150658	-0.489586486325702	0.288247137175044	11.4904314968975	FALSE
ridge314_primary	Factor3	18	TCGA-LN-A8HZ	2	-0.255193203687668	-0.216679392116301	-0.0385138115713669	14.9462264617797	FALSE
ridge314_primary	Factor3	18	TCGA-LN-A8I0	1	0.738435983657837	0.24715706220879	0.491278921449047	11.4904314968975	FALSE
ridge314_primary	Factor3	18	TCGA-LN-A8I1	1	-0.883404850959778	-0.193664207051333	-0.689740643908445	11.4904314968975	FALSE
ridge314_primary	Factor3	18	TCGA-LN-A9FO	5	-0.833663284778595	-0.549344170994185	-0.284319113784411	11.9492389345063	FALSE
ridge314_primary	Factor3	18	TCGA-LN-A9FP	5	-0.979387104511261	-0.423345727895297	-0.556041376615964	11.9492389345063	FALSE
ridge314_primary	Factor3	18	TCGA-LN-A9FQ	5	0.220510303974152	0.130622795243098	0.0898875087310539	11.9492389345063	FALSE
ridge314_primary	Factor3	18	TCGA-LN-A9FR	2	1.10569894313812	1.18450705426454	-0.0788081111264245	14.9462264617797	FALSE
ridge314_primary	Factor3	18	TCGA-S8-A6BW	2	0.780785262584686	0.506414973560875	0.274370289023811	14.9462264617797	FALSE
ridge314_primary	Factor3	18	TCGA-V5-A7RC	4	-0.0385478101670742	1.07407652913486	-1.11262433930193	10.945554528431	FALSE
ridge314_primary	Factor3	18	TCGA-V5-AASV	3	-0.244702532887459	-0.125997106033376	-0.118705426854083	11.730631630283	FALSE
ridge314_primary	Factor3	18	TCGA-VR-A8EO	1	-0.987205564975739	-0.0595137530539606	-0.927691811921778	11.4904314968975	FALSE
ridge314_primary	Factor3	18	TCGA-VR-A8EP	4	-1.18380069732666	-0.732234566851821	-0.451566130474839	10.945554528431	FALSE
ridge314_primary	Factor3	18	TCGA-VR-A8ER	1	-0.510153234004974	-0.396150975819884	-0.11400225818509	11.4904314968975	FALSE
ridge314_primary	Factor3	18	TCGA-VR-A8ET	3	-0.199732303619385	0.176835288729456	-0.376567592348841	11.730631630283	FALSE
ridge314_primary	Factor3	18	TCGA-VR-A8EU	2	1.37956213951111	0.535185321008344	0.844376818502766	14.9462264617797	FALSE
ridge314_primary	Factor3	18	TCGA-VR-A8EW	5	-0.138556256890297	-0.181398218965597	0.0428419620753003	11.9492389345063	FALSE
ridge314_primary	Factor3	18	TCGA-VR-A8EX	5	-1.58354938030243	-1.24357202221087	-0.339977358091558	11.9492389345063	FALSE
ridge314_primary	Factor3	18	TCGA-VR-A8EY	1	0.985304713249207	0.518024174873225	0.467280538375983	11.4904314968975	FALSE
ridge314_primary	Factor3	18	TCGA-VR-A8EZ	5	-0.239988952875137	-0.170242909275789	-0.0697460435993479	11.9492389345063	FALSE
ridge314_primary	Factor3	18	TCGA-VR-AA4G	1	0.70863276720047	0.443286766887555	0.265346000312915	11.4904314968975	FALSE
ridge314_primary	Factor3	18	TCGA-VR-AA7I	2	0.97487473487854	0.444143241914318	0.530731492964222	14.9462264617797	FALSE
ridge314_primary	Factor3	18	TCGA-XP-A8T6	4	-0.733712792396545	-0.46453986879332	-0.269172923603225	10.945554528431	FALSE
ridge314_primary	Factor3	18	TCGA-XP-A8T8	1	-0.141721993684769	-0.0485701033458377	-0.0931518903389313	11.4904314968975	FALSE
ridge314_primary	Factor3	18	TCGA-Z6-A8JD	2	0.0697099044919014	0.468235787551912	-0.398525883060011	14.9462264617797	FALSE
ridge314_primary	Factor3	18	TCGA-Z6-A8JE	4	-1.0555659532547	-0.132428224293871	-0.923137728960829	10.945554528431	FALSE
ridge314_primary	Factor3	18	TCGA-Z6-A9VB	2	-0.622409760951996	-0.618556397433359	-0.0038533635186373	14.9462264617797	FALSE
ridge314_primary	Factor3	18	TCGA-Z6-AAPN	1	-0.0728011429309845	0.203903752140059	-0.276704895071044	11.4904314968975	FALSE
ridge314_primary	Factor3	19	TCGA-IG-A3I8	2	0.115762770175934	0.0549712844081935	0.0607914857677405	10.3751365562012	FALSE
ridge314_primary	Factor3	19	TCGA-IG-A3QL	3	0.31697490811348	-0.174305065301539	0.491279973415019	11.4165751607466	FALSE
ridge314_primary	Factor3	19	TCGA-IG-A3YA	2	-0.74126535654068	-1.09978963642797	0.358524279887287	10.3751365562012	FALSE
ridge314_primary	Factor3	19	TCGA-IG-A3YB	2	-1.19830191135407	-0.708153069203402	-0.490148842150668	10.3751365562012	FALSE
ridge314_primary	Factor3	19	TCGA-IG-A3YC	5	-0.470650941133499	-0.38386294358036	-0.0867879975531386	14.327135544698	FALSE
ridge314_primary	Factor3	19	TCGA-IG-A4P3	4	-1.35126984119415	-1.61505098071874	0.26378113952459	9.10878413234996	FALSE
ridge314_primary	Factor3	19	TCGA-IG-A50L	1	0.829516172409058	0.541951493620883	0.287564678788175	12.9394274170508	FALSE
ridge314_primary	Factor3	19	TCGA-IG-A51D	4	0.400122225284576	0.301289304808566	0.0988329204760102	9.10878413234996	FALSE
ridge314_primary	Factor3	19	TCGA-IG-A5B8	1	0.946748554706573	0.586941519833708	0.359807034872865	12.9394274170508	FALSE
ridge314_primary	Factor3	19	TCGA-IG-A5S3	2	-1.59015285968781	-0.666667167306007	-0.923485692381803	10.3751365562012	FALSE
ridge314_primary	Factor3	19	TCGA-IG-A625	2	-1.36808097362518	-0.735580475871448	-0.632500497753733	10.3751365562012	FALSE
ridge314_primary	Factor3	19	TCGA-IG-A6QS	2	1.79084122180939	0.712855594571303	1.07798562723809	10.3751365562012	FALSE
ridge314_primary	Factor3	19	TCGA-IG-A8O2	1	-1.80665290355682	-0.620197515814375	-1.18645538774245	12.9394274170508	FALSE
ridge314_primary	Factor3	19	TCGA-IG-A97H	4	1.14828658103943	0.618652573223899	0.529634007815531	9.10878413234996	FALSE
ridge314_primary	Factor3	19	TCGA-IG-A97I	3	0.778580486774445	0.533721024412929	0.244859462361516	11.4165751607466	FALSE
ridge314_primary	Factor3	19	TCGA-JY-A6FD	3	0.203392699360847	0.559095357419011	-0.355702658058164	11.4165751607466	FALSE
ridge314_primary	Factor3	19	TCGA-JY-A6FE	2	0.0588032715022564	0.561697877602807	-0.50289460610055	10.3751365562012	FALSE
ridge314_primary	Factor3	19	TCGA-JY-A6FG	3	0.835813820362091	0.252915318786133	0.582898501575958	11.4165751607466	FALSE
ridge314_primary	Factor3	19	TCGA-JY-A93F	3	0.716243803501129	0.357711432291612	0.358532371209517	11.4165751607466	FALSE
ridge314_primary	Factor3	19	TCGA-KH-A6WC	1	-1.09358608722687	-0.817813132045993	-0.275772955180877	12.9394274170508	FALSE
ridge314_primary	Factor3	19	TCGA-L5-A43J	5	0.964678287506104	0.607816232684658	0.356862054821446	14.327135544698	FALSE
ridge314_primary	Factor3	19	TCGA-L5-A4OM	3	-0.743738412857056	-0.530654791352915	-0.213083621504141	11.4165751607466	FALSE
ridge314_primary	Factor3	19	TCGA-L5-A88S	5	0.522524893283844	0.765925349587127	-0.243400456303283	14.327135544698	FALSE
ridge314_primary	Factor3	19	TCGA-L5-A88W	2	1.53448259830475	0.613672512429902	0.920810085874848	10.3751365562012	FALSE
ridge314_primary	Factor3	19	TCGA-L5-A88Z	3	-0.1108428388834	-0.350974620857642	0.240131781974242	11.4165751607466	FALSE
ridge314_primary	Factor3	19	TCGA-L5-A8NK	3	-0.836946427822113	-0.650369388135785	-0.186577039686328	11.4165751607466	FALSE
ridge314_primary	Factor3	19	TCGA-L5-A8NQ	4	-0.843329191207886	-0.267546121792663	-0.575783069415223	9.10878413234996	FALSE
ridge314_primary	Factor3	19	TCGA-L7-A56G	1	-0.702840089797974	-0.347765633501185	-0.355074456296789	12.9394274170508	FALSE
ridge314_primary	Factor3	19	TCGA-LN-A49M	2	1.83668255805969	0.80836239234968	1.02832016571001	10.3751365562012	FALSE
ridge314_primary	Factor3	19	TCGA-LN-A49O	1	1.74763762950897	0.762172989726568	0.985464639782402	12.9394274170508	FALSE
ridge314_primary	Factor3	19	TCGA-LN-A49P	5	-0.922378957271576	-0.787288347326934	-0.135090609944643	14.327135544698	FALSE
ridge314_primary	Factor3	19	TCGA-LN-A49S	1	-1.6580855846405	-0.685222579255473	-0.972863005385027	12.9394274170508	FALSE
ridge314_primary	Factor3	19	TCGA-LN-A49U	1	1.75135540962219	0.606946383394173	1.14440902622802	12.9394274170508	FALSE
ridge314_primary	Factor3	19	TCGA-LN-A49W	1	-0.175947621464729	-0.80169179093765	0.625744169472921	12.9394274170508	FALSE
ridge314_primary	Factor3	19	TCGA-LN-A49X	5	0.994174003601074	0.666821180139299	0.327352823461775	14.327135544698	FALSE
ridge314_primary	Factor3	19	TCGA-LN-A49Y	5	-1.22085618972778	-0.202988916790927	-1.01786727293685	14.327135544698	FALSE
ridge314_primary	Factor3	19	TCGA-LN-A4A1	4	1.53539943695068	1.20907980958921	0.326319627361469	9.10878413234996	FALSE
ridge314_primary	Factor3	19	TCGA-LN-A4A3	2	-0.141764670610428	0.403218596276558	-0.544983266886986	10.3751365562012	FALSE
ridge314_primary	Factor3	19	TCGA-LN-A4A4	3	0.275420069694519	0.261887829827157	0.0135322398673625	11.4165751607466	FALSE
ridge314_primary	Factor3	19	TCGA-LN-A4A5	5	-0.168166160583496	0.194568820665217	-0.362734981248713	14.327135544698	FALSE
ridge314_primary	Factor3	19	TCGA-LN-A4A8	4	-0.979195892810822	-0.460187046536025	-0.519008846274797	9.10878413234996	FALSE
ridge314_primary	Factor3	19	TCGA-LN-A4A9	4	1.34573674201965	0.991238120109561	0.354498621910089	9.10878413234996	FALSE
ridge314_primary	Factor3	19	TCGA-LN-A4MQ	4	-0.989262342453003	-0.839854539256005	-0.149407803196998	9.10878413234996	FALSE
ridge314_primary	Factor3	19	TCGA-LN-A5U5	2	-1.18550705909729	-0.907821327048952	-0.277685732048338	10.3751365562012	FALSE
ridge314_primary	Factor3	19	TCGA-LN-A5U6	5	1.12891924381256	0.748918489024811	0.380000754787749	14.327135544698	FALSE
ridge314_primary	Factor3	19	TCGA-LN-A5U7	5	1.3964010477066	0.478854841526873	0.917546206179727	14.327135544698	FALSE
ridge314_primary	Factor3	19	TCGA-LN-A7HV	1	0.355938613414764	0.0219765694824795	0.333962043932285	12.9394274170508	FALSE
ridge314_primary	Factor3	19	TCGA-LN-A7HW	5	0.733534455299377	0.637533955091808	0.0960005002075688	14.327135544698	FALSE
ridge314_primary	Factor3	19	TCGA-LN-A7HX	3	1.50342726707459	0.820415387787166	0.683011879287424	11.4165751607466	FALSE
ridge314_primary	Factor3	19	TCGA-LN-A7HY	1	-0.501575231552124	0.000657220756655131	-0.502232452308779	12.9394274170508	FALSE
ridge314_primary	Factor3	19	TCGA-LN-A7HZ	5	-0.201339349150658	-0.574802888224404	0.373463539073746	14.327135544698	FALSE
ridge314_primary	Factor3	19	TCGA-LN-A8HZ	2	-0.255193203687668	-0.169528288206379	-0.085664915481289	10.3751365562012	FALSE
ridge314_primary	Factor3	19	TCGA-LN-A8I0	2	0.738435983657837	0.203623207206973	0.534812776450864	10.3751365562012	FALSE
ridge314_primary	Factor3	19	TCGA-LN-A8I1	3	-0.883404850959778	-0.251268567835511	-0.632136283124267	11.4165751607466	FALSE
ridge314_primary	Factor3	19	TCGA-LN-A9FO	4	-0.833663284778595	-0.63987448119083	-0.193788803587765	9.10878413234996	FALSE
ridge314_primary	Factor3	19	TCGA-LN-A9FP	1	-0.979387104511261	-0.415215538198053	-0.564171566313208	12.9394274170508	FALSE
ridge314_primary	Factor3	19	TCGA-LN-A9FQ	1	0.220510303974152	0.0994661492120463	0.121044154762106	12.9394274170508	FALSE
ridge314_primary	Factor3	19	TCGA-LN-A9FR	4	1.10569894313812	1.37871821722949	-0.273019274091368	9.10878413234996	FALSE
ridge314_primary	Factor3	19	TCGA-S8-A6BW	2	0.780785262584686	0.482967565834335	0.297817696750351	10.3751365562012	FALSE
ridge314_primary	Factor3	19	TCGA-V5-A7RC	4	-0.0385478101670742	0.59500078068801	-0.633548590855084	9.10878413234996	FALSE
ridge314_primary	Factor3	19	TCGA-V5-AASV	1	-0.244702532887459	-0.178551459764043	-0.0661510731234157	12.9394274170508	FALSE
ridge314_primary	Factor3	19	TCGA-VR-A8EO	5	-0.987205564975739	-0.110116579080626	-0.877088985895113	14.327135544698	FALSE
ridge314_primary	Factor3	19	TCGA-VR-A8EP	4	-1.18380069732666	-0.847070403917642	-0.336730293409018	9.10878413234996	FALSE
ridge314_primary	Factor3	19	TCGA-VR-A8ER	4	-0.510153234004974	-0.374103944663581	-0.136049289341394	9.10878413234996	FALSE
ridge314_primary	Factor3	19	TCGA-VR-A8ET	1	-0.199732303619385	0.128599848834717	-0.328332152454102	12.9394274170508	FALSE
ridge314_primary	Factor3	19	TCGA-VR-A8EU	4	1.37956213951111	0.680908107439784	0.698654032071326	9.10878413234996	FALSE
ridge314_primary	Factor3	19	TCGA-VR-A8EW	2	-0.138556256890297	-0.233266825456752	0.0947105685664548	10.3751365562012	FALSE
ridge314_primary	Factor3	19	TCGA-VR-A8EX	3	-1.58354938030243	-1.23819802194089	-0.345351358361542	11.4165751607466	FALSE
ridge314_primary	Factor3	19	TCGA-VR-A8EY	5	0.985304713249207	0.503371139270774	0.481933573978433	14.327135544698	FALSE
ridge314_primary	Factor3	19	TCGA-VR-A8EZ	3	-0.239988952875137	-0.234087934310442	-0.00590101856469524	11.4165751607466	FALSE
ridge314_primary	Factor3	19	TCGA-VR-AA4G	2	0.70863276720047	0.481140775865483	0.227491991334987	10.3751365562012	FALSE
ridge314_primary	Factor3	19	TCGA-VR-AA7I	1	0.97487473487854	0.502888280562095	0.471986454316445	12.9394274170508	FALSE
ridge314_primary	Factor3	19	TCGA-XP-A8T6	5	-0.733712792396545	-0.440119633666732	-0.293593158729813	14.327135544698	FALSE
ridge314_primary	Factor3	19	TCGA-XP-A8T8	3	-0.141721993684769	-0.0870845106595999	-0.0546374830251691	11.4165751607466	FALSE
ridge314_primary	Factor3	19	TCGA-Z6-A8JD	4	0.0697099044919014	0.535166289807351	-0.465456385315449	9.10878413234996	FALSE
ridge314_primary	Factor3	19	TCGA-Z6-A8JE	3	-1.0555659532547	-0.219043746546241	-0.836522206708459	11.4165751607466	FALSE
ridge314_primary	Factor3	19	TCGA-Z6-A9VB	5	-0.622409760951996	-0.611356990911784	-0.0110527700402124	14.327135544698	FALSE
ridge314_primary	Factor3	19	TCGA-Z6-AAPN	3	-0.0728011429309845	0.251387666120288	-0.324188809051273	11.4165751607466	FALSE
ridge314_primary	Factor3	20	TCGA-IG-A3I8	5	0.115762770175934	-0.0551023414351447	0.170865111611079	8.74426625077855	FALSE
ridge314_primary	Factor3	20	TCGA-IG-A3QL	3	0.31697490811348	-0.274174311523485	0.591149219636965	11.0996835116184	FALSE
ridge314_primary	Factor3	20	TCGA-IG-A3YA	4	-0.74126535654068	-1.20291524053811	0.461649883997433	10.3490804304133	FALSE
ridge314_primary	Factor3	20	TCGA-IG-A3YB	1	-1.19830191135407	-0.854059864599131	-0.34424204675494	8.85547623755136	FALSE
ridge314_primary	Factor3	20	TCGA-IG-A3YC	5	-0.470650941133499	-0.458379624343362	-0.0122713167901372	8.74426625077855	FALSE
ridge314_primary	Factor3	20	TCGA-IG-A4P3	1	-1.35126984119415	-1.829037513124	0.477767671929854	8.85547623755136	FALSE
ridge314_primary	Factor3	20	TCGA-IG-A50L	2	0.829516172409058	0.641159634026027	0.188356538383031	15.4448798405167	FALSE
ridge314_primary	Factor3	20	TCGA-IG-A51D	2	0.400122225284576	0.281895763060915	0.118226462223661	15.4448798405167	FALSE
ridge314_primary	Factor3	20	TCGA-IG-A5B8	2	0.946748554706573	0.480599428656071	0.466149126050502	15.4448798405167	FALSE
ridge314_primary	Factor3	20	TCGA-IG-A5S3	2	-1.59015285968781	-0.591965041927998	-0.998187817759812	15.4448798405167	FALSE
ridge314_primary	Factor3	20	TCGA-IG-A625	4	-1.36808097362518	-0.785659471033442	-0.582421502591738	10.3490804304133	FALSE
ridge314_primary	Factor3	20	TCGA-IG-A6QS	4	1.79084122180939	0.692634064654865	1.09820715715452	10.3490804304133	FALSE
ridge314_primary	Factor3	20	TCGA-IG-A8O2	2	-1.80665290355682	-0.552666132666775	-1.25398677089004	15.4448798405167	FALSE
ridge314_primary	Factor3	20	TCGA-IG-A97H	1	1.14828658103943	0.664683391436512	0.483603189602918	8.85547623755136	FALSE
ridge314_primary	Factor3	20	TCGA-IG-A97I	1	0.778580486774445	0.512066778543308	0.266513708231137	8.85547623755136	FALSE
ridge314_primary	Factor3	20	TCGA-JY-A6FD	5	0.203392699360847	0.641297602837545	-0.437904903476698	8.74426625077855	FALSE
ridge314_primary	Factor3	20	TCGA-JY-A6FE	4	0.0588032715022564	0.47213374070823	-0.413330469205974	10.3490804304133	FALSE
ridge314_primary	Factor3	20	TCGA-JY-A6FG	3	0.835813820362091	0.204167237351347	0.631646583010744	11.0996835116184	FALSE
ridge314_primary	Factor3	20	TCGA-JY-A93F	3	0.716243803501129	0.317996301658477	0.398247501842652	11.0996835116184	FALSE
ridge314_primary	Factor3	20	TCGA-KH-A6WC	3	-1.09358608722687	-1.07309030059925	-0.0204957866276247	11.0996835116184	FALSE
ridge314_primary	Factor3	20	TCGA-L5-A43J	1	0.964678287506104	0.665836673804131	0.298841613701973	8.85547623755136	FALSE
ridge314_primary	Factor3	20	TCGA-L5-A4OM	5	-0.743738412857056	-0.582534580397678	-0.161203832459378	8.74426625077855	FALSE
ridge314_primary	Factor3	20	TCGA-L5-A88S	5	0.522524893283844	0.904873713279337	-0.382348819995493	8.74426625077855	FALSE
ridge314_primary	Factor3	20	TCGA-L5-A88W	2	1.53448259830475	0.610215255966781	0.92426734233797	15.4448798405167	FALSE
ridge314_primary	Factor3	20	TCGA-L5-A88Z	1	-0.1108428388834	-0.319307509186177	0.208464670302777	8.85547623755136	FALSE
ridge314_primary	Factor3	20	TCGA-L5-A8NK	5	-0.836946427822113	-0.625156016966652	-0.211790410855462	8.74426625077855	FALSE
ridge314_primary	Factor3	20	TCGA-L5-A8NQ	5	-0.843329191207886	-0.164661269830537	-0.678667921377349	8.74426625077855	FALSE
ridge314_primary	Factor3	20	TCGA-L7-A56G	2	-0.702840089797974	-0.28793881949897	-0.414901270299004	15.4448798405167	FALSE
ridge314_primary	Factor3	20	TCGA-LN-A49M	4	1.83668255805969	0.821191850129596	1.01549070793009	10.3490804304133	FALSE
ridge314_primary	Factor3	20	TCGA-LN-A49O	5	1.74763762950897	1.05535454475887	0.692283084750105	8.74426625077855	FALSE
ridge314_primary	Factor3	20	TCGA-LN-A49P	1	-0.922378957271576	-0.808511209191798	-0.113867748079778	8.85547623755136	FALSE
ridge314_primary	Factor3	20	TCGA-LN-A49S	4	-1.6580855846405	-0.796142832205719	-0.861942752434781	10.3490804304133	FALSE
ridge314_primary	Factor3	20	TCGA-LN-A49U	3	1.75135540962219	0.544814178160448	1.20654123146174	11.0996835116184	FALSE
ridge314_primary	Factor3	20	TCGA-LN-A49W	1	-0.175947621464729	-0.836843435218098	0.660895813753369	8.85547623755136	FALSE
ridge314_primary	Factor3	20	TCGA-LN-A49X	4	0.994174003601074	0.671862371223879	0.322311632377195	10.3490804304133	FALSE
ridge314_primary	Factor3	20	TCGA-LN-A49Y	1	-1.22085618972778	-0.153437885927202	-1.06741830380058	8.85547623755136	FALSE
ridge314_primary	Factor3	20	TCGA-LN-A4A1	1	1.53539943695068	1.21810742464685	0.317292012303832	8.85547623755136	FALSE
ridge314_primary	Factor3	20	TCGA-LN-A4A3	3	-0.141764670610428	0.314383387623381	-0.456148058233809	11.0996835116184	FALSE
ridge314_primary	Factor3	20	TCGA-LN-A4A4	4	0.275420069694519	0.341656406206117	-0.0662363365115975	10.3490804304133	FALSE
ridge314_primary	Factor3	20	TCGA-LN-A4A5	3	-0.168166160583496	0.173153553387451	-0.341319713970947	11.0996835116184	FALSE
ridge314_primary	Factor3	20	TCGA-LN-A4A8	3	-0.979195892810822	-0.43405943725985	-0.545136455550972	11.0996835116184	FALSE
ridge314_primary	Factor3	20	TCGA-LN-A4A9	5	1.34573674201965	0.91121741203824	0.43451932998141	8.74426625077855	FALSE
ridge314_primary	Factor3	20	TCGA-LN-A4MQ	3	-0.989262342453003	-0.912554681121396	-0.076707661331607	11.0996835116184	FALSE
ridge314_primary	Factor3	20	TCGA-LN-A5U5	2	-1.18550705909729	-0.528360884334961	-0.657146174762329	15.4448798405167	FALSE
ridge314_primary	Factor3	20	TCGA-LN-A5U6	3	1.12891924381256	0.691043830514857	0.437875413297703	11.0996835116184	FALSE
ridge314_primary	Factor3	20	TCGA-LN-A5U7	3	1.3964010477066	0.455881286104804	0.940519761601796	11.0996835116184	FALSE
ridge314_primary	Factor3	20	TCGA-LN-A7HV	4	0.355938613414764	-0.0219414090653208	0.377880022480085	10.3490804304133	FALSE
ridge314_primary	Factor3	20	TCGA-LN-A7HW	3	0.733534455299377	0.489203257930127	0.24433119736925	11.0996835116184	FALSE
ridge314_primary	Factor3	20	TCGA-LN-A7HX	3	1.50342726707459	0.722170212561227	0.781257054513363	11.0996835116184	FALSE
ridge314_primary	Factor3	20	TCGA-LN-A7HY	4	-0.501575231552124	0.131141251684223	-0.632716483236347	10.3490804304133	FALSE
ridge314_primary	Factor3	20	TCGA-LN-A7HZ	2	-0.201339349150658	-0.436013553482379	0.234674204331721	15.4448798405167	FALSE
ridge314_primary	Factor3	20	TCGA-LN-A8HZ	4	-0.255193203687668	-0.187794408556729	-0.0673987951309395	10.3490804304133	FALSE
ridge314_primary	Factor3	20	TCGA-LN-A8I0	4	0.738435983657837	0.233305978403806	0.505130005254031	10.3490804304133	FALSE
ridge314_primary	Factor3	20	TCGA-LN-A8I1	2	-0.883404850959778	-0.160302549838085	-0.723102301121693	15.4448798405167	FALSE
ridge314_primary	Factor3	20	TCGA-LN-A9FO	1	-0.833663284778595	-0.695947803825077	-0.137715480953518	8.85547623755136	FALSE
ridge314_primary	Factor3	20	TCGA-LN-A9FP	5	-0.979387104511261	-0.372617707371148	-0.606769397140113	8.74426625077855	FALSE
ridge314_primary	Factor3	20	TCGA-LN-A9FQ	5	0.220510303974152	0.0779294353953364	0.142580868578816	8.74426625077855	FALSE
ridge314_primary	Factor3	20	TCGA-LN-A9FR	2	1.10569894313812	1.1928320419876	-0.0871330988494849	15.4448798405167	FALSE
ridge314_primary	Factor3	20	TCGA-S8-A6BW	1	0.780785262584686	0.554603937634965	0.226181324949721	8.85547623755136	FALSE
ridge314_primary	Factor3	20	TCGA-V5-A7RC	5	-0.0385478101670742	0.604722425058034	-0.643270235225108	8.74426625077855	FALSE
ridge314_primary	Factor3	20	TCGA-V5-AASV	3	-0.244702532887459	-0.214825346505134	-0.0298771863823253	11.0996835116184	FALSE
ridge314_primary	Factor3	20	TCGA-VR-A8EO	1	-0.987205564975739	-0.0631736836388656	-0.924031881336873	8.85547623755136	FALSE
ridge314_primary	Factor3	20	TCGA-VR-A8EP	5	-1.18380069732666	-0.840271882637238	-0.343528814689422	8.74426625077855	FALSE
ridge314_primary	Factor3	20	TCGA-VR-A8ER	2	-0.510153234004974	-0.338825917180391	-0.171327316824583	15.4448798405167	FALSE
ridge314_primary	Factor3	20	TCGA-VR-A8ET	5	-0.199732303619385	0.166869687595701	-0.366601991215086	8.74426625077855	FALSE
ridge314_primary	Factor3	20	TCGA-VR-A8EU	4	1.37956213951111	0.619543882782504	0.760018256728606	10.3490804304133	FALSE
ridge314_primary	Factor3	20	TCGA-VR-A8EW	1	-0.138556256890297	-0.168843140187655	0.030286883297358	8.85547623755136	FALSE
ridge314_primary	Factor3	20	TCGA-VR-A8EX	1	-1.58354938030243	-1.4712827894909	-0.112266590811528	8.85547623755136	FALSE
ridge314_primary	Factor3	20	TCGA-VR-A8EY	2	0.985304713249207	0.49286334727684	0.492441365972367	15.4448798405167	FALSE
ridge314_primary	Factor3	20	TCGA-VR-A8EZ	3	-0.239988952875137	-0.282852020726217	0.0428630678510795	11.0996835116184	FALSE
ridge314_primary	Factor3	20	TCGA-VR-AA4G	4	0.70863276720047	0.451451009679568	0.257181757520902	10.3490804304133	FALSE
ridge314_primary	Factor3	20	TCGA-VR-AA7I	3	0.97487473487854	0.573268686115792	0.401606048762748	11.0996835116184	FALSE
ridge314_primary	Factor3	20	TCGA-XP-A8T6	2	-0.733712792396545	-0.389256302850555	-0.34445648954599	15.4448798405167	FALSE
ridge314_primary	Factor3	20	TCGA-XP-A8T8	2	-0.141721993684769	-0.0365790041830416	-0.105142989501727	15.4448798405167	FALSE
ridge314_primary	Factor3	20	TCGA-Z6-A8JD	2	0.0697099044919014	0.379351899328796	-0.309641994836895	15.4448798405167	FALSE
ridge314_primary	Factor3	20	TCGA-Z6-A8JE	4	-1.0555659532547	-0.177488839468606	-0.878077113786094	10.3490804304133	FALSE
ridge314_primary	Factor3	20	TCGA-Z6-A9VB	1	-0.622409760951996	-0.701032469082249	0.0786227081302533	8.85547623755136	FALSE
ridge314_primary	Factor3	20	TCGA-Z6-AAPN	5	-0.0728011429309845	0.247596539069131	-0.320397682000115	8.74426625077855	FALSE
